{"type":"FeatureCollection","features":[{"type":"Feature","geometry":{"type":"Polygon","coordinates":[[[103.9123,21.35564],[103.91183,21.3588],[103.91104,21.3587],[103.90616,21.35509],[103.90494,21.35388],[103.90494,21.35388],[103.90481,21.35368],[103.9045,21.35313],[103.90463,21.35309],[103.90655,21.35212],[103.90751,21.34946],[103.90744,21.34834],[103.9074,21.34816],[103.90735,21.34793],[103.90728,21.34771],[103.90721,21.34748],[103.90711,21.34729],[103.90697,21.34713],[103.90692,21.3471],[103.9067,21.34705],[103.90657,21.34702],[103.90568,21.34695],[103.89985,21.34548],[103.89952,21.34539],[103.89866,21.34453],[103.89623,21.34154],[103.89621,21.3415],[103.89619,21.34146],[103.89597,21.34079],[103.89595,21.34072],[103.89595,21.34066],[103.89597,21.34052],[103.89599,21.34041],[103.89607,21.34011],[103.89638,21.33916],[103.8967,21.33843],[103.89721,21.3373],[103.89777,21.33586],[103.898,21.33492],[103.89775,21.33385],[103.89769,21.33376],[103.89764,21.3337],[103.89696,21.3332],[103.89783,21.33116],[103.8995,21.3308],[103.90635,21.32715],[103.90693,21.32672],[103.90785,21.32573],[103.90747,21.3244],[103.90707,21.32438],[103.90653,21.32405],[103.90603,21.32365],[103.90564,21.32333],[103.90543,21.32253],[103.90539,21.32236],[103.90538,21.3223],[103.90538,21.32225],[103.90539,21.32218],[103.90543,21.32207],[103.90781,21.32042],[103.90843,21.32009],[103.90945,21.31973],[103.91034,21.31959],[103.91034,21.31964],[103.91035,21.31972],[103.91035,21.31974],[103.90947,21.32262],[103.9092,21.32307],[103.9088,21.32373],[103.90826,21.32435],[103.90818,21.32448],[103.90814,21.32462],[103.90814,21.32474],[103.90834,21.32518],[103.90883,21.32625],[103.90884,21.32628],[103.91026,21.32613],[103.91114,21.32582],[103.91258,21.32509],[103.91281,21.32497],[103.91934,21.32098],[103.92083,21.31618],[103.9234,21.31235],[103.92538,21.31108],[103.92687,21.30959],[103.92744,21.30884],[103.92744,21.30883],[103.92745,21.30882],[103.92746,21.3088],[103.92862,21.3049],[103.92825,21.30418],[103.92768,21.30366],[103.92624,21.3016],[103.92894,21.29955],[103.92895,21.29954],[103.92944,21.29938],[103.9337,21.30048],[103.93688,21.29979],[103.93782,21.297],[103.93885,21.29511],[103.93939,21.29576],[103.94037,21.29693],[103.94265,21.29643],[103.94433,21.29434],[103.94453,21.2941],[103.94487,21.29376],[103.945,21.29364],[103.94519,21.29366],[103.94523,21.29367],[103.94527,21.29369],[103.94535,21.29376],[103.948,21.29603],[103.9481,21.29612],[103.94814,21.29617],[103.94901,21.29743],[103.94883,21.29753],[103.94867,21.29759],[103.94844,21.29766],[103.9481,21.29771],[103.94367,21.30206],[103.94197,21.30563],[103.93939,21.30898],[103.93704,21.30733],[103.93551,21.3071],[103.93536,21.30713],[103.93521,21.30717],[103.93495,21.30729],[103.93442,21.30753],[103.93415,21.30768],[103.9318,21.3093],[103.9322,21.3098],[103.93257,21.31114],[103.93248,21.31393],[103.93167,21.31454],[103.93153,21.3146],[103.93074,21.31448],[103.93017,21.31437],[103.92928,21.31393],[103.92918,21.31386],[103.92913,21.31378],[103.92904,21.31351],[103.92892,21.31335],[103.92856,21.31304],[103.92822,21.31284],[103.92762,21.31309],[103.92693,21.3134],[103.92679,21.31348],[103.92606,21.31432],[103.92489,21.31651],[103.92487,21.3168],[103.9252,21.31855],[103.92534,21.31892],[103.92549,21.31922],[103.92647,21.31998],[103.92796,21.32099],[103.92891,21.32134],[103.93021,21.32178],[103.93405,21.32381],[103.93568,21.32471],[103.94153,21.31824],[103.94312,21.31996],[103.94651,21.32123],[103.94694,21.3225],[103.94292,21.32551],[103.9409,21.32719],[103.93941,21.32929],[103.93907,21.33098],[103.93396,21.33333],[103.9308,21.33595],[103.9282,21.33814],[103.92797,21.33827],[103.92776,21.33834],[103.92251,21.33958],[103.91296,21.34098],[103.91209,21.34114],[103.91179,21.34119],[103.91222,21.34399],[103.91289,21.34876],[103.91268,21.35303],[103.9123,21.35564]]]},"properties":{"commune_code":"03646","commune_name":"Phường Tô Hiệu","commune_kind":"PHUONG","province_code":"14","province_name":"Tỉnh Sơn La","area_km2":11.92,"valid_from":"16/6/2025","published":"13/07/2025","area_km2_geom":12.002282213519303,"quality_flag":null,"population":51293.0,"population_wp":51289.69093059003,"anchor_ratio":1.0000645172421578,"pop_source":"WORLDPOP2025_ANCHORED_VNSDI","pop_density_ppkm2":4273.603893618153,"n_stations":4,"n_ports":45,"power_kw_site":1265.5,"ports_per_10k_pop":8.773126937398866,"util_mean_port_weighted":0.1477228500641901,"dist_station_m_pop_weighted":1264.2712959265598}},{"type":"Feature","geometry":{"type":"Polygon","coordinates":[[[103.8669,21.4418],[103.86028,21.44258],[103.8595,21.44235],[103.85916,21.44209],[103.85873,21.44146],[103.85818,21.4406],[103.85731,21.43942],[103.85608,21.43832],[103.85504,21.43743],[103.85476,21.43724],[103.85451,21.43709],[103.85145,21.4369],[103.84615,21.43601],[103.84371,21.43466],[103.84122,21.43311],[103.83832,21.43113],[103.83712,21.42891],[103.83483,21.42603],[103.83456,21.42598],[103.83367,21.42616],[103.83289,21.42635],[103.83272,21.42643],[103.83313,21.42418],[103.83318,21.41857],[103.83216,21.41476],[103.82806,21.41326],[103.8188,21.40866],[103.81335,21.40222],[103.81072,21.40057],[103.80841,21.3949],[103.80838,21.39197],[103.80954,21.38853],[103.8101,21.38746],[103.8125,21.38398],[103.81798,21.38116],[103.82119,21.37811],[103.81983,21.3758],[103.81828,21.37396],[103.81466,21.37068],[103.81239,21.36546],[103.81239,21.36241],[103.81413,21.35895],[103.8151,21.35821],[103.81781,21.35776],[103.82335,21.35791],[103.82608,21.35836],[103.8272,21.36124],[103.82931,21.36339],[103.83164,21.36345],[103.83831,21.36262],[103.83959,21.36245],[103.84047,21.36181],[103.83983,21.35038],[103.83972,21.34868],[103.84035,21.34925],[103.84163,21.34978],[103.849,21.35045],[103.8521,21.35079],[103.853,21.35042],[103.85799,21.34758],[103.85804,21.34756],[103.85809,21.34755],[103.85818,21.34754],[103.85904,21.34744],[103.85913,21.34743],[103.85928,21.34743],[103.85952,21.34743],[103.85986,21.34744],[103.86197,21.34746],[103.86317,21.34775],[103.86323,21.34783],[103.86509,21.34882],[103.86529,21.34892],[103.86566,21.34907],[103.86662,21.34933],[103.8693,21.3494],[103.87038,21.3479],[103.87671,21.34338],[103.87651,21.33804],[103.87605,21.33615],[103.87603,21.33603],[103.87603,21.33583],[103.87606,21.33563],[103.87608,21.3355],[103.8763,21.33472],[103.88009,21.32787],[103.88014,21.32782],[103.88024,21.32773],[103.88028,21.32771],[103.88055,21.32756],[103.88449,21.32618],[103.88524,21.32643],[103.88594,21.32676],[103.88618,21.32693],[103.88628,21.32702],[103.88631,21.32706],[103.88636,21.32712],[103.88644,21.32723],[103.88648,21.3273],[103.88651,21.32736],[103.88671,21.32798],[103.88675,21.3281],[103.8868,21.32841],[103.88679,21.32861],[103.88673,21.32917],[103.88675,21.3294],[103.88681,21.32974],[103.88702,21.33047],[103.88732,21.33131],[103.88745,21.33159],[103.88756,21.33174],[103.88765,21.33188],[103.88858,21.33324],[103.89155,21.33379],[103.89608,21.33337],[103.89696,21.3332],[103.89764,21.3337],[103.89769,21.33376],[103.89775,21.33385],[103.898,21.33492],[103.89777,21.33586],[103.89721,21.3373],[103.8967,21.33843],[103.89638,21.33916],[103.89607,21.34011],[103.89599,21.34041],[103.89597,21.34052],[103.89595,21.34066],[103.89595,21.34072],[103.89597,21.34079],[103.89619,21.34146],[103.89621,21.3415],[103.89623,21.34154],[103.89866,21.34453],[103.89952,21.34539],[103.89985,21.34548],[103.90568,21.34695],[103.90657,21.34702],[103.9067,21.34705],[103.90692,21.3471],[103.90697,21.34713],[103.90711,21.34729],[103.90721,21.34748],[103.90728,21.34771],[103.90735,21.34793],[103.9074,21.34816],[103.90744,21.34834],[103.90751,21.34946],[103.90655,21.35212],[103.90463,21.35309],[103.9045,21.35313],[103.90481,21.35368],[103.90494,21.35388],[103.90494,21.35388],[103.90616,21.35509],[103.91104,21.3587],[103.91183,21.3588],[103.9123,21.35564],[103.91268,21.35303],[103.91289,21.34876],[103.91222,21.34399],[103.91179,21.34119],[103.91209,21.34114],[103.91296,21.34098],[103.92251,21.33958],[103.92776,21.33834],[103.92797,21.33827],[103.9282,21.33814],[103.9308,21.33595],[103.93396,21.33333],[103.93907,21.33098],[103.93939,21.33098],[103.94019,21.33098],[103.94119,21.3312],[103.94283,21.33167],[103.94746,21.3349],[103.95053,21.33759],[103.95087,21.33896],[103.9534,21.34484],[103.95912,21.35098],[103.95927,21.35111],[103.95937,21.35117],[103.96094,21.352],[103.96123,21.35215],[103.96214,21.35228],[103.96285,21.35235],[103.96292,21.35235],[103.96311,21.35234],[103.96322,21.35233],[103.9635,21.35229],[103.96437,21.35205],[103.9648,21.35164],[103.96549,21.35089],[103.96793,21.35031],[103.96797,21.3503],[103.96799,21.3503],[103.96801,21.3503],[103.96816,21.35029],[103.97064,21.35042],[103.97068,21.35043],[103.97079,21.3505],[103.97169,21.35136],[103.97064,21.35222],[103.97029,21.35256],[103.97006,21.35281],[103.96984,21.35306],[103.97062,21.35826],[103.97102,21.35969],[103.97698,21.36334],[103.98172,21.36592],[103.98288,21.36649],[103.98371,21.36683],[103.98504,21.367],[103.98411,21.36869],[103.98221,21.37404],[103.98297,21.37451],[103.98362,21.3751],[103.98337,21.37574],[103.98227,21.37809],[103.98082,21.38041],[103.97735,21.3858],[103.97544,21.39067],[103.97138,21.39967],[103.96979,21.40305],[103.96728,21.40236],[103.96446,21.40253],[103.9611,21.40404],[103.95916,21.40636],[103.95939,21.40904],[103.95953,21.41224],[103.95874,21.41424],[103.95843,21.41479],[103.95792,21.4155],[103.95717,21.41637],[103.95644,21.41662],[103.95541,21.4167],[103.95435,21.41643],[103.95297,21.41573],[103.95158,21.41564],[103.9504,21.41583],[103.94437,21.41816],[103.94331,21.41869],[103.94122,21.42056],[103.93715,21.42373],[103.93353,21.42563],[103.93005,21.42616],[103.92689,21.42661],[103.92316,21.42678],[103.91537,21.42684],[103.91093,21.42639],[103.91013,21.42562],[103.90773,21.42528],[103.90587,21.42552],[103.90462,21.42601],[103.90469,21.42767],[103.90499,21.43108],[103.90447,21.4319],[103.90222,21.43255],[103.89247,21.4336],[103.8902,21.43391],[103.88777,21.43406],[103.8846,21.43412],[103.88102,21.43391],[103.87889,21.43821],[103.87554,21.44039],[103.87083,21.44077],[103.8669,21.4418]]]},"properties":{"commune_code":"03664","commune_name":"Phường Chiềng An","commune_kind":"PHUONG","province_code":"14","province_name":"Tỉnh Sơn La","area_km2":149.08,"valid_from":"16/6/2025","published":"13/07/2025","area_km2_geom":148.40646595110135,"quality_flag":null,"population":20322.0,"population_wp":17629.849917054176,"anchor_ratio":1.1527040840172769,"pop_source":"WORLDPOP2025_ANCHORED_VNSDI","pop_density_ppkm2":136.93473441174675,"n_stations":0,"n_ports":0,"power_kw_site":0.0,"ports_per_10k_pop":0.0,"util_mean_port_weighted":null,"dist_station_m_pop_weighted":6514.023669195042}},{"type":"Feature","geometry":{"type":"MultiPolygon","coordinates":[[[[103.94041,21.31489],[103.94043,21.31619],[103.94097,21.31751],[103.94153,21.31823],[103.94153,21.31824],[103.93568,21.32471],[103.93405,21.32381],[103.93021,21.32178],[103.92891,21.32134],[103.92796,21.32099],[103.92647,21.31998],[103.92549,21.31922],[103.92534,21.31892],[103.9252,21.31855],[103.92487,21.3168],[103.92489,21.31651],[103.92606,21.31432],[103.92679,21.31348],[103.92693,21.3134],[103.92762,21.31309],[103.92822,21.31284],[103.92856,21.31304],[103.92892,21.31335],[103.92904,21.31351],[103.92913,21.31378],[103.92918,21.31386],[103.92928,21.31393],[103.93017,21.31437],[103.93074,21.31448],[103.93153,21.3146],[103.93167,21.31454],[103.93248,21.31393],[103.93257,21.31114],[103.9322,21.3098],[103.9318,21.3093],[103.93415,21.30768],[103.93442,21.30753],[103.93495,21.30729],[103.93521,21.30717],[103.93536,21.30713],[103.93551,21.3071],[103.93556,21.30711],[103.9357,21.30715],[103.93584,21.3072],[103.9359,21.30724],[103.9365,21.30769],[103.93858,21.30984],[103.93922,21.3106],[103.93939,21.31083],[103.93958,21.31109],[103.93972,21.31134],[103.94065,21.31355],[103.94041,21.31489]]],[[[103.85913,21.34743],[103.85904,21.34744],[103.85818,21.34754],[103.85809,21.34755],[103.85804,21.34756],[103.85799,21.34758],[103.853,21.35042],[103.8521,21.35079],[103.849,21.35045],[103.84163,21.34978],[103.84035,21.34925],[103.83972,21.34868],[103.83967,21.34606],[103.83709,21.34334],[103.83696,21.34178],[103.83755,21.34063],[103.83884,21.33895],[103.83889,21.33821],[103.83783,21.33641],[103.83578,21.33512],[103.83205,21.33009],[103.83153,21.32802],[103.83178,21.32747],[103.83336,21.32624],[103.8319,21.32154],[103.83175,21.32145],[103.83159,21.32145],[103.83126,21.32152],[103.83098,21.32161],[103.83047,21.32181],[103.83,21.32182],[103.82978,21.3218],[103.82953,21.32167],[103.82868,21.32101],[103.82818,21.32056],[103.82808,21.3204],[103.828,21.32027],[103.82796,21.32014],[103.82717,21.3161],[103.82714,21.31574],[103.82726,21.31534],[103.82736,21.31525],[103.82752,21.31516],[103.82783,21.31501],[103.82943,21.30943],[103.82806,21.30209],[103.82038,21.30313],[103.81706,21.30373],[103.81698,21.30404],[103.81613,21.30461],[103.81571,21.30487],[103.81549,21.30493],[103.81404,21.30524],[103.81337,21.30537],[103.80875,21.30536],[103.80831,21.30531],[103.80742,21.30506],[103.80734,21.30503],[103.80692,21.30491],[103.80638,21.30473],[103.8056,21.30444],[103.80487,21.30407],[103.80409,21.30359],[103.80264,21.30254],[103.80263,21.30231],[103.80388,21.30079],[103.80892,21.29551],[103.81242,21.29278],[103.81877,21.28796],[103.82356,21.2829],[103.8246,21.28212],[103.82691,21.28072],[103.82838,21.2799],[103.83162,21.27901],[103.83349,21.27819],[103.83458,21.27719],[103.83503,21.27627],[103.83822,21.27492],[103.83948,21.2747],[103.84507,21.27475],[103.85397,21.26961],[103.85437,21.2687],[103.85542,21.26678],[103.85651,21.26495],[103.85789,21.26326],[103.86385,21.2583],[103.87112,21.25367],[103.87563,21.25044],[103.87991,21.2463],[103.88005,21.24597],[103.8802,21.24574],[103.88064,21.24532],[103.88071,21.24526],[103.88578,21.24618],[103.88714,21.24767],[103.88928,21.24836],[103.8958,21.24945],[103.89738,21.24903],[103.89913,21.24842],[103.89963,21.25211],[103.90009,21.25396],[103.90072,21.25633],[103.90081,21.25665],[103.90223,21.25666],[103.90699,21.25909],[103.913,21.26216],[103.91709,21.26359],[103.92289,21.26926],[103.92536,21.27105],[103.93286,21.27228],[103.93292,21.27229],[103.9349,21.27214],[103.93516,21.27199],[103.9363,21.27086],[103.93704,21.26936],[103.93743,21.26795],[103.93779,21.26767],[103.93799,21.26757],[103.93907,21.26825],[103.94102,21.26964],[103.94378,21.27194],[103.94552,21.27308],[103.94579,21.27316],[103.94269,21.27397],[103.94185,21.27539],[103.94008,21.27839],[103.94045,21.27939],[103.94093,21.27946],[103.94124,21.28182],[103.93752,21.28719],[103.93471,21.2909],[103.93364,21.29138],[103.93393,21.29175],[103.93413,21.29195],[103.93428,21.29207],[103.93819,21.29483],[103.93885,21.29511],[103.93782,21.297],[103.93688,21.29979],[103.9337,21.30048],[103.92944,21.29938],[103.92895,21.29954],[103.92894,21.29955],[103.92624,21.3016],[103.92768,21.30366],[103.92825,21.30418],[103.92862,21.3049],[103.92746,21.3088],[103.92745,21.30882],[103.92744,21.30883],[103.92744,21.30884],[103.92687,21.30959],[103.92538,21.31108],[103.9234,21.31235],[103.92083,21.31618],[103.91934,21.32098],[103.91281,21.32497],[103.91258,21.32509],[103.91114,21.32582],[103.91026,21.32613],[103.90884,21.32628],[103.90883,21.32625],[103.90834,21.32518],[103.90814,21.32474],[103.90814,21.32462],[103.90818,21.32448],[103.90826,21.32435],[103.9088,21.32373],[103.9092,21.32307],[103.90947,21.32262],[103.91035,21.31974],[103.91035,21.31972],[103.91034,21.31964],[103.91034,21.31959],[103.90945,21.31973],[103.90843,21.32009],[103.90781,21.32042],[103.90543,21.32207],[103.90539,21.32218],[103.90538,21.32225],[103.90538,21.3223],[103.90539,21.32236],[103.90543,21.32253],[103.90564,21.32333],[103.90603,21.32365],[103.90653,21.32405],[103.90707,21.32438],[103.90747,21.3244],[103.90785,21.32573],[103.90693,21.32672],[103.90635,21.32715],[103.8995,21.3308],[103.89783,21.33116],[103.89696,21.3332],[103.89608,21.33337],[103.89155,21.33379],[103.88858,21.33324],[103.88765,21.33188],[103.88756,21.33174],[103.88745,21.33159],[103.88732,21.33131],[103.88702,21.33047],[103.88681,21.32974],[103.88675,21.3294],[103.88673,21.32917],[103.88679,21.32861],[103.8868,21.32841],[103.88675,21.3281],[103.88671,21.32798],[103.88651,21.32736],[103.88648,21.3273],[103.88644,21.32723],[103.88636,21.32712],[103.88631,21.32706],[103.88628,21.32702],[103.88618,21.32693],[103.88594,21.32676],[103.88524,21.32643],[103.88449,21.32618],[103.88055,21.32756],[103.88028,21.32771],[103.88024,21.32773],[103.88014,21.32782],[103.88009,21.32787],[103.8763,21.33472],[103.87608,21.3355],[103.87606,21.33563],[103.87603,21.33583],[103.87603,21.33603],[103.87605,21.33615],[103.87651,21.33804],[103.87671,21.34338],[103.87038,21.3479],[103.8693,21.3494],[103.86662,21.34933],[103.86566,21.34907],[103.86529,21.34892],[103.86509,21.34882],[103.86323,21.34783],[103.86317,21.34775],[103.86197,21.34746],[103.85986,21.34744],[103.85952,21.34743],[103.85928,21.34743],[103.85913,21.34743]]]]},"properties":{"commune_code":"03670","commune_name":"Phường Chiềng Cơi","commune_kind":"PHUONG","province_code":"14","province_name":"Tỉnh Sơn La","area_km2":93.56,"valid_from":"16/6/2025","published":"13/07/2025","area_km2_geom":93.48881342369015,"quality_flag":null,"population":22694.0,"population_wp":21130.524519508705,"anchor_ratio":1.07399132373869,"pop_source":"WORLDPOP2025_ANCHORED_VNSDI","pop_density_ppkm2":242.74562023962238,"n_stations":4,"n_ports":36,"power_kw_site":1510.5,"ports_per_10k_pop":15.86322375958403,"util_mean_port_weighted":0.23770341108931145,"dist_station_m_pop_weighted":4429.180388064024}},{"type":"Feature","geometry":{"type":"Polygon","coordinates":[[[103.99504,21.36741],[103.99458,21.36753],[103.99233,21.36676],[103.99006,21.36584],[103.98751,21.36495],[103.98716,21.36501],[103.98686,21.3651],[103.98666,21.36518],[103.98654,21.36526],[103.98618,21.36551],[103.98577,21.36582],[103.98537,21.36615],[103.98531,21.36622],[103.98523,21.36632],[103.98513,21.3666],[103.98504,21.367],[103.98371,21.36683],[103.98288,21.36649],[103.98172,21.36592],[103.97698,21.36334],[103.97102,21.35969],[103.97062,21.35826],[103.96984,21.35306],[103.97006,21.35281],[103.97029,21.35256],[103.97064,21.35222],[103.97169,21.35136],[103.97079,21.3505],[103.97068,21.35043],[103.97064,21.35042],[103.96816,21.35029],[103.96801,21.3503],[103.96799,21.3503],[103.96797,21.3503],[103.96793,21.35031],[103.96549,21.35089],[103.9648,21.35164],[103.96437,21.35205],[103.9635,21.35229],[103.96322,21.35233],[103.96311,21.35234],[103.96292,21.35235],[103.96285,21.35235],[103.96214,21.35228],[103.96123,21.35215],[103.96094,21.352],[103.95937,21.35117],[103.95927,21.35111],[103.95912,21.35098],[103.9534,21.34484],[103.95087,21.33896],[103.95053,21.33759],[103.94746,21.3349],[103.94283,21.33167],[103.94119,21.3312],[103.94019,21.33098],[103.93939,21.33098],[103.93907,21.33098],[103.93941,21.32929],[103.9409,21.32719],[103.94292,21.32551],[103.94694,21.3225],[103.94651,21.32123],[103.94312,21.31996],[103.94153,21.31824],[103.94153,21.31823],[103.94097,21.31751],[103.94043,21.31619],[103.94041,21.31489],[103.94065,21.31355],[103.93972,21.31134],[103.93958,21.31109],[103.93939,21.31083],[103.93922,21.3106],[103.93858,21.30984],[103.9365,21.30769],[103.9359,21.30724],[103.93584,21.3072],[103.9357,21.30715],[103.93556,21.30711],[103.93551,21.3071],[103.93704,21.30733],[103.93939,21.30898],[103.94197,21.30563],[103.94367,21.30206],[103.9481,21.29771],[103.94844,21.29766],[103.94867,21.29759],[103.94883,21.29753],[103.94901,21.29743],[103.94814,21.29617],[103.9481,21.29612],[103.948,21.29603],[103.94535,21.29376],[103.94527,21.29369],[103.94523,21.29367],[103.94519,21.29366],[103.945,21.29364],[103.94487,21.29376],[103.94453,21.2941],[103.94433,21.29434],[103.94265,21.29643],[103.94037,21.29693],[103.93939,21.29576],[103.93885,21.29511],[103.93819,21.29483],[103.93428,21.29207],[103.93413,21.29195],[103.93393,21.29175],[103.93364,21.29138],[103.93471,21.2909],[103.93752,21.28719],[103.94124,21.28182],[103.94093,21.27946],[103.94045,21.27939],[103.94008,21.27839],[103.94185,21.27539],[103.94269,21.27397],[103.94579,21.27316],[103.94618,21.27195],[103.94651,21.27144],[103.94706,21.27112],[103.94707,21.27111],[103.94773,21.27093],[103.94785,21.27095],[103.94792,21.27098],[103.94799,21.27107],[103.94968,21.2729],[103.95251,21.27578],[103.95358,21.27614],[103.95388,21.27595],[103.95739,21.27232],[103.96017,21.26953],[103.96206,21.26845],[103.96246,21.26822],[103.96259,21.26815],[103.96292,21.26807],[103.96314,21.26804],[103.96342,21.26802],[103.96369,21.26802],[103.96557,21.26656],[103.96674,21.26364],[103.96703,21.26291],[103.96691,21.26004],[103.97147,21.25908],[103.97371,21.25993],[103.97674,21.26294],[103.97866,21.26344],[103.98005,21.26315],[103.98112,21.26193],[103.98193,21.25947],[103.98742,21.25915],[103.99294,21.25677],[103.99711,21.2563],[103.99741,21.2565],[103.99801,21.25691],[103.99897,21.25757],[103.9993,21.25788],[104.00402,21.25928],[104.00985,21.25445],[104.01172,21.24976],[104.016,21.24832],[104.01922,21.25098],[104.02117,21.25258],[104.02577,21.25528],[104.02641,21.25563],[104.02721,21.25608],[104.02736,21.25621],[104.02856,21.25743],[104.02892,21.25858],[104.02891,21.2595],[104.02412,21.26608],[104.02041,21.27317],[104.02041,21.27338],[104.0203,21.27351],[104.01789,21.27467],[104.01604,21.27551],[104.01552,21.27571],[104.01501,21.27586],[104.01214,21.27584],[104.00435,21.28631],[104.00147,21.29069],[104.00133,21.29106],[104.00126,21.29123],[104.00125,21.29137],[104.00135,21.29151],[104.00173,21.29194],[104.00503,21.2944],[104.00659,21.29689],[104.00919,21.30107],[104.00813,21.30335],[104.00629,21.305],[104.00589,21.30526],[104.00503,21.30555],[104.00364,21.30562],[104.0031,21.30552],[104.00276,21.30537],[103.99964,21.30598],[103.99549,21.31243],[103.99484,21.31699],[103.996,21.31711],[103.99726,21.3175],[103.9976,21.31766],[103.99794,21.31796],[103.99843,21.31851],[103.99861,21.31876],[103.9994,21.3199],[103.99951,21.32013],[103.99967,21.32054],[104.0003,21.32257],[104.00029,21.32357],[103.99882,21.32518],[103.99873,21.32526],[103.99862,21.32533],[103.99841,21.32544],[103.99798,21.32548],[103.9972,21.32539],[103.9947,21.32785],[103.9921,21.33173],[103.99188,21.33434],[103.99491,21.33821],[103.99887,21.33907],[103.99961,21.33839],[104.00189,21.33889],[104.0024,21.33907],[104.00339,21.3395],[104.00502,21.34027],[104.00543,21.34068],[104.00654,21.3418],[104.00695,21.34242],[104.00733,21.34318],[104.00748,21.34392],[104.00747,21.34405],[104.00747,21.34414],[104.00421,21.34834],[104.00314,21.34963],[104.00215,21.35286],[104.00115,21.35648],[104.00106,21.35915],[103.99831,21.36605],[103.99765,21.36638],[103.99682,21.36678],[103.99579,21.3672],[103.99504,21.36741]]]},"properties":{"commune_code":"03679","commune_name":"Phường Chiềng Sinh","commune_kind":"PHUONG","province_code":"14","province_name":"Tỉnh Sơn La","area_km2":68.4,"valid_from":"16/6/2025","published":"13/07/2025","area_km2_geom":68.41787346499896,"quality_flag":null,"population":27099.0,"population_wp":27209.86353358999,"anchor_ratio":0.9959256122893402,"pop_source":"WORLDPOP2025_ANCHORED_VNSDI","pop_density_ppkm2":396.08071148050567,"n_stations":7,"n_ports":105,"power_kw_site":2739.5,"ports_per_10k_pop":38.74681722572789,"util_mean_port_weighted":0.09917790456803645,"dist_station_m_pop_weighted":2109.3385489288144}},{"type":"Feature","geometry":{"type":"Polygon","coordinates":[[[103.54751,22.02906],[103.54407,22.02989],[103.54291,22.02988],[103.54157,22.02987],[103.5354,22.02787],[103.52596,22.0248],[103.51777,22.01928],[103.51356,22.01431],[103.51229,22.0118],[103.51241,22.0092],[103.51256,22.00875],[103.51261,22.00858],[103.51327,22.00662],[103.51358,22.0029],[103.51256,21.99905],[103.51246,21.99867],[103.51249,21.99597],[103.5134,21.9927],[103.51313,21.99079],[103.51015,21.98677],[103.50744,21.98502],[103.50222,21.98215],[103.50029,21.98014],[103.49868,21.9764],[103.4968,21.97112],[103.49677,21.97103],[103.49972,21.96901],[103.50118,21.96767],[103.50223,21.96671],[103.50403,21.96391],[103.50642,21.95615],[103.50571,21.95562],[103.504,21.95434],[103.50237,21.95313],[103.49767,21.94964],[103.49761,21.94948],[103.49682,21.94759],[103.49675,21.94535],[103.49211,21.94291],[103.49176,21.94291],[103.49045,21.94212],[103.48741,21.94028],[103.48596,21.93863],[103.48598,21.93672],[103.48674,21.93468],[103.4872,21.93264],[103.48402,21.92962],[103.4832,21.92749],[103.48302,21.92702],[103.48309,21.92652],[103.48364,21.92253],[103.48366,21.92239],[103.48281,21.9198],[103.4797,21.9163],[103.47963,21.91622],[103.47937,21.91404],[103.48022,21.91188],[103.48087,21.91024],[103.4811,21.91006],[103.48601,21.90633],[103.48696,21.90499],[103.48735,21.90444],[103.4868,21.9013],[103.4859,21.89958],[103.48569,21.89918],[103.48451,21.89692],[103.48496,21.8949],[103.48512,21.8942],[103.48673,21.892],[103.48872,21.88537],[103.49362,21.87643],[103.49585,21.87452],[103.49598,21.8744],[103.4968,21.87424],[103.49978,21.87362],[103.5037,21.87366],[103.50503,21.87367],[103.50796,21.87315],[103.51003,21.87017],[103.51058,21.86947],[103.51299,21.86643],[103.51308,21.86631],[103.51313,21.86625],[103.51929,21.86358],[103.52139,21.86207],[103.52267,21.86116],[103.52315,21.85707],[103.52391,21.85381],[103.52682,21.84811],[103.52689,21.84797],[103.52919,21.84235],[103.52928,21.84214],[103.52961,21.8386],[103.5292,21.83741],[103.52826,21.83468],[103.52819,21.8345],[103.5299,21.8332],[103.53084,21.83248],[103.53353,21.83202],[103.53393,21.83195],[103.53464,21.83183],[103.53659,21.8308],[103.53742,21.83035],[103.54008,21.82683],[103.54011,21.82674],[103.54085,21.82343],[103.53973,21.81852],[103.53963,21.81801],[103.5389,21.81429],[103.53976,21.81142],[103.54041,21.80926],[103.54148,21.80766],[103.54148,21.80766],[103.54152,21.80795],[103.54348,21.80859],[103.54531,21.80905],[103.5499,21.80942],[103.55536,21.80744],[103.56318,21.81155],[103.566,21.81334],[103.56872,21.81512],[103.57255,21.81793],[103.57768,21.82081],[103.58227,21.82307],[103.58788,21.82453],[103.59103,21.82494],[103.59659,21.8267],[103.59971,21.82824],[103.60324,21.82882],[103.61267,21.82985],[103.61672,21.82924],[103.62218,21.82796],[103.62405,21.82646],[103.62507,21.8257],[103.62654,21.82462],[103.6267,21.82453],[103.63046,21.82275],[103.63177,21.82229],[103.6346,21.82551],[103.63788,21.82811],[103.63921,21.82834],[103.64,21.82827],[103.64591,21.83007],[103.65136,21.83218],[103.65609,21.83122],[103.67233,21.82825],[103.67895,21.82466],[103.67951,21.82471],[103.68072,21.82498],[103.68119,21.82509],[103.68152,21.82526],[103.68237,21.82577],[103.68252,21.82587],[103.68266,21.82601],[103.68278,21.82618],[103.68407,21.82734],[103.68618,21.8281],[103.68752,21.82836],[103.68789,21.82843],[103.69589,21.8292],[103.69584,21.82937],[103.69579,21.83484],[103.69579,21.83533],[103.69602,21.83795],[103.69804,21.83963],[103.69954,21.84034],[103.70261,21.84181],[103.70552,21.84421],[103.70622,21.8469],[103.70725,21.8509],[103.71051,21.85664],[103.71366,21.86074],[103.71391,21.86107],[103.71715,21.86461],[103.72232,21.87566],[103.72229,21.87888],[103.72049,21.88029],[103.71103,21.8843],[103.70873,21.8846],[103.70566,21.88517],[103.7046,21.88704],[103.70411,21.8879],[103.70478,21.89293],[103.70495,21.89424],[103.70554,21.89863],[103.70448,21.90338],[103.70034,21.9099],[103.69396,21.91356],[103.69347,21.91384],[103.6897,21.91601],[103.68367,21.92048],[103.68361,21.92063],[103.68315,21.92198],[103.68301,21.92238],[103.68627,21.92801],[103.68901,21.93287],[103.68903,21.93291],[103.68861,21.93767],[103.68703,21.94278],[103.68433,21.94525],[103.67833,21.9458],[103.67258,21.94683],[103.66981,21.94839],[103.66919,21.94874],[103.66656,21.95023],[103.66475,21.95284],[103.66056,21.96352],[103.65976,21.96792],[103.65974,21.96976],[103.6597,21.97375],[103.6585,21.97981],[103.65682,21.98218],[103.65399,21.98442],[103.65244,21.98667],[103.65228,21.99012],[103.65174,21.99127],[103.65084,21.99321],[103.64751,21.99449],[103.6442,21.99434],[103.6441,21.99429],[103.63798,21.99096],[103.63416,21.99057],[103.63094,21.99179],[103.63019,21.99208],[103.618,21.99877],[103.61755,21.99906],[103.61524,22.00054],[103.61423,22.00119],[103.61086,22.00419],[103.60786,22.00831],[103.60506,22.01071],[103.60152,22.01215],[103.59948,22.01256],[103.59948,22.01256],[103.59214,22.01406],[103.59061,22.01447],[103.58499,22.01598],[103.58006,22.0175],[103.57003,22.01949],[103.56928,22.01982],[103.56724,22.02074],[103.56724,22.02074],[103.56342,22.02245],[103.56011,22.0236],[103.55412,22.02566],[103.54771,22.02895],[103.54751,22.02906]]]},"properties":{"commune_code":"03688","commune_name":"Xã Mường Chiên","commune_kind":"XA","province_code":"14","province_name":"Tỉnh Sơn La","area_km2":382.2,"valid_from":"16/6/2025","published":"13/07/2025","area_km2_geom":393.9333101230704,"quality_flag":null,"population":14028.0,"population_wp":13564.805404704064,"anchor_ratio":1.0341467924881036,"pop_source":"WORLDPOP2025_ANCHORED_VNSDI","pop_density_ppkm2":35.61008840714042,"n_stations":0,"n_ports":0,"power_kw_site":0.0,"ports_per_10k_pop":0.0,"util_mean_port_weighted":null,"dist_station_m_pop_weighted":39830.75902457583}},{"type":"Feature","geometry":{"type":"Polygon","coordinates":[[[103.65609,21.83122],[103.65136,21.83218],[103.64591,21.83007],[103.64,21.82827],[103.63921,21.82834],[103.63788,21.82811],[103.6346,21.82551],[103.63177,21.82229],[103.63046,21.82275],[103.6267,21.82453],[103.62654,21.82462],[103.62507,21.8257],[103.62405,21.82646],[103.62218,21.82796],[103.61672,21.82924],[103.61267,21.82985],[103.60324,21.82882],[103.59971,21.82824],[103.59659,21.8267],[103.59103,21.82494],[103.58788,21.82453],[103.58227,21.82307],[103.57768,21.82081],[103.57255,21.81793],[103.56872,21.81512],[103.566,21.81334],[103.56318,21.81155],[103.55536,21.80744],[103.5499,21.80942],[103.54531,21.80905],[103.54348,21.80859],[103.54152,21.80795],[103.54148,21.80766],[103.54148,21.80766],[103.54194,21.80697],[103.54603,21.80086],[103.54637,21.79705],[103.54608,21.79593],[103.54482,21.79104],[103.54345,21.78724],[103.54231,21.7841],[103.54151,21.7811],[103.54131,21.77738],[103.54324,21.77426],[103.54797,21.7705],[103.54883,21.76981],[103.55233,21.76707],[103.55382,21.76591],[103.55687,21.76311],[103.55691,21.76307],[103.55899,21.75941],[103.55933,21.75807],[103.55999,21.75545],[103.56081,21.7522],[103.56273,21.74936],[103.56502,21.74709],[103.56546,21.74665],[103.56627,21.74585],[103.56981,21.74152],[103.57263,21.7365],[103.57327,21.7349],[103.57532,21.72983],[103.57769,21.72405],[103.58068,21.72562],[103.58147,21.72622],[103.58181,21.72739],[103.58183,21.72841],[103.58181,21.72965],[103.58191,21.73023],[103.58222,21.73091],[103.58234,21.73112],[103.58572,21.73338],[103.58612,21.73355],[103.59382,21.73543],[103.60445,21.73853],[103.60855,21.74008],[103.61272,21.74155],[103.61345,21.74174],[103.61499,21.74212],[103.61598,21.74189],[103.6183,21.74035],[103.61912,21.73965],[103.62274,21.73524],[103.62421,21.73322],[103.6259,21.72844],[103.62851,21.72365],[103.62932,21.72244],[103.63194,21.71944],[103.63514,21.71604],[103.63627,21.71445],[103.63852,21.71111],[103.63887,21.70991],[103.64009,21.70747],[103.64041,21.70685],[103.64119,21.70586],[103.6421,21.7048],[103.64325,21.70415],[103.6447,21.70449],[103.64974,21.70614],[103.65439,21.70801],[103.65526,21.7079],[103.65791,21.70743],[103.6588,21.70651],[103.65964,21.70558],[103.66003,21.70514],[103.66046,21.70478],[103.66157,21.70452],[103.66195,21.70444],[103.66409,21.70487],[103.66418,21.70491],[103.66426,21.70499],[103.66437,21.70519],[103.66574,21.70861],[103.66613,21.71055],[103.66598,21.7109],[103.66581,21.71145],[103.66569,21.71197],[103.66567,21.71219],[103.66573,21.71233],[103.66591,21.71274],[103.66608,21.71308],[103.66622,21.7133],[103.66636,21.71352],[103.66642,21.71359],[103.66657,21.71374],[103.67372,21.71916],[103.67411,21.71933],[103.67453,21.71944],[103.67493,21.71946],[103.67591,21.71942],[103.68564,21.71714],[103.68878,21.71505],[103.69198,21.70853],[103.6942,21.70559],[103.69487,21.70486],[103.69497,21.70477],[103.70347,21.69924],[103.70347,21.69923],[103.70609,21.69824],[103.70881,21.69775],[103.71806,21.69632],[103.7197,21.69654],[103.72104,21.69669],[103.72155,21.69675],[103.72352,21.69671],[103.72399,21.6967],[103.72399,21.6967],[103.72444,21.69664],[103.72462,21.69655],[103.72934,21.69335],[103.7309,21.69226],[103.73096,21.69222],[103.73106,21.69214],[103.73112,21.69206],[103.73119,21.69195],[103.73123,21.69187],[103.7313,21.69142],[103.73375,21.68846],[103.7378,21.68658],[103.73785,21.68654],[103.73828,21.68614],[103.74059,21.68321],[103.74055,21.68232],[103.73973,21.68044],[103.73837,21.67845],[103.73781,21.67752],[103.73776,21.67692],[103.73833,21.67561],[103.73842,21.67541],[103.73866,21.6751],[103.74497,21.66856],[103.74961,21.66583],[103.75068,21.66577],[103.75238,21.66575],[103.75477,21.66783],[103.75522,21.6686],[103.75527,21.66956],[103.75474,21.67194],[103.75487,21.674],[103.75511,21.67538],[103.7563,21.68061],[103.75682,21.68143],[103.75683,21.68145],[103.75707,21.6817],[103.75734,21.68188],[103.7579,21.68225],[103.76718,21.68762],[103.76979,21.68909],[103.77457,21.69135],[103.77849,21.69277],[103.78042,21.69441],[103.78352,21.69711],[103.78489,21.6985],[103.78626,21.70024],[103.79056,21.70569],[103.79466,21.71083],[103.80062,21.71627],[103.80563,21.72102],[103.81003,21.73084],[103.81007,21.73108],[103.81012,21.73155],[103.81,21.73415],[103.80966,21.73478],[103.80752,21.7375],[103.80928,21.73852],[103.80811,21.73853],[103.80527,21.73988],[103.80465,21.74018],[103.80258,21.74433],[103.80243,21.7451],[103.7986,21.75102],[103.79666,21.75226],[103.79523,21.75475],[103.79403,21.75771],[103.79393,21.75796],[103.79086,21.76032],[103.78433,21.76349],[103.78224,21.76609],[103.78214,21.76621],[103.779,21.77524],[103.77875,21.77595],[103.77605,21.77867],[103.77005,21.77993],[103.76584,21.78041],[103.76103,21.78095],[103.75921,21.78116],[103.75512,21.78303],[103.75394,21.78672],[103.75428,21.79136],[103.75539,21.79477],[103.75776,21.80211],[103.75822,21.80723],[103.75685,21.80898],[103.75655,21.80936],[103.75348,21.81029],[103.74127,21.8099],[103.73687,21.80934],[103.7298,21.80844],[103.72317,21.80863],[103.71882,21.8105],[103.71878,21.81055],[103.71676,21.81287],[103.71468,21.81809],[103.7116,21.82057],[103.70963,21.82177],[103.70814,21.82268],[103.70523,21.82314],[103.70473,21.82322],[103.70022,21.82393],[103.69677,21.82593],[103.69589,21.8292],[103.68789,21.82843],[103.68752,21.82836],[103.68618,21.8281],[103.68407,21.82734],[103.68278,21.82618],[103.68266,21.82601],[103.68252,21.82587],[103.68237,21.82577],[103.68152,21.82526],[103.68119,21.82509],[103.68072,21.82498],[103.67951,21.82471],[103.67895,21.82466],[103.67233,21.82825],[103.65609,21.83122]]]},"properties":{"commune_code":"03694","commune_name":"Xã Mường Giôn","commune_kind":"XA","province_code":"14","province_name":"Tỉnh Sơn La","area_km2":290.54,"valid_from":"16/6/2025","published":"13/07/2025","area_km2_geom":291.7050249108148,"quality_flag":null,"population":16145.0,"population_wp":14278.511470194906,"anchor_ratio":1.1307201057828205,"pop_source":"WORLDPOP2025_ANCHORED_VNSDI","pop_density_ppkm2":55.34700680914267,"n_stations":0,"n_ports":0,"power_kw_site":0.0,"ports_per_10k_pop":0.0,"util_mean_port_weighted":null,"dist_station_m_pop_weighted":23455.09975611536}},{"type":"Feature","geometry":{"type":"Polygon","coordinates":[[[103.61598,21.74189],[103.61499,21.74212],[103.61345,21.74174],[103.61272,21.74155],[103.60855,21.74008],[103.60445,21.73853],[103.59382,21.73543],[103.58612,21.73355],[103.58572,21.73338],[103.58234,21.73112],[103.58222,21.73091],[103.58191,21.73023],[103.58181,21.72965],[103.58183,21.72841],[103.58181,21.72739],[103.58147,21.72622],[103.58068,21.72562],[103.57769,21.72405],[103.58378,21.71384],[103.58542,21.7099],[103.58559,21.70884],[103.58587,21.70705],[103.5862,21.705],[103.5874,21.70147],[103.58945,21.69719],[103.59156,21.69278],[103.5933,21.68931],[103.59331,21.68929],[103.59632,21.68328],[103.59693,21.68029],[103.59666,21.67784],[103.59537,21.67551],[103.59527,21.67554],[103.59304,21.67617],[103.58995,21.6786],[103.58975,21.67885],[103.58654,21.68292],[103.58568,21.68401],[103.58232,21.68494],[103.57803,21.68344],[103.57752,21.68326],[103.57086,21.6798],[103.56854,21.67773],[103.56843,21.67739],[103.56803,21.67625],[103.56755,21.67486],[103.56612,21.67212],[103.563,21.66964],[103.5592,21.66314],[103.55907,21.66234],[103.55853,21.65884],[103.55761,21.65674],[103.55739,21.65624],[103.55465,21.65376],[103.55052,21.65246],[103.55005,21.65231],[103.54579,21.65096],[103.54276,21.64834],[103.54281,21.64765],[103.54283,21.64728],[103.54293,21.64589],[103.54754,21.64049],[103.54927,21.63845],[103.55041,21.63713],[103.55535,21.6314],[103.55708,21.62939],[103.55949,21.62608],[103.55951,21.62605],[103.55975,21.62644],[103.56077,21.62703],[103.56543,21.62762],[103.56732,21.6291],[103.56878,21.63031],[103.57986,21.63078],[103.58529,21.63161],[103.58632,21.63132],[103.58988,21.62727],[103.58408,21.62099],[103.58855,21.62129],[103.59648,21.62045],[103.59939,21.62502],[103.603,21.627],[103.60503,21.62725],[103.60834,21.62634],[103.61285,21.62382],[103.61406,21.62271],[103.61692,21.62041],[103.61959,21.62236],[103.6219,21.62227],[103.62219,21.62213],[103.62478,21.61851],[103.62689,21.61513],[103.62765,21.61479],[103.63244,21.61755],[103.63496,21.6231],[103.63707,21.62136],[103.64156,21.61733],[103.64243,21.61642],[103.64899,21.60941],[103.64962,21.60481],[103.65279,21.60187],[103.65326,21.60166],[103.65511,21.60138],[103.65577,21.60118],[103.65629,21.60066],[103.65773,21.59855],[103.65917,21.59521],[103.65422,21.59278],[103.65033,21.59315],[103.64415,21.5923],[103.64103,21.59182],[103.63658,21.58687],[103.63596,21.58702],[103.63468,21.5873],[103.63436,21.58735],[103.63409,21.58734],[103.63386,21.58728],[103.63359,21.58718],[103.62887,21.58211],[103.62798,21.58026],[103.62789,21.57942],[103.62759,21.57307],[103.62855,21.56728],[103.62875,21.56647],[103.62927,21.56536],[103.62996,21.56413],[103.63034,21.56358],[103.631,21.56323],[103.63135,21.5631],[103.63184,21.56292],[103.63333,21.5617],[103.6335,21.56154],[103.63894,21.55527],[103.6433,21.54905],[103.64609,21.54272],[103.64996,21.54027],[103.65389,21.54172],[103.65647,21.54091],[103.65753,21.54027],[103.66077,21.53879],[103.66336,21.53868],[103.66608,21.53986],[103.66663,21.53956],[103.66852,21.53583],[103.66961,21.53462],[103.66985,21.53451],[103.67001,21.53446],[103.67147,21.53579],[103.6722,21.53639],[103.67316,21.53709],[103.67363,21.53735],[103.6743,21.53767],[103.67531,21.53815],[103.67557,21.53827],[103.67623,21.53851],[103.67757,21.53894],[103.67777,21.53898],[103.67868,21.53921],[103.68169,21.53969],[103.6833,21.53908],[103.68517,21.53812],[103.68939,21.53486],[103.69147,21.53326],[103.70277,21.52578],[103.70297,21.52566],[103.70383,21.52523],[103.7082,21.52438],[103.70965,21.5275],[103.71,21.52808],[103.71067,21.52914],[103.71112,21.5296],[103.71139,21.52985],[103.71145,21.5299],[103.71177,21.53016],[103.71227,21.53039],[103.71473,21.53131],[103.71503,21.53141],[103.71536,21.53146],[103.71573,21.53149],[103.71708,21.53147],[103.71732,21.53144],[103.71793,21.53137],[103.71904,21.53126],[103.72041,21.53113],[103.72043,21.53113],[103.72074,21.53112],[103.72113,21.5311],[103.72168,21.53119],[103.72386,21.53155],[103.7252,21.53186],[103.72639,21.5322],[103.72691,21.53239],[103.72742,21.53276],[103.72755,21.53315],[103.72928,21.53583],[103.73051,21.53687],[103.73431,21.53835],[103.73501,21.53858],[103.73782,21.53937],[103.73835,21.5395],[103.73889,21.53948],[103.73944,21.53936],[103.74002,21.53918],[103.74033,21.53912],[103.74059,21.5391],[103.74086,21.53909],[103.74164,21.53919],[103.74239,21.5394],[103.74171,21.53933],[103.74139,21.53939],[103.74056,21.53977],[103.73974,21.54022],[103.73942,21.54047],[103.73878,21.54101],[103.73855,21.54113],[103.73719,21.54159],[103.73424,21.5422],[103.73364,21.54228],[103.73334,21.5423],[103.73313,21.54229],[103.73273,21.54226],[103.73133,21.54204],[103.73112,21.54197],[103.7307,21.54182],[103.73039,21.54169],[103.72654,21.54118],[103.72625,21.54117],[103.72581,21.54122],[103.72414,21.5415],[103.71843,21.54337],[103.71072,21.55273],[103.71029,21.55331],[103.70828,21.55595],[103.70824,21.55601],[103.70708,21.55862],[103.70653,21.56171],[103.70649,21.56198],[103.70555,21.56733],[103.70355,21.57128],[103.69947,21.57551],[103.69135,21.58146],[103.68645,21.58558],[103.68487,21.5879],[103.68296,21.59374],[103.68129,21.60017],[103.68051,21.60237],[103.68013,21.60346],[103.67671,21.60934],[103.67656,21.6096],[103.67308,21.61556],[103.67234,21.61805],[103.67227,21.61831],[103.67243,21.61993],[103.67403,21.6235],[103.67401,21.62599],[103.67244,21.63045],[103.67255,21.63109],[103.68078,21.6329],[103.68974,21.63463],[103.69363,21.63637],[103.70034,21.6414],[103.70195,21.64281],[103.70497,21.64569],[103.7064,21.64741],[103.70995,21.65221],[103.711,21.65376],[103.71134,21.65483],[103.71101,21.65751],[103.71093,21.658],[103.71078,21.65848],[103.71049,21.65896],[103.70964,21.65979],[103.70842,21.66067],[103.70812,21.66094],[103.70787,21.66129],[103.70722,21.66259],[103.7071,21.66288],[103.70653,21.66457],[103.71029,21.66545],[103.71348,21.66531],[103.71811,21.66319],[103.72185,21.66057],[103.72685,21.65597],[103.72988,21.65417],[103.73436,21.65249],[103.73474,21.65235],[103.73858,21.65092],[103.75193,21.64406],[103.75482,21.64286],[103.75666,21.6421],[103.76134,21.64016],[103.76597,21.63737],[103.76955,21.63293],[103.76986,21.63236],[103.77405,21.62468],[103.77532,21.62121],[103.77553,21.6174],[103.77609,21.61342],[103.77665,21.61061],[103.77808,21.60814],[103.781,21.60545],[103.78148,21.60501],[103.79075,21.5963],[103.802,21.58462],[103.80217,21.58434],[103.80398,21.58132],[103.80506,21.57851],[103.80581,21.57338],[103.80676,21.57125],[103.80805,21.57275],[103.81045,21.57984],[103.80953,21.58812],[103.81073,21.59456],[103.81174,21.59598],[103.81248,21.59715],[103.81282,21.5985],[103.81287,21.5987],[103.81308,21.5996],[103.8131,21.59997],[103.81044,21.60607],[103.8083,21.60721],[103.80825,21.60701],[103.80822,21.60695],[103.80815,21.60686],[103.80786,21.60649],[103.80691,21.60562],[103.80602,21.60506],[103.80351,21.60459],[103.79726,21.60395],[103.7964,21.60403],[103.79571,21.60409],[103.79645,21.60662],[103.79669,21.60742],[103.79685,21.6079],[103.79685,21.60791],[103.79697,21.60817],[103.79699,21.6082],[103.7971,21.60835],[103.79711,21.60837],[103.79714,21.60841],[103.79715,21.60843],[103.79775,21.60949],[103.79797,21.60998],[103.79858,21.61173],[103.79871,21.61224],[103.79874,21.61256],[103.79662,21.61224],[103.79574,21.61209],[103.79468,21.61119],[103.79359,21.6106],[103.79263,21.61011],[103.79245,21.61003],[103.79227,21.60999],[103.79207,21.61002],[103.79193,21.61005],[103.79133,21.61024],[103.79097,21.61041],[103.79061,21.61063],[103.78953,21.61145],[103.78938,21.6116],[103.78903,21.61215],[103.789,21.61227],[103.78836,21.61509],[103.78836,21.61521],[103.78857,21.6157],[103.78914,21.61638],[103.78924,21.61647],[103.78927,21.6165],[103.78929,21.61652],[103.78929,21.61652],[103.7893,21.61652],[103.78943,21.61661],[103.78947,21.61664],[103.79085,21.61716],[103.79109,21.61722],[103.79112,21.61723],[103.79113,21.61723],[103.79137,21.61727],[103.79138,21.61727],[103.79168,21.6173],[103.7917,21.6173],[103.79194,21.61726],[103.79201,21.61724],[103.79206,21.61723],[103.79553,21.61796],[103.79646,21.61879],[103.79743,21.6204],[103.79745,21.62125],[103.79744,21.62144],[103.79741,21.62171],[103.79736,21.62199],[103.79724,21.62273],[103.79719,21.62281],[103.79669,21.62451],[103.79629,21.62598],[103.79758,21.62803],[103.80001,21.62988],[103.80269,21.63695],[103.80306,21.63951],[103.80306,21.63979],[103.80299,21.6402],[103.8029,21.64036],[103.79598,21.64736],[103.79119,21.6504],[103.78963,21.65112],[103.7895,21.65117],[103.7855,21.65287],[103.78529,21.65294],[103.78497,21.65297],[103.78474,21.65284],[103.7832,21.65183],[103.78167,21.65156],[103.78014,21.65131],[103.77907,21.65149],[103.77804,21.65206],[103.77737,21.65282],[103.7751,21.65524],[103.77111,21.65849],[103.76401,21.66422],[103.75986,21.66476],[103.75238,21.66575],[103.75068,21.66577],[103.74961,21.66583],[103.74497,21.66856],[103.73866,21.6751],[103.73842,21.67541],[103.73833,21.67561],[103.73776,21.67692],[103.73781,21.67752],[103.73837,21.67845],[103.73973,21.68044],[103.74055,21.68232],[103.74059,21.68321],[103.73828,21.68614],[103.73785,21.68654],[103.7378,21.68658],[103.73375,21.68846],[103.7313,21.69142],[103.73123,21.69187],[103.73119,21.69195],[103.73112,21.69206],[103.73106,21.69214],[103.73096,21.69222],[103.7309,21.69226],[103.72934,21.69335],[103.72462,21.69655],[103.72444,21.69664],[103.72399,21.6967],[103.72399,21.6967],[103.72352,21.69671],[103.72155,21.69675],[103.72104,21.69669],[103.7197,21.69654],[103.71806,21.69632],[103.70881,21.69775],[103.70609,21.69824],[103.70347,21.69923],[103.70347,21.69924],[103.69497,21.70477],[103.69487,21.70486],[103.6942,21.70559],[103.69198,21.70853],[103.68878,21.71505],[103.68564,21.71714],[103.67591,21.71942],[103.67493,21.71946],[103.67453,21.71944],[103.67411,21.71933],[103.67372,21.71916],[103.66657,21.71374],[103.66642,21.71359],[103.66636,21.71352],[103.66622,21.7133],[103.66608,21.71308],[103.66591,21.71274],[103.66573,21.71233],[103.66567,21.71219],[103.66569,21.71197],[103.66581,21.71145],[103.66598,21.7109],[103.66613,21.71055],[103.66574,21.70861],[103.66437,21.70519],[103.66426,21.70499],[103.66418,21.70491],[103.66409,21.70487],[103.66195,21.70444],[103.66157,21.70452],[103.66046,21.70478],[103.66003,21.70514],[103.65964,21.70558],[103.6588,21.70651],[103.65791,21.70743],[103.65526,21.7079],[103.65439,21.70801],[103.64974,21.70614],[103.6447,21.70449],[103.64325,21.70415],[103.6421,21.7048],[103.64119,21.70586],[103.64041,21.70685],[103.64009,21.70747],[103.63887,21.70991],[103.63852,21.71111],[103.63627,21.71445],[103.63514,21.71604],[103.63194,21.71944],[103.62932,21.72244],[103.62851,21.72365],[103.6259,21.72844],[103.62421,21.73322],[103.62274,21.73524],[103.61912,21.73965],[103.6183,21.74035],[103.61598,21.74189]]]},"properties":{"commune_code":"03703","commune_name":"Xã Quỳnh Nhai","commune_kind":"XA","province_code":"14","province_name":"Tỉnh Sơn La","area_km2":244.31,"valid_from":"16/6/2025","published":"13/07/2025","area_km2_geom":242.71346927134337,"quality_flag":null,"population":30553.999999999996,"population_wp":30311.92946388945,"anchor_ratio":1.0079859824297535,"pop_source":"WORLDPOP2025_ANCHORED_VNSDI","pop_density_ppkm2":125.88506147486162,"n_stations":2,"n_ports":8,"power_kw_site":480.0,"ports_per_10k_pop":2.6183151142239973,"util_mean_port_weighted":0.05930303329385445,"dist_station_m_pop_weighted":6879.66935263074}},{"type":"Feature","geometry":{"type":"Polygon","coordinates":[[[103.71348,21.66531],[103.71029,21.66545],[103.70653,21.66457],[103.7071,21.66288],[103.70722,21.66259],[103.70787,21.66129],[103.70812,21.66094],[103.70842,21.66067],[103.70964,21.65979],[103.71049,21.65896],[103.71078,21.65848],[103.71093,21.658],[103.71101,21.65751],[103.71134,21.65483],[103.711,21.65376],[103.70995,21.65221],[103.7064,21.64741],[103.70497,21.64569],[103.70195,21.64281],[103.70034,21.6414],[103.69363,21.63637],[103.68974,21.63463],[103.68078,21.6329],[103.67255,21.63109],[103.67244,21.63045],[103.67401,21.62599],[103.67403,21.6235],[103.67243,21.61993],[103.67227,21.61831],[103.67234,21.61805],[103.67308,21.61556],[103.67656,21.6096],[103.67671,21.60934],[103.68013,21.60346],[103.68051,21.60237],[103.68129,21.60017],[103.68296,21.59374],[103.68487,21.5879],[103.68645,21.58558],[103.69135,21.58146],[103.69947,21.57551],[103.70355,21.57128],[103.70555,21.56733],[103.70649,21.56198],[103.70653,21.56171],[103.70708,21.55862],[103.70824,21.55601],[103.70828,21.55595],[103.71029,21.55331],[103.71072,21.55273],[103.71843,21.54337],[103.72414,21.5415],[103.72581,21.54122],[103.72625,21.54117],[103.72654,21.54118],[103.73039,21.54169],[103.7307,21.54182],[103.73112,21.54197],[103.73133,21.54204],[103.73273,21.54226],[103.73313,21.54229],[103.73334,21.5423],[103.73364,21.54228],[103.73424,21.5422],[103.73719,21.54159],[103.73855,21.54113],[103.73878,21.54101],[103.73942,21.54047],[103.73974,21.54022],[103.74056,21.53977],[103.74139,21.53939],[103.74171,21.53933],[103.74239,21.5394],[103.7453,21.54341],[103.74538,21.54349],[103.74549,21.54357],[103.7456,21.54363],[103.74571,21.54367],[103.74589,21.54373],[103.74692,21.54387],[103.76068,21.54541],[103.76741,21.54635],[103.76945,21.54608],[103.7712,21.5456],[103.7745,21.54441],[103.77941,21.54209],[103.78227,21.54015],[103.78522,21.53817],[103.78563,21.53793],[103.78852,21.53642],[103.78953,21.53591],[103.79157,21.5349],[103.79725,21.53091],[103.79802,21.53275],[103.79966,21.53727],[103.79977,21.53761],[103.7998,21.53808],[103.79977,21.53832],[103.79972,21.53847],[103.79899,21.53969],[103.80142,21.54331],[103.80494,21.54602],[103.80504,21.54609],[103.80595,21.54674],[103.8086,21.54834],[103.81109,21.54975],[103.8144,21.55046],[103.81559,21.55035],[103.81607,21.55035],[103.81648,21.55046],[103.81696,21.55073],[103.81763,21.55119],[103.81801,21.55148],[103.81808,21.5516],[103.81815,21.55172],[103.81927,21.5538],[103.82069,21.55652],[103.82092,21.55707],[103.81584,21.55986],[103.81067,21.5638],[103.80816,21.56809],[103.80676,21.57125],[103.80581,21.57338],[103.80506,21.57851],[103.80398,21.58132],[103.80217,21.58434],[103.802,21.58462],[103.79075,21.5963],[103.78148,21.60501],[103.781,21.60545],[103.77808,21.60814],[103.77665,21.61061],[103.77609,21.61342],[103.77553,21.6174],[103.77532,21.62121],[103.77405,21.62468],[103.76986,21.63236],[103.76955,21.63293],[103.76597,21.63737],[103.76134,21.64016],[103.75666,21.6421],[103.75482,21.64286],[103.75193,21.64406],[103.73858,21.65092],[103.73474,21.65235],[103.73436,21.65249],[103.72988,21.65417],[103.72685,21.65597],[103.72185,21.66057],[103.71811,21.66319],[103.71348,21.66531]]]},"properties":{"commune_code":"03712","commune_name":"Xã Mường Sại","commune_kind":"XA","province_code":"14","province_name":"Tỉnh Sơn La","area_km2":122.94,"valid_from":"16/6/2025","published":"13/07/2025","area_km2_geom":122.93634160771947,"quality_flag":null,"population":9557.0,"population_wp":8191.612444534898,"anchor_ratio":1.1666811711015495,"pop_source":"WORLDPOP2025_ANCHORED_VNSDI","pop_density_ppkm2":77.73942086625337,"n_stations":0,"n_ports":0,"power_kw_site":0.0,"ports_per_10k_pop":0.0,"util_mean_port_weighted":null,"dist_station_m_pop_weighted":29475.91614409207}},{"type":"Feature","geometry":{"type":"Polygon","coordinates":[[[103.68304,21.49478],[103.68264,21.49478],[103.68232,21.49471],[103.682,21.49458],[103.68086,21.49372],[103.67477,21.48882],[103.67439,21.48831],[103.67412,21.48789],[103.67395,21.48736],[103.67365,21.4858],[103.67188,21.48378],[103.66902,21.48131],[103.66778,21.48027],[103.66723,21.47985],[103.66621,21.47925],[103.6656,21.47894],[103.66528,21.47883],[103.66494,21.47871],[103.66208,21.47776],[103.66198,21.47781],[103.66125,21.47853],[103.65816,21.48046],[103.65537,21.48214],[103.65521,21.48223],[103.65382,21.4829],[103.65248,21.48352],[103.64983,21.48342],[103.64957,21.48351],[103.64759,21.48433],[103.64764,21.48099],[103.64632,21.48076],[103.64196,21.47667],[103.64178,21.47649],[103.64168,21.47636],[103.64149,21.47605],[103.64111,21.47485],[103.63683,21.47594],[103.63619,21.47627],[103.63491,21.47754],[103.6322,21.4801],[103.63128,21.48086],[103.63113,21.48095],[103.63011,21.48145],[103.62794,21.47985],[103.62198,21.46753],[103.62197,21.46741],[103.62179,21.4661],[103.62035,21.46091],[103.62025,21.46075],[103.61938,21.45943],[103.61925,21.45927],[103.61914,21.45917],[103.6149,21.45584],[103.61005,21.45422],[103.60602,21.44875],[103.60152,21.44218],[103.59914,21.43689],[103.59829,21.43641],[103.5983,21.43631],[103.59836,21.43592],[103.59836,21.43565],[103.59831,21.43531],[103.59817,21.43487],[103.59718,21.43316],[103.59708,21.43302],[103.59286,21.42802],[103.58873,21.42172],[103.58459,21.41494],[103.58404,21.40903],[103.58559,21.40236],[103.58727,21.39715],[103.58763,21.3968],[103.58765,21.39678],[103.58766,21.39676],[103.5877,21.39672],[103.58771,21.39671],[103.58774,21.39658],[103.58815,21.39432],[103.58825,21.39323],[103.58813,21.39295],[103.58796,21.39274],[103.5934,21.39501],[103.59605,21.39714],[103.60138,21.4003],[103.6114,21.40378],[103.61394,21.40384],[103.61438,21.40394],[103.61641,21.40478],[103.61736,21.40522],[103.61988,21.40651],[103.62023,21.40676],[103.6206,21.40782],[103.62387,21.41199],[103.625,21.41294],[103.62695,21.41455],[103.62866,21.41669],[103.63228,21.42282],[103.63289,21.42411],[103.63493,21.42984],[103.63585,21.43303],[103.63587,21.43324],[103.63452,21.43626],[103.63443,21.43641],[103.63376,21.43755],[103.63347,21.43801],[103.63263,21.4393],[103.63105,21.44301],[103.63094,21.44371],[103.63617,21.45135],[103.63668,21.45198],[103.6443,21.45853],[103.6472,21.45544],[103.65134,21.45254],[103.65224,21.45048],[103.65037,21.44474],[103.65098,21.44205],[103.65144,21.44186],[103.65298,21.44248],[103.65326,21.4425],[103.65525,21.44111],[103.65798,21.43895],[103.65673,21.43512],[103.65716,21.43421],[103.65888,21.43097],[103.65889,21.43096],[103.66021,21.43172],[103.66474,21.43183],[103.66629,21.43176],[103.66645,21.43167],[103.66495,21.42814],[103.66743,21.42504],[103.66767,21.42475],[103.66833,21.42453],[103.66867,21.42445],[103.67102,21.4226],[103.67421,21.41899],[103.67623,21.4136],[103.68363,21.41147],[103.68707,21.41415],[103.69198,21.41481],[103.69221,21.41479],[103.69325,21.41457],[103.69562,21.41331],[103.69604,21.41135],[103.69629,21.41035],[103.69665,21.40974],[103.69688,21.40951],[103.69843,21.4086],[103.70051,21.40779],[103.70604,21.40599],[103.71161,21.40636],[103.71482,21.40626],[103.7171,21.40538],[103.71922,21.40253],[103.72026,21.40149],[103.72453,21.39945],[103.72743,21.39958],[103.72846,21.39458],[103.72816,21.39402],[103.7263,21.39092],[103.72427,21.38782],[103.72408,21.38692],[103.72678,21.38512],[103.72836,21.38248],[103.73127,21.38048],[103.73434,21.37978],[103.73892,21.3793],[103.73936,21.37926],[103.73993,21.37928],[103.74021,21.37933],[103.74108,21.37959],[103.74144,21.37971],[103.74425,21.38109],[103.74613,21.38214],[103.74949,21.38255],[103.75476,21.38136],[103.75897,21.38209],[103.76142,21.38349],[103.76428,21.38644],[103.76457,21.39109],[103.76459,21.39125],[103.76466,21.39151],[103.76485,21.39196],[103.76514,21.39257],[103.77082,21.39312],[103.77087,21.39619],[103.77109,21.39876],[103.7712,21.39856],[103.77127,21.39839],[103.77136,21.39818],[103.77223,21.3962],[103.77215,21.39478],[103.77577,21.39444],[103.7806,21.39742],[103.78561,21.395],[103.79158,21.39327],[103.79637,21.39112],[103.80503,21.38675],[103.80931,21.38433],[103.81123,21.384],[103.8125,21.38398],[103.8101,21.38746],[103.80812,21.38731],[103.80748,21.38751],[103.79945,21.39592],[103.79965,21.40292],[103.79935,21.40391],[103.79922,21.40425],[103.79893,21.40464],[103.7986,21.405],[103.79801,21.40558],[103.79786,21.4057],[103.79764,21.4058],[103.79616,21.40633],[103.79582,21.40644],[103.79567,21.40645],[103.79535,21.4064],[103.79518,21.4064],[103.79506,21.40642],[103.79378,21.40684],[103.79351,21.40695],[103.79149,21.41302],[103.78834,21.41631],[103.78254,21.41691],[103.77574,21.42111],[103.77203,21.42482],[103.77035,21.42801],[103.76629,21.43363],[103.76223,21.435],[103.76117,21.43582],[103.76146,21.43821],[103.7596,21.4417],[103.75792,21.44145],[103.75743,21.44139],[103.75704,21.44137],[103.75646,21.44144],[103.75576,21.44155],[103.75561,21.4416],[103.75554,21.44164],[103.75132,21.44647],[103.75023,21.44775],[103.74922,21.44898],[103.74866,21.44969],[103.74768,21.451],[103.74755,21.45128],[103.74715,21.45226],[103.74713,21.45237],[103.74716,21.45261],[103.74727,21.45325],[103.74736,21.45424],[103.74708,21.45533],[103.74683,21.45627],[103.74529,21.46092],[103.74333,21.46345],[103.74314,21.46363],[103.74267,21.46397],[103.73956,21.46549],[103.73631,21.46586],[103.73408,21.46606],[103.72809,21.46736],[103.72809,21.46742],[103.72809,21.46744],[103.72812,21.46749],[103.72814,21.46752],[103.72841,21.46778],[103.7322,21.47239],[103.72687,21.47291],[103.73171,21.48287],[103.73122,21.48329],[103.72884,21.48501],[103.72717,21.48587],[103.71973,21.48833],[103.71709,21.48829],[103.71289,21.48797],[103.70515,21.48891],[103.70384,21.48925],[103.69709,21.49301],[103.69613,21.49338],[103.69601,21.49339],[103.69568,21.49336],[103.69535,21.49333],[103.69449,21.49323],[103.69312,21.49277],[103.69183,21.4921],[103.69169,21.49202],[103.69153,21.49189],[103.69121,21.49156],[103.69049,21.49073],[103.69004,21.49017],[103.68982,21.48988],[103.68973,21.48982],[103.68961,21.48978],[103.68953,21.48976],[103.68939,21.48975],[103.68875,21.48975],[103.68849,21.4898],[103.68816,21.48991],[103.68782,21.49008],[103.68736,21.49035],[103.68706,21.49057],[103.68435,21.4928],[103.68334,21.49415],[103.68304,21.49478]]]},"properties":{"commune_code":"03721","commune_name":"Xã Thuận Châu","commune_kind":"XA","province_code":"14","province_name":"Tỉnh Sơn La","area_km2":132.83,"valid_from":"16/6/2025","published":"13/07/2025","area_km2_geom":135.3996098518451,"quality_flag":null,"population":46958.0,"population_wp":49423.9355506897,"anchor_ratio":0.9501064509895087,"pop_source":"WORLDPOP2025_ANCHORED_VNSDI","pop_density_ppkm2":346.8104527877272,"n_stations":5,"n_ports":19,"power_kw_site":717.5,"ports_per_10k_pop":4.046168916904468,"util_mean_port_weighted":0.11228715432906373,"dist_station_m_pop_weighted":2901.0733467563996}},{"type":"Feature","geometry":{"type":"Polygon","coordinates":[[[103.58632,21.63132],[103.58529,21.63161],[103.57986,21.63078],[103.56878,21.63031],[103.56732,21.6291],[103.56543,21.62762],[103.56077,21.62703],[103.55975,21.62644],[103.55951,21.62605],[103.55974,21.62574],[103.55932,21.62355],[103.55758,21.62287],[103.55573,21.61848],[103.55545,21.61732],[103.55475,21.61438],[103.55243,21.61202],[103.54897,21.60848],[103.54855,21.60806],[103.54264,21.60256],[103.53946,21.5998],[103.5382,21.59489],[103.538,21.59189],[103.53145,21.58556],[103.53091,21.5812],[103.53093,21.58094],[103.53095,21.58078],[103.53141,21.5752],[103.5315,21.57471],[103.53165,21.57396],[103.53241,21.57002],[103.53211,21.56655],[103.53268,21.56651],[103.53567,21.56534],[103.53705,21.56461],[103.54261,21.5611],[103.5452,21.55933],[103.54658,21.55775],[103.54798,21.55596],[103.55018,21.55354],[103.56128,21.54893],[103.56546,21.54895],[103.56566,21.5494],[103.56612,21.54984],[103.5666,21.55007],[103.56758,21.55045],[103.56887,21.55058],[103.57096,21.55049],[103.57096,21.55049],[103.57158,21.55042],[103.57332,21.54969],[103.57956,21.54673],[103.581,21.54504],[103.5854,21.54013],[103.59436,21.54047],[103.59442,21.54046],[103.59623,21.53916],[103.59871,21.53723],[103.59966,21.53534],[103.60083,21.53404],[103.60102,21.53387],[103.60121,21.53376],[103.60139,21.53371],[103.60167,21.53367],[103.604,21.53381],[103.60782,21.53404],[103.61211,21.53313],[103.61517,21.52745],[103.61071,21.52506],[103.60645,21.52228],[103.60629,21.52217],[103.60608,21.52198],[103.60592,21.52181],[103.6058,21.52167],[103.60571,21.52152],[103.60561,21.52134],[103.60546,21.52105],[103.60539,21.52085],[103.60535,21.52071],[103.60535,21.52057],[103.60536,21.52048],[103.60539,21.52042],[103.60904,21.51589],[103.61041,21.51452],[103.61398,21.51136],[103.61743,21.50899],[103.61916,21.5086],[103.62208,21.50644],[103.62458,21.50384],[103.62689,21.50166],[103.6295,21.49966],[103.6368,21.49558],[103.64246,21.49499],[103.64303,21.49254],[103.64352,21.48892],[103.64348,21.48887],[103.6434,21.48868],[103.6438,21.48672],[103.64452,21.48468],[103.64469,21.48433],[103.64544,21.48419],[103.64573,21.48418],[103.64606,21.48419],[103.64739,21.4843],[103.64759,21.48433],[103.64957,21.48351],[103.64983,21.48342],[103.65248,21.48352],[103.65382,21.4829],[103.65521,21.48223],[103.65537,21.48214],[103.65816,21.48046],[103.66125,21.47853],[103.66198,21.47781],[103.66208,21.47776],[103.66494,21.47871],[103.66528,21.47883],[103.6656,21.47894],[103.66621,21.47925],[103.66723,21.47985],[103.66778,21.48027],[103.66902,21.48131],[103.67188,21.48378],[103.67365,21.4858],[103.67287,21.48803],[103.67061,21.49565],[103.66903,21.49749],[103.66697,21.49984],[103.66686,21.4999],[103.66572,21.49995],[103.66448,21.50059],[103.66448,21.50059],[103.66631,21.50679],[103.66311,21.51213],[103.6616,21.51363],[103.66128,21.51382],[103.6606,21.51416],[103.66021,21.5143],[103.65987,21.51442],[103.65987,21.51442],[103.65956,21.51461],[103.65923,21.51486],[103.65888,21.51513],[103.65876,21.51527],[103.65873,21.5154],[103.65814,21.52295],[103.65815,21.52338],[103.65821,21.52358],[103.65826,21.52364],[103.66146,21.52646],[103.66534,21.52964],[103.66549,21.52975],[103.66616,21.53024],[103.67014,21.53315],[103.67001,21.53446],[103.66985,21.53451],[103.66961,21.53462],[103.66852,21.53583],[103.66663,21.53956],[103.66608,21.53986],[103.66336,21.53868],[103.66077,21.53879],[103.65753,21.54027],[103.65647,21.54091],[103.65389,21.54172],[103.64996,21.54027],[103.64609,21.54272],[103.6433,21.54905],[103.63894,21.55527],[103.6335,21.56154],[103.63333,21.5617],[103.63184,21.56292],[103.63135,21.5631],[103.631,21.56323],[103.63034,21.56358],[103.62996,21.56413],[103.62927,21.56536],[103.62875,21.56647],[103.62855,21.56728],[103.62759,21.57307],[103.62789,21.57942],[103.62798,21.58026],[103.62887,21.58211],[103.63359,21.58718],[103.63386,21.58728],[103.63409,21.58734],[103.63436,21.58735],[103.63468,21.5873],[103.63596,21.58702],[103.63658,21.58687],[103.64103,21.59182],[103.64415,21.5923],[103.65033,21.59315],[103.65422,21.59278],[103.65917,21.59521],[103.65773,21.59855],[103.65629,21.60066],[103.65577,21.60118],[103.65511,21.60138],[103.65326,21.60166],[103.65279,21.60187],[103.64962,21.60481],[103.64899,21.60941],[103.64243,21.61642],[103.64156,21.61733],[103.63707,21.62136],[103.63496,21.6231],[103.63244,21.61755],[103.62765,21.61479],[103.62689,21.61513],[103.62478,21.61851],[103.62219,21.62213],[103.6219,21.62227],[103.61959,21.62236],[103.61692,21.62041],[103.61406,21.62271],[103.61285,21.62382],[103.60834,21.62634],[103.60503,21.62725],[103.603,21.627],[103.59939,21.62502],[103.59648,21.62045],[103.58855,21.62129],[103.58408,21.62099],[103.58988,21.62727],[103.58632,21.63132]]]},"properties":{"commune_code":"03724","commune_name":"Xã Bình Thuận","commune_kind":"XA","province_code":"14","province_name":"Tỉnh Sơn La","area_km2":121.78,"valid_from":"16/6/2025","published":"13/07/2025","area_km2_geom":120.81072022690614,"quality_flag":null,"population":17128.0,"population_wp":21330.438993901014,"anchor_ratio":0.802983942566648,"pop_source":"WORLDPOP2025_ANCHORED_VNSDI","pop_density_ppkm2":141.77549780210126,"n_stations":1,"n_ports":8,"power_kw_site":247.0,"ports_per_10k_pop":4.670714619336758,"util_mean_port_weighted":0.07276720351390922,"dist_station_m_pop_weighted":5331.646748572586}},{"type":"Feature","geometry":{"type":"Polygon","coordinates":[[[103.5247,21.56646],[103.52257,21.56716],[103.52218,21.56709],[103.52185,21.56703],[103.5213,21.56694],[103.51914,21.56515],[103.51859,21.56133],[103.51876,21.56025],[103.51962,21.5547],[103.52018,21.55102],[103.52046,21.54922],[103.52065,21.54499],[103.51881,21.53953],[103.51879,21.53945],[103.51762,21.53626],[103.51726,21.53529],[103.51567,21.53405],[103.5113,21.53414],[103.50649,21.53478],[103.50624,21.53473],[103.50068,21.5335],[103.49973,21.53302],[103.49417,21.53017],[103.4894,21.52672],[103.48762,21.5246],[103.4871,21.52398],[103.48523,21.52192],[103.48117,21.52079],[103.47651,21.52075],[103.47366,21.51979],[103.47368,21.51978],[103.47429,21.51942],[103.47829,21.51651],[103.47878,21.51464],[103.47874,21.51236],[103.47888,21.50581],[103.48169,21.49909],[103.48549,21.49452],[103.48873,21.4923],[103.49094,21.49102],[103.49188,21.48842],[103.48996,21.48594],[103.49086,21.48461],[103.49382,21.4847],[103.4989,21.4858],[103.503,21.48421],[103.50776,21.48069],[103.51044,21.47737],[103.51244,21.47199],[103.51534,21.46501],[103.5189,21.45971],[103.52252,21.45524],[103.52322,21.45476],[103.52332,21.4547],[103.5261,21.45905],[103.52702,21.45979],[103.53532,21.46595],[103.54276,21.46508],[103.54711,21.46296],[103.55354,21.4572],[103.55516,21.45385],[103.55906,21.45043],[103.56324,21.44677],[103.56922,21.44307],[103.56974,21.44283],[103.56992,21.44273],[103.57309,21.43979],[103.57738,21.43465],[103.5836,21.43049],[103.59258,21.43713],[103.59451,21.43893],[103.59546,21.43845],[103.59829,21.43641],[103.59914,21.43689],[103.60152,21.44218],[103.60602,21.44875],[103.61005,21.45422],[103.6149,21.45584],[103.61914,21.45917],[103.61925,21.45927],[103.61938,21.45943],[103.62025,21.46075],[103.62035,21.46091],[103.62179,21.4661],[103.62197,21.46741],[103.62198,21.46753],[103.62794,21.47985],[103.63011,21.48145],[103.63113,21.48095],[103.63128,21.48086],[103.6322,21.4801],[103.63491,21.47754],[103.63619,21.47627],[103.63683,21.47594],[103.64111,21.47485],[103.64149,21.47605],[103.64168,21.47636],[103.64178,21.47649],[103.64196,21.47667],[103.64632,21.48076],[103.64764,21.48099],[103.64759,21.48433],[103.64739,21.4843],[103.64606,21.48419],[103.64573,21.48418],[103.64544,21.48419],[103.64469,21.48433],[103.64452,21.48468],[103.6438,21.48672],[103.6434,21.48868],[103.64348,21.48887],[103.64352,21.48892],[103.64303,21.49254],[103.64246,21.49499],[103.6368,21.49558],[103.6295,21.49966],[103.62689,21.50166],[103.62458,21.50384],[103.62208,21.50644],[103.61916,21.5086],[103.61743,21.50899],[103.61398,21.51136],[103.61041,21.51452],[103.60904,21.51589],[103.60539,21.52042],[103.60536,21.52048],[103.60535,21.52057],[103.60535,21.52071],[103.60539,21.52085],[103.60546,21.52105],[103.60561,21.52134],[103.60571,21.52152],[103.6058,21.52167],[103.60592,21.52181],[103.60608,21.52198],[103.60629,21.52217],[103.60645,21.52228],[103.61071,21.52506],[103.61517,21.52745],[103.61211,21.53313],[103.60782,21.53404],[103.604,21.53381],[103.60167,21.53367],[103.60139,21.53371],[103.60121,21.53376],[103.60102,21.53387],[103.60083,21.53404],[103.59966,21.53534],[103.59871,21.53723],[103.59623,21.53916],[103.59442,21.54046],[103.59436,21.54047],[103.5854,21.54013],[103.581,21.54504],[103.57956,21.54673],[103.57332,21.54969],[103.57158,21.55042],[103.57096,21.55049],[103.57096,21.55049],[103.56887,21.55058],[103.56758,21.55045],[103.5666,21.55007],[103.56612,21.54984],[103.56566,21.5494],[103.56546,21.54895],[103.56128,21.54893],[103.55018,21.55354],[103.54798,21.55596],[103.54658,21.55775],[103.5452,21.55933],[103.54261,21.5611],[103.53705,21.56461],[103.53567,21.56534],[103.53268,21.56651],[103.53211,21.56655],[103.5247,21.56646]]]},"properties":{"commune_code":"03727","commune_name":"Xã Mường É","commune_kind":"XA","province_code":"14","province_name":"Tỉnh Sơn La","area_km2":139.91,"valid_from":"16/6/2025","published":"13/07/2025","area_km2_geom":140.03177090775577,"quality_flag":null,"population":14858.000000000002,"population_wp":14545.110738992691,"anchor_ratio":1.021511645158432,"pop_source":"WORLDPOP2025_ANCHORED_VNSDI","pop_density_ppkm2":106.10449259966532,"n_stations":0,"n_ports":0,"power_kw_site":0.0,"ports_per_10k_pop":0.0,"util_mean_port_weighted":null,"dist_station_m_pop_weighted":14482.357436650742}},{"type":"Feature","geometry":{"type":"Polygon","coordinates":[[[103.76945,21.54608],[103.76741,21.54635],[103.76068,21.54541],[103.74692,21.54387],[103.74589,21.54373],[103.74571,21.54367],[103.7456,21.54363],[103.74549,21.54357],[103.74538,21.54349],[103.7453,21.54341],[103.74239,21.5394],[103.74164,21.53919],[103.74086,21.53909],[103.74059,21.5391],[103.74033,21.53912],[103.74002,21.53918],[103.73944,21.53936],[103.73889,21.53948],[103.73835,21.5395],[103.73782,21.53937],[103.73501,21.53858],[103.73431,21.53835],[103.73051,21.53687],[103.72928,21.53583],[103.72755,21.53315],[103.72742,21.53276],[103.72691,21.53239],[103.72639,21.5322],[103.7252,21.53186],[103.72386,21.53155],[103.72168,21.53119],[103.72113,21.5311],[103.72074,21.53112],[103.72043,21.53113],[103.72041,21.53113],[103.71904,21.53126],[103.71793,21.53137],[103.71732,21.53144],[103.71708,21.53147],[103.71573,21.53149],[103.71536,21.53146],[103.71503,21.53141],[103.71473,21.53131],[103.71227,21.53039],[103.71177,21.53016],[103.71145,21.5299],[103.71139,21.52985],[103.71112,21.5296],[103.71067,21.52914],[103.71,21.52808],[103.70965,21.5275],[103.7082,21.52438],[103.70383,21.52523],[103.70297,21.52566],[103.70277,21.52578],[103.69147,21.53326],[103.68939,21.53486],[103.68517,21.53812],[103.6833,21.53908],[103.68169,21.53969],[103.67868,21.53921],[103.67777,21.53898],[103.67757,21.53894],[103.67623,21.53851],[103.67557,21.53827],[103.67531,21.53815],[103.6743,21.53767],[103.67363,21.53735],[103.67316,21.53709],[103.6722,21.53639],[103.67147,21.53579],[103.67001,21.53446],[103.67014,21.53315],[103.66616,21.53024],[103.66549,21.52975],[103.66534,21.52964],[103.66146,21.52646],[103.65826,21.52364],[103.65821,21.52358],[103.65815,21.52338],[103.65814,21.52295],[103.65873,21.5154],[103.65876,21.51527],[103.65888,21.51513],[103.65923,21.51486],[103.65956,21.51461],[103.65987,21.51442],[103.65987,21.51442],[103.66021,21.5143],[103.6606,21.51416],[103.66128,21.51382],[103.6616,21.51363],[103.66311,21.51213],[103.66631,21.50679],[103.66448,21.50059],[103.66448,21.50059],[103.66572,21.49995],[103.66686,21.4999],[103.66697,21.49984],[103.66903,21.49749],[103.67061,21.49565],[103.67287,21.48803],[103.67365,21.4858],[103.67395,21.48736],[103.67412,21.48789],[103.67439,21.48831],[103.67477,21.48882],[103.68086,21.49372],[103.682,21.49458],[103.68232,21.49471],[103.68264,21.49478],[103.68304,21.49478],[103.68334,21.49415],[103.68435,21.4928],[103.68706,21.49057],[103.68736,21.49035],[103.68782,21.49008],[103.68816,21.48991],[103.68849,21.4898],[103.68875,21.48975],[103.68939,21.48975],[103.68953,21.48976],[103.68961,21.48978],[103.68973,21.48982],[103.68982,21.48988],[103.69004,21.49017],[103.69049,21.49073],[103.69121,21.49156],[103.69153,21.49189],[103.69169,21.49202],[103.69183,21.4921],[103.69312,21.49277],[103.69449,21.49323],[103.69535,21.49333],[103.69568,21.49336],[103.69601,21.49339],[103.69613,21.49338],[103.69709,21.49301],[103.70384,21.48925],[103.70515,21.48891],[103.71289,21.48797],[103.71709,21.48829],[103.71973,21.48833],[103.72717,21.48587],[103.72884,21.48501],[103.73122,21.48329],[103.73171,21.48287],[103.72687,21.47291],[103.7322,21.47239],[103.72841,21.46778],[103.72814,21.46752],[103.72812,21.46749],[103.72809,21.46744],[103.72809,21.46742],[103.72809,21.46736],[103.73408,21.46606],[103.73631,21.46586],[103.73956,21.46549],[103.74267,21.46397],[103.74314,21.46363],[103.74333,21.46345],[103.74529,21.46092],[103.74683,21.45627],[103.74708,21.45533],[103.74736,21.45424],[103.74727,21.45325],[103.74716,21.45261],[103.74713,21.45237],[103.74715,21.45226],[103.74755,21.45128],[103.74768,21.451],[103.74866,21.44969],[103.74922,21.44898],[103.75023,21.44775],[103.75132,21.44647],[103.75554,21.44164],[103.75561,21.4416],[103.75576,21.44155],[103.75646,21.44144],[103.75704,21.44137],[103.75743,21.44139],[103.75792,21.44145],[103.7596,21.4417],[103.76146,21.43821],[103.76117,21.43582],[103.76223,21.435],[103.76629,21.43363],[103.77035,21.42801],[103.77203,21.42482],[103.77574,21.42111],[103.78254,21.41691],[103.78834,21.41631],[103.79149,21.41302],[103.79351,21.40695],[103.79378,21.40684],[103.79506,21.40642],[103.79518,21.4064],[103.79535,21.4064],[103.79567,21.40645],[103.79582,21.40644],[103.79616,21.40633],[103.79764,21.4058],[103.79786,21.4057],[103.79801,21.40558],[103.7986,21.405],[103.79893,21.40464],[103.79922,21.40425],[103.79935,21.40391],[103.79965,21.40292],[103.79945,21.39592],[103.80748,21.38751],[103.80812,21.38731],[103.8101,21.38746],[103.80954,21.38853],[103.80838,21.39197],[103.80841,21.3949],[103.81072,21.40057],[103.81335,21.40222],[103.8188,21.40866],[103.82806,21.41326],[103.83216,21.41476],[103.83318,21.41857],[103.83313,21.42418],[103.83272,21.42643],[103.82723,21.42347],[103.81538,21.42849],[103.81411,21.42915],[103.8131,21.42982],[103.80814,21.4333],[103.80632,21.43758],[103.8067,21.43912],[103.80697,21.4405],[103.80707,21.44139],[103.80539,21.44216],[103.80245,21.44341],[103.80036,21.44364],[103.79876,21.44385],[103.79665,21.44555],[103.79366,21.45218],[103.79452,21.45761],[103.79569,21.4625],[103.79649,21.46386],[103.80392,21.47475],[103.8074,21.47745],[103.80862,21.47785],[103.80947,21.47841],[103.81037,21.47944],[103.81055,21.47975],[103.81106,21.48071],[103.80769,21.48317],[103.80764,21.48685],[103.80581,21.48938],[103.80528,21.49009],[103.80387,21.49166],[103.80027,21.49392],[103.79756,21.49539],[103.79506,21.49719],[103.79428,21.49925],[103.79506,21.50093],[103.79703,21.50229],[103.79728,21.50247],[103.79746,21.50261],[103.79844,21.50343],[103.79926,21.50448],[103.79952,21.50496],[103.80035,21.50682],[103.79792,21.50908],[103.79469,21.51156],[103.79408,21.51182],[103.79375,21.51198],[103.79355,21.51209],[103.7935,21.51214],[103.79346,21.51224],[103.7934,21.51272],[103.79331,21.51377],[103.79354,21.5155],[103.79432,21.51678],[103.79445,21.51699],[103.79499,21.51777],[103.79507,21.51785],[103.79531,21.51807],[103.79572,21.51836],[103.79581,21.51842],[103.79589,21.51845],[103.796,21.51847],[103.79654,21.51853],[103.79715,21.51902],[103.79931,21.52215],[103.80071,21.52459],[103.80091,21.52518],[103.80095,21.52533],[103.80083,21.52541],[103.80068,21.52548],[103.79923,21.52617],[103.79651,21.52954],[103.79725,21.53091],[103.79157,21.5349],[103.78953,21.53591],[103.78852,21.53642],[103.78563,21.53793],[103.78522,21.53817],[103.78227,21.54015],[103.77941,21.54209],[103.7745,21.54441],[103.7712,21.5456],[103.76945,21.54608]]]},"properties":{"commune_code":"03754","commune_name":"Xã Chiềng La","commune_kind":"XA","province_code":"14","province_name":"Tỉnh Sơn La","area_km2":126.13,"valid_from":"16/6/2025","published":"13/07/2025","area_km2_geom":126.11652928640007,"quality_flag":null,"population":20373.0,"population_wp":22719.754361867905,"anchor_ratio":0.8967086384610469,"pop_source":"WORLDPOP2025_ANCHORED_VNSDI","pop_density_ppkm2":161.54107725034697,"n_stations":0,"n_ports":0,"power_kw_site":0.0,"ports_per_10k_pop":0.0,"util_mean_port_weighted":null,"dist_station_m_pop_weighted":8788.485603821371}},{"type":"Feature","geometry":{"type":"Polygon","coordinates":[[[103.83042,21.55185],[103.82092,21.55707],[103.82069,21.55652],[103.81927,21.5538],[103.81815,21.55172],[103.81808,21.5516],[103.81801,21.55148],[103.81763,21.55119],[103.81696,21.55073],[103.81648,21.55046],[103.81607,21.55035],[103.81559,21.55035],[103.8144,21.55046],[103.81109,21.54975],[103.8086,21.54834],[103.80595,21.54674],[103.80504,21.54609],[103.80494,21.54602],[103.80142,21.54331],[103.79899,21.53969],[103.79972,21.53847],[103.79977,21.53832],[103.7998,21.53808],[103.79977,21.53761],[103.79966,21.53727],[103.79802,21.53275],[103.79725,21.53091],[103.79651,21.52954],[103.79923,21.52617],[103.80068,21.52548],[103.80083,21.52541],[103.80095,21.52533],[103.80091,21.52518],[103.80071,21.52459],[103.79931,21.52215],[103.79715,21.51902],[103.79654,21.51853],[103.796,21.51847],[103.79589,21.51845],[103.79581,21.51842],[103.79572,21.51836],[103.79531,21.51807],[103.79507,21.51785],[103.79499,21.51777],[103.79445,21.51699],[103.79432,21.51678],[103.79354,21.5155],[103.79331,21.51377],[103.7934,21.51272],[103.79346,21.51224],[103.7935,21.51214],[103.79355,21.51209],[103.79375,21.51198],[103.79408,21.51182],[103.79469,21.51156],[103.79792,21.50908],[103.80035,21.50682],[103.79952,21.50496],[103.79926,21.50448],[103.79844,21.50343],[103.79746,21.50261],[103.79728,21.50247],[103.79703,21.50229],[103.79506,21.50093],[103.79428,21.49925],[103.79506,21.49719],[103.79756,21.49539],[103.80027,21.49392],[103.80387,21.49166],[103.80528,21.49009],[103.80581,21.48938],[103.80764,21.48685],[103.80769,21.48317],[103.81106,21.48071],[103.81055,21.47975],[103.81037,21.47944],[103.80947,21.47841],[103.80862,21.47785],[103.8074,21.47745],[103.80392,21.47475],[103.79649,21.46386],[103.79569,21.4625],[103.79452,21.45761],[103.79366,21.45218],[103.79665,21.44555],[103.79876,21.44385],[103.80036,21.44364],[103.80245,21.44341],[103.80539,21.44216],[103.80707,21.44139],[103.80697,21.4405],[103.8067,21.43912],[103.80632,21.43758],[103.80814,21.4333],[103.8131,21.42982],[103.81411,21.42915],[103.81538,21.42849],[103.82723,21.42347],[103.83272,21.42643],[103.83289,21.42635],[103.83367,21.42616],[103.83456,21.42598],[103.83483,21.42603],[103.83712,21.42891],[103.83832,21.43113],[103.84122,21.43311],[103.84371,21.43466],[103.84615,21.43601],[103.85145,21.4369],[103.85451,21.43709],[103.85476,21.43724],[103.85504,21.43743],[103.85608,21.43832],[103.85731,21.43942],[103.85818,21.4406],[103.85873,21.44146],[103.85916,21.44209],[103.8595,21.44235],[103.86028,21.44258],[103.8669,21.4418],[103.87083,21.44077],[103.87554,21.44039],[103.87889,21.43821],[103.88102,21.43391],[103.8846,21.43412],[103.88777,21.43406],[103.8902,21.43391],[103.89247,21.4336],[103.90222,21.43255],[103.90447,21.4319],[103.90499,21.43108],[103.90469,21.42767],[103.90462,21.42601],[103.90587,21.42552],[103.90773,21.42528],[103.91013,21.42562],[103.91093,21.42639],[103.91537,21.42684],[103.92316,21.42678],[103.92689,21.42661],[103.93005,21.42616],[103.93353,21.42563],[103.93381,21.4289],[103.93433,21.43032],[103.93517,21.43156],[103.93654,21.43324],[103.93968,21.43654],[103.94267,21.43928],[103.94581,21.44304],[103.94458,21.44546],[103.94502,21.44635],[103.94789,21.45195],[103.95195,21.457],[103.95304,21.45622],[103.95721,21.45885],[103.96019,21.46131],[103.96403,21.46563],[103.96697,21.46578],[103.96837,21.46568],[103.97149,21.4661],[103.97658,21.46946],[103.98244,21.47419],[103.98401,21.47576],[103.98489,21.47693],[103.98419,21.48021],[103.9834,21.48231],[103.98681,21.48731],[103.98844,21.48776],[103.9888,21.48804],[103.98994,21.48934],[103.98464,21.4903],[103.98422,21.49035],[103.98138,21.49068],[103.98111,21.49069],[103.98074,21.49055],[103.97653,21.4888],[103.97606,21.48867],[103.9758,21.4886],[103.97532,21.48869],[103.97452,21.48941],[103.97233,21.49139],[103.97132,21.49235],[103.97072,21.49292],[103.96991,21.49412],[103.96963,21.49453],[103.96902,21.49567],[103.96891,21.49589],[103.96857,21.49827],[103.96854,21.49916],[103.96869,21.49934],[103.96932,21.49983],[103.97163,21.50133],[103.97278,21.50182],[103.97493,21.50353],[103.97458,21.50482],[103.97267,21.50921],[103.96766,21.51663],[103.96357,21.52042],[103.95842,21.5227],[103.95204,21.52366],[103.94638,21.52362],[103.9432,21.52277],[103.93926,21.52044],[103.93756,21.51943],[103.93491,21.51841],[103.93296,21.51873],[103.93118,21.52104],[103.92937,21.526],[103.92794,21.52848],[103.92438,21.53094],[103.92096,21.53223],[103.91746,21.53355],[103.90413,21.54075],[103.90181,21.54154],[103.89029,21.54546],[103.88486,21.54629],[103.88196,21.54673],[103.877,21.54736],[103.87329,21.54734],[103.86993,21.54632],[103.8627,21.54312],[103.85882,21.54161],[103.85545,21.54158],[103.85208,21.54255],[103.85178,21.54272],[103.84479,21.54664],[103.84123,21.54765],[103.84018,21.54794],[103.83042,21.55185]]]},"properties":{"commune_code":"03757","commune_name":"Xã Mường Khiêng","commune_kind":"XA","province_code":"14","province_name":"Tỉnh Sơn La","area_km2":204.2,"valid_from":"16/6/2025","published":"13/07/2025","area_km2_geom":203.66429112538026,"quality_flag":null,"population":24570.0,"population_wp":27705.805817119777,"anchor_ratio":0.8868177364044715,"pop_source":"WORLDPOP2025_ANCHORED_VNSDI","pop_density_ppkm2":120.63970499803602,"n_stations":0,"n_ports":0,"power_kw_site":0.0,"ports_per_10k_pop":0.0,"util_mean_port_weighted":null,"dist_station_m_pop_weighted":19092.796276512156}},{"type":"Feature","geometry":{"type":"Polygon","coordinates":[[[103.39566,21.43617],[103.39352,21.4377],[103.38864,21.43545],[103.38727,21.43482],[103.38679,21.4346],[103.38673,21.4346],[103.38389,21.43444],[103.38333,21.43445],[103.38103,21.43452],[103.38039,21.43454],[103.37882,21.43262],[103.37876,21.43244],[103.37783,21.42947],[103.3763,21.42814],[103.37625,21.4281],[103.37247,21.42806],[103.37194,21.4282],[103.368,21.42923],[103.36026,21.42767],[103.35837,21.42688],[103.35591,21.42585],[103.35242,21.42623],[103.3497,21.42718],[103.34925,21.42734],[103.34599,21.42848],[103.34211,21.42817],[103.34207,21.42817],[103.3376,21.42513],[103.33115,21.41661],[103.33103,21.4152],[103.33089,21.41361],[103.33193,21.41213],[103.33269,21.41155],[103.33825,21.40553],[103.33915,21.40375],[103.34107,21.40104],[103.34849,21.3962],[103.35074,21.39473],[103.35558,21.39056],[103.35824,21.38649],[103.3599,21.38174],[103.3604,21.37561],[103.36173,21.37345],[103.36407,21.37238],[103.37306,21.37147],[103.37513,21.37126],[103.38459,21.3704],[103.38811,21.36757],[103.3883,21.36389],[103.38732,21.36034],[103.38303,21.35376],[103.38204,21.35277],[103.37713,21.34784],[103.37568,21.34649],[103.37167,21.34275],[103.36962,21.33751],[103.36926,21.33659],[103.3693,21.33305],[103.36987,21.3325],[103.37005,21.33232],[103.37089,21.3315],[103.3718,21.33062],[103.37603,21.32916],[103.37622,21.32912],[103.38142,21.32799],[103.38655,21.32436],[103.38689,21.32411],[103.39446,21.31857],[103.39869,21.31698],[103.40013,21.31716],[103.40294,21.3175],[103.40827,21.31816],[103.41452,21.31822],[103.41888,21.31772],[103.42313,21.3159],[103.42325,21.31912],[103.42421,21.32117],[103.42849,21.32454],[103.42891,21.32432],[103.42893,21.32432],[103.42921,21.32423],[103.42928,21.32421],[103.43151,21.32432],[103.43224,21.32447],[103.43252,21.32464],[103.43273,21.32491],[103.43282,21.32501],[103.43307,21.32543],[103.43325,21.32571],[103.43475,21.32839],[103.43464,21.3287],[103.43458,21.3291],[103.43459,21.32938],[103.43462,21.32962],[103.43483,21.33025],[103.43492,21.33054],[103.43752,21.33496],[103.43845,21.3365],[103.43562,21.33669],[103.42996,21.3361],[103.42665,21.33593],[103.42524,21.33708],[103.42353,21.33878],[103.42524,21.33979],[103.4278,21.34431],[103.4299,21.34843],[103.42356,21.35278],[103.41343,21.36089],[103.41016,21.36353],[103.4097,21.364],[103.40886,21.36677],[103.4087,21.36748],[103.40867,21.36793],[103.40916,21.36795],[103.40967,21.36803],[103.41082,21.36965],[103.41562,21.3766],[103.42036,21.38238],[103.42253,21.38623],[103.42398,21.38923],[103.42539,21.39455],[103.42539,21.39468],[103.42539,21.39481],[103.42537,21.39495],[103.42527,21.39508],[103.42517,21.39516],[103.42502,21.39526],[103.42473,21.39546],[103.4241,21.39589],[103.42398,21.39596],[103.42216,21.39696],[103.422,21.39703],[103.42179,21.39707],[103.42156,21.39706],[103.42124,21.39702],[103.42069,21.39688],[103.42051,21.39681],[103.42034,21.39673],[103.41746,21.40092],[103.41204,21.41059],[103.41512,21.42026],[103.41411,21.42388],[103.41408,21.424],[103.41308,21.42667],[103.41255,21.42725],[103.41147,21.42698],[103.40991,21.42657],[103.40876,21.42834],[103.4049,21.43108],[103.40027,21.43342],[103.39823,21.43463],[103.39746,21.4351],[103.39566,21.43617]]]},"properties":{"commune_code":"03760","commune_name":"Xã Mường Bám","commune_kind":"XA","province_code":"14","province_name":"Tỉnh Sơn La","area_km2":76.16,"valid_from":"16/6/2025","published":"13/07/2025","area_km2_geom":74.68083151946604,"quality_flag":null,"population":10731.0,"population_wp":7632.721360258758,"anchor_ratio":1.4059205745244454,"pop_source":"WORLDPOP2025_ANCHORED_VNSDI","pop_density_ppkm2":143.6914905962569,"n_stations":0,"n_ports":0,"power_kw_site":0.0,"ports_per_10k_pop":0.0,"util_mean_port_weighted":null,"dist_station_m_pop_weighted":61957.16519363379}},{"type":"Feature","geometry":{"type":"Polygon","coordinates":[[[103.47368,21.51978],[103.47366,21.51979],[103.46956,21.51769],[103.4662,21.51834],[103.46139,21.51925],[103.45951,21.518],[103.46085,21.51488],[103.4616,21.51271],[103.45915,21.5105],[103.45716,21.50875],[103.45596,21.50768],[103.4554,21.5072],[103.45417,21.50527],[103.45269,21.50295],[103.45116,21.49853],[103.45043,21.49639],[103.44861,21.48901],[103.44864,21.4867],[103.45056,21.48399],[103.45197,21.48205],[103.45324,21.47494],[103.45346,21.47052],[103.4544,21.46715],[103.45501,21.46496],[103.45603,21.46128],[103.456,21.46019],[103.45593,21.45747],[103.45221,21.45171],[103.44805,21.44622],[103.44792,21.44417],[103.44965,21.43854],[103.44886,21.43771],[103.44751,21.43629],[103.4474,21.43621],[103.44705,21.43593],[103.44697,21.43587],[103.44477,21.4344],[103.44247,21.43314],[103.44004,21.43213],[103.43777,21.4315],[103.43747,21.43142],[103.43575,21.43111],[103.4348,21.43094],[103.42367,21.42969],[103.42321,21.42961],[103.41863,21.42883],[103.41268,21.42729],[103.41255,21.42725],[103.41308,21.42667],[103.41408,21.424],[103.41411,21.42388],[103.41512,21.42026],[103.41204,21.41059],[103.41746,21.40092],[103.42034,21.39673],[103.42051,21.39681],[103.42069,21.39688],[103.42124,21.39702],[103.42156,21.39706],[103.42179,21.39707],[103.422,21.39703],[103.42216,21.39696],[103.42398,21.39596],[103.4241,21.39589],[103.42473,21.39546],[103.42502,21.39526],[103.42517,21.39516],[103.42527,21.39508],[103.42537,21.39495],[103.42539,21.39481],[103.42539,21.39468],[103.42539,21.39455],[103.42539,21.39455],[103.42523,21.39318],[103.42522,21.3931],[103.42521,21.39304],[103.42523,21.39291],[103.42526,21.39278],[103.42554,21.39174],[103.42558,21.39159],[103.42671,21.38887],[103.42694,21.38843],[103.42706,21.3882],[103.42742,21.38783],[103.42742,21.38783],[103.42784,21.38759],[103.42801,21.38748],[103.43697,21.38224],[103.43795,21.38222],[103.43869,21.3823],[103.43969,21.38241],[103.44113,21.38268],[103.4419,21.38296],[103.44675,21.38307],[103.45339,21.37973],[103.45643,21.37909],[103.46397,21.37666],[103.47021,21.3743],[103.47224,21.37437],[103.47233,21.37439],[103.47705,21.37987],[103.47807,21.38027],[103.48085,21.38123],[103.48765,21.3866],[103.48926,21.38816],[103.49029,21.39016],[103.49033,21.39022],[103.49838,21.38997],[103.50716,21.38828],[103.50716,21.38828],[103.50777,21.38807],[103.50777,21.38807],[103.50777,21.38807],[103.51177,21.38821],[103.52168,21.38965],[103.52702,21.39091],[103.52966,21.39238],[103.53669,21.39164],[103.53891,21.38932],[103.53891,21.38894],[103.53893,21.38884],[103.53897,21.38855],[103.53916,21.38815],[103.53936,21.38791],[103.53939,21.38789],[103.53995,21.38746],[103.54254,21.38567],[103.54254,21.38567],[103.54395,21.38474],[103.54409,21.38465],[103.54443,21.38446],[103.54461,21.38436],[103.54461,21.38436],[103.54528,21.38408],[103.54584,21.38396],[103.54616,21.38396],[103.55008,21.38358],[103.55666,21.38228],[103.56031,21.38146],[103.56326,21.38055],[103.56788,21.37884],[103.57265,21.37908],[103.57637,21.38174],[103.57895,21.38378],[103.58112,21.38587],[103.58574,21.39047],[103.58796,21.39274],[103.58813,21.39295],[103.58825,21.39323],[103.58815,21.39432],[103.58774,21.39658],[103.58771,21.39671],[103.5877,21.39672],[103.58766,21.39676],[103.58765,21.39678],[103.58763,21.3968],[103.58727,21.39715],[103.58559,21.40236],[103.58404,21.40903],[103.58459,21.41494],[103.58873,21.42172],[103.59286,21.42802],[103.59708,21.43302],[103.59718,21.43316],[103.59817,21.43487],[103.59831,21.43531],[103.59836,21.43565],[103.59836,21.43592],[103.5983,21.43631],[103.59829,21.43641],[103.59546,21.43845],[103.59451,21.43893],[103.59258,21.43713],[103.5836,21.43049],[103.57738,21.43465],[103.57309,21.43979],[103.56992,21.44273],[103.56974,21.44283],[103.56922,21.44307],[103.56324,21.44677],[103.55906,21.45043],[103.55516,21.45385],[103.55354,21.4572],[103.54711,21.46296],[103.54276,21.46508],[103.53532,21.46595],[103.52702,21.45979],[103.5261,21.45905],[103.52332,21.4547],[103.52322,21.45476],[103.52252,21.45524],[103.5189,21.45971],[103.51534,21.46501],[103.51244,21.47199],[103.51044,21.47737],[103.50776,21.48069],[103.503,21.48421],[103.4989,21.4858],[103.49382,21.4847],[103.49086,21.48461],[103.48996,21.48594],[103.49188,21.48842],[103.49094,21.49102],[103.48873,21.4923],[103.48549,21.49452],[103.48169,21.49909],[103.47888,21.50581],[103.47874,21.51236],[103.47878,21.51464],[103.47829,21.51651],[103.47429,21.51942],[103.47368,21.51978]]]},"properties":{"commune_code":"03763","commune_name":"Xã Long Hẹ","commune_kind":"XA","province_code":"14","province_name":"Tỉnh Sơn La","area_km2":158.4,"valid_from":"16/6/2025","published":"13/07/2025","area_km2_geom":158.17399958789682,"quality_flag":null,"population":8473.0,"population_wp":7795.017017364502,"anchor_ratio":1.0869764595927367,"pop_source":"WORLDPOP2025_ANCHORED_VNSDI","pop_density_ppkm2":53.567590261834276,"n_stations":0,"n_ports":0,"power_kw_site":0.0,"ports_per_10k_pop":0.0,"util_mean_port_weighted":null,"dist_station_m_pop_weighted":56705.0784028043}},{"type":"Feature","geometry":{"type":"Polygon","coordinates":[[[103.42539,21.39455],[103.42539,21.39455],[103.42398,21.38923],[103.42253,21.38623],[103.42036,21.38238],[103.41562,21.3766],[103.41082,21.36965],[103.40967,21.36803],[103.40916,21.36795],[103.40867,21.36793],[103.4087,21.36748],[103.40886,21.36677],[103.4097,21.364],[103.41016,21.36353],[103.41343,21.36089],[103.42356,21.35278],[103.4299,21.34843],[103.4278,21.34431],[103.42524,21.33979],[103.42353,21.33878],[103.42524,21.33708],[103.42665,21.33593],[103.42996,21.3361],[103.43562,21.33669],[103.43845,21.3365],[103.43959,21.33996],[103.44098,21.34306],[103.44385,21.34588],[103.45102,21.35144],[103.45238,21.35214],[103.45634,21.35365],[103.45752,21.35387],[103.45752,21.35387],[103.46391,21.35159],[103.46391,21.35159],[103.46391,21.35159],[103.46391,21.35159],[103.46534,21.35097],[103.46534,21.35097],[103.46534,21.35097],[103.48242,21.34053],[103.48099,21.33736],[103.47798,21.33468],[103.4758,21.33147],[103.47486,21.32525],[103.47571,21.32271],[103.47174,21.32057],[103.47051,21.32074],[103.46968,21.32093],[103.46884,21.3212],[103.46767,21.32196],[103.46745,21.32215],[103.46712,21.32237],[103.46572,21.32236],[103.46406,21.32232],[103.46168,21.32003],[103.45991,21.31419],[103.47007,21.30133],[103.47288,21.29844],[103.48212,21.28431],[103.48289,21.28483],[103.48402,21.285],[103.48408,21.28497],[103.48635,21.27868],[103.4936,21.28289],[103.49577,21.28238],[103.49733,21.27133],[103.50242,21.26731],[103.49959,21.266],[103.50189,21.26185],[103.50389,21.25825],[103.50485,21.25627],[103.50483,21.25626],[103.50426,21.25638],[103.5037,21.25652],[103.49942,21.25704],[103.49733,21.25622],[103.5,21.25355],[103.50189,21.25224],[103.50457,21.25037],[103.51586,21.24708],[103.51526,21.24866],[103.51499,21.24904],[103.51612,21.25201],[103.52177,21.25569],[103.52591,21.25045],[103.52883,21.24436],[103.53072,21.24269],[103.53626,21.24297],[103.5401,21.24285],[103.54477,21.24082],[103.54765,21.23848],[103.54752,21.23488],[103.54737,21.23304],[103.54156,21.22733],[103.54659,21.22474],[103.54737,21.22461],[103.54991,21.22423],[103.54991,21.22423],[103.55969,21.22328],[103.56166,21.22309],[103.56857,21.2227],[103.56857,21.2227],[103.56984,21.22229],[103.57098,21.22173],[103.57283,21.22043],[103.57389,21.21951],[103.58006,21.21819],[103.58885,21.22453],[103.58711,21.22734],[103.58494,21.23028],[103.58325,21.23322],[103.58223,21.24187],[103.58074,21.24234],[103.57804,21.24227],[103.57314,21.2429],[103.57043,21.2444],[103.57077,21.24603],[103.57028,21.24694],[103.56439,21.25066],[103.56351,21.25324],[103.56191,21.25451],[103.55787,21.25634],[103.55629,21.26192],[103.55402,21.26289],[103.55381,21.26306],[103.55499,21.26507],[103.55577,21.26622],[103.55705,21.26729],[103.55974,21.26978],[103.56028,21.27049],[103.56056,21.2714],[103.56076,21.27405],[103.55772,21.27651],[103.55426,21.27986],[103.55132,21.28316],[103.54879,21.28541],[103.54652,21.28617],[103.55276,21.29224],[103.55377,21.2921],[103.55562,21.29113],[103.56284,21.28469],[103.5653,21.28244],[103.56837,21.2813],[103.57248,21.28144],[103.57286,21.28185],[103.57355,21.2828],[103.57503,21.28544],[103.57706,21.28923],[103.58048,21.28958],[103.58474,21.29856],[103.58831,21.3],[103.58877,21.30049],[103.59085,21.3038],[103.59144,21.31215],[103.59525,21.31078],[103.60078,21.30799],[103.60146,21.30725],[103.6081,21.30152],[103.60904,21.30115],[103.60987,21.30098],[103.61392,21.30135],[103.61537,21.3009],[103.62378,21.2956],[103.62821,21.29641],[103.62821,21.29641],[103.6287,21.29911],[103.62961,21.30725],[103.62968,21.30828],[103.6297,21.30861],[103.62966,21.30889],[103.6296,21.30913],[103.62952,21.3093],[103.62947,21.30941],[103.62831,21.31134],[103.62689,21.31277],[103.6245,21.31675],[103.62611,21.31746],[103.62561,21.32099],[103.62436,21.32868],[103.62477,21.32894],[103.62689,21.33092],[103.62742,21.33177],[103.62895,21.33476],[103.62689,21.33598],[103.61878,21.33993],[103.61316,21.34075],[103.60733,21.34052],[103.6001,21.34443],[103.59941,21.34488],[103.59627,21.3473],[103.59624,21.34743],[103.59621,21.34762],[103.5958,21.35047],[103.59567,21.35299],[103.59834,21.35839],[103.60062,21.36124],[103.60219,21.36229],[103.60513,21.36466],[103.6075,21.36667],[103.60499,21.3702],[103.60324,21.3715],[103.60049,21.37285],[103.59803,21.37504],[103.59725,21.37574],[103.59674,21.37641],[103.59613,21.37854],[103.59609,21.37946],[103.59612,21.38056],[103.59474,21.38796],[103.59363,21.39154],[103.5934,21.39501],[103.58796,21.39274],[103.58574,21.39047],[103.58112,21.38587],[103.57895,21.38378],[103.57637,21.38174],[103.57265,21.37908],[103.56788,21.37884],[103.56326,21.38055],[103.56031,21.38146],[103.55666,21.38228],[103.55008,21.38358],[103.54616,21.38396],[103.54584,21.38396],[103.54528,21.38408],[103.54461,21.38436],[103.54461,21.38436],[103.54443,21.38446],[103.54409,21.38465],[103.54395,21.38474],[103.54254,21.38567],[103.54254,21.38567],[103.53995,21.38746],[103.53939,21.38789],[103.53936,21.38791],[103.53916,21.38815],[103.53897,21.38855],[103.53893,21.38884],[103.53891,21.38894],[103.53891,21.38932],[103.53669,21.39164],[103.52966,21.39238],[103.52702,21.39091],[103.52168,21.38965],[103.51177,21.38821],[103.50777,21.38807],[103.50777,21.38807],[103.50777,21.38807],[103.50716,21.38828],[103.50716,21.38828],[103.49838,21.38997],[103.49033,21.39022],[103.49029,21.39016],[103.48926,21.38816],[103.48765,21.3866],[103.48085,21.38123],[103.47807,21.38027],[103.47705,21.37987],[103.47233,21.37439],[103.47224,21.37437],[103.47021,21.3743],[103.46397,21.37666],[103.45643,21.37909],[103.45339,21.37973],[103.44675,21.38307],[103.4419,21.38296],[103.44113,21.38268],[103.43969,21.38241],[103.43869,21.3823],[103.43795,21.38222],[103.43697,21.38224],[103.42801,21.38748],[103.42784,21.38759],[103.42742,21.38783],[103.42742,21.38783],[103.42706,21.3882],[103.42694,21.38843],[103.42671,21.38887],[103.42558,21.39159],[103.42554,21.39174],[103.42526,21.39278],[103.42523,21.39291],[103.42521,21.39304],[103.42522,21.3931],[103.42523,21.39318],[103.42539,21.39455]]]},"properties":{"commune_code":"03781","commune_name":"Xã Co Mạ","commune_kind":"XA","province_code":"14","province_name":"Tỉnh Sơn La","area_km2":214.28,"valid_from":"16/6/2025","published":"13/07/2025","area_km2_geom":214.19767646698293,"quality_flag":null,"population":14560.0,"population_wp":13152.71132004261,"anchor_ratio":1.1069960896817457,"pop_source":"WORLDPOP2025_ANCHORED_VNSDI","pop_density_ppkm2":67.9745935630834,"n_stations":0,"n_ports":0,"power_kw_site":0.0,"ports_per_10k_pop":0.0,"util_mean_port_weighted":null,"dist_station_m_pop_weighted":42567.52130138675}},{"type":"Feature","geometry":{"type":"Polygon","coordinates":[[[103.6472,21.45544],[103.6443,21.45853],[103.63668,21.45198],[103.63617,21.45135],[103.63094,21.44371],[103.63105,21.44301],[103.63263,21.4393],[103.63347,21.43801],[103.63376,21.43755],[103.63443,21.43641],[103.63452,21.43626],[103.63587,21.43324],[103.63585,21.43303],[103.63493,21.42984],[103.63289,21.42411],[103.63228,21.42282],[103.62866,21.41669],[103.62695,21.41455],[103.625,21.41294],[103.62387,21.41199],[103.6206,21.40782],[103.62023,21.40676],[103.61988,21.40651],[103.61736,21.40522],[103.61641,21.40478],[103.61438,21.40394],[103.61394,21.40384],[103.6114,21.40378],[103.60138,21.4003],[103.59605,21.39714],[103.5934,21.39501],[103.59363,21.39154],[103.59474,21.38796],[103.59612,21.38056],[103.59609,21.37946],[103.59613,21.37854],[103.59674,21.37641],[103.59725,21.37574],[103.59803,21.37504],[103.60049,21.37285],[103.60324,21.3715],[103.60499,21.3702],[103.6075,21.36667],[103.60513,21.36466],[103.60219,21.36229],[103.60062,21.36124],[103.59834,21.35839],[103.59567,21.35299],[103.5958,21.35047],[103.59621,21.34762],[103.59624,21.34743],[103.59627,21.3473],[103.59941,21.34488],[103.6001,21.34443],[103.60733,21.34052],[103.61316,21.34075],[103.61878,21.33993],[103.62689,21.33598],[103.62895,21.33476],[103.62742,21.33177],[103.62689,21.33092],[103.62477,21.32894],[103.62436,21.32868],[103.62561,21.32099],[103.62611,21.31746],[103.6245,21.31675],[103.62689,21.31277],[103.62831,21.31134],[103.62947,21.30941],[103.62952,21.3093],[103.6296,21.30913],[103.62966,21.30889],[103.6297,21.30861],[103.62968,21.30828],[103.62961,21.30725],[103.6287,21.29911],[103.62821,21.29641],[103.62879,21.29653],[103.62988,21.29602],[103.63255,21.29355],[103.63708,21.28983],[103.63986,21.28994],[103.64107,21.28965],[103.64636,21.28648],[103.65151,21.28424],[103.65151,21.28424],[103.6557,21.28181],[103.6557,21.28181],[103.66038,21.27396],[103.66214,21.26836],[103.66668,21.26631],[103.66875,21.26606],[103.67413,21.26571],[103.67637,21.26384],[103.67824,21.26232],[103.67854,21.26215],[103.68085,21.26191],[103.68426,21.26266],[103.68906,21.26131],[103.69203,21.2598],[103.69925,21.25944],[103.71284,21.26029],[103.71694,21.25792],[103.72239,21.26103],[103.725,21.26306],[103.7304,21.26413],[103.73823,21.2626],[103.74254,21.2605],[103.74485,21.25841],[103.7454,21.25778],[103.7473,21.25821],[103.74915,21.259],[103.74937,21.2591],[103.75067,21.25977],[103.75139,21.26013],[103.75318,21.26151],[103.75397,21.26259],[103.7544,21.26386],[103.75447,21.26421],[103.75476,21.2656],[103.75836,21.27255],[103.75895,21.27791],[103.76012,21.28304],[103.76049,21.28344],[103.76079,21.28382],[103.76098,21.28415],[103.76164,21.28573],[103.7617,21.28588],[103.76172,21.28598],[103.7617,21.28672],[103.76063,21.29042],[103.76057,21.29086],[103.76377,21.29443],[103.76503,21.29529],[103.76634,21.29588],[103.76865,21.2968],[103.76887,21.29682],[103.77,21.29691],[103.77396,21.29623],[103.77706,21.29421],[103.77993,21.29202],[103.7803,21.29169],[103.7818,21.29083],[103.78381,21.29197],[103.78694,21.29537],[103.78608,21.29922],[103.78707,21.30285],[103.78751,21.30417],[103.78778,21.30682],[103.78755,21.30836],[103.78541,21.31225],[103.78433,21.31358],[103.78066,21.31711],[103.77994,21.31753],[103.77759,21.3187],[103.77534,21.31975],[103.77381,21.32082],[103.77095,21.32323],[103.77082,21.32335],[103.77078,21.32344],[103.77077,21.32349],[103.77077,21.32352],[103.77104,21.32611],[103.77106,21.32625],[103.77117,21.3264],[103.77203,21.32736],[103.77211,21.32745],[103.77228,21.32755],[103.777,21.32958],[103.77979,21.33071],[103.77834,21.3349],[103.77476,21.33882],[103.77,21.34084],[103.76475,21.34239],[103.76173,21.34611],[103.75672,21.34953],[103.7535,21.3541],[103.7502,21.35837],[103.74739,21.36068],[103.74484,21.36228],[103.74219,21.36357],[103.74038,21.36453],[103.73576,21.36794],[103.73504,21.36859],[103.73153,21.37184],[103.7308,21.37258],[103.72838,21.37603],[103.72813,21.37767],[103.72836,21.38248],[103.72678,21.38512],[103.72408,21.38692],[103.72427,21.38782],[103.7263,21.39092],[103.72816,21.39402],[103.72846,21.39458],[103.72743,21.39958],[103.72453,21.39945],[103.72026,21.40149],[103.71922,21.40253],[103.7171,21.40538],[103.71482,21.40626],[103.71161,21.40636],[103.70604,21.40599],[103.70051,21.40779],[103.69843,21.4086],[103.69688,21.40951],[103.69665,21.40974],[103.69629,21.41035],[103.69604,21.41135],[103.69562,21.41331],[103.69325,21.41457],[103.69221,21.41479],[103.69198,21.41481],[103.68707,21.41415],[103.68363,21.41147],[103.67623,21.4136],[103.67421,21.41899],[103.67102,21.4226],[103.66867,21.42445],[103.66833,21.42453],[103.66767,21.42475],[103.66743,21.42504],[103.66495,21.42814],[103.66645,21.43167],[103.66629,21.43176],[103.66474,21.43183],[103.66021,21.43172],[103.65889,21.43096],[103.65888,21.43097],[103.65716,21.43421],[103.65673,21.43512],[103.65798,21.43895],[103.65525,21.44111],[103.65326,21.4425],[103.65298,21.44248],[103.65144,21.44186],[103.65098,21.44205],[103.65037,21.44474],[103.65224,21.45048],[103.65134,21.45254],[103.6472,21.45544]]]},"properties":{"commune_code":"03784","commune_name":"Xã Nậm Lầu","commune_kind":"XA","province_code":"14","province_name":"Tỉnh Sơn La","area_km2":247.63,"valid_from":"16/6/2025","published":"13/07/2025","area_km2_geom":244.42493425921924,"quality_flag":null,"population":18095.0,"population_wp":15317.094588518143,"anchor_ratio":1.1813598130786633,"pop_source":"WORLDPOP2025_ANCHORED_VNSDI","pop_density_ppkm2":74.03090873212535,"n_stations":0,"n_ports":0,"power_kw_site":0.0,"ports_per_10k_pop":0.0,"util_mean_port_weighted":null,"dist_station_m_pop_weighted":12296.452762137751}},{"type":"Feature","geometry":{"type":"Polygon","coordinates":[[[103.7712,21.39856],[103.77109,21.39876],[103.77087,21.39619],[103.77082,21.39312],[103.76514,21.39257],[103.76485,21.39196],[103.76466,21.39151],[103.76459,21.39125],[103.76457,21.39109],[103.76428,21.38644],[103.76142,21.38349],[103.75897,21.38209],[103.75476,21.38136],[103.74949,21.38255],[103.74613,21.38214],[103.74425,21.38109],[103.74144,21.37971],[103.74108,21.37959],[103.74021,21.37933],[103.73993,21.37928],[103.73936,21.37926],[103.73892,21.3793],[103.73434,21.37978],[103.73127,21.38048],[103.72836,21.38248],[103.72813,21.37767],[103.72838,21.37603],[103.7308,21.37258],[103.73153,21.37184],[103.73504,21.36859],[103.73576,21.36794],[103.74038,21.36453],[103.74219,21.36357],[103.74484,21.36228],[103.74739,21.36068],[103.7502,21.35837],[103.7535,21.3541],[103.75672,21.34953],[103.76173,21.34611],[103.76475,21.34239],[103.77,21.34084],[103.77476,21.33882],[103.77834,21.3349],[103.77979,21.33071],[103.777,21.32958],[103.77228,21.32755],[103.77211,21.32745],[103.77203,21.32736],[103.77117,21.3264],[103.77106,21.32625],[103.77104,21.32611],[103.77077,21.32352],[103.77077,21.32349],[103.77078,21.32344],[103.77082,21.32335],[103.77095,21.32323],[103.77381,21.32082],[103.77534,21.31975],[103.77759,21.3187],[103.77994,21.31753],[103.78066,21.31711],[103.78433,21.31358],[103.78541,21.31225],[103.78755,21.30836],[103.78778,21.30682],[103.78751,21.30417],[103.78707,21.30285],[103.78608,21.29922],[103.78694,21.29537],[103.78381,21.29197],[103.7818,21.29083],[103.7803,21.29169],[103.77993,21.29202],[103.77706,21.29421],[103.77396,21.29623],[103.77,21.29691],[103.76887,21.29682],[103.76865,21.2968],[103.76634,21.29588],[103.76503,21.29529],[103.76377,21.29443],[103.76057,21.29086],[103.76063,21.29042],[103.7617,21.28672],[103.76172,21.28598],[103.7617,21.28588],[103.76164,21.28573],[103.76098,21.28415],[103.76079,21.28382],[103.76049,21.28344],[103.76012,21.28304],[103.75895,21.27791],[103.75836,21.27255],[103.75476,21.2656],[103.75447,21.26421],[103.7544,21.26386],[103.75397,21.26259],[103.75318,21.26151],[103.75139,21.26013],[103.75067,21.25977],[103.74937,21.2591],[103.74915,21.259],[103.74619,21.2559],[103.74656,21.25589],[103.74674,21.25548],[103.74676,21.25532],[103.74665,21.25416],[103.74649,21.25264],[103.74625,21.25183],[103.74671,21.24759],[103.74782,21.24467],[103.74987,21.23985],[103.75156,21.23862],[103.75683,21.2368],[103.76231,21.23368],[103.7677,21.2298],[103.77006,21.22752],[103.77069,21.22595],[103.77152,21.22347],[103.77335,21.2177],[103.77383,21.21598],[103.77364,21.21378],[103.77421,21.21273],[103.77574,21.21222],[103.77977,21.21302],[103.78493,21.2144],[103.78773,21.2154],[103.79414,21.21442],[103.7969,21.21334],[103.79908,21.21151],[103.80398,21.20777],[103.80949,21.20396],[103.81195,21.20242],[103.8144,21.20194],[103.81448,21.20223],[103.81512,21.2045],[103.81777,21.21062],[103.81983,21.21405],[103.81947,21.22412],[103.81854,21.23074],[103.81662,21.23647],[103.81684,21.23848],[103.81773,21.24189],[103.8177,21.24454],[103.81668,21.24783],[103.8153,21.24893],[103.81436,21.25126],[103.81495,21.25381],[103.81582,21.25564],[103.81859,21.25799],[103.82145,21.25916],[103.82454,21.25986],[103.82569,21.26027],[103.82858,21.26229],[103.83228,21.26841],[103.83252,21.27161],[103.83354,21.27432],[103.83503,21.27627],[103.83458,21.27719],[103.83349,21.27819],[103.83162,21.27901],[103.82838,21.2799],[103.82691,21.28072],[103.8246,21.28212],[103.82356,21.2829],[103.81877,21.28796],[103.81242,21.29278],[103.80892,21.29551],[103.80388,21.30079],[103.80263,21.30231],[103.80264,21.30254],[103.80409,21.30359],[103.80487,21.30407],[103.8056,21.30444],[103.80638,21.30473],[103.80692,21.30491],[103.80734,21.30503],[103.80742,21.30506],[103.80831,21.30531],[103.80875,21.30536],[103.81337,21.30537],[103.81404,21.30524],[103.81549,21.30493],[103.81571,21.30487],[103.81613,21.30461],[103.81698,21.30404],[103.81706,21.30373],[103.82038,21.30313],[103.82806,21.30209],[103.82943,21.30943],[103.82783,21.31501],[103.82752,21.31516],[103.82736,21.31525],[103.82726,21.31534],[103.82714,21.31574],[103.82717,21.3161],[103.82796,21.32014],[103.828,21.32027],[103.82808,21.3204],[103.82818,21.32056],[103.82868,21.32101],[103.82953,21.32167],[103.82978,21.3218],[103.83,21.32182],[103.83047,21.32181],[103.83098,21.32161],[103.83126,21.32152],[103.83159,21.32145],[103.83175,21.32145],[103.8319,21.32154],[103.83336,21.32624],[103.83178,21.32747],[103.83153,21.32802],[103.83205,21.33009],[103.83578,21.33512],[103.83783,21.33641],[103.83889,21.33821],[103.83884,21.33895],[103.83755,21.34063],[103.83696,21.34178],[103.83709,21.34334],[103.83967,21.34606],[103.83972,21.34868],[103.83983,21.35038],[103.84047,21.36181],[103.83959,21.36245],[103.83831,21.36262],[103.83164,21.36345],[103.82931,21.36339],[103.8272,21.36124],[103.82608,21.35836],[103.82335,21.35791],[103.81781,21.35776],[103.8151,21.35821],[103.81413,21.35895],[103.81239,21.36241],[103.81239,21.36546],[103.81466,21.37068],[103.81828,21.37396],[103.81983,21.3758],[103.82119,21.37811],[103.81798,21.38116],[103.8125,21.38398],[103.81123,21.384],[103.80931,21.38433],[103.80503,21.38675],[103.79637,21.39112],[103.79158,21.39327],[103.78561,21.395],[103.7806,21.39742],[103.77577,21.39444],[103.77215,21.39478],[103.77223,21.3962],[103.77136,21.39818],[103.77127,21.39839],[103.7712,21.39856]]]},"properties":{"commune_code":"03799","commune_name":"Xã Muổi Nọi","commune_kind":"XA","province_code":"14","province_name":"Tỉnh Sơn La","area_km2":128.7,"valid_from":"16/6/2025","published":"13/07/2025","area_km2_geom":128.30703901506067,"quality_flag":null,"population":15633.000000000002,"population_wp":15016.996592700481,"anchor_ratio":1.0410204133361094,"pop_source":"WORLDPOP2025_ANCHORED_VNSDI","pop_density_ppkm2":121.84054842201606,"n_stations":0,"n_ports":0,"power_kw_site":0.0,"ports_per_10k_pop":0.0,"util_mean_port_weighted":null,"dist_station_m_pop_weighted":13331.776653018595}},{"type":"Feature","geometry":{"type":"Polygon","coordinates":[[[103.96227,21.61904],[103.96177,21.61957],[103.95593,21.61714],[103.95213,21.61509],[103.95168,21.61475],[103.9514,21.6142],[103.95084,21.613],[103.95072,21.61221],[103.94731,21.60767],[103.94627,21.60851],[103.94553,21.6087],[103.94438,21.60896],[103.94412,21.60902],[103.94407,21.60902],[103.94403,21.60902],[103.94399,21.60898],[103.94395,21.6089],[103.9439,21.60879],[103.94389,21.60869],[103.94391,21.60854],[103.9446,21.60553],[103.94538,21.60276],[103.94294,21.60205],[103.93656,21.60094],[103.92957,21.59972],[103.92705,21.59933],[103.92465,21.59955],[103.9245,21.59969],[103.92361,21.60041],[103.92351,21.60046],[103.92275,21.60075],[103.91941,21.60195],[103.91927,21.60199],[103.91921,21.602],[103.91913,21.602],[103.91876,21.60202],[103.91802,21.60203],[103.91763,21.60203],[103.91751,21.60202],[103.91739,21.602],[103.91734,21.60199],[103.91709,21.60192],[103.91691,21.60178],[103.91685,21.6017],[103.91656,21.60119],[103.91524,21.59836],[103.91146,21.59138],[103.90843,21.58337],[103.9047,21.58244],[103.902,21.5819],[103.90159,21.58181],[103.89355,21.57699],[103.89032,21.57365],[103.88963,21.57025],[103.89266,21.56582],[103.89597,21.56208],[103.89656,21.56167],[103.89777,21.55999],[103.89941,21.55633],[103.89963,21.55486],[103.89687,21.5524],[103.89678,21.55235],[103.89664,21.5523],[103.89626,21.55219],[103.89586,21.55209],[103.89489,21.55185],[103.89411,21.55171],[103.8917,21.55128],[103.89032,21.55133],[103.89004,21.55153],[103.88983,21.55159],[103.88949,21.55167],[103.88926,21.5517],[103.8887,21.55171],[103.88856,21.5517],[103.88841,21.55168],[103.88835,21.55164],[103.88827,21.55157],[103.88537,21.54822],[103.88488,21.54643],[103.88486,21.54629],[103.89029,21.54546],[103.90181,21.54154],[103.90413,21.54075],[103.91746,21.53355],[103.92096,21.53223],[103.92438,21.53094],[103.92794,21.52848],[103.92937,21.526],[103.93118,21.52104],[103.93296,21.51873],[103.93491,21.51841],[103.93756,21.51943],[103.93926,21.52044],[103.9432,21.52277],[103.94638,21.52362],[103.95204,21.52366],[103.95842,21.5227],[103.96357,21.52042],[103.96766,21.51663],[103.97267,21.50921],[103.97458,21.50482],[103.97493,21.50353],[103.97278,21.50182],[103.97163,21.50133],[103.96932,21.49983],[103.96869,21.49934],[103.96854,21.49916],[103.96857,21.49827],[103.96891,21.49589],[103.96902,21.49567],[103.96963,21.49453],[103.96991,21.49412],[103.97072,21.49292],[103.97132,21.49235],[103.97233,21.49139],[103.97452,21.48941],[103.97532,21.48869],[103.9758,21.4886],[103.97606,21.48867],[103.97653,21.4888],[103.98074,21.49055],[103.98111,21.49069],[103.98138,21.49068],[103.98422,21.49035],[103.98464,21.4903],[103.98994,21.48934],[103.99565,21.48866],[103.99879,21.48932],[104.00189,21.49202],[104.00738,21.49377],[104.00899,21.49419],[104.00998,21.49305],[104.01451,21.49144],[104.01834,21.48881],[104.0258,21.48333],[104.03305,21.47399],[104.03594,21.46766],[104.03737,21.46535],[104.04198,21.46339],[104.04216,21.46326],[104.04432,21.4618],[104.04502,21.4612],[104.04768,21.45845],[104.0479,21.45824],[104.05729,21.44956],[104.06018,21.44812],[104.06186,21.44892],[104.06215,21.44909],[104.06241,21.44926],[104.06382,21.45029],[104.07081,21.45561],[104.07236,21.4573],[104.07399,21.45976],[104.07441,21.46044],[104.07462,21.46079],[104.07464,21.4609],[104.07461,21.46192],[104.07736,21.46373],[104.08521,21.46427],[104.08622,21.4638],[104.08905,21.46173],[104.08957,21.4613],[104.08968,21.46115],[104.09009,21.46048],[104.09016,21.46032],[104.09088,21.45792],[104.09187,21.45576],[104.0938,21.45441],[104.09546,21.45338],[104.09584,21.45331],[104.09847,21.45358],[104.09858,21.4536],[104.09873,21.45367],[104.09916,21.45401],[104.10082,21.4547],[104.10608,21.45478],[104.10756,21.45473],[104.10913,21.45458],[104.10982,21.4545],[104.11108,21.45434],[104.11124,21.45431],[104.11136,21.45426],[104.11144,21.45421],[104.1115,21.4541],[104.11153,21.454],[104.11155,21.45385],[104.11479,21.45718],[104.11668,21.45621],[104.11798,21.45661],[104.11992,21.45741],[104.12,21.45745],[104.1209,21.45806],[104.12103,21.45817],[104.12115,21.4583],[104.12121,21.45838],[104.12125,21.4585],[104.1213,21.45868],[104.12133,21.45885],[104.12133,21.459],[104.11922,21.46547],[104.11976,21.46672],[104.12008,21.46737],[104.12049,21.46816],[104.12066,21.46844],[104.12086,21.46867],[104.12235,21.47],[104.12337,21.47063],[104.12449,21.47097],[104.12964,21.47174],[104.13281,21.47213],[104.13466,21.47277],[104.14204,21.47779],[104.14325,21.47862],[104.14278,21.48101],[104.14218,21.48358],[104.14132,21.48598],[104.13989,21.49049],[104.13992,21.49835],[104.13984,21.49877],[104.13983,21.49883],[104.13983,21.49889],[104.13991,21.49915],[104.13994,21.49918],[104.14133,21.50046],[104.14321,21.50198],[104.14385,21.50248],[104.14997,21.50622],[104.15227,21.50761],[104.15834,21.51033],[104.16447,21.51006],[104.16683,21.51087],[104.16914,21.51299],[104.16922,21.51311],[104.16927,21.51328],[104.16932,21.51346],[104.16999,21.51627],[104.17067,21.51925],[104.17104,21.52112],[104.17105,21.52154],[104.17112,21.52182],[104.1714,21.52235],[104.17216,21.52349],[104.17262,21.52407],[104.17809,21.52764],[104.18106,21.52962],[104.18543,21.53291],[104.18614,21.53375],[104.18673,21.53519],[104.18939,21.54255],[104.1904,21.54583],[104.19137,21.54919],[104.19353,21.55057],[104.19288,21.55146],[104.19196,21.55314],[104.19093,21.55508],[104.19105,21.55648],[104.19007,21.55935],[104.18314,21.56414],[104.18094,21.56791],[104.1808,21.56815],[104.17959,21.56977],[104.17872,21.57088],[104.1776,21.57213],[104.17752,21.57222],[104.17725,21.57242],[104.17706,21.57255],[104.1765,21.57287],[104.17641,21.57291],[104.1763,21.57295],[104.17378,21.5746],[104.17242,21.57981],[104.17237,21.57994],[104.1722,21.58027],[104.17193,21.58068],[104.17088,21.58177],[104.16994,21.58269],[104.1698,21.5828],[104.16781,21.58403],[104.16584,21.58419],[104.16047,21.5838],[104.15385,21.58577],[104.14634,21.58577],[104.14038,21.58582],[104.1381,21.58584],[104.1321,21.58831],[104.12932,21.58879],[104.12501,21.58671],[104.12393,21.58619],[104.12333,21.58551],[104.12336,21.58518],[104.12323,21.58459],[104.1232,21.58456],[104.12303,21.58442],[104.1229,21.58435],[104.12276,21.58434],[104.12121,21.5843],[104.12098,21.5843],[104.12051,21.58466],[104.12003,21.58509],[104.11978,21.58532],[104.11964,21.58555],[104.11946,21.58594],[104.11892,21.58918],[104.11825,21.59313],[104.11818,21.59356],[104.11742,21.59479],[104.11343,21.59928],[104.10437,21.60793],[104.09848,21.61015],[104.09438,21.61167],[104.08898,21.61324],[104.08631,21.61337],[104.08515,21.61326],[104.07963,21.61282],[104.07543,21.61419],[104.07186,21.61454],[104.0681,21.61474],[104.0675,21.61475],[104.06736,21.61475],[104.06532,21.61452],[104.06486,21.61444],[104.06439,21.61431],[104.06381,21.61414],[104.06301,21.61377],[104.05946,21.61315],[104.05621,21.61364],[104.05185,21.61438],[104.04816,21.61529],[104.0424,21.61493],[104.04226,21.61492],[104.04215,21.61489],[104.04178,21.61472],[104.04164,21.61462],[104.0414,21.6144],[104.04126,21.61415],[104.04123,21.61388],[104.04122,21.6136],[104.04123,21.61343],[104.04127,21.61321],[104.04177,21.6118],[104.04187,21.61162],[104.04193,21.61151],[104.04206,21.61138],[104.04234,21.61111],[104.04257,21.61096],[104.04291,21.61076],[104.04337,21.61051],[104.04352,21.61043],[104.04359,21.6104],[104.04092,21.60964],[104.03589,21.60887],[104.03314,21.60856],[104.02985,21.60915],[104.02551,21.60832],[104.01833,21.60379],[104.01771,21.60369],[104.01754,21.60359],[104.01733,21.60347],[104.0173,21.60343],[104.01726,21.60338],[104.01724,21.6033],[104.01678,21.60188],[104.017,21.60093],[104.01902,21.59684],[104.02201,21.59387],[104.02625,21.59282],[104.03272,21.59135],[104.033,21.5914],[104.03464,21.59144],[104.03634,21.59138],[104.03669,21.59135],[104.03687,21.59132],[104.03695,21.59131],[104.03722,21.59123],[104.0374,21.59118],[104.03754,21.59112],[104.03844,21.59062],[104.03896,21.59022],[104.03959,21.58958],[104.04396,21.58495],[104.04316,21.58101],[104.03967,21.57748],[104.03195,21.5722],[104.03185,21.57203],[104.03172,21.57188],[104.0316,21.57177],[104.03147,21.5717],[104.03125,21.57163],[104.03032,21.5718],[104.03019,21.57184],[104.02997,21.57189],[104.02985,21.57194],[104.02918,21.57221],[104.02895,21.57231],[104.02874,21.57242],[104.02865,21.57248],[104.02577,21.5746],[104.02526,21.57498],[104.02475,21.57539],[104.01963,21.57202],[104.01397,21.57246],[104.00544,21.57544],[103.99847,21.57418],[103.99386,21.57094],[103.99332,21.57048],[103.9917,21.57074],[103.99109,21.57112],[103.9874,21.57431],[103.98732,21.5744],[103.98728,21.5745],[103.9864,21.57673],[103.98527,21.57961],[103.98288,21.58379],[103.982,21.58496],[103.97901,21.58739],[103.97594,21.5905],[103.97235,21.59491],[103.96792,21.60145],[103.96645,21.60448],[103.96339,21.61448],[103.96261,21.61853],[103.96252,21.61875],[103.96227,21.61904]]]},"properties":{"commune_code":"03808","commune_name":"Xã Mường La","commune_kind":"XA","province_code":"14","province_name":"Tỉnh Sơn La","area_km2":341.86,"valid_from":"16/6/2025","published":"13/07/2025","area_km2_geom":341.7323124026743,"quality_flag":null,"population":32712.0,"population_wp":34444.688757257536,"anchor_ratio":0.9496964896542299,"pop_source":"WORLDPOP2025_ANCHORED_VNSDI","pop_density_ppkm2":95.7240471935659,"n_stations":3,"n_ports":17,"power_kw_site":600.5,"ports_per_10k_pop":5.196869650281243,"util_mean_port_weighted":0.05466246588488664,"dist_station_m_pop_weighted":6428.255670744607}},{"type":"Feature","geometry":{"type":"Polygon","coordinates":[[[103.83509,21.74099],[103.83265,21.74288],[103.83215,21.74262],[103.83075,21.74191],[103.82811,21.73796],[103.82727,21.73615],[103.81919,21.73754],[103.81498,21.73846],[103.80928,21.73852],[103.80752,21.7375],[103.80966,21.73478],[103.81,21.73415],[103.81012,21.73155],[103.81007,21.73108],[103.81003,21.73084],[103.80563,21.72102],[103.80062,21.71627],[103.79466,21.71083],[103.79056,21.70569],[103.78626,21.70024],[103.78489,21.6985],[103.78352,21.69711],[103.78042,21.69441],[103.77849,21.69277],[103.77457,21.69135],[103.76979,21.68909],[103.76718,21.68762],[103.7579,21.68225],[103.75734,21.68188],[103.75707,21.6817],[103.75683,21.68145],[103.75682,21.68143],[103.7563,21.68061],[103.75511,21.67538],[103.75487,21.674],[103.75474,21.67194],[103.75527,21.66956],[103.75522,21.6686],[103.75477,21.66783],[103.75238,21.66575],[103.75986,21.66476],[103.76401,21.66422],[103.77111,21.65849],[103.7751,21.65524],[103.77737,21.65282],[103.77804,21.65206],[103.77907,21.65149],[103.78014,21.65131],[103.78167,21.65156],[103.7832,21.65183],[103.78474,21.65284],[103.78497,21.65297],[103.78529,21.65294],[103.7855,21.65287],[103.7895,21.65117],[103.78963,21.65112],[103.79119,21.6504],[103.79598,21.64736],[103.8029,21.64036],[103.80299,21.6402],[103.80306,21.63979],[103.80306,21.63951],[103.80269,21.63695],[103.80001,21.62988],[103.79758,21.62803],[103.79629,21.62598],[103.79669,21.62451],[103.79719,21.62281],[103.79724,21.62273],[103.79736,21.62199],[103.79741,21.62171],[103.79744,21.62144],[103.79745,21.62125],[103.79743,21.6204],[103.79646,21.61879],[103.79553,21.61796],[103.79206,21.61723],[103.79201,21.61724],[103.79194,21.61726],[103.7917,21.6173],[103.79168,21.6173],[103.79138,21.61727],[103.79137,21.61727],[103.79113,21.61723],[103.79112,21.61723],[103.79109,21.61722],[103.79085,21.61716],[103.78947,21.61664],[103.78943,21.61661],[103.7893,21.61652],[103.78929,21.61652],[103.78929,21.61652],[103.78927,21.6165],[103.78924,21.61647],[103.78914,21.61638],[103.78857,21.6157],[103.78836,21.61521],[103.78836,21.61509],[103.789,21.61227],[103.78903,21.61215],[103.78938,21.6116],[103.78953,21.61145],[103.79061,21.61063],[103.79097,21.61041],[103.79133,21.61024],[103.79193,21.61005],[103.79207,21.61002],[103.79227,21.60999],[103.79245,21.61003],[103.79263,21.61011],[103.79359,21.6106],[103.79468,21.61119],[103.79574,21.61209],[103.79662,21.61224],[103.79874,21.61256],[103.79871,21.61224],[103.79858,21.61173],[103.79797,21.60998],[103.79775,21.60949],[103.79715,21.60843],[103.79714,21.60841],[103.79711,21.60837],[103.7971,21.60835],[103.79699,21.6082],[103.79697,21.60817],[103.79685,21.60791],[103.79685,21.6079],[103.79669,21.60742],[103.79645,21.60662],[103.79571,21.60409],[103.7964,21.60403],[103.79726,21.60395],[103.80351,21.60459],[103.80602,21.60506],[103.80691,21.60562],[103.80786,21.60649],[103.80815,21.60686],[103.80822,21.60695],[103.80825,21.60701],[103.8083,21.60721],[103.81044,21.60607],[103.8131,21.59997],[103.81308,21.5996],[103.81287,21.5987],[103.81282,21.5985],[103.81248,21.59715],[103.81174,21.59598],[103.81073,21.59456],[103.80953,21.58812],[103.81045,21.57984],[103.80805,21.57275],[103.80676,21.57125],[103.80816,21.56809],[103.81067,21.5638],[103.81584,21.55986],[103.82092,21.55707],[103.83042,21.55185],[103.84018,21.54794],[103.84123,21.54765],[103.84479,21.54664],[103.85178,21.54272],[103.85208,21.54255],[103.85545,21.54158],[103.85882,21.54161],[103.8627,21.54312],[103.86993,21.54632],[103.87329,21.54734],[103.877,21.54736],[103.88196,21.54673],[103.88486,21.54629],[103.88488,21.54643],[103.88537,21.54822],[103.88827,21.55157],[103.88835,21.55164],[103.88841,21.55168],[103.88856,21.5517],[103.8887,21.55171],[103.88926,21.5517],[103.88949,21.55167],[103.88983,21.55159],[103.89004,21.55153],[103.89032,21.55133],[103.8917,21.55128],[103.89411,21.55171],[103.89489,21.55185],[103.89586,21.55209],[103.89626,21.55219],[103.89664,21.5523],[103.89678,21.55235],[103.89687,21.5524],[103.89963,21.55486],[103.89941,21.55633],[103.89777,21.55999],[103.89656,21.56167],[103.89597,21.56208],[103.89266,21.56582],[103.88963,21.57025],[103.89032,21.57365],[103.89355,21.57699],[103.90159,21.58181],[103.902,21.5819],[103.9047,21.58244],[103.90843,21.58337],[103.91146,21.59138],[103.91524,21.59836],[103.91656,21.60119],[103.91685,21.6017],[103.91691,21.60178],[103.91709,21.60192],[103.91734,21.60199],[103.91739,21.602],[103.91751,21.60202],[103.91763,21.60203],[103.91802,21.60203],[103.91876,21.60202],[103.91913,21.602],[103.91921,21.602],[103.91927,21.60199],[103.91941,21.60195],[103.92275,21.60075],[103.92351,21.60046],[103.92361,21.60041],[103.9245,21.59969],[103.92465,21.59955],[103.92705,21.59933],[103.92957,21.59972],[103.93656,21.60094],[103.94294,21.60205],[103.94538,21.60276],[103.9446,21.60553],[103.94391,21.60854],[103.94389,21.60869],[103.9439,21.60879],[103.94395,21.6089],[103.94399,21.60898],[103.94403,21.60902],[103.94407,21.60902],[103.94412,21.60902],[103.94438,21.60896],[103.94553,21.6087],[103.94627,21.60851],[103.94731,21.60767],[103.95072,21.61221],[103.95084,21.613],[103.9514,21.6142],[103.95168,21.61475],[103.95213,21.61509],[103.95593,21.61714],[103.96177,21.61957],[103.96227,21.61904],[103.96252,21.61875],[103.96261,21.61853],[103.96339,21.61448],[103.96645,21.60448],[103.96792,21.60145],[103.97235,21.59491],[103.97594,21.5905],[103.97901,21.58739],[103.982,21.58496],[103.98288,21.58379],[103.98527,21.57961],[103.9864,21.57673],[103.98728,21.5745],[103.98732,21.5744],[103.9874,21.57431],[103.99109,21.57112],[103.9917,21.57074],[103.99332,21.57048],[103.99386,21.57094],[103.99847,21.57418],[104.00544,21.57544],[104.01397,21.57246],[104.01963,21.57202],[104.02475,21.57539],[104.02526,21.57498],[104.02577,21.5746],[104.02865,21.57248],[104.02874,21.57242],[104.02895,21.57231],[104.02918,21.57221],[104.02985,21.57194],[104.02997,21.57189],[104.03019,21.57184],[104.03032,21.5718],[104.03125,21.57163],[104.03147,21.5717],[104.0316,21.57177],[104.03172,21.57188],[104.03185,21.57203],[104.03195,21.5722],[104.03967,21.57748],[104.04316,21.58101],[104.04396,21.58495],[104.03959,21.58958],[104.03896,21.59022],[104.03844,21.59062],[104.03754,21.59112],[104.0374,21.59118],[104.03722,21.59123],[104.03695,21.59131],[104.03687,21.59132],[104.03669,21.59135],[104.03634,21.59138],[104.03464,21.59144],[104.033,21.5914],[104.03272,21.59135],[104.02625,21.59282],[104.02201,21.59387],[104.01902,21.59684],[104.017,21.60093],[104.01678,21.60188],[104.01724,21.6033],[104.01726,21.60338],[104.0173,21.60343],[104.01733,21.60347],[104.01754,21.60359],[104.01771,21.60369],[104.01833,21.60379],[104.02551,21.60832],[104.02985,21.60915],[104.03314,21.60856],[104.03589,21.60887],[104.04092,21.60964],[104.04359,21.6104],[104.04352,21.61043],[104.04337,21.61051],[104.04291,21.61076],[104.04257,21.61096],[104.04234,21.61111],[104.04206,21.61138],[104.04193,21.61151],[104.04187,21.61162],[104.04177,21.6118],[104.04127,21.61321],[104.04123,21.61343],[104.04122,21.6136],[104.04123,21.61388],[104.04126,21.61415],[104.0414,21.6144],[104.04164,21.61462],[104.04178,21.61472],[104.04215,21.61489],[104.04226,21.61492],[104.0424,21.61493],[104.04816,21.61529],[104.05185,21.61438],[104.05621,21.61364],[104.05946,21.61315],[104.06301,21.61377],[104.06381,21.61414],[104.06439,21.61431],[104.06486,21.61444],[104.06532,21.61452],[104.06736,21.61475],[104.0675,21.61475],[104.0681,21.61474],[104.07186,21.61454],[104.07543,21.61419],[104.07963,21.61282],[104.08515,21.61326],[104.08409,21.61668],[104.08672,21.62852],[104.08703,21.6298],[104.08795,21.63341],[104.08878,21.63579],[104.08992,21.6371],[104.0922,21.64025],[104.0929,21.64151],[104.09292,21.64158],[104.09299,21.64186],[104.09305,21.6422],[104.09107,21.64254],[104.09019,21.64232],[104.08917,21.64295],[104.08729,21.6441],[104.08674,21.64444],[104.08427,21.64651],[104.08124,21.64906],[104.07868,21.65047],[104.06185,21.65526],[104.05884,21.65609],[104.05088,21.65829],[104.04604,21.66063],[104.04552,21.66088],[104.04293,21.66285],[104.03528,21.66868],[104.02928,21.67151],[104.0243,21.67133],[104.01778,21.66903],[104.00854,21.66568],[104.00838,21.6659],[104.00549,21.66982],[104.00445,21.67231],[104.00113,21.67384],[103.99394,21.67516],[103.99042,21.6758],[103.98641,21.67675],[103.98405,21.67731],[103.98175,21.67718],[103.97138,21.66735],[103.96937,21.6646],[103.96758,21.66482],[103.9631,21.66872],[103.9594,21.66989],[103.95804,21.66987],[103.93776,21.66952],[103.93753,21.66983],[103.93647,21.67129],[103.93554,21.67772],[103.93648,21.68785],[103.9353,21.69189],[103.93338,21.69438],[103.9234,21.70027],[103.91765,21.69775],[103.91705,21.69749],[103.91146,21.6959],[103.90777,21.69552],[103.90254,21.69739],[103.89181,21.70172],[103.89051,21.70292],[103.88514,21.70787],[103.88258,21.7094],[103.88069,21.70689],[103.88116,21.69629],[103.88032,21.68867],[103.87818,21.68651],[103.87436,21.68613],[103.87002,21.68812],[103.86286,21.69141],[103.85814,21.69197],[103.8535,21.6917],[103.8497,21.69751],[103.84585,21.70105],[103.84086,21.7034],[103.8376,21.70895],[103.83738,21.70933],[103.83435,21.72181],[103.83422,21.72306],[103.83352,21.72978],[103.83376,21.73248],[103.83387,21.73372],[103.83411,21.73418],[103.83487,21.73568],[103.83613,21.73814],[103.83509,21.74099]]]},"properties":{"commune_code":"03814","commune_name":"Xã Chiềng Lao","commune_kind":"XA","province_code":"14","province_name":"Tỉnh Sơn La","area_km2":358.55,"valid_from":"16/6/2025","published":"13/07/2025","area_km2_geom":356.5618739720843,"quality_flag":null,"population":21010.0,"population_wp":18324.963863626122,"anchor_ratio":1.1465234068866843,"pop_source":"WORLDPOP2025_ANCHORED_VNSDI","pop_density_ppkm2":58.9238545499817,"n_stations":0,"n_ports":0,"power_kw_site":0.0,"ports_per_10k_pop":0.0,"util_mean_port_weighted":null,"dist_station_m_pop_weighted":34740.57100851102}},{"type":"Feature","geometry":{"type":"Polygon","coordinates":[[[104.22954,21.67221],[104.22547,21.67254],[104.2177,21.67238],[104.21755,21.67233],[104.21312,21.67093],[104.21161,21.66885],[104.2087,21.66484],[104.19859,21.65205],[104.1977,21.65058],[104.19723,21.6498],[104.19625,21.64817],[104.19606,21.64787],[104.19225,21.64701],[104.18397,21.64769],[104.18038,21.64828],[104.1762,21.64896],[104.16688,21.65403],[104.16114,21.65591],[104.14561,21.65524],[104.14537,21.65521],[104.13238,21.65398],[104.12069,21.65046],[104.11307,21.64756],[104.11201,21.64738],[104.10377,21.64598],[104.09532,21.64372],[104.09107,21.64254],[104.09305,21.6422],[104.09299,21.64186],[104.09292,21.64158],[104.0929,21.64151],[104.0922,21.64025],[104.08992,21.6371],[104.08878,21.63579],[104.08795,21.63341],[104.08703,21.6298],[104.08672,21.62852],[104.08409,21.61668],[104.08515,21.61326],[104.08631,21.61337],[104.08898,21.61324],[104.09438,21.61167],[104.09848,21.61015],[104.10437,21.60793],[104.11343,21.59928],[104.11742,21.59479],[104.11818,21.59356],[104.11825,21.59313],[104.11892,21.58918],[104.11946,21.58594],[104.11964,21.58555],[104.11978,21.58532],[104.12003,21.58509],[104.12051,21.58466],[104.12098,21.5843],[104.12121,21.5843],[104.12276,21.58434],[104.1229,21.58435],[104.12303,21.58442],[104.1232,21.58456],[104.12323,21.58459],[104.12336,21.58518],[104.12333,21.58551],[104.12393,21.58619],[104.12501,21.58671],[104.12932,21.58879],[104.1321,21.58831],[104.1381,21.58584],[104.14038,21.58582],[104.14634,21.58577],[104.15385,21.58577],[104.16047,21.5838],[104.16584,21.58419],[104.16781,21.58403],[104.1698,21.5828],[104.16994,21.58269],[104.17088,21.58177],[104.17193,21.58068],[104.1722,21.58027],[104.17237,21.57994],[104.17242,21.57981],[104.17378,21.5746],[104.1763,21.57295],[104.17641,21.57291],[104.1765,21.57287],[104.17706,21.57255],[104.17725,21.57242],[104.17752,21.57222],[104.1776,21.57213],[104.17872,21.57088],[104.17959,21.56977],[104.1808,21.56815],[104.18094,21.56791],[104.18314,21.56414],[104.19007,21.55935],[104.19105,21.55648],[104.19093,21.55508],[104.19196,21.55314],[104.19288,21.55146],[104.19353,21.55057],[104.19996,21.54975],[104.20205,21.55074],[104.20453,21.55197],[104.20659,21.55334],[104.20775,21.55427],[104.21263,21.55537],[104.21661,21.55519],[104.2259,21.55684],[104.22973,21.55768],[104.23186,21.55996],[104.23323,21.56129],[104.23617,21.5633],[104.23986,21.56577],[104.24278,21.56552],[104.24794,21.56386],[104.25231,21.56291],[104.25568,21.56275],[104.2599,21.56089],[104.26065,21.56043],[104.26113,21.5601],[104.26783,21.55503],[104.27223,21.55354],[104.27585,21.55154],[104.27662,21.55108],[104.27682,21.55096],[104.27692,21.55089],[104.27737,21.55198],[104.27762,21.55261],[104.28357,21.5605],[104.28652,21.56413],[104.28862,21.56671],[104.29129,21.56887],[104.29548,21.57085],[104.2956,21.57091],[104.29564,21.57095],[104.29687,21.57234],[104.2966,21.5752],[104.29465,21.58317],[104.29154,21.59495],[104.28847,21.59898],[104.28896,21.60149],[104.29391,21.60389],[104.30128,21.60666],[104.30718,21.61031],[104.30826,21.61098],[104.31587,21.61649],[104.31778,21.61879],[104.31903,21.62031],[104.3192,21.62069],[104.32074,21.62421],[104.32143,21.6258],[104.32586,21.63094],[104.33346,21.63811],[104.33867,21.64111],[104.33891,21.64302],[104.33901,21.64957],[104.33868,21.65034],[104.3376,21.6529],[104.33578,21.65418],[104.33491,21.65479],[104.33008,21.65467],[104.31954,21.65506],[104.31747,21.65532],[104.31174,21.65494],[104.30233,21.65251],[104.30149,21.65257],[104.29902,21.65274],[104.29596,21.65523],[104.29084,21.65985],[104.2823,21.66219],[104.27313,21.66394],[104.26638,21.66343],[104.26468,21.66343],[104.26052,21.66341],[104.25708,21.66458],[104.25529,21.66636],[104.25463,21.67005],[104.2526,21.67127],[104.25208,21.67159],[104.24831,21.67149],[104.24805,21.67148],[104.24425,21.67138],[104.241,21.6713],[104.22954,21.67221]]]},"properties":{"commune_code":"03820","commune_name":"Xã Ngọc Chiến","commune_kind":"XA","province_code":"14","province_name":"Tỉnh Sơn La","area_km2":212.19,"valid_from":"16/6/2025","published":"13/07/2025","area_km2_geom":216.56772124654483,"quality_flag":null,"population":12020.999999999998,"population_wp":10461.891692582518,"anchor_ratio":1.149027379868871,"pop_source":"WORLDPOP2025_ANCHORED_VNSDI","pop_density_ppkm2":55.50688685649078,"n_stations":0,"n_ports":0,"power_kw_site":0.0,"ports_per_10k_pop":0.0,"util_mean_port_weighted":null,"dist_station_m_pop_weighted":33993.88418790461}},{"type":"Feature","geometry":{"type":"Polygon","coordinates":[[[104.00998,21.49305],[104.00899,21.49419],[104.00738,21.49377],[104.00189,21.49202],[103.99879,21.48932],[103.99565,21.48866],[103.98994,21.48934],[103.9888,21.48804],[103.98844,21.48776],[103.98681,21.48731],[103.9834,21.48231],[103.98419,21.48021],[103.98489,21.47693],[103.98401,21.47576],[103.98244,21.47419],[103.97658,21.46946],[103.97149,21.4661],[103.96837,21.46568],[103.96697,21.46578],[103.96403,21.46563],[103.96019,21.46131],[103.95721,21.45885],[103.95304,21.45622],[103.95195,21.457],[103.94789,21.45195],[103.94502,21.44635],[103.94458,21.44546],[103.94581,21.44304],[103.94267,21.43928],[103.93968,21.43654],[103.93654,21.43324],[103.93517,21.43156],[103.93433,21.43032],[103.93381,21.4289],[103.93353,21.42563],[103.93715,21.42373],[103.94122,21.42056],[103.94331,21.41869],[103.94437,21.41816],[103.9504,21.41583],[103.95158,21.41564],[103.95297,21.41573],[103.95435,21.41643],[103.95541,21.4167],[103.95644,21.41662],[103.95717,21.41637],[103.95792,21.4155],[103.95843,21.41479],[103.95874,21.41424],[103.95953,21.41224],[103.95939,21.40904],[103.95916,21.40636],[103.9611,21.40404],[103.96446,21.40253],[103.96728,21.40236],[103.96979,21.40305],[103.97138,21.39967],[103.97544,21.39067],[103.97735,21.3858],[103.98082,21.38041],[103.98227,21.37809],[103.98337,21.37574],[103.98362,21.3751],[103.98297,21.37451],[103.98221,21.37404],[103.98411,21.36869],[103.98504,21.367],[103.98513,21.3666],[103.98523,21.36632],[103.98531,21.36622],[103.98537,21.36615],[103.98577,21.36582],[103.98618,21.36551],[103.98654,21.36526],[103.98666,21.36518],[103.98686,21.3651],[103.98716,21.36501],[103.98751,21.36495],[103.99006,21.36584],[103.99233,21.36676],[103.99458,21.36753],[103.99504,21.36741],[103.99579,21.3672],[103.99682,21.36678],[103.99765,21.36638],[103.99831,21.36605],[104.00106,21.35915],[104.00115,21.35648],[104.00184,21.35649],[104.00757,21.35631],[104.00984,21.35622],[104.01227,21.35602],[104.01313,21.35685],[104.01344,21.35728],[104.01449,21.35938],[104.01736,21.36576],[104.02451,21.36692],[104.02497,21.36707],[104.02511,21.36714],[104.02565,21.36822],[104.02644,21.36946],[104.02904,21.37246],[104.03163,21.37397],[104.03516,21.37539],[104.03703,21.37511],[104.03779,21.37455],[104.04432,21.37694],[104.0442,21.38034],[104.04535,21.38231],[104.0455,21.38245],[104.04675,21.38174],[104.05046,21.3791],[104.05065,21.37888],[104.05194,21.37711],[104.05199,21.37701],[104.05171,21.37549],[104.0519,21.3745],[104.05227,21.37284],[104.05234,21.37257],[104.05245,21.37233],[104.05405,21.37066],[104.05591,21.36952],[104.0611,21.36467],[104.06838,21.35586],[104.07061,21.35175],[104.07363,21.34597],[104.07499,21.34366],[104.08042,21.3375],[104.08543,21.33255],[104.08815,21.32798],[104.09078,21.32562],[104.09424,21.32392],[104.09566,21.32322],[104.10041,21.32096],[104.10436,21.32187],[104.10845,21.32295],[104.11252,21.32447],[104.11446,21.32042],[104.12052,21.31694],[104.12969,21.31357],[104.1298,21.31347],[104.13144,21.31107],[104.13355,21.30949],[104.1347,21.31124],[104.13524,21.31645],[104.13482,21.32212],[104.13209,21.32423],[104.12758,21.33417],[104.12762,21.33545],[104.12826,21.33706],[104.12988,21.34044],[104.1303,21.34124],[104.13185,21.34406],[104.13838,21.3547],[104.15095,21.35907],[104.1574,21.35964],[104.16043,21.35882],[104.16337,21.35837],[104.16481,21.36031],[104.16645,21.36252],[104.16719,21.36336],[104.17016,21.36676],[104.16976,21.36742],[104.16236,21.37849],[104.1604,21.38072],[104.15636,21.38513],[104.15265,21.38805],[104.14904,21.38781],[104.14596,21.38753],[104.14483,21.38742],[104.14472,21.38741],[104.14456,21.38737],[104.14339,21.38703],[104.1359,21.38448],[104.13195,21.38281],[104.13012,21.38186],[104.12927,21.38141],[104.12924,21.38138],[104.12921,21.38133],[104.12919,21.38127],[104.12918,21.3803],[104.12918,21.3802],[104.12921,21.38011],[104.1295,21.37956],[104.12957,21.37945],[104.12145,21.37068],[104.11267,21.36464],[104.11236,21.36449],[104.11225,21.36445],[104.11147,21.36427],[104.10825,21.36405],[104.10699,21.36412],[104.10525,21.36451],[104.1047,21.36481],[104.10367,21.36549],[104.1034,21.36567],[104.10337,21.36571],[104.10163,21.36794],[104.10145,21.36822],[104.10134,21.36847],[104.10131,21.36862],[104.10131,21.36878],[104.0994,21.3735],[104.09578,21.37752],[104.09269,21.38202],[104.09183,21.38551],[104.09123,21.39156],[104.09279,21.39392],[104.09473,21.39399],[104.09558,21.39379],[104.09588,21.39376],[104.09666,21.39367],[104.09685,21.39366],[104.09697,21.39366],[104.09709,21.39366],[104.09715,21.39366],[104.09744,21.39368],[104.09761,21.39369],[104.09766,21.3937],[104.0977,21.39371],[104.09775,21.39372],[104.09777,21.39372],[104.09783,21.39375],[104.0985,21.39412],[104.09878,21.39429],[104.09893,21.39442],[104.10068,21.39614],[104.10091,21.39705],[104.10091,21.39709],[104.1009,21.39712],[104.10084,21.39722],[104.10066,21.40017],[104.10097,21.40267],[104.10296,21.40752],[104.1037,21.4087],[104.10613,21.40978],[104.10736,21.41027],[104.10999,21.4128],[104.11329,21.41893],[104.11352,21.41935],[104.11363,21.41952],[104.11372,21.41963],[104.11377,21.41967],[104.11386,21.41973],[104.1154,21.42061],[104.11581,21.42078],[104.11638,21.42098],[104.11648,21.42101],[104.11765,21.42124],[104.11773,21.42125],[104.11778,21.42125],[104.11817,21.42119],[104.12441,21.42239],[104.12324,21.42423],[104.11647,21.43165],[104.11026,21.43642],[104.11024,21.43643],[104.10859,21.43738],[104.1087,21.43922],[104.10932,21.44652],[104.10954,21.44673],[104.10973,21.44699],[104.11027,21.44788],[104.11111,21.44981],[104.11151,21.45146],[104.11155,21.45385],[104.11153,21.454],[104.1115,21.4541],[104.11144,21.45421],[104.11136,21.45426],[104.11124,21.45431],[104.11108,21.45434],[104.10982,21.4545],[104.10913,21.45458],[104.10756,21.45473],[104.10608,21.45478],[104.10082,21.4547],[104.09916,21.45401],[104.09873,21.45367],[104.09858,21.4536],[104.09847,21.45358],[104.09584,21.45331],[104.09546,21.45338],[104.0938,21.45441],[104.09187,21.45576],[104.09088,21.45792],[104.09016,21.46032],[104.09009,21.46048],[104.08968,21.46115],[104.08957,21.4613],[104.08905,21.46173],[104.08622,21.4638],[104.08521,21.46427],[104.07736,21.46373],[104.07461,21.46192],[104.07464,21.4609],[104.07462,21.46079],[104.07441,21.46044],[104.07399,21.45976],[104.07236,21.4573],[104.07081,21.45561],[104.06382,21.45029],[104.06241,21.44926],[104.06215,21.44909],[104.06186,21.44892],[104.06018,21.44812],[104.05729,21.44956],[104.0479,21.45824],[104.04768,21.45845],[104.04502,21.4612],[104.04432,21.4618],[104.04216,21.46326],[104.04198,21.46339],[104.03737,21.46535],[104.03594,21.46766],[104.03305,21.47399],[104.0258,21.48333],[104.01834,21.48881],[104.01451,21.49144],[104.00998,21.49305]]]},"properties":{"commune_code":"03847","commune_name":"Xã Mường Bú","commune_kind":"XA","province_code":"14","province_name":"Tỉnh Sơn La","area_km2":213.65,"valid_from":"16/6/2025","published":"13/07/2025","area_km2_geom":213.53949269411487,"quality_flag":null,"population":25284.0,"population_wp":25927.962740132585,"anchor_ratio":0.9751633884009009,"pop_source":"WORLDPOP2025_ANCHORED_VNSDI","pop_density_ppkm2":118.40432737291421,"n_stations":1,"n_ports":12,"power_kw_site":261.0,"ports_per_10k_pop":4.746084480303749,"util_mean_port_weighted":0.03649097815764483,"dist_station_m_pop_weighted":8986.296653169853}},{"type":"Feature","geometry":{"type":"Polygon","coordinates":[[[104.24278,21.56552],[104.23986,21.56577],[104.23617,21.5633],[104.23323,21.56129],[104.23186,21.55996],[104.22973,21.55768],[104.2259,21.55684],[104.21661,21.55519],[104.21263,21.55537],[104.20775,21.55427],[104.20659,21.55334],[104.20453,21.55197],[104.20205,21.55074],[104.19996,21.54975],[104.19353,21.55057],[104.19137,21.54919],[104.1904,21.54583],[104.18939,21.54255],[104.18673,21.53519],[104.18614,21.53375],[104.18543,21.53291],[104.18106,21.52962],[104.17809,21.52764],[104.17262,21.52407],[104.17216,21.52349],[104.1714,21.52235],[104.17112,21.52182],[104.17105,21.52154],[104.17104,21.52112],[104.17067,21.51925],[104.16999,21.51627],[104.16932,21.51346],[104.16927,21.51328],[104.16922,21.51311],[104.16914,21.51299],[104.16683,21.51087],[104.16447,21.51006],[104.15834,21.51033],[104.15227,21.50761],[104.14997,21.50622],[104.14385,21.50248],[104.14321,21.50198],[104.14133,21.50046],[104.13994,21.49918],[104.13991,21.49915],[104.13983,21.49889],[104.13983,21.49883],[104.13984,21.49877],[104.13992,21.49835],[104.13989,21.49049],[104.14132,21.48598],[104.14218,21.48358],[104.14278,21.48101],[104.14325,21.47862],[104.14204,21.47779],[104.13466,21.47277],[104.13281,21.47213],[104.12964,21.47174],[104.12449,21.47097],[104.12337,21.47063],[104.12235,21.47],[104.12086,21.46867],[104.12066,21.46844],[104.12049,21.46816],[104.12008,21.46737],[104.11976,21.46672],[104.11922,21.46547],[104.12133,21.459],[104.12133,21.45885],[104.1213,21.45868],[104.12125,21.4585],[104.12121,21.45838],[104.12115,21.4583],[104.12103,21.45817],[104.1209,21.45806],[104.12,21.45745],[104.11992,21.45741],[104.11798,21.45661],[104.11668,21.45621],[104.11479,21.45718],[104.11155,21.45385],[104.11151,21.45146],[104.11111,21.44981],[104.11027,21.44788],[104.10973,21.44699],[104.10954,21.44673],[104.10932,21.44652],[104.1087,21.43922],[104.10859,21.43738],[104.11024,21.43643],[104.11026,21.43642],[104.11647,21.43165],[104.12324,21.42423],[104.12441,21.42239],[104.11817,21.42119],[104.11778,21.42125],[104.11773,21.42125],[104.11765,21.42124],[104.11648,21.42101],[104.11638,21.42098],[104.11581,21.42078],[104.1154,21.42061],[104.11386,21.41973],[104.11377,21.41967],[104.11372,21.41963],[104.11363,21.41952],[104.11352,21.41935],[104.11329,21.41893],[104.10999,21.4128],[104.10736,21.41027],[104.10613,21.40978],[104.1037,21.4087],[104.10296,21.40752],[104.10097,21.40267],[104.10066,21.40017],[104.10084,21.39722],[104.1009,21.39712],[104.10091,21.39709],[104.10091,21.39705],[104.10068,21.39614],[104.09893,21.39442],[104.09878,21.39429],[104.0985,21.39412],[104.09783,21.39375],[104.09777,21.39372],[104.09775,21.39372],[104.0977,21.39371],[104.09766,21.3937],[104.09761,21.39369],[104.09744,21.39368],[104.09715,21.39366],[104.09709,21.39366],[104.09697,21.39366],[104.09685,21.39366],[104.09666,21.39367],[104.09588,21.39376],[104.09558,21.39379],[104.09473,21.39399],[104.09279,21.39392],[104.09123,21.39156],[104.09183,21.38551],[104.09269,21.38202],[104.09578,21.37752],[104.0994,21.3735],[104.10131,21.36878],[104.10131,21.36862],[104.10134,21.36847],[104.10145,21.36822],[104.10163,21.36794],[104.10337,21.36571],[104.1034,21.36567],[104.10367,21.36549],[104.1047,21.36481],[104.10525,21.36451],[104.10699,21.36412],[104.10825,21.36405],[104.11147,21.36427],[104.11225,21.36445],[104.11236,21.36449],[104.11267,21.36464],[104.12145,21.37068],[104.12957,21.37945],[104.1295,21.37956],[104.12921,21.38011],[104.12918,21.3802],[104.12918,21.3803],[104.12919,21.38127],[104.12921,21.38133],[104.12924,21.38138],[104.12927,21.38141],[104.13012,21.38186],[104.13195,21.38281],[104.1359,21.38448],[104.14339,21.38703],[104.14456,21.38737],[104.14472,21.38741],[104.14483,21.38742],[104.14596,21.38753],[104.14904,21.38781],[104.15265,21.38805],[104.15636,21.38513],[104.1604,21.38072],[104.16236,21.37849],[104.16976,21.36742],[104.17016,21.36676],[104.17204,21.36363],[104.17464,21.36448],[104.17709,21.36479],[104.1786,21.3654],[104.18127,21.36754],[104.18558,21.37134],[104.1862,21.37205],[104.18718,21.37415],[104.19033,21.37696],[104.19206,21.37845],[104.19587,21.38088],[104.1986,21.38146],[104.19876,21.38139],[104.20001,21.38086],[104.20302,21.37955],[104.20396,21.37861],[104.20306,21.37663],[104.20292,21.37535],[104.20305,21.37399],[104.20427,21.3713],[104.20567,21.37031],[104.20643,21.37133],[104.20747,21.37272],[104.20984,21.37801],[104.21457,21.38181],[104.21532,21.38136],[104.21589,21.38115],[104.2166,21.38099],[104.21805,21.38079],[104.21931,21.38073],[104.22396,21.38096],[104.22486,21.38105],[104.22563,21.38133],[104.22616,21.38174],[104.22846,21.3838],[104.22846,21.38394],[104.2284,21.38414],[104.2283,21.38437],[104.22796,21.38476],[104.22754,21.38499],[104.22726,21.38504],[104.22696,21.38493],[104.22618,21.38441],[104.22577,21.38423],[104.22549,21.38416],[104.22528,21.38417],[104.22508,21.38425],[104.22494,21.38438],[104.22428,21.38549],[104.22403,21.38602],[104.22395,21.38656],[104.2241,21.38697],[104.22578,21.38827],[104.22652,21.38866],[104.22727,21.38876],[104.22781,21.38862],[104.24525,21.39084],[104.2486,21.3969],[104.25271,21.40511],[104.25353,21.40639],[104.25721,21.41023],[104.25909,21.41172],[104.26016,21.4122],[104.26183,21.41381],[104.26265,21.41501],[104.26634,21.42062],[104.26723,21.42215],[104.27249,21.42282],[104.27397,21.42278],[104.2754,21.42354],[104.27592,21.4243],[104.27673,21.42628],[104.2769,21.42839],[104.27827,21.4299],[104.27964,21.43101],[104.28181,21.43159],[104.28877,21.43408],[104.29312,21.43709],[104.29584,21.43856],[104.29626,21.43864],[104.29893,21.43894],[104.29976,21.43844],[104.30037,21.43802],[104.30025,21.43852],[104.29943,21.44188],[104.29932,21.44235],[104.29927,21.44254],[104.29998,21.44467],[104.30058,21.44649],[104.30153,21.44934],[104.30252,21.45304],[104.3015,21.45494],[104.29538,21.45944],[104.28977,21.46275],[104.28483,21.46745],[104.28478,21.46749],[104.28445,21.46809],[104.28409,21.46874],[104.28361,21.46959],[104.28287,21.47092],[104.28286,21.47094],[104.28293,21.47363],[104.28296,21.47474],[104.28297,21.47511],[104.28358,21.47798],[104.284,21.47992],[104.28545,21.48667],[104.28516,21.48929],[104.28492,21.49143],[104.28602,21.49516],[104.28605,21.49525],[104.29173,21.50325],[104.29266,21.50678],[104.29304,21.50823],[104.29373,21.51088],[104.2937,21.51743],[104.29266,21.52327],[104.29239,21.52481],[104.29141,21.52808],[104.29136,21.52826],[104.28662,21.53348],[104.28565,21.5346],[104.28524,21.53508],[104.28202,21.53882],[104.28167,21.5395],[104.28131,21.54023],[104.27932,21.54416],[104.27675,21.55046],[104.2769,21.55085],[104.27692,21.55089],[104.27682,21.55096],[104.27662,21.55108],[104.27585,21.55154],[104.27223,21.55354],[104.26783,21.55503],[104.26113,21.5601],[104.26065,21.56043],[104.2599,21.56089],[104.25568,21.56275],[104.25231,21.56291],[104.24794,21.56386],[104.24278,21.56552]]]},"properties":{"commune_code":"03850","commune_name":"Xã Chiềng Hoa","commune_kind":"XA","province_code":"14","province_name":"Tỉnh Sơn La","area_km2":296.48,"valid_from":"16/6/2025","published":"13/07/2025","area_km2_geom":296.2356881063465,"quality_flag":null,"population":17644.0,"population_wp":14247.344152035192,"anchor_ratio":1.2384062469270531,"pop_source":"WORLDPOP2025_ANCHORED_VNSDI","pop_density_ppkm2":59.560683295072565,"n_stations":0,"n_ports":0,"power_kw_site":0.0,"ports_per_10k_pop":0.0,"util_mean_port_weighted":null,"dist_station_m_pop_weighted":25516.609824799685}},{"type":"Feature","geometry":{"type":"Polygon","coordinates":[[[104.42266,21.27743],[104.42227,21.27797],[104.42167,21.27763],[104.41336,21.27226],[104.41234,21.26957],[104.41181,21.26837],[104.41119,21.26738],[104.40987,21.26529],[104.40647,21.26134],[104.40633,21.2612],[104.40558,21.2608],[104.40497,21.26049],[104.40474,21.26041],[104.40324,21.26001],[104.40316,21.26],[104.40149,21.25984],[104.39687,21.25321],[104.39145,21.25267],[104.3912,21.25276],[104.3798,21.25372],[104.37485,21.25069],[104.37482,21.24933],[104.37451,21.24565],[104.37391,21.23947],[104.37309,21.2371],[104.37214,21.23469],[104.3716,21.23338],[104.37107,21.23339],[104.37077,21.23341],[104.36995,21.2335],[104.36694,21.23401],[104.36433,21.23489],[104.35526,21.2364],[104.35522,21.23636],[104.3552,21.23634],[104.34969,21.22882],[104.34553,21.2228],[104.34526,21.2224],[104.34508,21.2221],[104.3444,21.21989],[104.34383,21.21801],[104.34363,21.21725],[104.34654,21.21677],[104.35193,21.21456],[104.36369,21.21054],[104.36789,21.20911],[104.37199,21.20653],[104.37622,21.20387],[104.38717,21.19531],[104.38846,21.1939],[104.40121,21.18008],[104.40529,21.17361],[104.40858,21.16842],[104.41588,21.1609],[104.41667,21.16009],[104.42024,21.1539],[104.42144,21.1486],[104.42191,21.14653],[104.42544,21.14437],[104.42619,21.14391],[104.43166,21.14272],[104.43809,21.14177],[104.44213,21.14034],[104.45046,21.13272],[104.45412,21.13181],[104.45617,21.1313],[104.45809,21.13154],[104.46742,21.13086],[104.46759,21.13082],[104.47211,21.12594],[104.47391,21.12388],[104.47925,21.11773],[104.48568,21.11381],[104.49496,21.10881],[104.49786,21.10747],[104.50424,21.10453],[104.51387,21.09917],[104.51498,21.09746],[104.51584,21.09614],[104.51593,21.09634],[104.51785,21.10047],[104.52421,21.10793],[104.52429,21.10803],[104.52524,21.10967],[104.53065,21.11909],[104.53183,21.12235],[104.53306,21.12576],[104.53373,21.13096],[104.5332,21.13632],[104.53058,21.14264],[104.52624,21.14896],[104.51808,21.15739],[104.51199,21.16565],[104.51024,21.17085],[104.51006,21.17344],[104.51183,21.17781],[104.51229,21.17897],[104.51332,21.18239],[104.51332,21.18417],[104.51244,21.18709],[104.50601,21.19422],[104.50442,21.19544],[104.49808,21.20028],[104.49265,21.20442],[104.49109,21.20652],[104.49021,21.20993],[104.49106,21.21399],[104.49587,21.22392],[104.49932,21.22815],[104.50243,21.23018],[104.50711,21.23334],[104.51441,21.2395],[104.51363,21.23977],[104.5103,21.24073],[104.50474,21.24073],[104.50373,21.24092],[104.50323,21.24114],[104.50267,21.24206],[104.50241,21.24291],[104.50154,21.24612],[104.50156,21.24939],[104.49795,21.25425],[104.49261,21.2578],[104.49152,21.25916],[104.49133,21.25931],[104.48731,21.25842],[104.48301,21.25719],[104.48189,21.25719],[104.48155,21.25724],[104.47857,21.25844],[104.47466,21.26008],[104.46915,21.26279],[104.46596,21.2649],[104.46408,21.26549],[104.45999,21.26633],[104.45577,21.2673],[104.45297,21.26814],[104.45276,21.26839],[104.4517,21.26938],[104.44914,21.27106],[104.44449,21.27033],[104.43782,21.27241],[104.4376,21.27255],[104.43554,21.27407],[104.43387,21.27603],[104.43345,21.27648],[104.4324,21.27739],[104.43093,21.27745],[104.42726,21.27587],[104.42409,21.27645],[104.42312,21.27696],[104.42266,21.27743]]]},"properties":{"commune_code":"03856","commune_name":"Xã Bắc Yên","commune_kind":"XA","province_code":"14","province_name":"Tỉnh Sơn La","area_km2":195.23,"valid_from":"16/6/2025","published":"13/07/2025","area_km2_geom":195.49741766056582,"quality_flag":null,"population":21825.0,"population_wp":25128.782593235373,"anchor_ratio":0.8685259589883695,"pop_source":"WORLDPOP2025_ANCHORED_VNSDI","pop_density_ppkm2":111.6383032633907,"n_stations":1,"n_ports":4,"power_kw_site":240.0,"ports_per_10k_pop":1.8327605956471935,"util_mean_port_weighted":0.3680096873623954,"dist_station_m_pop_weighted":5904.3414228308075}},{"type":"Feature","geometry":{"type":"Polygon","coordinates":[[[104.29976,21.43844],[104.29893,21.43894],[104.29626,21.43864],[104.29584,21.43856],[104.29312,21.43709],[104.28877,21.43408],[104.28181,21.43159],[104.27964,21.43101],[104.27827,21.4299],[104.2769,21.42839],[104.27673,21.42628],[104.27592,21.4243],[104.2754,21.42354],[104.27397,21.42278],[104.27249,21.42282],[104.26723,21.42215],[104.26634,21.42062],[104.26265,21.41501],[104.26183,21.41381],[104.26016,21.4122],[104.25909,21.41172],[104.25721,21.41023],[104.25353,21.40639],[104.25271,21.40511],[104.2486,21.3969],[104.24525,21.39084],[104.22781,21.38862],[104.22727,21.38876],[104.22652,21.38866],[104.22578,21.38827],[104.2241,21.38697],[104.22395,21.38656],[104.22403,21.38602],[104.22428,21.38549],[104.22494,21.38438],[104.22508,21.38425],[104.22528,21.38417],[104.22549,21.38416],[104.22577,21.38423],[104.22618,21.38441],[104.22696,21.38493],[104.22726,21.38504],[104.22754,21.38499],[104.22796,21.38476],[104.2283,21.38437],[104.2284,21.38414],[104.22846,21.38394],[104.22846,21.3838],[104.22616,21.38174],[104.22563,21.38133],[104.22486,21.38105],[104.22396,21.38096],[104.21931,21.38073],[104.21805,21.38079],[104.2166,21.38099],[104.21589,21.38115],[104.21532,21.38136],[104.21457,21.38181],[104.20984,21.37801],[104.20747,21.37272],[104.20643,21.37133],[104.20903,21.3695],[104.21219,21.36179],[104.21828,21.35886],[104.21868,21.35887],[104.2247,21.35607],[104.23095,21.3474],[104.2354,21.34745],[104.23625,21.34732],[104.23918,21.34681],[104.23876,21.34503],[104.24194,21.33573],[104.24226,21.33165],[104.24252,21.3286],[104.24283,21.32691],[104.24378,21.32365],[104.24882,21.31271],[104.25064,21.31095],[104.25208,21.30744],[104.25173,21.30546],[104.25091,21.30551],[104.24982,21.30536],[104.24848,21.30464],[104.24842,21.3046],[104.24838,21.30456],[104.24835,21.3045],[104.24834,21.30443],[104.24835,21.30436],[104.24836,21.30428],[104.24873,21.30368],[104.24879,21.30359],[104.24884,21.30352],[104.25002,21.30198],[104.25094,21.30131],[104.25453,21.30395],[104.25626,21.30515],[104.25639,21.30523],[104.25772,21.30587],[104.25848,21.30622],[104.26069,21.30695],[104.26183,21.30729],[104.26089,21.3064],[104.26068,21.30622],[104.26041,21.30601],[104.26002,21.30596],[104.25938,21.30584],[104.2584,21.3054],[104.2581,21.30522],[104.25768,21.30493],[104.25553,21.30297],[104.25443,21.3017],[104.2543,21.30152],[104.25423,21.30136],[104.25405,21.30083],[104.25393,21.30036],[104.25379,21.29837],[104.25761,21.29883],[104.26147,21.2993],[104.26239,21.29941],[104.26505,21.29973],[104.2672,21.29995],[104.2695,21.29923],[104.27153,21.29796],[104.27758,21.30478],[104.28011,21.30033],[104.28035,21.29564],[104.28062,21.29025],[104.28072,21.28979],[104.28515,21.28847],[104.29381,21.28676],[104.29715,21.28637],[104.29825,21.28627],[104.29842,21.28625],[104.29849,21.28625],[104.29856,21.28626],[104.30152,21.28685],[104.30374,21.28734],[104.30551,21.28682],[104.30566,21.28675],[104.30569,21.28673],[104.30581,21.28664],[104.3098,21.28339],[104.31894,21.27581],[104.32076,21.27387],[104.32158,21.27285],[104.32375,21.28101],[104.32303,21.28139],[104.32274,21.28147],[104.32179,21.28175],[104.32058,21.28215],[104.3208,21.28388],[104.32248,21.29016],[104.32361,21.29175],[104.32456,21.29268],[104.32523,21.29352],[104.32524,21.29353],[104.32585,21.29441],[104.32643,21.29595],[104.32672,21.29734],[104.32677,21.29754],[104.32676,21.29873],[104.32676,21.29912],[104.32671,21.30019],[104.325,21.30574],[104.32488,21.30618],[104.32487,21.30663],[104.32496,21.30702],[104.32496,21.30702],[104.32615,21.30817],[104.33021,21.31162],[104.33023,21.31168],[104.33019,21.3143],[104.32941,21.31479],[104.32967,21.31769],[104.33663,21.31831],[104.3446,21.31462],[104.34735,21.31034],[104.34818,21.30963],[104.34872,21.30949],[104.34953,21.30928],[104.35086,21.30982],[104.3527,21.31162],[104.35455,21.3155],[104.35587,21.31719],[104.35682,21.31785],[104.36199,21.31733],[104.36608,21.31538],[104.36717,21.31353],[104.36813,21.31245],[104.37594,21.31483],[104.37701,21.31473],[104.37778,21.31412],[104.37905,21.31126],[104.37998,21.31037],[104.38139,21.31059],[104.38283,21.31346],[104.38325,21.3149],[104.3842,21.31616],[104.38565,21.31676],[104.38892,21.31677],[104.38908,21.3167],[104.3903,21.31351],[104.39191,21.31154],[104.39261,21.31111],[104.39766,21.31583],[104.39983,21.31625],[104.40032,21.31598],[104.4005,21.31572],[104.4085,21.31585],[104.41538,21.31644],[104.42055,21.3169],[104.42131,21.3181],[104.42404,21.32275],[104.42407,21.32281],[104.42555,21.32672],[104.42556,21.32684],[104.4256,21.32691],[104.42818,21.33037],[104.42826,21.33048],[104.42839,21.33057],[104.42952,21.33117],[104.43245,21.33175],[104.4329,21.33196],[104.43376,21.33248],[104.43552,21.33428],[104.43483,21.33583],[104.43474,21.33605],[104.43434,21.33807],[104.43433,21.33814],[104.43433,21.33821],[104.43501,21.34428],[104.43527,21.34999],[104.43406,21.35316],[104.43406,21.35316],[104.43428,21.35339],[104.43458,21.35364],[104.43482,21.35381],[104.43513,21.35401],[104.43699,21.35503],[104.43143,21.3548],[104.4238,21.35822],[104.42099,21.36048],[104.41984,21.36369],[104.42019,21.3706],[104.41953,21.37548],[104.41723,21.37995],[104.41672,21.38095],[104.41438,21.38344],[104.41136,21.38665],[104.40796,21.38826],[104.40445,21.38948],[104.40003,21.39065],[104.39595,21.39505],[104.39071,21.40086],[104.38524,21.40227],[104.38042,21.40178],[104.37293,21.39913],[104.36859,21.39922],[104.3683,21.39923],[104.36823,21.39923],[104.36673,21.39995],[104.36455,21.40099],[104.36402,21.40124],[104.36294,21.40259],[104.36294,21.40259],[104.36211,21.40363],[104.3561,21.41109],[104.34997,21.41738],[104.34692,21.41844],[104.34426,21.41665],[104.34263,21.41164],[104.3426,21.41161],[104.34035,21.40913],[104.33986,21.40904],[104.33502,21.40815],[104.33085,21.40876],[104.32942,21.40897],[104.32662,21.41062],[104.32482,21.41443],[104.3234,21.41789],[104.32326,21.41823],[104.32196,21.4214],[104.32178,21.42184],[104.32001,21.42614],[104.31994,21.42631],[104.31713,21.42916],[104.31122,21.43202],[104.31101,21.43211],[104.30438,21.43361],[104.30383,21.43374],[104.30376,21.43375],[104.30057,21.43719],[104.30037,21.43802],[104.29976,21.43844]]]},"properties":{"commune_code":"03862","commune_name":"Xã Xím Vàng","commune_kind":"XA","province_code":"14","province_name":"Tỉnh Sơn La","area_km2":232.35,"valid_from":"16/6/2025","published":"13/07/2025","area_km2_geom":233.91462605804347,"quality_flag":null,"population":7596.0,"population_wp":8687.227284628898,"anchor_ratio":0.8743871607273698,"pop_source":"WORLDPOP2025_ANCHORED_VNSDI","pop_density_ppkm2":32.473386243556796,"n_stations":0,"n_ports":0,"power_kw_site":0.0,"ports_per_10k_pop":0.0,"util_mean_port_weighted":null,"dist_station_m_pop_weighted":44129.24959246451}},{"type":"Feature","geometry":{"type":"Polygon","coordinates":[[[104.54,21.41432],[104.53339,21.41454],[104.52882,21.4125],[104.52425,21.40856],[104.51857,21.39866],[104.51549,21.39369],[104.51331,21.39019],[104.5082,21.38195],[104.50678,21.38038],[104.5039,21.37718],[104.49777,21.37407],[104.49375,21.37203],[104.48755,21.36534],[104.48321,21.36009],[104.47945,21.35555],[104.47552,21.35327],[104.4693,21.35242],[104.4576,21.35441],[104.44921,21.35688],[104.44426,21.35663],[104.44371,21.3565],[104.43753,21.35506],[104.43699,21.35503],[104.43513,21.35401],[104.43482,21.35381],[104.43458,21.35364],[104.43428,21.35339],[104.43406,21.35316],[104.43406,21.35316],[104.43527,21.34999],[104.43501,21.34428],[104.43433,21.33821],[104.43433,21.33814],[104.43434,21.33807],[104.43474,21.33605],[104.43483,21.33583],[104.43552,21.33428],[104.43376,21.33248],[104.4329,21.33196],[104.43245,21.33175],[104.42952,21.33117],[104.42839,21.33057],[104.42826,21.33048],[104.42818,21.33037],[104.4256,21.32691],[104.42556,21.32684],[104.42555,21.32672],[104.42407,21.32281],[104.42404,21.32275],[104.42131,21.3181],[104.42055,21.3169],[104.41538,21.31644],[104.4085,21.31585],[104.4005,21.31572],[104.40032,21.31598],[104.39983,21.31625],[104.39766,21.31583],[104.39261,21.31111],[104.39191,21.31154],[104.3903,21.31351],[104.38908,21.3167],[104.38892,21.31677],[104.38565,21.31676],[104.3842,21.31616],[104.38325,21.3149],[104.38283,21.31346],[104.38139,21.31059],[104.37998,21.31037],[104.37905,21.31126],[104.37778,21.31412],[104.37701,21.31473],[104.37594,21.31483],[104.36813,21.31245],[104.36717,21.31353],[104.36608,21.31538],[104.36199,21.31733],[104.35682,21.31785],[104.35587,21.31719],[104.35455,21.3155],[104.3527,21.31162],[104.35086,21.30982],[104.34953,21.30928],[104.34872,21.30949],[104.34818,21.30963],[104.34735,21.31034],[104.3446,21.31462],[104.33663,21.31831],[104.32967,21.31769],[104.32941,21.31479],[104.33019,21.3143],[104.33023,21.31168],[104.33021,21.31162],[104.32615,21.30817],[104.32496,21.30702],[104.32496,21.30702],[104.32487,21.30663],[104.32488,21.30618],[104.325,21.30574],[104.32671,21.30019],[104.32676,21.29912],[104.32676,21.29873],[104.32677,21.29754],[104.32672,21.29734],[104.32643,21.29595],[104.32585,21.29441],[104.32524,21.29353],[104.32523,21.29352],[104.32456,21.29268],[104.32361,21.29175],[104.32248,21.29016],[104.3208,21.28388],[104.32058,21.28215],[104.32179,21.28175],[104.32274,21.28147],[104.32303,21.28139],[104.32375,21.28101],[104.32158,21.27285],[104.32646,21.27107],[104.32846,21.27039],[104.33364,21.26968],[104.33683,21.26941],[104.34316,21.26926],[104.34694,21.26979],[104.35288,21.27098],[104.35378,21.27157],[104.35383,21.27163],[104.35387,21.27169],[104.35457,21.27364],[104.3546,21.2737],[104.35899,21.27791],[104.36107,21.27898],[104.36136,21.27319],[104.36084,21.26944],[104.36145,21.26117],[104.36238,21.25871],[104.36681,21.25613],[104.36739,21.25546],[104.36814,21.25228],[104.36999,21.25127],[104.37034,21.25109],[104.3721,21.25057],[104.37305,21.25051],[104.37485,21.25069],[104.3798,21.25372],[104.3912,21.25276],[104.39145,21.25267],[104.39687,21.25321],[104.40149,21.25984],[104.40316,21.26],[104.40324,21.26001],[104.40474,21.26041],[104.40497,21.26049],[104.40558,21.2608],[104.40633,21.2612],[104.40647,21.26134],[104.40987,21.26529],[104.41119,21.26738],[104.41181,21.26837],[104.41234,21.26957],[104.41336,21.27226],[104.42167,21.27763],[104.42227,21.27797],[104.42266,21.27743],[104.42312,21.27696],[104.42409,21.27645],[104.42726,21.27587],[104.43093,21.27745],[104.4324,21.27739],[104.43345,21.27648],[104.43387,21.27603],[104.43554,21.27407],[104.4376,21.27255],[104.43782,21.27241],[104.44449,21.27033],[104.44914,21.27106],[104.4517,21.26938],[104.45276,21.26839],[104.45297,21.26814],[104.45577,21.2673],[104.45999,21.26633],[104.46408,21.26549],[104.46596,21.2649],[104.46915,21.26279],[104.47466,21.26008],[104.47857,21.25844],[104.48155,21.25724],[104.48189,21.25719],[104.48301,21.25719],[104.48731,21.25842],[104.49133,21.25931],[104.49152,21.25916],[104.49261,21.2578],[104.49795,21.25425],[104.50156,21.24939],[104.50154,21.24612],[104.50241,21.24291],[104.50267,21.24206],[104.50323,21.24114],[104.50373,21.24092],[104.50474,21.24073],[104.5103,21.24073],[104.51363,21.23977],[104.51441,21.2395],[104.51845,21.24366],[104.51952,21.24477],[104.52383,21.25145],[104.52849,21.25519],[104.53541,21.25765],[104.53922,21.25945],[104.54146,21.26205],[104.54189,21.26296],[104.54318,21.26563],[104.54465,21.26769],[104.54671,21.26924],[104.54962,21.27144],[104.55227,21.27581],[104.55358,21.2808],[104.55405,21.2849],[104.55423,21.28641],[104.55852,21.29421],[104.56107,21.29876],[104.5648,21.30544],[104.56612,21.31106],[104.56476,21.31978],[104.56319,21.32402],[104.55949,21.33401],[104.55773,21.33877],[104.55671,21.34375],[104.55736,21.34843],[104.56365,21.3581],[104.56695,21.3659],[104.56694,21.36933],[104.56594,21.37213],[104.55921,21.37744],[104.55727,21.37897],[104.5506,21.38207],[104.54841,21.38261],[104.54643,21.38115],[104.54588,21.38132],[104.54524,21.38228],[104.54375,21.3845],[104.53941,21.39579],[104.54488,21.40158],[104.54797,21.40527],[104.54965,21.40731],[104.55305,21.40915],[104.55889,21.40914],[104.56044,21.40922],[104.56181,21.40943],[104.56502,21.40998],[104.56548,21.41023],[104.56428,21.40998],[104.55755,21.40984],[104.5503,21.41089],[104.54,21.41432]]]},"properties":{"commune_code":"03868","commune_name":"Xã Tà Xùa","commune_kind":"XA","province_code":"14","province_name":"Tỉnh Sơn La","area_km2":233.67,"valid_from":"16/6/2025","published":"13/07/2025","area_km2_geom":233.1344826491172,"quality_flag":null,"population":11198.999999999998,"population_wp":9489.311120830476,"anchor_ratio":1.1801699678089905,"pop_source":"WORLDPOP2025_ANCHORED_VNSDI","pop_density_ppkm2":48.03665194760242,"n_stations":0,"n_ports":0,"power_kw_site":0.0,"ports_per_10k_pop":0.0,"util_mean_port_weighted":null,"dist_station_m_pop_weighted":21502.73410337661}},{"type":"Feature","geometry":{"type":"Polygon","coordinates":[[[104.19876,21.38139],[104.1986,21.38146],[104.19587,21.38088],[104.19206,21.37845],[104.19033,21.37696],[104.18718,21.37415],[104.1862,21.37205],[104.18558,21.37134],[104.18127,21.36754],[104.1786,21.3654],[104.17709,21.36479],[104.17464,21.36448],[104.17204,21.36363],[104.17421,21.36001],[104.17422,21.35999],[104.17599,21.35737],[104.17645,21.35668],[104.17672,21.35506],[104.17673,21.35503],[104.1763,21.35304],[104.17463,21.35104],[104.17329,21.34996],[104.17155,21.34854],[104.16954,21.34464],[104.16943,21.34425],[104.16867,21.34165],[104.16864,21.33935],[104.16984,21.33349],[104.1721,21.32655],[104.17512,21.32203],[104.1813,21.31721],[104.19004,21.31223],[104.19508,21.30997],[104.19743,21.30891],[104.2015,21.30726],[104.20436,21.30319],[104.20655,21.29972],[104.20798,21.29746],[104.21311,21.29278],[104.21639,21.29006],[104.22308,21.28451],[104.22661,21.28112],[104.22678,21.28096],[104.24093,21.26738],[104.24242,21.26647],[104.25092,21.26131],[104.25104,21.26129],[104.25493,21.26067],[104.26199,21.25953],[104.27019,21.25703],[104.2834,21.24811],[104.29114,21.23948],[104.29305,21.23735],[104.29589,21.23419],[104.3016,21.22776],[104.30335,21.22707],[104.31053,21.22419],[104.32623,21.21777],[104.33287,21.21777],[104.33765,21.21777],[104.34363,21.21725],[104.34383,21.21801],[104.3444,21.21989],[104.34508,21.2221],[104.34526,21.2224],[104.34553,21.2228],[104.34969,21.22882],[104.3552,21.23634],[104.35522,21.23636],[104.35526,21.2364],[104.36433,21.23489],[104.36694,21.23401],[104.36995,21.2335],[104.37077,21.23341],[104.37107,21.23339],[104.3716,21.23338],[104.37214,21.23469],[104.37309,21.2371],[104.37391,21.23947],[104.37451,21.24565],[104.37482,21.24933],[104.37485,21.25069],[104.37305,21.25051],[104.3721,21.25057],[104.37034,21.25109],[104.36999,21.25127],[104.36814,21.25228],[104.36739,21.25546],[104.36681,21.25613],[104.36238,21.25871],[104.36145,21.26117],[104.36084,21.26944],[104.36136,21.27319],[104.36107,21.27898],[104.35899,21.27791],[104.3546,21.2737],[104.35457,21.27364],[104.35387,21.27169],[104.35383,21.27163],[104.35378,21.27157],[104.35288,21.27098],[104.34694,21.26979],[104.34316,21.26926],[104.33683,21.26941],[104.33364,21.26968],[104.32846,21.27039],[104.32646,21.27107],[104.32158,21.27285],[104.32076,21.27387],[104.31894,21.27581],[104.3098,21.28339],[104.30581,21.28664],[104.30569,21.28673],[104.30566,21.28675],[104.30551,21.28682],[104.30374,21.28734],[104.30152,21.28685],[104.29856,21.28626],[104.29849,21.28625],[104.29842,21.28625],[104.29825,21.28627],[104.29715,21.28637],[104.29381,21.28676],[104.28515,21.28847],[104.28072,21.28979],[104.28062,21.29025],[104.28035,21.29564],[104.28011,21.30033],[104.27758,21.30478],[104.27153,21.29796],[104.2695,21.29923],[104.2672,21.29995],[104.26505,21.29973],[104.26239,21.29941],[104.26147,21.2993],[104.25761,21.29883],[104.25379,21.29837],[104.25393,21.30036],[104.25405,21.30083],[104.25423,21.30136],[104.2543,21.30152],[104.25443,21.3017],[104.25553,21.30297],[104.25768,21.30493],[104.2581,21.30522],[104.2584,21.3054],[104.25938,21.30584],[104.26002,21.30596],[104.26041,21.30601],[104.26068,21.30622],[104.26089,21.3064],[104.26183,21.30729],[104.26069,21.30695],[104.25848,21.30622],[104.25772,21.30587],[104.25639,21.30523],[104.25626,21.30515],[104.25453,21.30395],[104.25094,21.30131],[104.25002,21.30198],[104.24884,21.30352],[104.24879,21.30359],[104.24873,21.30368],[104.24836,21.30428],[104.24835,21.30436],[104.24834,21.30443],[104.24835,21.3045],[104.24838,21.30456],[104.24842,21.3046],[104.24848,21.30464],[104.24982,21.30536],[104.25091,21.30551],[104.25173,21.30546],[104.25208,21.30744],[104.25064,21.31095],[104.24882,21.31271],[104.24378,21.32365],[104.24283,21.32691],[104.24252,21.3286],[104.24226,21.33165],[104.24194,21.33573],[104.23876,21.34503],[104.23918,21.34681],[104.23625,21.34732],[104.2354,21.34745],[104.23095,21.3474],[104.2247,21.35607],[104.21868,21.35887],[104.21828,21.35886],[104.21219,21.36179],[104.20903,21.3695],[104.20643,21.37133],[104.20567,21.37031],[104.20427,21.3713],[104.20305,21.37399],[104.20292,21.37535],[104.20306,21.37663],[104.20396,21.37861],[104.20302,21.37955],[104.20001,21.38086],[104.19876,21.38139]]]},"properties":{"commune_code":"03871","commune_name":"Xã Pắc Ngà","commune_kind":"XA","province_code":"14","province_name":"Tỉnh Sơn La","area_km2":122.59,"valid_from":"16/6/2025","published":"13/07/2025","area_km2_geom":122.69166869906012,"quality_flag":null,"population":13274.0,"population_wp":10628.460597388446,"anchor_ratio":1.2489108726866427,"pop_source":"WORLDPOP2025_ANCHORED_VNSDI","pop_density_ppkm2":108.18990515614111,"n_stations":0,"n_ports":0,"power_kw_site":0.0,"ports_per_10k_pop":0.0,"util_mean_port_weighted":null,"dist_station_m_pop_weighted":32290.27338778206}},{"type":"Feature","geometry":{"type":"Polygon","coordinates":[[[104.29305,21.23735],[104.29114,21.23948],[104.28801,21.23678],[104.28252,21.23202],[104.28157,21.23095],[104.28001,21.22922],[104.27824,21.22469],[104.27776,21.22132],[104.27727,21.21891],[104.27629,21.21629],[104.2752,21.21388],[104.2665,21.21503],[104.26616,21.2152],[104.26342,21.21682],[104.26226,21.21787],[104.2614,21.21864],[104.26017,21.22033],[104.25936,21.22143],[104.25929,21.22178],[104.25925,21.22185],[104.25898,21.22205],[104.25836,21.22252],[104.25639,21.22229],[104.25567,21.21803],[104.25473,21.2153],[104.25412,21.21419],[104.2497,21.21074],[104.24715,21.21025],[104.24578,21.21142],[104.24162,21.20977],[104.23808,21.20805],[104.23576,21.20579],[104.22938,21.20076],[104.22358,21.19689],[104.22237,21.19556],[104.22146,21.19428],[104.2213,21.19267],[104.22157,21.19266],[104.22245,21.19225],[104.22398,21.19024],[104.22664,21.18601],[104.22987,21.18205],[104.23207,21.17927],[104.23822,21.17248],[104.23835,21.17234],[104.24093,21.16988],[104.24281,21.16864],[104.24994,21.16506],[104.25713,21.16008],[104.26257,21.15802],[104.26775,21.15337],[104.27212,21.14846],[104.27617,21.14475],[104.28247,21.14169],[104.28586,21.14009],[104.28667,21.13993],[104.28806,21.1401],[104.28926,21.1402],[104.29,21.13984],[104.29104,21.13857],[104.29246,21.13632],[104.29731,21.13186],[104.30537,21.12907],[104.30901,21.12825],[104.31235,21.12754],[104.31618,21.12565],[104.31699,21.1249],[104.31755,21.12423],[104.31827,21.12334],[104.31959,21.12164],[104.32039,21.12046],[104.32285,21.11792],[104.32716,21.11553],[104.33635,21.11123],[104.34443,21.10741],[104.35088,21.10705],[104.35699,21.10838],[104.357,21.10859],[104.357,21.1086],[104.35711,21.10879],[104.35711,21.10879],[104.35714,21.10883],[104.35715,21.10883],[104.35731,21.10886],[104.3578,21.10892],[104.35853,21.10865],[104.36078,21.10757],[104.36201,21.1063],[104.36329,21.10452],[104.36394,21.10299],[104.36512,21.10124],[104.36685,21.0996],[104.36876,21.09898],[104.37115,21.09806],[104.37393,21.09649],[104.37814,21.0939],[104.3791,21.09298],[104.38084,21.09064],[104.38137,21.08989],[104.38241,21.09173],[104.38572,21.09477],[104.38778,21.09515],[104.38922,21.09543],[104.38975,21.09561],[104.39043,21.09596],[104.39067,21.09614],[104.39127,21.09657],[104.39176,21.09717],[104.39422,21.10055],[104.39544,21.10344],[104.39567,21.10424],[104.3962,21.10498],[104.40049,21.1087],[104.40242,21.11016],[104.40404,21.11123],[104.40538,21.11187],[104.40743,21.11273],[104.41349,21.11524],[104.41734,21.11653],[104.42026,21.11672],[104.42407,21.1164],[104.42762,21.11814],[104.42819,21.11894],[104.4289,21.11992],[104.42973,21.12085],[104.4311,21.12213],[104.43124,21.12225],[104.43135,21.12234],[104.43142,21.12239],[104.43157,21.12248],[104.43472,21.12381],[104.43546,21.12389],[104.43575,21.12389],[104.43595,21.12385],[104.43614,21.12369],[104.44123,21.11879],[104.44129,21.11854],[104.44136,21.11836],[104.44153,21.11803],[104.44291,21.11716],[104.44314,21.11702],[104.44329,21.11694],[104.44357,21.1169],[104.44396,21.11695],[104.44443,21.11704],[104.44575,21.11736],[104.44594,21.1174],[104.45164,21.11895],[104.45586,21.12152],[104.45625,21.12276],[104.45722,21.1261],[104.45762,21.12761],[104.45802,21.12964],[104.45809,21.13154],[104.45617,21.1313],[104.45412,21.13181],[104.45046,21.13272],[104.44213,21.14034],[104.43809,21.14177],[104.43166,21.14272],[104.42619,21.14391],[104.42544,21.14437],[104.42191,21.14653],[104.42144,21.1486],[104.42024,21.1539],[104.41667,21.16009],[104.41588,21.1609],[104.40858,21.16842],[104.40529,21.17361],[104.40121,21.18008],[104.38846,21.1939],[104.38717,21.19531],[104.37622,21.20387],[104.37199,21.20653],[104.36789,21.20911],[104.36369,21.21054],[104.35193,21.21456],[104.34654,21.21677],[104.34363,21.21725],[104.33765,21.21777],[104.33287,21.21777],[104.32623,21.21777],[104.31053,21.22419],[104.30335,21.22707],[104.3016,21.22776],[104.29589,21.23419],[104.29305,21.23735]]]},"properties":{"commune_code":"03880","commune_name":"Xã Tạ Khoa","commune_kind":"XA","province_code":"14","province_name":"Tỉnh Sơn La","area_km2":191.88,"valid_from":"16/6/2025","published":"13/07/2025","area_km2_geom":191.40475332223193,"quality_flag":null,"population":15522.0,"population_wp":13713.575522687286,"anchor_ratio":1.1318711137238364,"pop_source":"WORLDPOP2025_ANCHORED_VNSDI","pop_density_ppkm2":81.09516472596972,"n_stations":0,"n_ports":0,"power_kw_site":0.0,"ports_per_10k_pop":0.0,"util_mean_port_weighted":null,"dist_station_m_pop_weighted":25453.100808113664}},{"type":"Feature","geometry":{"type":"Polygon","coordinates":[[[104.46742,21.13086],[104.45809,21.13154],[104.45802,21.12964],[104.45762,21.12761],[104.45722,21.1261],[104.45625,21.12276],[104.45586,21.12152],[104.45164,21.11895],[104.44594,21.1174],[104.44575,21.11736],[104.44443,21.11704],[104.44396,21.11695],[104.44357,21.1169],[104.44329,21.11694],[104.44314,21.11702],[104.44291,21.11716],[104.44153,21.11803],[104.44136,21.11836],[104.44129,21.11854],[104.44123,21.11879],[104.43614,21.12369],[104.43595,21.12385],[104.43575,21.12389],[104.43546,21.12389],[104.43472,21.12381],[104.43157,21.12248],[104.43142,21.12239],[104.43135,21.12234],[104.43124,21.12225],[104.4311,21.12213],[104.42973,21.12085],[104.4289,21.11992],[104.42819,21.11894],[104.42762,21.11814],[104.42407,21.1164],[104.42026,21.11672],[104.41734,21.11653],[104.41349,21.11524],[104.40743,21.11273],[104.40538,21.11187],[104.40404,21.11123],[104.40242,21.11016],[104.40049,21.1087],[104.3962,21.10498],[104.39567,21.10424],[104.39544,21.10344],[104.39422,21.10055],[104.39176,21.09717],[104.39127,21.09657],[104.39067,21.09614],[104.39043,21.09596],[104.38975,21.09561],[104.38922,21.09543],[104.38778,21.09515],[104.38572,21.09477],[104.38241,21.09173],[104.38137,21.08989],[104.38142,21.08982],[104.38136,21.0879],[104.38122,21.08349],[104.38098,21.07595],[104.3818,21.07575],[104.38359,21.0753],[104.38745,21.07406],[104.39242,21.07199],[104.3943,21.07098],[104.40103,21.06984],[104.40199,21.07027],[104.40341,21.07006],[104.40811,21.06903],[104.4085,21.06886],[104.4086,21.06849],[104.40856,21.06735],[104.40828,21.06569],[104.40897,21.06488],[104.41277,21.06172],[104.41447,21.06065],[104.42084,21.0581],[104.42417,21.05691],[104.42548,21.05666],[104.43359,21.0556],[104.4394,21.05394],[104.44556,21.05205],[104.45064,21.0529],[104.45515,21.05005],[104.45741,21.04698],[104.45818,21.04524],[104.45908,21.0442],[104.46018,21.04353],[104.46442,21.04217],[104.46838,21.04098],[104.47306,21.03619],[104.47673,21.03369],[104.47798,21.03322],[104.47979,21.03291],[104.48211,21.03254],[104.48387,21.03204],[104.48759,21.03093],[104.49106,21.02967],[104.49452,21.02803],[104.50344,21.02682],[104.50609,21.02625],[104.5094,21.02482],[104.5165,21.02085],[104.52171,21.01675],[104.52645,21.01261],[104.52998,21.01031],[104.5313,21.00987],[104.53796,21.01948],[104.54206,21.02652],[104.54272,21.02824],[104.54201,21.03495],[104.54058,21.03862],[104.54091,21.04212],[104.54237,21.04894],[104.5428,21.0504],[104.54444,21.05273],[104.5454,21.05406],[104.54819,21.05646],[104.54978,21.0591],[104.55148,21.06207],[104.55438,21.0648],[104.55508,21.06503],[104.55779,21.06356],[104.56182,21.06054],[104.56437,21.05733],[104.56739,21.05352],[104.56974,21.05269],[104.57138,21.05253],[104.57079,21.05503],[104.57032,21.07347],[104.57022,21.07713],[104.57019,21.07823],[104.56716,21.08127],[104.56544,21.08299],[104.56226,21.08299],[104.56008,21.08299],[104.55413,21.08032],[104.54673,21.07509],[104.54334,21.07133],[104.54323,21.0712],[104.54002,21.06962],[104.53452,21.06874],[104.52642,21.06944],[104.5226,21.07072],[104.51963,21.07303],[104.51874,21.07585],[104.51844,21.0821],[104.5178,21.09311],[104.51619,21.09559],[104.51584,21.09614],[104.51498,21.09746],[104.51387,21.09917],[104.50424,21.10453],[104.49786,21.10747],[104.49496,21.10881],[104.48568,21.11381],[104.47925,21.11773],[104.47391,21.12388],[104.47211,21.12594],[104.46759,21.13082],[104.46742,21.13086]]]},"properties":{"commune_code":"03892","commune_name":"Xã Chiềng Sại","commune_kind":"XA","province_code":"14","province_name":"Tỉnh Sơn La","area_km2":124.55,"valid_from":"16/6/2025","published":"13/07/2025","area_km2_geom":124.05512594217967,"quality_flag":null,"population":6720.0,"population_wp":7567.029669351876,"anchor_ratio":0.8880631230002267,"pop_source":"WORLDPOP2025_ANCHORED_VNSDI","pop_density_ppkm2":54.16946658965222,"n_stations":0,"n_ports":0,"power_kw_site":0.0,"ports_per_10k_pop":0.0,"util_mean_port_weighted":null,"dist_station_m_pop_weighted":23937.44669425234}},{"type":"Feature","geometry":{"type":"Polygon","coordinates":[[[104.59206,21.42198],[104.58751,21.42278],[104.58459,21.42051],[104.58155,21.41514],[104.58125,21.41343],[104.58093,21.41157],[104.57928,21.40978],[104.57849,21.40984],[104.57649,21.41001],[104.57522,21.41045],[104.57343,21.41107],[104.57064,21.4113],[104.56548,21.41023],[104.56502,21.40998],[104.56181,21.40943],[104.56044,21.40922],[104.55889,21.40914],[104.55305,21.40915],[104.54965,21.40731],[104.54797,21.40527],[104.54488,21.40158],[104.53941,21.39579],[104.54375,21.3845],[104.54524,21.38228],[104.54588,21.38132],[104.54643,21.38115],[104.54841,21.38261],[104.5506,21.38207],[104.55727,21.37897],[104.55921,21.37744],[104.56594,21.37213],[104.56694,21.36933],[104.56695,21.3659],[104.56365,21.3581],[104.55736,21.34843],[104.55671,21.34375],[104.55773,21.33877],[104.55949,21.33401],[104.56319,21.32402],[104.56476,21.31978],[104.56612,21.31106],[104.5648,21.30544],[104.56107,21.29876],[104.55852,21.29421],[104.55423,21.28641],[104.55405,21.2849],[104.55358,21.2808],[104.55227,21.27581],[104.54962,21.27144],[104.54671,21.26924],[104.54465,21.26769],[104.54318,21.26563],[104.54189,21.26296],[104.54146,21.26205],[104.53922,21.25945],[104.53541,21.25765],[104.52849,21.25519],[104.52383,21.25145],[104.51952,21.24477],[104.51845,21.24366],[104.51441,21.2395],[104.50711,21.23334],[104.50941,21.23296],[104.51047,21.23263],[104.51047,21.23263],[104.51132,21.23201],[104.51263,21.23106],[104.51289,21.23086],[104.51289,21.23086],[104.5133,21.23043],[104.51426,21.22943],[104.51426,21.22943],[104.51546,21.2289],[104.51625,21.22855],[104.51625,21.22855],[104.51795,21.22797],[104.51795,21.22797],[104.52006,21.22754],[104.52161,21.2277],[104.52349,21.22777],[104.52963,21.2267],[104.53294,21.22497],[104.53289,21.22347],[104.53316,21.22308],[104.53555,21.22188],[104.53555,21.22188],[104.53642,21.22166],[104.5406,21.22769],[104.54395,21.22963],[104.5444,21.22952],[104.5557,21.22669],[104.5557,21.22669],[104.5641,21.22233],[104.5641,21.22233],[104.56436,21.22226],[104.56436,21.22226],[104.56439,21.22226],[104.56632,21.2224],[104.56765,21.22258],[104.56851,21.22275],[104.56901,21.22294],[104.56923,21.22304],[104.56942,21.22317],[104.56955,21.22343],[104.57174,21.22804],[104.57299,21.23306],[104.57327,21.23637],[104.57327,21.23637],[104.57073,21.23956],[104.57063,21.23964],[104.56879,21.24086],[104.56503,21.24536],[104.56494,21.24541],[104.56347,21.246],[104.56161,21.24657],[104.56764,21.24996],[104.57071,21.25123],[104.57181,21.25684],[104.57128,21.25709],[104.57067,21.25789],[104.56968,21.25991],[104.57149,21.26399],[104.57809,21.26559],[104.5786,21.26535],[104.57935,21.26467],[104.58093,21.26403],[104.58457,21.26333],[104.58915,21.26291],[104.59279,21.26276],[104.59912,21.26803],[104.60401,21.27366],[104.60413,21.27384],[104.60419,21.27396],[104.60457,21.27648],[104.60437,21.27977],[104.60435,21.27998],[104.60429,21.28026],[104.60392,21.28128],[104.60357,21.28199],[104.60428,21.28579],[104.60718,21.28949],[104.60937,21.29146],[104.61664,21.28954],[104.62344,21.28543],[104.62631,21.28253],[104.63507,21.28888],[104.63922,21.2899],[104.63942,21.2898],[104.6406,21.28884],[104.64113,21.28838],[104.6455,21.28707],[104.65324,21.28628],[104.66196,21.28545],[104.66467,21.28423],[104.66588,21.28299],[104.66598,21.28212],[104.66566,21.28059],[104.66566,21.28059],[104.66589,21.28059],[104.66641,21.28096],[104.6735,21.28644],[104.67873,21.29103],[104.67941,21.29186],[104.68399,21.29649],[104.68488,21.2973],[104.68609,21.30166],[104.68224,21.30983],[104.68181,21.31015],[104.68092,21.31096],[104.6809,21.31101],[104.68019,21.31791],[104.6802,21.31802],[104.68025,21.31818],[104.68028,21.31825],[104.68283,21.32314],[104.68293,21.32333],[104.68392,21.32648],[104.68369,21.32741],[104.68369,21.32741],[104.67488,21.32661],[104.67198,21.33084],[104.66831,21.33369],[104.66388,21.33171],[104.66228,21.33193],[104.66021,21.33287],[104.65908,21.3335],[104.66001,21.33908],[104.65981,21.34152],[104.65915,21.34159],[104.65846,21.34181],[104.65697,21.34488],[104.6565,21.35122],[104.65022,21.35358],[104.64867,21.35616],[104.64524,21.36336],[104.64405,21.3703],[104.64434,21.37481],[104.64734,21.37899],[104.64741,21.37909],[104.64825,21.38277],[104.6483,21.38333],[104.65201,21.38335],[104.64683,21.38397],[104.64149,21.38586],[104.64047,21.38622],[104.63696,21.38899],[104.63296,21.39216],[104.62303,21.39821],[104.61539,21.40296],[104.61132,21.40628],[104.60914,21.40966],[104.60826,21.41104],[104.60507,21.41461],[104.59285,21.42184],[104.59206,21.42198]]]},"properties":{"commune_code":"03901","commune_name":"Xã Suối Tọ","commune_kind":"XA","province_code":"14","province_name":"Tỉnh Sơn La","area_km2":177.49,"valid_from":"16/6/2025","published":"13/07/2025","area_km2_geom":177.18046977327722,"quality_flag":null,"population":6343.0,"population_wp":3925.4689135849476,"anchor_ratio":1.6158579114073874,"pop_source":"WORLDPOP2025_ANCHORED_VNSDI","pop_density_ppkm2":35.799656746122174,"n_stations":0,"n_ports":0,"power_kw_site":0.0,"ports_per_10k_pop":0.0,"util_mean_port_weighted":null,"dist_station_m_pop_weighted":16822.21736057734}},{"type":"Feature","geometry":{"type":"Polygon","coordinates":[[[104.73215,21.40533],[104.73079,21.40568],[104.72457,21.40139],[104.72026,21.40052],[104.7186,21.40019],[104.71638,21.40034],[104.71364,21.40053],[104.70817,21.40291],[104.70711,21.40374],[104.70575,21.40481],[104.70283,21.40468],[104.69894,21.40221],[104.69178,21.40061],[104.68949,21.3993],[104.68849,21.39501],[104.68824,21.39099],[104.68787,21.38489],[104.6856,21.37905],[104.68306,21.37678],[104.67811,21.37558],[104.67692,21.37558],[104.67692,21.37558],[104.67594,21.37557],[104.67404,21.37557],[104.67232,21.37627],[104.66349,21.37984],[104.65458,21.38303],[104.65201,21.38335],[104.65201,21.38335],[104.6483,21.38333],[104.64825,21.38277],[104.64741,21.37909],[104.64734,21.37899],[104.64434,21.37481],[104.64405,21.3703],[104.64524,21.36336],[104.64867,21.35616],[104.65022,21.35358],[104.6565,21.35122],[104.65697,21.34488],[104.65846,21.34181],[104.65915,21.34159],[104.65981,21.34152],[104.66001,21.33908],[104.65908,21.3335],[104.66021,21.33287],[104.66228,21.33193],[104.66388,21.33171],[104.66831,21.33369],[104.67198,21.33084],[104.67488,21.32661],[104.68369,21.32741],[104.68369,21.32741],[104.68392,21.32648],[104.68293,21.32333],[104.68283,21.32314],[104.68028,21.31825],[104.68025,21.31818],[104.6802,21.31802],[104.68019,21.31791],[104.6809,21.31101],[104.68092,21.31096],[104.68181,21.31015],[104.68224,21.30983],[104.68609,21.30166],[104.68488,21.2973],[104.68939,21.29048],[104.69117,21.28927],[104.69347,21.28817],[104.69523,21.28732],[104.69547,21.28722],[104.69635,21.28725],[104.69657,21.28726],[104.70242,21.28791],[104.70834,21.28574],[104.70838,21.28573],[104.70841,21.28571],[104.70984,21.28473],[104.7101,21.28449],[104.7104,21.28406],[104.71287,21.28031],[104.71426,21.27798],[104.71531,21.27599],[104.71549,21.27481],[104.71589,21.27402],[104.71799,21.27201],[104.71918,21.27164],[104.72044,21.27165],[104.72104,21.2717],[104.72188,21.27168],[104.72372,21.27055],[104.72435,21.27013],[104.72452,21.27002],[104.72474,21.26986],[104.72493,21.26972],[104.72505,21.26958],[104.72523,21.26934],[104.72533,21.26919],[104.7254,21.26908],[104.72548,21.26893],[104.72556,21.26872],[104.7256,21.26857],[104.72548,21.26828],[104.72183,21.26315],[104.71494,21.25364],[104.71466,21.25298],[104.71197,21.24903],[104.71081,21.24757],[104.70551,21.24437],[104.7043,21.2444],[104.70417,21.24449],[104.704,21.24456],[104.7038,21.24456],[104.70318,21.24436],[104.70303,21.24427],[104.7029,21.24419],[104.70266,21.24405],[104.70248,21.24375],[104.70222,21.243],[104.70218,21.24276],[104.70212,21.24208],[104.70218,21.2404],[104.70233,21.23984],[104.70272,21.23913],[104.70281,21.23899],[104.70299,21.23875],[104.70383,21.23442],[104.70344,21.2313],[104.70261,21.2258],[104.70105,21.22249],[104.6999,21.22021],[104.69904,21.21775],[104.69857,21.2153],[104.69893,21.21225],[104.70015,21.20962],[104.7027,21.20663],[104.70278,21.20657],[104.70306,21.20651],[104.7033,21.20648],[104.70455,21.20643],[104.7047,21.20644],[104.70604,21.20686],[104.70697,21.20806],[104.70941,21.21124],[104.71073,21.21407],[104.71404,21.21745],[104.71509,21.21806],[104.71674,21.21941],[104.71676,21.21944],[104.7168,21.21947],[104.71686,21.21958],[104.7169,21.21966],[104.71691,21.21971],[104.71696,21.22045],[104.71697,21.2206],[104.71711,21.22309],[104.71718,21.22523],[104.71697,21.22717],[104.71699,21.22864],[104.71703,21.22872],[104.71761,21.2299],[104.71778,21.23018],[104.71811,21.23053],[104.71839,21.23074],[104.71857,21.23082],[104.71867,21.23087],[104.71876,21.2309],[104.72104,21.23107],[104.72211,21.23094],[104.72323,21.23075],[104.73068,21.23148],[104.73617,21.234],[104.74396,21.23605],[104.74899,21.23714],[104.74859,21.24375],[104.74663,21.24765],[104.74635,21.24776],[104.74617,21.24784],[104.7461,21.2479],[104.74606,21.24801],[104.746,21.24821],[104.74589,21.24929],[104.74584,21.25026],[104.74623,21.2521],[104.74629,21.25239],[104.74641,21.25286],[104.74653,21.25326],[104.74663,21.25352],[104.7468,21.25375],[104.74701,21.25392],[104.753,21.25853],[104.75717,21.25929],[104.7603,21.25972],[104.76857,21.26035],[104.77616,21.26165],[104.7879,21.26284],[104.78887,21.26268],[104.79205,21.26088],[104.79546,21.2596],[104.79717,21.25903],[104.7977,21.25887],[104.79826,21.25875],[104.79844,21.25872],[104.79904,21.2588],[104.80046,21.25906],[104.80065,21.25913],[104.80147,21.25943],[104.80169,21.25954],[104.80184,21.25963],[104.80192,21.25973],[104.80284,21.26078],[104.80421,21.26198],[104.80427,21.26203],[104.80436,21.26209],[104.80452,21.26218],[104.80474,21.26229],[104.80484,21.2623],[104.80495,21.2623],[104.80636,21.26222],[104.8068,21.26218],[104.80732,21.26183],[104.80806,21.26106],[104.80909,21.25992],[104.80931,21.25957],[104.81211,21.25974],[104.81223,21.25978],[104.81313,21.26005],[104.81657,21.2611],[104.81747,21.26139],[104.81921,21.26235],[104.81936,21.26248],[104.81948,21.26266],[104.82049,21.26431],[104.82256,21.26656],[104.82464,21.26859],[104.82711,21.27084],[104.83042,21.27141],[104.8332,21.27157],[104.83626,21.27451],[104.83779,21.27641],[104.83836,21.27762],[104.84089,21.28162],[104.84163,21.28207],[104.84108,21.28128],[104.84295,21.27668],[104.84247,21.28485],[104.84347,21.30412],[104.84317,21.30849],[104.84142,21.31013],[104.83705,21.31231],[104.83068,21.31507],[104.82728,21.31654],[104.81999,21.32158],[104.81649,21.32568],[104.81547,21.3292],[104.81399,21.33434],[104.81128,21.33335],[104.80676,21.33171],[104.80391,21.33101],[104.80333,21.33087],[104.80293,21.33097],[104.79964,21.33182],[104.79494,21.33443],[104.79176,21.33431],[104.79069,21.3335],[104.78967,21.33274],[104.78491,21.32918],[104.78085,21.32763],[104.7764,21.3275],[104.77386,21.32774],[104.77356,21.32795],[104.77094,21.32976],[104.76928,21.33285],[104.76902,21.34047],[104.76876,21.34405],[104.76672,21.3469],[104.76189,21.34678],[104.75846,21.34844],[104.75286,21.35177],[104.74994,21.35355],[104.74866,21.35557],[104.74773,21.36069],[104.747,21.36474],[104.74559,21.36855],[104.73955,21.37511],[104.73412,21.38723],[104.73348,21.39402],[104.73537,21.40212],[104.73531,21.40224],[104.73396,21.40486],[104.73215,21.40533]]]},"properties":{"commune_code":"03907","commune_name":"Xã Mường Cơi","commune_kind":"XA","province_code":"14","province_name":"Tỉnh Sơn La","area_km2":194.98,"valid_from":"16/6/2025","published":"13/07/2025","area_km2_geom":195.95127644686573,"quality_flag":null,"population":19557.0,"population_wp":21076.432726781815,"anchor_ratio":0.9279084489069598,"pop_source":"WORLDPOP2025_ANCHORED_VNSDI","pop_density_ppkm2":99.80542283072643,"n_stations":0,"n_ports":0,"power_kw_site":0.0,"ports_per_10k_pop":0.0,"util_mean_port_weighted":null,"dist_station_m_pop_weighted":17870.12888875504}},{"type":"Feature","geometry":{"type":"Polygon","coordinates":[[[104.68939,21.29048],[104.68488,21.2973],[104.68399,21.29649],[104.67941,21.29186],[104.67873,21.29103],[104.6735,21.28644],[104.66641,21.28096],[104.66589,21.28059],[104.66566,21.28059],[104.66566,21.28059],[104.66598,21.28212],[104.66588,21.28299],[104.66467,21.28423],[104.66196,21.28545],[104.65324,21.28628],[104.6455,21.28707],[104.64113,21.28838],[104.6406,21.28884],[104.63942,21.2898],[104.63922,21.2899],[104.63507,21.28888],[104.62631,21.28253],[104.62344,21.28543],[104.61664,21.28954],[104.60937,21.29146],[104.60718,21.28949],[104.60428,21.28579],[104.60357,21.28199],[104.60392,21.28128],[104.60429,21.28026],[104.60435,21.27998],[104.60437,21.27977],[104.60457,21.27648],[104.60419,21.27396],[104.60413,21.27384],[104.60401,21.27366],[104.59912,21.26803],[104.59279,21.26276],[104.58915,21.26291],[104.58457,21.26333],[104.58093,21.26403],[104.57935,21.26467],[104.5786,21.26535],[104.57809,21.26559],[104.57149,21.26399],[104.56968,21.25991],[104.57067,21.25789],[104.57128,21.25709],[104.57181,21.25684],[104.57071,21.25123],[104.56764,21.24996],[104.56161,21.24657],[104.56347,21.246],[104.56494,21.24541],[104.56503,21.24536],[104.56879,21.24086],[104.57063,21.23964],[104.57073,21.23956],[104.57327,21.23637],[104.57327,21.23637],[104.57327,21.23637],[104.57343,21.23618],[104.57354,21.23613],[104.58127,21.23679],[104.58967,21.23631],[104.59479,21.23767],[104.60234,21.23741],[104.60902,21.2388],[104.61051,21.23823],[104.61493,21.23651],[104.61503,21.23644],[104.61595,21.23568],[104.62263,21.23121],[104.62796,21.22719],[104.63019,21.21756],[104.63236,21.2131],[104.63248,21.21304],[104.63425,21.21342],[104.63545,21.21315],[104.63745,21.20697],[104.63785,21.20116],[104.63896,21.19977],[104.63987,21.19898],[104.64016,21.19874],[104.64044,21.19856],[104.64044,21.19856],[104.64097,21.19834],[104.6442,21.1973],[104.64527,21.1972],[104.64603,21.19707],[104.64656,21.19692],[104.64689,21.19681],[104.64703,21.19675],[104.6471,21.19669],[104.64715,21.19662],[104.64718,21.19653],[104.64752,21.19485],[104.64754,21.19332],[104.64715,21.19039],[104.64665,21.1878],[104.64651,21.18759],[104.64627,21.18717],[104.64613,21.18684],[104.64611,21.18669],[104.64613,21.18653],[104.64619,21.18635],[104.64868,21.18613],[104.65354,21.18575],[104.65381,21.18573],[104.65414,21.18572],[104.65527,21.18591],[104.65768,21.18648],[104.65809,21.1868],[104.65829,21.18697],[104.65831,21.18703],[104.65831,21.18717],[104.65829,21.18774],[104.66204,21.18421],[104.66449,21.17828],[104.66827,21.17827],[104.66988,21.17832],[104.6698,21.17892],[104.66979,21.17927],[104.66989,21.17951],[104.67049,21.1801],[104.67117,21.18074],[104.67138,21.18093],[104.67155,21.18103],[104.67176,21.18106],[104.67193,21.18106],[104.67198,21.18106],[104.67199,21.18106],[104.67323,21.18079],[104.67372,21.18065],[104.67476,21.1803],[104.67594,21.1797],[104.67664,21.17926],[104.67724,21.17892],[104.67745,21.17881],[104.67768,21.17878],[104.67838,21.17887],[104.68266,21.17942],[104.68502,21.18025],[104.69279,21.18388],[104.69682,21.18676],[104.69801,21.18764],[104.69824,21.18781],[104.69918,21.18867],[104.69946,21.18903],[104.69967,21.18961],[104.70006,21.19109],[104.70149,21.19389],[104.70627,21.19515],[104.7086,21.19482],[104.70916,21.19386],[104.71165,21.19443],[104.71267,21.19559],[104.71349,21.19777],[104.71451,21.20128],[104.71627,21.20413],[104.70604,21.20686],[104.7047,21.20644],[104.70455,21.20643],[104.7033,21.20648],[104.70306,21.20651],[104.70278,21.20657],[104.7027,21.20663],[104.70015,21.20962],[104.69893,21.21225],[104.69857,21.2153],[104.69904,21.21775],[104.6999,21.22021],[104.70105,21.22249],[104.70261,21.2258],[104.70344,21.2313],[104.70383,21.23442],[104.70299,21.23875],[104.70281,21.23899],[104.70272,21.23913],[104.70233,21.23984],[104.70218,21.2404],[104.70212,21.24208],[104.70218,21.24276],[104.70222,21.243],[104.70248,21.24375],[104.70266,21.24405],[104.7029,21.24419],[104.70303,21.24427],[104.70318,21.24436],[104.7038,21.24456],[104.704,21.24456],[104.70417,21.24449],[104.7043,21.2444],[104.70551,21.24437],[104.71081,21.24757],[104.71197,21.24903],[104.71466,21.25298],[104.71494,21.25364],[104.72183,21.26315],[104.72548,21.26828],[104.7256,21.26857],[104.72556,21.26872],[104.72548,21.26893],[104.7254,21.26908],[104.72533,21.26919],[104.72523,21.26934],[104.72505,21.26958],[104.72493,21.26972],[104.72474,21.26986],[104.72452,21.27002],[104.72435,21.27013],[104.72372,21.27055],[104.72188,21.27168],[104.72104,21.2717],[104.72044,21.27165],[104.71918,21.27164],[104.71799,21.27201],[104.71589,21.27402],[104.71549,21.27481],[104.71531,21.27599],[104.71426,21.27798],[104.71287,21.28031],[104.7104,21.28406],[104.7101,21.28449],[104.70984,21.28473],[104.70841,21.28571],[104.70838,21.28573],[104.70834,21.28574],[104.70242,21.28791],[104.69657,21.28726],[104.69635,21.28725],[104.69547,21.28722],[104.69523,21.28732],[104.69347,21.28817],[104.69117,21.28927],[104.68939,21.29048]]]},"properties":{"commune_code":"03910","commune_name":"Xã Phù Yên","commune_kind":"XA","province_code":"14","province_name":"Tỉnh Sơn La","area_km2":117.98,"valid_from":"16/6/2025","published":"13/07/2025","area_km2_geom":117.99916589411269,"quality_flag":null,"population":47299.00000000001,"population_wp":47213.13526050374,"anchor_ratio":1.0018186620952516,"pop_source":"WORLDPOP2025_ANCHORED_VNSDI","pop_density_ppkm2":400.8418164789747,"n_stations":2,"n_ports":15,"power_kw_site":597.0,"ports_per_10k_pop":3.171314404110023,"util_mean_port_weighted":0.30281655445873584,"dist_station_m_pop_weighted":2560.3018557397427}},{"type":"Feature","geometry":{"type":"Polygon","coordinates":[[[104.61051,21.23823],[104.60902,21.2388],[104.60234,21.23741],[104.59479,21.23767],[104.58967,21.23631],[104.58127,21.23679],[104.57354,21.23613],[104.57343,21.23618],[104.57327,21.23637],[104.57327,21.23637],[104.57299,21.23306],[104.57174,21.22804],[104.56955,21.22343],[104.56942,21.22317],[104.56923,21.22304],[104.56901,21.22294],[104.56851,21.22275],[104.56765,21.22258],[104.56632,21.2224],[104.56439,21.22226],[104.56436,21.22226],[104.56436,21.22226],[104.5641,21.22233],[104.5641,21.22233],[104.5557,21.22669],[104.5557,21.22669],[104.5444,21.22952],[104.54395,21.22963],[104.5406,21.22769],[104.53642,21.22166],[104.53555,21.22188],[104.53555,21.22188],[104.53316,21.22308],[104.53289,21.22347],[104.53294,21.22497],[104.52963,21.2267],[104.52349,21.22777],[104.52161,21.2277],[104.52006,21.22754],[104.51795,21.22797],[104.51795,21.22797],[104.51625,21.22855],[104.51625,21.22855],[104.51546,21.2289],[104.51426,21.22943],[104.51426,21.22943],[104.5133,21.23043],[104.51289,21.23086],[104.51289,21.23086],[104.51263,21.23106],[104.51132,21.23201],[104.51047,21.23263],[104.51047,21.23263],[104.50941,21.23296],[104.50711,21.23334],[104.50243,21.23018],[104.49932,21.22815],[104.49587,21.22392],[104.49106,21.21399],[104.49021,21.20993],[104.49109,21.20652],[104.49265,21.20442],[104.49808,21.20028],[104.50442,21.19544],[104.50601,21.19422],[104.51244,21.18709],[104.51332,21.18417],[104.51332,21.18239],[104.51229,21.17897],[104.51183,21.17781],[104.51006,21.17344],[104.51024,21.17085],[104.51199,21.16565],[104.51808,21.15739],[104.52624,21.14896],[104.53058,21.14264],[104.5332,21.13632],[104.53373,21.13096],[104.53306,21.12576],[104.53183,21.12235],[104.53365,21.12228],[104.54045,21.12461],[104.55039,21.12666],[104.55592,21.12153],[104.556,21.12133],[104.55621,21.12093],[104.55704,21.11982],[104.55997,21.12393],[104.56409,21.13045],[104.56733,21.13386],[104.56739,21.13397],[104.5681,21.13514],[104.56965,21.13887],[104.56858,21.14472],[104.57149,21.14756],[104.57298,21.1497],[104.57568,21.156],[104.57847,21.16026],[104.58201,21.16288],[104.58383,21.16383],[104.58893,21.16717],[104.59215,21.16929],[104.5935,21.17032],[104.59708,21.1739],[104.59818,21.17539],[104.59935,21.17699],[104.60214,21.18202],[104.60413,21.18323],[104.61299,21.18755],[104.61623,21.18688],[104.61709,21.18653],[104.61789,21.18581],[104.6184,21.18536],[104.62029,21.1842],[104.62407,21.18522],[104.62808,21.19463],[104.62937,21.19539],[104.63208,21.19563],[104.63688,21.1973],[104.64044,21.19856],[104.64044,21.19856],[104.64016,21.19874],[104.63987,21.19898],[104.63896,21.19977],[104.63785,21.20116],[104.63745,21.20697],[104.63545,21.21315],[104.63425,21.21342],[104.63248,21.21304],[104.63236,21.2131],[104.63019,21.21756],[104.62796,21.22719],[104.62263,21.23121],[104.61595,21.23568],[104.61503,21.23644],[104.61493,21.23651],[104.61051,21.23823]]]},"properties":{"commune_code":"03922","commune_name":"Xã Gia Phù","commune_kind":"XA","province_code":"14","province_name":"Tỉnh Sơn La","area_km2":111.32,"valid_from":"16/6/2025","published":"13/07/2025","area_km2_geom":110.64852595179303,"quality_flag":null,"population":21929.0,"population_wp":14899.235955420882,"anchor_ratio":1.471820438686417,"pop_source":"WORLDPOP2025_ANCHORED_VNSDI","pop_density_ppkm2":198.18610154421714,"n_stations":0,"n_ports":0,"power_kw_site":0.0,"ports_per_10k_pop":0.0,"util_mean_port_weighted":null,"dist_station_m_pop_weighted":12406.410209211692}},{"type":"Feature","geometry":{"type":"Polygon","coordinates":[[[104.84108,21.28128],[104.84163,21.28207],[104.84089,21.28162],[104.83836,21.27762],[104.83779,21.27641],[104.83626,21.27451],[104.8332,21.27157],[104.83042,21.27141],[104.82711,21.27084],[104.82464,21.26859],[104.82256,21.26656],[104.82049,21.26431],[104.81948,21.26266],[104.81936,21.26248],[104.81921,21.26235],[104.81747,21.26139],[104.81657,21.2611],[104.81313,21.26005],[104.81223,21.25978],[104.81211,21.25974],[104.80931,21.25957],[104.80909,21.25992],[104.80806,21.26106],[104.80732,21.26183],[104.8068,21.26218],[104.80636,21.26222],[104.80495,21.2623],[104.80484,21.2623],[104.80474,21.26229],[104.80452,21.26218],[104.80436,21.26209],[104.80427,21.26203],[104.80421,21.26198],[104.80284,21.26078],[104.80192,21.25973],[104.80184,21.25963],[104.80169,21.25954],[104.80147,21.25943],[104.80065,21.25913],[104.80046,21.25906],[104.79904,21.2588],[104.79844,21.25872],[104.79826,21.25875],[104.7977,21.25887],[104.79717,21.25903],[104.79546,21.2596],[104.79205,21.26088],[104.78887,21.26268],[104.7879,21.26284],[104.77616,21.26165],[104.76857,21.26035],[104.7603,21.25972],[104.75717,21.25929],[104.753,21.25853],[104.74701,21.25392],[104.7468,21.25375],[104.74663,21.25352],[104.74653,21.25326],[104.74641,21.25286],[104.74629,21.25239],[104.74623,21.2521],[104.74584,21.25026],[104.74589,21.24929],[104.746,21.24821],[104.74606,21.24801],[104.7461,21.2479],[104.74617,21.24784],[104.74635,21.24776],[104.74663,21.24765],[104.74859,21.24375],[104.74899,21.23714],[104.74396,21.23605],[104.73617,21.234],[104.73068,21.23148],[104.72323,21.23075],[104.72211,21.23094],[104.72104,21.23107],[104.71876,21.2309],[104.71867,21.23087],[104.71857,21.23082],[104.71839,21.23074],[104.71811,21.23053],[104.71778,21.23018],[104.71761,21.2299],[104.71703,21.22872],[104.71699,21.22864],[104.71697,21.22717],[104.71718,21.22523],[104.71711,21.22309],[104.71697,21.2206],[104.71696,21.22045],[104.71691,21.21971],[104.7169,21.21966],[104.71686,21.21958],[104.7168,21.21947],[104.71676,21.21944],[104.71674,21.21941],[104.71509,21.21806],[104.71404,21.21745],[104.71073,21.21407],[104.70941,21.21124],[104.70697,21.20806],[104.70604,21.20686],[104.71627,21.20413],[104.72428,21.20273],[104.72736,21.20196],[104.72646,21.20078],[104.72596,21.19988],[104.72509,21.19804],[104.72507,21.19794],[104.72508,21.19786],[104.72543,21.19643],[104.7255,21.1963],[104.72556,21.19625],[104.72568,21.19617],[104.72759,21.19555],[104.72873,21.19499],[104.7306,21.19389],[104.73171,21.19244],[104.7354,21.18723],[104.73549,21.18623],[104.73549,21.18615],[104.73507,21.18569],[104.73335,21.18412],[104.73259,21.1812],[104.73228,21.17478],[104.72986,21.17328],[104.72885,21.16987],[104.72813,21.16647],[104.72904,21.16278],[104.7325,21.15892],[104.73083,21.15439],[104.73461,21.14838],[104.73441,21.14791],[104.7342,21.14758],[104.73395,21.14738],[104.73165,21.14603],[104.7301,21.1452],[104.72966,21.14504],[104.72942,21.14492],[104.72842,21.14435],[104.72683,21.14294],[104.7266,21.14246],[104.72649,21.1421],[104.72646,21.14182],[104.72664,21.14012],[104.72843,21.13395],[104.72851,21.13384],[104.72861,21.13373],[104.72872,21.13363],[104.72893,21.13358],[104.7292,21.13357],[104.73144,21.13345],[104.73172,21.13345],[104.73227,21.13345],[104.73588,21.13354],[104.73784,21.13372],[104.74292,21.134],[104.74421,21.1318],[104.74452,21.13141],[104.74573,21.13043],[104.74594,21.13031],[104.74831,21.12919],[104.7536,21.12868],[104.75504,21.12891],[104.75511,21.12864],[104.7553,21.12832],[104.7553,21.12832],[104.75596,21.12762],[104.75611,21.12754],[104.75769,21.12725],[104.75871,21.12743],[104.75886,21.12736],[104.76052,21.12655],[104.76054,21.12653],[104.76186,21.12352],[104.762,21.12198],[104.76184,21.1218],[104.76179,21.12174],[104.75976,21.11887],[104.7597,21.11877],[104.75965,21.11864],[104.75964,21.11763],[104.75964,21.11758],[104.7636,21.10913],[104.76513,21.11051],[104.76568,21.11047],[104.76985,21.10961],[104.77594,21.10792],[104.77672,21.10648],[104.77764,21.10213],[104.77858,21.10135],[104.78045,21.10079],[104.78225,21.10118],[104.78291,21.10109],[104.78592,21.10012],[104.79056,21.0961],[104.79152,21.09416],[104.79145,21.08986],[104.79087,21.08811],[104.79157,21.08719],[104.79245,21.08648],[104.79328,21.08587],[104.79369,21.08564],[104.79544,21.08613],[104.79779,21.08613],[104.79787,21.0861],[104.80089,21.08391],[104.80138,21.08305],[104.80205,21.08238],[104.80939,21.08249],[104.81043,21.08237],[104.81284,21.08135],[104.81647,21.07685],[104.81439,21.07413],[104.8092,21.06744],[104.81554,21.06356],[104.81932,21.05935],[104.82659,21.05676],[104.83287,21.05467],[104.83829,21.05211],[104.83933,21.05148],[104.83972,21.05127],[104.83972,21.05127],[104.83986,21.05121],[104.84136,21.05117],[104.84784,21.05259],[104.85086,21.05369],[104.85433,21.05543],[104.85586,21.05665],[104.85616,21.05728],[104.85622,21.05753],[104.85703,21.06205],[104.85703,21.06205],[104.85695,21.06243],[104.85553,21.06625],[104.85332,21.07126],[104.85265,21.07246],[104.85369,21.07656],[104.85667,21.07862],[104.86309,21.07712],[104.86309,21.07712],[104.86464,21.07676],[104.86783,21.0762],[104.86962,21.07844],[104.8724,21.08593],[104.87285,21.08858],[104.87339,21.09173],[104.87617,21.09772],[104.87649,21.09795],[104.87916,21.09996],[104.88971,21.10502],[104.89888,21.10858],[104.9125,21.11192],[104.91192,21.11401],[104.91133,21.11616],[104.90828,21.11889],[104.90289,21.12148],[104.89881,21.12558],[104.89682,21.12792],[104.89532,21.12967],[104.88571,21.13363],[104.8777,21.1369],[104.87216,21.14188],[104.871,21.14291],[104.8662,21.14564],[104.85804,21.14809],[104.85367,21.1515],[104.8528,21.15492],[104.8541,21.16052],[104.85589,21.16523],[104.85624,21.16614],[104.85904,21.1731],[104.85831,21.17583],[104.85452,21.17897],[104.85175,21.18047],[104.85175,21.18051],[104.85175,21.18266],[104.85987,21.19424],[104.86018,21.19469],[104.86439,21.20631],[104.86437,21.20651],[104.86396,21.20958],[104.86107,21.21412],[104.86033,21.21528],[104.86031,21.21532],[104.8555,21.22037],[104.84821,21.22405],[104.84801,21.22415],[104.84479,21.22566],[104.84472,21.22569],[104.84474,21.22585],[104.845,21.22782],[104.84501,21.22788],[104.84792,21.23089],[104.85068,21.23335],[104.8549,21.23417],[104.85563,21.23581],[104.85388,21.24005],[104.85111,21.24565],[104.85051,21.25048],[104.84993,21.25521],[104.84891,21.25808],[104.84279,21.26258],[104.84162,21.26572],[104.84176,21.26914],[104.84306,21.27474],[104.84295,21.27668],[104.84108,21.28128]]]},"properties":{"commune_code":"03943","commune_name":"Xã Mường Bang","commune_kind":"XA","province_code":"14","province_name":"Tỉnh Sơn La","area_km2":270.15,"valid_from":"16/6/2025","published":"13/07/2025","area_km2_geom":270.4132036113996,"quality_flag":null,"population":12830.999999999998,"population_wp":12625.99181330204,"anchor_ratio":1.0162369966438576,"pop_source":"WORLDPOP2025_ANCHORED_VNSDI","pop_density_ppkm2":47.44960611627136,"n_stations":0,"n_ports":0,"power_kw_site":0.0,"ports_per_10k_pop":0.0,"util_mean_port_weighted":null,"dist_station_m_pop_weighted":29106.072570832584}},{"type":"Feature","geometry":{"type":"Polygon","coordinates":[[[104.72428,21.20273],[104.71627,21.20413],[104.71451,21.20128],[104.71349,21.19777],[104.71267,21.19559],[104.71165,21.19443],[104.70916,21.19386],[104.7086,21.19482],[104.70627,21.19515],[104.70149,21.19389],[104.70006,21.19109],[104.69967,21.18961],[104.69946,21.18903],[104.69918,21.18867],[104.69824,21.18781],[104.69801,21.18764],[104.69682,21.18676],[104.69279,21.18388],[104.68502,21.18025],[104.68266,21.17942],[104.67838,21.17887],[104.67768,21.17878],[104.67745,21.17881],[104.67724,21.17892],[104.67664,21.17926],[104.67594,21.1797],[104.67476,21.1803],[104.67372,21.18065],[104.67323,21.18079],[104.67199,21.18106],[104.67198,21.18106],[104.67193,21.18106],[104.67176,21.18106],[104.67155,21.18103],[104.67138,21.18093],[104.67117,21.18074],[104.67049,21.1801],[104.66989,21.17951],[104.66979,21.17927],[104.6698,21.17892],[104.66988,21.17832],[104.66827,21.17827],[104.66449,21.17828],[104.66204,21.18421],[104.65829,21.18774],[104.65831,21.18717],[104.65831,21.18703],[104.65829,21.18697],[104.65809,21.1868],[104.65768,21.18648],[104.65527,21.18591],[104.65414,21.18572],[104.65381,21.18573],[104.65354,21.18575],[104.64868,21.18613],[104.64619,21.18635],[104.64613,21.18653],[104.64611,21.18669],[104.64613,21.18684],[104.64627,21.18717],[104.64651,21.18759],[104.64665,21.1878],[104.64715,21.19039],[104.64754,21.19332],[104.64752,21.19485],[104.64718,21.19653],[104.64715,21.19662],[104.6471,21.19669],[104.64703,21.19675],[104.64689,21.19681],[104.64656,21.19692],[104.64603,21.19707],[104.64527,21.1972],[104.6442,21.1973],[104.64097,21.19834],[104.64044,21.19856],[104.63688,21.1973],[104.63208,21.19563],[104.62937,21.19539],[104.62808,21.19463],[104.62407,21.18522],[104.62029,21.1842],[104.6184,21.18536],[104.61789,21.18581],[104.61709,21.18653],[104.61623,21.18688],[104.61299,21.18755],[104.60413,21.18323],[104.60214,21.18202],[104.59935,21.17699],[104.59818,21.17539],[104.60016,21.17333],[104.60498,21.16826],[104.6036,21.16075],[104.6036,21.1603],[104.60392,21.1592],[104.60431,21.15856],[104.60617,21.15577],[104.60696,21.15466],[104.60742,21.15415],[104.60961,21.15238],[104.61118,21.15173],[104.61187,21.15157],[104.6139,21.15052],[104.61497,21.14995],[104.61581,21.14896],[104.6144,21.14364],[104.61884,21.14042],[104.63134,21.13457],[104.63704,21.12324],[104.63628,21.12245],[104.63615,21.12228],[104.6359,21.12192],[104.6357,21.12147],[104.63529,21.11942],[104.63436,21.11344],[104.63537,21.11298],[104.63896,21.11169],[104.64108,21.11127],[104.64202,21.11105],[104.64217,21.11101],[104.64265,21.11076],[104.64275,21.11068],[104.64316,21.11022],[104.64679,21.10228],[104.65852,21.09668],[104.66481,21.09174],[104.66799,21.09023],[104.66835,21.09014],[104.66917,21.09009],[104.6696,21.08991],[104.6702,21.08897],[104.67162,21.08528],[104.67209,21.08091],[104.67395,21.07795],[104.67425,21.07785],[104.67665,21.07748],[104.67692,21.07748],[104.67836,21.07758],[104.67848,21.07759],[104.67858,21.07761],[104.67869,21.07764],[104.67887,21.0777],[104.6859,21.0804],[104.68594,21.08044],[104.69023,21.08594],[104.69124,21.0863],[104.69136,21.08634],[104.69145,21.0864],[104.69571,21.08967],[104.69452,21.09151],[104.69352,21.09304],[104.69238,21.09461],[104.69187,21.09526],[104.69171,21.09546],[104.69174,21.09548],[104.69948,21.09857],[104.70101,21.09865],[104.70248,21.0985],[104.70413,21.09784],[104.70698,21.09681],[104.70823,21.09647],[104.71004,21.09933],[104.71024,21.10406],[104.71002,21.10424],[104.70945,21.10468],[104.70898,21.10499],[104.70868,21.10522],[104.70782,21.10605],[104.7063,21.10959],[104.70687,21.11321],[104.71402,21.11196],[104.71478,21.11149],[104.71721,21.10949],[104.7177,21.10897],[104.72237,21.1095],[104.7299,21.11468],[104.73178,21.11571],[104.73388,21.11687],[104.73832,21.11896],[104.74009,21.11936],[104.74054,21.11942],[104.74217,21.11963],[104.74305,21.11951],[104.7454,21.12071],[104.749,21.12342],[104.75134,21.12587],[104.75427,21.12869],[104.75504,21.12891],[104.7536,21.12868],[104.74831,21.12919],[104.74594,21.13031],[104.74573,21.13043],[104.74452,21.13141],[104.74421,21.1318],[104.74292,21.134],[104.73784,21.13372],[104.73588,21.13354],[104.73227,21.13345],[104.73172,21.13345],[104.73144,21.13345],[104.7292,21.13357],[104.72893,21.13358],[104.72872,21.13363],[104.72861,21.13373],[104.72851,21.13384],[104.72843,21.13395],[104.72664,21.14012],[104.72646,21.14182],[104.72649,21.1421],[104.7266,21.14246],[104.72683,21.14294],[104.72842,21.14435],[104.72942,21.14492],[104.72966,21.14504],[104.7301,21.1452],[104.73165,21.14603],[104.73395,21.14738],[104.7342,21.14758],[104.73441,21.14791],[104.73461,21.14838],[104.73083,21.15439],[104.7325,21.15892],[104.72904,21.16278],[104.72813,21.16647],[104.72885,21.16987],[104.72986,21.17328],[104.73228,21.17478],[104.73259,21.1812],[104.73335,21.18412],[104.73507,21.18569],[104.73549,21.18615],[104.73549,21.18623],[104.7354,21.18723],[104.73171,21.19244],[104.7306,21.19389],[104.72873,21.19499],[104.72759,21.19555],[104.72568,21.19617],[104.72556,21.19625],[104.7255,21.1963],[104.72543,21.19643],[104.72508,21.19786],[104.72507,21.19794],[104.72509,21.19804],[104.72596,21.19988],[104.72646,21.20078],[104.72736,21.20196],[104.72428,21.20273]]]},"properties":{"commune_code":"03958","commune_name":"Xã Tường Hạ","commune_kind":"XA","province_code":"14","province_name":"Tỉnh Sơn La","area_km2":120.85,"valid_from":"16/6/2025","published":"13/07/2025","area_km2_geom":120.34179399475993,"quality_flag":null,"population":14076.0,"population_wp":8484.916227113456,"anchor_ratio":1.6589438979986977,"pop_source":"WORLDPOP2025_ANCHORED_VNSDI","pop_density_ppkm2":116.96684528911806,"n_stations":1,"n_ports":4,"power_kw_site":210.0,"ports_per_10k_pop":2.841716396703609,"util_mean_port_weighted":0.024500998003992015,"dist_station_m_pop_weighted":12099.95242691668}},{"type":"Feature","geometry":{"type":"Polygon","coordinates":[[[104.60016,21.17333],[104.59818,21.17539],[104.59708,21.1739],[104.5935,21.17032],[104.59215,21.16929],[104.58893,21.16717],[104.58383,21.16383],[104.58201,21.16288],[104.57847,21.16026],[104.57568,21.156],[104.57298,21.1497],[104.57149,21.14756],[104.56858,21.14472],[104.56965,21.13887],[104.5681,21.13514],[104.56739,21.13397],[104.56733,21.13386],[104.56409,21.13045],[104.55997,21.12393],[104.55704,21.11982],[104.55621,21.12093],[104.556,21.12133],[104.55592,21.12153],[104.55039,21.12666],[104.54045,21.12461],[104.53365,21.12228],[104.53183,21.12235],[104.53065,21.11909],[104.52524,21.10967],[104.52429,21.10803],[104.52421,21.10793],[104.51785,21.10047],[104.51593,21.09634],[104.51584,21.09614],[104.51619,21.09559],[104.5178,21.09311],[104.51844,21.0821],[104.51874,21.07585],[104.51963,21.07303],[104.5226,21.07072],[104.52642,21.06944],[104.53452,21.06874],[104.54002,21.06962],[104.54323,21.0712],[104.54334,21.07133],[104.54673,21.07509],[104.55413,21.08032],[104.56008,21.08299],[104.56226,21.08299],[104.56544,21.08299],[104.56716,21.08127],[104.57019,21.07823],[104.57022,21.07713],[104.57032,21.07347],[104.57079,21.05503],[104.57138,21.05253],[104.57198,21.04998],[104.57495,21.0479],[104.57647,21.0479],[104.5806,21.04789],[104.58507,21.04879],[104.58685,21.05206],[104.58923,21.05444],[104.59125,21.05434],[104.59518,21.05414],[104.5976,21.0522],[104.60074,21.05583],[104.60537,21.05962],[104.60904,21.06065],[104.6098,21.06027],[104.61083,21.06014],[104.61211,21.06025],[104.61247,21.0609],[104.6125,21.06155],[104.61259,21.06577],[104.61258,21.06786],[104.611,21.07173],[104.60941,21.07361],[104.60553,21.07717],[104.60544,21.07727],[104.6085,21.08231],[104.61003,21.08327],[104.61119,21.0837],[104.61401,21.0804],[104.61665,21.07731],[104.61954,21.07348],[104.62355,21.07553],[104.62813,21.07939],[104.63248,21.08365],[104.63805,21.08896],[104.6387,21.08911],[104.63913,21.08908],[104.64246,21.08864],[104.64268,21.08858],[104.64842,21.08132],[104.65182,21.07718],[104.66047,21.07477],[104.66514,21.07717],[104.66539,21.07757],[104.66642,21.07832],[104.66707,21.07871],[104.66938,21.07992],[104.67209,21.08091],[104.67162,21.08528],[104.6702,21.08897],[104.6696,21.08991],[104.66917,21.09009],[104.66835,21.09014],[104.66799,21.09023],[104.66481,21.09174],[104.65852,21.09668],[104.64679,21.10228],[104.64316,21.11022],[104.64275,21.11068],[104.64265,21.11076],[104.64217,21.11101],[104.64202,21.11105],[104.64108,21.11127],[104.63896,21.11169],[104.63537,21.11298],[104.63436,21.11344],[104.63529,21.11942],[104.6357,21.12147],[104.6359,21.12192],[104.63615,21.12228],[104.63628,21.12245],[104.63704,21.12324],[104.63134,21.13457],[104.61884,21.14042],[104.6144,21.14364],[104.61581,21.14896],[104.61497,21.14995],[104.6139,21.15052],[104.61187,21.15157],[104.61118,21.15173],[104.60961,21.15238],[104.60742,21.15415],[104.60696,21.15466],[104.60617,21.15577],[104.60431,21.15856],[104.60392,21.1592],[104.6036,21.1603],[104.6036,21.16075],[104.60498,21.16826],[104.60016,21.17333]]]},"properties":{"commune_code":"03961","commune_name":"Xã Kim Bon","commune_kind":"XA","province_code":"14","province_name":"Tỉnh Sơn La","area_km2":104.51,"valid_from":"16/6/2025","published":"13/07/2025","area_km2_geom":104.07491970251078,"quality_flag":null,"population":9873.0,"population_wp":5369.356808282435,"anchor_ratio":1.8387677244266065,"pop_source":"WORLDPOP2025_ANCHORED_VNSDI","pop_density_ppkm2":94.86435375805355,"n_stations":0,"n_ports":0,"power_kw_site":0.0,"ports_per_10k_pop":0.0,"util_mean_port_weighted":null,"dist_station_m_pop_weighted":42786.927511067435}},{"type":"Feature","geometry":{"type":"Polygon","coordinates":[[[104.75511,21.12864],[104.75504,21.12891],[104.75427,21.12869],[104.75134,21.12587],[104.749,21.12342],[104.7454,21.12071],[104.74305,21.11951],[104.74217,21.11963],[104.74054,21.11942],[104.74009,21.11936],[104.73832,21.11896],[104.73388,21.11687],[104.73178,21.11571],[104.7299,21.11468],[104.72237,21.1095],[104.7177,21.10897],[104.71721,21.10949],[104.71478,21.11149],[104.71402,21.11196],[104.70687,21.11321],[104.7063,21.10959],[104.70782,21.10605],[104.70868,21.10522],[104.70898,21.10499],[104.70945,21.10468],[104.71002,21.10424],[104.71024,21.10406],[104.71004,21.09933],[104.70823,21.09647],[104.70698,21.09681],[104.70413,21.09784],[104.70248,21.0985],[104.70101,21.09865],[104.69948,21.09857],[104.69174,21.09548],[104.69171,21.09546],[104.69187,21.09526],[104.69238,21.09461],[104.69352,21.09304],[104.69452,21.09151],[104.69571,21.08967],[104.69145,21.0864],[104.69136,21.08634],[104.69124,21.0863],[104.69023,21.08594],[104.68594,21.08044],[104.6859,21.0804],[104.67887,21.0777],[104.67869,21.07764],[104.67858,21.07761],[104.67848,21.07759],[104.67836,21.07758],[104.67692,21.07748],[104.67665,21.07748],[104.67425,21.07785],[104.67395,21.07795],[104.67209,21.08091],[104.66938,21.07992],[104.66707,21.07871],[104.66642,21.07832],[104.66539,21.07757],[104.66514,21.07717],[104.66047,21.07477],[104.65182,21.07718],[104.64842,21.08132],[104.64268,21.08858],[104.64246,21.08864],[104.63913,21.08908],[104.6387,21.08911],[104.63805,21.08896],[104.63248,21.08365],[104.62813,21.07939],[104.62355,21.07553],[104.61954,21.07348],[104.61665,21.07731],[104.61401,21.0804],[104.61119,21.0837],[104.61003,21.08327],[104.6085,21.08231],[104.60544,21.07727],[104.60553,21.07717],[104.60941,21.07361],[104.611,21.07173],[104.61258,21.06786],[104.61259,21.06577],[104.6125,21.06155],[104.61247,21.0609],[104.61211,21.06025],[104.61083,21.06014],[104.6098,21.06027],[104.60904,21.06065],[104.60537,21.05962],[104.60074,21.05583],[104.5976,21.0522],[104.60133,21.0488],[104.60648,21.04343],[104.61211,21.04192],[104.61421,21.04135],[104.62135,21.03957],[104.62656,21.03578],[104.6279,21.03481],[104.6332,21.02927],[104.63444,21.02797],[104.63812,21.02627],[104.6408,21.02676],[104.64321,21.02808],[104.6441,21.0305],[104.64435,21.03119],[104.64447,21.03537],[104.64433,21.03908],[104.64496,21.04147],[104.64687,21.04267],[104.64942,21.04291],[104.654,21.04125],[104.65681,21.03862],[104.66039,21.03385],[104.67122,21.03017],[104.67376,21.03089],[104.67506,21.03196],[104.67579,21.03257],[104.67783,21.03544],[104.68367,21.04023],[104.68888,21.04395],[104.69307,21.04549],[104.70263,21.04899],[104.70466,21.04995],[104.70586,21.05078],[104.70657,21.05127],[104.70758,21.05294],[104.70885,21.05617],[104.71075,21.06299],[104.71176,21.06514],[104.71329,21.06646],[104.71558,21.06646],[104.71851,21.06623],[104.72221,21.06396],[104.72977,21.05687],[104.73051,21.05618],[104.73463,21.05343],[104.74548,21.04924],[104.75937,21.04719],[104.76527,21.04632],[104.76871,21.04582],[104.77376,21.04517],[104.78593,21.04363],[104.7875,21.04294],[104.79069,21.04153],[104.79488,21.03925],[104.79793,21.03544],[104.80211,21.03354],[104.80698,21.03369],[104.80821,21.03373],[104.81696,21.03582],[104.82109,21.03676],[104.8213,21.03676],[104.82485,21.03682],[104.83276,21.03449],[104.8438,21.03049],[104.84397,21.03047],[104.85248,21.0292],[104.85248,21.0292],[104.85275,21.02916],[104.85285,21.02916],[104.86224,21.02916],[104.86931,21.02859],[104.86808,21.02998],[104.86665,21.0322],[104.86569,21.03634],[104.8612,21.05051],[104.85825,21.05909],[104.85695,21.06243],[104.85703,21.06205],[104.85703,21.06205],[104.85622,21.05753],[104.85616,21.05728],[104.85586,21.05665],[104.85433,21.05543],[104.85086,21.05369],[104.84784,21.05259],[104.84136,21.05117],[104.83986,21.05121],[104.83972,21.05127],[104.83972,21.05127],[104.83933,21.05148],[104.83829,21.05211],[104.83287,21.05467],[104.82659,21.05676],[104.81932,21.05935],[104.81554,21.06356],[104.8092,21.06744],[104.81439,21.07413],[104.81647,21.07685],[104.81284,21.08135],[104.81043,21.08237],[104.80939,21.08249],[104.80205,21.08238],[104.80138,21.08305],[104.80089,21.08391],[104.79787,21.0861],[104.79779,21.08613],[104.79544,21.08613],[104.79369,21.08564],[104.79328,21.08587],[104.79245,21.08648],[104.79157,21.08719],[104.79087,21.08811],[104.79145,21.08986],[104.79152,21.09416],[104.79056,21.0961],[104.78592,21.10012],[104.78291,21.10109],[104.78225,21.10118],[104.78045,21.10079],[104.77858,21.10135],[104.77764,21.10213],[104.77672,21.10648],[104.77594,21.10792],[104.76985,21.10961],[104.76568,21.11047],[104.76513,21.11051],[104.7636,21.10913],[104.75964,21.11758],[104.75964,21.11763],[104.75965,21.11864],[104.7597,21.11877],[104.75976,21.11887],[104.76179,21.12174],[104.76184,21.1218],[104.762,21.12198],[104.76186,21.12352],[104.76054,21.12653],[104.76052,21.12655],[104.75886,21.12736],[104.75871,21.12743],[104.75769,21.12725],[104.75611,21.12754],[104.75596,21.12762],[104.7553,21.12832],[104.7553,21.12832],[104.75511,21.12864]]]},"properties":{"commune_code":"03970","commune_name":"Xã Tân Phong","commune_kind":"XA","province_code":"14","province_name":"Tỉnh Sơn La","area_km2":135.45,"valid_from":"16/6/2025","published":"13/07/2025","area_km2_geom":136.1971594845409,"quality_flag":null,"population":6787.0,"population_wp":5678.266111604869,"anchor_ratio":1.19525923347079,"pop_source":"WORLDPOP2025_ANCHORED_VNSDI","pop_density_ppkm2":49.832169963650095,"n_stations":0,"n_ports":0,"power_kw_site":0.0,"ports_per_10k_pop":0.0,"util_mean_port_weighted":null,"dist_station_m_pop_weighted":21918.395166930117}},{"type":"Feature","geometry":{"type":"Polygon","coordinates":[[[104.65209,20.86046],[104.64809,20.86506],[104.64244,20.86154],[104.63918,20.86012],[104.63603,20.85801],[104.63312,20.85554],[104.63181,20.85435],[104.63138,20.85382],[104.63123,20.85342],[104.62804,20.84299],[104.62688,20.84043],[104.62654,20.84041],[104.62441,20.84014],[104.62071,20.83938],[104.61941,20.83859],[104.61902,20.83773],[104.61893,20.83709],[104.61461,20.83514],[104.60998,20.83319],[104.60595,20.83206],[104.60511,20.83203],[104.60422,20.83173],[104.60273,20.83114],[104.60255,20.831],[104.60233,20.8308],[104.60152,20.8298],[104.60618,20.82649],[104.60737,20.82582],[104.60769,20.82572],[104.60946,20.8258],[104.61042,20.8261],[104.61233,20.82684],[104.61385,20.82745],[104.61412,20.82753],[104.61434,20.82747],[104.61567,20.82673],[104.61699,20.82584],[104.6182,20.82489],[104.61834,20.8247],[104.61841,20.82445],[104.61837,20.82381],[104.62073,20.81989],[104.62404,20.81768],[104.62831,20.81599],[104.63244,20.81494],[104.63329,20.81507],[104.63359,20.815],[104.63389,20.8148],[104.63425,20.81451],[104.6344,20.81436],[104.63694,20.81134],[104.63696,20.80974],[104.63695,20.80963],[104.63673,20.80914],[104.63655,20.80885],[104.63636,20.80867],[104.63803,20.80495],[104.64426,20.79787],[104.64552,20.79603],[104.64452,20.79466],[104.64332,20.79332],[104.64195,20.79041],[104.64264,20.78938],[104.6455,20.78855],[104.65082,20.78833],[104.65267,20.78663],[104.65419,20.78204],[104.65434,20.78038],[104.65439,20.77986],[104.6544,20.77954],[104.6542,20.77802],[104.65407,20.77741],[104.65252,20.77732],[104.65073,20.77748],[104.64984,20.77675],[104.64888,20.77511],[104.648,20.77342],[104.64953,20.76899],[104.6499,20.76813],[104.65116,20.76547],[104.65231,20.76494],[104.65889,20.76202],[104.66273,20.76085],[104.66864,20.75979],[104.67259,20.76013],[104.67274,20.76074],[104.67292,20.76127],[104.67338,20.76223],[104.67379,20.76288],[104.67421,20.76334],[104.67784,20.767],[104.67825,20.76735],[104.68181,20.76988],[104.68295,20.77067],[104.68371,20.7711],[104.68402,20.77111],[104.68425,20.77111],[104.68451,20.771],[104.68559,20.76983],[104.68634,20.76904],[104.68691,20.7687],[104.68854,20.76771],[104.6893,20.76748],[104.69092,20.76725],[104.69243,20.76707],[104.69364,20.76707],[104.69519,20.7672],[104.70046,20.76775],[104.70051,20.76776],[104.70039,20.76914],[104.69999,20.77027],[104.69915,20.77237],[104.69878,20.77301],[104.6984,20.77331],[104.69788,20.77359],[104.69444,20.77509],[104.68705,20.78011],[104.68301,20.7846],[104.67875,20.78979],[104.67408,20.79498],[104.6688,20.79975],[104.66292,20.8084],[104.66266,20.80883],[104.66258,20.80914],[104.66257,20.80943],[104.66264,20.8098],[104.66288,20.81048],[104.65882,20.8121],[104.65882,20.8121],[104.65801,20.81877],[104.65725,20.82089],[104.65593,20.82273],[104.65742,20.82845],[104.65628,20.8312],[104.65662,20.83579],[104.65953,20.84448],[104.65959,20.84648],[104.65913,20.84892],[104.65696,20.8527],[104.65666,20.85792],[104.65209,20.86046]]]},"properties":{"commune_code":"03979","commune_name":"Phường Mộc Sơn","commune_kind":"PHUONG","province_code":"14","province_name":"Tỉnh Sơn La","area_km2":37.88,"valid_from":"16/6/2025","published":"13/07/2025","area_km2_geom":37.994784660013785,"quality_flag":null,"population":15024.999999999998,"population_wp":14769.371182583272,"anchor_ratio":1.0173080366290865,"pop_source":"WORLDPOP2025_ANCHORED_VNSDI","pop_density_ppkm2":395.4490105536118,"n_stations":2,"n_ports":24,"power_kw_site":702.0,"ports_per_10k_pop":15.973377703826957,"util_mean_port_weighted":0.1398513517689458,"dist_station_m_pop_weighted":2195.827251038407}},{"type":"Feature","geometry":{"type":"Polygon","coordinates":[[[104.51517,20.97254],[104.51325,20.97405],[104.50615,20.97122],[104.50603,20.96833],[104.50952,20.96377],[104.5097,20.96356],[104.51092,20.96258],[104.51109,20.96245],[104.51127,20.96235],[104.51155,20.9622],[104.51204,20.96203],[104.51312,20.96172],[104.5133,20.96169],[104.51367,20.96164],[104.51388,20.96161],[104.51411,20.96157],[104.51423,20.96151],[104.5144,20.96142],[104.51465,20.96116],[104.51466,20.96103],[104.51467,20.96086],[104.51464,20.96057],[104.51456,20.96014],[104.51448,20.95986],[104.51438,20.95967],[104.51376,20.95879],[104.51362,20.9586],[104.5135,20.95845],[104.51338,20.95835],[104.51321,20.95824],[104.51041,20.95687],[104.50188,20.95822],[104.50152,20.9581],[104.50312,20.95622],[104.5048,20.95452],[104.50514,20.95414],[104.50549,20.95345],[104.50557,20.95319],[104.50607,20.9513],[104.50605,20.95104],[104.50599,20.9508],[104.50575,20.95061],[104.50421,20.94955],[104.5029,20.94864],[104.50224,20.94809],[104.50193,20.94751],[104.50174,20.9469],[104.50176,20.94647],[104.50211,20.94592],[104.50244,20.9456],[104.50316,20.94488],[104.50432,20.94378],[104.5051,20.94326],[104.50592,20.94252],[104.50655,20.94175],[104.50698,20.94072],[104.50723,20.93933],[104.50709,20.93816],[104.50661,20.93718],[104.50571,20.93657],[104.50494,20.93651],[104.50355,20.9366],[104.50205,20.93682],[104.50174,20.9369],[104.50146,20.93697],[104.5012,20.93699],[104.50108,20.93695],[104.5002,20.93507],[104.49699,20.92788],[104.49533,20.92459],[104.49486,20.92394],[104.49412,20.92342],[104.49254,20.9224],[104.48518,20.91817],[104.48248,20.91623],[104.48218,20.91587],[104.48127,20.91519],[104.48022,20.91445],[104.47924,20.91391],[104.47782,20.91337],[104.47433,20.9122],[104.4734,20.91205],[104.47091,20.9121],[104.4685,20.9121],[104.46662,20.91199],[104.46652,20.91186],[104.46652,20.91172],[104.46693,20.91076],[104.46908,20.90656],[104.46974,20.90124],[104.46765,20.89607],[104.46642,20.89282],[104.46837,20.89134],[104.46914,20.89088],[104.47078,20.88736],[104.47112,20.88425],[104.4727,20.8837],[104.47835,20.88431],[104.48374,20.88407],[104.48571,20.88168],[104.48659,20.8802],[104.48757,20.87883],[104.48805,20.87822],[104.49061,20.87742],[104.49185,20.87706],[104.49338,20.87674],[104.49385,20.87683],[104.49469,20.87693],[104.49533,20.87698],[104.49843,20.87562],[104.50006,20.87282],[104.50356,20.87116],[104.50637,20.87138],[104.50655,20.87169],[104.50678,20.87199],[104.50683,20.87201],[104.50692,20.872],[104.50732,20.87189],[104.50786,20.87173],[104.50802,20.87166],[104.50812,20.87159],[104.51174,20.86861],[104.51345,20.86688],[104.51626,20.86464],[104.52383,20.86213],[104.52586,20.86159],[104.52992,20.86112],[104.535,20.85896],[104.53764,20.85359],[104.53788,20.84737],[104.53678,20.84336],[104.53641,20.84147],[104.53632,20.84075],[104.53614,20.83869],[104.5377,20.83133],[104.53589,20.82826],[104.54267,20.82631],[104.54677,20.82651],[104.55121,20.82531],[104.55249,20.82458],[104.55744,20.82148],[104.56046,20.81896],[104.56255,20.81618],[104.56492,20.81153],[104.56722,20.80978],[104.56802,20.8089],[104.57235,20.80801],[104.58163,20.80543],[104.58201,20.80526],[104.58296,20.80473],[104.58375,20.80428],[104.58379,20.80411],[104.58329,20.80114],[104.58265,20.79841],[104.58287,20.79547],[104.58466,20.79294],[104.58594,20.79118],[104.58797,20.78946],[104.58992,20.78787],[104.59114,20.78717],[104.59246,20.78697],[104.59429,20.78695],[104.59595,20.78632],[104.59629,20.7861],[104.59901,20.78403],[104.60432,20.77883],[104.6081,20.77553],[104.61181,20.77016],[104.6119,20.76947],[104.61197,20.76856],[104.6118,20.76714],[104.6103,20.76644],[104.6104,20.76571],[104.61046,20.7654],[104.61083,20.7645],[104.61206,20.76234],[104.61224,20.76208],[104.6131,20.76106],[104.61349,20.76063],[104.61532,20.75861],[104.61616,20.75818],[104.61786,20.75787],[104.61878,20.75784],[104.61904,20.75783],[104.61937,20.7579],[104.61979,20.75805],[104.62018,20.75843],[104.62075,20.75901],[104.62085,20.75914],[104.62093,20.75929],[104.62597,20.75955],[104.63181,20.75777],[104.63375,20.75804],[104.63512,20.75891],[104.63553,20.7592],[104.63613,20.75968],[104.63656,20.76007],[104.63665,20.76021],[104.6377,20.76381],[104.63753,20.76657],[104.63703,20.76881],[104.63726,20.77053],[104.63997,20.77435],[104.6425,20.77714],[104.64437,20.77736],[104.64551,20.77949],[104.64554,20.77956],[104.64556,20.77975],[104.64548,20.78126],[104.64543,20.78167],[104.64511,20.78397],[104.64328,20.78554],[104.64265,20.78902],[104.64264,20.78938],[104.64195,20.79041],[104.64332,20.79332],[104.64452,20.79466],[104.64552,20.79603],[104.64426,20.79787],[104.63803,20.80495],[104.63636,20.80867],[104.63655,20.80885],[104.63673,20.80914],[104.63695,20.80963],[104.63696,20.80974],[104.63694,20.81134],[104.6344,20.81436],[104.63425,20.81451],[104.63389,20.8148],[104.63359,20.815],[104.63329,20.81507],[104.63244,20.81494],[104.62831,20.81599],[104.62404,20.81768],[104.62073,20.81989],[104.61837,20.82381],[104.61841,20.82445],[104.61834,20.8247],[104.6182,20.82489],[104.61699,20.82584],[104.61567,20.82673],[104.61434,20.82747],[104.61412,20.82753],[104.61385,20.82745],[104.61233,20.82684],[104.61042,20.8261],[104.60946,20.8258],[104.60769,20.82572],[104.60737,20.82582],[104.60618,20.82649],[104.60152,20.8298],[104.60233,20.8308],[104.60255,20.831],[104.60273,20.83114],[104.60422,20.83173],[104.60511,20.83203],[104.60595,20.83206],[104.60998,20.83319],[104.61461,20.83514],[104.61893,20.83709],[104.61902,20.83773],[104.61941,20.83859],[104.62071,20.83938],[104.62441,20.84014],[104.62654,20.84041],[104.62688,20.84043],[104.62804,20.84299],[104.63123,20.85342],[104.63138,20.85382],[104.63181,20.85435],[104.63312,20.85554],[104.63603,20.85801],[104.63918,20.86012],[104.64244,20.86154],[104.64809,20.86506],[104.65209,20.86046],[104.65666,20.85792],[104.65716,20.85735],[104.65734,20.85728],[104.65747,20.85724],[104.65948,20.85681],[104.65965,20.8568],[104.66,20.85681],[104.66038,20.85683],[104.66119,20.85692],[104.66138,20.85696],[104.66154,20.85701],[104.66813,20.85929],[104.67328,20.86162],[104.67371,20.86181],[104.67415,20.8621],[104.67442,20.86231],[104.67439,20.86246],[104.67303,20.86386],[104.6675,20.86989],[104.66836,20.8742],[104.66845,20.87452],[104.66891,20.87522],[104.67125,20.87528],[104.67065,20.87876],[104.66875,20.88139],[104.6649,20.88427],[104.65966,20.88818],[104.65911,20.88852],[104.65348,20.891],[104.64909,20.89179],[104.64791,20.89225],[104.6445,20.89686],[104.63972,20.89379],[104.63951,20.89367],[104.63373,20.89343],[104.63371,20.89343],[104.6337,20.89343],[104.63106,20.89349],[104.62688,20.89507],[104.6255,20.8956],[104.62007,20.89846],[104.61771,20.89976],[104.6142,20.90171],[104.61275,20.90261],[104.61227,20.90365],[104.61226,20.90406],[104.61163,20.90538],[104.60801,20.90947],[104.60397,20.91287],[104.59765,20.91723],[104.59557,20.92055],[104.59534,20.92121],[104.58504,20.93653],[104.57823,20.93929],[104.5726,20.94141],[104.56599,20.94145],[104.56144,20.94441],[104.5606,20.94499],[104.55927,20.946],[104.55736,20.95026],[104.55045,20.95375],[104.54977,20.95734],[104.54447,20.95596],[104.54163,20.95627],[104.53584,20.95826],[104.53541,20.95844],[104.53491,20.95871],[104.53425,20.9591],[104.53325,20.95989],[104.53043,20.96275],[104.52657,20.96402],[104.52268,20.9637],[104.5225,20.96372],[104.52232,20.96376],[104.52208,20.96388],[104.52108,20.96477],[104.52095,20.96501],[104.5203,20.96643],[104.51904,20.96955],[104.51517,20.97254]]]},"properties":{"commune_code":"03980","commune_name":"Phường Mộc Châu","commune_kind":"PHUONG","province_code":"14","province_name":"Tỉnh Sơn La","area_km2":167.62,"valid_from":"16/6/2025","published":"13/07/2025","area_km2_geom":214.65952960429615,"quality_flag":null,"population":21087.0,"population_wp":22528.275696091354,"anchor_ratio":0.9360237012572864,"pop_source":"WORLDPOP2025_ANCHORED_VNSDI","pop_density_ppkm2":98.23463248462261,"n_stations":3,"n_ports":33,"power_kw_site":1138.0,"ports_per_10k_pop":15.64945226917058,"util_mean_port_weighted":0.11696576788805517,"dist_station_m_pop_weighted":5205.058917118685}},{"type":"Feature","geometry":{"type":"Polygon","coordinates":[[[104.64959,20.92549],[104.64928,20.92552],[104.6489,20.92551],[104.64854,20.9254],[104.64815,20.92517],[104.64748,20.92457],[104.64741,20.92437],[104.64739,20.92416],[104.64789,20.9215],[104.64801,20.92099],[104.64826,20.92048],[104.64852,20.91997],[104.64879,20.91968],[104.64782,20.90774],[104.64738,20.90307],[104.64458,20.90091],[104.6445,20.89686],[104.64791,20.89225],[104.64909,20.89179],[104.65348,20.891],[104.65911,20.88852],[104.65966,20.88818],[104.6649,20.88427],[104.66875,20.88139],[104.67065,20.87876],[104.67125,20.87528],[104.66891,20.87522],[104.66845,20.87452],[104.66836,20.8742],[104.6675,20.86989],[104.67303,20.86386],[104.67439,20.86246],[104.67442,20.86231],[104.67415,20.8621],[104.67371,20.86181],[104.67328,20.86162],[104.66813,20.85929],[104.66154,20.85701],[104.66138,20.85696],[104.66119,20.85692],[104.66038,20.85683],[104.66,20.85681],[104.65965,20.8568],[104.65948,20.85681],[104.65747,20.85724],[104.65734,20.85728],[104.65716,20.85735],[104.65666,20.85792],[104.65696,20.8527],[104.65913,20.84892],[104.65959,20.84648],[104.66097,20.84254],[104.66486,20.83686],[104.66846,20.83469],[104.67306,20.83432],[104.68064,20.83308],[104.68407,20.82767],[104.6901,20.82405],[104.69117,20.82389],[104.6986,20.82656],[104.70113,20.83059],[104.70111,20.83151],[104.70373,20.83572],[104.70644,20.83648],[104.70897,20.83563],[104.715,20.8338],[104.7175,20.83783],[104.72016,20.83855],[104.72115,20.84053],[104.7195,20.84263],[104.71402,20.8479],[104.71351,20.84861],[104.71357,20.84922],[104.71389,20.85107],[104.71399,20.85125],[104.71433,20.85126],[104.71992,20.8515],[104.72038,20.85151],[104.7247,20.85084],[104.72549,20.85074],[104.72859,20.85667],[104.72763,20.85652],[104.72719,20.85631],[104.72628,20.85653],[104.72492,20.8577],[104.72464,20.85804],[104.72419,20.86374],[104.72416,20.86414],[104.72419,20.8645],[104.72425,20.8648],[104.72432,20.86499],[104.72454,20.86523],[104.72473,20.8654],[104.72902,20.8652],[104.73576,20.86834],[104.7366,20.86954],[104.73734,20.87068],[104.73786,20.87177],[104.73482,20.87403],[104.72961,20.87392],[104.72923,20.87395],[104.72805,20.87432],[104.72432,20.87566],[104.71737,20.87953],[104.71397,20.88639],[104.71254,20.89015],[104.70775,20.89346],[104.70308,20.8949],[104.69788,20.89814],[104.69263,20.90237],[104.68978,20.9035],[104.68701,20.90439],[104.68532,20.90388],[104.68434,20.90366],[104.68338,20.90369],[104.683,20.90385],[104.68224,20.90446],[104.68083,20.90636],[104.68007,20.90839],[104.67944,20.90982],[104.67389,20.91694],[104.67061,20.91934],[104.66772,20.92136],[104.66261,20.92446],[104.66225,20.92466],[104.66153,20.92506],[104.65875,20.92449],[104.65836,20.92407],[104.65816,20.92372],[104.65797,20.92316],[104.65853,20.92295],[104.65873,20.92279],[104.65971,20.92199],[104.65983,20.92162],[104.65953,20.9209],[104.65939,20.9206],[104.65455,20.92097],[104.6528,20.92187],[104.6527,20.92203],[104.65236,20.92275],[104.65216,20.92308],[104.65183,20.92351],[104.65146,20.92399],[104.6503,20.92535],[104.65005,20.92542],[104.64959,20.92549]]]},"properties":{"commune_code":"03982","commune_name":"Phường Thảo Nguyên","commune_kind":"PHUONG","province_code":"14","province_name":"Tỉnh Sơn La","area_km2":53.09,"valid_from":"16/6/2025","published":"13/07/2025","area_km2_geom":53.16684900564266,"quality_flag":null,"population":22479.0,"population_wp":26921.769328057766,"anchor_ratio":0.8349748386177751,"pop_source":"WORLDPOP2025_ANCHORED_VNSDI","pop_density_ppkm2":422.80105780980693,"n_stations":6,"n_ports":65,"power_kw_site":1625.5,"ports_per_10k_pop":28.915877040793628,"util_mean_port_weighted":0.14902357262846952,"dist_station_m_pop_weighted":3391.0785182951436}},{"type":"Feature","geometry":{"type":"Polygon","coordinates":[[[104.56802,20.8089],[104.56722,20.80978],[104.56438,20.808],[104.56044,20.80554],[104.56054,20.80545],[104.5608,20.80528],[104.56161,20.80478],[104.56174,20.8047],[104.56194,20.80462],[104.56323,20.80411],[104.56408,20.80399],[104.56486,20.80175],[104.56611,20.79527],[104.56594,20.79443],[104.56493,20.78951],[104.5649,20.78939],[104.56484,20.78918],[104.56478,20.78903],[104.56474,20.78889],[104.56471,20.78883],[104.56469,20.78877],[104.56468,20.78875],[104.56462,20.78866],[104.56449,20.78849],[104.56445,20.78844],[104.56444,20.78843],[104.56443,20.78841],[104.56442,20.7884],[104.5644,20.78838],[104.5644,20.78838],[104.5643,20.78829],[104.56374,20.78837],[104.5635,20.7884],[104.56318,20.78843],[104.56306,20.78841],[104.56288,20.78837],[104.56268,20.7883],[104.56258,20.78825],[104.56225,20.78801],[104.56215,20.78791],[104.56166,20.78714],[104.5616,20.78605],[104.56159,20.78596],[104.5616,20.78588],[104.56169,20.78561],[104.5617,20.78561],[104.56173,20.78553],[104.56295,20.7844],[104.56333,20.78405],[104.56347,20.78393],[104.56385,20.78362],[104.56471,20.78294],[104.56505,20.7827],[104.56528,20.78255],[104.56575,20.78228],[104.56612,20.78208],[104.56637,20.78197],[104.56663,20.78189],[104.56689,20.78185],[104.56675,20.78111],[104.56572,20.78015],[104.56482,20.77989],[104.56327,20.77973],[104.56321,20.77972],[104.55944,20.77951],[104.55695,20.78025],[104.55227,20.77972],[104.5501,20.77899],[104.55055,20.77773],[104.55056,20.7777],[104.55078,20.77688],[104.55084,20.77667],[104.55089,20.77649],[104.55091,20.77635],[104.55111,20.77437],[104.55113,20.77405],[104.5511,20.77394],[104.55045,20.77242],[104.54982,20.77171],[104.54934,20.77129],[104.54814,20.76909],[104.54726,20.76721],[104.54644,20.76412],[104.54696,20.76223],[104.54755,20.75879],[104.54709,20.75427],[104.54885,20.75164],[104.54952,20.75099],[104.56011,20.74461],[104.56297,20.74478],[104.56496,20.74474],[104.56542,20.74471],[104.56646,20.74452],[104.56873,20.74407],[104.56893,20.74398],[104.56963,20.74361],[104.57341,20.74156],[104.57459,20.73888],[104.57451,20.73734],[104.5751,20.73476],[104.57991,20.73249],[104.58223,20.73191],[104.58705,20.7314],[104.59084,20.73108],[104.59428,20.72963],[104.59678,20.72507],[104.59743,20.72208],[104.59593,20.71961],[104.59344,20.71685],[104.58908,20.71159],[104.58854,20.71046],[104.58699,20.70779],[104.5866,20.70722],[104.58643,20.70705],[104.58444,20.70509],[104.58124,20.70373],[104.58233,20.70284],[104.5846,20.70062],[104.58515,20.69802],[104.5859,20.69453],[104.58489,20.68717],[104.58489,20.68684],[104.5849,20.6833],[104.58676,20.68059],[104.59191,20.67712],[104.59808,20.675],[104.60487,20.67424],[104.61088,20.67374],[104.62049,20.67292],[104.63324,20.6728],[104.63496,20.67278],[104.63544,20.67207],[104.63564,20.672],[104.63849,20.67418],[104.6452,20.67975],[104.64854,20.681],[104.65286,20.68073],[104.65641,20.67952],[104.65939,20.67907],[104.6647,20.67915],[104.67246,20.68062],[104.68005,20.68032],[104.68923,20.68113],[104.69635,20.68264],[104.70039,20.68343],[104.70064,20.68344],[104.70238,20.68341],[104.70265,20.68334],[104.70731,20.68311],[104.71591,20.68312],[104.71615,20.68314],[104.71646,20.68324],[104.71809,20.68434],[104.72541,20.6901],[104.72647,20.69124],[104.72653,20.6913],[104.72657,20.69136],[104.72663,20.69146],[104.7267,20.69163],[104.72674,20.69174],[104.72677,20.6919],[104.72678,20.69229],[104.72678,20.69283],[104.72675,20.6933],[104.72675,20.69337],[104.72623,20.69449],[104.72575,20.69532],[104.72399,20.69747],[104.72301,20.69852],[104.71865,20.70341],[104.71842,20.70369],[104.71833,20.70386],[104.71821,20.70426],[104.71826,20.70472],[104.71828,20.70481],[104.7183,20.70485],[104.71834,20.70492],[104.71838,20.705],[104.72024,20.70741],[104.72208,20.71035],[104.72223,20.71062],[104.72228,20.71098],[104.72219,20.71269],[104.7219,20.71321],[104.71983,20.71347],[104.71758,20.71389],[104.71688,20.71478],[104.71717,20.71781],[104.71835,20.72631],[104.71917,20.72695],[104.71949,20.72699],[104.72201,20.72685],[104.72315,20.72648],[104.72445,20.72606],[104.72806,20.72534],[104.72872,20.72521],[104.73109,20.72514],[104.73374,20.72542],[104.73376,20.72542],[104.73383,20.72548],[104.73391,20.72558],[104.73398,20.72569],[104.73424,20.7268],[104.73428,20.72734],[104.73415,20.72798],[104.73461,20.72949],[104.73824,20.73209],[104.74034,20.7326],[104.74074,20.73269],[104.74184,20.73284],[104.74209,20.73286],[104.74239,20.73282],[104.74288,20.73262],[104.74306,20.73252],[104.74312,20.73216],[104.74671,20.73061],[104.75144,20.73578],[104.75411,20.73901],[104.75372,20.73968],[104.75366,20.73994],[104.75343,20.74234],[104.75349,20.74408],[104.75398,20.74796],[104.75443,20.7491],[104.75499,20.75045],[104.75504,20.75069],[104.75511,20.75245],[104.75507,20.7526],[104.75499,20.75286],[104.75231,20.75824],[104.74914,20.75771],[104.74373,20.76062],[104.74093,20.76087],[104.73996,20.75999],[104.73886,20.75987],[104.73711,20.76002],[104.73672,20.76008],[104.73269,20.76094],[104.72997,20.76162],[104.72827,20.76284],[104.72597,20.76452],[104.72307,20.76642],[104.72013,20.76829],[104.71816,20.76881],[104.71436,20.76909],[104.71149,20.76894],[104.70613,20.7684],[104.70391,20.76811],[104.70204,20.76718],[104.70046,20.76775],[104.69519,20.7672],[104.69364,20.76707],[104.69243,20.76707],[104.69092,20.76725],[104.6893,20.76748],[104.68854,20.76771],[104.68691,20.7687],[104.68634,20.76904],[104.68559,20.76983],[104.68451,20.771],[104.68425,20.77111],[104.68402,20.77111],[104.68371,20.7711],[104.68295,20.77067],[104.68181,20.76988],[104.67825,20.76735],[104.67784,20.767],[104.67421,20.76334],[104.67379,20.76288],[104.67338,20.76223],[104.67292,20.76127],[104.67274,20.76074],[104.67259,20.76013],[104.66864,20.75979],[104.66273,20.76085],[104.65889,20.76202],[104.65231,20.76494],[104.65116,20.76547],[104.6499,20.76813],[104.64953,20.76899],[104.648,20.77342],[104.64888,20.77511],[104.64984,20.77675],[104.65073,20.77748],[104.65252,20.77732],[104.65407,20.77741],[104.6542,20.77802],[104.6544,20.77954],[104.65439,20.77986],[104.65434,20.78038],[104.65419,20.78204],[104.65267,20.78663],[104.65082,20.78833],[104.6455,20.78855],[104.64264,20.78938],[104.64265,20.78902],[104.64328,20.78554],[104.64511,20.78397],[104.64543,20.78167],[104.64548,20.78126],[104.64556,20.77975],[104.64554,20.77956],[104.64551,20.77949],[104.64437,20.77736],[104.6425,20.77714],[104.63997,20.77435],[104.63726,20.77053],[104.63703,20.76881],[104.63753,20.76657],[104.6377,20.76381],[104.63665,20.76021],[104.63656,20.76007],[104.63613,20.75968],[104.63553,20.7592],[104.63512,20.75891],[104.63375,20.75804],[104.63181,20.75777],[104.62597,20.75955],[104.62093,20.75929],[104.62085,20.75914],[104.62075,20.75901],[104.62018,20.75843],[104.61979,20.75805],[104.61937,20.7579],[104.61904,20.75783],[104.61878,20.75784],[104.61786,20.75787],[104.61616,20.75818],[104.61532,20.75861],[104.61349,20.76063],[104.6131,20.76106],[104.61224,20.76208],[104.61206,20.76234],[104.61083,20.7645],[104.61046,20.7654],[104.6104,20.76571],[104.6103,20.76644],[104.6118,20.76714],[104.61197,20.76856],[104.6119,20.76947],[104.61181,20.77016],[104.6081,20.77553],[104.60432,20.77883],[104.59901,20.78403],[104.59629,20.7861],[104.59595,20.78632],[104.59429,20.78695],[104.59246,20.78697],[104.59114,20.78717],[104.58992,20.78787],[104.58797,20.78946],[104.58594,20.79118],[104.58466,20.79294],[104.58287,20.79547],[104.58265,20.79841],[104.58329,20.80114],[104.58379,20.80411],[104.58375,20.80428],[104.58296,20.80473],[104.58201,20.80526],[104.58163,20.80543],[104.57235,20.80801],[104.56802,20.8089]]]},"properties":{"commune_code":"03985","commune_name":"Xã Chiềng Sơn","commune_kind":"XA","province_code":"14","province_name":"Tỉnh Sơn La","area_km2":204.9,"valid_from":"16/6/2025","published":"13/07/2025","area_km2_geom":174.36967006570194,"quality_flag":null,"population":14155.0,"population_wp":11664.729518085718,"anchor_ratio":1.213487203286901,"pop_source":"WORLDPOP2025_ANCHORED_VNSDI","pop_density_ppkm2":81.17810852464446,"n_stations":1,"n_ports":4,"power_kw_site":180.0,"ports_per_10k_pop":2.82585658777817,"util_mean_port_weighted":0.01299545159194282,"dist_station_m_pop_weighted":8094.710163990905}},{"type":"Feature","geometry":{"type":"Polygon","coordinates":[[[104.55779,21.06356],[104.55508,21.06503],[104.55438,21.0648],[104.55148,21.06207],[104.54978,21.0591],[104.54819,21.05646],[104.5454,21.05406],[104.54444,21.05273],[104.5428,21.0504],[104.54237,21.04894],[104.54091,21.04212],[104.54058,21.03862],[104.54201,21.03495],[104.54272,21.02824],[104.54206,21.02652],[104.53796,21.01948],[104.5313,21.00987],[104.53424,21.0086],[104.54048,21.00569],[104.54087,21.00549],[104.54656,21.00236],[104.54792,21.00087],[104.54792,21.00038],[104.54698,20.9999],[104.54113,20.99651],[104.53695,20.98964],[104.53422,20.98497],[104.5328,20.98088],[104.5326,20.97966],[104.52705,20.98254],[104.52337,20.98518],[104.52273,20.98566],[104.5221,20.98582],[104.52131,20.98582],[104.52014,20.98534],[104.51839,20.9839],[104.51748,20.9827],[104.51737,20.98231],[104.51773,20.98121],[104.51822,20.98053],[104.51839,20.98033],[104.51943,20.98031],[104.52062,20.98034],[104.52183,20.97807],[104.52244,20.97299],[104.52242,20.97231],[104.52241,20.97222],[104.52238,20.97206],[104.52206,20.97127],[104.52189,20.97099],[104.52167,20.97075],[104.52143,20.97051],[104.52093,20.97013],[104.52065,20.96999],[104.51904,20.96955],[104.5203,20.96643],[104.52095,20.96501],[104.52108,20.96477],[104.52208,20.96388],[104.52232,20.96376],[104.5225,20.96372],[104.52268,20.9637],[104.52657,20.96402],[104.53043,20.96275],[104.53325,20.95989],[104.53425,20.9591],[104.53491,20.95871],[104.53541,20.95844],[104.53584,20.95826],[104.54163,20.95627],[104.54447,20.95596],[104.54977,20.95734],[104.55045,20.95375],[104.55736,20.95026],[104.55927,20.946],[104.5606,20.94499],[104.56144,20.94441],[104.56599,20.94145],[104.5726,20.94141],[104.57823,20.93929],[104.58504,20.93653],[104.59534,20.92121],[104.59557,20.92055],[104.59765,20.91723],[104.60397,20.91287],[104.60801,20.90947],[104.61163,20.90538],[104.61226,20.90406],[104.61227,20.90365],[104.61275,20.90261],[104.6142,20.90171],[104.61771,20.89976],[104.62007,20.89846],[104.6255,20.8956],[104.62688,20.89507],[104.63106,20.89349],[104.6337,20.89343],[104.63371,20.89343],[104.63373,20.89343],[104.63951,20.89367],[104.63972,20.89379],[104.6445,20.89686],[104.64458,20.90091],[104.64738,20.90307],[104.64782,20.90774],[104.64879,20.91968],[104.64852,20.91997],[104.64826,20.92048],[104.64801,20.92099],[104.64789,20.9215],[104.64739,20.92416],[104.64741,20.92437],[104.64748,20.92457],[104.64815,20.92517],[104.64854,20.9254],[104.6489,20.92551],[104.64928,20.92552],[104.64959,20.92549],[104.65005,20.92542],[104.6503,20.92535],[104.65146,20.92399],[104.65183,20.92351],[104.65216,20.92308],[104.65236,20.92275],[104.6527,20.92203],[104.6528,20.92187],[104.65455,20.92097],[104.65939,20.9206],[104.65953,20.9209],[104.65983,20.92162],[104.65971,20.92199],[104.65873,20.92279],[104.65853,20.92295],[104.65797,20.92316],[104.65692,20.92453],[104.65626,20.92533],[104.65282,20.92908],[104.64975,20.93104],[104.64912,20.93144],[104.64918,20.93177],[104.64926,20.93203],[104.64939,20.93243],[104.6496,20.93276],[104.64973,20.9329],[104.65002,20.93311],[104.65093,20.93376],[104.65126,20.93398],[104.65188,20.93431],[104.65705,20.93601],[104.65705,20.93601],[104.65831,20.9373],[104.66056,20.94129],[104.66075,20.94165],[104.66086,20.94189],[104.66127,20.9433],[104.66132,20.9436],[104.66131,20.94387],[104.66114,20.94496],[104.66106,20.94513],[104.66054,20.94587],[104.66046,20.94599],[104.65545,20.94824],[104.65275,20.95601],[104.65217,20.95899],[104.65117,20.96478],[104.65136,20.96478],[104.65156,20.96487],[104.65171,20.96497],[104.65218,20.96531],[104.65242,20.96549],[104.65268,20.96577],[104.65344,20.9666],[104.6546,20.96793],[104.65497,20.96836],[104.65504,20.96847],[104.65508,20.96855],[104.65539,20.96926],[104.65546,20.96944],[104.65562,20.96989],[104.65589,20.97084],[104.65591,20.97093],[104.65593,20.97112],[104.65594,20.9714],[104.65594,20.97158],[104.65596,20.97425],[104.65593,20.97447],[104.65585,20.97477],[104.65571,20.97502],[104.65555,20.9752],[104.65531,20.97544],[104.65522,20.97551],[104.65512,20.97556],[104.65491,20.9756],[104.65496,20.97794],[104.65549,20.98191],[104.65953,20.98208],[104.66074,20.9832],[104.66183,20.9849],[104.66397,20.98579],[104.67086,20.98766],[104.67126,20.98774],[104.67159,20.98779],[104.67426,20.98806],[104.67449,20.98807],[104.67532,20.988],[104.67577,20.98792],[104.67599,20.98786],[104.67614,20.98779],[104.67619,20.98776],[104.67623,20.9877],[104.67633,20.98748],[104.67645,20.98722],[104.67655,20.9869],[104.67661,20.98672],[104.67718,20.98569],[104.67737,20.98536],[104.67885,20.98315],[104.67897,20.98298],[104.67951,20.98241],[104.67968,20.98227],[104.67992,20.9823],[104.68026,20.98244],[104.68097,20.98274],[104.68135,20.98301],[104.68236,20.98392],[104.68537,20.98665],[104.69089,20.987],[104.69228,20.99076],[104.69233,20.99093],[104.69233,20.99108],[104.6923,20.9916],[104.69221,20.99255],[104.69209,20.99314],[104.69204,20.99333],[104.69194,20.99362],[104.69187,20.99378],[104.69177,20.99395],[104.69152,20.9943],[104.6913,20.9948],[104.69108,20.99543],[104.69081,20.99636],[104.69099,20.99705],[104.69122,20.99782],[104.69129,20.99805],[104.69137,20.99821],[104.69151,20.99838],[104.69179,20.9987],[104.69341,21.00023],[104.69361,21.00038],[104.69387,21.00051],[104.69565,21.00136],[104.69581,21.00143],[104.69602,21.0015],[104.69631,21.00149],[104.69695,21.00288],[104.69788,21.00937],[104.69788,21.01418],[104.69845,21.02183],[104.6997,21.03038],[104.69889,21.03198],[104.69702,21.03386],[104.69562,21.03581],[104.69488,21.037],[104.6942,21.03853],[104.69413,21.03889],[104.69408,21.0393],[104.69406,21.03957],[104.69414,21.03978],[104.69381,21.04298],[104.69307,21.04549],[104.68888,21.04395],[104.68367,21.04023],[104.67783,21.03544],[104.67579,21.03257],[104.67506,21.03196],[104.67376,21.03089],[104.67122,21.03017],[104.66039,21.03385],[104.65681,21.03862],[104.654,21.04125],[104.64942,21.04291],[104.64687,21.04267],[104.64496,21.04147],[104.64433,21.03908],[104.64447,21.03537],[104.64435,21.03119],[104.6441,21.0305],[104.64321,21.02808],[104.6408,21.02676],[104.63812,21.02627],[104.63444,21.02797],[104.6332,21.02927],[104.6279,21.03481],[104.62656,21.03578],[104.62135,21.03957],[104.61421,21.04135],[104.61211,21.04192],[104.60648,21.04343],[104.60133,21.0488],[104.5976,21.0522],[104.59518,21.05414],[104.59125,21.05434],[104.58923,21.05444],[104.58685,21.05206],[104.58507,21.04879],[104.5806,21.04789],[104.57647,21.0479],[104.57495,21.0479],[104.57198,21.04998],[104.57138,21.05253],[104.56974,21.05269],[104.56739,21.05352],[104.56437,21.05733],[104.56182,21.06054],[104.55779,21.06356]]]},"properties":{"commune_code":"03997","commune_name":"Xã Tân Yên","commune_kind":"XA","province_code":"14","province_name":"Tỉnh Sơn La","area_km2":192.79,"valid_from":"16/6/2025","published":"13/07/2025","area_km2_geom":192.47826157731268,"quality_flag":null,"population":18380.0,"population_wp":15637.115714527667,"anchor_ratio":1.1754085814511213,"pop_source":"WORLDPOP2025_ANCHORED_VNSDI","pop_density_ppkm2":95.49130301458646,"n_stations":1,"n_ports":2,"power_kw_site":33.5,"ports_per_10k_pop":1.088139281828074,"util_mean_port_weighted":0.08125232948192322,"dist_station_m_pop_weighted":8062.705025060315}},{"type":"Feature","geometry":{"type":"Polygon","coordinates":[[[104.71851,21.06623],[104.71558,21.06646],[104.71329,21.06646],[104.71176,21.06514],[104.71075,21.06299],[104.70885,21.05617],[104.70758,21.05294],[104.70657,21.05127],[104.70586,21.05078],[104.70466,21.04995],[104.70263,21.04899],[104.69307,21.04549],[104.69381,21.04298],[104.69414,21.03978],[104.69406,21.03957],[104.69408,21.0393],[104.69413,21.03889],[104.6942,21.03853],[104.69488,21.037],[104.69562,21.03581],[104.69702,21.03386],[104.69889,21.03198],[104.6997,21.03038],[104.69845,21.02183],[104.69788,21.01418],[104.69788,21.00937],[104.69695,21.00288],[104.69631,21.00149],[104.69602,21.0015],[104.69581,21.00143],[104.69565,21.00136],[104.69387,21.00051],[104.69361,21.00038],[104.69341,21.00023],[104.69179,20.9987],[104.69151,20.99838],[104.69137,20.99821],[104.69129,20.99805],[104.69122,20.99782],[104.69099,20.99705],[104.69081,20.99636],[104.69108,20.99543],[104.6913,20.9948],[104.69152,20.9943],[104.69177,20.99395],[104.69187,20.99378],[104.69194,20.99362],[104.69204,20.99333],[104.69209,20.99314],[104.69221,20.99255],[104.6923,20.9916],[104.69233,20.99108],[104.69233,20.99093],[104.69228,20.99076],[104.69089,20.987],[104.68537,20.98665],[104.68236,20.98392],[104.68135,20.98301],[104.68097,20.98274],[104.68026,20.98244],[104.67992,20.9823],[104.67968,20.98227],[104.67951,20.98241],[104.67897,20.98298],[104.67885,20.98315],[104.67737,20.98536],[104.67718,20.98569],[104.67661,20.98672],[104.67655,20.9869],[104.67645,20.98722],[104.67633,20.98748],[104.67623,20.9877],[104.67619,20.98776],[104.67614,20.98779],[104.67599,20.98786],[104.67577,20.98792],[104.67532,20.988],[104.67449,20.98807],[104.67426,20.98806],[104.67159,20.98779],[104.67126,20.98774],[104.67086,20.98766],[104.66397,20.98579],[104.66183,20.9849],[104.66074,20.9832],[104.65953,20.98208],[104.65549,20.98191],[104.65496,20.97794],[104.65491,20.9756],[104.65512,20.97556],[104.65522,20.97551],[104.65531,20.97544],[104.65555,20.9752],[104.65571,20.97502],[104.65585,20.97477],[104.65593,20.97447],[104.65596,20.97425],[104.65594,20.97158],[104.65594,20.9714],[104.65593,20.97112],[104.65591,20.97093],[104.65589,20.97084],[104.65562,20.96989],[104.65546,20.96944],[104.65539,20.96926],[104.65508,20.96855],[104.65504,20.96847],[104.65497,20.96836],[104.6546,20.96793],[104.65344,20.9666],[104.65268,20.96577],[104.65242,20.96549],[104.65218,20.96531],[104.65171,20.96497],[104.65156,20.96487],[104.65136,20.96478],[104.65117,20.96478],[104.65217,20.95899],[104.65275,20.95601],[104.65545,20.94824],[104.66046,20.94599],[104.66054,20.94587],[104.66106,20.94513],[104.66114,20.94496],[104.66131,20.94387],[104.66132,20.9436],[104.66127,20.9433],[104.66086,20.94189],[104.66075,20.94165],[104.66056,20.94129],[104.65831,20.9373],[104.65705,20.93601],[104.65705,20.93601],[104.65188,20.93431],[104.65126,20.93398],[104.65093,20.93376],[104.65002,20.93311],[104.64973,20.9329],[104.6496,20.93276],[104.64939,20.93243],[104.64926,20.93203],[104.64918,20.93177],[104.64912,20.93144],[104.64975,20.93104],[104.65282,20.92908],[104.65626,20.92533],[104.65692,20.92453],[104.65797,20.92316],[104.65816,20.92372],[104.65836,20.92407],[104.65875,20.92449],[104.66153,20.92506],[104.66225,20.92466],[104.66261,20.92446],[104.66772,20.92136],[104.67061,20.91934],[104.67389,20.91694],[104.67944,20.90982],[104.68007,20.90839],[104.68083,20.90636],[104.68224,20.90446],[104.683,20.90385],[104.68338,20.90369],[104.68434,20.90366],[104.68532,20.90388],[104.68701,20.90439],[104.68978,20.9035],[104.69263,20.90237],[104.69788,20.89814],[104.70308,20.8949],[104.70775,20.89346],[104.71254,20.89015],[104.71397,20.88639],[104.71737,20.87953],[104.72432,20.87566],[104.72805,20.87432],[104.72923,20.87395],[104.72961,20.87392],[104.73482,20.87403],[104.73786,20.87177],[104.73734,20.87068],[104.7366,20.86954],[104.73576,20.86834],[104.72902,20.8652],[104.72473,20.8654],[104.72454,20.86523],[104.72432,20.86499],[104.72425,20.8648],[104.72419,20.8645],[104.72416,20.86414],[104.72419,20.86374],[104.72464,20.85804],[104.72492,20.8577],[104.72628,20.85653],[104.72719,20.85631],[104.72763,20.85652],[104.72859,20.85667],[104.72549,20.85074],[104.7247,20.85084],[104.72038,20.85151],[104.71992,20.8515],[104.71433,20.85126],[104.71399,20.85125],[104.71389,20.85107],[104.71357,20.84922],[104.71351,20.84861],[104.71402,20.8479],[104.7195,20.84263],[104.72115,20.84053],[104.72324,20.83849],[104.72758,20.83499],[104.73124,20.83783],[104.73278,20.83861],[104.73508,20.83968],[104.73593,20.83973],[104.742,20.8385],[104.74395,20.83775],[104.74732,20.83646],[104.75068,20.83496],[104.75385,20.83445],[104.75771,20.83664],[104.7577,20.84041],[104.75501,20.84568],[104.75384,20.84769],[104.75167,20.84884],[104.75079,20.84861],[104.74922,20.85504],[104.7536,20.85951],[104.75578,20.86153],[104.75705,20.86081],[104.75727,20.86057],[104.75759,20.85983],[104.75836,20.85909],[104.75942,20.85865],[104.76038,20.85842],[104.76372,20.85776],[104.76596,20.8619],[104.76927,20.86373],[104.77129,20.86272],[104.77633,20.86228],[104.77687,20.8648],[104.77848,20.86424],[104.77992,20.86396],[104.78835,20.86349],[104.79478,20.86318],[104.80041,20.86098],[104.80401,20.86085],[104.80962,20.86128],[104.81282,20.86316],[104.81771,20.86478],[104.81991,20.86414],[104.82018,20.86426],[104.82083,20.86473],[104.8212,20.86516],[104.82159,20.87248],[104.81582,20.87915],[104.81057,20.8807],[104.80932,20.88093],[104.80747,20.88331],[104.81091,20.8925],[104.81244,20.8934],[104.81088,20.8977],[104.80828,20.90014],[104.80724,20.90123],[104.8039,20.90495],[104.80887,20.90486],[104.80861,20.90971],[104.80822,20.91389],[104.80744,20.91695],[104.80571,20.91604],[104.80463,20.91607],[104.80286,20.91703],[104.79635,20.92067],[104.7927,20.9244],[104.78647,20.92919],[104.78488,20.93022],[104.78446,20.93065],[104.78384,20.93129],[104.7828,20.93245],[104.78042,20.93595],[104.7802,20.93998],[104.78286,20.9438],[104.78607,20.95059],[104.7881,20.95492],[104.78856,20.95793],[104.79099,20.96143],[104.79445,20.96398],[104.79361,20.96956],[104.79296,20.96989],[104.79237,20.96992],[104.79161,20.96991],[104.78991,20.97092],[104.78964,20.97216],[104.78948,20.98215],[104.78803,20.9887],[104.78325,20.99829],[104.77777,21.00311],[104.77454,21.0103],[104.77215,21.01611],[104.76986,21.01974],[104.76863,21.02107],[104.76696,21.02287],[104.76349,21.02644],[104.76365,21.03168],[104.76373,21.03903],[104.76368,21.03939],[104.76355,21.04142],[104.76367,21.04245],[104.7641,21.04425],[104.76474,21.04551],[104.76505,21.04599],[104.76527,21.04632],[104.75937,21.04719],[104.74548,21.04924],[104.73463,21.05343],[104.73051,21.05618],[104.72977,21.05687],[104.72221,21.06396],[104.71851,21.06623]]]},"properties":{"commune_code":"04000","commune_name":"Xã Đoàn Kết","commune_kind":"XA","province_code":"14","province_name":"Tỉnh Sơn La","area_km2":240.66,"valid_from":"16/6/2025","published":"13/07/2025","area_km2_geom":239.48358637231433,"quality_flag":null,"population":17938.0,"population_wp":15001.922387175262,"anchor_ratio":1.1957134250564256,"pop_source":"WORLDPOP2025_ANCHORED_VNSDI","pop_density_ppkm2":74.90283685710553,"n_stations":0,"n_ports":0,"power_kw_site":0.0,"ports_per_10k_pop":0.0,"util_mean_port_weighted":null,"dist_station_m_pop_weighted":19471.52996401781}},{"type":"Feature","geometry":{"type":"Polygon","coordinates":[[[104.85248,21.0292],[104.84397,21.03047],[104.84356,21.02758],[104.84261,21.02143],[104.8426,21.02136],[104.84258,21.02129],[104.8422,21.02045],[104.84194,21.01999],[104.84186,21.01989],[104.84177,21.01981],[104.84164,21.01973],[104.84144,21.01963],[104.84034,21.01907],[104.83628,21.01519],[104.8354,21.0134],[104.83418,21.00992],[104.83363,21.00489],[104.83535,21.00273],[104.83591,21.00206],[104.83604,21.00193],[104.83806,21.00077],[104.83895,21.00043],[104.84273,20.99937],[104.84455,20.99966],[104.84499,20.99968],[104.84632,20.99903],[104.84785,20.99572],[104.84856,20.9935],[104.84994,20.98737],[104.84671,20.98341],[104.84825,20.97972],[104.85289,20.98033],[104.85396,20.97892],[104.85621,20.97528],[104.85342,20.96843],[104.8488,20.96474],[104.84333,20.95942],[104.84073,20.95715],[104.84013,20.95167],[104.84183,20.94895],[104.84308,20.94832],[104.8429,20.94715],[104.8409,20.94387],[104.84079,20.9437],[104.83712,20.94072],[104.83285,20.9309],[104.8355,20.92999],[104.83663,20.93031],[104.83791,20.93024],[104.84026,20.9259],[104.84155,20.92248],[104.84315,20.92007],[104.8454,20.91762],[104.84656,20.91572],[104.84639,20.91162],[104.84704,20.91126],[104.85021,20.91173],[104.85477,20.91183],[104.86065,20.9121],[104.8666,20.9138],[104.86718,20.91356],[104.86718,20.91356],[104.86786,20.91287],[104.86801,20.91266],[104.86836,20.91216],[104.8685,20.91184],[104.86994,20.90462],[104.87201,20.8942],[104.87685,20.88646],[104.87473,20.88249],[104.87424,20.87654],[104.87906,20.87596],[104.8832,20.87317],[104.88412,20.8711],[104.88834,20.86825],[104.89007,20.86818],[104.89053,20.86832],[104.89177,20.86775],[104.89317,20.86648],[104.89294,20.86323],[104.89496,20.86064],[104.89692,20.85996],[104.89834,20.8604],[104.90092,20.86211],[104.90083,20.86292],[104.90342,20.8643],[104.90692,20.8639],[104.91047,20.85961],[104.91586,20.85262],[104.91603,20.85215],[104.9175,20.84983],[104.91968,20.84648],[104.92285,20.84433],[104.92672,20.84369],[104.93315,20.84188],[104.94166,20.83935],[104.9505,20.83604],[104.95509,20.8344],[104.95629,20.8303],[104.95786,20.82786],[104.96033,20.82591],[104.9581,20.82345],[104.9574,20.82267],[104.9565,20.82055],[104.95733,20.82032],[104.96409,20.81866],[104.96755,20.81897],[104.96954,20.81882],[104.97138,20.8184],[104.97446,20.81718],[104.97673,20.81628],[104.98309,20.81377],[104.99021,20.81138],[104.99402,20.8107],[104.99557,20.81189],[104.9979,20.81448],[104.99782,20.81451],[104.99743,20.81572],[104.99774,20.81808],[105.00013,20.82147],[105.00072,20.825],[105.00072,20.82828],[105.00188,20.83097],[105.00222,20.83164],[105.00304,20.83323],[105.00487,20.83683],[105.00629,20.84075],[105.00611,20.84219],[105.00591,20.84368],[105.00449,20.8451],[105.00188,20.84567],[104.99904,20.84512],[104.99839,20.84562],[104.99757,20.84625],[104.99739,20.84769],[104.9973,20.84839],[104.99775,20.84931],[104.99836,20.85054],[104.99928,20.8524],[104.99984,20.85354],[104.99984,20.85355],[104.99971,20.85606],[104.99948,20.85793],[104.99804,20.86965],[104.99572,20.87081],[104.99368,20.87365],[104.99147,20.87673],[104.99002,20.87874],[104.9889,20.88031],[104.98527,20.88495],[104.98055,20.89038],[104.97935,20.89175],[104.97901,20.89303],[104.9778,20.89753],[104.97669,20.90165],[104.9744,20.90831],[104.97193,20.91079],[104.96685,20.91248],[104.96565,20.91288],[104.9648,20.91345],[104.95937,20.91707],[104.95752,20.91875],[104.95627,20.91989],[104.95099,20.92468],[104.94438,20.93012],[104.94242,20.93173],[104.94097,20.93355],[104.93521,20.94077],[104.93237,20.94624],[104.92981,20.95116],[104.92408,20.96141],[104.91896,20.96623],[104.91512,20.9693],[104.91217,20.97166],[104.90904,20.97419],[104.90257,20.9794],[104.90094,20.981],[104.89596,20.98918],[104.8931,21.00022],[104.89044,21.00879],[104.88511,21.0164],[104.88016,21.02345],[104.87445,21.02726],[104.87444,21.02726],[104.86931,21.02859],[104.86224,21.02916],[104.85285,21.02916],[104.85275,21.02916],[104.85248,21.0292],[104.85248,21.0292]]]},"properties":{"commune_code":"04006","commune_name":"Xã Song Khủa","commune_kind":"XA","province_code":"14","province_name":"Tỉnh Sơn La","area_km2":192.45,"valid_from":"16/6/2025","published":"13/07/2025","area_km2_geom":192.94187762017148,"quality_flag":null,"population":15845.000000000002,"population_wp":13814.569245945662,"anchor_ratio":1.1469774929573164,"pop_source":"WORLDPOP2025_ANCHORED_VNSDI","pop_density_ppkm2":82.12317717355651,"n_stations":0,"n_ports":0,"power_kw_site":0.0,"ports_per_10k_pop":0.0,"util_mean_port_weighted":null,"dist_station_m_pop_weighted":37246.841391680886}},{"type":"Feature","geometry":{"type":"Polygon","coordinates":[[[104.76871,21.04582],[104.76527,21.04632],[104.76505,21.04599],[104.76474,21.04551],[104.7641,21.04425],[104.76367,21.04245],[104.76355,21.04142],[104.76368,21.03939],[104.76373,21.03903],[104.76365,21.03168],[104.76349,21.02644],[104.76696,21.02287],[104.76863,21.02107],[104.76986,21.01974],[104.77215,21.01611],[104.77454,21.0103],[104.77777,21.00311],[104.78325,20.99829],[104.78803,20.9887],[104.78948,20.98215],[104.78964,20.97216],[104.78991,20.97092],[104.79161,20.96991],[104.79237,20.96992],[104.79296,20.96989],[104.79361,20.96956],[104.79445,20.96398],[104.79099,20.96143],[104.78856,20.95793],[104.7881,20.95492],[104.78607,20.95059],[104.78286,20.9438],[104.7802,20.93998],[104.78042,20.93595],[104.7828,20.93245],[104.78384,20.93129],[104.78446,20.93065],[104.78488,20.93022],[104.78647,20.92919],[104.7927,20.9244],[104.79635,20.92067],[104.80286,20.91703],[104.80463,20.91607],[104.80571,20.91604],[104.80744,20.91695],[104.80822,20.91389],[104.80861,20.90971],[104.80887,20.90486],[104.8039,20.90495],[104.80724,20.90123],[104.80828,20.90014],[104.81088,20.8977],[104.81244,20.8934],[104.81091,20.8925],[104.80747,20.88331],[104.80932,20.88093],[104.81057,20.8807],[104.81582,20.87915],[104.82159,20.87248],[104.8212,20.86516],[104.82083,20.86473],[104.82018,20.86426],[104.81991,20.86414],[104.81771,20.86478],[104.81282,20.86316],[104.80962,20.86128],[104.80401,20.86085],[104.80041,20.86098],[104.79478,20.86318],[104.78835,20.86349],[104.77992,20.86396],[104.77848,20.86424],[104.77687,20.8648],[104.77633,20.86228],[104.77769,20.86019],[104.77951,20.85533],[104.77936,20.85505],[104.77932,20.85464],[104.77934,20.85403],[104.7794,20.85377],[104.78011,20.85189],[104.78404,20.84836],[104.78315,20.84544],[104.78243,20.84574],[104.78236,20.84577],[104.78175,20.84595],[104.78097,20.84606],[104.78027,20.84606],[104.77952,20.84593],[104.77844,20.84565],[104.77823,20.84559],[104.7764,20.84473],[104.77587,20.84448],[104.77475,20.84372],[104.77449,20.84355],[104.77368,20.84256],[104.77297,20.84192],[104.7707,20.83989],[104.76829,20.83828],[104.7676,20.83792],[104.76684,20.8376],[104.76628,20.83753],[104.7635,20.83453],[104.75883,20.8263],[104.75859,20.82557],[104.75865,20.8247],[104.75901,20.82342],[104.75922,20.82266],[104.75972,20.82207],[104.76379,20.81959],[104.7676,20.82027],[104.77366,20.82125],[104.77511,20.82139],[104.77777,20.82122],[104.77794,20.82121],[104.7782,20.82107],[104.77846,20.82091],[104.78017,20.8211],[104.79208,20.82229],[104.79232,20.82214],[104.79263,20.82175],[104.79356,20.82038],[104.79455,20.81973],[104.80008,20.81945],[104.80135,20.8168],[104.80262,20.81539],[104.80427,20.81416],[104.80673,20.81237],[104.80833,20.81073],[104.80854,20.81012],[104.8087,20.80809],[104.81044,20.80638],[104.81221,20.80525],[104.82107,20.80697],[104.82835,20.80693],[104.83925,20.80358],[104.84454,20.80575],[104.84504,20.80913],[104.85003,20.81904],[104.85395,20.8215],[104.85483,20.82099],[104.85717,20.81924],[104.86251,20.81786],[104.86522,20.81737],[104.86659,20.81828],[104.86745,20.81833],[104.87023,20.81804],[104.87059,20.818],[104.87424,20.81746],[104.87751,20.81671],[104.87761,20.81657],[104.88198,20.8205],[104.88339,20.8251],[104.88399,20.82711],[104.885,20.83479],[104.88393,20.83723],[104.8838,20.83744],[104.88125,20.83852],[104.87894,20.83907],[104.87595,20.83921],[104.87572,20.83919],[104.87337,20.8407],[104.87158,20.84797],[104.87226,20.85229],[104.87128,20.85329],[104.87094,20.85364],[104.8702,20.85393],[104.86911,20.85398],[104.86886,20.85402],[104.86849,20.85419],[104.86869,20.85499],[104.87029,20.85918],[104.87436,20.86255],[104.88523,20.86531],[104.88851,20.86376],[104.89294,20.86323],[104.89317,20.86648],[104.89177,20.86775],[104.89053,20.86832],[104.89007,20.86818],[104.88834,20.86825],[104.88412,20.8711],[104.8832,20.87317],[104.87906,20.87596],[104.87424,20.87654],[104.87473,20.88249],[104.87685,20.88646],[104.87201,20.8942],[104.86994,20.90462],[104.8685,20.91184],[104.86836,20.91216],[104.86801,20.91266],[104.86786,20.91287],[104.86718,20.91356],[104.86718,20.91356],[104.8666,20.9138],[104.86065,20.9121],[104.85477,20.91183],[104.85021,20.91173],[104.84704,20.91126],[104.84639,20.91162],[104.84656,20.91572],[104.8454,20.91762],[104.84315,20.92007],[104.84155,20.92248],[104.84026,20.9259],[104.83791,20.93024],[104.83663,20.93031],[104.8355,20.92999],[104.83285,20.9309],[104.83712,20.94072],[104.84079,20.9437],[104.8409,20.94387],[104.8429,20.94715],[104.84308,20.94832],[104.84183,20.94895],[104.84013,20.95167],[104.84073,20.95715],[104.84333,20.95942],[104.8488,20.96474],[104.85342,20.96843],[104.85621,20.97528],[104.85396,20.97892],[104.85289,20.98033],[104.84825,20.97972],[104.84671,20.98341],[104.84994,20.98737],[104.84856,20.9935],[104.84785,20.99572],[104.84632,20.99903],[104.84499,20.99968],[104.84455,20.99966],[104.84273,20.99937],[104.83895,21.00043],[104.83806,21.00077],[104.83604,21.00193],[104.83591,21.00206],[104.83535,21.00273],[104.83363,21.00489],[104.83418,21.00992],[104.8354,21.0134],[104.83628,21.01519],[104.84034,21.01907],[104.84144,21.01963],[104.84164,21.01973],[104.84177,21.01981],[104.84186,21.01989],[104.84194,21.01999],[104.8422,21.02045],[104.84258,21.02129],[104.8426,21.02136],[104.84261,21.02143],[104.84356,21.02758],[104.84397,21.03047],[104.8438,21.03049],[104.83276,21.03449],[104.82485,21.03682],[104.8213,21.03676],[104.82109,21.03676],[104.81696,21.03582],[104.80821,21.03373],[104.80698,21.03369],[104.80211,21.03354],[104.79793,21.03544],[104.79488,21.03925],[104.79069,21.04153],[104.7875,21.04294],[104.78593,21.04363],[104.77376,21.04517],[104.76871,21.04582]]]},"properties":{"commune_code":"04018","commune_name":"Xã Tô Múa","commune_kind":"XA","province_code":"14","province_name":"Tỉnh Sơn La","area_km2":181.98,"valid_from":"16/6/2025","published":"13/07/2025","area_km2_geom":182.00357700513817,"quality_flag":null,"population":14701.0,"population_wp":15926.135597333312,"anchor_ratio":0.9230738938617068,"pop_source":"WORLDPOP2025_ANCHORED_VNSDI","pop_density_ppkm2":80.77313776962183,"n_stations":0,"n_ports":0,"power_kw_site":0.0,"ports_per_10k_pop":0.0,"util_mean_port_weighted":null,"dist_station_m_pop_weighted":21254.54095539722}},{"type":"Feature","geometry":{"type":"Polygon","coordinates":[[[104.77129,20.86272],[104.76927,20.86373],[104.76596,20.8619],[104.76372,20.85776],[104.76038,20.85842],[104.75942,20.85865],[104.75836,20.85909],[104.75759,20.85983],[104.75727,20.86057],[104.75705,20.86081],[104.75578,20.86153],[104.7536,20.85951],[104.74922,20.85504],[104.75079,20.84861],[104.75167,20.84884],[104.75384,20.84769],[104.75501,20.84568],[104.7577,20.84041],[104.75771,20.83664],[104.75385,20.83445],[104.75068,20.83496],[104.74732,20.83646],[104.74395,20.83775],[104.742,20.8385],[104.73593,20.83973],[104.73508,20.83968],[104.73278,20.83861],[104.73124,20.83783],[104.72758,20.83499],[104.72324,20.83849],[104.72115,20.84053],[104.72016,20.83855],[104.7175,20.83783],[104.715,20.8338],[104.70897,20.83563],[104.70644,20.83648],[104.70373,20.83572],[104.70111,20.83151],[104.70113,20.83059],[104.6986,20.82656],[104.69117,20.82389],[104.6901,20.82405],[104.68407,20.82767],[104.68064,20.83308],[104.67306,20.83432],[104.66846,20.83469],[104.66486,20.83686],[104.66097,20.84254],[104.65959,20.84648],[104.65953,20.84448],[104.65662,20.83579],[104.65628,20.8312],[104.65742,20.82845],[104.65593,20.82273],[104.65725,20.82089],[104.65801,20.81877],[104.65882,20.8121],[104.65882,20.8121],[104.66288,20.81048],[104.66412,20.81197],[104.6702,20.81355],[104.67215,20.81027],[104.67361,20.80861],[104.6752,20.80755],[104.68571,20.80844],[104.68912,20.81031],[104.69661,20.80619],[104.69694,20.80575],[104.69722,20.80545],[104.69749,20.80534],[104.70646,20.80588],[104.7072,20.80578],[104.71126,20.80448],[104.71635,20.8058],[104.72108,20.80601],[104.72418,20.80422],[104.72497,20.80418],[104.72758,20.80418],[104.72802,20.80425],[104.7282,20.80526],[104.72881,20.80652],[104.72953,20.80777],[104.73024,20.80852],[104.73126,20.80918],[104.7377,20.80929],[104.74438,20.80863],[104.74846,20.80769],[104.75075,20.80816],[104.75374,20.81144],[104.75975,20.81397],[104.76455,20.8137],[104.77438,20.81374],[104.77785,20.81463],[104.77809,20.81471],[104.77836,20.81482],[104.77847,20.81493],[104.77854,20.815],[104.77862,20.81511],[104.77864,20.81519],[104.7787,20.81598],[104.77869,20.81657],[104.77867,20.81695],[104.77854,20.81961],[104.77846,20.82091],[104.7782,20.82107],[104.77794,20.82121],[104.77777,20.82122],[104.77511,20.82139],[104.77366,20.82125],[104.7676,20.82027],[104.76379,20.81959],[104.75972,20.82207],[104.75922,20.82266],[104.75901,20.82342],[104.75865,20.8247],[104.75859,20.82557],[104.75883,20.8263],[104.7635,20.83453],[104.76628,20.83753],[104.76684,20.8376],[104.7676,20.83792],[104.76829,20.83828],[104.7707,20.83989],[104.77297,20.84192],[104.77368,20.84256],[104.77449,20.84355],[104.77475,20.84372],[104.77587,20.84448],[104.7764,20.84473],[104.77823,20.84559],[104.77844,20.84565],[104.77952,20.84593],[104.78027,20.84606],[104.78097,20.84606],[104.78175,20.84595],[104.78236,20.84577],[104.78243,20.84574],[104.78315,20.84544],[104.78404,20.84836],[104.78011,20.85189],[104.7794,20.85377],[104.77934,20.85403],[104.77932,20.85464],[104.77936,20.85505],[104.77951,20.85533],[104.77769,20.86019],[104.77633,20.86228],[104.77129,20.86272]]]},"properties":{"commune_code":"04033","commune_name":"Phường Vân Sơn","commune_kind":"PHUONG","province_code":"14","province_name":"Tỉnh Sơn La","area_km2":39.61,"valid_from":"16/6/2025","published":"13/07/2025","area_km2_geom":39.43106321844001,"quality_flag":null,"population":15917.0,"population_wp":17903.636765301228,"anchor_ratio":0.8890372502891983,"pop_source":"WORLDPOP2025_ANCHORED_VNSDI","pop_density_ppkm2":403.66651824281485,"n_stations":1,"n_ports":20,"power_kw_site":617.5,"ports_per_10k_pop":12.565181881007728,"util_mean_port_weighted":0.04760244115082825,"dist_station_m_pop_weighted":3428.2295141776103}},{"type":"Feature","geometry":{"type":"Polygon","coordinates":[[[104.4651,20.88606],[104.46052,20.88619],[104.45202,20.88473],[104.44957,20.88417],[104.44873,20.88386],[104.44803,20.88341],[104.44727,20.88274],[104.44672,20.88223],[104.44596,20.88176],[104.44532,20.88151],[104.44474,20.88144],[104.44425,20.88148],[104.44127,20.88253],[104.44183,20.88025],[104.44175,20.87985],[104.44136,20.87925],[104.44069,20.87841],[104.44016,20.87807],[104.43736,20.87342],[104.43532,20.86814],[104.43473,20.86381],[104.43495,20.85775],[104.43289,20.85405],[104.42948,20.84897],[104.42789,20.84812],[104.42604,20.84585],[104.4257,20.8453],[104.42543,20.84444],[104.42557,20.84094],[104.42563,20.84014],[104.42577,20.83965],[104.4258,20.83641],[104.42333,20.83195],[104.42274,20.83118],[104.42431,20.82641],[104.42586,20.82545],[104.42728,20.82449],[104.42971,20.82249],[104.43033,20.82162],[104.4305,20.82105],[104.43138,20.81366],[104.43149,20.81267],[104.43132,20.81214],[104.42993,20.80923],[104.42969,20.80877],[104.42467,20.80466],[104.42286,20.80388],[104.41917,20.80189],[104.41864,20.80157],[104.41809,20.80107],[104.41773,20.80052],[104.41741,20.79989],[104.41744,20.79898],[104.41777,20.79844],[104.42097,20.79597],[104.42392,20.79396],[104.42479,20.79337],[104.42513,20.79343],[104.42664,20.79367],[104.42972,20.7962],[104.43012,20.79649],[104.43127,20.79734],[104.43249,20.79824],[104.43937,20.8],[104.4441,20.80012],[104.44771,20.79916],[104.44773,20.79908],[104.44813,20.79761],[104.44838,20.79218],[104.44844,20.79102],[104.44857,20.78813],[104.44951,20.78387],[104.45096,20.78223],[104.45175,20.78207],[104.45693,20.78099],[104.46352,20.78005],[104.46477,20.77956],[104.46794,20.77832],[104.46893,20.77747],[104.47166,20.77513],[104.47619,20.77224],[104.48011,20.76984],[104.4811,20.76853],[104.48207,20.76723],[104.4827,20.76404],[104.48277,20.76372],[104.48427,20.75649],[104.48794,20.74725],[104.48873,20.74528],[104.48783,20.73898],[104.48825,20.73501],[104.48936,20.7295],[104.48996,20.7265],[104.49045,20.72408],[104.49169,20.72002],[104.4949,20.71597],[104.49555,20.71578],[104.49901,20.71482],[104.50189,20.7155],[104.50826,20.71659],[104.50909,20.71562],[104.50912,20.71541],[104.50929,20.71436],[104.50961,20.71243],[104.50993,20.70962],[104.51074,20.709],[104.51828,20.70326],[104.51877,20.70306],[104.52147,20.70201],[104.52414,20.7025],[104.5265,20.70463],[104.52789,20.70843],[104.52884,20.71103],[104.5298,20.7131],[104.53027,20.71413],[104.53427,20.71675],[104.53536,20.71688],[104.537,20.71707],[104.54208,20.71765],[104.5466,20.7194],[104.54724,20.71967],[104.55184,20.72164],[104.55409,20.72139],[104.55441,20.72136],[104.55904,20.71982],[104.56153,20.71796],[104.56677,20.71403],[104.56814,20.71311],[104.57748,20.7068],[104.58124,20.70373],[104.58444,20.70509],[104.58643,20.70705],[104.5866,20.70722],[104.58699,20.70779],[104.58854,20.71046],[104.58908,20.71159],[104.59344,20.71685],[104.59593,20.71961],[104.59743,20.72208],[104.59678,20.72507],[104.59428,20.72963],[104.59084,20.73108],[104.58705,20.7314],[104.58223,20.73191],[104.57991,20.73249],[104.5751,20.73476],[104.57451,20.73734],[104.57459,20.73888],[104.57341,20.74156],[104.56963,20.74361],[104.56893,20.74398],[104.56873,20.74407],[104.56646,20.74452],[104.56542,20.74471],[104.56496,20.74474],[104.56297,20.74478],[104.56011,20.74461],[104.54952,20.75099],[104.54885,20.75164],[104.54709,20.75427],[104.54755,20.75879],[104.54696,20.76223],[104.54644,20.76412],[104.54726,20.76721],[104.54814,20.76909],[104.54934,20.77129],[104.54982,20.77171],[104.55045,20.77242],[104.5511,20.77394],[104.55113,20.77405],[104.55111,20.77437],[104.55091,20.77635],[104.55089,20.77649],[104.55084,20.77667],[104.55078,20.77688],[104.55056,20.7777],[104.55055,20.77773],[104.5501,20.77899],[104.55227,20.77972],[104.55695,20.78025],[104.55944,20.77951],[104.56321,20.77972],[104.56327,20.77973],[104.56482,20.77989],[104.56572,20.78015],[104.56675,20.78111],[104.56689,20.78185],[104.56663,20.78189],[104.56637,20.78197],[104.56612,20.78208],[104.56575,20.78228],[104.56528,20.78255],[104.56505,20.7827],[104.56471,20.78294],[104.56385,20.78362],[104.56347,20.78393],[104.56333,20.78405],[104.56295,20.7844],[104.56173,20.78553],[104.5617,20.78561],[104.56169,20.78561],[104.5616,20.78588],[104.56159,20.78596],[104.5616,20.78605],[104.56166,20.78714],[104.56215,20.78791],[104.56225,20.78801],[104.56258,20.78825],[104.56268,20.7883],[104.56288,20.78837],[104.56306,20.78841],[104.56318,20.78843],[104.5635,20.7884],[104.56374,20.78837],[104.5643,20.78829],[104.5644,20.78838],[104.5644,20.78838],[104.56442,20.7884],[104.56443,20.78841],[104.56444,20.78843],[104.56445,20.78844],[104.56449,20.78849],[104.56462,20.78866],[104.56468,20.78875],[104.56469,20.78877],[104.56471,20.78883],[104.56474,20.78889],[104.56478,20.78903],[104.56484,20.78918],[104.5649,20.78939],[104.56493,20.78951],[104.56594,20.79443],[104.56611,20.79527],[104.56486,20.80175],[104.56408,20.80399],[104.56323,20.80411],[104.56194,20.80462],[104.56174,20.8047],[104.56161,20.80478],[104.5608,20.80528],[104.56054,20.80545],[104.56044,20.80554],[104.56438,20.808],[104.56722,20.80978],[104.56492,20.81153],[104.56255,20.81618],[104.56046,20.81896],[104.55744,20.82148],[104.55249,20.82458],[104.55121,20.82531],[104.54677,20.82651],[104.54267,20.82631],[104.53589,20.82826],[104.5377,20.83133],[104.53614,20.83869],[104.53632,20.84075],[104.53641,20.84147],[104.53678,20.84336],[104.53788,20.84737],[104.53764,20.85359],[104.535,20.85896],[104.52992,20.86112],[104.52586,20.86159],[104.52383,20.86213],[104.51626,20.86464],[104.51345,20.86688],[104.51174,20.86861],[104.50812,20.87159],[104.50802,20.87166],[104.50786,20.87173],[104.50732,20.87189],[104.50692,20.872],[104.50683,20.87201],[104.50678,20.87199],[104.50655,20.87169],[104.50637,20.87138],[104.50356,20.87116],[104.50006,20.87282],[104.49843,20.87562],[104.49533,20.87698],[104.49469,20.87693],[104.49385,20.87683],[104.49338,20.87674],[104.49185,20.87706],[104.49061,20.87742],[104.48805,20.87822],[104.48757,20.87883],[104.48659,20.8802],[104.48571,20.88168],[104.48374,20.88407],[104.47835,20.88431],[104.4727,20.8837],[104.47112,20.88425],[104.4651,20.88606]]]},"properties":{"commune_code":"04045","commune_name":"Xã Lóng Sập","commune_kind":"XA","province_code":"14","province_name":"Tỉnh Sơn La","area_km2":211.3,"valid_from":"16/6/2025","published":"13/07/2025","area_km2_geom":191.95720256863956,"quality_flag":null,"population":9629.0,"population_wp":5893.555499792099,"anchor_ratio":1.6338184989247446,"pop_source":"WORLDPOP2025_ANCHORED_VNSDI","pop_density_ppkm2":50.16222299112161,"n_stations":1,"n_ports":4,"power_kw_site":200.0,"ports_per_10k_pop":4.154117769238758,"util_mean_port_weighted":0.047940267765190524,"dist_station_m_pop_weighted":11821.723775436776}},{"type":"Feature","geometry":{"type":"Polygon","coordinates":[[[104.88851,20.86376],[104.88523,20.86531],[104.87436,20.86255],[104.87029,20.85918],[104.86869,20.85499],[104.86849,20.85419],[104.86886,20.85402],[104.86911,20.85398],[104.8702,20.85393],[104.87094,20.85364],[104.87128,20.85329],[104.87226,20.85229],[104.87158,20.84797],[104.87337,20.8407],[104.87572,20.83919],[104.87595,20.83921],[104.87894,20.83907],[104.88125,20.83852],[104.8838,20.83744],[104.88393,20.83723],[104.885,20.83479],[104.88399,20.82711],[104.88339,20.8251],[104.88198,20.8205],[104.87761,20.81657],[104.87751,20.81671],[104.87424,20.81746],[104.87059,20.818],[104.87023,20.81804],[104.86745,20.81833],[104.86659,20.81828],[104.86522,20.81737],[104.86251,20.81786],[104.85717,20.81924],[104.85483,20.82099],[104.85395,20.8215],[104.85003,20.81904],[104.84504,20.80913],[104.84454,20.80575],[104.83925,20.80358],[104.82835,20.80693],[104.82107,20.80697],[104.81221,20.80525],[104.81044,20.80638],[104.8087,20.80809],[104.80854,20.81012],[104.80833,20.81073],[104.80673,20.81237],[104.80427,20.81416],[104.80262,20.81539],[104.80135,20.8168],[104.80008,20.81945],[104.79455,20.81973],[104.79356,20.82038],[104.79263,20.82175],[104.79232,20.82214],[104.79208,20.82229],[104.78017,20.8211],[104.77846,20.82091],[104.77854,20.81961],[104.77867,20.81695],[104.77869,20.81657],[104.7787,20.81598],[104.77864,20.81519],[104.77862,20.81511],[104.77854,20.815],[104.77847,20.81493],[104.77836,20.81482],[104.77809,20.81471],[104.77785,20.81463],[104.77438,20.81374],[104.76455,20.8137],[104.75975,20.81397],[104.75374,20.81144],[104.75075,20.80816],[104.74846,20.80769],[104.74438,20.80863],[104.7377,20.80929],[104.73126,20.80918],[104.73024,20.80852],[104.72953,20.80777],[104.72881,20.80652],[104.7282,20.80526],[104.72802,20.80425],[104.72758,20.80418],[104.72497,20.80418],[104.72418,20.80422],[104.72108,20.80601],[104.71635,20.8058],[104.71126,20.80448],[104.7072,20.80578],[104.70646,20.80588],[104.69749,20.80534],[104.69722,20.80545],[104.69694,20.80575],[104.69661,20.80619],[104.68912,20.81031],[104.68571,20.80844],[104.6752,20.80755],[104.67361,20.80861],[104.67215,20.81027],[104.6702,20.81355],[104.66412,20.81197],[104.66288,20.81048],[104.66264,20.8098],[104.66257,20.80943],[104.66258,20.80914],[104.66266,20.80883],[104.66292,20.8084],[104.6688,20.79975],[104.67408,20.79498],[104.67875,20.78979],[104.68301,20.7846],[104.68705,20.78011],[104.69444,20.77509],[104.69788,20.77359],[104.6984,20.77331],[104.69878,20.77301],[104.69915,20.77237],[104.69999,20.77027],[104.70039,20.76914],[104.70051,20.76776],[104.70046,20.76775],[104.70204,20.76718],[104.70391,20.76811],[104.70613,20.7684],[104.71149,20.76894],[104.71436,20.76909],[104.71816,20.76881],[104.72013,20.76829],[104.72307,20.76642],[104.72597,20.76452],[104.72827,20.76284],[104.72997,20.76162],[104.73269,20.76094],[104.73672,20.76008],[104.73711,20.76002],[104.73886,20.75987],[104.73996,20.75999],[104.74093,20.76087],[104.74373,20.76062],[104.74914,20.75771],[104.75231,20.75824],[104.76262,20.75491],[104.77108,20.75286],[104.77146,20.75988],[104.77552,20.76074],[104.77894,20.75381],[104.78364,20.75298],[104.79473,20.75233],[104.79485,20.75169],[104.7975,20.75052],[104.80607,20.75453],[104.80656,20.75757],[104.80645,20.76063],[104.80719,20.76062],[104.80766,20.76053],[104.81392,20.75894],[104.81529,20.75738],[104.81564,20.75605],[104.81576,20.75512],[104.81604,20.75434],[104.81625,20.75387],[104.81671,20.75343],[104.81728,20.75321],[104.83315,20.74902],[104.83404,20.74879],[104.83676,20.74811],[104.83769,20.7479],[104.83838,20.74778],[104.83989,20.74926],[104.84468,20.75319],[104.84761,20.75407],[104.85395,20.75414],[104.8582,20.75349],[104.85851,20.75349],[104.85905,20.75349],[104.85959,20.75371],[104.86005,20.75451],[104.86136,20.75728],[104.86175,20.75779],[104.8673,20.76252],[104.88694,20.75999],[104.89598,20.75471],[104.9099,20.74644],[104.91796,20.74323],[104.93065,20.7453],[104.93822,20.74622],[104.9453,20.74347],[104.952,20.73966],[104.96752,20.73083],[104.97304,20.72847],[104.98363,20.72394],[104.989,20.72394],[105.00027,20.72306],[105.00227,20.72305],[105.0142,20.72668],[105.01661,20.72857],[105.01681,20.72992],[105.01702,20.7314],[105.01625,20.73284],[105.01239,20.74009],[105.01222,20.74036],[105.0098,20.74441],[105.00355,20.74808],[105.00108,20.74922],[104.99979,20.74972],[104.99713,20.75077],[104.99637,20.75107],[104.99631,20.75106],[104.99281,20.75076],[104.99016,20.74944],[104.98991,20.74933],[104.99065,20.75381],[104.99075,20.75443],[104.9918,20.75668],[104.99192,20.75686],[104.9941,20.76037],[104.99744,20.76316],[104.99916,20.76496],[105.00002,20.76657],[105.0006,20.76981],[105.00733,20.77043],[105.01144,20.77409],[105.015,20.77712],[105.01659,20.77811],[105.0198,20.77915],[105.02197,20.77816],[105.03065,20.77362],[105.03081,20.77657],[105.02949,20.78076],[105.03026,20.78691],[105.03133,20.79206],[105.03275,20.79418],[105.03301,20.79457],[105.03302,20.79476],[105.03301,20.79488],[105.0323,20.79677],[105.03204,20.79746],[105.03168,20.79812],[105.03111,20.79883],[105.03074,20.79917],[105.02559,20.80282],[105.02401,20.80364],[105.02109,20.80497],[105.01865,20.80597],[105.01759,20.80619],[105.01695,20.80627],[105.01662,20.80626],[105.01599,20.80592],[105.01572,20.80578],[105.01433,20.80619],[105.00735,20.81049],[105.00675,20.8109],[105.00674,20.81091],[105.00402,20.81275],[105.00188,20.8142],[104.9979,20.81448],[104.99557,20.81189],[104.99402,20.8107],[104.99021,20.81138],[104.98309,20.81377],[104.97673,20.81628],[104.97446,20.81718],[104.97138,20.8184],[104.96954,20.81882],[104.96755,20.81897],[104.96409,20.81866],[104.95733,20.82032],[104.9565,20.82055],[104.9574,20.82267],[104.9581,20.82345],[104.96033,20.82591],[104.95786,20.82786],[104.95629,20.8303],[104.95509,20.8344],[104.9505,20.83604],[104.94166,20.83935],[104.93315,20.84188],[104.92672,20.84369],[104.92285,20.84433],[104.91968,20.84648],[104.9175,20.84983],[104.91603,20.85215],[104.91586,20.85262],[104.91047,20.85961],[104.90692,20.8639],[104.90342,20.8643],[104.90083,20.86292],[104.90092,20.86211],[104.89834,20.8604],[104.89692,20.85996],[104.89496,20.86064],[104.89294,20.86323],[104.88851,20.86376]]]},"properties":{"commune_code":"04048","commune_name":"Xã Vân Hồ","commune_kind":"XA","province_code":"14","province_name":"Tỉnh Sơn La","area_km2":268.4,"valid_from":"16/6/2025","published":"13/07/2025","area_km2_geom":271.57646943851637,"quality_flag":null,"population":24998.0,"population_wp":27299.004861611873,"anchor_ratio":0.9157110351356592,"pop_source":"WORLDPOP2025_ANCHORED_VNSDI","pop_density_ppkm2":92.04773908315141,"n_stations":3,"n_ports":24,"power_kw_site":657.5,"ports_per_10k_pop":9.600768061444915,"util_mean_port_weighted":0.07289730140729676,"dist_station_m_pop_weighted":8985.34881866866}},{"type":"Feature","geometry":{"type":"Polygon","coordinates":[[[104.77894,20.75381],[104.77552,20.76074],[104.77146,20.75988],[104.77108,20.75286],[104.76262,20.75491],[104.75231,20.75824],[104.75499,20.75286],[104.75507,20.7526],[104.75511,20.75245],[104.75504,20.75069],[104.75499,20.75045],[104.75443,20.7491],[104.75398,20.74796],[104.75349,20.74408],[104.75343,20.74234],[104.75366,20.73994],[104.75372,20.73968],[104.75411,20.73901],[104.75144,20.73578],[104.74671,20.73061],[104.74312,20.73216],[104.74306,20.73252],[104.74288,20.73262],[104.74239,20.73282],[104.74209,20.73286],[104.74184,20.73284],[104.74074,20.73269],[104.74034,20.7326],[104.73824,20.73209],[104.73461,20.72949],[104.73415,20.72798],[104.73428,20.72734],[104.73424,20.7268],[104.73398,20.72569],[104.73391,20.72558],[104.73383,20.72548],[104.73376,20.72542],[104.73374,20.72542],[104.73109,20.72514],[104.72872,20.72521],[104.72806,20.72534],[104.72445,20.72606],[104.72315,20.72648],[104.72201,20.72685],[104.71949,20.72699],[104.71917,20.72695],[104.71835,20.72631],[104.71717,20.71781],[104.71688,20.71478],[104.71758,20.71389],[104.71983,20.71347],[104.7219,20.71321],[104.72219,20.71269],[104.72228,20.71098],[104.72223,20.71062],[104.72208,20.71035],[104.72024,20.70741],[104.71838,20.705],[104.71834,20.70492],[104.7183,20.70485],[104.71828,20.70481],[104.71826,20.70472],[104.71821,20.70426],[104.71833,20.70386],[104.71842,20.70369],[104.71865,20.70341],[104.72301,20.69852],[104.72399,20.69747],[104.72575,20.69532],[104.72623,20.69449],[104.72675,20.69337],[104.72675,20.6933],[104.72678,20.69283],[104.72678,20.69229],[104.72677,20.6919],[104.72674,20.69174],[104.7267,20.69163],[104.72663,20.69146],[104.72657,20.69136],[104.72653,20.6913],[104.72647,20.69124],[104.72541,20.6901],[104.71809,20.68434],[104.71646,20.68324],[104.71615,20.68314],[104.71591,20.68312],[104.70731,20.68311],[104.70265,20.68334],[104.70238,20.68341],[104.70064,20.68344],[104.70039,20.68343],[104.69635,20.68264],[104.68923,20.68113],[104.68005,20.68032],[104.67246,20.68062],[104.6647,20.67915],[104.65939,20.67907],[104.65641,20.67952],[104.65286,20.68073],[104.64854,20.681],[104.6452,20.67975],[104.63849,20.67418],[104.63564,20.672],[104.63544,20.67207],[104.63695,20.66986],[104.63778,20.66619],[104.6378,20.65883],[104.63627,20.65347],[104.6372,20.65253],[104.64795,20.64164],[104.65763,20.63057],[104.66024,20.62731],[104.66186,20.62529],[104.66327,20.6243],[104.66766,20.62331],[104.67469,20.62167],[104.68102,20.61722],[104.68313,20.61474],[104.68384,20.61193],[104.68376,20.60906],[104.68351,20.60034],[104.68352,20.59824],[104.68352,20.59786],[104.68721,20.59621],[104.69037,20.59721],[104.69068,20.59751],[104.69286,20.59957],[104.6937,20.60036],[104.69779,20.60326],[104.69791,20.60335],[104.70177,20.60418],[104.71564,20.60454],[104.71951,20.60272],[104.7225,20.60025],[104.7269,20.58966],[104.73306,20.58256],[104.7394,20.57463],[104.7415,20.57397],[104.74339,20.57419],[104.74431,20.5743],[104.75151,20.5768],[104.76019,20.58074],[104.76513,20.58153],[104.77088,20.57946],[104.77434,20.57736],[104.77625,20.57703],[104.77954,20.579],[104.78115,20.57997],[104.7872,20.58293],[104.78753,20.583],[104.79441,20.58447],[104.79935,20.58562],[104.80082,20.58851],[104.80072,20.59448],[104.80072,20.59496],[104.79998,20.60504],[104.79893,20.61928],[104.80362,20.62324],[104.81041,20.62971],[104.81205,20.63059],[104.81289,20.63104],[104.81349,20.63136],[104.81518,20.63226],[104.82026,20.63843],[104.823,20.6402],[104.82693,20.64274],[104.8376,20.64693],[104.84255,20.64887],[104.84629,20.6508],[104.84642,20.65086],[104.8463,20.65108],[104.84563,20.6523],[104.84496,20.65324],[104.83986,20.6578],[104.83695,20.66054],[104.83892,20.67247],[104.84023,20.67685],[104.84026,20.67693],[104.84077,20.67832],[104.84084,20.68387],[104.84045,20.68584],[104.83952,20.68861],[104.83737,20.69292],[104.83667,20.69358],[104.83662,20.69362],[104.83636,20.6942],[104.8358,20.69591],[104.8355,20.69683],[104.83545,20.69738],[104.83577,20.69784],[104.83703,20.69956],[104.83765,20.69978],[104.8458,20.70148],[104.84631,20.70159],[104.84956,20.70268],[104.84975,20.70293],[104.84967,20.70315],[104.84929,20.70341],[104.84658,20.70511],[104.84638,20.70535],[104.84503,20.70689],[104.83947,20.71596],[104.83923,20.71705],[104.83931,20.71858],[104.84015,20.72134],[104.84262,20.7252],[104.84555,20.73043],[104.84547,20.73087],[104.84507,20.73144],[104.84501,20.73152],[104.84393,20.7321],[104.84215,20.73261],[104.84104,20.73281],[104.84012,20.73298],[104.83898,20.73319],[104.83813,20.7337],[104.83767,20.73435],[104.8374,20.73647],[104.83736,20.73675],[104.83729,20.73739],[104.83689,20.74104],[104.83743,20.74635],[104.83773,20.74715],[104.83799,20.7474],[104.83838,20.74778],[104.83769,20.7479],[104.83676,20.74811],[104.83404,20.74879],[104.83315,20.74902],[104.81728,20.75321],[104.81671,20.75343],[104.81625,20.75387],[104.81604,20.75434],[104.81576,20.75512],[104.81564,20.75605],[104.81529,20.75738],[104.81392,20.75894],[104.80766,20.76053],[104.80719,20.76062],[104.80645,20.76063],[104.80656,20.75757],[104.80607,20.75453],[104.7975,20.75052],[104.79485,20.75169],[104.79473,20.75233],[104.78364,20.75298],[104.77894,20.75381]]]},"properties":{"commune_code":"04057","commune_name":"Xã Xuân Nha","commune_kind":"XA","province_code":"14","province_name":"Tỉnh Sơn La","area_km2":263.37,"valid_from":"16/6/2025","published":"13/07/2025","area_km2_geom":263.17962074086074,"quality_flag":null,"population":10127.0,"population_wp":11506.738940156996,"anchor_ratio":0.8800929657540165,"pop_source":"WORLDPOP2025_ANCHORED_VNSDI","pop_density_ppkm2":38.47942318440959,"n_stations":1,"n_ports":4,"power_kw_site":180.0,"ports_per_10k_pop":3.949837069220895,"util_mean_port_weighted":0.018197573656845753,"dist_station_m_pop_weighted":10624.073000623981}},{"type":"Feature","geometry":{"type":"Polygon","coordinates":[[[104.22987,21.18205],[104.22664,21.18601],[104.22547,21.18444],[104.22261,21.1813],[104.22083,21.17995],[104.21976,21.17954],[104.21703,21.1789],[104.21393,21.17623],[104.2125,21.17478],[104.21236,21.17453],[104.21317,21.1735],[104.21435,21.1712],[104.21213,21.16855],[104.21146,21.1679],[104.2087,21.16735],[104.20772,21.16725],[104.20704,21.16674],[104.20683,21.16656],[104.20637,21.16597],[104.2035,21.16227],[104.20143,21.15961],[104.20028,21.15812],[104.19984,21.15755],[104.19956,21.15716],[104.19954,21.15712],[104.19954,21.15707],[104.19954,21.15701],[104.20095,21.15189],[104.20324,21.14897],[104.20421,21.14854],[104.20473,21.14813],[104.20575,21.14492],[104.2056,21.14367],[104.2049,21.14119],[104.20223,21.13582],[104.20101,21.13424],[104.19916,21.13246],[104.19687,21.12849],[104.19903,21.12103],[104.2085,21.10987],[104.2114,21.10867],[104.21166,21.10857],[104.21177,21.10848],[104.2118,21.10843],[104.21181,21.10836],[104.21185,21.10734],[104.21175,21.10621],[104.21167,21.10532],[104.21155,21.10452],[104.21143,21.10422],[104.21069,21.10324],[104.20997,21.10252],[104.20986,21.10247],[104.20978,21.10246],[104.20963,21.10247],[104.20926,21.10257],[104.20915,21.1026],[104.20832,21.10282],[104.206,21.09788],[104.2052,21.09596],[104.20499,21.09527],[104.20584,21.08626],[104.20641,21.08202],[104.20701,21.08102],[104.20835,21.07921],[104.20861,21.07907],[104.20876,21.07884],[104.20938,21.07742],[104.20941,21.07728],[104.20945,21.0763],[104.20836,21.07221],[104.20887,21.07073],[104.21366,21.06602],[104.21461,21.06261],[104.21532,21.06157],[104.21562,21.06163],[104.2158,21.06171],[104.21683,21.06221],[104.2183,21.06301],[104.22012,21.06256],[104.22469,21.05979],[104.22602,21.05685],[104.22663,21.05447],[104.22665,21.05356],[104.22625,21.04954],[104.22762,21.03824],[104.23106,21.03084],[104.23129,21.02972],[104.23139,21.0293],[104.23152,21.02894],[104.23274,21.02591],[104.23644,21.02015],[104.24381,21.01715],[104.24713,21.01692],[104.24919,21.01607],[104.24969,21.01475],[104.25302,21.01234],[104.25815,21.00798],[104.25845,21.00789],[104.26257,21.00729],[104.26792,21.00461],[104.27251,21.00033],[104.27282,20.99727],[104.2744,20.99464],[104.27801,20.9944],[104.28329,20.99355],[104.28779,20.99141],[104.28774,20.99123],[104.28775,20.99111],[104.28779,20.99096],[104.28784,20.99086],[104.2879,20.99075],[104.28798,20.99067],[104.2881,20.99054],[104.28837,20.99036],[104.2894,20.98971],[104.28951,20.98964],[104.29733,20.98544],[104.31562,20.97655],[104.32461,20.97487],[104.32481,20.9748],[104.32564,20.97458],[104.32699,20.97564],[104.32716,20.97583],[104.32728,20.97598],[104.32737,20.97624],[104.32756,20.97719],[104.32758,20.97797],[104.32752,20.97876],[104.32712,20.97957],[104.32674,20.97984],[104.33661,20.99903],[104.33902,21.00351],[104.33904,21.00353],[104.34373,21.00757],[104.34383,21.00764],[104.34391,21.0077],[104.34407,21.00779],[104.34416,21.00784],[104.34423,21.00787],[104.34438,21.0079],[104.34448,21.00791],[104.34474,21.0079],[104.34479,21.00788],[104.34502,21.00777],[104.34522,21.00766],[104.34539,21.00754],[104.34561,21.0074],[104.34567,21.00737],[104.34583,21.00734],[104.34601,21.00732],[104.34704,21.0073],[104.34728,21.0073],[104.34749,21.00736],[104.3492,21.00806],[104.34946,21.0082],[104.35473,21.01235],[104.35484,21.01244],[104.3552,21.01277],[104.35573,21.01329],[104.35589,21.01345],[104.35633,21.01392],[104.35534,21.01501],[104.35504,21.01523],[104.35232,21.02447],[104.34693,21.02918],[104.34691,21.02921],[104.3469,21.02925],[104.34685,21.02951],[104.34684,21.02989],[104.34685,21.03012],[104.34686,21.03022],[104.34719,21.0312],[104.34748,21.03193],[104.34764,21.03225],[104.3478,21.03241],[104.35394,21.03868],[104.35796,21.04215],[104.36919,21.05714],[104.37159,21.06153],[104.37346,21.06493],[104.3732,21.06518],[104.37105,21.07222],[104.37098,21.07248],[104.37096,21.07272],[104.3711,21.07334],[104.37129,21.07385],[104.37617,21.07659],[104.37689,21.07656],[104.3818,21.07575],[104.38098,21.07595],[104.38122,21.08349],[104.38136,21.0879],[104.38142,21.08982],[104.38137,21.08989],[104.38084,21.09064],[104.3791,21.09298],[104.37814,21.0939],[104.37393,21.09649],[104.37115,21.09806],[104.36876,21.09898],[104.36685,21.0996],[104.36512,21.10124],[104.36394,21.10299],[104.36329,21.10452],[104.36201,21.1063],[104.36078,21.10757],[104.35853,21.10865],[104.3578,21.10892],[104.35731,21.10886],[104.35715,21.10883],[104.35714,21.10883],[104.35711,21.10879],[104.35711,21.10879],[104.357,21.1086],[104.357,21.10859],[104.35699,21.10838],[104.35088,21.10705],[104.34443,21.10741],[104.33635,21.11123],[104.32716,21.11553],[104.32285,21.11792],[104.32039,21.12046],[104.31959,21.12164],[104.31827,21.12334],[104.31755,21.12423],[104.31699,21.1249],[104.31618,21.12565],[104.31235,21.12754],[104.30901,21.12825],[104.30537,21.12907],[104.29731,21.13186],[104.29246,21.13632],[104.29104,21.13857],[104.29,21.13984],[104.28926,21.1402],[104.28806,21.1401],[104.28667,21.13993],[104.28586,21.14009],[104.28247,21.14169],[104.27617,21.14475],[104.27212,21.14846],[104.26775,21.15337],[104.26257,21.15802],[104.25713,21.16008],[104.24994,21.16506],[104.24281,21.16864],[104.24093,21.16988],[104.23835,21.17234],[104.23822,21.17248],[104.23207,21.17927],[104.22987,21.18205]]]},"properties":{"commune_code":"04075","commune_name":"Xã Yên Châu","commune_kind":"XA","province_code":"14","province_name":"Tỉnh Sơn La","area_km2":246.55,"valid_from":"16/6/2025","published":"13/07/2025","area_km2_geom":246.44241646621214,"quality_flag":null,"population":33061.0,"population_wp":26554.517687305808,"anchor_ratio":1.2450235545345478,"pop_source":"WORLDPOP2025_ANCHORED_VNSDI","pop_density_ppkm2":134.1530426217548,"n_stations":1,"n_ports":2,"power_kw_site":33.5,"ports_per_10k_pop":0.6049423792383776,"util_mean_port_weighted":0.0876905041031653,"dist_station_m_pop_weighted":6754.806149552368}},{"type":"Feature","geometry":{"type":"Polygon","coordinates":[[[104.37689,21.07656],[104.37617,21.07659],[104.37129,21.07385],[104.3711,21.07334],[104.37096,21.07272],[104.37098,21.07248],[104.37105,21.07222],[104.3732,21.06518],[104.37346,21.06493],[104.37159,21.06153],[104.36919,21.05714],[104.35796,21.04215],[104.35394,21.03868],[104.3478,21.03241],[104.34764,21.03225],[104.34748,21.03193],[104.34719,21.0312],[104.34686,21.03022],[104.34685,21.03012],[104.34684,21.02989],[104.34685,21.02951],[104.3469,21.02925],[104.34691,21.02921],[104.34693,21.02918],[104.35232,21.02447],[104.35504,21.01523],[104.35534,21.01501],[104.35633,21.01392],[104.35589,21.01345],[104.35573,21.01329],[104.3552,21.01277],[104.35484,21.01244],[104.35473,21.01235],[104.34946,21.0082],[104.3492,21.00806],[104.34749,21.00736],[104.34728,21.0073],[104.34704,21.0073],[104.34601,21.00732],[104.34583,21.00734],[104.34567,21.00737],[104.34561,21.0074],[104.34539,21.00754],[104.34522,21.00766],[104.34502,21.00777],[104.34479,21.00788],[104.34474,21.0079],[104.34448,21.00791],[104.34438,21.0079],[104.34423,21.00787],[104.34416,21.00784],[104.34407,21.00779],[104.34391,21.0077],[104.34383,21.00764],[104.34373,21.00757],[104.33904,21.00353],[104.33902,21.00351],[104.33661,20.99903],[104.32674,20.97984],[104.32712,20.97957],[104.32752,20.97876],[104.32758,20.97797],[104.32756,20.97719],[104.32737,20.97624],[104.32728,20.97598],[104.32716,20.97583],[104.32699,20.97564],[104.32564,20.97458],[104.32481,20.9748],[104.32461,20.97487],[104.33098,20.97076],[104.33101,20.97066],[104.33103,20.9705],[104.33101,20.96989],[104.33099,20.96956],[104.3309,20.96933],[104.33085,20.96926],[104.33053,20.96898],[104.33018,20.96873],[104.32999,20.96862],[104.32981,20.96849],[104.32978,20.96843],[104.32974,20.96835],[104.32973,20.9682],[104.32976,20.96787],[104.3298,20.96723],[104.33315,20.96293],[104.33603,20.96352],[104.33867,20.96362],[104.3409,20.96211],[104.34184,20.96045],[104.34209,20.96017],[104.34338,20.95925],[104.34389,20.95899],[104.3481,20.95691],[104.35185,20.95772],[104.35269,20.95825],[104.35407,20.95904],[104.35612,20.96006],[104.35715,20.95992],[104.35768,20.95962],[104.36043,20.958],[104.36241,20.95664],[104.36298,20.95617],[104.36355,20.95571],[104.36515,20.95454],[104.36546,20.95435],[104.36569,20.95423],[104.36675,20.95377],[104.36687,20.95373],[104.36701,20.95373],[104.36715,20.95374],[104.36768,20.95349],[104.3693,20.95276],[104.37241,20.95152],[104.37249,20.95151],[104.37264,20.95151],[104.37441,20.95975],[104.3744,20.96002],[104.37436,20.96018],[104.37421,20.96038],[104.37402,20.96053],[104.37375,20.96076],[104.37347,20.96093],[104.37317,20.96091],[104.37291,20.96079],[104.37213,20.96017],[104.37183,20.96032],[104.37057,20.96155],[104.37045,20.96179],[104.37037,20.96224],[104.37032,20.96303],[104.37096,20.9669],[104.37154,20.96955],[104.37378,20.96878],[104.37483,20.96641],[104.37532,20.96541],[104.37546,20.96527],[104.37611,20.9647],[104.37649,20.96442],[104.37814,20.96335],[104.38935,20.95429],[104.3929,20.95213],[104.39512,20.95168],[104.39775,20.94953],[104.39701,20.94782],[104.39568,20.94497],[104.39556,20.9449],[104.39548,20.94481],[104.39544,20.94472],[104.3954,20.94462],[104.39539,20.94441],[104.39541,20.94417],[104.39569,20.94282],[104.39572,20.94268],[104.39576,20.9426],[104.39585,20.94251],[104.39602,20.94241],[104.39603,20.9424],[104.39618,20.94234],[104.39627,20.9423],[104.3964,20.94226],[104.39654,20.94224],[104.3967,20.94224],[104.39771,20.94221],[104.40172,20.94218],[104.40365,20.94264],[104.40379,20.94271],[104.40389,20.94275],[104.40411,20.94282],[104.40434,20.94286],[104.4047,20.94288],[104.40497,20.94289],[104.40517,20.94288],[104.40526,20.94286],[104.40543,20.9428],[104.40777,20.94162],[104.40951,20.94023],[104.41189,20.93794],[104.41203,20.93766],[104.41246,20.93688],[104.41257,20.93671],[104.4133,20.93584],[104.41375,20.93539],[104.41652,20.93274],[104.4167,20.9326],[104.41706,20.93236],[104.41757,20.93207],[104.41873,20.93146],[104.41908,20.93131],[104.42073,20.93067],[104.42267,20.93417],[104.42436,20.93694],[104.42453,20.9372],[104.42472,20.93745],[104.42485,20.93754],[104.42509,20.93765],[104.42541,20.93779],[104.43377,20.94083],[104.43451,20.94093],[104.43483,20.94095],[104.43586,20.94086],[104.43592,20.94085],[104.4393,20.93982],[104.43969,20.9397],[104.44146,20.93898],[104.44931,20.93508],[104.44968,20.93486],[104.44972,20.93484],[104.44979,20.93479],[104.44999,20.93461],[104.45078,20.93385],[104.45012,20.92968],[104.44271,20.928],[104.44054,20.92632],[104.44053,20.9263],[104.44046,20.92622],[104.44023,20.92596],[104.43892,20.92435],[104.4362,20.91855],[104.43618,20.91845],[104.44094,20.91193],[104.4419,20.91066],[104.44199,20.91055],[104.44211,20.91043],[104.44361,20.90912],[104.4458,20.90054],[104.44592,20.89782],[104.44579,20.89602],[104.44462,20.89431],[104.44374,20.89245],[104.44212,20.88884],[104.44217,20.88706],[104.44224,20.88683],[104.44231,20.88632],[104.44232,20.88602],[104.44232,20.88543],[104.44229,20.88515],[104.44225,20.88496],[104.44218,20.88476],[104.44127,20.88253],[104.44425,20.88148],[104.44474,20.88144],[104.44532,20.88151],[104.44596,20.88176],[104.44672,20.88223],[104.44727,20.88274],[104.44803,20.88341],[104.44873,20.88386],[104.44957,20.88417],[104.45202,20.88473],[104.46052,20.88619],[104.4651,20.88606],[104.47112,20.88425],[104.47078,20.88736],[104.46914,20.89088],[104.46837,20.89134],[104.46642,20.89282],[104.46765,20.89607],[104.46974,20.90124],[104.46908,20.90656],[104.46693,20.91076],[104.46652,20.91172],[104.46652,20.91186],[104.46662,20.91199],[104.4685,20.9121],[104.47091,20.9121],[104.4734,20.91205],[104.47433,20.9122],[104.47782,20.91337],[104.47924,20.91391],[104.48022,20.91445],[104.48127,20.91519],[104.48218,20.91587],[104.48248,20.91623],[104.48518,20.91817],[104.49254,20.9224],[104.49412,20.92342],[104.49486,20.92394],[104.49533,20.92459],[104.49699,20.92788],[104.5002,20.93507],[104.50108,20.93695],[104.5012,20.93699],[104.50146,20.93697],[104.50174,20.9369],[104.50205,20.93682],[104.50355,20.9366],[104.50494,20.93651],[104.50571,20.93657],[104.50661,20.93718],[104.50709,20.93816],[104.50723,20.93933],[104.50698,20.94072],[104.50655,20.94175],[104.50592,20.94252],[104.5051,20.94326],[104.50432,20.94378],[104.50316,20.94488],[104.50244,20.9456],[104.50211,20.94592],[104.50176,20.94647],[104.50174,20.9469],[104.50193,20.94751],[104.50224,20.94809],[104.5029,20.94864],[104.50421,20.94955],[104.50575,20.95061],[104.50599,20.9508],[104.50605,20.95104],[104.50607,20.9513],[104.50557,20.95319],[104.50549,20.95345],[104.50514,20.95414],[104.5048,20.95452],[104.50312,20.95622],[104.50152,20.9581],[104.50188,20.95822],[104.51041,20.95687],[104.51321,20.95824],[104.51338,20.95835],[104.5135,20.95845],[104.51362,20.9586],[104.51376,20.95879],[104.51438,20.95967],[104.51448,20.95986],[104.51456,20.96014],[104.51464,20.96057],[104.51467,20.96086],[104.51466,20.96103],[104.51465,20.96116],[104.5144,20.96142],[104.51423,20.96151],[104.51411,20.96157],[104.51388,20.96161],[104.51367,20.96164],[104.5133,20.96169],[104.51312,20.96172],[104.51204,20.96203],[104.51155,20.9622],[104.51127,20.96235],[104.51109,20.96245],[104.51092,20.96258],[104.5097,20.96356],[104.50952,20.96377],[104.50603,20.96833],[104.50615,20.97122],[104.51325,20.97405],[104.51517,20.97254],[104.51904,20.96955],[104.52065,20.96999],[104.52093,20.97013],[104.52143,20.97051],[104.52167,20.97075],[104.52189,20.97099],[104.52206,20.97127],[104.52238,20.97206],[104.52241,20.97222],[104.52242,20.97231],[104.52244,20.97299],[104.52183,20.97807],[104.52062,20.98034],[104.51943,20.98031],[104.51839,20.98033],[104.51822,20.98053],[104.51773,20.98121],[104.51737,20.98231],[104.51748,20.9827],[104.51839,20.9839],[104.52014,20.98534],[104.52131,20.98582],[104.5221,20.98582],[104.52273,20.98566],[104.52337,20.98518],[104.52705,20.98254],[104.5326,20.97966],[104.5328,20.98088],[104.53422,20.98497],[104.53695,20.98964],[104.54113,20.99651],[104.54698,20.9999],[104.54792,21.00038],[104.54792,21.00087],[104.54656,21.00236],[104.54087,21.00549],[104.54048,21.00569],[104.53424,21.0086],[104.5313,21.00987],[104.52998,21.01031],[104.52645,21.01261],[104.52171,21.01675],[104.5165,21.02085],[104.5094,21.02482],[104.50609,21.02625],[104.50344,21.02682],[104.49452,21.02803],[104.49106,21.02967],[104.48759,21.03093],[104.48387,21.03204],[104.48211,21.03254],[104.47979,21.03291],[104.47798,21.03322],[104.47673,21.03369],[104.47306,21.03619],[104.46838,21.04098],[104.46442,21.04217],[104.46018,21.04353],[104.45908,21.0442],[104.45818,21.04524],[104.45741,21.04698],[104.45515,21.05005],[104.45064,21.0529],[104.44556,21.05205],[104.4394,21.05394],[104.43359,21.0556],[104.42548,21.05666],[104.42417,21.05691],[104.42084,21.0581],[104.41447,21.06065],[104.41277,21.06172],[104.40897,21.06488],[104.40828,21.06569],[104.40856,21.06735],[104.4086,21.06849],[104.4085,21.06886],[104.40811,21.06903],[104.40341,21.07006],[104.40199,21.07027],[104.40103,21.06984],[104.3943,21.07098],[104.39242,21.07199],[104.38745,21.07406],[104.38359,21.0753],[104.3818,21.07575],[104.37689,21.07656]]]},"properties":{"commune_code":"04078","commune_name":"Xã Chiềng Hặc","commune_kind":"XA","province_code":"14","province_name":"Tỉnh Sơn La","area_km2":239.91,"valid_from":"16/6/2025","published":"13/07/2025","area_km2_geom":239.89642002809074,"quality_flag":null,"population":18721.0,"population_wp":22536.209345556796,"anchor_ratio":0.830707583202807,"pop_source":"WORLDPOP2025_ANCHORED_VNSDI","pop_density_ppkm2":78.03784649144768,"n_stations":2,"n_ports":10,"power_kw_site":510.0,"ports_per_10k_pop":5.34159500026708,"util_mean_port_weighted":0.05812328245896527,"dist_station_m_pop_weighted":7916.855128953182}},{"type":"Feature","geometry":{"type":"Polygon","coordinates":[[[104.20861,21.07907],[104.20835,21.07921],[104.20877,21.07702],[104.20858,21.07482],[104.20427,21.06961],[104.20351,21.06911],[104.20232,21.06845],[104.20124,21.06807],[104.20055,21.06787],[104.19986,21.06767],[104.19725,21.06704],[104.19543,21.06666],[104.19163,21.0657],[104.19001,21.0652],[104.18713,21.06352],[104.1819,21.06061],[104.18005,21.06037],[104.17958,21.06006],[104.17898,21.05877],[104.17839,21.05488],[104.17769,21.0527],[104.17373,21.04667],[104.1726,21.04533],[104.16885,21.04089],[104.16819,21.03921],[104.16654,21.03581],[104.16561,21.03476],[104.16344,21.03352],[104.16222,21.03245],[104.15918,21.02668],[104.15749,21.02244],[104.15297,21.0174],[104.14643,21.01856],[104.14559,21.01857],[104.14467,21.01838],[104.14365,21.01806],[104.14262,21.0165],[104.14214,21.01602],[104.1394,21.01479],[104.13618,21.01618],[104.13469,21.01745],[104.13373,21.01802],[104.13234,21.01815],[104.13211,21.0181],[104.13191,21.01804],[104.13014,21.01706],[104.1277,21.01537],[104.12744,21.01518],[104.12711,21.01481],[104.12701,21.01458],[104.12673,21.01324],[104.12593,21.01203],[104.12321,21.00993],[104.11918,21.00737],[104.11763,21.00629],[104.1172,21.00596],[104.11568,21.00477],[104.11476,21.00396],[104.11532,21.00339],[104.11856,21.00221],[104.12089,21.00089],[104.12324,20.99802],[104.12494,20.99527],[104.12364,20.99257],[104.12149,20.98963],[104.12124,20.98181],[104.12043,20.9781],[104.11988,20.97723],[104.1196,20.97663],[104.11947,20.97599],[104.11941,20.97527],[104.11934,20.9724],[104.1194,20.97204],[104.11983,20.97191],[104.12124,20.97031],[104.12273,20.96864],[104.12609,20.95781],[104.12922,20.95067],[104.12962,20.95051],[104.13549,20.94828],[104.13664,20.94784],[104.13824,20.94848],[104.1424,20.95015],[104.1446,20.95106],[104.15282,20.95446],[104.15473,20.95525],[104.15559,20.95527],[104.15935,20.95535],[104.16647,20.9555],[104.17553,20.95554],[104.18314,20.95713],[104.1885,20.95657],[104.18956,20.95475],[104.19057,20.95302],[104.1912,20.95194],[104.19452,20.94692],[104.19992,20.94579],[104.20174,20.94541],[104.21101,20.94282],[104.21267,20.94236],[104.22355,20.9387],[104.22629,20.93778],[104.2289,20.93737],[104.22868,20.93797],[104.22843,20.93868],[104.22969,20.94464],[104.23304,20.95101],[104.2349,20.95398],[104.23727,20.95591],[104.23854,20.9574],[104.24042,20.96078],[104.24099,20.96217],[104.24106,20.96241],[104.24108,20.9626],[104.24107,20.96289],[104.24102,20.96314],[104.22502,20.95998],[104.22032,20.96108],[104.21822,20.96195],[104.21444,20.96922],[104.21285,20.97741],[104.21419,20.98271],[104.21554,20.98637],[104.21575,20.98689],[104.216,20.98751],[104.21617,20.98784],[104.21655,20.9885],[104.22138,20.99377],[104.22149,20.99387],[104.22322,20.99528],[104.2285,20.99697],[104.23051,20.99735],[104.2319,20.99754],[104.23333,20.99757],[104.24372,20.99936],[104.24816,21.00105],[104.24847,21.0061],[104.24918,21.01312],[104.24969,21.01475],[104.24919,21.01607],[104.24713,21.01692],[104.24381,21.01715],[104.23644,21.02015],[104.23274,21.02591],[104.23152,21.02894],[104.23139,21.0293],[104.23129,21.02972],[104.23106,21.03084],[104.22762,21.03824],[104.22625,21.04954],[104.22665,21.05356],[104.22663,21.05447],[104.22602,21.05685],[104.22469,21.05979],[104.22012,21.06256],[104.2183,21.06301],[104.21683,21.06221],[104.2158,21.06171],[104.21562,21.06163],[104.21532,21.06157],[104.21461,21.06261],[104.21366,21.06602],[104.20887,21.07073],[104.20836,21.07221],[104.20945,21.0763],[104.20941,21.07728],[104.20938,21.07742],[104.20876,21.07884],[104.20861,21.07907]]]},"properties":{"commune_code":"04087","commune_name":"Xã Yên Sơn","commune_kind":"XA","province_code":"14","province_name":"Tỉnh Sơn La","area_km2":116.62,"valid_from":"16/6/2025","published":"13/07/2025","area_km2_geom":115.82073761373557,"quality_flag":null,"population":12614.0,"population_wp":11180.209125891328,"anchor_ratio":1.1282436542969732,"pop_source":"WORLDPOP2025_ANCHORED_VNSDI","pop_density_ppkm2":108.90968456847457,"n_stations":0,"n_ports":0,"power_kw_site":0.0,"ports_per_10k_pop":0.0,"util_mean_port_weighted":null,"dist_station_m_pop_weighted":18614.20689643971}},{"type":"Feature","geometry":{"type":"Polygon","coordinates":[[[104.37378,20.96878],[104.37154,20.96955],[104.37096,20.9669],[104.37032,20.96303],[104.37037,20.96224],[104.37045,20.96179],[104.37057,20.96155],[104.37183,20.96032],[104.37213,20.96017],[104.37291,20.96079],[104.37317,20.96091],[104.37347,20.96093],[104.37375,20.96076],[104.37402,20.96053],[104.37421,20.96038],[104.37436,20.96018],[104.3744,20.96002],[104.37441,20.95975],[104.37264,20.95151],[104.37249,20.95151],[104.37241,20.95152],[104.3693,20.95276],[104.36768,20.95349],[104.36715,20.95374],[104.36409,20.95026],[104.35663,20.94132],[104.35272,20.93643],[104.35199,20.9306],[104.35201,20.93019],[104.35201,20.92992],[104.35199,20.92976],[104.35191,20.92934],[104.35044,20.92932],[104.34995,20.92937],[104.3462,20.92992],[104.34429,20.9303],[104.33988,20.93151],[104.33646,20.92881],[104.33656,20.92867],[104.33661,20.92847],[104.33664,20.92733],[104.33659,20.92716],[104.33556,20.92622],[104.33196,20.92331],[104.33015,20.92253],[104.32996,20.92253],[104.32939,20.92258],[104.32888,20.92263],[104.32639,20.92354],[104.32446,20.92268],[104.32187,20.92115],[104.3207,20.91996],[104.31909,20.916],[104.31713,20.91078],[104.31473,20.9053],[104.31273,20.90364],[104.31229,20.90266],[104.31223,20.90237],[104.31434,20.9006],[104.32384,20.89251],[104.32602,20.89001],[104.32893,20.88666],[104.33005,20.88537],[104.33265,20.88035],[104.33282,20.87761],[104.33287,20.87696],[104.33258,20.87202],[104.33116,20.8666],[104.32799,20.8632],[104.32564,20.8598],[104.3276,20.85729],[104.32808,20.85724],[104.33038,20.85701],[104.33398,20.85828],[104.33542,20.85897],[104.33588,20.85882],[104.33691,20.8585],[104.33727,20.85839],[104.3414,20.85492],[104.347,20.84936],[104.3473,20.84906],[104.35391,20.84249],[104.363,20.83497],[104.36504,20.83202],[104.36734,20.82869],[104.36809,20.82762],[104.37003,20.82483],[104.3755,20.82156],[104.37756,20.82186],[104.37827,20.82293],[104.37807,20.82646],[104.378,20.82771],[104.37794,20.82873],[104.37938,20.83],[104.38185,20.82962],[104.38566,20.82779],[104.38952,20.82485],[104.39351,20.82182],[104.39689,20.81928],[104.39928,20.81748],[104.4033,20.81303],[104.40538,20.81073],[104.4101,20.80501],[104.41158,20.8032],[104.41473,20.80078],[104.41777,20.79844],[104.41744,20.79898],[104.41741,20.79989],[104.41773,20.80052],[104.41809,20.80107],[104.41864,20.80157],[104.41917,20.80189],[104.42286,20.80388],[104.42467,20.80466],[104.42969,20.80877],[104.42993,20.80923],[104.43132,20.81214],[104.43149,20.81267],[104.43138,20.81366],[104.4305,20.82105],[104.43033,20.82162],[104.42971,20.82249],[104.42728,20.82449],[104.42586,20.82545],[104.42431,20.82641],[104.42274,20.83118],[104.42333,20.83195],[104.4258,20.83641],[104.42577,20.83965],[104.42563,20.84014],[104.42557,20.84094],[104.42543,20.84444],[104.4257,20.8453],[104.42604,20.84585],[104.42789,20.84812],[104.42948,20.84897],[104.43289,20.85405],[104.43495,20.85775],[104.43473,20.86381],[104.43532,20.86814],[104.43736,20.87342],[104.44016,20.87807],[104.44069,20.87841],[104.44136,20.87925],[104.44175,20.87985],[104.44183,20.88025],[104.44127,20.88253],[104.44218,20.88476],[104.44225,20.88496],[104.44229,20.88515],[104.44232,20.88543],[104.44232,20.88602],[104.44231,20.88632],[104.44224,20.88683],[104.44217,20.88706],[104.44212,20.88884],[104.44374,20.89245],[104.44462,20.89431],[104.44579,20.89602],[104.44592,20.89782],[104.4458,20.90054],[104.44361,20.90912],[104.44211,20.91043],[104.44199,20.91055],[104.4419,20.91066],[104.44094,20.91193],[104.43618,20.91845],[104.4362,20.91855],[104.43892,20.92435],[104.44023,20.92596],[104.44046,20.92622],[104.44053,20.9263],[104.44054,20.92632],[104.44271,20.928],[104.45012,20.92968],[104.45078,20.93385],[104.44999,20.93461],[104.44979,20.93479],[104.44972,20.93484],[104.44968,20.93486],[104.44931,20.93508],[104.44146,20.93898],[104.43969,20.9397],[104.4393,20.93982],[104.43592,20.94085],[104.43586,20.94086],[104.43483,20.94095],[104.43451,20.94093],[104.43377,20.94083],[104.42541,20.93779],[104.42509,20.93765],[104.42485,20.93754],[104.42472,20.93745],[104.42453,20.9372],[104.42436,20.93694],[104.42267,20.93417],[104.42073,20.93067],[104.41908,20.93131],[104.41873,20.93146],[104.41757,20.93207],[104.41706,20.93236],[104.4167,20.9326],[104.41652,20.93274],[104.41375,20.93539],[104.4133,20.93584],[104.41257,20.93671],[104.41246,20.93688],[104.41203,20.93766],[104.41189,20.93794],[104.40951,20.94023],[104.40777,20.94162],[104.40543,20.9428],[104.40526,20.94286],[104.40517,20.94288],[104.40497,20.94289],[104.4047,20.94288],[104.40434,20.94286],[104.40411,20.94282],[104.40389,20.94275],[104.40379,20.94271],[104.40365,20.94264],[104.40172,20.94218],[104.39771,20.94221],[104.3967,20.94224],[104.39654,20.94224],[104.3964,20.94226],[104.39627,20.9423],[104.39618,20.94234],[104.39603,20.9424],[104.39602,20.94241],[104.39585,20.94251],[104.39576,20.9426],[104.39572,20.94268],[104.39569,20.94282],[104.39541,20.94417],[104.39539,20.94441],[104.3954,20.94462],[104.39544,20.94472],[104.39548,20.94481],[104.39556,20.9449],[104.39568,20.94497],[104.39701,20.94782],[104.39775,20.94953],[104.39512,20.95168],[104.3929,20.95213],[104.38935,20.95429],[104.37814,20.96335],[104.37649,20.96442],[104.37611,20.9647],[104.37546,20.96527],[104.37532,20.96541],[104.37483,20.96641],[104.37378,20.96878]]]},"properties":{"commune_code":"04096","commune_name":"Xã Lóng Phiêng","commune_kind":"XA","province_code":"14","province_name":"Tỉnh Sơn La","area_km2":147.81,"valid_from":"16/6/2025","published":"13/07/2025","area_km2_geom":146.7021209882023,"quality_flag":null,"population":11152.0,"population_wp":13718.628995344043,"anchor_ratio":0.8129092202861431,"pop_source":"WORLDPOP2025_ANCHORED_VNSDI","pop_density_ppkm2":76.01798750337657,"n_stations":0,"n_ports":0,"power_kw_site":0.0,"ports_per_10k_pop":0.0,"util_mean_port_weighted":null,"dist_station_m_pop_weighted":14505.033720456875}},{"type":"Feature","geometry":{"type":"Polygon","coordinates":[[[104.25302,21.01234],[104.24969,21.01475],[104.24918,21.01312],[104.24847,21.0061],[104.24816,21.00105],[104.24372,20.99936],[104.23333,20.99757],[104.2319,20.99754],[104.23051,20.99735],[104.2285,20.99697],[104.22322,20.99528],[104.22149,20.99387],[104.22138,20.99377],[104.21655,20.9885],[104.21617,20.98784],[104.216,20.98751],[104.21575,20.98689],[104.21554,20.98637],[104.21419,20.98271],[104.21285,20.97741],[104.21444,20.96922],[104.21822,20.96195],[104.22032,20.96108],[104.22502,20.95998],[104.24102,20.96314],[104.24107,20.96289],[104.24108,20.9626],[104.24106,20.96241],[104.24099,20.96217],[104.24042,20.96078],[104.23854,20.9574],[104.23727,20.95591],[104.2349,20.95398],[104.23304,20.95101],[104.22969,20.94464],[104.22843,20.93868],[104.22868,20.93797],[104.2289,20.93737],[104.23824,20.9359],[104.24154,20.93397],[104.24195,20.93137],[104.24197,20.93127],[104.24178,20.92739],[104.24147,20.92617],[104.24017,20.921],[104.2396,20.91132],[104.24176,20.9083],[104.24292,20.90669],[104.24679,20.90322],[104.2475,20.90259],[104.24809,20.90206],[104.25324,20.89976],[104.25367,20.89995],[104.25715,20.90152],[104.25975,20.90628],[104.26044,20.91141],[104.26057,20.91172],[104.26248,20.91655],[104.26628,20.91908],[104.26864,20.92074],[104.27378,20.9224],[104.27477,20.92311],[104.27689,20.92462],[104.27706,20.92474],[104.28092,20.92718],[104.28106,20.92727],[104.28157,20.92714],[104.28333,20.92668],[104.28436,20.92642],[104.29004,20.92344],[104.29021,20.92326],[104.29314,20.92007],[104.29419,20.916],[104.29419,20.91578],[104.29421,20.91101],[104.29421,20.91097],[104.2943,20.91089],[104.29628,20.90895],[104.29775,20.90851],[104.30206,20.90723],[104.30793,20.90599],[104.31223,20.90237],[104.31229,20.90266],[104.31273,20.90364],[104.31473,20.9053],[104.31713,20.91078],[104.31909,20.916],[104.3207,20.91996],[104.32187,20.92115],[104.32446,20.92268],[104.32639,20.92354],[104.32888,20.92263],[104.32939,20.92258],[104.32996,20.92253],[104.33015,20.92253],[104.33196,20.92331],[104.33556,20.92622],[104.33659,20.92716],[104.33664,20.92733],[104.33661,20.92847],[104.33656,20.92867],[104.33646,20.92881],[104.33988,20.93151],[104.34429,20.9303],[104.3462,20.92992],[104.34995,20.92937],[104.35044,20.92932],[104.35191,20.92934],[104.35199,20.92976],[104.35201,20.92992],[104.35201,20.93019],[104.35199,20.9306],[104.35272,20.93643],[104.35663,20.94132],[104.36409,20.95026],[104.36715,20.95374],[104.36701,20.95373],[104.36687,20.95373],[104.36675,20.95377],[104.36569,20.95423],[104.36546,20.95435],[104.36515,20.95454],[104.36355,20.95571],[104.36298,20.95617],[104.36241,20.95664],[104.36043,20.958],[104.35768,20.95962],[104.35715,20.95992],[104.35612,20.96006],[104.35407,20.95904],[104.35269,20.95825],[104.35185,20.95772],[104.3481,20.95691],[104.34389,20.95899],[104.34338,20.95925],[104.34209,20.96017],[104.34184,20.96045],[104.3409,20.96211],[104.33867,20.96362],[104.33603,20.96352],[104.33315,20.96293],[104.3298,20.96723],[104.32976,20.96787],[104.32973,20.9682],[104.32974,20.96835],[104.32978,20.96843],[104.32981,20.96849],[104.32999,20.96862],[104.33018,20.96873],[104.33053,20.96898],[104.33085,20.96926],[104.3309,20.96933],[104.33099,20.96956],[104.33101,20.96989],[104.33103,20.9705],[104.33101,20.97066],[104.33098,20.97076],[104.32461,20.97487],[104.31562,20.97655],[104.29733,20.98544],[104.28951,20.98964],[104.2894,20.98971],[104.28837,20.99036],[104.2881,20.99054],[104.28798,20.99067],[104.2879,20.99075],[104.28784,20.99086],[104.28779,20.99096],[104.28775,20.99111],[104.28774,20.99123],[104.28779,20.99141],[104.28329,20.99355],[104.27801,20.9944],[104.2744,20.99464],[104.27282,20.99727],[104.27251,21.00033],[104.26792,21.00461],[104.26257,21.00729],[104.25845,21.00789],[104.25815,21.00798],[104.25302,21.01234]]]},"properties":{"commune_code":"04099","commune_name":"Xã Phiêng Khoài","commune_kind":"XA","province_code":"14","province_name":"Tỉnh Sơn La","area_km2":103.77,"valid_from":"16/6/2025","published":"13/07/2025","area_km2_geom":102.93564203822714,"quality_flag":null,"population":12424.0,"population_wp":12918.38194283843,"anchor_ratio":0.9617303509815716,"pop_source":"WORLDPOP2025_ANCHORED_VNSDI","pop_density_ppkm2":120.69677474189268,"n_stations":1,"n_ports":4,"power_kw_site":200.0,"ports_per_10k_pop":3.219575016097875,"util_mean_port_weighted":0.04575916230366492,"dist_station_m_pop_weighted":5413.515082094399}},{"type":"Feature","geometry":{"type":"Polygon","coordinates":[[[104.04537,21.22359],[104.04491,21.22531],[104.0444,21.22525],[104.04214,21.22387],[104.04158,21.22351],[104.04012,21.21875],[104.03903,21.2152],[104.03904,21.21519],[104.04273,21.21258],[104.03937,21.20531],[104.04139,21.20338],[104.04286,21.20085],[104.03852,21.19976],[104.033,21.19335],[104.03115,21.19173],[104.03104,21.19163],[104.03028,21.19093],[104.02965,21.1903],[104.02888,21.18947],[104.02853,21.18888],[104.02865,21.18842],[104.02869,21.18826],[104.02869,21.18817],[104.02861,21.18787],[104.0284,21.18737],[104.02812,21.18689],[104.02695,21.18546],[104.02661,21.18506],[104.02632,21.18474],[104.02604,21.1845],[104.0258,21.18435],[104.02516,21.184],[104.0246,21.18364],[104.02421,21.18335],[104.02387,21.18302],[104.02344,21.18239],[104.0233,21.18219],[104.02029,21.17762],[104.01929,21.1754],[104.01861,21.17371],[104.01863,21.17331],[104.02084,21.17011],[104.02223,21.16851],[104.02449,21.16682],[104.03285,21.1651],[104.03549,21.16394],[104.04372,21.15882],[104.04519,21.15794],[104.04768,21.15626],[104.04903,21.15528],[104.05022,21.15347],[104.05027,21.1515],[104.05391,21.14858],[104.05875,21.14557],[104.05823,21.14418],[104.05756,21.14191],[104.05737,21.14052],[104.05747,21.14021],[104.0578,21.13975],[104.05827,21.13935],[104.05905,21.13869],[104.06007,21.13785],[104.06017,21.13776],[104.06028,21.1377],[104.0604,21.13767],[104.06051,21.13768],[104.06062,21.13771],[104.06089,21.1378],[104.06112,21.13789],[104.06126,21.13796],[104.06144,21.13806],[104.06285,21.13808],[104.06428,21.13801],[104.06534,21.13709],[104.06579,21.13656],[104.06584,21.13666],[104.0659,21.13673],[104.0665,21.13733],[104.0667,21.13752],[104.06741,21.138],[104.06941,21.1391],[104.06975,21.13917],[104.06998,21.13916],[104.07018,21.13913],[104.07151,21.13889],[104.07296,21.13838],[104.07466,21.13855],[104.0769,21.13959],[104.07861,21.14046],[104.0804,21.14147],[104.08747,21.13239],[104.08844,21.13201],[104.0933,21.13246],[104.09764,21.13398],[104.10484,21.13949],[104.10613,21.14056],[104.10735,21.14166],[104.10743,21.14177],[104.10748,21.14191],[104.10773,21.14303],[104.10774,21.14307],[104.10772,21.14325],[104.10753,21.14384],[104.10753,21.14384],[104.10746,21.144],[104.10721,21.14443],[104.10684,21.14502],[104.10658,21.14536],[104.1064,21.14552],[104.10608,21.14573],[104.10497,21.14679],[104.10385,21.148],[104.10382,21.14811],[104.1038,21.1482],[104.10374,21.14922],[104.10783,21.15006],[104.10879,21.1502],[104.10889,21.15021],[104.10892,21.14947],[104.10893,21.1485],[104.10902,21.1481],[104.10964,21.14677],[104.10978,21.14656],[104.11025,21.14588],[104.11122,21.14501],[104.11164,21.14475],[104.112,21.14473],[104.1122,21.14475],[104.1172,21.14142],[104.12226,21.13774],[104.12242,21.13762],[104.12282,21.13727],[104.12557,21.13475],[104.12675,21.13365],[104.12841,21.13167],[104.12981,21.12912],[104.13262,21.12575],[104.13388,21.12426],[104.13498,21.12302],[104.13739,21.1215],[104.13757,21.1214],[104.13778,21.12133],[104.13803,21.12129],[104.13846,21.12121],[104.13889,21.12117],[104.14083,21.1211],[104.14091,21.12111],[104.14107,21.12115],[104.14128,21.12122],[104.14156,21.12138],[104.14184,21.12158],[104.14222,21.12186],[104.1423,21.12196],[104.14253,21.12223],[104.14266,21.12239],[104.14366,21.12294],[104.14534,21.12213],[104.14892,21.11669],[104.1501,21.11477],[104.15128,21.11213],[104.15229,21.10506],[104.1555,21.10273],[104.15764,21.09777],[104.16076,21.09364],[104.16083,21.09355],[104.16098,21.09339],[104.16106,21.09334],[104.16164,21.09297],[104.1621,21.0927],[104.16757,21.0918],[104.16793,21.09128],[104.16869,21.08984],[104.16905,21.08822],[104.17301,21.08413],[104.17454,21.08319],[104.17582,21.08244],[104.17931,21.08025],[104.17899,21.07575],[104.18015,21.07565],[104.18254,21.07545],[104.1834,21.07553],[104.18395,21.07564],[104.18435,21.07572],[104.18445,21.07574],[104.18458,21.07579],[104.18467,21.07583],[104.18532,21.07613],[104.18554,21.07626],[104.18775,21.07706],[104.18939,21.0767],[104.19007,21.07655],[104.19199,21.07453],[104.19412,21.06965],[104.19543,21.06666],[104.19725,21.06704],[104.19986,21.06767],[104.20055,21.06787],[104.20124,21.06807],[104.20232,21.06845],[104.20351,21.06911],[104.20427,21.06961],[104.20858,21.07482],[104.20877,21.07702],[104.20835,21.07921],[104.20701,21.08102],[104.20641,21.08202],[104.20584,21.08626],[104.20499,21.09527],[104.2052,21.09596],[104.206,21.09788],[104.20832,21.10282],[104.20915,21.1026],[104.20926,21.10257],[104.20963,21.10247],[104.20978,21.10246],[104.20986,21.10247],[104.20997,21.10252],[104.21069,21.10324],[104.21143,21.10422],[104.21155,21.10452],[104.21167,21.10532],[104.21175,21.10621],[104.21185,21.10734],[104.21181,21.10836],[104.2118,21.10843],[104.21177,21.10848],[104.21166,21.10857],[104.2114,21.10867],[104.2085,21.10987],[104.19903,21.12103],[104.19687,21.12849],[104.19916,21.13246],[104.20101,21.13424],[104.20223,21.13582],[104.2049,21.14119],[104.2056,21.14367],[104.20575,21.14492],[104.20473,21.14813],[104.20421,21.14854],[104.20324,21.14897],[104.20095,21.15189],[104.19954,21.15701],[104.19954,21.15707],[104.19954,21.15712],[104.19956,21.15716],[104.19984,21.15755],[104.20028,21.15812],[104.20143,21.15961],[104.2035,21.16227],[104.20637,21.16597],[104.20683,21.16656],[104.20704,21.16674],[104.20772,21.16725],[104.2087,21.16735],[104.21146,21.1679],[104.21213,21.16855],[104.21435,21.1712],[104.21317,21.1735],[104.21236,21.17453],[104.2125,21.17478],[104.21393,21.17623],[104.21703,21.1789],[104.21677,21.1794],[104.21641,21.17979],[104.21435,21.18156],[104.21071,21.18449],[104.20985,21.18472],[104.20964,21.18477],[104.2095,21.18477],[104.20923,21.18471],[104.20223,21.18502],[104.19337,21.18917],[104.18725,21.19323],[104.18295,21.19811],[104.18038,21.20034],[104.17886,21.20105],[104.17265,21.20249],[104.17017,21.20267],[104.16592,21.20081],[104.16265,21.20011],[104.16029,21.20052],[104.16033,21.20085],[104.16031,21.20096],[104.16024,21.20105],[104.15992,21.20143],[104.15968,21.20172],[104.15947,21.20191],[104.1593,21.20203],[104.15919,21.2021],[104.15847,21.20243],[104.15827,21.20251],[104.15799,21.20257],[104.15784,21.20259],[104.15763,21.20258],[104.15283,21.20157],[104.15252,21.19975],[104.14937,21.19502],[104.14187,21.19202],[104.13743,21.18475],[104.13581,21.18184],[104.13587,21.18176],[104.13593,21.18167],[104.13601,21.18144],[104.13211,21.1791],[104.13209,21.17913],[104.12995,21.18392],[104.12689,21.1841],[104.12508,21.18576],[104.12157,21.19037],[104.11863,21.19316],[104.11502,21.19566],[104.1112,21.1974],[104.11173,21.19883],[104.11181,21.19902],[104.11242,21.20007],[104.11621,21.20106],[104.11775,21.20213],[104.11953,21.20369],[104.11989,21.20404],[104.12002,21.2042],[104.12044,21.20492],[104.12048,21.20504],[104.12051,21.20521],[104.12051,21.2053],[104.1205,21.20538],[104.12047,21.20543],[104.12041,21.20549],[104.12031,21.20555],[104.12019,21.20559],[104.12005,21.20561],[104.11988,21.20564],[104.1193,21.20579],[104.11855,21.20601],[104.11416,21.20807],[104.11372,21.20882],[104.11302,21.21068],[104.11298,21.2108],[104.11296,21.21088],[104.11295,21.21106],[104.11295,21.21113],[104.11313,21.21175],[104.11315,21.21179],[104.11318,21.21182],[104.11337,21.21189],[104.11357,21.21192],[104.11368,21.21193],[104.11378,21.21194],[104.1139,21.21193],[104.11403,21.2119],[104.1141,21.21187],[104.11415,21.21184],[104.1142,21.21179],[104.11428,21.21168],[104.11438,21.21156],[104.11446,21.21148],[104.11452,21.21144],[104.11463,21.21138],[104.11476,21.21132],[104.11485,21.2113],[104.11491,21.21131],[104.11502,21.21133],[104.11549,21.21155],[104.11579,21.21175],[104.11584,21.21178],[104.11587,21.21181],[104.11588,21.21184],[104.11589,21.21186],[104.11551,21.21539],[104.11544,21.21558],[104.11524,21.21602],[104.11507,21.21628],[104.11499,21.21637],[104.1149,21.21645],[104.11397,21.2172],[104.11246,21.21741],[104.10841,21.21769],[104.09746,21.21946],[104.09411,21.21712],[104.08631,21.21425],[104.08363,21.21042],[104.08181,21.20888],[104.07539,21.20364],[104.0738,21.20305],[104.07227,21.20435],[104.06919,21.20623],[104.06513,21.20679],[104.06439,21.20732],[104.06216,21.20896],[104.06171,21.21249],[104.05637,21.21524],[104.05157,21.21692],[104.05012,21.22195],[104.04537,21.22359]]]},"properties":{"commune_code":"04105","commune_name":"Xã Mai Sơn","commune_kind":"XA","province_code":"14","province_name":"Tỉnh Sơn La","area_km2":164.4,"valid_from":"16/6/2025","published":"13/07/2025","area_km2_geom":164.31556765531877,"quality_flag":null,"population":52361.0,"population_wp":64667.240873359144,"anchor_ratio":0.8096989958569746,"pop_source":"WORLDPOP2025_ANCHORED_VNSDI","pop_density_ppkm2":318.6612245398229,"n_stations":5,"n_ports":37,"power_kw_site":1382.0,"ports_per_10k_pop":7.066327992207941,"util_mean_port_weighted":0.11564254913214735,"dist_station_m_pop_weighted":2788.819712252237}},{"type":"Feature","geometry":{"type":"Polygon","coordinates":[[[104.04675,21.38174],[104.0455,21.38245],[104.04535,21.38231],[104.0442,21.38034],[104.04432,21.37694],[104.03779,21.37455],[104.03703,21.37511],[104.03516,21.37539],[104.03163,21.37397],[104.02904,21.37246],[104.02644,21.36946],[104.02565,21.36822],[104.02511,21.36714],[104.02497,21.36707],[104.02451,21.36692],[104.01736,21.36576],[104.0206,21.36104],[104.02096,21.36109],[104.02114,21.36112],[104.0212,21.36111],[104.02128,21.36108],[104.02138,21.36103],[104.02147,21.36096],[104.02297,21.3597],[104.02314,21.35953],[104.02592,21.35572],[104.02633,21.35366],[104.02636,21.35349],[104.02638,21.35327],[104.0304,21.3455],[104.03441,21.3402],[104.0357,21.33903],[104.03704,21.33801],[104.04064,21.33546],[104.04215,21.33513],[104.046,21.33419],[104.04875,21.33277],[104.05002,21.33189],[104.05052,21.33152],[104.05069,21.33138],[104.05256,21.32963],[104.05266,21.32953],[104.0528,21.32937],[104.0537,21.32831],[104.05383,21.32812],[104.05389,21.32798],[104.05391,21.32786],[104.05391,21.32776],[104.05384,21.32754],[104.05989,21.31908],[104.06084,21.31784],[104.06211,21.31627],[104.06705,21.30906],[104.06909,21.30576],[104.0739,21.30333],[104.07595,21.30154],[104.0774,21.29857],[104.07846,21.29617],[104.07939,21.29336],[104.07935,21.29106],[104.07932,21.29087],[104.0774,21.28487],[104.07892,21.27976],[104.07915,21.27906],[104.08051,21.27714],[104.08055,21.27708],[104.08066,21.277],[104.08557,21.27476],[104.08628,21.27482],[104.08734,21.27496],[104.08885,21.27538],[104.09009,21.27573],[104.09047,21.27589],[104.09059,21.27595],[104.09065,21.27601],[104.09071,21.2761],[104.0908,21.27627],[104.09307,21.28002],[104.09332,21.28039],[104.09392,21.27965],[104.09405,21.27948],[104.09418,21.27924],[104.09415,21.27901],[104.09429,21.27603],[104.09437,21.27487],[104.0944,21.27469],[104.09446,21.27455],[104.09454,21.27438],[104.10131,21.27078],[104.10958,21.26738],[104.10833,21.25422],[104.11738,21.25411],[104.1239,21.25362],[104.12775,21.252],[104.13219,21.24768],[104.13622,21.24357],[104.1367,21.24197],[104.1391,21.23863],[104.14036,21.23693],[104.14048,21.23678],[104.14058,21.23681],[104.14157,21.23726],[104.14845,21.24158],[104.14929,21.24828],[104.14882,21.24955],[104.14862,21.25127],[104.14861,21.25137],[104.14861,21.25145],[104.14862,21.25151],[104.14864,21.25156],[104.14866,21.2516],[104.14876,21.25175],[104.14891,21.25196],[104.15081,21.25452],[104.15309,21.25672],[104.15623,21.25957],[104.15522,21.26457],[104.15347,21.26791],[104.15403,21.27226],[104.15512,21.27919],[104.15553,21.28039],[104.15688,21.28403],[104.15814,21.28517],[104.1606,21.28644],[104.16773,21.29203],[104.17149,21.29522],[104.17646,21.29589],[104.1766,21.29554],[104.17669,21.2954],[104.1768,21.29531],[104.17706,21.29518],[104.17803,21.29485],[104.17814,21.29482],[104.17825,21.29481],[104.1785,21.29484],[104.17921,21.29493],[104.17953,21.29498],[104.18035,21.29511],[104.18424,21.29918],[104.18792,21.30183],[104.18905,21.30252],[104.18939,21.30264],[104.18961,21.30271],[104.19164,21.30336],[104.19202,21.30347],[104.19225,21.3035],[104.19443,21.30685],[104.19508,21.30997],[104.19004,21.31223],[104.1813,21.31721],[104.17512,21.32203],[104.1721,21.32655],[104.16984,21.33349],[104.16864,21.33935],[104.16867,21.34165],[104.16943,21.34425],[104.16954,21.34464],[104.17155,21.34854],[104.17329,21.34996],[104.17463,21.35104],[104.1763,21.35304],[104.17673,21.35503],[104.17672,21.35506],[104.17645,21.35668],[104.17599,21.35737],[104.17422,21.35999],[104.17421,21.36001],[104.17204,21.36363],[104.17016,21.36676],[104.16719,21.36336],[104.16645,21.36252],[104.16481,21.36031],[104.16337,21.35837],[104.16043,21.35882],[104.1574,21.35964],[104.15095,21.35907],[104.13838,21.3547],[104.13185,21.34406],[104.1303,21.34124],[104.12988,21.34044],[104.12826,21.33706],[104.12762,21.33545],[104.12758,21.33417],[104.13209,21.32423],[104.13482,21.32212],[104.13524,21.31645],[104.1347,21.31124],[104.13355,21.30949],[104.13144,21.31107],[104.1298,21.31347],[104.12969,21.31357],[104.12052,21.31694],[104.11446,21.32042],[104.11252,21.32447],[104.10845,21.32295],[104.10436,21.32187],[104.10041,21.32096],[104.09566,21.32322],[104.09424,21.32392],[104.09078,21.32562],[104.08815,21.32798],[104.08543,21.33255],[104.08042,21.3375],[104.07499,21.34366],[104.07363,21.34597],[104.07061,21.35175],[104.06838,21.35586],[104.0611,21.36467],[104.05591,21.36952],[104.05405,21.37066],[104.05245,21.37233],[104.05234,21.37257],[104.05227,21.37284],[104.0519,21.3745],[104.05171,21.37549],[104.05199,21.37701],[104.05194,21.37711],[104.05065,21.37888],[104.05046,21.3791],[104.04675,21.38174]]]},"properties":{"commune_code":"04108","commune_name":"Xã Chiềng Sung","commune_kind":"XA","province_code":"14","province_name":"Tỉnh Sơn La","area_km2":109.28,"valid_from":"16/6/2025","published":"13/07/2025","area_km2_geom":108.91225967793997,"quality_flag":null,"population":14170.999999999998,"population_wp":13739.861238144338,"anchor_ratio":1.0313786838442547,"pop_source":"WORLDPOP2025_ANCHORED_VNSDI","pop_density_ppkm2":130.11391042573615,"n_stations":0,"n_ports":0,"power_kw_site":0.0,"ports_per_10k_pop":0.0,"util_mean_port_weighted":null,"dist_station_m_pop_weighted":17212.3283618791}},{"type":"Feature","geometry":{"type":"Polygon","coordinates":[[[103.83822,21.27492],[103.83503,21.27627],[103.83354,21.27432],[103.83252,21.27161],[103.83228,21.26841],[103.82858,21.26229],[103.82569,21.26027],[103.82454,21.25986],[103.82145,21.25916],[103.81859,21.25799],[103.81582,21.25564],[103.81495,21.25381],[103.81436,21.25126],[103.8153,21.24893],[103.81668,21.24783],[103.8177,21.24454],[103.81773,21.24189],[103.81684,21.23848],[103.81662,21.23647],[103.81854,21.23074],[103.81947,21.22412],[103.81983,21.21405],[103.81777,21.21062],[103.81512,21.2045],[103.81448,21.20223],[103.81934,21.20124],[103.82215,21.20077],[103.8227,21.20055],[103.82332,21.20013],[103.82353,21.19999],[103.83227,21.19264],[103.83792,21.18678],[103.84073,21.18288],[103.84584,21.17895],[103.85187,21.17572],[103.85942,21.17282],[103.8641,21.1698],[103.86687,21.16669],[103.86804,21.16565],[103.86868,21.16525],[103.86952,21.16485],[103.86969,21.16479],[103.86997,21.16471],[103.8701,21.16469],[103.871,21.16455],[103.87184,21.16453],[103.87294,21.16453],[103.87716,21.16464],[103.87926,21.16519],[103.87941,21.16525],[103.87947,21.16528],[103.8796,21.16536],[103.88097,21.16621],[103.88122,21.16641],[103.8846,21.1667],[103.89401,21.16614],[103.89541,21.16464],[103.89599,21.16403],[103.89654,21.16372],[103.89767,21.16339],[103.89825,21.1637],[103.89938,21.16505],[103.89946,21.16532],[103.89998,21.16658],[103.90003,21.16668],[103.90007,21.16674],[103.90052,21.16725],[103.90135,21.16804],[103.9031,21.16923],[103.90321,21.16927],[103.90334,21.16932],[103.90388,21.16947],[103.90435,21.16957],[103.90463,21.16963],[103.9048,21.16966],[103.9049,21.16968],[103.90505,21.16968],[103.90516,21.16964],[103.90535,21.16953],[103.90549,21.1694],[103.90581,21.1692],[103.90606,21.16911],[103.90637,21.169],[103.90643,21.16899],[103.90725,21.16889],[103.90836,21.16888],[103.90919,21.16907],[103.91274,21.17072],[103.91299,21.17085],[103.91335,21.17121],[103.91341,21.17129],[103.91826,21.17721],[103.92118,21.18045],[103.92497,21.18462],[103.92618,21.18484],[103.92788,21.18557],[103.93028,21.18674],[103.93129,21.18724],[103.93146,21.18734],[103.9317,21.18758],[103.93189,21.18778],[103.93196,21.18786],[103.93253,21.18886],[103.93275,21.18927],[103.93283,21.18947],[103.93302,21.19043],[103.93939,21.19897],[103.9432,21.20455],[103.93988,21.2112],[103.93085,21.21989],[103.92736,21.22225],[103.92398,21.22441],[103.92078,21.22653],[103.91838,21.22894],[103.91828,21.22907],[103.91451,21.23421],[103.913,21.23566],[103.90751,21.24002],[103.9034,21.24325],[103.90058,21.24581],[103.8995,21.24735],[103.89913,21.24842],[103.89738,21.24903],[103.8958,21.24945],[103.88928,21.24836],[103.88714,21.24767],[103.88578,21.24618],[103.88071,21.24526],[103.88064,21.24532],[103.8802,21.24574],[103.88005,21.24597],[103.87991,21.2463],[103.87563,21.25044],[103.87112,21.25367],[103.86385,21.2583],[103.85789,21.26326],[103.85651,21.26495],[103.85542,21.26678],[103.85437,21.2687],[103.85397,21.26961],[103.84507,21.27475],[103.83948,21.2747],[103.83822,21.27492]]]},"properties":{"commune_code":"04117","commune_name":"Xã Mường Chanh","commune_kind":"XA","province_code":"14","province_name":"Tỉnh Sơn La","area_km2":101.47,"valid_from":"16/6/2025","published":"13/07/2025","area_km2_geom":101.28733456554575,"quality_flag":null,"population":11275.0,"population_wp":7493.57109080255,"anchor_ratio":1.5046230780193297,"pop_source":"WORLDPOP2025_ANCHORED_VNSDI","pop_density_ppkm2":111.31697806406038,"n_stations":0,"n_ports":0,"power_kw_site":0.0,"ports_per_10k_pop":0.0,"util_mean_port_weighted":null,"dist_station_m_pop_weighted":17370.714472820255}},{"type":"Feature","geometry":{"type":"Polygon","coordinates":[[[104.0206,21.36104],[104.01736,21.36576],[104.01449,21.35938],[104.01344,21.35728],[104.01313,21.35685],[104.01227,21.35602],[104.00984,21.35622],[104.00757,21.35631],[104.00184,21.35649],[104.00115,21.35648],[104.00215,21.35286],[104.00314,21.34963],[104.00421,21.34834],[104.00747,21.34414],[104.00747,21.34405],[104.00748,21.34392],[104.00733,21.34318],[104.00695,21.34242],[104.00654,21.3418],[104.00543,21.34068],[104.00502,21.34027],[104.00339,21.3395],[104.0024,21.33907],[104.00189,21.33889],[103.99961,21.33839],[103.99887,21.33907],[103.99491,21.33821],[103.99188,21.33434],[103.9921,21.33173],[103.9947,21.32785],[103.9972,21.32539],[103.99798,21.32548],[103.99841,21.32544],[103.99862,21.32533],[103.99873,21.32526],[103.99882,21.32518],[104.00029,21.32357],[104.0003,21.32257],[103.99967,21.32054],[103.99951,21.32013],[103.9994,21.3199],[103.99861,21.31876],[103.99843,21.31851],[103.99794,21.31796],[103.9976,21.31766],[103.99726,21.3175],[103.996,21.31711],[103.99484,21.31699],[103.99549,21.31243],[103.99964,21.30598],[104.00276,21.30537],[104.0031,21.30552],[104.00364,21.30562],[104.00503,21.30555],[104.00589,21.30526],[104.00629,21.305],[104.00813,21.30335],[104.00919,21.30107],[104.00659,21.29689],[104.00503,21.2944],[104.00173,21.29194],[104.00135,21.29151],[104.00125,21.29137],[104.00126,21.29123],[104.00133,21.29106],[104.00147,21.29069],[104.00435,21.28631],[104.01214,21.27584],[104.01501,21.27586],[104.01552,21.27571],[104.01604,21.27551],[104.01789,21.27467],[104.0203,21.27351],[104.02041,21.27338],[104.02041,21.27317],[104.02412,21.26608],[104.02891,21.2595],[104.02892,21.25858],[104.02856,21.25743],[104.02736,21.25621],[104.02721,21.25608],[104.02641,21.25563],[104.02577,21.25528],[104.02117,21.25258],[104.01922,21.25098],[104.016,21.24832],[104.01172,21.24976],[104.00985,21.25445],[104.00402,21.25928],[103.9993,21.25788],[103.99897,21.25757],[103.99801,21.25691],[103.99741,21.2565],[103.99711,21.2563],[103.99294,21.25677],[103.98742,21.25915],[103.98193,21.25947],[103.98112,21.26193],[103.98005,21.26315],[103.97866,21.26344],[103.97674,21.26294],[103.97371,21.25993],[103.97147,21.25908],[103.96691,21.26004],[103.96268,21.26031],[103.95856,21.25569],[103.95788,21.25352],[103.95697,21.25119],[103.95517,21.24789],[103.95336,21.24601],[103.95616,21.24394],[103.96413,21.23835],[103.96747,21.23635],[103.97289,21.23389],[103.97833,21.2314],[103.97842,21.23128],[103.97847,21.23116],[103.97851,21.23076],[103.97852,21.23044],[103.97836,21.22915],[103.97802,21.22828],[103.98174,21.22331],[103.99259,21.21723],[103.99742,21.21479],[104.00079,21.21446],[104.00338,21.21436],[104.00785,21.21213],[104.00942,21.21102],[104.01061,21.21013],[104.01162,21.20881],[104.01524,21.20482],[104.02208,21.19838],[104.02433,21.19297],[104.02743,21.1905],[104.02853,21.18888],[104.02888,21.18947],[104.02965,21.1903],[104.03028,21.19093],[104.03104,21.19163],[104.03115,21.19173],[104.033,21.19335],[104.03852,21.19976],[104.04286,21.20085],[104.04139,21.20338],[104.03937,21.20531],[104.04273,21.21258],[104.03904,21.21519],[104.03903,21.2152],[104.04012,21.21875],[104.04158,21.22351],[104.04214,21.22387],[104.0444,21.22525],[104.04491,21.22531],[104.04537,21.22359],[104.05012,21.22195],[104.05157,21.21692],[104.05637,21.21524],[104.06171,21.21249],[104.06216,21.20896],[104.06439,21.20732],[104.06513,21.20679],[104.06919,21.20623],[104.07227,21.20435],[104.0738,21.20305],[104.07539,21.20364],[104.08181,21.20888],[104.08363,21.21042],[104.08631,21.21425],[104.09411,21.21712],[104.09392,21.21717],[104.09369,21.21724],[104.09348,21.21732],[104.09335,21.21738],[104.09269,21.21777],[104.09254,21.21788],[104.09241,21.21798],[104.09234,21.21811],[104.09228,21.21827],[104.09219,21.21878],[104.09218,21.21892],[104.09218,21.21906],[104.09224,21.22153],[104.09858,21.22405],[104.10149,21.22695],[104.10288,21.22875],[104.10462,21.23788],[104.10471,21.23864],[104.10467,21.2388],[104.10409,21.23998],[104.10345,21.24121],[104.10264,21.24258],[104.10574,21.24903],[104.10833,21.25422],[104.10958,21.26738],[104.10131,21.27078],[104.09454,21.27438],[104.09446,21.27455],[104.0944,21.27469],[104.09437,21.27487],[104.09429,21.27603],[104.09415,21.27901],[104.09418,21.27924],[104.09405,21.27948],[104.09392,21.27965],[104.09332,21.28039],[104.09307,21.28002],[104.0908,21.27627],[104.09071,21.2761],[104.09065,21.27601],[104.09059,21.27595],[104.09047,21.27589],[104.09009,21.27573],[104.08885,21.27538],[104.08734,21.27496],[104.08628,21.27482],[104.08557,21.27476],[104.08066,21.277],[104.08055,21.27708],[104.08051,21.27714],[104.07915,21.27906],[104.07892,21.27976],[104.0774,21.28487],[104.07932,21.29087],[104.07935,21.29106],[104.07939,21.29336],[104.07846,21.29617],[104.0774,21.29857],[104.07595,21.30154],[104.0739,21.30333],[104.06909,21.30576],[104.06705,21.30906],[104.06211,21.31627],[104.06084,21.31784],[104.05989,21.31908],[104.05384,21.32754],[104.05391,21.32776],[104.05391,21.32786],[104.05389,21.32798],[104.05383,21.32812],[104.0537,21.32831],[104.0528,21.32937],[104.05266,21.32953],[104.05256,21.32963],[104.05069,21.33138],[104.05052,21.33152],[104.05002,21.33189],[104.04875,21.33277],[104.046,21.33419],[104.04215,21.33513],[104.04064,21.33546],[104.03704,21.33801],[104.0357,21.33903],[104.03441,21.3402],[104.0304,21.3455],[104.02638,21.35327],[104.02636,21.35349],[104.02633,21.35366],[104.02592,21.35572],[104.02314,21.35953],[104.02297,21.3597],[104.02147,21.36096],[104.02138,21.36103],[104.02128,21.36108],[104.0212,21.36111],[104.02114,21.36112],[104.02096,21.36109],[104.0206,21.36104]]]},"properties":{"commune_code":"04123","commune_name":"Xã Chiềng Mung","commune_kind":"XA","province_code":"14","province_name":"Tỉnh Sơn La","area_km2":142.14,"valid_from":"16/6/2025","published":"13/07/2025","area_km2_geom":141.6661642764431,"quality_flag":null,"population":27797.0,"population_wp":35421.700289011,"anchor_ratio":0.7847449380803315,"pop_source":"WORLDPOP2025_ANCHORED_VNSDI","pop_density_ppkm2":196.2148134804989,"n_stations":1,"n_ports":4,"power_kw_site":63.5,"ports_per_10k_pop":1.4390042090873116,"util_mean_port_weighted":0.10418552036199095,"dist_station_m_pop_weighted":4506.296370498441}},{"type":"Feature","geometry":{"type":"Polygon","coordinates":[[[103.95388,21.27595],[103.95358,21.27614],[103.95251,21.27578],[103.94968,21.2729],[103.94799,21.27107],[103.94792,21.27098],[103.94785,21.27095],[103.94773,21.27093],[103.94707,21.27111],[103.94706,21.27112],[103.94651,21.27144],[103.94618,21.27195],[103.94579,21.27316],[103.94552,21.27308],[103.94378,21.27194],[103.94102,21.26964],[103.93907,21.26825],[103.93799,21.26757],[103.93779,21.26767],[103.93743,21.26795],[103.93704,21.26936],[103.9363,21.27086],[103.93516,21.27199],[103.9349,21.27214],[103.93292,21.27229],[103.93286,21.27228],[103.92536,21.27105],[103.92289,21.26926],[103.91709,21.26359],[103.913,21.26216],[103.90699,21.25909],[103.90223,21.25666],[103.90081,21.25665],[103.90072,21.25633],[103.90009,21.25396],[103.89963,21.25211],[103.89913,21.24842],[103.8995,21.24735],[103.90058,21.24581],[103.9034,21.24325],[103.90751,21.24002],[103.913,21.23566],[103.91451,21.23421],[103.91828,21.22907],[103.91838,21.22894],[103.92078,21.22653],[103.92398,21.22441],[103.92736,21.22225],[103.93085,21.21989],[103.93988,21.2112],[103.9432,21.20455],[103.93939,21.19897],[103.93302,21.19043],[103.93283,21.18947],[103.93275,21.18927],[103.93253,21.18886],[103.93196,21.18786],[103.93189,21.18778],[103.9317,21.18758],[103.93146,21.18734],[103.93129,21.18724],[103.93028,21.18674],[103.92788,21.18557],[103.92618,21.18484],[103.92497,21.18462],[103.92118,21.18045],[103.91826,21.17721],[103.91341,21.17129],[103.91335,21.17121],[103.91299,21.17085],[103.91274,21.17072],[103.90919,21.16907],[103.90836,21.16888],[103.90725,21.16889],[103.90643,21.16899],[103.90637,21.169],[103.90606,21.16911],[103.90581,21.1692],[103.90549,21.1694],[103.90535,21.16953],[103.90516,21.16964],[103.90505,21.16968],[103.9049,21.16968],[103.9048,21.16966],[103.90463,21.16963],[103.90435,21.16957],[103.90388,21.16947],[103.90334,21.16932],[103.90321,21.16927],[103.9031,21.16923],[103.90135,21.16804],[103.90052,21.16725],[103.90007,21.16674],[103.90003,21.16668],[103.89998,21.16658],[103.89946,21.16532],[103.89938,21.16505],[103.90333,21.16342],[103.90965,21.16222],[103.91191,21.16151],[103.91416,21.16077],[103.91663,21.15929],[103.91848,21.15746],[103.92088,21.15425],[103.9211,21.15386],[103.92153,21.15291],[103.92153,21.1528],[103.92149,21.15244],[103.92143,21.15232],[103.92153,21.15026],[103.92164,21.14873],[103.92185,21.14642],[103.92229,21.14319],[103.92235,21.14298],[103.92242,21.14277],[103.92256,21.14243],[103.92282,21.14202],[103.92344,21.14154],[103.92354,21.14147],[103.92364,21.14142],[103.92433,21.1412],[103.92557,21.14094],[103.92648,21.14079],[103.92851,21.14099],[103.92861,21.14105],[103.92932,21.14153],[103.93197,21.1414],[103.93218,21.14136],[103.93288,21.14118],[103.93302,21.14099],[103.9337,21.14004],[103.93415,21.1394],[103.93458,21.13867],[103.93476,21.13852],[103.93486,21.13844],[103.93605,21.13794],[103.93703,21.13774],[103.94342,21.13657],[103.94674,21.13627],[103.94832,21.13639],[103.94844,21.13641],[103.94856,21.13645],[103.94905,21.1366],[103.94938,21.13677],[103.95024,21.13726],[103.95237,21.13872],[103.95769,21.13864],[103.96664,21.13482],[103.96683,21.13472],[103.96792,21.13376],[103.97022,21.12872],[103.97095,21.12461],[103.97127,21.12339],[103.97191,21.12147],[103.97256,21.12117],[103.97403,21.12056],[103.97506,21.12015],[103.97552,21.11997],[103.97653,21.1203],[103.97695,21.12089],[103.98074,21.12179],[103.98679,21.12073],[103.98775,21.12026],[103.98816,21.11989],[103.98874,21.11929],[103.98878,21.11918],[103.9888,21.11903],[103.98879,21.11857],[103.98874,21.11811],[103.9887,21.11794],[103.98864,21.11778],[103.98849,21.11762],[103.9883,21.11748],[103.98798,21.11738],[103.9875,21.11724],[103.98732,21.11712],[103.98724,21.11702],[103.98722,21.11691],[103.98716,21.11659],[103.98718,21.11618],[103.98723,21.11593],[103.98727,21.11575],[103.98732,21.11571],[103.98819,21.11495],[103.98878,21.11457],[103.98924,21.11428],[103.98945,21.11423],[103.99018,21.11412],[103.99044,21.1141],[103.99102,21.11407],[103.99124,21.11407],[103.99149,21.11412],[103.99284,21.11452],[103.99311,21.11461],[103.99368,21.11484],[103.995,21.11574],[103.99648,21.11676],[103.99927,21.12053],[104.00001,21.1226],[104.00112,21.12503],[104.00592,21.1289],[104.01254,21.12906],[104.0146,21.12715],[104.01894,21.12364],[104.02392,21.1207],[104.03287,21.11567],[104.03533,21.10945],[104.03508,21.10931],[104.03473,21.10909],[104.03468,21.10896],[104.03532,21.10834],[104.03735,21.10649],[104.04269,21.10368],[104.04369,21.10336],[104.04821,21.10349],[104.05308,21.10615],[104.05446,21.10687],[104.05619,21.1061],[104.05711,21.10503],[104.05742,21.10499],[104.05886,21.10576],[104.06129,21.10778],[104.06289,21.10971],[104.06519,21.11412],[104.06524,21.11431],[104.06544,21.11582],[104.06513,21.11704],[104.06388,21.11771],[104.0623,21.11845],[104.05987,21.12103],[104.06009,21.12476],[104.06054,21.12704],[104.06059,21.12713],[104.06089,21.12744],[104.06262,21.12861],[104.06507,21.13349],[104.06579,21.13656],[104.06534,21.13709],[104.06428,21.13801],[104.06285,21.13808],[104.06144,21.13806],[104.06126,21.13796],[104.06112,21.13789],[104.06089,21.1378],[104.06062,21.13771],[104.06051,21.13768],[104.0604,21.13767],[104.06028,21.1377],[104.06017,21.13776],[104.06007,21.13785],[104.05905,21.13869],[104.05827,21.13935],[104.0578,21.13975],[104.05747,21.14021],[104.05737,21.14052],[104.05756,21.14191],[104.05823,21.14418],[104.05875,21.14557],[104.05391,21.14858],[104.05027,21.1515],[104.05022,21.15347],[104.04903,21.15528],[104.04768,21.15626],[104.04519,21.15794],[104.04372,21.15882],[104.03549,21.16394],[104.03285,21.1651],[104.02449,21.16682],[104.02223,21.16851],[104.02084,21.17011],[104.01863,21.17331],[104.01861,21.17371],[104.01929,21.1754],[104.02029,21.17762],[104.0233,21.18219],[104.02344,21.18239],[104.02387,21.18302],[104.02421,21.18335],[104.0246,21.18364],[104.02516,21.184],[104.0258,21.18435],[104.02604,21.1845],[104.02632,21.18474],[104.02661,21.18506],[104.02695,21.18546],[104.02812,21.18689],[104.0284,21.18737],[104.02861,21.18787],[104.02869,21.18817],[104.02869,21.18826],[104.02865,21.18842],[104.02853,21.18888],[104.02743,21.1905],[104.02433,21.19297],[104.02208,21.19838],[104.01524,21.20482],[104.01162,21.20881],[104.01061,21.21013],[104.00942,21.21102],[104.00785,21.21213],[104.00338,21.21436],[104.00079,21.21446],[103.99742,21.21479],[103.99259,21.21723],[103.98174,21.22331],[103.97802,21.22828],[103.97836,21.22915],[103.97852,21.23044],[103.97851,21.23076],[103.97847,21.23116],[103.97842,21.23128],[103.97833,21.2314],[103.97289,21.23389],[103.96747,21.23635],[103.96413,21.23835],[103.95616,21.24394],[103.95336,21.24601],[103.95517,21.24789],[103.95697,21.25119],[103.95788,21.25352],[103.95856,21.25569],[103.96268,21.26031],[103.96691,21.26004],[103.96703,21.26291],[103.96674,21.26364],[103.96557,21.26656],[103.96369,21.26802],[103.96342,21.26802],[103.96314,21.26804],[103.96292,21.26807],[103.96259,21.26815],[103.96246,21.26822],[103.96206,21.26845],[103.96017,21.26953],[103.95739,21.27232],[103.95388,21.27595]]]},"properties":{"commune_code":"04132","commune_name":"Xã Chiềng Mai","commune_kind":"XA","province_code":"14","province_name":"Tỉnh Sơn La","area_km2":151.85,"valid_from":"16/6/2025","published":"13/07/2025","area_km2_geom":151.83655454981826,"quality_flag":null,"population":23786.0,"population_wp":19346.673424758017,"anchor_ratio":1.2294620102265725,"pop_source":"WORLDPOP2025_ANCHORED_VNSDI","pop_density_ppkm2":156.65529338783637,"n_stations":0,"n_ports":0,"power_kw_site":0.0,"ports_per_10k_pop":0.0,"util_mean_port_weighted":null,"dist_station_m_pop_weighted":9431.455843887234}},{"type":"Feature","geometry":{"type":"Polygon","coordinates":[[[104.19743,21.30891],[104.19508,21.30997],[104.19443,21.30685],[104.19225,21.3035],[104.19202,21.30347],[104.19164,21.30336],[104.18961,21.30271],[104.18939,21.30264],[104.18905,21.30252],[104.18792,21.30183],[104.18424,21.29918],[104.18035,21.29511],[104.17953,21.29498],[104.17921,21.29493],[104.1785,21.29484],[104.17825,21.29481],[104.17814,21.29482],[104.17803,21.29485],[104.17706,21.29518],[104.1768,21.29531],[104.17669,21.2954],[104.1766,21.29554],[104.17646,21.29589],[104.17149,21.29522],[104.16773,21.29203],[104.1606,21.28644],[104.15814,21.28517],[104.15688,21.28403],[104.15553,21.28039],[104.15512,21.27919],[104.15403,21.27226],[104.15347,21.26791],[104.15522,21.26457],[104.15623,21.25957],[104.15309,21.25672],[104.15081,21.25452],[104.14891,21.25196],[104.14876,21.25175],[104.14866,21.2516],[104.14864,21.25156],[104.14862,21.25151],[104.14861,21.25145],[104.14861,21.25137],[104.14862,21.25127],[104.14882,21.24955],[104.14929,21.24828],[104.14845,21.24158],[104.14157,21.23726],[104.14058,21.23681],[104.14048,21.23678],[104.14036,21.23693],[104.1391,21.23863],[104.1367,21.24197],[104.13622,21.24357],[104.13219,21.24768],[104.12775,21.252],[104.1239,21.25362],[104.11738,21.25411],[104.10833,21.25422],[104.10574,21.24903],[104.10264,21.24258],[104.10345,21.24121],[104.10409,21.23998],[104.10467,21.2388],[104.10471,21.23864],[104.10462,21.23788],[104.10288,21.22875],[104.10149,21.22695],[104.09858,21.22405],[104.09224,21.22153],[104.09218,21.21906],[104.09218,21.21892],[104.09219,21.21878],[104.09228,21.21827],[104.09234,21.21811],[104.09241,21.21798],[104.09254,21.21788],[104.09269,21.21777],[104.09335,21.21738],[104.09348,21.21732],[104.09369,21.21724],[104.09392,21.21717],[104.09411,21.21712],[104.09746,21.21946],[104.10841,21.21769],[104.11246,21.21741],[104.11397,21.2172],[104.1149,21.21645],[104.11499,21.21637],[104.11507,21.21628],[104.11524,21.21602],[104.11544,21.21558],[104.11551,21.21539],[104.11589,21.21186],[104.11588,21.21184],[104.11587,21.21181],[104.11584,21.21178],[104.11579,21.21175],[104.11549,21.21155],[104.11502,21.21133],[104.11491,21.21131],[104.11485,21.2113],[104.11476,21.21132],[104.11463,21.21138],[104.11452,21.21144],[104.11446,21.21148],[104.11438,21.21156],[104.11428,21.21168],[104.1142,21.21179],[104.11415,21.21184],[104.1141,21.21187],[104.11403,21.2119],[104.1139,21.21193],[104.11378,21.21194],[104.11368,21.21193],[104.11357,21.21192],[104.11337,21.21189],[104.11318,21.21182],[104.11315,21.21179],[104.11313,21.21175],[104.11295,21.21113],[104.11295,21.21106],[104.11296,21.21088],[104.11298,21.2108],[104.11302,21.21068],[104.11372,21.20882],[104.11416,21.20807],[104.11855,21.20601],[104.1193,21.20579],[104.11988,21.20564],[104.12005,21.20561],[104.12019,21.20559],[104.12031,21.20555],[104.12041,21.20549],[104.12047,21.20543],[104.1205,21.20538],[104.12051,21.2053],[104.12051,21.20521],[104.12048,21.20504],[104.12044,21.20492],[104.12002,21.2042],[104.11989,21.20404],[104.11953,21.20369],[104.11775,21.20213],[104.11621,21.20106],[104.11242,21.20007],[104.11181,21.19902],[104.11173,21.19883],[104.1112,21.1974],[104.11502,21.19566],[104.11863,21.19316],[104.12157,21.19037],[104.12508,21.18576],[104.12689,21.1841],[104.12995,21.18392],[104.13209,21.17913],[104.13211,21.1791],[104.13601,21.18144],[104.13593,21.18167],[104.13587,21.18176],[104.13581,21.18184],[104.13743,21.18475],[104.14187,21.19202],[104.14937,21.19502],[104.15252,21.19975],[104.15283,21.20157],[104.15763,21.20258],[104.15784,21.20259],[104.15799,21.20257],[104.15827,21.20251],[104.15847,21.20243],[104.15919,21.2021],[104.1593,21.20203],[104.15947,21.20191],[104.15968,21.20172],[104.15992,21.20143],[104.16024,21.20105],[104.16031,21.20096],[104.16033,21.20085],[104.16029,21.20052],[104.16265,21.20011],[104.16592,21.20081],[104.17017,21.20267],[104.17265,21.20249],[104.17886,21.20105],[104.18038,21.20034],[104.18295,21.19811],[104.18725,21.19323],[104.19337,21.18917],[104.20223,21.18502],[104.20923,21.18471],[104.2095,21.18477],[104.20964,21.18477],[104.20985,21.18472],[104.21071,21.18449],[104.21435,21.18156],[104.21641,21.17979],[104.21677,21.1794],[104.21703,21.1789],[104.21976,21.17954],[104.22083,21.17995],[104.22261,21.1813],[104.22547,21.18444],[104.22664,21.18601],[104.22398,21.19024],[104.22245,21.19225],[104.22157,21.19266],[104.2213,21.19267],[104.22146,21.19428],[104.22237,21.19556],[104.22358,21.19689],[104.22938,21.20076],[104.23576,21.20579],[104.23808,21.20805],[104.24162,21.20977],[104.24578,21.21142],[104.24715,21.21025],[104.2497,21.21074],[104.25412,21.21419],[104.25473,21.2153],[104.25567,21.21803],[104.25639,21.22229],[104.25836,21.22252],[104.25898,21.22205],[104.25925,21.22185],[104.25929,21.22178],[104.25936,21.22143],[104.26017,21.22033],[104.2614,21.21864],[104.26226,21.21787],[104.26342,21.21682],[104.26616,21.2152],[104.2665,21.21503],[104.2752,21.21388],[104.27629,21.21629],[104.27727,21.21891],[104.27776,21.22132],[104.27824,21.22469],[104.28001,21.22922],[104.28157,21.23095],[104.28252,21.23202],[104.28801,21.23678],[104.29114,21.23948],[104.2834,21.24811],[104.27019,21.25703],[104.26199,21.25953],[104.25493,21.26067],[104.25104,21.26129],[104.25092,21.26131],[104.24242,21.26647],[104.24093,21.26738],[104.22678,21.28096],[104.22661,21.28112],[104.22308,21.28451],[104.21639,21.29006],[104.21311,21.29278],[104.20798,21.29746],[104.20655,21.29972],[104.20436,21.30319],[104.2015,21.30726],[104.19743,21.30891]]]},"properties":{"commune_code":"04136","commune_name":"Xã Tà Hộc","commune_kind":"XA","province_code":"14","province_name":"Tỉnh Sơn La","area_km2":149.56,"valid_from":"16/6/2025","published":"13/07/2025","area_km2_geom":148.9514350351126,"quality_flag":null,"population":13692.000000000002,"population_wp":13636.2724869214,"anchor_ratio":1.0040867116092063,"pop_source":"WORLDPOP2025_ANCHORED_VNSDI","pop_density_ppkm2":91.92257863626732,"n_stations":0,"n_ports":0,"power_kw_site":0.0,"ports_per_10k_pop":0.0,"util_mean_port_weighted":null,"dist_station_m_pop_weighted":11686.479187457358}},{"type":"Feature","geometry":{"type":"Polygon","coordinates":[[[103.74656,21.25589],[103.74619,21.2559],[103.74121,21.25067],[103.73721,21.24474],[103.73647,21.24364],[103.72747,21.23111],[103.72556,21.22846],[103.7226,21.22375],[103.71977,21.21873],[103.71947,21.2169],[103.71871,21.21463],[103.71731,21.21105],[103.71627,21.20964],[103.71608,21.20944],[103.71121,21.2047],[103.71118,21.20468],[103.71055,21.20432],[103.70987,21.20407],[103.70338,21.20052],[103.70063,21.1989],[103.6971,21.19564],[103.69709,21.18548],[103.6982,21.18348],[103.70092,21.18133],[103.70194,21.18066],[103.70434,21.18056],[103.70748,21.18075],[103.70932,21.18027],[103.71288,21.17756],[103.71431,21.17668],[103.71627,21.17575],[103.72496,21.17171],[103.72995,21.16953],[103.73388,21.16796],[103.73632,21.16646],[103.74172,21.16255],[103.74653,21.1585],[103.74748,21.15732],[103.74801,21.15623],[103.74991,21.15193],[103.75113,21.14803],[103.75113,21.14593],[103.75147,21.14467],[103.75268,21.14298],[103.75496,21.14031],[103.75619,21.139],[103.75648,21.13811],[103.75906,21.13546],[103.76223,21.13248],[103.7637,21.13139],[103.76552,21.13039],[103.76765,21.12956],[103.77134,21.12707],[103.77259,21.12207],[103.77392,21.11493],[103.774,21.11434],[103.77462,21.11213],[103.77469,21.1119],[103.7751,21.11107],[103.77635,21.10989],[103.77758,21.10921],[103.7788,21.10859],[103.78051,21.10772],[103.7822,21.10681],[103.7853,21.10388],[103.78598,21.10317],[103.78858,21.09989],[103.78981,21.09832],[103.79108,21.09704],[103.79358,21.09479],[103.79512,21.09555],[103.79735,21.0968],[103.79862,21.09622],[103.79877,21.09613],[103.79894,21.09602],[103.80122,21.09313],[103.80175,21.0922],[103.80238,21.08924],[103.80167,21.08864],[103.80091,21.08539],[103.80087,21.08266],[103.80116,21.08193],[103.80205,21.08052],[103.80307,21.07925],[103.80403,21.07816],[103.80544,21.07713],[103.80973,21.07417],[103.81197,21.07468],[103.81576,21.0751],[103.82174,21.07304],[103.82884,21.0707],[103.83168,21.07148],[103.83458,21.0726],[103.83605,21.07261],[103.83759,21.07152],[103.84021,21.06838],[103.84503,21.06426],[103.84692,21.06327],[103.84881,21.06333],[103.85314,21.06312],[103.85503,21.06184],[103.8575,21.05865],[103.86006,21.05747],[103.86138,21.05739],[103.86143,21.0574],[103.86499,21.05846],[103.87118,21.059],[103.87224,21.05871],[103.87379,21.0586],[103.87689,21.05959],[103.88288,21.06154],[103.8873,21.06312],[103.88862,21.06183],[103.8907,21.05876],[103.89055,21.05684],[103.88842,21.05579],[103.89587,21.05297],[103.89982,21.05087],[103.90085,21.05024],[103.90519,21.05222],[103.90501,21.05307],[103.9053,21.05396],[103.9075,21.05687],[103.90772,21.06154],[103.90738,21.06364],[103.90771,21.06708],[103.90773,21.06721],[103.90781,21.0674],[103.90952,21.06963],[103.90943,21.07572],[103.90944,21.08133],[103.92017,21.09067],[103.92188,21.09016],[103.92587,21.08923],[103.92797,21.08893],[103.9322,21.08869],[103.93992,21.08812],[103.94554,21.08664],[103.95011,21.08571],[103.95529,21.08725],[103.96139,21.09123],[103.96641,21.0926],[103.97119,21.0935],[103.97615,21.09684],[103.98024,21.10041],[103.98579,21.10104],[103.98548,21.10436],[103.98564,21.10719],[103.98659,21.11011],[103.98924,21.11428],[103.98878,21.11457],[103.98819,21.11495],[103.98732,21.11571],[103.98727,21.11575],[103.98723,21.11593],[103.98718,21.11618],[103.98716,21.11659],[103.98722,21.11691],[103.98724,21.11702],[103.98732,21.11712],[103.9875,21.11724],[103.98798,21.11738],[103.9883,21.11748],[103.98849,21.11762],[103.98864,21.11778],[103.9887,21.11794],[103.98874,21.11811],[103.98879,21.11857],[103.9888,21.11903],[103.98878,21.11918],[103.98874,21.11929],[103.98816,21.11989],[103.98775,21.12026],[103.98679,21.12073],[103.98074,21.12179],[103.97695,21.12089],[103.97653,21.1203],[103.97552,21.11997],[103.97506,21.12015],[103.97403,21.12056],[103.97256,21.12117],[103.97191,21.12147],[103.97127,21.12339],[103.97095,21.12461],[103.97022,21.12872],[103.96792,21.13376],[103.96683,21.13472],[103.96664,21.13482],[103.95769,21.13864],[103.95237,21.13872],[103.95024,21.13726],[103.94938,21.13677],[103.94905,21.1366],[103.94856,21.13645],[103.94844,21.13641],[103.94832,21.13639],[103.94674,21.13627],[103.94342,21.13657],[103.93703,21.13774],[103.93605,21.13794],[103.93486,21.13844],[103.93476,21.13852],[103.93458,21.13867],[103.93415,21.1394],[103.9337,21.14004],[103.93302,21.14099],[103.93288,21.14118],[103.93218,21.14136],[103.93197,21.1414],[103.92932,21.14153],[103.92861,21.14105],[103.92851,21.14099],[103.92648,21.14079],[103.92557,21.14094],[103.92433,21.1412],[103.92364,21.14142],[103.92354,21.14147],[103.92344,21.14154],[103.92282,21.14202],[103.92256,21.14243],[103.92242,21.14277],[103.92235,21.14298],[103.92229,21.14319],[103.92185,21.14642],[103.92164,21.14873],[103.92153,21.15026],[103.92143,21.15232],[103.92149,21.15244],[103.92153,21.1528],[103.92153,21.15291],[103.9211,21.15386],[103.92088,21.15425],[103.91848,21.15746],[103.91663,21.15929],[103.91416,21.16077],[103.91191,21.16151],[103.90965,21.16222],[103.90333,21.16342],[103.89938,21.16505],[103.89825,21.1637],[103.89767,21.16339],[103.89654,21.16372],[103.89599,21.16403],[103.89541,21.16464],[103.89401,21.16614],[103.8846,21.1667],[103.88122,21.16641],[103.88097,21.16621],[103.8796,21.16536],[103.87947,21.16528],[103.87941,21.16525],[103.87926,21.16519],[103.87716,21.16464],[103.87294,21.16453],[103.87184,21.16453],[103.871,21.16455],[103.8701,21.16469],[103.86997,21.16471],[103.86969,21.16479],[103.86952,21.16485],[103.86868,21.16525],[103.86804,21.16565],[103.86687,21.16669],[103.8641,21.1698],[103.85942,21.17282],[103.85187,21.17572],[103.84584,21.17895],[103.84073,21.18288],[103.83792,21.18678],[103.83227,21.19264],[103.82353,21.19999],[103.82332,21.20013],[103.8227,21.20055],[103.82215,21.20077],[103.81934,21.20124],[103.81448,21.20223],[103.8144,21.20194],[103.81195,21.20242],[103.80949,21.20396],[103.80398,21.20777],[103.79908,21.21151],[103.7969,21.21334],[103.79414,21.21442],[103.78773,21.2154],[103.78493,21.2144],[103.77977,21.21302],[103.77574,21.21222],[103.77421,21.21273],[103.77364,21.21378],[103.77383,21.21598],[103.77335,21.2177],[103.77152,21.22347],[103.77069,21.22595],[103.77006,21.22752],[103.7677,21.2298],[103.76231,21.23368],[103.75683,21.2368],[103.75156,21.23862],[103.74987,21.23985],[103.74782,21.24467],[103.74671,21.24759],[103.74625,21.25183],[103.74649,21.25264],[103.74665,21.25416],[103.74676,21.25532],[103.74674,21.25548],[103.74656,21.25589]]]},"properties":{"commune_code":"04144","commune_name":"Xã Phiêng Cằm","commune_kind":"XA","province_code":"14","province_name":"Tỉnh Sơn La","area_km2":280.33,"valid_from":"16/6/2025","published":"13/07/2025","area_km2_geom":279.26858503340674,"quality_flag":null,"population":14458.999999999998,"population_wp":9017.050075218081,"anchor_ratio":1.6035177668291147,"pop_source":"WORLDPOP2025_ANCHORED_VNSDI","pop_density_ppkm2":51.77453095295477,"n_stations":0,"n_ports":0,"power_kw_site":0.0,"ports_per_10k_pop":0.0,"util_mean_port_weighted":null,"dist_station_m_pop_weighted":26540.291291826903}},{"type":"Feature","geometry":{"type":"Polygon","coordinates":[[[104.10892,21.14947],[104.10889,21.15021],[104.10879,21.1502],[104.10783,21.15006],[104.10374,21.14922],[104.1038,21.1482],[104.10382,21.14811],[104.10385,21.148],[104.10497,21.14679],[104.10608,21.14573],[104.1064,21.14552],[104.10658,21.14536],[104.10684,21.14502],[104.10721,21.14443],[104.10746,21.144],[104.10753,21.14384],[104.10753,21.14384],[104.10772,21.14325],[104.10774,21.14307],[104.10773,21.14303],[104.10748,21.14191],[104.10743,21.14177],[104.10735,21.14166],[104.10613,21.14056],[104.10484,21.13949],[104.09764,21.13398],[104.0933,21.13246],[104.08844,21.13201],[104.08747,21.13239],[104.0804,21.14147],[104.07861,21.14046],[104.0769,21.13959],[104.07466,21.13855],[104.07296,21.13838],[104.07151,21.13889],[104.07018,21.13913],[104.06998,21.13916],[104.06975,21.13917],[104.06941,21.1391],[104.06741,21.138],[104.0667,21.13752],[104.0665,21.13733],[104.0659,21.13673],[104.06584,21.13666],[104.06579,21.13656],[104.06507,21.13349],[104.06262,21.12861],[104.06089,21.12744],[104.06059,21.12713],[104.06054,21.12704],[104.06009,21.12476],[104.05987,21.12103],[104.0623,21.11845],[104.06388,21.11771],[104.06513,21.11704],[104.06544,21.11582],[104.06524,21.11431],[104.06519,21.11412],[104.06289,21.10971],[104.06129,21.10778],[104.05886,21.10576],[104.05742,21.10499],[104.05711,21.10503],[104.05619,21.1061],[104.05446,21.10687],[104.05308,21.10615],[104.04821,21.10349],[104.04369,21.10336],[104.04269,21.10368],[104.03735,21.10649],[104.03532,21.10834],[104.03468,21.10896],[104.03473,21.10909],[104.03508,21.10931],[104.03533,21.10945],[104.03287,21.11567],[104.02392,21.1207],[104.01894,21.12364],[104.0146,21.12715],[104.01254,21.12906],[104.00592,21.1289],[104.00112,21.12503],[104.00001,21.1226],[103.99927,21.12053],[103.99648,21.11676],[103.995,21.11574],[103.99368,21.11484],[103.99311,21.11461],[103.99284,21.11452],[103.99149,21.11412],[103.99124,21.11407],[103.99102,21.11407],[103.99044,21.1141],[103.99018,21.11412],[103.98945,21.11423],[103.98924,21.11428],[103.98659,21.11011],[103.98564,21.10719],[103.98548,21.10436],[103.98579,21.10104],[103.98024,21.10041],[103.97615,21.09684],[103.97119,21.0935],[103.96641,21.0926],[103.96139,21.09123],[103.95529,21.08725],[103.95011,21.08571],[103.94554,21.08664],[103.93992,21.08812],[103.9322,21.08869],[103.92797,21.08893],[103.92587,21.08923],[103.92188,21.09016],[103.92017,21.09067],[103.90944,21.08133],[103.90943,21.07572],[103.90952,21.06963],[103.90781,21.0674],[103.90773,21.06721],[103.90771,21.06708],[103.90738,21.06364],[103.90772,21.06154],[103.9075,21.05687],[103.9053,21.05396],[103.90501,21.05307],[103.90519,21.05222],[103.90546,21.05234],[103.90795,21.05065],[103.91459,21.04548],[103.92142,21.042],[103.92544,21.04099],[103.92898,21.04147],[103.93468,21.04231],[103.93559,21.04249],[103.93955,21.04504],[103.94171,21.04743],[103.94242,21.048],[103.94538,21.05011],[103.9469,21.05098],[103.94869,21.05133],[103.95065,21.05115],[103.95828,21.04917],[103.96239,21.04736],[103.96562,21.04587],[103.96615,21.04524],[103.96648,21.04444],[103.96568,21.04224],[103.96525,21.04002],[103.96518,21.03793],[103.966,21.03511],[103.96633,21.03362],[103.96375,21.02111],[103.96266,21.0191],[103.9615,21.01706],[103.96096,21.01526],[103.96091,21.01339],[103.96116,21.01245],[103.96125,21.01211],[103.96353,21.01149],[103.96439,21.01156],[103.96601,21.0125],[103.96871,21.01359],[103.97036,21.01412],[103.97381,21.01504],[103.97788,21.01571],[103.98177,21.01644],[103.98416,21.01739],[103.9892,21.02006],[103.99135,21.02155],[103.99515,21.02491],[103.99879,21.0278],[104.00064,21.029],[104.00181,21.02918],[104.00302,21.02794],[104.00271,21.02584],[104.00267,21.01826],[104.00589,21.01433],[104.01044,21.00984],[104.01437,21.0096],[104.02362,21.0106],[104.02961,21.0131],[104.02994,21.01316],[104.03035,21.01313],[104.03068,21.01309],[104.03096,21.01304],[104.03184,21.01283],[104.03386,21.01228],[104.03775,21.01064],[104.03667,21.00794],[104.03549,21.0053],[104.03245,20.99811],[104.02952,20.99509],[104.02892,20.99524],[104.02886,20.99519],[104.02888,20.99513],[104.02893,20.99502],[104.02899,20.99491],[104.02907,20.99481],[104.02925,20.99461],[104.02974,20.99414],[104.03105,20.99291],[104.03125,20.99273],[104.03309,20.99107],[104.0335,20.99071],[104.03368,20.99056],[104.03371,20.99053],[104.03392,20.99038],[104.03426,20.99017],[104.03463,20.98997],[104.03859,20.98785],[104.0387,20.98779],[104.03909,20.98759],[104.03941,20.98745],[104.03985,20.98724],[104.04021,20.98708],[104.04357,20.98367],[104.05243,20.97444],[104.05327,20.97281],[104.05356,20.9723],[104.05375,20.97204],[104.05393,20.97185],[104.05404,20.97175],[104.05417,20.97164],[104.05722,20.96938],[104.05827,20.96866],[104.0594,20.96811],[104.06093,20.96749],[104.06165,20.96729],[104.06736,20.96288],[104.0704,20.95911],[104.07129,20.95965],[104.0787,20.96047],[104.08282,20.96088],[104.08741,20.96306],[104.08898,20.96381],[104.09534,20.96869],[104.10044,20.97646],[104.10232,20.97656],[104.10414,20.97667],[104.11081,20.97466],[104.11364,20.97382],[104.1194,20.97204],[104.11934,20.9724],[104.11941,20.97527],[104.11947,20.97599],[104.1196,20.97663],[104.11988,20.97723],[104.12043,20.9781],[104.12124,20.98181],[104.12149,20.98963],[104.12364,20.99257],[104.12494,20.99527],[104.12324,20.99802],[104.12089,21.00089],[104.11856,21.00221],[104.11532,21.00339],[104.11476,21.00396],[104.11568,21.00477],[104.1172,21.00596],[104.11763,21.00629],[104.11918,21.00737],[104.12321,21.00993],[104.12593,21.01203],[104.12673,21.01324],[104.12701,21.01458],[104.12711,21.01481],[104.12744,21.01518],[104.1277,21.01537],[104.13014,21.01706],[104.13191,21.01804],[104.13211,21.0181],[104.13234,21.01815],[104.13373,21.01802],[104.13469,21.01745],[104.13618,21.01618],[104.1394,21.01479],[104.14214,21.01602],[104.14262,21.0165],[104.14365,21.01806],[104.14467,21.01838],[104.14559,21.01857],[104.14643,21.01856],[104.15297,21.0174],[104.15749,21.02244],[104.15918,21.02668],[104.16222,21.03245],[104.16344,21.03352],[104.16561,21.03476],[104.16654,21.03581],[104.16819,21.03921],[104.16885,21.04089],[104.1726,21.04533],[104.17373,21.04667],[104.17769,21.0527],[104.17839,21.05488],[104.17898,21.05877],[104.17958,21.06006],[104.18005,21.06037],[104.1819,21.06061],[104.18713,21.06352],[104.19001,21.0652],[104.19163,21.0657],[104.19543,21.06666],[104.19412,21.06965],[104.19199,21.07453],[104.19007,21.07655],[104.18939,21.0767],[104.18775,21.07706],[104.18554,21.07626],[104.18532,21.07613],[104.18467,21.07583],[104.18458,21.07579],[104.18445,21.07574],[104.18435,21.07572],[104.18395,21.07564],[104.1834,21.07553],[104.18254,21.07545],[104.18015,21.07565],[104.17899,21.07575],[104.17931,21.08025],[104.17582,21.08244],[104.17454,21.08319],[104.17301,21.08413],[104.16905,21.08822],[104.16869,21.08984],[104.16793,21.09128],[104.16757,21.0918],[104.1621,21.0927],[104.16164,21.09297],[104.16106,21.09334],[104.16098,21.09339],[104.16083,21.09355],[104.16076,21.09364],[104.15764,21.09777],[104.1555,21.10273],[104.15229,21.10506],[104.15128,21.11213],[104.1501,21.11477],[104.14892,21.11669],[104.14534,21.12213],[104.14366,21.12294],[104.14266,21.12239],[104.14253,21.12223],[104.1423,21.12196],[104.14222,21.12186],[104.14184,21.12158],[104.14156,21.12138],[104.14128,21.12122],[104.14107,21.12115],[104.14091,21.12111],[104.14083,21.1211],[104.13889,21.12117],[104.13846,21.12121],[104.13803,21.12129],[104.13778,21.12133],[104.13757,21.1214],[104.13739,21.1215],[104.13498,21.12302],[104.13388,21.12426],[104.13262,21.12575],[104.12981,21.12912],[104.12841,21.13167],[104.12675,21.13365],[104.12557,21.13475],[104.12282,21.13727],[104.12242,21.13762],[104.12226,21.13774],[104.1172,21.14142],[104.1122,21.14475],[104.112,21.14473],[104.11164,21.14475],[104.11122,21.14501],[104.11025,21.14588],[104.10978,21.14656],[104.10964,21.14677],[104.10902,21.1481],[104.10893,21.1485],[104.10892,21.14947]]]},"properties":{"commune_code":"04159","commune_name":"Xã Phiêng Pằn","commune_kind":"XA","province_code":"14","province_name":"Tỉnh Sơn La","area_km2":320.65,"valid_from":"16/6/2025","published":"13/07/2025","area_km2_geom":320.05613641159414,"quality_flag":null,"population":24685.000000000004,"population_wp":21210.33299779892,"anchor_ratio":1.1638195403420428,"pop_source":"WORLDPOP2025_ANCHORED_VNSDI","pop_density_ppkm2":77.12709488017734,"n_stations":0,"n_ports":0,"power_kw_site":0.0,"ports_per_10k_pop":0.0,"util_mean_port_weighted":null,"dist_station_m_pop_weighted":17176.04390435202}},{"type":"Feature","geometry":{"type":"Polygon","coordinates":[[[103.69604,21.14619],[103.6956,21.14647],[103.6959,21.14597],[103.69605,21.14568],[103.69614,21.14549],[103.69615,21.1453],[103.69619,21.14472],[103.69621,21.14408],[103.69613,21.14375],[103.69594,21.14313],[103.69587,21.14295],[103.6949,21.14149],[103.69481,21.14138],[103.69472,21.14129],[103.69459,21.14124],[103.69436,21.14117],[103.69291,21.14101],[103.68688,21.13978],[103.68167,21.13607],[103.68222,21.12404],[103.68246,21.11878],[103.68257,21.11636],[103.68007,21.11373],[103.68025,21.10883],[103.67608,21.10461],[103.67285,21.09889],[103.67204,21.09743],[103.67174,21.09612],[103.66988,21.08781],[103.66938,21.08376],[103.66943,21.08205],[103.67122,21.08037],[103.67182,21.07986],[103.67191,21.07978],[103.672,21.07973],[103.67528,21.07845],[103.67572,21.07833],[103.67747,21.0781],[103.67796,21.07812],[103.67818,21.07826],[103.67842,21.07853],[103.67872,21.07894],[103.67889,21.07912],[103.67906,21.07923],[103.67933,21.0793],[103.68022,21.07937],[103.68118,21.07941],[103.68163,21.0789],[103.68314,21.07637],[103.68385,21.07485],[103.68396,21.07386],[103.68417,21.0726],[103.68456,21.07125],[103.68467,21.07101],[103.68483,21.07081],[103.68623,21.06916],[103.68648,21.06889],[103.68674,21.06872],[103.68694,21.06863],[103.6875,21.0684],[103.68789,21.06823],[103.6881,21.06816],[103.68826,21.06811],[103.68846,21.06808],[103.68872,21.06808],[103.68899,21.0681],[103.69515,21.06677],[103.70067,21.06408],[103.70079,21.06399],[103.70254,21.06246],[103.70602,21.05858],[103.70622,21.05831],[103.70641,21.05778],[103.70667,21.05616],[103.70846,21.05006],[103.71468,21.04855],[103.72032,21.04796],[103.72056,21.04798],[103.72137,21.04803],[103.72173,21.04804],[103.72266,21.04807],[103.72308,21.04804],[103.72347,21.04798],[103.72372,21.04786],[103.72449,21.04744],[103.72656,21.04606],[103.72662,21.04599],[103.72715,21.04533],[103.7275,21.04461],[103.72784,21.04389],[103.72792,21.04371],[103.72809,21.04319],[103.72983,21.04091],[103.73299,21.03826],[103.73329,21.03804],[103.73466,21.03754],[103.73507,21.0375],[103.73606,21.03751],[103.73663,21.03752],[103.737,21.03755],[103.7381,21.03772],[103.73926,21.03804],[103.73976,21.03821],[103.73984,21.03823],[103.74006,21.03864],[103.74125,21.03972],[103.74292,21.04022],[103.74513,21.04033],[103.74524,21.04031],[103.74568,21.04017],[103.74658,21.03975],[103.74668,21.0397],[103.75078,21.03673],[103.75167,21.03605],[103.75263,21.03531],[103.75389,21.03462],[103.75512,21.03415],[103.75619,21.034],[103.75687,21.03404],[103.75742,21.03429],[103.75757,21.03445],[103.75804,21.03497],[103.75866,21.03565],[103.75956,21.03641],[103.76058,21.03728],[103.76144,21.03762],[103.76199,21.03783],[103.76213,21.03789],[103.76349,21.03815],[103.76449,21.03834],[103.76479,21.0384],[103.76634,21.03869],[103.76773,21.04309],[103.77017,21.05241],[103.77074,21.05866],[103.77009,21.06081],[103.77232,21.06437],[103.77415,21.06719],[103.77431,21.0673],[103.775,21.06765],[103.7758,21.06804],[103.77603,21.06814],[103.77625,21.06819],[103.77764,21.06843],[103.78274,21.06908],[103.78597,21.07021],[103.79354,21.07321],[103.79416,21.07361],[103.79536,21.07463],[103.79765,21.07664],[103.80067,21.07997],[103.80084,21.08024],[103.80097,21.08052],[103.80098,21.08069],[103.80098,21.08108],[103.80087,21.08266],[103.80091,21.08539],[103.80167,21.08864],[103.80238,21.08924],[103.80175,21.0922],[103.80122,21.09313],[103.79894,21.09602],[103.79877,21.09613],[103.79862,21.09622],[103.79735,21.0968],[103.79512,21.09555],[103.79358,21.09479],[103.79108,21.09704],[103.78981,21.09832],[103.78858,21.09989],[103.78598,21.10317],[103.7853,21.10388],[103.7822,21.10681],[103.78051,21.10772],[103.7788,21.10859],[103.77758,21.10921],[103.77635,21.10989],[103.7751,21.11107],[103.77469,21.1119],[103.77462,21.11213],[103.774,21.11434],[103.77392,21.11493],[103.77259,21.12207],[103.77134,21.12707],[103.76765,21.12956],[103.76552,21.13039],[103.7637,21.13139],[103.76223,21.13248],[103.75906,21.13546],[103.75648,21.13811],[103.75619,21.139],[103.74996,21.13951],[103.74975,21.14003],[103.74968,21.14046],[103.74649,21.14225],[103.74261,21.14281],[103.73963,21.14248],[103.73503,21.14008],[103.73114,21.13541],[103.72631,21.13491],[103.71839,21.13558],[103.71833,21.13559],[103.71814,21.13565],[103.71722,21.13592],[103.71689,21.13605],[103.71334,21.13747],[103.71028,21.13966],[103.7069,21.1414],[103.69727,21.14568],[103.69604,21.14619]]]},"properties":{"commune_code":"04168","commune_name":"Xã Sông Mã","commune_kind":"XA","province_code":"14","province_name":"Tỉnh Sơn La","area_km2":105.99,"valid_from":"16/6/2025","published":"13/07/2025","area_km2_geom":106.20890968149497,"quality_flag":null,"population":26179.0,"population_wp":27513.446459252387,"anchor_ratio":0.9514983896608986,"pop_source":"WORLDPOP2025_ANCHORED_VNSDI","pop_density_ppkm2":246.4859123260657,"n_stations":1,"n_ports":16,"power_kw_site":508.0,"ports_per_10k_pop":6.11176897513274,"util_mean_port_weighted":0.007073283858998145,"dist_station_m_pop_weighted":5470.209518559148}},{"type":"Feature","geometry":{"type":"Polygon","coordinates":[[[103.45752,21.35387],[103.45752,21.35387],[103.45634,21.35365],[103.45238,21.35214],[103.45102,21.35144],[103.44385,21.34588],[103.44098,21.34306],[103.43959,21.33996],[103.43845,21.3365],[103.43752,21.33496],[103.43492,21.33054],[103.43483,21.33025],[103.43462,21.32962],[103.43459,21.32938],[103.43458,21.3291],[103.43464,21.3287],[103.43475,21.32839],[103.43325,21.32571],[103.43307,21.32543],[103.43282,21.32501],[103.43273,21.32491],[103.43252,21.32464],[103.43224,21.32447],[103.43151,21.32432],[103.42928,21.32421],[103.42921,21.32423],[103.42893,21.32432],[103.42891,21.32432],[103.42849,21.32454],[103.42421,21.32117],[103.42325,21.31912],[103.42313,21.3159],[103.42823,21.31372],[103.4296,21.31233],[103.43117,21.31075],[103.43854,21.28908],[103.44001,21.2848],[103.44034,21.28126],[103.43962,21.27424],[103.43942,21.27226],[103.43688,21.2646],[103.43347,21.25735],[103.43047,21.25282],[103.42839,21.25385],[103.4276,21.25383],[103.42708,21.25277],[103.42715,21.25178],[103.43023,21.24259],[103.43299,21.23723],[103.43355,21.23541],[103.43388,21.23335],[103.4336,21.23173],[103.43282,21.22702],[103.4337,21.22233],[103.43448,21.21716],[103.43281,21.21033],[103.43284,21.20733],[103.43426,21.20437],[103.43551,21.20177],[103.43717,21.19633],[103.43588,21.18051],[103.43548,21.17883],[103.43331,21.16978],[103.43417,21.16807],[103.43443,21.16769],[103.43467,21.16748],[103.43505,21.16732],[103.43919,21.16582],[103.43997,21.16559],[103.44124,21.16546],[103.44177,21.16542],[103.44544,21.16519],[103.45135,21.16683],[103.45308,21.16972],[103.45445,21.17228],[103.46011,21.17079],[103.46661,21.16892],[103.47458,21.16597],[103.47899,21.1642],[103.48108,21.16381],[103.48368,21.16394],[103.48983,21.16289],[103.49429,21.1653],[103.49861,21.16877],[103.50454,21.17157],[103.50908,21.17337],[103.51163,21.17578],[103.51324,21.17882],[103.51336,21.17913],[103.51346,21.17928],[103.51402,21.17998],[103.5141,21.18007],[103.51423,21.18019],[103.51441,21.1803],[103.515,21.18056],[103.51569,21.18073],[103.51959,21.18164],[103.52274,21.18163],[103.5265,21.18121],[103.52836,21.1808],[103.52859,21.18067],[103.52874,21.1806],[103.52936,21.18032],[103.5296,21.18039],[103.53002,21.18053],[103.53022,21.18065],[103.53235,21.18197],[103.53317,21.18297],[103.53442,21.18544],[103.53472,21.18611],[103.53519,21.18722],[103.53537,21.18775],[103.53588,21.18959],[103.53884,21.19079],[103.54197,21.19134],[103.54299,21.19191],[103.54315,21.19203],[103.54359,21.19247],[103.5448,21.1938],[103.54481,21.19458],[103.54533,21.19683],[103.54608,21.19984],[103.54659,21.20142],[103.54696,21.20224],[103.54747,21.2033],[103.54754,21.20344],[103.54764,21.20362],[103.54906,21.20588],[103.55424,21.21261],[103.55917,21.21745],[103.5602,21.21813],[103.56104,21.21898],[103.56155,21.22154],[103.56166,21.22309],[103.55969,21.22328],[103.54991,21.22423],[103.54991,21.22423],[103.54737,21.22461],[103.54659,21.22474],[103.54156,21.22733],[103.54737,21.23304],[103.54752,21.23488],[103.54765,21.23848],[103.54477,21.24082],[103.5401,21.24285],[103.53626,21.24297],[103.53072,21.24269],[103.52883,21.24436],[103.52591,21.25045],[103.52177,21.25569],[103.51612,21.25201],[103.51499,21.24904],[103.51526,21.24866],[103.51586,21.24708],[103.50457,21.25037],[103.50189,21.25224],[103.5,21.25355],[103.49733,21.25622],[103.49942,21.25704],[103.5037,21.25652],[103.50426,21.25638],[103.50483,21.25626],[103.50485,21.25627],[103.50389,21.25825],[103.50189,21.26185],[103.49959,21.266],[103.50242,21.26731],[103.49733,21.27133],[103.49577,21.28238],[103.4936,21.28289],[103.48635,21.27868],[103.48408,21.28497],[103.48402,21.285],[103.48289,21.28483],[103.48212,21.28431],[103.47288,21.29844],[103.47007,21.30133],[103.45991,21.31419],[103.46168,21.32003],[103.46406,21.32232],[103.46572,21.32236],[103.46712,21.32237],[103.46745,21.32215],[103.46767,21.32196],[103.46884,21.3212],[103.46968,21.32093],[103.47051,21.32074],[103.47174,21.32057],[103.47571,21.32271],[103.47486,21.32525],[103.4758,21.33147],[103.47798,21.33468],[103.48099,21.33736],[103.48242,21.34053],[103.46534,21.35097],[103.46534,21.35097],[103.46534,21.35097],[103.46391,21.35159],[103.46391,21.35159],[103.46391,21.35159],[103.46391,21.35159],[103.45752,21.35387]]]},"properties":{"commune_code":"04171","commune_name":"Xã Bó Sinh","commune_kind":"XA","province_code":"14","province_name":"Tỉnh Sơn La","area_km2":153.83,"valid_from":"16/6/2025","published":"13/07/2025","area_km2_geom":153.3365574594698,"quality_flag":null,"population":16461.0,"population_wp":12014.234207354486,"anchor_ratio":1.3701247799816851,"pop_source":"WORLDPOP2025_ANCHORED_VNSDI","pop_density_ppkm2":107.35209054338527,"n_stations":0,"n_ports":0,"power_kw_site":0.0,"ports_per_10k_pop":0.0,"util_mean_port_weighted":null,"dist_station_m_pop_weighted":40016.69903888098}},{"type":"Feature","geometry":{"type":"Polygon","coordinates":[[[103.58501,21.23197],[103.58325,21.23322],[103.58494,21.23028],[103.58711,21.22734],[103.58885,21.22453],[103.58006,21.21819],[103.57389,21.21951],[103.57283,21.22043],[103.57098,21.22173],[103.56984,21.22229],[103.56857,21.2227],[103.56857,21.2227],[103.56166,21.22309],[103.56155,21.22154],[103.56104,21.21898],[103.5602,21.21813],[103.55917,21.21745],[103.55424,21.21261],[103.54906,21.20588],[103.54764,21.20362],[103.54754,21.20344],[103.54747,21.2033],[103.54696,21.20224],[103.54659,21.20142],[103.54608,21.19984],[103.54533,21.19683],[103.54481,21.19458],[103.5448,21.1938],[103.54359,21.19247],[103.54315,21.19203],[103.54299,21.19191],[103.54197,21.19134],[103.53884,21.19079],[103.53588,21.18959],[103.53537,21.18775],[103.53519,21.18722],[103.53472,21.18611],[103.53442,21.18544],[103.53317,21.18297],[103.53235,21.18197],[103.53022,21.18065],[103.53002,21.18053],[103.5296,21.18039],[103.52936,21.18032],[103.52874,21.1806],[103.52859,21.18067],[103.52836,21.1808],[103.5265,21.18121],[103.52274,21.18163],[103.51959,21.18164],[103.51569,21.18073],[103.515,21.18056],[103.51441,21.1803],[103.51423,21.18019],[103.5141,21.18007],[103.51402,21.17998],[103.51346,21.17928],[103.51336,21.17913],[103.51324,21.17882],[103.51163,21.17578],[103.50908,21.17337],[103.50454,21.17157],[103.49861,21.16877],[103.49429,21.1653],[103.48983,21.16289],[103.48368,21.16394],[103.48108,21.16381],[103.47899,21.1642],[103.47458,21.16597],[103.46661,21.16892],[103.46011,21.17079],[103.45445,21.17228],[103.45308,21.16972],[103.45135,21.16683],[103.44544,21.16519],[103.44177,21.16542],[103.44124,21.16546],[103.43997,21.16559],[103.43919,21.16582],[103.43505,21.16732],[103.43467,21.16748],[103.43443,21.16769],[103.43417,21.16807],[103.43331,21.16978],[103.4331,21.1689],[103.43084,21.16465],[103.42983,21.16274],[103.42608,21.16025],[103.42517,21.16025],[103.42508,21.16024],[103.42303,21.16023],[103.41836,21.16223],[103.41355,21.16422],[103.41155,21.16421],[103.41118,21.1642],[103.41065,21.1642],[103.40787,21.16141],[103.40362,21.15595],[103.40069,21.15306],[103.39917,21.15155],[103.39759,21.15004],[103.39761,21.14813],[103.39945,21.14506],[103.40249,21.14],[103.40577,21.13199],[103.40626,21.12641],[103.40602,21.12338],[103.40587,21.12157],[103.40567,21.11916],[103.40536,21.11536],[103.40585,21.11073],[103.40663,21.10847],[103.40795,21.10462],[103.40957,21.10232],[103.41239,21.09754],[103.41356,21.09486],[103.41817,21.08496],[103.4203,21.08223],[103.42183,21.07911],[103.42413,21.06961],[103.42345,21.06734],[103.42519,21.0671],[103.43275,21.06355],[103.43475,21.06231],[103.43312,21.06061],[103.43071,21.05772],[103.42924,21.05545],[103.42902,21.05449],[103.42909,21.05428],[103.42919,21.05409],[103.42973,21.05358],[103.43415,21.05058],[103.4388,21.04758],[103.44053,21.04659],[103.44377,21.04658],[103.44675,21.04668],[103.45786,21.04718],[103.45946,21.04737],[103.46109,21.04825],[103.46586,21.05277],[103.46509,21.05735],[103.4651,21.05929],[103.46555,21.06069],[103.46634,21.06206],[103.46704,21.06283],[103.46717,21.06288],[103.46727,21.0629],[103.47127,21.06341],[103.47312,21.0635],[103.47732,21.06367],[103.48186,21.06779],[103.48297,21.06852],[103.49084,21.06787],[103.49145,21.06763],[103.49816,21.0735],[103.49825,21.07357],[103.49839,21.07371],[103.49851,21.07385],[103.50121,21.0775],[103.50076,21.07782],[103.49995,21.07846],[103.49939,21.07891],[103.499,21.07937],[103.49806,21.08065],[103.49826,21.0808],[103.49883,21.08106],[103.50376,21.08389],[103.50441,21.0861],[103.50453,21.08955],[103.50452,21.08974],[103.50443,21.08987],[103.50413,21.0903],[103.50318,21.09146],[103.49892,21.09954],[103.49823,21.10354],[103.49818,21.10843],[103.49941,21.11316],[103.50589,21.12314],[103.51127,21.12925],[103.51493,21.13168],[103.51756,21.13138],[103.52119,21.13096],[103.52142,21.13094],[103.52173,21.13093],[103.52199,21.13098],[103.52239,21.13108],[103.52279,21.13127],[103.52356,21.13179],[103.5243,21.13233],[103.52436,21.13239],[103.52448,21.13255],[103.52572,21.13436],[103.52618,21.13575],[103.52684,21.13732],[103.52815,21.13925],[103.52984,21.14148],[103.53348,21.14593],[103.53624,21.14683],[103.53755,21.14729],[103.54001,21.14832],[103.54873,21.15224],[103.55181,21.15371],[103.55754,21.15519],[103.55904,21.15541],[103.56012,21.15558],[103.5617,21.15612],[103.56199,21.15624],[103.56232,21.15643],[103.56254,21.15674],[103.56278,21.15713],[103.56281,21.15741],[103.5629,21.15964],[103.56359,21.16145],[103.56462,21.16275],[103.56571,21.16406],[103.56789,21.16557],[103.56906,21.16773],[103.56958,21.16956],[103.56982,21.17109],[103.57032,21.17245],[103.57047,21.17279],[103.57062,21.17297],[103.57102,21.17336],[103.57383,21.17573],[103.58034,21.18051],[103.58211,21.18124],[103.5849,21.18201],[103.58758,21.18214],[103.59083,21.18267],[103.59352,21.1837],[103.59573,21.18456],[103.59661,21.18564],[103.59755,21.18672],[103.59786,21.18707],[103.59884,21.18798],[103.59911,21.18822],[103.59934,21.18843],[103.5997,21.18873],[103.5997,21.18874],[103.59985,21.18883],[103.59925,21.19143],[103.60131,21.19645],[103.60313,21.19926],[103.6052,21.2044],[103.60563,21.20737],[103.60537,21.2104],[103.60529,21.21411],[103.60611,21.2182],[103.60654,21.22054],[103.60654,21.22061],[103.60644,21.22077],[103.60629,21.22092],[103.60496,21.22228],[103.60453,21.2227],[103.60423,21.22289],[103.60248,21.22336],[103.60227,21.2234],[103.59975,21.22329],[103.59802,21.22314],[103.5945,21.2237],[103.58925,21.22905],[103.58501,21.23197]]]},"properties":{"commune_code":"04183","commune_name":"Xã Mường Lầm","commune_kind":"XA","province_code":"14","province_name":"Tỉnh Sơn La","area_km2":167.1,"valid_from":"16/6/2025","published":"13/07/2025","area_km2_geom":166.55849900319416,"quality_flag":null,"population":15647.0,"population_wp":11267.839601688087,"anchor_ratio":1.3886424153265238,"pop_source":"WORLDPOP2025_ANCHORED_VNSDI","pop_density_ppkm2":93.94296954909477,"n_stations":0,"n_ports":0,"power_kw_site":0.0,"ports_per_10k_pop":0.0,"util_mean_port_weighted":null,"dist_station_m_pop_weighted":31616.14787841505}},{"type":"Feature","geometry":{"type":"Polygon","coordinates":[[[103.59525,21.31078],[103.59144,21.31215],[103.59085,21.3038],[103.58877,21.30049],[103.58831,21.3],[103.58474,21.29856],[103.58048,21.28958],[103.57706,21.28923],[103.57503,21.28544],[103.57355,21.2828],[103.57286,21.28185],[103.57248,21.28144],[103.56837,21.2813],[103.5653,21.28244],[103.56284,21.28469],[103.55562,21.29113],[103.55377,21.2921],[103.55276,21.29224],[103.54652,21.28617],[103.54879,21.28541],[103.55132,21.28316],[103.55426,21.27986],[103.55772,21.27651],[103.56076,21.27405],[103.56056,21.2714],[103.56028,21.27049],[103.55974,21.26978],[103.55705,21.26729],[103.55577,21.26622],[103.55499,21.26507],[103.55381,21.26306],[103.55402,21.26289],[103.55629,21.26192],[103.55787,21.25634],[103.56191,21.25451],[103.56351,21.25324],[103.56439,21.25066],[103.57028,21.24694],[103.57077,21.24603],[103.57043,21.2444],[103.57314,21.2429],[103.57804,21.24227],[103.58074,21.24234],[103.58223,21.24187],[103.58325,21.23322],[103.58501,21.23197],[103.58925,21.22905],[103.5945,21.2237],[103.59802,21.22314],[103.59975,21.22329],[103.60227,21.2234],[103.60248,21.22336],[103.60423,21.22289],[103.60453,21.2227],[103.60496,21.22228],[103.60629,21.22092],[103.60644,21.22077],[103.60654,21.22061],[103.60654,21.22054],[103.60611,21.2182],[103.60529,21.21411],[103.60537,21.2104],[103.60563,21.20737],[103.6052,21.2044],[103.60313,21.19926],[103.60131,21.19645],[103.59925,21.19143],[103.59985,21.18883],[103.60616,21.18556],[103.60695,21.18561],[103.60707,21.18557],[103.60723,21.18551],[103.60747,21.1853],[103.60758,21.18512],[103.60969,21.18134],[103.61019,21.1802],[103.611,21.17829],[103.61136,21.17658],[103.61316,21.17544],[103.61753,21.17295],[103.61956,21.17218],[103.62182,21.17198],[103.62239,21.17201],[103.62278,21.17203],[103.62338,21.17202],[103.62429,21.17168],[103.62787,21.16999],[103.6303,21.16816],[103.63058,21.16793],[103.63083,21.16773],[103.63237,21.16645],[103.63575,21.16351],[103.6377,21.16079],[103.639,21.15835],[103.63891,21.15701],[103.63976,21.15641],[103.64249,21.15527],[103.64515,21.15524],[103.64588,21.15609],[103.64661,21.15695],[103.64713,21.15747],[103.64892,21.15828],[103.64968,21.15835],[103.65652,21.1572],[103.66018,21.15631],[103.66303,21.15551],[103.6675,21.15368],[103.66772,21.15301],[103.66964,21.15237],[103.66985,21.15234],[103.67183,21.15211],[103.67226,21.15206],[103.68367,21.15103],[103.68605,21.15176],[103.6861,21.15176],[103.68647,21.15183],[103.68747,21.15197],[103.68789,21.15197],[103.6884,21.15189],[103.68861,21.15178],[103.68898,21.15157],[103.69151,21.14987],[103.69299,21.14856],[103.69361,21.14758],[103.69457,21.14646],[103.69466,21.14637],[103.69479,21.14635],[103.69515,21.14632],[103.6954,21.14635],[103.6956,21.14647],[103.69604,21.14619],[103.69727,21.14568],[103.7069,21.1414],[103.71028,21.13966],[103.71334,21.13747],[103.71689,21.13605],[103.71722,21.13592],[103.71814,21.13565],[103.71833,21.13559],[103.71839,21.13558],[103.72631,21.13491],[103.73114,21.13541],[103.73503,21.14008],[103.73963,21.14248],[103.74261,21.14281],[103.74649,21.14225],[103.74968,21.14046],[103.74975,21.14003],[103.74996,21.13951],[103.75619,21.139],[103.75496,21.14031],[103.75268,21.14298],[103.75147,21.14467],[103.75113,21.14593],[103.75113,21.14803],[103.74991,21.15193],[103.74801,21.15623],[103.74748,21.15732],[103.74653,21.1585],[103.74172,21.16255],[103.73632,21.16646],[103.73388,21.16796],[103.72995,21.16953],[103.72496,21.17171],[103.71627,21.17575],[103.71431,21.17668],[103.71288,21.17756],[103.70932,21.18027],[103.70748,21.18075],[103.70434,21.18056],[103.70194,21.18066],[103.70092,21.18133],[103.6982,21.18348],[103.69709,21.18548],[103.6971,21.19564],[103.70063,21.1989],[103.70338,21.20052],[103.70987,21.20407],[103.71055,21.20432],[103.71118,21.20468],[103.71121,21.2047],[103.71608,21.20944],[103.71627,21.20964],[103.71731,21.21105],[103.71871,21.21463],[103.71947,21.2169],[103.71977,21.21873],[103.7226,21.22375],[103.72556,21.22846],[103.72747,21.23111],[103.73647,21.24364],[103.73721,21.24474],[103.74121,21.25067],[103.74619,21.2559],[103.74915,21.259],[103.7473,21.25821],[103.7454,21.25778],[103.74485,21.25841],[103.74254,21.2605],[103.73823,21.2626],[103.7304,21.26413],[103.725,21.26306],[103.72239,21.26103],[103.71694,21.25792],[103.71284,21.26029],[103.69925,21.25944],[103.69203,21.2598],[103.68906,21.26131],[103.68426,21.26266],[103.68085,21.26191],[103.67854,21.26215],[103.67824,21.26232],[103.67637,21.26384],[103.67413,21.26571],[103.66875,21.26606],[103.66668,21.26631],[103.66214,21.26836],[103.66038,21.27396],[103.6557,21.28181],[103.6557,21.28181],[103.65151,21.28424],[103.65151,21.28424],[103.64636,21.28648],[103.64107,21.28965],[103.63986,21.28994],[103.63708,21.28983],[103.63255,21.29355],[103.62988,21.29602],[103.62879,21.29653],[103.62821,21.29641],[103.62821,21.29641],[103.62378,21.2956],[103.61537,21.3009],[103.61392,21.30135],[103.60987,21.30098],[103.60904,21.30115],[103.6081,21.30152],[103.60146,21.30725],[103.60078,21.30799],[103.59525,21.31078]]]},"properties":{"commune_code":"04186","commune_name":"Xã Nậm Ty","commune_kind":"XA","province_code":"14","province_name":"Tỉnh Sơn La","area_km2":201.89,"valid_from":"16/6/2025","published":"13/07/2025","area_km2_geom":201.42223508141623,"quality_flag":null,"population":16679.0,"population_wp":12577.815145730972,"anchor_ratio":1.326064964920478,"pop_source":"WORLDPOP2025_ANCHORED_VNSDI","pop_density_ppkm2":82.80615093590951,"n_stations":0,"n_ports":0,"power_kw_site":0.0,"ports_per_10k_pop":0.0,"util_mean_port_weighted":null,"dist_station_m_pop_weighted":29362.465094873176}},{"type":"Feature","geometry":{"type":"Polygon","coordinates":[[[103.60616,21.18556],[103.59985,21.18883],[103.5997,21.18874],[103.5997,21.18873],[103.59934,21.18843],[103.59911,21.18822],[103.59884,21.18798],[103.59786,21.18707],[103.59755,21.18672],[103.59661,21.18564],[103.59573,21.18456],[103.59352,21.1837],[103.59083,21.18267],[103.58758,21.18214],[103.5849,21.18201],[103.58211,21.18124],[103.58034,21.18051],[103.57383,21.17573],[103.57102,21.17336],[103.57062,21.17297],[103.57047,21.17279],[103.57032,21.17245],[103.56982,21.17109],[103.56958,21.16956],[103.56906,21.16773],[103.56789,21.16557],[103.56571,21.16406],[103.56462,21.16275],[103.56359,21.16145],[103.5629,21.15964],[103.56281,21.15741],[103.56278,21.15713],[103.56254,21.15674],[103.56232,21.15643],[103.56199,21.15624],[103.5617,21.15612],[103.56012,21.15558],[103.55904,21.15541],[103.55754,21.15519],[103.55181,21.15371],[103.54873,21.15224],[103.54001,21.14832],[103.53755,21.14729],[103.53624,21.14683],[103.53348,21.14593],[103.52984,21.14148],[103.52815,21.13925],[103.52684,21.13732],[103.52618,21.13575],[103.52572,21.13436],[103.52448,21.13255],[103.52436,21.13239],[103.5243,21.13233],[103.52356,21.13179],[103.52279,21.13127],[103.52239,21.13108],[103.52199,21.13098],[103.52173,21.13093],[103.52142,21.13094],[103.52119,21.13096],[103.51756,21.13138],[103.51493,21.13168],[103.51127,21.12925],[103.50589,21.12314],[103.49941,21.11316],[103.49818,21.10843],[103.49823,21.10354],[103.49892,21.09954],[103.50318,21.09146],[103.50413,21.0903],[103.50443,21.08987],[103.50452,21.08974],[103.50453,21.08955],[103.50441,21.0861],[103.50376,21.08389],[103.49883,21.08106],[103.49826,21.0808],[103.49806,21.08065],[103.499,21.07937],[103.49939,21.07891],[103.49995,21.07846],[103.50076,21.07782],[103.50121,21.0775],[103.50184,21.07718],[103.50334,21.07651],[103.50424,21.07618],[103.50563,21.07568],[103.50583,21.07561],[103.50601,21.07556],[103.50681,21.07543],[103.51207,21.07691],[103.51504,21.0783],[103.52238,21.07951],[103.52299,21.07977],[103.52367,21.08006],[103.52433,21.08058],[103.52967,21.08652],[103.53241,21.08942],[103.53339,21.09186],[103.53423,21.09515],[103.54045,21.09724],[103.55351,21.09994],[103.57026,21.10312],[103.57189,21.10233],[103.57541,21.10235],[103.57558,21.10235],[103.57569,21.10236],[103.5758,21.10239],[103.57612,21.1025],[103.57643,21.10265],[103.57839,21.1037],[103.57938,21.1047],[103.58206,21.10668],[103.58549,21.1084],[103.5859,21.10858],[103.58596,21.1086],[103.58682,21.10893],[103.58695,21.10875],[103.59021,21.10669],[103.59039,21.10658],[103.59054,21.10649],[103.59078,21.10638],[103.59174,21.10607],[103.59184,21.10605],[103.59192,21.10604],[103.59207,21.10605],[103.59208,21.10605],[103.59233,21.10609],[103.59724,21.10741],[103.59734,21.10748],[103.59751,21.10756],[103.59826,21.1079],[103.59861,21.10803],[103.59879,21.10808],[103.59912,21.10812],[103.5994,21.10809],[103.59968,21.10806],[103.60231,21.10773],[103.60497,21.10736],[103.60554,21.10725],[103.60561,21.10722],[103.60571,21.10716],[103.60579,21.10707],[103.60588,21.10687],[103.6059,21.10668],[103.60587,21.10645],[103.60583,21.10588],[103.60601,21.10483],[103.60638,21.10421],[103.60718,21.10313],[103.60787,21.10263],[103.61154,21.1018],[103.61385,21.10137],[103.61517,21.10126],[103.61742,21.10066],[103.6185,21.09866],[103.61868,21.09704],[103.61769,21.09055],[103.61697,21.08745],[103.61626,21.08536],[103.61582,21.08492],[103.61562,21.08472],[103.61532,21.08437],[103.61499,21.0839],[103.61457,21.08317],[103.61555,21.08228],[103.61634,21.08172],[103.62112,21.07874],[103.62217,21.07815],[103.62454,21.07723],[103.62634,21.07708],[103.62898,21.07691],[103.62929,21.07692],[103.62971,21.07699],[103.63005,21.07708],[103.6303,21.07716],[103.63051,21.07729],[103.63195,21.07827],[103.63223,21.07847],[103.63238,21.07858],[103.63266,21.07879],[103.63291,21.07902],[103.63966,21.08205],[103.63981,21.08209],[103.64165,21.08253],[103.64284,21.08274],[103.64466,21.08282],[103.64552,21.08284],[103.65762,21.08256],[103.66613,21.08207],[103.66811,21.08199],[103.66943,21.08205],[103.66938,21.08376],[103.66988,21.08781],[103.67174,21.09612],[103.67204,21.09743],[103.67285,21.09889],[103.67608,21.10461],[103.68025,21.10883],[103.68007,21.11373],[103.68257,21.11636],[103.68246,21.11878],[103.68222,21.12404],[103.68167,21.13607],[103.68688,21.13978],[103.69291,21.14101],[103.69436,21.14117],[103.69459,21.14124],[103.69472,21.14129],[103.69481,21.14138],[103.6949,21.14149],[103.69587,21.14295],[103.69594,21.14313],[103.69613,21.14375],[103.69621,21.14408],[103.69619,21.14472],[103.69615,21.1453],[103.69614,21.14549],[103.69605,21.14568],[103.6959,21.14597],[103.6956,21.14647],[103.6954,21.14635],[103.69515,21.14632],[103.69479,21.14635],[103.69466,21.14637],[103.69457,21.14646],[103.69361,21.14758],[103.69299,21.14856],[103.69151,21.14987],[103.68898,21.15157],[103.68861,21.15178],[103.6884,21.15189],[103.68789,21.15197],[103.68747,21.15197],[103.68647,21.15183],[103.6861,21.15176],[103.68605,21.15176],[103.68367,21.15103],[103.67226,21.15206],[103.67183,21.15211],[103.66985,21.15234],[103.66964,21.15237],[103.66772,21.15301],[103.6675,21.15368],[103.66303,21.15551],[103.66018,21.15631],[103.65652,21.1572],[103.64968,21.15835],[103.64892,21.15828],[103.64713,21.15747],[103.64661,21.15695],[103.64588,21.15609],[103.64515,21.15524],[103.64249,21.15527],[103.63976,21.15641],[103.63891,21.15701],[103.639,21.15835],[103.6377,21.16079],[103.63575,21.16351],[103.63237,21.16645],[103.63083,21.16773],[103.63058,21.16793],[103.6303,21.16816],[103.62787,21.16999],[103.62429,21.17168],[103.62338,21.17202],[103.62278,21.17203],[103.62239,21.17201],[103.62182,21.17198],[103.61956,21.17218],[103.61753,21.17295],[103.61316,21.17544],[103.61136,21.17658],[103.611,21.17829],[103.61019,21.1802],[103.60969,21.18134],[103.60758,21.18512],[103.60747,21.1853],[103.60723,21.18551],[103.60707,21.18557],[103.60695,21.18561],[103.60616,21.18556]]]},"properties":{"commune_code":"04195","commune_name":"Xã Chiềng Sơ","commune_kind":"XA","province_code":"14","province_name":"Tỉnh Sơn La","area_km2":140.31,"valid_from":"16/6/2025","published":"13/07/2025","area_km2_geom":140.39360365385207,"quality_flag":null,"population":17145.0,"population_wp":14562.029877379537,"anchor_ratio":1.1773770651736415,"pop_source":"WORLDPOP2025_ANCHORED_VNSDI","pop_density_ppkm2":122.12094820410704,"n_stations":0,"n_ports":0,"power_kw_site":0.0,"ports_per_10k_pop":0.0,"util_mean_port_weighted":null,"dist_station_m_pop_weighted":17117.52587530288}},{"type":"Feature","geometry":{"type":"Polygon","coordinates":[[[103.80116,21.08193],[103.80087,21.08266],[103.80098,21.08108],[103.80098,21.08069],[103.80097,21.08052],[103.80084,21.08024],[103.80067,21.07997],[103.79765,21.07664],[103.79536,21.07463],[103.79416,21.07361],[103.79354,21.07321],[103.78597,21.07021],[103.78274,21.06908],[103.77764,21.06843],[103.77625,21.06819],[103.77603,21.06814],[103.7758,21.06804],[103.775,21.06765],[103.77431,21.0673],[103.77415,21.06719],[103.77232,21.06437],[103.77009,21.06081],[103.77074,21.05866],[103.77017,21.05241],[103.76773,21.04309],[103.76634,21.03869],[103.76479,21.0384],[103.76449,21.03834],[103.76349,21.03815],[103.76213,21.03789],[103.76199,21.03783],[103.76144,21.03762],[103.76058,21.03728],[103.75956,21.03641],[103.75866,21.03565],[103.75804,21.03497],[103.75757,21.03445],[103.75706,21.02849],[103.75707,21.02573],[103.75732,21.02288],[103.75901,21.02054],[103.75739,21.01314],[103.75532,21.00943],[103.75515,21.00941],[103.75483,21.00931],[103.75413,21.00905],[103.75382,21.00893],[103.75369,21.00883],[103.75357,21.0087],[103.75342,21.00848],[103.75238,21.00668],[103.75219,21.00633],[103.75205,21.00588],[103.75186,21.00511],[103.75189,21.00478],[103.7521,21.0034],[103.75218,21.00307],[103.7523,21.00275],[103.75245,21.00245],[103.75263,21.0022],[103.75266,20.99994],[103.75189,20.99645],[103.75088,20.99444],[103.74863,20.99213],[103.74826,20.99182],[103.74699,20.9909],[103.74669,20.9907],[103.74654,20.99064],[103.74642,20.99062],[103.74576,20.99057],[103.74513,20.99047],[103.7431,20.99005],[103.74298,20.98998],[103.74288,20.98989],[103.7413,20.988],[103.74114,20.98777],[103.74105,20.98759],[103.741,20.98726],[103.74099,20.98707],[103.74111,20.98685],[103.74123,20.98665],[103.74213,20.97719],[103.74216,20.97647],[103.74214,20.97608],[103.74208,20.97581],[103.74142,20.973],[103.74033,20.97213],[103.73997,20.97184],[103.73975,20.97168],[103.73944,20.97148],[103.73925,20.97137],[103.73899,20.9713],[103.73845,20.97123],[103.73797,20.97126],[103.73109,20.97321],[103.72866,20.97431],[103.72862,20.97441],[103.72851,20.97456],[103.72816,20.9749],[103.72683,20.97589],[103.724,20.97723],[103.72263,20.97733],[103.72217,20.97722],[103.72147,20.97696],[103.72075,20.97657],[103.71983,20.97601],[103.71867,20.97514],[103.71611,20.97292],[103.71416,20.97187],[103.70967,20.97092],[103.70636,20.97037],[103.70483,20.97047],[103.70236,20.97067],[103.70037,20.9709],[103.69903,20.97099],[103.69538,20.96682],[103.6924,20.96283],[103.69117,20.95871],[103.69119,20.95862],[103.69118,20.95852],[103.69104,20.95839],[103.6902,20.9579],[103.68987,20.95779],[103.68961,20.95773],[103.68821,20.95759],[103.68482,20.95763],[103.68388,20.95767],[103.68253,20.95827],[103.68153,20.95886],[103.68043,20.9597],[103.68,20.96012],[103.67907,20.96102],[103.67884,20.96119],[103.67873,20.96127],[103.67819,20.96121],[103.6771,20.96079],[103.6768,20.96063],[103.67487,20.95926],[103.67443,20.95823],[103.66912,20.95892],[103.66731,20.95916],[103.66727,20.95902],[103.66688,20.95813],[103.66547,20.95535],[103.66443,20.9549],[103.66393,20.95476],[103.66357,20.95474],[103.66326,20.95477],[103.66252,20.9548],[103.66232,20.95478],[103.6609,20.95429],[103.6585,20.95325],[103.65738,20.95247],[103.65626,20.95044],[103.65561,20.94683],[103.65823,20.94376],[103.65867,20.94338],[103.66064,20.94212],[103.66147,20.94177],[103.66777,20.93708],[103.67756,20.92751],[103.68048,20.92448],[103.68334,20.9214],[103.68468,20.91938],[103.68595,20.91671],[103.68657,20.91521],[103.6867,20.9144],[103.68668,20.91375],[103.68643,20.91332],[103.68512,20.9125],[103.68474,20.91194],[103.68457,20.91113],[103.68468,20.9102],[103.68515,20.90894],[103.68574,20.90796],[103.68961,20.90291],[103.69054,20.90187],[103.69132,20.90117],[103.69297,20.90045],[103.69665,20.89726],[103.70051,20.89335],[103.70221,20.89045],[103.7028,20.88801],[103.70227,20.88513],[103.70139,20.88491],[103.70101,20.88475],[103.70071,20.88454],[103.70066,20.8843],[103.70076,20.88384],[103.70133,20.88246],[103.70169,20.88171],[103.70206,20.881],[103.70248,20.88025],[103.70305,20.87962],[103.70495,20.87822],[103.70642,20.87725],[103.70798,20.8764],[103.70872,20.8756],[103.7091,20.87503],[103.70949,20.87381],[103.70988,20.87284],[103.71279,20.87021],[103.71486,20.86855],[103.71554,20.86821],[103.71627,20.8679],[103.71677,20.86778],[103.71741,20.8677],[103.71873,20.86768],[103.71931,20.86768],[103.72001,20.8676],[103.72066,20.8674],[103.7211,20.8672],[103.72152,20.86693],[103.72768,20.86283],[103.72878,20.86187],[103.72933,20.86131],[103.72972,20.86063],[103.73025,20.859],[103.73054,20.85798],[103.73089,20.85729],[103.73182,20.85584],[103.73247,20.85528],[103.73308,20.85487],[103.73547,20.85332],[103.73589,20.85335],[103.73641,20.85353],[103.73772,20.85413],[103.74139,20.85601],[103.74713,20.85715],[103.74773,20.85726],[103.74958,20.85759],[103.75307,20.85581],[103.75302,20.85537],[103.75308,20.85495],[103.75311,20.85476],[103.75325,20.85391],[103.75351,20.85362],[103.75373,20.85349],[103.76128,20.85099],[103.76149,20.85093],[103.76267,20.85055],[103.7638,20.8504],[103.76561,20.85053],[103.76613,20.85062],[103.76695,20.85099],[103.76807,20.85173],[103.76847,20.85222],[103.77299,20.85409],[103.77989,20.85497],[103.78146,20.8551],[103.78334,20.85495],[103.784,20.85487],[103.78473,20.85467],[103.78517,20.85447],[103.78565,20.85424],[103.79101,20.85069],[103.79723,20.84909],[103.80034,20.8472],[103.80012,20.84821],[103.80042,20.84857],[103.80318,20.85191],[103.80553,20.85289],[103.8079,20.85388],[103.81055,20.85622],[103.81067,20.8608],[103.81071,20.86261],[103.81316,20.86495],[103.81323,20.865],[103.80923,20.8661],[103.80623,20.86662],[103.8033,20.86752],[103.80037,20.87024],[103.7995,20.87148],[103.79888,20.87299],[103.79897,20.87463],[103.79956,20.88044],[103.80005,20.88316],[103.79949,20.8855],[103.79499,20.88997],[103.79353,20.89311],[103.79334,20.89351],[103.79129,20.89647],[103.79019,20.89785],[103.7876,20.89956],[103.78681,20.90101],[103.78566,20.90412],[103.78623,20.9068],[103.78777,20.91435],[103.78806,20.91759],[103.78815,20.91803],[103.78827,20.9184],[103.78847,20.91896],[103.78858,20.91917],[103.78922,20.92021],[103.78928,20.92027],[103.78936,20.92031],[103.79562,20.92229],[103.80092,20.92294],[103.80235,20.92303],[103.80566,20.92418],[103.8066,20.92485],[103.80695,20.9268],[103.80657,20.92808],[103.80699,20.93118],[103.8078,20.93451],[103.80953,20.93577],[103.8104,20.9362],[103.81101,20.93642],[103.81171,20.93666],[103.81206,20.94168],[103.81175,20.94649],[103.81494,20.95074],[103.8156,20.95201],[103.81688,20.95471],[103.81693,20.95485],[103.81695,20.95491],[103.81703,20.95537],[103.81705,20.95561],[103.81701,20.95586],[103.81696,20.956],[103.81673,20.95638],[103.81414,20.96139],[103.8124,20.96864],[103.81337,20.97351],[103.81392,20.97384],[103.81523,20.97403],[103.81598,20.97455],[103.81601,20.97502],[103.81607,20.97595],[103.81559,20.98028],[103.81499,20.9813],[103.815,20.98152],[103.81503,20.98175],[103.81513,20.98198],[103.81627,20.98434],[103.81675,20.98518],[103.81685,20.98534],[103.81737,20.98613],[103.81812,20.98707],[103.81926,20.9883],[103.81975,20.98862],[103.83169,20.99495],[103.83693,20.99665],[103.84293,21.00072],[103.84316,21.00098],[103.84321,21.00114],[103.84323,21.00143],[103.84312,21.00267],[103.84265,21.00593],[103.84294,21.0105],[103.84342,21.01296],[103.84365,21.01815],[103.84319,21.02044],[103.84312,21.02062],[103.84309,21.02077],[103.84309,21.02089],[103.84315,21.02114],[103.84327,21.02151],[103.84346,21.02188],[103.84458,21.02355],[103.84479,21.02385],[103.84498,21.02399],[103.84945,21.02628],[103.84972,21.02634],[103.84984,21.02635],[103.84998,21.02634],[103.85027,21.02622],[103.85371,21.02435],[103.85616,21.02556],[103.85784,21.02728],[103.85847,21.0331],[103.85851,21.03632],[103.8599,21.03869],[103.86167,21.04041],[103.86247,21.0424],[103.86362,21.04811],[103.86381,21.05008],[103.8637,21.05167],[103.86364,21.052],[103.86357,21.05229],[103.86351,21.05243],[103.86245,21.05438],[103.86143,21.0574],[103.86138,21.05739],[103.86006,21.05747],[103.8575,21.05865],[103.85503,21.06184],[103.85314,21.06312],[103.84881,21.06333],[103.84692,21.06327],[103.84503,21.06426],[103.84021,21.06838],[103.83759,21.07152],[103.83605,21.07261],[103.83458,21.0726],[103.83168,21.07148],[103.82884,21.0707],[103.82174,21.07304],[103.81576,21.0751],[103.81197,21.07468],[103.80973,21.07417],[103.80544,21.07713],[103.80403,21.07816],[103.80307,21.07925],[103.80205,21.08052],[103.80116,21.08193]]]},"properties":{"commune_code":"04204","commune_name":"Xã Chiềng Khoong","commune_kind":"XA","province_code":"14","province_name":"Tỉnh Sơn La","area_km2":253.87,"valid_from":"16/6/2025","published":"13/07/2025","area_km2_geom":252.4385445335481,"quality_flag":null,"population":23222.0,"population_wp":25231.679721586406,"anchor_ratio":0.9203509340732845,"pop_source":"WORLDPOP2025_ANCHORED_VNSDI","pop_density_ppkm2":91.9907062644068,"n_stations":0,"n_ports":0,"power_kw_site":0.0,"ports_per_10k_pop":0.0,"util_mean_port_weighted":null,"dist_station_m_pop_weighted":18147.57298053193}},{"type":"Feature","geometry":{"type":"Polygon","coordinates":[[[103.58695,21.10875],[103.58682,21.10893],[103.58596,21.1086],[103.5859,21.10858],[103.58549,21.1084],[103.58206,21.10668],[103.57938,21.1047],[103.57839,21.1037],[103.57643,21.10265],[103.57612,21.1025],[103.5758,21.10239],[103.57569,21.10236],[103.57558,21.10235],[103.57541,21.10235],[103.57189,21.10233],[103.57026,21.10312],[103.55351,21.09994],[103.54045,21.09724],[103.53423,21.09515],[103.53339,21.09186],[103.53241,21.08942],[103.52967,21.08652],[103.52433,21.08058],[103.52367,21.08006],[103.52299,21.07977],[103.52238,21.07951],[103.51504,21.0783],[103.51207,21.07691],[103.50681,21.07543],[103.50601,21.07556],[103.50583,21.07561],[103.50563,21.07568],[103.50424,21.07618],[103.50334,21.07651],[103.50184,21.07718],[103.50121,21.0775],[103.49851,21.07385],[103.49839,21.07371],[103.49825,21.07357],[103.49816,21.0735],[103.49145,21.06763],[103.49191,21.06745],[103.49315,21.06617],[103.49427,21.0641],[103.49538,21.06085],[103.4967,21.05818],[103.50062,21.0541],[103.50189,21.05279],[103.5019,21.05279],[103.50798,21.05135],[103.51174,21.05152],[103.51485,21.04827],[103.52042,21.04207],[103.52616,21.03561],[103.53125,21.03376],[103.53707,21.03226],[103.54247,21.03242],[103.54425,21.03163],[103.54648,21.0289],[103.54791,21.02633],[103.54819,21.02538],[103.54866,21.02424],[103.54922,21.02347],[103.5499,21.0229],[103.55085,21.02217],[103.55143,21.02188],[103.55527,21.02034],[103.56435,21.01875],[103.5649,21.01879],[103.56573,21.01911],[103.56658,21.01917],[103.56759,21.01887],[103.56857,21.01824],[103.56952,21.01749],[103.56999,21.01711],[103.57113,21.01574],[103.57225,21.01429],[103.57754,21.00865],[103.57943,21.00689],[103.58216,21.00593],[103.58876,21.00351],[103.59641,21.00061],[103.59749,21.00013],[103.59938,20.99907],[103.60295,20.997],[103.60484,20.99509],[103.60545,20.99458],[103.60715,20.99339],[103.60844,20.99266],[103.60865,20.99254],[103.60868,20.99254],[103.61156,20.99255],[103.61817,20.99329],[103.62355,20.99295],[103.62602,20.99169],[103.62725,20.99134],[103.63049,20.99048],[103.63286,20.9901],[103.63378,20.99005],[103.6349,20.99006],[103.63589,20.99012],[103.63687,20.99032],[103.63784,20.99062],[103.6392,20.99101],[103.64046,20.99133],[103.64203,20.9914],[103.64297,20.99129],[103.64561,20.9908],[103.64817,20.99026],[103.65721,20.98962],[103.65799,20.98947],[103.65881,20.98915],[103.65961,20.98862],[103.66078,20.9877],[103.6617,20.98683],[103.66268,20.98581],[103.66336,20.98502],[103.66387,20.98429],[103.66407,20.98371],[103.66412,20.98195],[103.66395,20.98088],[103.66369,20.98008],[103.66435,20.9744],[103.66501,20.97125],[103.6652,20.97063],[103.66544,20.97016],[103.66574,20.96981],[103.66637,20.96948],[103.66714,20.96923],[103.6677,20.96889],[103.66782,20.96863],[103.66806,20.96767],[103.66809,20.96719],[103.6679,20.96303],[103.66786,20.96242],[103.66763,20.96061],[103.6675,20.95983],[103.66731,20.95916],[103.66912,20.95892],[103.67443,20.95823],[103.67487,20.95926],[103.6768,20.96063],[103.6771,20.96079],[103.67819,20.96121],[103.67873,20.96127],[103.67884,20.96119],[103.67907,20.96102],[103.68,20.96012],[103.68043,20.9597],[103.68153,20.95886],[103.68253,20.95827],[103.68388,20.95767],[103.68482,20.95763],[103.68821,20.95759],[103.68961,20.95773],[103.68987,20.95779],[103.6902,20.9579],[103.69104,20.95839],[103.69118,20.95852],[103.69119,20.95862],[103.69117,20.95871],[103.6924,20.96283],[103.69538,20.96682],[103.69903,20.97099],[103.70037,20.9709],[103.70236,20.97067],[103.70483,20.97047],[103.70636,20.97037],[103.70967,20.97092],[103.71416,20.97187],[103.71611,20.97292],[103.71867,20.97514],[103.71983,20.97601],[103.72075,20.97657],[103.72147,20.97696],[103.72217,20.97722],[103.72263,20.97733],[103.724,20.97723],[103.72683,20.97589],[103.72816,20.9749],[103.72851,20.97456],[103.72862,20.97441],[103.72866,20.97431],[103.73109,20.97321],[103.73797,20.97126],[103.73845,20.97123],[103.73899,20.9713],[103.73925,20.97137],[103.73944,20.97148],[103.73975,20.97168],[103.73997,20.97184],[103.74033,20.97213],[103.74142,20.973],[103.74208,20.97581],[103.74214,20.97608],[103.74216,20.97647],[103.74213,20.97719],[103.74123,20.98665],[103.74111,20.98685],[103.74099,20.98707],[103.741,20.98726],[103.74105,20.98759],[103.74114,20.98777],[103.7413,20.988],[103.74288,20.98989],[103.74298,20.98998],[103.7431,20.99005],[103.74513,20.99047],[103.74576,20.99057],[103.74642,20.99062],[103.74654,20.99064],[103.74669,20.9907],[103.74699,20.9909],[103.74826,20.99182],[103.74863,20.99213],[103.75088,20.99444],[103.75189,20.99645],[103.75266,20.99994],[103.75263,21.0022],[103.75245,21.00245],[103.7523,21.00275],[103.75218,21.00307],[103.7521,21.0034],[103.75189,21.00478],[103.75186,21.00511],[103.75205,21.00588],[103.75219,21.00633],[103.75238,21.00668],[103.75342,21.00848],[103.75357,21.0087],[103.75369,21.00883],[103.75382,21.00893],[103.75413,21.00905],[103.75483,21.00931],[103.75515,21.00941],[103.75532,21.00943],[103.75739,21.01314],[103.75901,21.02054],[103.75732,21.02288],[103.75707,21.02573],[103.75706,21.02849],[103.75757,21.03445],[103.75742,21.03429],[103.75687,21.03404],[103.75619,21.034],[103.75512,21.03415],[103.75389,21.03462],[103.75263,21.03531],[103.75167,21.03605],[103.75078,21.03673],[103.74668,21.0397],[103.74658,21.03975],[103.74568,21.04017],[103.74524,21.04031],[103.74513,21.04033],[103.74292,21.04022],[103.74125,21.03972],[103.74006,21.03864],[103.73984,21.03823],[103.73976,21.03821],[103.73926,21.03804],[103.7381,21.03772],[103.737,21.03755],[103.73663,21.03752],[103.73606,21.03751],[103.73507,21.0375],[103.73466,21.03754],[103.73329,21.03804],[103.73299,21.03826],[103.72983,21.04091],[103.72809,21.04319],[103.72792,21.04371],[103.72784,21.04389],[103.7275,21.04461],[103.72715,21.04533],[103.72662,21.04599],[103.72656,21.04606],[103.72449,21.04744],[103.72372,21.04786],[103.72347,21.04798],[103.72308,21.04804],[103.72266,21.04807],[103.72173,21.04804],[103.72137,21.04803],[103.72056,21.04798],[103.72032,21.04796],[103.71468,21.04855],[103.70846,21.05006],[103.70667,21.05616],[103.70641,21.05778],[103.70622,21.05831],[103.70602,21.05858],[103.70254,21.06246],[103.70079,21.06399],[103.70067,21.06408],[103.69515,21.06677],[103.68899,21.0681],[103.68872,21.06808],[103.68846,21.06808],[103.68826,21.06811],[103.6881,21.06816],[103.68789,21.06823],[103.6875,21.0684],[103.68694,21.06863],[103.68674,21.06872],[103.68648,21.06889],[103.68623,21.06916],[103.68483,21.07081],[103.68467,21.07101],[103.68456,21.07125],[103.68417,21.0726],[103.68396,21.07386],[103.68385,21.07485],[103.68314,21.07637],[103.68163,21.0789],[103.68118,21.07941],[103.68022,21.07937],[103.67933,21.0793],[103.67906,21.07923],[103.67889,21.07912],[103.67872,21.07894],[103.67842,21.07853],[103.67818,21.07826],[103.67796,21.07812],[103.67747,21.0781],[103.67572,21.07833],[103.67528,21.07845],[103.672,21.07973],[103.67191,21.07978],[103.67182,21.07986],[103.67122,21.08037],[103.66943,21.08205],[103.66811,21.08199],[103.66613,21.08207],[103.65762,21.08256],[103.64552,21.08284],[103.64466,21.08282],[103.64284,21.08274],[103.64165,21.08253],[103.63981,21.08209],[103.63966,21.08205],[103.63291,21.07902],[103.63266,21.07879],[103.63238,21.07858],[103.63223,21.07847],[103.63195,21.07827],[103.63051,21.07729],[103.6303,21.07716],[103.63005,21.07708],[103.62971,21.07699],[103.62929,21.07692],[103.62898,21.07691],[103.62634,21.07708],[103.62454,21.07723],[103.62217,21.07815],[103.62112,21.07874],[103.61634,21.08172],[103.61555,21.08228],[103.61457,21.08317],[103.61499,21.0839],[103.61532,21.08437],[103.61562,21.08472],[103.61582,21.08492],[103.61626,21.08536],[103.61697,21.08745],[103.61769,21.09055],[103.61868,21.09704],[103.6185,21.09866],[103.61742,21.10066],[103.61517,21.10126],[103.61385,21.10137],[103.61154,21.1018],[103.60787,21.10263],[103.60718,21.10313],[103.60638,21.10421],[103.60601,21.10483],[103.60583,21.10588],[103.60587,21.10645],[103.6059,21.10668],[103.60588,21.10687],[103.60579,21.10707],[103.60571,21.10716],[103.60561,21.10722],[103.60554,21.10725],[103.60497,21.10736],[103.60231,21.10773],[103.59968,21.10806],[103.5994,21.10809],[103.59912,21.10812],[103.59879,21.10808],[103.59861,21.10803],[103.59826,21.1079],[103.59751,21.10756],[103.59734,21.10748],[103.59724,21.10741],[103.59233,21.10609],[103.59208,21.10605],[103.59207,21.10605],[103.59192,21.10604],[103.59184,21.10605],[103.59174,21.10607],[103.59078,21.10638],[103.59054,21.10649],[103.59039,21.10658],[103.59021,21.10669],[103.58695,21.10875]]]},"properties":{"commune_code":"04210","commune_name":"Xã Huổi Một","commune_kind":"XA","province_code":"14","province_name":"Tỉnh Sơn La","area_km2":240.66,"valid_from":"16/6/2025","published":"13/07/2025","area_km2_geom":239.999646746862,"quality_flag":null,"population":12349.0,"population_wp":10585.613409850746,"anchor_ratio":1.1665833166085853,"pop_source":"WORLDPOP2025_ANCHORED_VNSDI","pop_density_ppkm2":51.45424240155246,"n_stations":0,"n_ports":0,"power_kw_site":0.0,"ports_per_10k_pop":0.0,"util_mean_port_weighted":null,"dist_station_m_pop_weighted":16411.16740959304}},{"type":"Feature","geometry":{"type":"Polygon","coordinates":[[[103.88862,21.06183],[103.8873,21.06312],[103.88288,21.06154],[103.87689,21.05959],[103.87379,21.0586],[103.87224,21.05871],[103.87118,21.059],[103.86499,21.05846],[103.86143,21.0574],[103.86245,21.05438],[103.86351,21.05243],[103.86357,21.05229],[103.86364,21.052],[103.8637,21.05167],[103.86381,21.05008],[103.86362,21.04811],[103.86247,21.0424],[103.86167,21.04041],[103.8599,21.03869],[103.85851,21.03632],[103.85847,21.0331],[103.85784,21.02728],[103.85616,21.02556],[103.85371,21.02435],[103.85027,21.02622],[103.84998,21.02634],[103.84984,21.02635],[103.84972,21.02634],[103.84945,21.02628],[103.84498,21.02399],[103.84479,21.02385],[103.84458,21.02355],[103.84346,21.02188],[103.84327,21.02151],[103.84315,21.02114],[103.84309,21.02089],[103.84309,21.02077],[103.84312,21.02062],[103.84319,21.02044],[103.84365,21.01815],[103.84342,21.01296],[103.84294,21.0105],[103.84265,21.00593],[103.84312,21.00267],[103.84323,21.00143],[103.84321,21.00114],[103.84316,21.00098],[103.84293,21.00072],[103.83693,20.99665],[103.83169,20.99495],[103.81975,20.98862],[103.81926,20.9883],[103.81812,20.98707],[103.81737,20.98613],[103.81685,20.98534],[103.81675,20.98518],[103.81627,20.98434],[103.81513,20.98198],[103.81503,20.98175],[103.815,20.98152],[103.81499,20.9813],[103.81559,20.98028],[103.81607,20.97595],[103.81601,20.97502],[103.81598,20.97455],[103.81523,20.97403],[103.81392,20.97384],[103.81337,20.97351],[103.8124,20.96864],[103.81414,20.96139],[103.81673,20.95638],[103.81696,20.956],[103.81701,20.95586],[103.81705,20.95561],[103.81703,20.95537],[103.81695,20.95491],[103.81693,20.95485],[103.81688,20.95471],[103.8156,20.95201],[103.81494,20.95074],[103.81175,20.94649],[103.81206,20.94168],[103.81171,20.93666],[103.81101,20.93642],[103.8104,20.9362],[103.80953,20.93577],[103.8078,20.93451],[103.80699,20.93118],[103.80657,20.92808],[103.80695,20.9268],[103.8066,20.92485],[103.80566,20.92418],[103.80235,20.92303],[103.80092,20.92294],[103.79562,20.92229],[103.78936,20.92031],[103.78928,20.92027],[103.78922,20.92021],[103.78858,20.91917],[103.78847,20.91896],[103.78827,20.9184],[103.78815,20.91803],[103.78806,20.91759],[103.78777,20.91435],[103.78623,20.9068],[103.78566,20.90412],[103.78681,20.90101],[103.7876,20.89956],[103.79019,20.89785],[103.79129,20.89647],[103.79334,20.89351],[103.79353,20.89311],[103.79499,20.88997],[103.79949,20.8855],[103.80005,20.88316],[103.79956,20.88044],[103.79897,20.87463],[103.79888,20.87299],[103.7995,20.87148],[103.80037,20.87024],[103.8033,20.86752],[103.80623,20.86662],[103.80923,20.8661],[103.81323,20.865],[103.81705,20.86769],[103.82174,20.87275],[103.82668,20.87356],[103.83204,20.87224],[103.83846,20.86706],[103.84611,20.86227],[103.84838,20.86229],[103.85165,20.86463],[103.85463,20.86825],[103.85832,20.87273],[103.85838,20.87281],[103.85871,20.87305],[103.86841,20.88023],[103.87575,20.88946],[103.87677,20.89074],[103.87858,20.8926],[103.88168,20.8958],[103.8868,20.89912],[103.88885,20.90049],[103.88947,20.90091],[103.89089,20.90186],[103.89103,20.90211],[103.89293,20.90555],[103.89555,20.90623],[103.89627,20.90799],[103.898,20.91398],[103.89823,20.9153],[103.89847,20.91745],[103.89855,20.9194],[103.89854,20.91954],[103.89851,20.91967],[103.89845,20.91982],[103.89832,20.92002],[103.89801,20.92039],[103.89694,20.92152],[103.896,20.92248],[103.89582,20.92267],[103.89572,20.92284],[103.89552,20.92323],[103.89534,20.92366],[103.89524,20.92396],[103.89518,20.92412],[103.89516,20.92429],[103.89516,20.92444],[103.89548,20.92656],[103.89593,20.92815],[103.898,20.93008],[103.90081,20.93226],[103.90326,20.93371],[103.90661,20.93506],[103.91168,20.93896],[103.91275,20.94136],[103.91381,20.94314],[103.91436,20.94407],[103.91492,20.94406],[103.91533,20.94402],[103.91576,20.94398],[103.91609,20.94392],[103.91662,20.94382],[103.91711,20.94371],[103.91737,20.94363],[103.91764,20.94354],[103.91811,20.94334],[103.9185,20.94313],[103.91883,20.94291],[103.91904,20.94274],[103.91936,20.94246],[103.92251,20.94088],[103.92703,20.94752],[103.92842,20.9534],[103.93522,20.95527],[103.93823,20.96046],[103.94539,20.97033],[103.94728,20.97215],[103.94835,20.9721],[103.94937,20.97204],[103.95057,20.9717],[103.95155,20.97107],[103.95286,20.97036],[103.95374,20.96996],[103.95593,20.9716],[103.95801,20.97457],[103.95881,20.97589],[103.95914,20.97651],[103.95946,20.97731],[103.9595,20.97956],[103.9595,20.97994],[103.95942,20.98034],[103.95934,20.98067],[103.9592,20.98121],[103.95892,20.98197],[103.95884,20.98218],[103.95877,20.98231],[103.95864,20.98246],[103.9574,20.98482],[103.95567,20.98816],[103.95413,20.99507],[103.95086,21.00141],[103.94986,21.00359],[103.95465,21.00657],[103.95871,21.00924],[103.95945,21.01],[103.96101,21.01178],[103.96112,21.01203],[103.96114,21.01227],[103.96116,21.01245],[103.96091,21.01339],[103.96096,21.01526],[103.9615,21.01706],[103.96266,21.0191],[103.96375,21.02111],[103.96633,21.03362],[103.966,21.03511],[103.96518,21.03793],[103.96525,21.04002],[103.96568,21.04224],[103.96648,21.04444],[103.96615,21.04524],[103.96562,21.04587],[103.96239,21.04736],[103.95828,21.04917],[103.95065,21.05115],[103.94869,21.05133],[103.9469,21.05098],[103.94538,21.05011],[103.94242,21.048],[103.94171,21.04743],[103.93955,21.04504],[103.93559,21.04249],[103.93468,21.04231],[103.92898,21.04147],[103.92544,21.04099],[103.92142,21.042],[103.91459,21.04548],[103.90795,21.05065],[103.90546,21.05234],[103.90519,21.05222],[103.90085,21.05024],[103.89982,21.05087],[103.89587,21.05297],[103.88842,21.05579],[103.89055,21.05684],[103.8907,21.05876],[103.88862,21.06183]]]},"properties":{"commune_code":"04219","commune_name":"Xã Mường Hung","commune_kind":"XA","province_code":"14","province_name":"Tỉnh Sơn La","area_km2":226.09,"valid_from":"16/6/2025","published":"13/07/2025","area_km2_geom":225.74535103005957,"quality_flag":null,"population":24613.0,"population_wp":33888.51818284392,"anchor_ratio":0.7262931907261835,"pop_source":"WORLDPOP2025_ANCHORED_VNSDI","pop_density_ppkm2":109.02993079455536,"n_stations":0,"n_ports":0,"power_kw_site":0.0,"ports_per_10k_pop":0.0,"util_mean_port_weighted":null,"dist_station_m_pop_weighted":21373.16170279084}},{"type":"Feature","geometry":{"type":"Polygon","coordinates":[[[104.00302,21.02794],[104.00181,21.02918],[104.00064,21.029],[103.99879,21.0278],[103.99515,21.02491],[103.99135,21.02155],[103.9892,21.02006],[103.98416,21.01739],[103.98177,21.01644],[103.97788,21.01571],[103.97381,21.01504],[103.97036,21.01412],[103.96871,21.01359],[103.96601,21.0125],[103.96439,21.01156],[103.96353,21.01149],[103.96125,21.01211],[103.96116,21.01245],[103.96114,21.01227],[103.96112,21.01203],[103.96101,21.01178],[103.95945,21.01],[103.95871,21.00924],[103.95465,21.00657],[103.94986,21.00359],[103.95086,21.00141],[103.95413,20.99507],[103.95567,20.98816],[103.9574,20.98482],[103.95864,20.98246],[103.95877,20.98231],[103.95884,20.98218],[103.95892,20.98197],[103.9592,20.98121],[103.95934,20.98067],[103.95942,20.98034],[103.9595,20.97994],[103.9595,20.97956],[103.95946,20.97731],[103.95914,20.97651],[103.95881,20.97589],[103.95801,20.97457],[103.95593,20.9716],[103.95374,20.96996],[103.95286,20.97036],[103.95155,20.97107],[103.95057,20.9717],[103.94937,20.97204],[103.94835,20.9721],[103.94728,20.97215],[103.94539,20.97033],[103.93823,20.96046],[103.93522,20.95527],[103.92842,20.9534],[103.92703,20.94752],[103.92251,20.94088],[103.91936,20.94246],[103.91904,20.94274],[103.91883,20.94291],[103.9185,20.94313],[103.91811,20.94334],[103.91764,20.94354],[103.91737,20.94363],[103.91711,20.94371],[103.91662,20.94382],[103.91609,20.94392],[103.91576,20.94398],[103.91533,20.94402],[103.91492,20.94406],[103.91436,20.94407],[103.91381,20.94314],[103.91275,20.94136],[103.91168,20.93896],[103.90661,20.93506],[103.90326,20.93371],[103.90081,20.93226],[103.898,20.93008],[103.89593,20.92815],[103.89548,20.92656],[103.89516,20.92444],[103.89516,20.92429],[103.89518,20.92412],[103.89524,20.92396],[103.89534,20.92366],[103.89552,20.92323],[103.89572,20.92284],[103.89582,20.92267],[103.896,20.92248],[103.89694,20.92152],[103.89801,20.92039],[103.89832,20.92002],[103.89845,20.91982],[103.89851,20.91967],[103.89854,20.91954],[103.89855,20.9194],[103.89847,20.91745],[103.89823,20.9153],[103.898,20.91398],[103.89627,20.90799],[103.89555,20.90623],[103.89601,20.90635],[103.89805,20.90636],[103.8991,20.90637],[103.9057,20.90389],[103.91395,20.90201],[103.92135,20.90322],[103.92703,20.90345],[103.93142,20.90364],[103.93226,20.90367],[103.93656,20.90247],[103.93701,20.90235],[103.93941,20.90033],[103.94363,20.89677],[103.94817,20.89584],[103.95076,20.89585],[103.95311,20.89587],[103.95599,20.89646],[103.95895,20.89918],[103.96151,20.90153],[103.96988,20.91203],[103.97144,20.91236],[103.97461,20.91303],[103.97525,20.91285],[103.9808,20.91132],[103.98725,20.91003],[103.989,20.90968],[103.98925,20.90963],[103.98935,20.90952],[103.99135,20.9074],[103.99215,20.90655],[103.99545,20.90541],[104.00385,20.90546],[104.00575,20.90547],[104.01522,20.90456],[104.02099,20.90343],[104.02503,20.90322],[104.02779,20.90308],[104.03227,20.90399],[104.03272,20.90408],[104.03805,20.90837],[104.03887,20.90879],[104.04441,20.91169],[104.04768,20.91616],[104.04847,20.92159],[104.04844,20.92645],[104.04843,20.92817],[104.04943,20.93185],[104.05053,20.93293],[104.05496,20.9373],[104.05678,20.94157],[104.05608,20.94312],[104.05302,20.94987],[104.05425,20.95143],[104.05682,20.95296],[104.05753,20.95338],[104.06514,20.95594],[104.0683,20.95785],[104.0704,20.95911],[104.06736,20.96288],[104.06165,20.96729],[104.06093,20.96749],[104.0594,20.96811],[104.05827,20.96866],[104.05722,20.96938],[104.05417,20.97164],[104.05404,20.97175],[104.05393,20.97185],[104.05375,20.97204],[104.05356,20.9723],[104.05327,20.97281],[104.05243,20.97444],[104.04357,20.98367],[104.04021,20.98708],[104.03985,20.98724],[104.03941,20.98745],[104.03909,20.98759],[104.0387,20.98779],[104.03859,20.98785],[104.03463,20.98997],[104.03426,20.99017],[104.03392,20.99038],[104.03371,20.99053],[104.03368,20.99056],[104.0335,20.99071],[104.03309,20.99107],[104.03125,20.99273],[104.03105,20.99291],[104.02974,20.99414],[104.02925,20.99461],[104.02907,20.99481],[104.02899,20.99491],[104.02893,20.99502],[104.02888,20.99513],[104.02886,20.99519],[104.02892,20.99524],[104.02952,20.99509],[104.03245,20.99811],[104.03549,21.0053],[104.03667,21.00794],[104.03775,21.01064],[104.03386,21.01228],[104.03184,21.01283],[104.03096,21.01304],[104.03068,21.01309],[104.03035,21.01313],[104.02994,21.01316],[104.02961,21.0131],[104.02362,21.0106],[104.01437,21.0096],[104.01044,21.00984],[104.00589,21.01433],[104.00267,21.01826],[104.00271,21.02584],[104.00302,21.02794]]]},"properties":{"commune_code":"04222","commune_name":"Xã Chiềng Khương","commune_kind":"XA","province_code":"14","province_name":"Tỉnh Sơn La","area_km2":149.82,"valid_from":"16/6/2025","published":"13/07/2025","area_km2_geom":148.63112891333247,"quality_flag":null,"population":18712.0,"population_wp":27226.001598935574,"anchor_ratio":0.6872841732563316,"pop_source":"WORLDPOP2025_ANCHORED_VNSDI","pop_density_ppkm2":125.89556532878827,"n_stations":1,"n_ports":4,"power_kw_site":240.0,"ports_per_10k_pop":2.1376656690893543,"util_mean_port_weighted":0.07022248708780295,"dist_station_m_pop_weighted":7931.279309169739}},{"type":"Feature","geometry":{"type":"Polygon","coordinates":[[[103.29156,21.10066],[103.28906,21.10199],[103.28668,21.1],[103.28816,21.09916],[103.28805,21.09632],[103.28686,21.09177],[103.28629,21.09134],[103.28547,21.09102],[103.28395,21.09068],[103.28213,21.09029],[103.28353,21.08672],[103.28623,21.07986],[103.28793,21.07783],[103.28806,21.07779],[103.28818,21.07773],[103.2886,21.07742],[103.28881,21.07717],[103.28889,21.07707],[103.28892,21.07696],[103.28892,21.07679],[103.28884,21.07643],[103.28833,21.07421],[103.28604,21.06765],[103.28408,21.06591],[103.2776,21.06044],[103.27752,21.06042],[103.27725,21.05786],[103.27713,21.0568],[103.27762,21.05198],[103.27831,21.04757],[103.28059,21.04277],[103.28245,21.03887],[103.28335,21.03697],[103.28362,21.03646],[103.28562,21.03261],[103.28591,21.03206],[103.28593,21.03202],[103.28772,21.02858],[103.28785,21.02784],[103.28813,21.02623],[103.28863,21.02337],[103.28826,21.01874],[103.28653,21.01433],[103.28571,21.01224],[103.28494,21.01027],[103.28309,21.00342],[103.28291,21.00021],[103.28311,20.99944],[103.28335,20.99848],[103.28358,20.99757],[103.28442,20.99712],[103.28962,20.99435],[103.28977,20.99467],[103.29126,20.99762],[103.29375,21.00053],[103.2981,21.00422],[103.29846,21.00451],[103.29911,21.00478],[103.30011,21.00488],[103.30131,21.0049],[103.30276,21.0048],[103.30432,21.00447],[103.30982,21.0054],[103.31356,21.00716],[103.31661,21.00825],[103.32022,21.0093],[103.32469,21.00975],[103.33074,21.00945],[103.33143,21.00903],[103.33158,21.00898],[103.33334,21.00876],[103.33501,21.00881],[103.33581,21.00884],[103.33625,21.00895],[103.34031,21.01057],[103.34141,21.01126],[103.34226,21.01229],[103.34324,21.01335],[103.34352,21.0136],[103.34583,21.01519],[103.34653,21.01558],[103.34787,21.01596],[103.34816,21.01604],[103.34913,21.01596],[103.35088,21.01538],[103.35275,21.01443],[103.35293,21.0143],[103.35312,21.01412],[103.35484,21.01137],[103.35667,21.00834],[103.35776,21.00297],[103.36242,20.9975],[103.37282,20.99354],[103.37689,20.99298],[103.3807,20.99166],[103.383,20.98995],[103.38665,20.98957],[103.38833,20.98943],[103.39135,20.9895],[103.3921,20.99071],[103.39398,20.99156],[103.39766,20.9911],[103.39779,20.99108],[103.39857,20.99082],[103.39877,20.99075],[103.39891,20.9907],[103.39908,20.99062],[103.39988,20.9902],[103.40003,20.99009],[103.40661,20.99165],[103.40729,20.99151],[103.41212,20.98925],[103.41318,20.98832],[103.41414,20.98698],[103.41527,20.98453],[103.41535,20.98433],[103.41539,20.98414],[103.41541,20.98398],[103.41505,20.97663],[103.41409,20.97607],[103.41288,20.9739],[103.41281,20.97374],[103.41278,20.97365],[103.41277,20.97294],[103.41283,20.97257],[103.4155,20.96837],[103.41756,20.96583],[103.41861,20.96483],[103.42012,20.96281],[103.42067,20.96145],[103.42152,20.95854],[103.42155,20.95614],[103.41851,20.95382],[103.41548,20.95035],[103.41522,20.9446],[103.41652,20.94165],[103.42024,20.93937],[103.42275,20.9379],[103.42633,20.93734],[103.42926,20.93639],[103.42964,20.93395],[103.43105,20.93235],[103.43615,20.92923],[103.43918,20.9291],[103.44425,20.92961],[103.44645,20.92965],[103.45011,20.92881],[103.45054,20.92857],[103.45099,20.92772],[103.45165,20.92611],[103.45173,20.9255],[103.45203,20.92407],[103.4526,20.92268],[103.45383,20.92096],[103.45407,20.92089],[103.45512,20.92079],[103.45606,20.92048],[103.45863,20.91913],[103.46034,20.91777],[103.46114,20.91673],[103.46146,20.91573],[103.46193,20.91506],[103.46276,20.91467],[103.46696,20.91315],[103.46948,20.9138],[103.47168,20.91424],[103.47332,20.9138],[103.47595,20.91265],[103.47891,20.91234],[103.48276,20.91406],[103.48776,20.91501],[103.48819,20.91497],[103.48899,20.91483],[103.4895,20.91459],[103.48959,20.91446],[103.49369,20.91036],[103.49474,20.91086],[103.49615,20.91142],[103.49787,20.9121],[103.50438,20.91402],[103.51028,20.91548],[103.51066,20.9155],[103.51129,20.91553],[103.51283,20.91526],[103.51339,20.91505],[103.51547,20.91303],[103.51704,20.91132],[103.51908,20.91147],[103.52192,20.91228],[103.52388,20.91346],[103.52456,20.91462],[103.52512,20.91516],[103.52842,20.91789],[103.53676,20.92209],[103.53898,20.92168],[103.54162,20.92067],[103.54412,20.91994],[103.54562,20.91969],[103.54745,20.92037],[103.5508,20.92057],[103.55116,20.92058],[103.55122,20.92058],[103.55175,20.92001],[103.55265,20.91888],[103.55379,20.91774],[103.55559,20.91622],[103.55564,20.91623],[103.55912,20.91811],[103.56194,20.92065],[103.56787,20.92427],[103.56824,20.92439],[103.56898,20.92472],[103.57028,20.92546],[103.57256,20.92779],[103.57306,20.92866],[103.57048,20.93647],[103.5755,20.94248],[103.58095,20.94825],[103.5837,20.94934],[103.58586,20.95039],[103.58624,20.95064],[103.58636,20.95077],[103.58643,20.95085],[103.58651,20.95097],[103.58657,20.95108],[103.58667,20.95131],[103.58669,20.95138],[103.58701,20.95249],[103.58705,20.95272],[103.58706,20.95287],[103.58793,20.95589],[103.59014,20.95838],[103.59229,20.95921],[103.5962,20.9635],[103.60366,20.97194],[103.60295,20.97335],[103.60437,20.98084],[103.60435,20.98356],[103.60392,20.98513],[103.6027,20.98686],[103.60677,20.99082],[103.60868,20.99254],[103.60865,20.99254],[103.60844,20.99266],[103.60715,20.99339],[103.60545,20.99458],[103.60484,20.99509],[103.60295,20.997],[103.59938,20.99907],[103.59749,21.00013],[103.59641,21.00061],[103.58876,21.00351],[103.58216,21.00593],[103.57943,21.00689],[103.57754,21.00865],[103.57225,21.01429],[103.57113,21.01574],[103.56999,21.01711],[103.56952,21.01749],[103.56857,21.01824],[103.56759,21.01887],[103.56658,21.01917],[103.56573,21.01911],[103.5649,21.01879],[103.56435,21.01875],[103.55527,21.02034],[103.55143,21.02188],[103.55085,21.02217],[103.5499,21.0229],[103.54922,21.02347],[103.54866,21.02424],[103.54819,21.02538],[103.54791,21.02633],[103.54648,21.0289],[103.54425,21.03163],[103.54247,21.03242],[103.53707,21.03226],[103.53125,21.03376],[103.52616,21.03561],[103.52042,21.04207],[103.51485,21.04827],[103.51174,21.05152],[103.50798,21.05135],[103.5019,21.05279],[103.50189,21.05279],[103.50062,21.0541],[103.4967,21.05818],[103.49538,21.06085],[103.49427,21.0641],[103.49315,21.06617],[103.49191,21.06745],[103.49145,21.06763],[103.49084,21.06787],[103.48297,21.06852],[103.48186,21.06779],[103.47732,21.06367],[103.47312,21.0635],[103.47127,21.06341],[103.46727,21.0629],[103.46717,21.06288],[103.46704,21.06283],[103.46634,21.06206],[103.46555,21.06069],[103.4651,21.05929],[103.46509,21.05735],[103.46586,21.05277],[103.46109,21.04825],[103.45946,21.04737],[103.45786,21.04718],[103.44675,21.04668],[103.44377,21.04658],[103.44053,21.04659],[103.4388,21.04758],[103.43415,21.05058],[103.42973,21.05358],[103.42919,21.05409],[103.42909,21.05428],[103.42902,21.05449],[103.42924,21.05545],[103.43071,21.05772],[103.43312,21.06061],[103.43475,21.06231],[103.43275,21.06355],[103.42519,21.0671],[103.42345,21.06734],[103.42343,21.06729],[103.42083,21.06604],[103.41734,21.06513],[103.4149,21.06449],[103.40954,21.0643],[103.40915,21.06438],[103.40447,21.06532],[103.40372,21.06547],[103.40097,21.06554],[103.39995,21.06557],[103.39008,21.06238],[103.38694,21.06136],[103.38419,21.06052],[103.3807,21.06089],[103.38042,21.06113],[103.37785,21.06332],[103.37689,21.06413],[103.37639,21.06441],[103.37208,21.06681],[103.36159,21.07093],[103.36001,21.07189],[103.35995,21.07193],[103.35554,21.07463],[103.35501,21.07495],[103.35339,21.07641],[103.35272,21.07701],[103.35272,21.07701],[103.34945,21.07994],[103.34579,21.0829],[103.33834,21.08706],[103.32332,21.09358],[103.31779,21.09489],[103.3169,21.09478],[103.31623,21.09469],[103.31503,21.09454],[103.31316,21.0943],[103.31031,21.09457],[103.30923,21.09467],[103.30645,21.0956],[103.30607,21.09573],[103.30093,21.09745],[103.29462,21.09791],[103.29358,21.09857],[103.29266,21.09943],[103.29217,21.10009],[103.29202,21.10027],[103.29188,21.1004],[103.29156,21.10066]]]},"properties":{"commune_code":"04228","commune_name":"Xã Púng Bánh","commune_kind":"XA","province_code":"14","province_name":"Tỉnh Sơn La","area_km2":364.64,"valid_from":"16/6/2025","published":"13/07/2025","area_km2_geom":364.2495231175305,"quality_flag":null,"population":17264.0,"population_wp":17868.222353041172,"anchor_ratio":0.966184529098479,"pop_source":"WORLDPOP2025_ANCHORED_VNSDI","pop_density_ppkm2":47.39608126934875,"n_stations":0,"n_ports":0,"power_kw_site":0.0,"ports_per_10k_pop":0.0,"util_mean_port_weighted":null,"dist_station_m_pop_weighted":15803.178062749286}},{"type":"Feature","geometry":{"type":"Polygon","coordinates":[[[103.62355,20.99295],[103.61817,20.99329],[103.61156,20.99255],[103.60868,20.99254],[103.60677,20.99082],[103.6027,20.98686],[103.60392,20.98513],[103.60435,20.98356],[103.60437,20.98084],[103.60295,20.97335],[103.60366,20.97194],[103.5962,20.9635],[103.59229,20.95921],[103.59014,20.95838],[103.58793,20.95589],[103.58706,20.95287],[103.58705,20.95272],[103.58701,20.95249],[103.58669,20.95138],[103.58667,20.95131],[103.58657,20.95108],[103.58651,20.95097],[103.58643,20.95085],[103.58636,20.95077],[103.58624,20.95064],[103.58586,20.95039],[103.5837,20.94934],[103.58095,20.94825],[103.5755,20.94248],[103.57048,20.93647],[103.57306,20.92866],[103.57256,20.92779],[103.57028,20.92546],[103.56898,20.92472],[103.56824,20.92439],[103.56787,20.92427],[103.56194,20.92065],[103.55912,20.91811],[103.55564,20.91623],[103.55559,20.91622],[103.55379,20.91774],[103.55265,20.91888],[103.55175,20.92001],[103.55122,20.92058],[103.55116,20.92058],[103.5508,20.92057],[103.54745,20.92037],[103.54562,20.91969],[103.54412,20.91994],[103.54162,20.92067],[103.53898,20.92168],[103.53676,20.92209],[103.52842,20.91789],[103.52512,20.91516],[103.52456,20.91462],[103.52388,20.91346],[103.52192,20.91228],[103.51908,20.91147],[103.51704,20.91132],[103.51547,20.91303],[103.51339,20.91505],[103.51283,20.91526],[103.51129,20.91553],[103.51066,20.9155],[103.51028,20.91548],[103.50438,20.91402],[103.49787,20.9121],[103.49615,20.91142],[103.49474,20.91086],[103.49369,20.91036],[103.48959,20.91446],[103.4895,20.91459],[103.48899,20.91483],[103.48819,20.91497],[103.48776,20.91501],[103.48276,20.91406],[103.47891,20.91234],[103.47595,20.91265],[103.47332,20.9138],[103.47168,20.91424],[103.46948,20.9138],[103.46696,20.91315],[103.46276,20.91467],[103.46193,20.91506],[103.46146,20.91573],[103.46114,20.91673],[103.46034,20.91777],[103.45863,20.91913],[103.45606,20.92048],[103.45512,20.92079],[103.45354,20.92042],[103.44849,20.91755],[103.44769,20.91703],[103.4474,20.91678],[103.44374,20.91341],[103.44111,20.91078],[103.43857,20.90692],[103.43775,20.90333],[103.43708,20.89982],[103.43686,20.89849],[103.43676,20.89789],[103.43674,20.89763],[103.43677,20.897],[103.43688,20.89644],[103.43713,20.89579],[103.43768,20.8946],[103.43745,20.89362],[103.43669,20.89265],[103.43631,20.89222],[103.43223,20.88934],[103.42885,20.8867],[103.42917,20.88571],[103.42981,20.88433],[103.43515,20.87551],[103.43672,20.87404],[103.4375,20.87296],[103.43895,20.86893],[103.43896,20.86666],[103.43892,20.86626],[103.43884,20.8659],[103.4383,20.86541],[103.43782,20.86497],[103.4373,20.86453],[103.43649,20.86389],[103.4361,20.86298],[103.43549,20.86122],[103.43544,20.86088],[103.43544,20.86081],[103.43545,20.86074],[103.43547,20.86064],[103.43724,20.85799],[103.43867,20.85733],[103.44154,20.85616],[103.4437,20.8552],[103.4438,20.85515],[103.44388,20.85508],[103.44424,20.8546],[103.44473,20.85374],[103.44462,20.85203],[103.44442,20.85103],[103.44414,20.8502],[103.44423,20.84962],[103.44476,20.84795],[103.44687,20.84546],[103.44881,20.84423],[103.44954,20.84407],[103.45267,20.84171],[103.45482,20.8397],[103.45865,20.83516],[103.45937,20.83385],[103.45938,20.83343],[103.45927,20.83141],[103.45777,20.8296],[103.45564,20.82709],[103.45519,20.82594],[103.45518,20.8258],[103.45523,20.82562],[103.45551,20.825],[103.45611,20.82513],[103.45772,20.8265],[103.45977,20.8273],[103.46224,20.82712],[103.46265,20.82682],[103.46432,20.8256],[103.47055,20.81926],[103.47678,20.8139],[103.47969,20.81064],[103.47972,20.80812],[103.47894,20.80366],[103.47886,20.79931],[103.47881,20.79611],[103.47991,20.79287],[103.4805,20.7911],[103.48281,20.78686],[103.48566,20.78568],[103.48694,20.78515],[103.48741,20.78495],[103.48962,20.78401],[103.4915,20.78113],[103.49263,20.77921],[103.49268,20.77912],[103.49297,20.77862],[103.4967,20.77614],[103.49919,20.77365],[103.50005,20.76978],[103.5018,20.76574],[103.50363,20.76149],[103.50696,20.75726],[103.51048,20.75439],[103.51647,20.75154],[103.52121,20.75081],[103.52717,20.75124],[103.53017,20.75217],[103.53704,20.7543],[103.53707,20.75431],[103.54072,20.75349],[103.54341,20.75196],[103.55046,20.74602],[103.55375,20.74547],[103.55744,20.74744],[103.55909,20.74772],[103.56339,20.74845],[103.56956,20.74793],[103.57026,20.74803],[103.57511,20.74875],[103.57982,20.74878],[103.58148,20.7488],[103.58787,20.74711],[103.59508,20.7462],[103.59974,20.7446],[103.59982,20.7452],[103.60008,20.74634],[103.60076,20.74726],[103.60218,20.7483],[103.60281,20.74871],[103.60598,20.75511],[103.60641,20.75566],[103.61003,20.75967],[103.61538,20.76116],[103.62015,20.76116],[103.62375,20.76146],[103.62391,20.76152],[103.6249,20.762],[103.62581,20.76254],[103.62812,20.76414],[103.62845,20.76586],[103.63143,20.77035],[103.63153,20.7705],[103.63165,20.77061],[103.63178,20.77072],[103.63205,20.77093],[103.63211,20.77097],[103.63216,20.77098],[103.63753,20.77272],[103.63763,20.77274],[103.63806,20.77278],[103.63821,20.77278],[103.63925,20.77264],[103.63948,20.7726],[103.63964,20.77256],[103.63979,20.77248],[103.63995,20.77243],[103.64001,20.77241],[103.6402,20.77238],[103.64147,20.77293],[103.64279,20.77365],[103.64466,20.77672],[103.64471,20.77696],[103.64471,20.77708],[103.64458,20.79039],[103.64452,20.79395],[103.64212,20.79755],[103.64116,20.79911],[103.64153,20.79941],[103.64171,20.79955],[103.64197,20.79973],[103.64215,20.79984],[103.64421,20.80088],[103.64434,20.8009],[103.64445,20.80092],[103.64464,20.80095],[103.64483,20.80097],[103.64496,20.80097],[103.64547,20.80097],[103.64554,20.80096],[103.64563,20.80094],[103.64574,20.80088],[103.64579,20.80081],[103.64656,20.80055],[103.64776,20.80021],[103.64862,20.80002],[103.64958,20.79983],[103.64971,20.79984],[103.6498,20.79985],[103.65051,20.8001],[103.65084,20.80023],[103.65113,20.80037],[103.65147,20.80057],[103.65161,20.80067],[103.65337,20.80205],[103.6541,20.80284],[103.65749,20.80998],[103.66377,20.81336],[103.67041,20.81604],[103.67603,20.8155],[103.67822,20.81609],[103.68084,20.81756],[103.68165,20.81836],[103.68085,20.82064],[103.6805,20.82091],[103.68036,20.82103],[103.68025,20.82115],[103.68009,20.82133],[103.67994,20.8215],[103.67986,20.82163],[103.67966,20.82196],[103.67959,20.82211],[103.67951,20.82237],[103.6793,20.82327],[103.67929,20.82338],[103.67927,20.82557],[103.68088,20.83001],[103.68125,20.83717],[103.68218,20.84639],[103.68501,20.85167],[103.68938,20.85446],[103.69036,20.85434],[103.69089,20.85436],[103.69177,20.85447],[103.69303,20.85494],[103.6951,20.85573],[103.69551,20.85597],[103.69939,20.85853],[103.69926,20.86233],[103.70742,20.87256],[103.70949,20.87381],[103.7091,20.87503],[103.70872,20.8756],[103.70798,20.8764],[103.70642,20.87725],[103.70495,20.87822],[103.70305,20.87962],[103.70248,20.88025],[103.70206,20.881],[103.70169,20.88171],[103.70133,20.88246],[103.70076,20.88384],[103.70066,20.8843],[103.70071,20.88454],[103.70101,20.88475],[103.70139,20.88491],[103.70227,20.88513],[103.7028,20.88801],[103.70221,20.89045],[103.70051,20.89335],[103.69665,20.89726],[103.69297,20.90045],[103.69132,20.90117],[103.69054,20.90187],[103.68961,20.90291],[103.68574,20.90796],[103.68515,20.90894],[103.68468,20.9102],[103.68457,20.91113],[103.68474,20.91194],[103.68512,20.9125],[103.68643,20.91332],[103.68668,20.91375],[103.6867,20.9144],[103.68657,20.91521],[103.68595,20.91671],[103.68468,20.91938],[103.68334,20.9214],[103.68048,20.92448],[103.67756,20.92751],[103.66777,20.93708],[103.66147,20.94177],[103.66064,20.94212],[103.65867,20.94338],[103.65823,20.94376],[103.65561,20.94683],[103.65626,20.95044],[103.65738,20.95247],[103.6585,20.95325],[103.6609,20.95429],[103.66232,20.95478],[103.66252,20.9548],[103.66326,20.95477],[103.66357,20.95474],[103.66393,20.95476],[103.66443,20.9549],[103.66547,20.95535],[103.66688,20.95813],[103.66727,20.95902],[103.66731,20.95916],[103.6675,20.95983],[103.66763,20.96061],[103.66786,20.96242],[103.6679,20.96303],[103.66809,20.96719],[103.66806,20.96767],[103.66782,20.96863],[103.6677,20.96889],[103.66714,20.96923],[103.66637,20.96948],[103.66574,20.96981],[103.66544,20.97016],[103.6652,20.97063],[103.66501,20.97125],[103.66435,20.9744],[103.66369,20.98008],[103.66395,20.98088],[103.66412,20.98195],[103.66407,20.98371],[103.66387,20.98429],[103.66336,20.98502],[103.66268,20.98581],[103.6617,20.98683],[103.66078,20.9877],[103.65961,20.98862],[103.65881,20.98915],[103.65799,20.98947],[103.65721,20.98962],[103.64817,20.99026],[103.64561,20.9908],[103.64297,20.99129],[103.64203,20.9914],[103.64046,20.99133],[103.6392,20.99101],[103.63784,20.99062],[103.63687,20.99032],[103.63589,20.99012],[103.6349,20.99006],[103.63378,20.99005],[103.63286,20.9901],[103.63049,20.99048],[103.62725,20.99134],[103.62602,20.99169],[103.62355,20.99295]]]},"properties":{"commune_code":"04231","commune_name":"Xã Sốp Cộp","commune_kind":"XA","province_code":"14","province_name":"Tỉnh Sơn La","area_km2":466.95,"valid_from":"16/6/2025","published":"13/07/2025","area_km2_geom":467.2967126139686,"quality_flag":null,"population":24086.0,"population_wp":29145.37339963019,"anchor_ratio":0.8264090382285381,"pop_source":"WORLDPOP2025_ANCHORED_VNSDI","pop_density_ppkm2":51.54326865529936,"n_stations":2,"n_ports":10,"power_kw_site":480.0,"ports_per_10k_pop":4.151789421240554,"util_mean_port_weighted":0.13056109898007132,"dist_station_m_pop_weighted":7395.838777757384}},{"type":"Feature","geometry":{"type":"Polygon","coordinates":[[[103.34913,21.01596],[103.34816,21.01604],[103.34787,21.01596],[103.34653,21.01558],[103.34583,21.01519],[103.34352,21.0136],[103.34324,21.01335],[103.34226,21.01229],[103.34141,21.01126],[103.34031,21.01057],[103.33625,21.00895],[103.33581,21.00884],[103.33501,21.00881],[103.33334,21.00876],[103.33158,21.00898],[103.33143,21.00903],[103.33074,21.00945],[103.32469,21.00975],[103.32022,21.0093],[103.31661,21.00825],[103.31356,21.00716],[103.30982,21.0054],[103.30432,21.00447],[103.30276,21.0048],[103.30131,21.0049],[103.30011,21.00488],[103.29911,21.00478],[103.29846,21.00451],[103.2981,21.00422],[103.29375,21.00053],[103.29126,20.99762],[103.28977,20.99467],[103.28962,20.99435],[103.29181,20.99318],[103.29604,20.98137],[103.29663,20.97971],[103.29696,20.97879],[103.29697,20.97877],[103.29785,20.97173],[103.29796,20.97081],[103.29769,20.96679],[103.29748,20.96354],[103.29696,20.95583],[103.2975,20.95189],[103.29789,20.94911],[103.29695,20.947],[103.2969,20.94698],[103.29525,20.94638],[103.28969,20.94672],[103.28936,20.94677],[103.28934,20.94677],[103.28626,20.94719],[103.28378,20.94603],[103.28276,20.94555],[103.27778,20.94138],[103.27569,20.93734],[103.27588,20.92971],[103.27635,20.9265],[103.27692,20.92522],[103.27773,20.92341],[103.27854,20.9216],[103.28742,20.91144],[103.28905,20.90875],[103.28854,20.90693],[103.28664,20.9044],[103.28242,20.89994],[103.27976,20.89871],[103.27773,20.89869],[103.27626,20.89954],[103.27569,20.89987],[103.27397,20.90108],[103.27275,20.90194],[103.27243,20.90217],[103.27203,20.90245],[103.27133,20.90244],[103.26787,20.90241],[103.26599,20.90167],[103.26393,20.90086],[103.25856,20.89766],[103.25725,20.89687],[103.24791,20.89391],[103.24778,20.89386],[103.24126,20.8939],[103.23645,20.89395],[103.23221,20.89487],[103.23188,20.89495],[103.22767,20.89587],[103.22592,20.89591],[103.22501,20.89594],[103.21558,20.89619],[103.21526,20.89385],[103.2152,20.89343],[103.21563,20.89189],[103.21772,20.88978],[103.2199,20.88789],[103.22125,20.88672],[103.22575,20.88149],[103.22751,20.87943],[103.23291,20.87484],[103.23314,20.87412],[103.23377,20.87214],[103.2336,20.86943],[103.23255,20.86702],[103.23199,20.86574],[103.22635,20.85367],[103.22617,20.85329],[103.22634,20.8522],[103.2275,20.84463],[103.22751,20.8446],[103.22754,20.84454],[103.22886,20.84212],[103.22919,20.84152],[103.23269,20.8387],[103.23417,20.83751],[103.23935,20.83466],[103.24535,20.83201],[103.25155,20.82917],[103.259,20.82518],[103.26189,20.82502],[103.26699,20.82836],[103.27293,20.83093],[103.27887,20.83274],[103.28233,20.83587],[103.28498,20.83802],[103.28528,20.83802],[103.28745,20.83805],[103.28994,20.83672],[103.29326,20.83423],[103.29328,20.83191],[103.29235,20.82757],[103.29211,20.82648],[103.29378,20.82437],[103.29772,20.8217],[103.30554,20.821],[103.30921,20.82104],[103.30986,20.82104],[103.31853,20.81881],[103.32072,20.81817],[103.32493,20.81694],[103.3301,20.81389],[103.33363,20.81223],[103.33775,20.81029],[103.34334,20.80686],[103.34619,20.80524],[103.34769,20.80438],[103.3516,20.80423],[103.3553,20.80493],[103.35591,20.80504],[103.36145,20.80664],[103.36474,20.80668],[103.3649,20.80656],[103.36681,20.80515],[103.37326,20.79843],[103.37804,20.79383],[103.38138,20.7898],[103.38428,20.7877],[103.3919,20.78622],[103.39225,20.78607],[103.39919,20.78295],[103.40011,20.78375],[103.4026,20.78594],[103.40707,20.7914],[103.41009,20.79353],[103.41401,20.7963],[103.41709,20.79652],[103.41777,20.79646],[103.42121,20.79617],[103.42779,20.79623],[103.4289,20.79624],[103.43213,20.79627],[103.43273,20.79628],[103.43643,20.79631],[103.43807,20.79671],[103.43991,20.79847],[103.44082,20.8018],[103.4413,20.80352],[103.44145,20.80874],[103.44179,20.81022],[103.44322,20.81631],[103.44506,20.81799],[103.44768,20.82039],[103.4477,20.82041],[103.4518,20.82219],[103.45347,20.82307],[103.45405,20.82337],[103.45611,20.82513],[103.45551,20.825],[103.45523,20.82562],[103.45518,20.8258],[103.45519,20.82594],[103.45564,20.82709],[103.45777,20.8296],[103.45927,20.83141],[103.45938,20.83343],[103.45937,20.83385],[103.45865,20.83516],[103.45482,20.8397],[103.45267,20.84171],[103.44954,20.84407],[103.44881,20.84423],[103.44687,20.84546],[103.44476,20.84795],[103.44423,20.84962],[103.44414,20.8502],[103.44442,20.85103],[103.44462,20.85203],[103.44473,20.85374],[103.44424,20.8546],[103.44388,20.85508],[103.4438,20.85515],[103.4437,20.8552],[103.44154,20.85616],[103.43867,20.85733],[103.43724,20.85799],[103.43547,20.86064],[103.43545,20.86074],[103.43544,20.86081],[103.43544,20.86088],[103.43549,20.86122],[103.4361,20.86298],[103.43649,20.86389],[103.4373,20.86453],[103.43782,20.86497],[103.4383,20.86541],[103.43884,20.8659],[103.43892,20.86626],[103.43896,20.86666],[103.43895,20.86893],[103.4375,20.87296],[103.43672,20.87404],[103.43515,20.87551],[103.42981,20.88433],[103.42917,20.88571],[103.42885,20.8867],[103.43223,20.88934],[103.43631,20.89222],[103.43669,20.89265],[103.43745,20.89362],[103.43768,20.8946],[103.43713,20.89579],[103.43688,20.89644],[103.43677,20.897],[103.43674,20.89763],[103.43676,20.89789],[103.43686,20.89849],[103.43708,20.89982],[103.43775,20.90333],[103.43857,20.90692],[103.44111,20.91078],[103.44374,20.91341],[103.4474,20.91678],[103.44769,20.91703],[103.44849,20.91755],[103.45354,20.92042],[103.45512,20.92079],[103.45407,20.92089],[103.45383,20.92096],[103.4526,20.92268],[103.45203,20.92407],[103.45173,20.9255],[103.45165,20.92611],[103.45099,20.92772],[103.45054,20.92857],[103.45011,20.92881],[103.44645,20.92965],[103.44425,20.92961],[103.43918,20.9291],[103.43615,20.92923],[103.43105,20.93235],[103.42964,20.93395],[103.42926,20.93639],[103.42633,20.93734],[103.42275,20.9379],[103.42024,20.93937],[103.41652,20.94165],[103.41522,20.9446],[103.41548,20.95035],[103.41851,20.95382],[103.42155,20.95614],[103.42152,20.95854],[103.42067,20.96145],[103.42012,20.96281],[103.41861,20.96483],[103.41756,20.96583],[103.4155,20.96837],[103.41283,20.97257],[103.41277,20.97294],[103.41278,20.97365],[103.41281,20.97374],[103.41288,20.9739],[103.41409,20.97607],[103.41505,20.97663],[103.41541,20.98398],[103.41539,20.98414],[103.41535,20.98433],[103.41527,20.98453],[103.41414,20.98698],[103.41318,20.98832],[103.41212,20.98925],[103.40729,20.99151],[103.40661,20.99165],[103.40003,20.99009],[103.39988,20.9902],[103.39908,20.99062],[103.39891,20.9907],[103.39877,20.99075],[103.39857,20.99082],[103.39779,20.99108],[103.39766,20.9911],[103.39398,20.99156],[103.3921,20.99071],[103.39135,20.9895],[103.38833,20.98943],[103.38665,20.98957],[103.383,20.98995],[103.3807,20.99166],[103.37689,20.99298],[103.37282,20.99354],[103.36242,20.9975],[103.35776,21.00297],[103.35667,21.00834],[103.35484,21.01137],[103.35312,21.01412],[103.35293,21.0143],[103.35275,21.01443],[103.35088,21.01538],[103.34913,21.01596]]]},"properties":{"commune_code":"04240","commune_name":"Xã Mường Lèo","commune_kind":"XA","province_code":"14","province_name":"Tỉnh Sơn La","area_km2":375.76,"valid_from":"16/6/2025","published":"13/07/2025","area_km2_geom":375.4487485840435,"quality_flag":"DANSO_CONG_BO_QUA_THAP","population":2426.3644473552704,"population_wp":2426.3644473552704,"anchor_ratio":1.7627195307209174,"pop_source":"WORLDPOP2025_UNANCHORED_OFFICIAL_IMPLAUSIBLE","pop_density_ppkm2":6.462571673246989,"n_stations":0,"n_ports":0,"power_kw_site":0.0,"ports_per_10k_pop":0.0,"util_mean_port_weighted":null,"dist_station_m_pop_weighted":54479.077598510514}},{"type":"Feature","geometry":{"type":"Polygon","coordinates":[[[103.70988,20.87284],[103.70949,20.87381],[103.70742,20.87256],[103.69926,20.86233],[103.69939,20.85853],[103.69551,20.85597],[103.6951,20.85573],[103.69303,20.85494],[103.69177,20.85447],[103.69089,20.85436],[103.69036,20.85434],[103.68938,20.85446],[103.68501,20.85167],[103.68218,20.84639],[103.68125,20.83717],[103.68088,20.83001],[103.67927,20.82557],[103.67929,20.82338],[103.6793,20.82327],[103.67951,20.82237],[103.67959,20.82211],[103.67966,20.82196],[103.67986,20.82163],[103.67994,20.8215],[103.68009,20.82133],[103.68025,20.82115],[103.68036,20.82103],[103.6805,20.82091],[103.68085,20.82064],[103.68165,20.81836],[103.68084,20.81756],[103.67822,20.81609],[103.67603,20.8155],[103.67041,20.81604],[103.66377,20.81336],[103.65749,20.80998],[103.6541,20.80284],[103.65337,20.80205],[103.65161,20.80067],[103.65147,20.80057],[103.65113,20.80037],[103.65084,20.80023],[103.65051,20.8001],[103.6498,20.79985],[103.64971,20.79984],[103.64958,20.79983],[103.64862,20.80002],[103.64776,20.80021],[103.64656,20.80055],[103.64579,20.80081],[103.64574,20.80088],[103.64563,20.80094],[103.64554,20.80096],[103.64547,20.80097],[103.64496,20.80097],[103.64483,20.80097],[103.64464,20.80095],[103.64445,20.80092],[103.64434,20.8009],[103.64421,20.80088],[103.64215,20.79984],[103.64197,20.79973],[103.64171,20.79955],[103.64153,20.79941],[103.64116,20.79911],[103.64212,20.79755],[103.64452,20.79395],[103.64458,20.79039],[103.64471,20.77708],[103.64471,20.77696],[103.64466,20.77672],[103.64279,20.77365],[103.64147,20.77293],[103.6402,20.77238],[103.64001,20.77241],[103.63995,20.77243],[103.63979,20.77248],[103.63964,20.77256],[103.63948,20.7726],[103.63925,20.77264],[103.63821,20.77278],[103.63806,20.77278],[103.63763,20.77274],[103.63753,20.77272],[103.63216,20.77098],[103.63211,20.77097],[103.63205,20.77093],[103.63178,20.77072],[103.63165,20.77061],[103.63153,20.7705],[103.63143,20.77035],[103.62845,20.76586],[103.62812,20.76414],[103.62581,20.76254],[103.6249,20.762],[103.62391,20.76152],[103.62375,20.76146],[103.62015,20.76116],[103.61538,20.76116],[103.61003,20.75967],[103.60641,20.75566],[103.60598,20.75511],[103.60281,20.74871],[103.60218,20.7483],[103.60076,20.74726],[103.60008,20.74634],[103.59982,20.7452],[103.59974,20.7446],[103.60003,20.7445],[103.60267,20.74283],[103.60396,20.74201],[103.60623,20.73843],[103.60776,20.73603],[103.60897,20.73412],[103.61259,20.73096],[103.6127,20.73086],[103.61791,20.72902],[103.62074,20.72802],[103.63293,20.72173],[103.63399,20.7211],[103.63783,20.71883],[103.6381,20.71867],[103.63998,20.71559],[103.64332,20.70923],[103.64515,20.70492],[103.64626,20.70229],[103.64855,20.69901],[103.6533,20.69712],[103.65408,20.69705],[103.65762,20.69676],[103.6606,20.69803],[103.66458,20.69972],[103.66664,20.69896],[103.66817,20.69755],[103.66996,20.69589],[103.67125,20.68913],[103.67294,20.68372],[103.67331,20.68111],[103.67342,20.68036],[103.67474,20.67105],[103.67492,20.6698],[103.67602,20.66795],[103.677,20.66633],[103.68196,20.66308],[103.68711,20.66215],[103.69512,20.66279],[103.70096,20.66416],[103.70537,20.66519],[103.70744,20.66579],[103.71358,20.66758],[103.72221,20.66764],[103.73268,20.66927],[103.73677,20.67181],[103.73724,20.67218],[103.74022,20.67449],[103.7433,20.67689],[103.74513,20.67903],[103.74511,20.68155],[103.74254,20.68597],[103.74254,20.68597],[103.74239,20.68622],[103.74219,20.68656],[103.73934,20.69076],[103.73762,20.6933],[103.73447,20.69965],[103.73427,20.70005],[103.73438,20.70178],[103.73442,20.7024],[103.73482,20.70877],[103.73355,20.71503],[103.73353,20.71515],[103.73006,20.72284],[103.72997,20.72305],[103.72847,20.7304],[103.73111,20.73371],[103.7322,20.73389],[103.73707,20.73472],[103.74258,20.73467],[103.74858,20.73461],[103.75373,20.73446],[103.75844,20.73604],[103.76397,20.73879],[103.76446,20.73858],[103.76678,20.73759],[103.76934,20.7365],[103.77365,20.7377],[103.77427,20.73814],[103.78162,20.74337],[103.78587,20.74535],[103.78961,20.7471],[103.79103,20.75021],[103.78749,20.75463],[103.78694,20.75633],[103.78623,20.7585],[103.78547,20.76324],[103.78515,20.76526],[103.78693,20.77007],[103.78716,20.7707],[103.7872,20.77135],[103.78753,20.77651],[103.78688,20.77979],[103.78641,20.78055],[103.78197,20.78767],[103.78043,20.78981],[103.77833,20.79405],[103.77833,20.79412],[103.7783,20.79812],[103.77757,20.79952],[103.77558,20.80333],[103.77557,20.80507],[103.77578,20.80528],[103.77822,20.8078],[103.78558,20.81404],[103.79222,20.81839],[103.79336,20.81913],[103.79989,20.82518],[103.80009,20.82548],[103.80294,20.82984],[103.80311,20.83468],[103.80288,20.83571],[103.8005,20.8465],[103.80034,20.8472],[103.79723,20.84909],[103.79101,20.85069],[103.78565,20.85424],[103.78517,20.85447],[103.78473,20.85467],[103.784,20.85487],[103.78334,20.85495],[103.78146,20.8551],[103.77989,20.85497],[103.77299,20.85409],[103.76847,20.85222],[103.76807,20.85173],[103.76695,20.85099],[103.76613,20.85062],[103.76561,20.85053],[103.7638,20.8504],[103.76267,20.85055],[103.76149,20.85093],[103.76128,20.85099],[103.75373,20.85349],[103.75351,20.85362],[103.75325,20.85391],[103.75311,20.85476],[103.75308,20.85495],[103.75302,20.85537],[103.75307,20.85581],[103.74958,20.85759],[103.74773,20.85726],[103.74713,20.85715],[103.74139,20.85601],[103.73772,20.85413],[103.73641,20.85353],[103.73589,20.85335],[103.73547,20.85332],[103.73308,20.85487],[103.73247,20.85528],[103.73182,20.85584],[103.73089,20.85729],[103.73054,20.85798],[103.73025,20.859],[103.72972,20.86063],[103.72933,20.86131],[103.72878,20.86187],[103.72768,20.86283],[103.72152,20.86693],[103.7211,20.8672],[103.72066,20.8674],[103.72001,20.8676],[103.71931,20.86768],[103.71873,20.86768],[103.71741,20.8677],[103.71677,20.86778],[103.71627,20.8679],[103.71554,20.86821],[103.71486,20.86855],[103.71279,20.87021],[103.70988,20.87284]]]},"properties":{"commune_code":"04246","commune_name":"Xã Mường Lạn","commune_kind":"XA","province_code":"14","province_name":"Tỉnh Sơn La","area_km2":264.89,"valid_from":"16/6/2025","published":"13/07/2025","area_km2_geom":263.348923502333,"quality_flag":null,"population":10901.0,"population_wp":8908.539441764355,"anchor_ratio":1.2236573763028695,"pop_source":"WORLDPOP2025_ANCHORED_VNSDI","pop_density_ppkm2":41.39375189017406,"n_stations":0,"n_ports":0,"power_kw_site":0.0,"ports_per_10k_pop":0.0,"util_mean_port_weighted":null,"dist_station_m_pop_weighted":29713.444311283674}}]}