{"type":"FeatureCollection","features":[{"type":"Feature","geometry":{"type":"Polygon","coordinates":[[[105.34296,20.94308],[105.34288,20.94348],[105.33848,20.94241],[105.33144,20.93877],[105.32547,20.9375],[105.31916,20.93649],[105.31718,20.93341],[105.31695,20.93082],[105.31651,20.92581],[105.31431,20.92376],[105.31282,20.9237],[105.31244,20.92258],[105.31167,20.91819],[105.31165,20.9173],[105.31214,20.91605],[105.31303,20.91472],[105.31156,20.90845],[105.31076,20.90625],[105.30959,20.90371],[105.30935,20.90318],[105.30687,20.90103],[105.30581,20.90046],[105.3049,20.90013],[105.29335,20.88714],[105.29272,20.88591],[105.29229,20.88491],[105.29214,20.88416],[105.29221,20.88357],[105.2984,20.86424],[105.30228,20.85989],[105.30308,20.85917],[105.29636,20.8538],[105.29389,20.85099],[105.29234,20.84639],[105.29333,20.84134],[105.29504,20.8398],[105.29679,20.83762],[105.29729,20.83662],[105.29606,20.83552],[105.30049,20.82854],[105.30291,20.82567],[105.30451,20.82276],[105.3046,20.82089],[105.30429,20.81938],[105.30356,20.81782],[105.30212,20.8167],[105.30052,20.81579],[105.29955,20.81529],[105.29444,20.81278],[105.28049,20.80722],[105.28044,20.80598],[105.28054,20.80569],[105.28239,20.80148],[105.28411,20.79826],[105.28411,20.79825],[105.285,20.79808],[105.28981,20.79719],[105.29377,20.79728],[105.29784,20.79832],[105.30088,20.79968],[105.30273,20.80051],[105.30782,20.80395],[105.3112,20.80571],[105.31364,20.80609],[105.31575,20.806],[105.31603,20.80599],[105.31807,20.8057],[105.31948,20.8055],[105.31985,20.80545],[105.32086,20.80574],[105.32209,20.80665],[105.3235,20.80857],[105.32221,20.80963],[105.31826,20.81293],[105.318,20.8132],[105.31689,20.81437],[105.31284,20.82229],[105.31387,20.8238],[105.31443,20.82461],[105.31445,20.82464],[105.3162,20.82663],[105.31807,20.83348],[105.32116,20.83722],[105.3213,20.83734],[105.32321,20.83873],[105.32321,20.83873],[105.32342,20.83886],[105.32405,20.83922],[105.32422,20.83931],[105.32572,20.84014],[105.33293,20.84134],[105.33312,20.84135],[105.33757,20.84134],[105.3383,20.84109],[105.33844,20.84105],[105.33858,20.84101],[105.33903,20.84091],[105.33953,20.84083],[105.33988,20.84077],[105.3399,20.84077],[105.34066,20.84068],[105.34093,20.84065],[105.34266,20.84047],[105.34362,20.84041],[105.34386,20.84103],[105.34386,20.84103],[105.34432,20.84231],[105.3445,20.84284],[105.34465,20.84325],[105.34416,20.84343],[105.34207,20.84724],[105.343,20.84737],[105.34362,20.8476],[105.34436,20.84856],[105.34501,20.84945],[105.34501,20.84945],[105.34609,20.85146],[105.34609,20.85146],[105.34501,20.85246],[105.34487,20.85259],[105.33921,20.85782],[105.33805,20.8634],[105.33742,20.86638],[105.33992,20.87816],[105.34065,20.88011],[105.34259,20.88534],[105.34265,20.88551],[105.34456,20.89065],[105.34815,20.90142],[105.34842,20.90222],[105.34849,20.90243],[105.34848,20.9028],[105.34813,20.91564],[105.34779,20.91765],[105.34778,20.91773],[105.34563,20.93027],[105.34296,20.94308]]]},"properties":{"commune_code":"04792","commune_name":"Phường Tân Hòa","commune_kind":"PHUONG","province_code":"25","province_name":"Tỉnh Phú Thọ","area_km2":56.98,"valid_from":"16/6/2025","published":"13/07/2025","area_km2_geom":56.573618271118974,"quality_flag":null,"population":14316.0,"population_wp":14136.697912095115,"anchor_ratio":1.0126834490642598,"pop_source":"WORLDPOP2025_ANCHORED_VNSDI","pop_density_ppkm2":253.05081127024832,"n_stations":3,"n_ports":45,"power_kw_site":662.5,"ports_per_10k_pop":31.43336127409891,"util_mean_port_weighted":0.019679343870243587,"dist_station_m_pop_weighted":2223.079354912324}},{"type":"Feature","geometry":{"type":"Polygon","coordinates":[[[105.34304,20.88509],[105.34265,20.88551],[105.34259,20.88534],[105.34065,20.88011],[105.33992,20.87816],[105.33742,20.86638],[105.33805,20.8634],[105.33921,20.85782],[105.34487,20.85259],[105.34501,20.85246],[105.34609,20.85146],[105.34609,20.85146],[105.34501,20.84945],[105.34501,20.84945],[105.34436,20.84856],[105.34362,20.8476],[105.343,20.84737],[105.34207,20.84724],[105.34416,20.84343],[105.34465,20.84325],[105.3445,20.84284],[105.34432,20.84231],[105.34386,20.84103],[105.34386,20.84103],[105.34362,20.84041],[105.34266,20.84047],[105.34093,20.84065],[105.34066,20.84068],[105.3399,20.84077],[105.33988,20.84077],[105.33953,20.84083],[105.33903,20.84091],[105.33858,20.84101],[105.33844,20.84105],[105.3383,20.84109],[105.33757,20.84134],[105.33312,20.84135],[105.33293,20.84134],[105.32572,20.84014],[105.32422,20.83931],[105.32405,20.83922],[105.32342,20.83886],[105.32321,20.83873],[105.32321,20.83873],[105.3213,20.83734],[105.32116,20.83722],[105.31807,20.83348],[105.3162,20.82663],[105.31445,20.82464],[105.31443,20.82461],[105.31387,20.8238],[105.31284,20.82229],[105.31689,20.81437],[105.318,20.8132],[105.31826,20.81293],[105.32221,20.80963],[105.3235,20.80857],[105.32654,20.80662],[105.33015,20.80253],[105.33153,20.80158],[105.33168,20.80158],[105.33168,20.80158],[105.33682,20.80448],[105.34247,20.80682],[105.34352,20.80792],[105.34352,20.80792],[105.34466,20.80945],[105.34506,20.8107],[105.34543,20.81185],[105.3455,20.8121],[105.3455,20.8121],[105.3455,20.81216],[105.34539,20.81214],[105.34519,20.81222],[105.34485,20.81248],[105.34481,20.81277],[105.34643,20.81645],[105.3465,20.8165],[105.35042,20.81515],[105.35109,20.81442],[105.3518,20.81188],[105.35346,20.80768],[105.35677,20.80546],[105.35684,20.80542],[105.36007,20.80412],[105.36054,20.8042],[105.36173,20.80439],[105.36609,20.80509],[105.36985,20.80588],[105.36994,20.80594],[105.37036,20.80618],[105.3705,20.80626],[105.37192,20.80653],[105.37688,20.80737],[105.37847,20.80763],[105.37865,20.80788],[105.37948,20.80914],[105.38046,20.81062],[105.38149,20.8122],[105.3819,20.81309],[105.38347,20.81651],[105.38425,20.81821],[105.38566,20.82214],[105.3857,20.82229],[105.3857,20.82263],[105.38569,20.82298],[105.38567,20.8231],[105.38567,20.82313],[105.38563,20.82326],[105.38556,20.82339],[105.38553,20.82342],[105.3854,20.82355],[105.38527,20.82368],[105.38491,20.82403],[105.3848,20.82413],[105.38454,20.82434],[105.38433,20.8244],[105.38406,20.8244],[105.38376,20.82433],[105.38349,20.82418],[105.3834,20.82411],[105.38133,20.82586],[105.37909,20.82821],[105.37787,20.83015],[105.37735,20.83133],[105.37719,20.83176],[105.37715,20.83189],[105.3759,20.84327],[105.3768,20.84781],[105.37861,20.85115],[105.37935,20.85631],[105.3796,20.85809],[105.37939,20.86147],[105.37937,20.86171],[105.37934,20.86188],[105.37926,20.86224],[105.37843,20.86504],[105.37826,20.86542],[105.37816,20.86558],[105.37807,20.86571],[105.37791,20.86589],[105.37762,20.86615],[105.37683,20.86685],[105.37679,20.86689],[105.37593,20.86759],[105.3747,20.8684],[105.37343,20.86881],[105.37152,20.86876],[105.36703,20.87089],[105.35837,20.87567],[105.35117,20.88066],[105.35094,20.88077],[105.34631,20.88303],[105.34485,20.88358],[105.34417,20.88385],[105.34304,20.88509]]]},"properties":{"commune_code":"04795","commune_name":"Phường Hòa Bình","commune_kind":"PHUONG","province_code":"25","province_name":"Tỉnh Phú Thọ","area_km2":39.32,"valid_from":"16/6/2025","published":"13/07/2025","area_km2_geom":39.293437910261446,"quality_flag":null,"population":78605.0,"population_wp":78003.54345700517,"anchor_ratio":1.007710631034683,"pop_source":"WORLDPOP2025_ANCHORED_VNSDI","pop_density_ppkm2":2000.4612520675462,"n_stations":14,"n_ports":94,"power_kw_site":2920.0,"ports_per_10k_pop":11.958526811271547,"util_mean_port_weighted":0.23573281152805728,"dist_station_m_pop_weighted":919.042264928671}},{"type":"Feature","geometry":{"type":"Polygon","coordinates":[[[105.35042,20.81515],[105.3465,20.8165],[105.34643,20.81645],[105.34481,20.81277],[105.34485,20.81248],[105.34519,20.81222],[105.34539,20.81214],[105.3455,20.81216],[105.3455,20.8121],[105.3455,20.8121],[105.34543,20.81185],[105.34506,20.8107],[105.34466,20.80945],[105.34352,20.80792],[105.34352,20.80792],[105.34247,20.80682],[105.33682,20.80448],[105.33168,20.80158],[105.33168,20.80158],[105.33153,20.80158],[105.33015,20.80253],[105.32654,20.80662],[105.3235,20.80857],[105.32209,20.80665],[105.32086,20.80574],[105.31985,20.80545],[105.31948,20.8055],[105.31807,20.8057],[105.31603,20.80599],[105.31575,20.806],[105.31364,20.80609],[105.3112,20.80571],[105.30782,20.80395],[105.30273,20.80051],[105.30088,20.79968],[105.29784,20.79832],[105.29377,20.79728],[105.28981,20.79719],[105.285,20.79808],[105.28411,20.79825],[105.28411,20.79826],[105.28401,20.79828],[105.26369,20.80453],[105.26369,20.80453],[105.26221,20.80502],[105.2587,20.80537],[105.25575,20.80518],[105.25203,20.80352],[105.24741,20.80146],[105.24344,20.7985],[105.24182,20.79586],[105.24109,20.79468],[105.23814,20.79057],[105.23559,20.78869],[105.23233,20.78628],[105.23291,20.78579],[105.23976,20.77998],[105.24044,20.77972],[105.24096,20.77952],[105.24294,20.77966],[105.25144,20.7792],[105.26395,20.7766],[105.26355,20.77473],[105.26302,20.77358],[105.26251,20.77265],[105.2623,20.77227],[105.26225,20.77211],[105.26206,20.77152],[105.26204,20.77055],[105.26433,20.77006],[105.26861,20.76942],[105.26864,20.76952],[105.26881,20.77019],[105.26885,20.77028],[105.26906,20.77068],[105.26951,20.77106],[105.27065,20.77175],[105.27072,20.77178],[105.2735,20.7732],[105.28515,20.77899],[105.28519,20.77901],[105.28928,20.78098],[105.29028,20.78082],[105.29165,20.7806],[105.29292,20.78046],[105.29632,20.78385],[105.29632,20.78385],[105.30318,20.77565],[105.30327,20.77554],[105.30341,20.77511],[105.30347,20.7745],[105.30337,20.77354],[105.30323,20.77251],[105.3032,20.77166],[105.30328,20.77088],[105.30337,20.76997],[105.30351,20.76845],[105.30369,20.76783],[105.30398,20.76747],[105.30421,20.76738],[105.30425,20.76737],[105.31102,20.76697],[105.31203,20.76691],[105.31269,20.76697],[105.31309,20.76714],[105.31323,20.7672],[105.31355,20.76748],[105.31383,20.76773],[105.31558,20.77015],[105.31562,20.77023],[105.31588,20.77083],[105.31596,20.77159],[105.31594,20.77296],[105.31758,20.77385],[105.31814,20.77374],[105.31895,20.77328],[105.32003,20.77253],[105.32079,20.77199],[105.32119,20.77143],[105.32129,20.77113],[105.32154,20.77041],[105.32164,20.76987],[105.32213,20.76725],[105.32214,20.76719],[105.32217,20.76702],[105.32256,20.76484],[105.32301,20.76336],[105.32324,20.76298],[105.32384,20.76241],[105.32421,20.76223],[105.33033,20.76301],[105.33119,20.7618],[105.33313,20.75922],[105.3343,20.75321],[105.33631,20.74853],[105.33724,20.74738],[105.33806,20.7466],[105.33999,20.74563],[105.34574,20.74329],[105.34948,20.7439],[105.35375,20.74493],[105.35967,20.74761],[105.36514,20.75324],[105.36617,20.7551],[105.36796,20.75852],[105.3696,20.75981],[105.37297,20.76008],[105.37297,20.76008],[105.37376,20.76023],[105.37709,20.76203],[105.37839,20.76688],[105.38001,20.76857],[105.37998,20.76859],[105.37797,20.77005],[105.37796,20.77006],[105.37728,20.77066],[105.37477,20.7746],[105.37466,20.77484],[105.37283,20.78306],[105.37278,20.78342],[105.37263,20.78658],[105.3736,20.78931],[105.37543,20.79233],[105.37592,20.79445],[105.37603,20.79783],[105.376,20.79809],[105.37587,20.79902],[105.37576,20.79978],[105.37578,20.80045],[105.37581,20.80203],[105.37847,20.80763],[105.37688,20.80737],[105.37192,20.80653],[105.3705,20.80626],[105.37036,20.80618],[105.36994,20.80594],[105.36985,20.80588],[105.36609,20.80509],[105.36173,20.80439],[105.36054,20.8042],[105.36007,20.80412],[105.35684,20.80542],[105.35677,20.80546],[105.35346,20.80768],[105.3518,20.81188],[105.35109,20.81442],[105.35042,20.81515]]]},"properties":{"commune_code":"04828","commune_name":"Phường Thống Nhất","commune_kind":"PHUONG","province_code":"25","province_name":"Tỉnh Phú Thọ","area_km2":55.21,"valid_from":"16/6/2025","published":"13/07/2025","area_km2_geom":58.77566905338068,"quality_flag":null,"population":22897.0,"population_wp":23902.819197885692,"anchor_ratio":0.9579204783519987,"pop_source":"WORLDPOP2025_ANCHORED_VNSDI","pop_density_ppkm2":389.56596103065544,"n_stations":4,"n_ports":24,"power_kw_site":578.0,"ports_per_10k_pop":10.481722496396907,"util_mean_port_weighted":0.10238431150732875,"dist_station_m_pop_weighted":1544.2357938382288}},{"type":"Feature","geometry":{"type":"Polygon","coordinates":[[[105.25096,20.94297],[105.2446,20.94381],[105.24229,20.94304],[105.23472,20.94053],[105.22353,20.935],[105.21929,20.93203],[105.22115,20.92909],[105.22687,20.91952],[105.22691,20.91943],[105.22696,20.91934],[105.22698,20.91926],[105.227,20.91913],[105.22705,20.91873],[105.22708,20.91852],[105.22711,20.91817],[105.22501,20.91766],[105.2249,20.91765],[105.22283,20.9174],[105.22062,20.91714],[105.21778,20.91694],[105.21629,20.91659],[105.21383,20.91556],[105.21305,20.91511],[105.21183,20.91401],[105.21126,20.91302],[105.21043,20.91143],[105.20989,20.90967],[105.20867,20.90727],[105.20679,20.90447],[105.205,20.90256],[105.20279,20.90039],[105.19979,20.89775],[105.19456,20.89281],[105.19597,20.89151],[105.19858,20.88669],[105.19909,20.88522],[105.19911,20.88516],[105.19965,20.88205],[105.19937,20.8808],[105.19923,20.88029],[105.19894,20.87945],[105.19837,20.87638],[105.19874,20.87378],[105.19997,20.86784],[105.2012,20.86055],[105.19746,20.85952],[105.18807,20.85745],[105.18343,20.85654],[105.182,20.85251],[105.18222,20.84399],[105.18412,20.84133],[105.18565,20.83874],[105.18584,20.8383],[105.18591,20.83808],[105.18616,20.83488],[105.18622,20.83365],[105.18619,20.83188],[105.18663,20.83195],[105.18715,20.83208],[105.18779,20.83232],[105.18876,20.83275],[105.189,20.83291],[105.19032,20.83397],[105.19053,20.83414],[105.19135,20.8348],[105.19151,20.83506],[105.19161,20.83527],[105.19161,20.83576],[105.194,20.83569],[105.19474,20.83562],[105.19735,20.83475],[105.20065,20.8336],[105.20423,20.83204],[105.20539,20.83153],[105.2064,20.83097],[105.2101,20.82891],[105.21027,20.82883],[105.21053,20.82873],[105.21097,20.82859],[105.2115,20.82851],[105.21267,20.8284],[105.21314,20.82842],[105.21484,20.82849],[105.21611,20.82853],[105.21966,20.82853],[105.21998,20.82846],[105.22363,20.82723],[105.22543,20.82595],[105.22882,20.82548],[105.23065,20.82606],[105.23441,20.82726],[105.23465,20.82729],[105.23558,20.82725],[105.23601,20.82703],[105.23685,20.82622],[105.23699,20.82598],[105.23771,20.82461],[105.23811,20.82359],[105.23818,20.82341],[105.23846,20.82264],[105.23889,20.82168],[105.23963,20.82039],[105.24083,20.8183],[105.24832,20.80988],[105.24859,20.80967],[105.24892,20.80939],[105.24927,20.809],[105.24955,20.80868],[105.24987,20.80821],[105.25086,20.80613],[105.25134,20.80508],[105.25188,20.8039],[105.25188,20.80389],[105.25203,20.80352],[105.25575,20.80518],[105.2587,20.80537],[105.26221,20.80502],[105.26369,20.80453],[105.26369,20.80453],[105.28401,20.79828],[105.28411,20.79826],[105.28239,20.80148],[105.28054,20.80569],[105.28044,20.80598],[105.28049,20.80722],[105.29444,20.81278],[105.29955,20.81529],[105.30052,20.81579],[105.30212,20.8167],[105.30356,20.81782],[105.30429,20.81938],[105.3046,20.82089],[105.30451,20.82276],[105.30291,20.82567],[105.30049,20.82854],[105.29606,20.83552],[105.29729,20.83662],[105.29679,20.83762],[105.29504,20.8398],[105.29333,20.84134],[105.29234,20.84639],[105.29389,20.85099],[105.29636,20.8538],[105.30308,20.85917],[105.30228,20.85989],[105.2984,20.86424],[105.29221,20.88357],[105.29214,20.88416],[105.29229,20.88491],[105.29272,20.88591],[105.29335,20.88714],[105.3049,20.90013],[105.30581,20.90046],[105.30687,20.90103],[105.30935,20.90318],[105.30959,20.90371],[105.31076,20.90625],[105.31156,20.90845],[105.31303,20.91472],[105.31214,20.91605],[105.31165,20.9173],[105.31167,20.91819],[105.31244,20.92258],[105.31282,20.9237],[105.30466,20.92337],[105.30301,20.92362],[105.29392,20.92503],[105.29126,20.92576],[105.28354,20.92683],[105.27988,20.92649],[105.27484,20.92691],[105.27199,20.93123],[105.27088,20.93544],[105.26725,20.93925],[105.26367,20.93802],[105.25666,20.93968],[105.25096,20.94297]]]},"properties":{"commune_code":"04831","commune_name":"Xã Đà Bắc","commune_kind":"XA","province_code":"25","province_name":"Tỉnh Phú Thọ","area_km2":136.8,"valid_from":"16/6/2025","published":"13/07/2025","area_km2_geom":136.33506105665845,"quality_flag":null,"population":19834.0,"population_wp":21285.188349258155,"anchor_ratio":0.931821681563427,"pop_source":"WORLDPOP2025_ANCHORED_VNSDI","pop_density_ppkm2":145.47981895689577,"n_stations":3,"n_ports":14,"power_kw_site":394.0,"ports_per_10k_pop":7.0585862660078655,"util_mean_port_weighted":0.1614865997142898,"dist_station_m_pop_weighted":3303.2568843287127}},{"type":"Feature","geometry":{"type":"Polygon","coordinates":[[[104.91411,21.10167],[104.9125,21.11192],[104.89888,21.10858],[104.88971,21.10502],[104.87916,21.09996],[104.87649,21.09795],[104.87617,21.09772],[104.87339,21.09173],[104.87285,21.08858],[104.8724,21.08593],[104.86962,21.07844],[104.86783,21.0762],[104.86464,21.07676],[104.86309,21.07712],[104.86309,21.07712],[104.85667,21.07862],[104.85369,21.07656],[104.85265,21.07246],[104.85332,21.07126],[104.85553,21.06625],[104.85695,21.06243],[104.85825,21.05909],[104.8612,21.05051],[104.86569,21.03634],[104.86665,21.0322],[104.86808,21.02998],[104.86931,21.02859],[104.87444,21.02726],[104.87445,21.02726],[104.88016,21.02345],[104.88511,21.0164],[104.89044,21.00879],[104.8931,21.00022],[104.89596,20.98918],[104.90094,20.981],[104.90257,20.9794],[104.90904,20.97419],[104.91217,20.97166],[104.91512,20.9693],[104.92023,20.96574],[104.92027,20.96578],[104.92191,20.96908],[104.92244,20.97159],[104.92448,20.9741],[104.92738,20.97724],[104.92793,20.97773],[104.92867,20.97817],[104.92909,20.97826],[104.92969,20.97838],[104.93245,20.97863],[104.93938,20.98149],[104.94775,20.9842],[104.94966,20.98462],[104.95181,20.98505],[104.95346,20.98529],[104.96408,20.98618],[104.96518,20.98565],[104.97394,20.98113],[104.97646,20.97735],[104.97667,20.97728],[104.97687,20.97726],[104.97714,20.97732],[104.97753,20.97742],[104.98009,20.97838],[104.98268,20.97936],[104.9919,20.97817],[104.99201,20.97811],[104.99215,20.97805],[104.99231,20.97803],[104.99265,20.97802],[104.99307,20.97818],[104.99588,20.97921],[104.99706,20.98044],[104.99713,20.98055],[104.99748,20.98125],[104.99756,20.98143],[104.99761,20.98168],[104.99758,20.98208],[104.99291,20.98757],[104.98838,20.99186],[104.98251,20.9953],[104.97608,21.00079],[104.97536,21.00302],[104.97417,21.00601],[104.97091,21.01222],[104.96945,21.01283],[104.96715,21.0122],[104.96421,21.01191],[104.96393,21.01189],[104.96336,21.01189],[104.96287,21.01191],[104.96262,21.01206],[104.96161,21.01307],[104.95781,21.0169],[104.95756,21.01717],[104.95669,21.0182],[104.95579,21.01984],[104.9556,21.02121],[104.9546,21.02269],[104.95232,21.02405],[104.95032,21.02484],[104.9459,21.02762],[104.94641,21.03753],[104.94658,21.03993],[104.94659,21.03995],[104.94664,21.04024],[104.94675,21.04069],[104.94732,21.04244],[104.9494,21.0506],[104.94939,21.05061],[104.94924,21.05218],[104.9492,21.05321],[104.94933,21.05442],[104.94987,21.05647],[104.94686,21.05564],[104.94221,21.05564],[104.93959,21.05605],[104.93639,21.05796],[104.93181,21.062],[104.92984,21.06374],[104.92911,21.06438],[104.92855,21.06457],[104.92518,21.06574],[104.92221,21.06574],[104.9196,21.06574],[104.91762,21.06574],[104.91416,21.06595],[104.91326,21.06601],[104.91165,21.06779],[104.91193,21.07075],[104.91194,21.07093],[104.91209,21.07105],[104.91427,21.07284],[104.91892,21.07353],[104.92198,21.07531],[104.92212,21.07722],[104.9227,21.08063],[104.92475,21.08333],[104.92488,21.08351],[104.92532,21.0861],[104.92401,21.08897],[104.92241,21.09042],[104.9206,21.09205],[104.91979,21.09279],[104.9169,21.09609],[104.91644,21.09662],[104.91411,21.10167]]]},"properties":{"commune_code":"04846","commune_name":"Xã Đức Nhàn","commune_kind":"XA","province_code":"25","province_name":"Tỉnh Phú Thọ","area_km2":107.6,"valid_from":"16/6/2025","published":"13/07/2025","area_km2_geom":105.97454229147651,"quality_flag":null,"population":7389.0,"population_wp":6786.817710824311,"anchor_ratio":1.0887282250435675,"pop_source":"WORLDPOP2025_ANCHORED_VNSDI","pop_density_ppkm2":69.72429264829478,"n_stations":0,"n_ports":0,"power_kw_site":0.0,"ports_per_10k_pop":0.0,"util_mean_port_weighted":null,"dist_station_m_pop_weighted":9515.652966357666}},{"type":"Feature","geometry":{"type":"Polygon","coordinates":[[[104.96519,21.05728],[104.96155,21.05865],[104.96024,21.0585],[104.9553,21.05796],[104.95174,21.05698],[104.94987,21.05647],[104.94933,21.05442],[104.9492,21.05321],[104.94924,21.05218],[104.94939,21.05061],[104.9494,21.0506],[104.94732,21.04244],[104.94675,21.04069],[104.94664,21.04024],[104.94659,21.03995],[104.94658,21.03993],[104.94641,21.03753],[104.9459,21.02762],[104.95032,21.02484],[104.95232,21.02405],[104.9546,21.02269],[104.9556,21.02121],[104.95579,21.01984],[104.95669,21.0182],[104.95756,21.01717],[104.95781,21.0169],[104.96161,21.01307],[104.96262,21.01206],[104.96287,21.01191],[104.96336,21.01189],[104.96393,21.01189],[104.96421,21.01191],[104.96715,21.0122],[104.96945,21.01283],[104.97091,21.01222],[104.97417,21.00601],[104.97536,21.00302],[104.97608,21.00079],[104.98251,20.9953],[104.98838,20.99186],[104.99291,20.98757],[104.99758,20.98208],[104.99761,20.98168],[104.99756,20.98143],[104.99748,20.98125],[104.99713,20.98055],[104.99706,20.98044],[104.99588,20.97921],[104.99307,20.97818],[104.99265,20.97802],[104.99231,20.97803],[104.99215,20.97805],[104.99201,20.97811],[104.9919,20.97817],[104.98268,20.97936],[104.98009,20.97838],[104.97753,20.97742],[104.97714,20.97732],[104.97687,20.97726],[104.97667,20.97728],[104.97646,20.97735],[104.97394,20.98113],[104.96518,20.98565],[104.96408,20.98618],[104.95346,20.98529],[104.95181,20.98505],[104.94966,20.98462],[104.94775,20.9842],[104.93938,20.98149],[104.93245,20.97863],[104.92969,20.97838],[104.92909,20.97826],[104.92867,20.97817],[104.92793,20.97773],[104.92738,20.97724],[104.92448,20.9741],[104.92244,20.97159],[104.92191,20.96908],[104.92027,20.96578],[104.92023,20.96574],[104.91512,20.9693],[104.91896,20.96623],[104.92408,20.96141],[104.92981,20.95116],[104.93237,20.94624],[104.93521,20.94077],[104.94097,20.93355],[104.94242,20.93173],[104.94438,20.93012],[104.95099,20.92468],[104.95627,20.91989],[104.95752,20.91875],[104.95937,20.91707],[104.9648,20.91345],[104.96565,20.91288],[104.96685,20.91248],[104.96803,20.91454],[104.97006,20.91774],[104.97391,20.92319],[104.97505,20.92462],[104.97648,20.92579],[104.97672,20.92911],[104.97578,20.93391],[104.97421,20.938],[104.97395,20.93823],[104.97382,20.93847],[104.97377,20.93869],[104.97377,20.93872],[104.9742,20.94089],[104.97452,20.94139],[104.97558,20.94185],[104.98174,20.94263],[104.98792,20.94163],[104.99192,20.93968],[105.00303,20.93206],[105.00904,20.92812],[105.01362,20.9248],[105.01711,20.92139],[105.01759,20.92099],[105.01788,20.9208],[105.01836,20.92054],[105.02113,20.92043],[105.02201,20.92048],[105.02368,20.92136],[105.024,20.92158],[105.02491,20.92236],[105.02501,20.92246],[105.02523,20.92277],[105.02535,20.92304],[105.02541,20.92333],[105.0254,20.92355],[105.02533,20.92377],[105.02513,20.92407],[105.02545,20.92506],[105.02728,20.92683],[105.02769,20.92706],[105.0292,20.9277],[105.02956,20.92785],[105.02988,20.92794],[105.03,20.92797],[105.03031,20.92804],[105.03046,20.92805],[105.03048,20.92806],[105.03223,20.92764],[105.03757,20.92631],[105.04051,20.92537],[105.04263,20.92514],[105.04242,20.92772],[105.04124,20.92974],[105.04003,20.9316],[105.03807,20.9329],[105.03584,20.93447],[105.03226,20.93709],[105.03221,20.93719],[105.03219,20.93744],[105.03262,20.94029],[105.03313,20.94267],[105.03774,20.94387],[105.03976,20.94518],[105.04116,20.94693],[105.04503,20.94996],[105.04769,20.95095],[105.05061,20.94989],[105.05134,20.94947],[105.05204,20.94897],[105.05251,20.94858],[105.05275,20.94817],[105.05299,20.9477],[105.05392,20.94782],[105.05531,20.94803],[105.05603,20.94825],[105.05678,20.94864],[105.05749,20.9491],[105.05772,20.94938],[105.0585,20.95037],[105.05868,20.95064],[105.05914,20.95157],[105.05992,20.95208],[105.06168,20.95308],[105.06239,20.95325],[105.06364,20.95246],[105.06688,20.9499],[105.06863,20.95163],[105.07785,20.95964],[105.07923,20.96021],[105.08121,20.95821],[105.08367,20.95623],[105.08416,20.9562],[105.08459,20.95702],[105.08555,20.95916],[105.08581,20.95994],[105.08588,20.96027],[105.08594,20.96061],[105.08598,20.96101],[105.08905,20.96548],[105.08957,20.96773],[105.08954,20.968],[105.0854,20.97456],[105.08318,20.97807],[105.08137,20.98097],[105.07582,20.98986],[105.07266,20.99492],[105.07245,20.99519],[105.06698,21.00208],[105.06695,21.00212],[105.06151,21.00481],[105.05906,21.00603],[105.05876,21.00615],[105.05222,21.00885],[105.0516,21.00911],[105.04642,21.01043],[105.04194,21.01158],[105.03804,21.0163],[105.03668,21.01795],[105.03361,21.02144],[105.03179,21.02144],[105.03009,21.02144],[105.02417,21.01836],[105.0231,21.01827],[105.02175,21.01816],[105.02022,21.02001],[105.01912,21.02453],[105.01517,21.03069],[105.01034,21.03686],[105.00573,21.03953],[105.00188,21.0407],[105.00019,21.0405],[104.99763,21.04021],[104.99472,21.04144],[104.99254,21.04417],[104.9889,21.04772],[104.97552,21.05182],[104.97527,21.05188],[104.97136,21.05279],[104.97028,21.05305],[104.96892,21.05418],[104.9672,21.05561],[104.96583,21.05675],[104.96519,21.05728]]]},"properties":{"commune_code":"04849","commune_name":"Xã Tân Pheo","commune_kind":"XA","province_code":"25","province_name":"Tỉnh Phú Thọ","area_km2":139.38,"valid_from":"16/6/2025","published":"13/07/2025","area_km2_geom":141.95368988922968,"quality_flag":null,"population":10528.0,"population_wp":9833.227811165154,"anchor_ratio":1.0706555570741447,"pop_source":"WORLDPOP2025_ANCHORED_VNSDI","pop_density_ppkm2":74.16503233001752,"n_stations":1,"n_ports":2,"power_kw_site":60.0,"ports_per_10k_pop":1.8996960486322187,"util_mean_port_weighted":0.0,"dist_station_m_pop_weighted":10803.749530121484}},{"type":"Feature","geometry":{"type":"Polygon","coordinates":[[[105.06364,20.95246],[105.06239,20.95325],[105.06168,20.95308],[105.05992,20.95208],[105.05914,20.95157],[105.05868,20.95064],[105.0585,20.95037],[105.05772,20.94938],[105.05749,20.9491],[105.05678,20.94864],[105.05603,20.94825],[105.05531,20.94803],[105.05392,20.94782],[105.05299,20.9477],[105.05275,20.94817],[105.05251,20.94858],[105.05204,20.94897],[105.05134,20.94947],[105.05061,20.94989],[105.04769,20.95095],[105.04503,20.94996],[105.04116,20.94693],[105.03976,20.94518],[105.03774,20.94387],[105.03313,20.94267],[105.03262,20.94029],[105.03219,20.93744],[105.03221,20.93719],[105.03226,20.93709],[105.03584,20.93447],[105.03807,20.9329],[105.04003,20.9316],[105.04124,20.92974],[105.04242,20.92772],[105.04263,20.92514],[105.04051,20.92537],[105.03757,20.92631],[105.03223,20.92764],[105.03048,20.92806],[105.03046,20.92805],[105.03031,20.92804],[105.03,20.92797],[105.02988,20.92794],[105.02956,20.92785],[105.0292,20.9277],[105.02769,20.92706],[105.02728,20.92683],[105.02545,20.92506],[105.02513,20.92407],[105.02533,20.92377],[105.0254,20.92355],[105.02541,20.92333],[105.02535,20.92304],[105.02523,20.92277],[105.02501,20.92246],[105.02491,20.92236],[105.024,20.92158],[105.02368,20.92136],[105.02201,20.92048],[105.02113,20.92043],[105.01836,20.92054],[105.01788,20.9208],[105.01759,20.92099],[105.01711,20.92139],[105.01362,20.9248],[105.00904,20.92812],[105.00303,20.93206],[104.99192,20.93968],[104.98792,20.94163],[104.98174,20.94263],[104.97558,20.94185],[104.97452,20.94139],[104.9742,20.94089],[104.97377,20.93872],[104.97377,20.93869],[104.97382,20.93847],[104.97395,20.93823],[104.97421,20.938],[104.97578,20.93391],[104.97672,20.92911],[104.97648,20.92579],[104.97505,20.92462],[104.97391,20.92319],[104.97006,20.91774],[104.96803,20.91454],[104.96685,20.91248],[104.97193,20.91079],[104.9744,20.90831],[104.97669,20.90165],[104.9778,20.89753],[104.97901,20.89303],[104.97935,20.89175],[104.98055,20.89038],[104.98527,20.88495],[104.9889,20.88031],[104.99002,20.87874],[104.99147,20.87673],[104.99368,20.87365],[104.99572,20.87081],[104.99804,20.86965],[105.00214,20.86761],[105.00239,20.86748],[105.00334,20.86701],[105.01286,20.86567],[105.01843,20.86408],[105.01879,20.86398],[105.02497,20.8587],[105.02844,20.85297],[105.04487,20.84],[105.05723,20.82945],[105.06778,20.82236],[105.07062,20.81959],[105.07472,20.81558],[105.08431,20.81283],[105.08437,20.81585],[105.0844,20.81687],[105.08492,20.81972],[105.08494,20.81982],[105.085,20.82013],[105.08585,20.82176],[105.08633,20.82256],[105.0867,20.82304],[105.08686,20.8233],[105.08732,20.82455],[105.08738,20.82472],[105.08739,20.82484],[105.0874,20.82491],[105.08739,20.82519],[105.08731,20.82635],[105.08722,20.82756],[105.08692,20.82923],[105.08687,20.82933],[105.08652,20.82952],[105.08647,20.82954],[105.08612,20.8297],[105.08574,20.82988],[105.08508,20.83022],[105.08485,20.83036],[105.08417,20.83079],[105.08277,20.83197],[105.08268,20.83205],[105.08229,20.83261],[105.08302,20.83682],[105.08429,20.84066],[105.08537,20.84208],[105.08619,20.84553],[105.08654,20.84716],[105.08654,20.84754],[105.08602,20.84873],[105.08652,20.84963],[105.08738,20.84966],[105.08818,20.84963],[105.08844,20.8496],[105.0897,20.84948],[105.09437,20.84848],[105.09697,20.84712],[105.09734,20.84632],[105.09746,20.84614],[105.09757,20.84604],[105.09792,20.84583],[105.09906,20.84527],[105.1001,20.84486],[105.10045,20.84485],[105.10457,20.84464],[105.10602,20.84457],[105.10775,20.84483],[105.10796,20.8449],[105.10834,20.84504],[105.10848,20.84563],[105.10903,20.84741],[105.10924,20.84801],[105.11227,20.84891],[105.11737,20.85382],[105.11561,20.85644],[105.11456,20.85836],[105.11438,20.85891],[105.11932,20.86321],[105.11948,20.86325],[105.12003,20.86333],[105.12032,20.86336],[105.12054,20.86337],[105.12072,20.86335],[105.12093,20.86329],[105.12154,20.86309],[105.12164,20.86304],[105.12891,20.86371],[105.13461,20.86487],[105.13795,20.86669],[105.14074,20.86853],[105.14459,20.87476],[105.1412,20.87507],[105.13981,20.87443],[105.13575,20.87452],[105.13517,20.87584],[105.13469,20.87819],[105.13525,20.87954],[105.1316,20.88294],[105.13026,20.88363],[105.12965,20.88403],[105.12922,20.88444],[105.12858,20.88529],[105.12822,20.88596],[105.12785,20.88686],[105.12782,20.88692],[105.12779,20.88724],[105.12775,20.88912],[105.12778,20.88999],[105.129,20.89385],[105.13104,20.89818],[105.13173,20.90252],[105.12474,20.91097],[105.11846,20.91047],[105.1121,20.91295],[105.107,20.91758],[105.10405,20.92048],[105.1038,20.92167],[105.10316,20.92435],[105.10046,20.92772],[105.09995,20.92819],[105.09955,20.92842],[105.09898,20.92873],[105.09883,20.92878],[105.09856,20.9288],[105.09816,20.92871],[105.0948,20.92749],[105.09229,20.92625],[105.09061,20.92587],[105.08681,20.92639],[105.08373,20.92751],[105.07625,20.92753],[105.07477,20.92758],[105.0723,20.92938],[105.06736,20.93598],[105.06795,20.94056],[105.0682,20.94076],[105.06851,20.9411],[105.06877,20.94157],[105.06987,20.94364],[105.0706,20.94558],[105.07079,20.9461],[105.07092,20.94651],[105.07098,20.94676],[105.07097,20.94689],[105.0709,20.94714],[105.07072,20.94752],[105.07057,20.94773],[105.07046,20.94789],[105.0703,20.94798],[105.06688,20.9499],[105.06364,20.95246]]]},"properties":{"commune_code":"04873","commune_name":"Xã Quy Đức","commune_kind":"XA","province_code":"25","province_name":"Tỉnh Phú Thọ","area_km2":146.97,"valid_from":"16/6/2025","published":"13/07/2025","area_km2_geom":144.3230880550846,"quality_flag":null,"population":9462.0,"population_wp":8141.765748895705,"anchor_ratio":1.162155764710298,"pop_source":"WORLDPOP2025_ANCHORED_VNSDI","pop_density_ppkm2":65.5612357489786,"n_stations":0,"n_ports":0,"power_kw_site":0.0,"ports_per_10k_pop":0.0,"util_mean_port_weighted":null,"dist_station_m_pop_weighted":25083.143200736555}},{"type":"Feature","geometry":{"type":"Polygon","coordinates":[[[105.09019,20.96697],[105.08954,20.968],[105.08957,20.96773],[105.08905,20.96548],[105.08598,20.96101],[105.08594,20.96061],[105.08588,20.96027],[105.08581,20.95994],[105.08555,20.95916],[105.08459,20.95702],[105.08416,20.9562],[105.08367,20.95623],[105.08121,20.95821],[105.07923,20.96021],[105.07785,20.95964],[105.06863,20.95163],[105.06688,20.9499],[105.0703,20.94798],[105.07046,20.94789],[105.07057,20.94773],[105.07072,20.94752],[105.0709,20.94714],[105.07097,20.94689],[105.07098,20.94676],[105.07092,20.94651],[105.07079,20.9461],[105.0706,20.94558],[105.06987,20.94364],[105.06877,20.94157],[105.06851,20.9411],[105.0682,20.94076],[105.06795,20.94056],[105.06736,20.93598],[105.0723,20.92938],[105.07477,20.92758],[105.07625,20.92753],[105.08373,20.92751],[105.08681,20.92639],[105.09061,20.92587],[105.09229,20.92625],[105.0948,20.92749],[105.09816,20.92871],[105.09856,20.9288],[105.09883,20.92878],[105.09898,20.92873],[105.09955,20.92842],[105.09995,20.92819],[105.10046,20.92772],[105.10316,20.92435],[105.1038,20.92167],[105.10405,20.92048],[105.107,20.91758],[105.1121,20.91295],[105.11846,20.91047],[105.12474,20.91097],[105.13173,20.90252],[105.13104,20.89818],[105.129,20.89385],[105.12778,20.88999],[105.12775,20.88912],[105.12779,20.88724],[105.12782,20.88692],[105.12785,20.88686],[105.12822,20.88596],[105.12858,20.88529],[105.12922,20.88444],[105.12965,20.88403],[105.13026,20.88363],[105.1316,20.88294],[105.13525,20.87954],[105.13469,20.87819],[105.13517,20.87584],[105.13575,20.87452],[105.13981,20.87443],[105.1412,20.87507],[105.14459,20.87476],[105.14074,20.86853],[105.13795,20.86669],[105.13461,20.86487],[105.12891,20.86371],[105.12164,20.86304],[105.12154,20.86309],[105.12093,20.86329],[105.12072,20.86335],[105.12054,20.86337],[105.12032,20.86336],[105.12003,20.86333],[105.11948,20.86325],[105.11932,20.86321],[105.11438,20.85891],[105.11456,20.85836],[105.11561,20.85644],[105.11737,20.85382],[105.11227,20.84891],[105.10924,20.84801],[105.10903,20.84741],[105.10848,20.84563],[105.10834,20.84504],[105.10889,20.84479],[105.10942,20.84455],[105.1095,20.84452],[105.11088,20.84397],[105.11107,20.84394],[105.1119,20.84387],[105.1128,20.84398],[105.11352,20.84412],[105.11395,20.84426],[105.11984,20.84486],[105.12645,20.8438],[105.12713,20.8436],[105.12758,20.84347],[105.1309,20.84193],[105.13115,20.84177],[105.13254,20.84084],[105.13253,20.84069],[105.13191,20.83636],[105.13203,20.83362],[105.13213,20.83346],[105.13262,20.83286],[105.13317,20.83224],[105.13442,20.83069],[105.13776,20.82512],[105.13729,20.82467],[105.13533,20.82377],[105.13336,20.82287],[105.13127,20.82191],[105.12716,20.82043],[105.12564,20.81866],[105.12556,20.81549],[105.12556,20.81506],[105.12556,20.81499],[105.12558,20.81462],[105.1256,20.81438],[105.1256,20.8143],[105.12562,20.81412],[105.12706,20.81388],[105.12722,20.81387],[105.12798,20.81387],[105.13575,20.81007],[105.13831,20.80885],[105.13896,20.80855],[105.13964,20.80831],[105.14174,20.80758],[105.1462,20.80682],[105.14642,20.80678],[105.14743,20.80662],[105.14745,20.80662],[105.14751,20.80662],[105.15767,20.80613],[105.16327,20.80535],[105.16651,20.80821],[105.17,20.81395],[105.1704,20.8146],[105.17516,20.82202],[105.17978,20.82662],[105.18505,20.83098],[105.18619,20.83188],[105.18622,20.83365],[105.18616,20.83488],[105.18591,20.83808],[105.18584,20.8383],[105.18565,20.83874],[105.18412,20.84133],[105.18222,20.84399],[105.182,20.85251],[105.18343,20.85654],[105.18807,20.85745],[105.19746,20.85952],[105.2012,20.86055],[105.19997,20.86784],[105.19874,20.87378],[105.19837,20.87638],[105.19894,20.87945],[105.19923,20.88029],[105.19937,20.8808],[105.19965,20.88205],[105.19911,20.88516],[105.19909,20.88522],[105.19858,20.88669],[105.19597,20.89151],[105.19456,20.89281],[105.19979,20.89775],[105.20279,20.90039],[105.205,20.90256],[105.20679,20.90447],[105.20867,20.90727],[105.20989,20.90967],[105.21043,20.91143],[105.21126,20.91302],[105.21183,20.91401],[105.21305,20.91511],[105.21383,20.91556],[105.21629,20.91659],[105.21778,20.91694],[105.22062,20.91714],[105.22283,20.9174],[105.2249,20.91765],[105.22501,20.91766],[105.22711,20.91817],[105.22708,20.91852],[105.22705,20.91873],[105.227,20.91913],[105.22698,20.91926],[105.22696,20.91934],[105.22691,20.91943],[105.22687,20.91952],[105.22115,20.92909],[105.21929,20.93203],[105.21914,20.93192],[105.2187,20.93007],[105.21913,20.92617],[105.2154,20.92227],[105.20991,20.91878],[105.20958,20.91876],[105.20245,20.91818],[105.19871,20.91986],[105.19741,20.92044],[105.19457,20.92723],[105.19809,20.934],[105.20424,20.94283],[105.20446,20.94391],[105.20471,20.9451],[105.20578,20.95023],[105.20403,20.95434],[105.20053,20.95742],[105.1968,20.95784],[105.19597,20.9574],[105.19329,20.95599],[105.18911,20.95066],[105.18362,20.94696],[105.18012,20.94613],[105.17435,20.94477],[105.1698,20.94369],[105.1615,20.94072],[105.15949,20.94],[105.14655,20.93919],[105.13448,20.939],[105.12769,20.94126],[105.11957,20.94599],[105.11431,20.95072],[105.11339,20.95163],[105.10993,20.95504],[105.10684,20.95582],[105.10638,20.95593],[105.10335,20.95669],[105.09973,20.95787],[105.09765,20.95854],[105.09304,20.96122],[105.09118,20.96499],[105.09019,20.96697]]]},"properties":{"commune_code":"04876","commune_name":"Xã Cao Sơn","commune_kind":"XA","province_code":"25","province_name":"Tỉnh Phú Thọ","area_km2":124.93,"valid_from":"16/6/2025","published":"13/07/2025","area_km2_geom":125.89692335340779,"quality_flag":null,"population":8872.0,"population_wp":6242.237890575081,"anchor_ratio":1.421285147334019,"pop_source":"WORLDPOP2025_ANCHORED_VNSDI","pop_density_ppkm2":70.47034799329631,"n_stations":2,"n_ports":8,"power_kw_site":390.0,"ports_per_10k_pop":9.017132551848512,"util_mean_port_weighted":0.05322508896797153,"dist_station_m_pop_weighted":8536.51578758176}},{"type":"Feature","geometry":{"type":"Polygon","coordinates":[[[105.08818,20.84963],[105.08738,20.84966],[105.08652,20.84963],[105.08602,20.84873],[105.08654,20.84754],[105.08654,20.84716],[105.08619,20.84553],[105.08537,20.84208],[105.08429,20.84066],[105.08302,20.83682],[105.08229,20.83261],[105.08268,20.83205],[105.08277,20.83197],[105.08417,20.83079],[105.08485,20.83036],[105.08508,20.83022],[105.08574,20.82988],[105.08612,20.8297],[105.08647,20.82954],[105.08652,20.82952],[105.08687,20.82933],[105.08692,20.82923],[105.08722,20.82756],[105.08731,20.82635],[105.08739,20.82519],[105.0874,20.82491],[105.08739,20.82484],[105.08738,20.82472],[105.08732,20.82455],[105.08686,20.8233],[105.0867,20.82304],[105.08633,20.82256],[105.08585,20.82176],[105.085,20.82013],[105.08494,20.81982],[105.08492,20.81972],[105.0844,20.81687],[105.08437,20.81585],[105.08431,20.81283],[105.08629,20.81217],[105.08711,20.81189],[105.09492,20.80925],[105.09733,20.80653],[105.09795,20.80468],[105.09839,20.80337],[105.09839,20.80327],[105.09839,20.79854],[105.09673,20.79206],[105.09192,20.78308],[105.08846,20.7795],[105.08337,20.77449],[105.08077,20.77258],[105.07954,20.77143],[105.0786,20.77027],[105.07781,20.76912],[105.07759,20.76851],[105.07733,20.76729],[105.07701,20.76579],[105.07723,20.76469],[105.07752,20.7636],[105.07882,20.76178],[105.0805,20.76095],[105.08331,20.7608],[105.08846,20.76163],[105.09328,20.76254],[105.10055,20.76374],[105.10236,20.76394],[105.10452,20.76367],[105.10748,20.76312],[105.10986,20.76265],[105.11067,20.76231],[105.11145,20.7619],[105.11171,20.76171],[105.11217,20.76122],[105.11258,20.75857],[105.11304,20.75626],[105.11319,20.75571],[105.11364,20.75465],[105.11984,20.7535],[105.13377,20.75119],[105.13702,20.75109],[105.14027,20.75157],[105.14332,20.75252],[105.14475,20.75453],[105.14911,20.76235],[105.14996,20.76539],[105.15045,20.76719],[105.15082,20.76805],[105.15211,20.76996],[105.15253,20.77036],[105.15288,20.77061],[105.15339,20.7709],[105.15394,20.77093],[105.1544,20.77093],[105.15481,20.77086],[105.15521,20.77064],[105.15673,20.76954],[105.15813,20.76816],[105.15871,20.76742],[105.15962,20.7666],[105.15967,20.76655],[105.16121,20.76532],[105.16331,20.76397],[105.1667,20.76181],[105.1675,20.76137],[105.168,20.76115],[105.16952,20.76071],[105.17009,20.76064],[105.17091,20.76058],[105.17168,20.76056],[105.17292,20.76056],[105.17353,20.76061],[105.17412,20.76071],[105.17567,20.7611],[105.17812,20.76179],[105.1789,20.762],[105.18173,20.76283],[105.18533,20.76441],[105.18617,20.76487],[105.1866,20.76516],[105.1885,20.76691],[105.18938,20.7679],[105.1909,20.76963],[105.19117,20.76997],[105.19138,20.77022],[105.19264,20.77123],[105.1927,20.77126],[105.19391,20.77153],[105.1961,20.77191],[105.19842,20.77198],[105.20146,20.77204],[105.20434,20.77197],[105.20711,20.77154],[105.20878,20.77112],[105.2109,20.7708],[105.21177,20.77072],[105.21319,20.771],[105.21676,20.77329],[105.22195,20.77797],[105.23233,20.78628],[105.23559,20.78869],[105.23814,20.79057],[105.24109,20.79468],[105.24182,20.79586],[105.24344,20.7985],[105.24741,20.80146],[105.25203,20.80352],[105.25188,20.80389],[105.25188,20.8039],[105.25134,20.80508],[105.25086,20.80613],[105.24987,20.80821],[105.24955,20.80868],[105.24927,20.809],[105.24892,20.80939],[105.24859,20.80967],[105.24832,20.80988],[105.24083,20.8183],[105.23963,20.82039],[105.23889,20.82168],[105.23846,20.82264],[105.23818,20.82341],[105.23811,20.82359],[105.23771,20.82461],[105.23699,20.82598],[105.23685,20.82622],[105.23601,20.82703],[105.23558,20.82725],[105.23465,20.82729],[105.23441,20.82726],[105.23065,20.82606],[105.22882,20.82548],[105.22543,20.82595],[105.22363,20.82723],[105.21998,20.82846],[105.21966,20.82853],[105.21611,20.82853],[105.21484,20.82849],[105.21314,20.82842],[105.21267,20.8284],[105.2115,20.82851],[105.21097,20.82859],[105.21053,20.82873],[105.21027,20.82883],[105.2101,20.82891],[105.2064,20.83097],[105.20539,20.83153],[105.20423,20.83204],[105.20065,20.8336],[105.19735,20.83475],[105.19474,20.83562],[105.194,20.83569],[105.19161,20.83576],[105.19161,20.83527],[105.19151,20.83506],[105.19135,20.8348],[105.19053,20.83414],[105.19032,20.83397],[105.189,20.83291],[105.18876,20.83275],[105.18779,20.83232],[105.18715,20.83208],[105.18663,20.83195],[105.18619,20.83188],[105.18505,20.83098],[105.17978,20.82662],[105.17516,20.82202],[105.1704,20.8146],[105.17,20.81395],[105.16651,20.80821],[105.16327,20.80535],[105.15767,20.80613],[105.14751,20.80662],[105.14745,20.80662],[105.14743,20.80662],[105.14642,20.80678],[105.1462,20.80682],[105.14174,20.80758],[105.13964,20.80831],[105.13896,20.80855],[105.13831,20.80885],[105.13575,20.81007],[105.12798,20.81387],[105.12722,20.81387],[105.12706,20.81388],[105.12562,20.81412],[105.1256,20.8143],[105.1256,20.81438],[105.12558,20.81462],[105.12556,20.81499],[105.12556,20.81506],[105.12556,20.81549],[105.12564,20.81866],[105.12716,20.82043],[105.13127,20.82191],[105.13336,20.82287],[105.13533,20.82377],[105.13729,20.82467],[105.13776,20.82512],[105.13442,20.83069],[105.13317,20.83224],[105.13262,20.83286],[105.13213,20.83346],[105.13203,20.83362],[105.13191,20.83636],[105.13253,20.84069],[105.13254,20.84084],[105.13115,20.84177],[105.1309,20.84193],[105.12758,20.84347],[105.12713,20.8436],[105.12645,20.8438],[105.11984,20.84486],[105.11395,20.84426],[105.11352,20.84412],[105.1128,20.84398],[105.1119,20.84387],[105.11107,20.84394],[105.11088,20.84397],[105.1095,20.84452],[105.10942,20.84455],[105.10889,20.84479],[105.10834,20.84504],[105.10796,20.8449],[105.10775,20.84483],[105.10602,20.84457],[105.10457,20.84464],[105.10045,20.84485],[105.1001,20.84486],[105.09906,20.84527],[105.09792,20.84583],[105.09757,20.84604],[105.09746,20.84614],[105.09734,20.84632],[105.09697,20.84712],[105.09437,20.84848],[105.0897,20.84948],[105.08844,20.8496],[105.08818,20.84963]]]},"properties":{"commune_code":"04891","commune_name":"Xã Tiền Phong","commune_kind":"XA","province_code":"25","province_name":"Tỉnh Phú Thọ","area_km2":116.31,"valid_from":"16/6/2025","published":"13/07/2025","area_km2_geom":110.97501747934527,"quality_flag":null,"population":5246.0,"population_wp":3574.0995581299067,"anchor_ratio":1.467782280453567,"pop_source":"WORLDPOP2025_ANCHORED_VNSDI","pop_density_ppkm2":47.27190064174929,"n_stations":0,"n_ports":0,"power_kw_site":0.0,"ports_per_10k_pop":0.0,"util_mean_port_weighted":null,"dist_station_m_pop_weighted":21199.485907399587}},{"type":"Feature","geometry":{"type":"Polygon","coordinates":[[[105.44425,20.95634],[105.44241,20.95657],[105.43392,20.95566],[105.43114,20.95035],[105.42978,20.94774],[105.42551,20.9413],[105.42369,20.94005],[105.42312,20.93945],[105.42214,20.9355],[105.42251,20.93342],[105.42288,20.9328],[105.42304,20.93243],[105.4231,20.93223],[105.42289,20.93198],[105.42244,20.93149],[105.42189,20.93106],[105.41954,20.92951],[105.41745,20.92814],[105.4161,20.92786],[105.4134,20.92864],[105.41054,20.92946],[105.41057,20.9296],[105.41058,20.92978],[105.41049,20.93069],[105.41046,20.93076],[105.4104,20.93081],[105.41015,20.93083],[105.40953,20.93089],[105.40936,20.93088],[105.40637,20.93048],[105.40427,20.92964],[105.40391,20.92948],[105.40343,20.92927],[105.40302,20.92908],[105.39889,20.92692],[105.3971,20.92566],[105.39691,20.92543],[105.39687,20.92536],[105.39656,20.92487],[105.39397,20.92497],[105.38581,20.92526],[105.38566,20.92527],[105.38454,20.92551],[105.3821,20.92716],[105.38156,20.92752],[105.38084,20.92846],[105.38014,20.92936],[105.38007,20.92942],[105.38003,20.92945],[105.37835,20.93019],[105.375,20.93113],[105.37107,20.93113],[105.36724,20.93051],[105.36434,20.92897],[105.36332,20.92648],[105.36255,20.9246],[105.36192,20.92307],[105.36,20.91884],[105.35704,20.91856],[105.34876,20.91778],[105.34778,20.91773],[105.34779,20.91765],[105.34813,20.91564],[105.34848,20.9028],[105.34849,20.90243],[105.34842,20.90222],[105.34815,20.90142],[105.34456,20.89065],[105.34265,20.88551],[105.34304,20.88509],[105.34417,20.88385],[105.34485,20.88358],[105.34631,20.88303],[105.35094,20.88077],[105.35117,20.88066],[105.35837,20.87567],[105.36703,20.87089],[105.37152,20.86876],[105.37343,20.86881],[105.3747,20.8684],[105.37593,20.86759],[105.37679,20.86689],[105.37683,20.86685],[105.37762,20.86615],[105.37791,20.86589],[105.37807,20.86571],[105.37816,20.86558],[105.37826,20.86542],[105.37843,20.86504],[105.37926,20.86224],[105.37934,20.86188],[105.37937,20.86171],[105.37939,20.86147],[105.3796,20.85809],[105.37935,20.85631],[105.37861,20.85115],[105.3768,20.84781],[105.3759,20.84327],[105.37715,20.83189],[105.37719,20.83176],[105.37735,20.83133],[105.37787,20.83015],[105.37909,20.82821],[105.38133,20.82586],[105.3834,20.82411],[105.38349,20.82418],[105.38376,20.82433],[105.38406,20.8244],[105.38433,20.8244],[105.38454,20.82434],[105.3848,20.82413],[105.38491,20.82403],[105.38527,20.82368],[105.3854,20.82355],[105.38553,20.82342],[105.38556,20.82339],[105.38563,20.82326],[105.38567,20.82313],[105.38567,20.8231],[105.38569,20.82298],[105.3857,20.82263],[105.3857,20.82229],[105.38566,20.82214],[105.38425,20.81821],[105.38347,20.81651],[105.3819,20.81309],[105.38149,20.8122],[105.38046,20.81062],[105.37948,20.80914],[105.37865,20.80788],[105.37847,20.80763],[105.37581,20.80203],[105.37578,20.80045],[105.37576,20.79978],[105.37587,20.79902],[105.376,20.79809],[105.37603,20.79783],[105.37592,20.79445],[105.37543,20.79233],[105.3736,20.78931],[105.37263,20.78658],[105.37278,20.78342],[105.37451,20.78256],[105.37489,20.78237],[105.3755,20.78213],[105.37952,20.78127],[105.3797,20.78123],[105.38013,20.78119],[105.38014,20.78119],[105.38019,20.7812],[105.38063,20.78129],[105.38109,20.78147],[105.38193,20.78179],[105.38544,20.78337],[105.38717,20.78415],[105.38721,20.78417],[105.38846,20.78479],[105.38867,20.78489],[105.38888,20.78508],[105.389,20.78518],[105.38951,20.78593],[105.39,20.78664],[105.39017,20.7869],[105.39056,20.78753],[105.39091,20.78809],[105.39098,20.7882],[105.39163,20.78966],[105.39169,20.78981],[105.39208,20.79093],[105.39286,20.79445],[105.39297,20.7953],[105.39304,20.7958],[105.39308,20.79615],[105.39321,20.79683],[105.39426,20.80239],[105.39602,20.8036],[105.39891,20.80456],[105.39941,20.80473],[105.39998,20.80491],[105.40106,20.80489],[105.40258,20.80441],[105.40515,20.80359],[105.40601,20.80453],[105.40914,20.80794],[105.40915,20.80801],[105.40933,20.80893],[105.41029,20.81176],[105.41048,20.81217],[105.41096,20.81262],[105.41181,20.8129],[105.41317,20.81322],[105.41349,20.81328],[105.41476,20.81352],[105.41507,20.81455],[105.41513,20.81475],[105.41566,20.81736],[105.41568,20.81746],[105.41567,20.81807],[105.41551,20.81884],[105.41528,20.81958],[105.41528,20.8196],[105.41493,20.81998],[105.41796,20.82286],[105.41862,20.82264],[105.41862,20.82264],[105.41949,20.82267],[105.42093,20.82276],[105.42359,20.82314],[105.42454,20.82329],[105.42491,20.82338],[105.42498,20.8234],[105.42507,20.82348],[105.42513,20.82363],[105.42512,20.82372],[105.42512,20.82392],[105.42511,20.82395],[105.42503,20.82431],[105.42494,20.82453],[105.42456,20.82512],[105.42439,20.82553],[105.42435,20.82584],[105.42439,20.82609],[105.42453,20.82633],[105.42479,20.82655],[105.42527,20.8269],[105.42556,20.8271],[105.42619,20.82745],[105.42651,20.82759],[105.42807,20.82811],[105.4292,20.82847],[105.43025,20.82868],[105.43031,20.82896],[105.43032,20.82899],[105.43053,20.82983],[105.43056,20.82988],[105.43079,20.83036],[105.43153,20.83164],[105.43208,20.83257],[105.43209,20.8326],[105.43227,20.83286],[105.43227,20.8331],[105.43217,20.8334],[105.43198,20.83391],[105.43111,20.8362],[105.42903,20.83756],[105.4289,20.83764],[105.42731,20.83714],[105.42708,20.83706],[105.42659,20.83689],[105.42617,20.83691],[105.42557,20.83749],[105.42451,20.83934],[105.42391,20.84045],[105.42386,20.84106],[105.42413,20.84208],[105.42544,20.84478],[105.42551,20.84493],[105.42726,20.84674],[105.43268,20.85223],[105.43317,20.85268],[105.43468,20.85408],[105.43858,20.85769],[105.43899,20.85776],[105.44044,20.8592],[105.44056,20.85992],[105.44093,20.86409],[105.43997,20.86478],[105.43879,20.86365],[105.43842,20.86368],[105.43826,20.8637],[105.43744,20.86403],[105.43713,20.86427],[105.43708,20.86451],[105.43757,20.86813],[105.43757,20.86814],[105.43928,20.86983],[105.44186,20.87566],[105.44246,20.87701],[105.44272,20.8776],[105.44336,20.87913],[105.44358,20.88029],[105.44368,20.88083],[105.44372,20.88104],[105.44464,20.8861],[105.44341,20.88963],[105.44261,20.89096],[105.44251,20.89112],[105.44223,20.89299],[105.44222,20.89311],[105.44284,20.89417],[105.4451,20.89517],[105.44865,20.89944],[105.44905,20.89993],[105.44956,20.90089],[105.44956,20.90114],[105.44956,20.90119],[105.44951,20.90123],[105.44886,20.90247],[105.44892,20.90535],[105.44933,20.90615],[105.45328,20.91158],[105.45612,20.91605],[105.46018,20.9231],[105.46021,20.92317],[105.46082,20.92483],[105.46092,20.92513],[105.46121,20.92609],[105.46141,20.92787],[105.46143,20.92813],[105.46147,20.92874],[105.46149,20.92944],[105.46147,20.92954],[105.46144,20.92967],[105.46141,20.92976],[105.46123,20.93009],[105.45955,20.93215],[105.46108,20.93935],[105.46174,20.94406],[105.46137,20.94875],[105.45843,20.94929],[105.45809,20.94935],[105.45723,20.9495],[105.45139,20.95333],[105.44632,20.95621],[105.44425,20.95634]]]},"properties":{"commune_code":"04894","commune_name":"Phường Kỳ Sơn","commune_kind":"PHUONG","province_code":"25","province_name":"Tỉnh Phú Thọ","area_km2":115.7,"valid_from":"16/6/2025","published":"13/07/2025","area_km2_geom":115.64763441247304,"quality_flag":null,"population":20319.0,"population_wp":18000.69591609761,"anchor_ratio":1.1287896920601377,"pop_source":"WORLDPOP2025_ANCHORED_VNSDI","pop_density_ppkm2":175.69749786259803,"n_stations":3,"n_ports":16,"power_kw_site":374.0,"ports_per_10k_pop":7.874403267877356,"util_mean_port_weighted":0.11587690106230003,"dist_station_m_pop_weighted":3142.1314205448693}},{"type":"Feature","geometry":{"type":"Polygon","coordinates":[[[105.38437,21.02299],[105.3839,21.02308],[105.38059,21.0219],[105.37651,21.01833],[105.37065,21.01501],[105.36196,21.01085],[105.36173,21.01074],[105.36163,21.01071],[105.35536,21.00861],[105.35409,21.00885],[105.35053,21.01243],[105.34672,21.01458],[105.33857,21.01269],[105.33399,21.01151],[105.3317,21.01176],[105.32992,21.01438],[105.32876,21.01672],[105.32815,21.01796],[105.32484,21.01868],[105.32229,21.01678],[105.31872,21.01249],[105.31869,21.01233],[105.31948,21.01113],[105.3206,21.00674],[105.32076,21.00532],[105.32089,21.00415],[105.32108,21.00249],[105.32268,20.9984],[105.33141,20.98408],[105.33457,20.97739],[105.34064,20.95419],[105.34288,20.94348],[105.34296,20.94308],[105.34563,20.93027],[105.34778,20.91773],[105.34876,20.91778],[105.35704,20.91856],[105.36,20.91884],[105.36192,20.92307],[105.36255,20.9246],[105.36332,20.92648],[105.36434,20.92897],[105.36724,20.93051],[105.37107,20.93113],[105.375,20.93113],[105.37835,20.93019],[105.38003,20.92945],[105.38007,20.92942],[105.38014,20.92936],[105.38084,20.92846],[105.38156,20.92752],[105.3821,20.92716],[105.38454,20.92551],[105.38566,20.92527],[105.38581,20.92526],[105.39397,20.92497],[105.39656,20.92487],[105.39687,20.92536],[105.39691,20.92543],[105.3971,20.92566],[105.39889,20.92692],[105.40302,20.92908],[105.40343,20.92927],[105.40391,20.92948],[105.40427,20.92964],[105.40637,20.93048],[105.40936,20.93088],[105.40953,20.93089],[105.41015,20.93083],[105.4104,20.93081],[105.41046,20.93076],[105.41049,20.93069],[105.41058,20.92978],[105.41057,20.9296],[105.41054,20.92946],[105.4134,20.92864],[105.4161,20.92786],[105.41745,20.92814],[105.41954,20.92951],[105.42189,20.93106],[105.42244,20.93149],[105.42289,20.93198],[105.4231,20.93223],[105.42304,20.93243],[105.42288,20.9328],[105.42251,20.93342],[105.42214,20.9355],[105.42312,20.93945],[105.42369,20.94005],[105.42551,20.9413],[105.42978,20.94774],[105.43114,20.95035],[105.43392,20.95566],[105.44241,20.95657],[105.44425,20.95634],[105.44632,20.95621],[105.44353,20.95931],[105.4415,20.96361],[105.43867,20.97039],[105.43771,20.97267],[105.43366,20.97745],[105.43061,20.98055],[105.42638,20.98233],[105.42638,20.98233],[105.42465,20.98305],[105.42375,20.98343],[105.42359,20.98358],[105.42147,20.98558],[105.41954,20.99113],[105.41879,20.99519],[105.4191,20.99668],[105.41234,20.99776],[105.41021,20.99818],[105.39911,21.00041],[105.3953,21.0028],[105.39226,21.00758],[105.39217,21.00806],[105.391,21.01425],[105.39021,21.01561],[105.38822,21.01902],[105.38693,21.02064],[105.38517,21.02284],[105.38437,21.02299]]]},"properties":{"commune_code":"04897","commune_name":"Xã Thịnh Minh","commune_kind":"XA","province_code":"25","province_name":"Tỉnh Phú Thọ","area_km2":89.21,"valid_from":"16/6/2025","published":"13/07/2025","area_km2_geom":90.07226598202624,"quality_flag":null,"population":19198.0,"population_wp":16754.313394239172,"anchor_ratio":1.145854177862106,"pop_source":"WORLDPOP2025_ANCHORED_VNSDI","pop_density_ppkm2":213.13996923127178,"n_stations":1,"n_ports":13,"power_kw_site":504.0,"ports_per_10k_pop":6.77153870194812,"util_mean_port_weighted":0.11130093577435604,"dist_station_m_pop_weighted":5231.028940622478}},{"type":"Feature","geometry":{"type":"Polygon","coordinates":[[[105.46385,20.9483],[105.46137,20.94875],[105.46174,20.94406],[105.46108,20.93935],[105.45955,20.93215],[105.46123,20.93009],[105.46141,20.92976],[105.46144,20.92967],[105.46147,20.92954],[105.46149,20.92944],[105.46147,20.92874],[105.46143,20.92813],[105.46141,20.92787],[105.46121,20.92609],[105.46092,20.92513],[105.46082,20.92483],[105.46021,20.92317],[105.46018,20.9231],[105.45612,20.91605],[105.45328,20.91158],[105.44933,20.90615],[105.44892,20.90535],[105.44886,20.90247],[105.44951,20.90123],[105.44956,20.90119],[105.44956,20.90114],[105.44956,20.90089],[105.44905,20.89993],[105.44865,20.89944],[105.4451,20.89517],[105.44284,20.89417],[105.44222,20.89311],[105.44223,20.89299],[105.44251,20.89112],[105.44261,20.89096],[105.44341,20.88963],[105.44464,20.8861],[105.44372,20.88104],[105.44368,20.88083],[105.44358,20.88029],[105.44336,20.87913],[105.44272,20.8776],[105.44246,20.87701],[105.44186,20.87566],[105.43928,20.86983],[105.43757,20.86814],[105.43757,20.86813],[105.43708,20.86451],[105.43713,20.86427],[105.43744,20.86403],[105.43826,20.8637],[105.43842,20.86368],[105.43879,20.86365],[105.43997,20.86478],[105.44093,20.86409],[105.44056,20.85992],[105.44044,20.8592],[105.43899,20.85776],[105.43858,20.85769],[105.43468,20.85408],[105.43317,20.85268],[105.43268,20.85223],[105.42726,20.84674],[105.42551,20.84493],[105.42544,20.84478],[105.42413,20.84208],[105.42386,20.84106],[105.42391,20.84045],[105.42451,20.83934],[105.42557,20.83749],[105.42617,20.83691],[105.42659,20.83689],[105.42708,20.83706],[105.42731,20.83714],[105.4289,20.83764],[105.42903,20.83756],[105.43111,20.8362],[105.43198,20.83391],[105.43217,20.8334],[105.43227,20.8331],[105.43227,20.83286],[105.43209,20.8326],[105.43208,20.83257],[105.43153,20.83164],[105.43079,20.83036],[105.43056,20.82988],[105.43053,20.82983],[105.43032,20.82899],[105.43031,20.82896],[105.43025,20.82868],[105.43079,20.82842],[105.43114,20.82809],[105.43143,20.82759],[105.43161,20.82703],[105.43204,20.82575],[105.43189,20.82435],[105.43187,20.82422],[105.43183,20.82393],[105.43694,20.82111],[105.43854,20.82156],[105.43861,20.82158],[105.43948,20.8217],[105.44051,20.82185],[105.44197,20.82039],[105.44239,20.81997],[105.44297,20.81882],[105.44316,20.81824],[105.44331,20.81779],[105.44343,20.817],[105.44351,20.81445],[105.44355,20.81295],[105.44355,20.81291],[105.44424,20.81188],[105.44665,20.80832],[105.45114,20.80456],[105.45269,20.80403],[105.45406,20.8039],[105.45432,20.80387],[105.45662,20.80462],[105.45671,20.80465],[105.45671,20.80465],[105.45688,20.80472],[105.45768,20.80501],[105.45913,20.80558],[105.46163,20.80753],[105.46954,20.80768],[105.4747,20.80752],[105.47481,20.8078],[105.47539,20.80926],[105.47505,20.81234],[105.47485,20.81543],[105.47607,20.81786],[105.47669,20.81854],[105.47808,20.8195],[105.47871,20.82005],[105.4791,20.82079],[105.47945,20.82174],[105.4796,20.82222],[105.47723,20.82457],[105.47501,20.82692],[105.47256,20.8322],[105.47224,20.83309],[105.47213,20.83433],[105.47332,20.83591],[105.47557,20.84086],[105.4747,20.84111],[105.47383,20.8422],[105.47347,20.84353],[105.47339,20.84446],[105.47345,20.84578],[105.47392,20.8463],[105.47491,20.84668],[105.475,20.84733],[105.47491,20.84912],[105.47468,20.85022],[105.4724,20.85291],[105.471,20.85422],[105.46863,20.85628],[105.46779,20.85701],[105.46715,20.85747],[105.46559,20.86327],[105.46745,20.86909],[105.46921,20.86971],[105.47016,20.86834],[105.47309,20.86409],[105.47387,20.86261],[105.47802,20.85815],[105.47872,20.85762],[105.47945,20.85706],[105.48092,20.85611],[105.48249,20.85509],[105.48593,20.85422],[105.48597,20.8542],[105.48904,20.85291],[105.49579,20.84775],[105.49998,20.8434],[105.50141,20.8419],[105.50195,20.84144],[105.50201,20.8414],[105.50211,20.84135],[105.50282,20.84106],[105.50284,20.84105],[105.50575,20.83998],[105.50583,20.83995],[105.50645,20.83979],[105.51076,20.83866],[105.51237,20.83871],[105.51315,20.8389],[105.51576,20.84014],[105.51753,20.84192],[105.51758,20.84202],[105.51797,20.84296],[105.51808,20.84362],[105.51806,20.84442],[105.51796,20.84532],[105.51798,20.84545],[105.5197,20.84933],[105.51992,20.84944],[105.52124,20.85007],[105.52133,20.85012],[105.52702,20.85124],[105.52764,20.85121],[105.53356,20.85121],[105.53377,20.85121],[105.53854,20.85358],[105.53855,20.85359],[105.54116,20.85877],[105.5464,20.86193],[105.54656,20.86188],[105.54841,20.86132],[105.55069,20.86112],[105.55146,20.86105],[105.55355,20.86112],[105.55389,20.86116],[105.55588,20.86147],[105.557,20.86171],[105.55924,20.86158],[105.5614,20.86137],[105.56175,20.86124],[105.56314,20.86067],[105.56377,20.86033],[105.56382,20.8603],[105.56491,20.85961],[105.56752,20.85774],[105.56789,20.85675],[105.56791,20.85664],[105.56726,20.85559],[105.56703,20.85532],[105.56671,20.85532],[105.56623,20.85545],[105.56562,20.85572],[105.56558,20.85481],[105.56567,20.85349],[105.56592,20.85285],[105.56816,20.84806],[105.56818,20.84802],[105.56821,20.848],[105.5683,20.84794],[105.56851,20.84782],[105.56966,20.84739],[105.57458,20.84616],[105.57744,20.84553],[105.58438,20.84443],[105.58615,20.84466],[105.58619,20.84479],[105.58688,20.84676],[105.58594,20.85217],[105.58423,20.85794],[105.57523,20.86644],[105.56833,20.87241],[105.56028,20.87857],[105.55935,20.8795],[105.55842,20.88042],[105.55721,20.88164],[105.55614,20.88413],[105.55514,20.88643],[105.55378,20.88958],[105.55648,20.89245],[105.55765,20.89461],[105.55632,20.90038],[105.55691,20.90489],[105.55862,20.90711],[105.55981,20.90866],[105.56148,20.90919],[105.56597,20.91062],[105.56874,20.91135],[105.56941,20.91153],[105.57137,20.91205],[105.5783,20.91599],[105.57984,20.91734],[105.57991,20.9174],[105.58197,20.91922],[105.58275,20.9221],[105.58161,20.92607],[105.57759,20.92969],[105.57296,20.92878],[105.57124,20.92845],[105.57086,20.92834],[105.56777,20.92745],[105.55963,20.92543],[105.54971,20.92533],[105.54065,20.92569],[105.53325,20.92351],[105.52873,20.92092],[105.52488,20.92031],[105.52379,20.92036],[105.51971,20.92057],[105.51348,20.92208],[105.51274,20.9225],[105.50752,20.92546],[105.50459,20.92978],[105.50198,20.93016],[105.49762,20.93033],[105.49305,20.93249],[105.49121,20.93399],[105.48924,20.93559],[105.48913,20.93574],[105.48875,20.9362],[105.48644,20.93904],[105.4855,20.9402],[105.48342,20.94276],[105.4791,20.94706],[105.47504,20.94826],[105.46385,20.9483]]]},"properties":{"commune_code":"04924","commune_name":"Xã Lương Sơn","commune_kind":"XA","province_code":"25","province_name":"Tỉnh Phú Thọ","area_km2":131.24,"valid_from":"16/6/2025","published":"13/07/2025","area_km2_geom":131.72644323562736,"quality_flag":null,"population":45383.0,"population_wp":53140.06256566197,"anchor_ratio":0.8540260927228486,"pop_source":"WORLDPOP2025_ANCHORED_VNSDI","pop_density_ppkm2":344.52459874605876,"n_stations":5,"n_ports":50,"power_kw_site":1505.5,"ports_per_10k_pop":11.017341295198642,"util_mean_port_weighted":0.13507534475808056,"dist_station_m_pop_weighted":2705.842260025846}},{"type":"Feature","geometry":{"type":"Polygon","coordinates":[[[105.47016,20.86834],[105.46921,20.86971],[105.46745,20.86909],[105.46559,20.86327],[105.46715,20.85747],[105.46779,20.85701],[105.46863,20.85628],[105.471,20.85422],[105.4724,20.85291],[105.47468,20.85022],[105.47491,20.84912],[105.475,20.84733],[105.47491,20.84668],[105.47392,20.8463],[105.47345,20.84578],[105.47339,20.84446],[105.47347,20.84353],[105.47383,20.8422],[105.4747,20.84111],[105.47557,20.84086],[105.47332,20.83591],[105.47213,20.83433],[105.47224,20.83309],[105.47256,20.8322],[105.47501,20.82692],[105.47723,20.82457],[105.4796,20.82222],[105.47945,20.82174],[105.4791,20.82079],[105.47871,20.82005],[105.47808,20.8195],[105.47669,20.81854],[105.47607,20.81786],[105.47485,20.81543],[105.47505,20.81234],[105.47539,20.80926],[105.47481,20.8078],[105.4747,20.80752],[105.47553,20.80727],[105.47661,20.80689],[105.47783,20.80628],[105.47943,20.80549],[105.47933,20.80399],[105.47885,20.80291],[105.47853,20.80164],[105.47827,20.80033],[105.47797,20.79538],[105.47812,20.78889],[105.4782,20.78841],[105.47837,20.78814],[105.47954,20.78676],[105.47965,20.78665],[105.48023,20.78631],[105.48099,20.78593],[105.48165,20.78617],[105.48468,20.78767],[105.4867,20.78963],[105.48713,20.79054],[105.48742,20.79116],[105.48746,20.79121],[105.48809,20.79196],[105.48865,20.79227],[105.49095,20.79353],[105.49131,20.79369],[105.4921,20.79388],[105.49341,20.79381],[105.49359,20.7938],[105.49458,20.79372],[105.49487,20.7937],[105.49585,20.79383],[105.49787,20.79437],[105.49794,20.7944],[105.49929,20.79522],[105.50073,20.79635],[105.5008,20.79641],[105.50143,20.79701],[105.5022,20.79795],[105.50226,20.79814],[105.50864,20.80066],[105.51562,20.80261],[105.51996,20.80352],[105.53184,20.79847],[105.53256,20.79789],[105.53333,20.79727],[105.53403,20.79715],[105.5404,20.79679],[105.541,20.79699],[105.54241,20.7973],[105.5441,20.79752],[105.54613,20.79768],[105.55428,20.79764],[105.55525,20.79756],[105.55389,20.79396],[105.55346,20.79213],[105.55284,20.78953],[105.55249,20.78785],[105.55248,20.7872],[105.55248,20.78667],[105.55248,20.7862],[105.55268,20.78525],[105.55331,20.78465],[105.55858,20.78072],[105.5592,20.78026],[105.55943,20.7801],[105.56006,20.77967],[105.56133,20.77889],[105.56314,20.77827],[105.56373,20.77813],[105.56725,20.77726],[105.56949,20.77697],[105.57113,20.77718],[105.57441,20.7752],[105.58345,20.77627],[105.58707,20.77422],[105.59006,20.77232],[105.5931,20.77003],[105.59403,20.76933],[105.59558,20.76791],[105.59738,20.76562],[105.59833,20.76385],[105.60274,20.76015],[105.60717,20.75956],[105.60982,20.75672],[105.61428,20.75455],[105.61853,20.75386],[105.62588,20.7538],[105.62607,20.7538],[105.62619,20.75381],[105.62688,20.75386],[105.63084,20.75465],[105.63138,20.75476],[105.63507,20.75623],[105.63541,20.75636],[105.63624,20.75671],[105.63709,20.75707],[105.63727,20.75715],[105.63772,20.75735],[105.63786,20.75741],[105.63818,20.75754],[105.63826,20.75755],[105.63953,20.75788],[105.64051,20.75801],[105.64053,20.758],[105.64063,20.75683],[105.64064,20.75618],[105.64066,20.7548],[105.64068,20.75388],[105.64059,20.75359],[105.64053,20.75321],[105.6405,20.75291],[105.64049,20.75204],[105.64669,20.75331],[105.64667,20.75383],[105.64706,20.75831],[105.65045,20.75907],[105.65051,20.75892],[105.65054,20.75886],[105.64888,20.7697],[105.64875,20.77057],[105.64808,20.77493],[105.64821,20.77857],[105.64824,20.77938],[105.64827,20.7802],[105.64833,20.78194],[105.64834,20.78215],[105.64843,20.78497],[105.64859,20.79051],[105.64866,20.79274],[105.64866,20.79274],[105.64847,20.79273],[105.64632,20.79256],[105.64513,20.79247],[105.64198,20.79255],[105.63453,20.79338],[105.63317,20.79712],[105.63374,20.7982],[105.63382,20.79858],[105.63437,20.80101],[105.63411,20.80233],[105.63184,20.81019],[105.6301,20.81652],[105.63023,20.81691],[105.63057,20.81796],[105.63152,20.8198],[105.63204,20.82032],[105.63353,20.82181],[105.63386,20.82213],[105.6376,20.82454],[105.63967,20.82412],[105.63983,20.82407],[105.64016,20.82396],[105.64021,20.82396],[105.64068,20.82396],[105.641,20.82406],[105.6412,20.82431],[105.64132,20.82463],[105.64138,20.82535],[105.64154,20.82707],[105.64146,20.82794],[105.64087,20.82874],[105.64011,20.82939],[105.63902,20.82985],[105.63765,20.83016],[105.63696,20.83054],[105.63653,20.83089],[105.63627,20.83168],[105.63617,20.8323],[105.63572,20.83507],[105.63572,20.83566],[105.63573,20.8365],[105.63575,20.83661],[105.63622,20.83789],[105.63385,20.83739],[105.62996,20.83481],[105.62504,20.8322],[105.62409,20.83177],[105.61887,20.83067],[105.61815,20.83085],[105.61673,20.83122],[105.61627,20.83168],[105.61577,20.83218],[105.61403,20.83391],[105.61117,20.83668],[105.60758,20.8377],[105.60632,20.83805],[105.60581,20.8382],[105.6032,20.83925],[105.60067,20.84065],[105.59922,20.84107],[105.59915,20.84104],[105.59808,20.84063],[105.59747,20.83912],[105.59726,20.83861],[105.59726,20.83842],[105.59729,20.83603],[105.59694,20.83458],[105.59679,20.83394],[105.59551,20.83242],[105.59384,20.83147],[105.59026,20.83115],[105.59016,20.83104],[105.58868,20.82941],[105.58757,20.82688],[105.58715,20.82372],[105.58598,20.81948],[105.58257,20.81177],[105.57957,20.81021],[105.57702,20.8089],[105.57002,20.80862],[105.55895,20.80914],[105.55818,20.80985],[105.55823,20.81156],[105.55823,20.81186],[105.55968,20.81847],[105.56041,20.81918],[105.56065,20.81941],[105.56231,20.82101],[105.56489,20.82219],[105.56546,20.82213],[105.56932,20.82174],[105.56984,20.82182],[105.57534,20.82266],[105.57612,20.8236],[105.57662,20.82421],[105.57804,20.82592],[105.58049,20.83168],[105.58107,20.83366],[105.58181,20.83615],[105.58249,20.83732],[105.5852,20.84198],[105.58615,20.84466],[105.58438,20.84443],[105.57744,20.84553],[105.57458,20.84616],[105.56966,20.84739],[105.56851,20.84782],[105.5683,20.84794],[105.56821,20.848],[105.56818,20.84802],[105.56816,20.84806],[105.56592,20.85285],[105.56567,20.85349],[105.56558,20.85481],[105.56562,20.85572],[105.56623,20.85545],[105.56671,20.85532],[105.56703,20.85532],[105.56726,20.85559],[105.56791,20.85664],[105.56789,20.85675],[105.56752,20.85774],[105.56491,20.85961],[105.56382,20.8603],[105.56377,20.86033],[105.56314,20.86067],[105.56175,20.86124],[105.5614,20.86137],[105.55924,20.86158],[105.557,20.86171],[105.55588,20.86147],[105.55389,20.86116],[105.55355,20.86112],[105.55146,20.86105],[105.55069,20.86112],[105.54841,20.86132],[105.54656,20.86188],[105.5464,20.86193],[105.54116,20.85877],[105.53855,20.85359],[105.53854,20.85358],[105.53377,20.85121],[105.53356,20.85121],[105.52764,20.85121],[105.52702,20.85124],[105.52133,20.85012],[105.52124,20.85007],[105.51992,20.84944],[105.5197,20.84933],[105.51798,20.84545],[105.51796,20.84532],[105.51806,20.84442],[105.51808,20.84362],[105.51797,20.84296],[105.51758,20.84202],[105.51753,20.84192],[105.51576,20.84014],[105.51315,20.8389],[105.51237,20.83871],[105.51076,20.83866],[105.50645,20.83979],[105.50583,20.83995],[105.50575,20.83998],[105.50284,20.84105],[105.50282,20.84106],[105.50211,20.84135],[105.50201,20.8414],[105.50195,20.84144],[105.50141,20.8419],[105.49998,20.8434],[105.49579,20.84775],[105.48904,20.85291],[105.48597,20.8542],[105.48593,20.85422],[105.48249,20.85509],[105.48092,20.85611],[105.47945,20.85706],[105.47872,20.85762],[105.47802,20.85815],[105.47387,20.86261],[105.47309,20.86409],[105.47016,20.86834]]]},"properties":{"commune_code":"04960","commune_name":"Xã Liên Sơn","commune_kind":"XA","province_code":"25","province_name":"Tỉnh Phú Thọ","area_km2":120.21,"valid_from":"16/6/2025","published":"13/07/2025","area_km2_geom":119.80178261200565,"quality_flag":null,"population":31834.0,"population_wp":34386.02062191442,"anchor_ratio":0.925783193991107,"pop_source":"WORLDPOP2025_ANCHORED_VNSDI","pop_density_ppkm2":265.7222564300127,"n_stations":0,"n_ports":0,"power_kw_site":0.0,"ports_per_10k_pop":0.0,"util_mean_port_weighted":null,"dist_station_m_pop_weighted":5271.119137403182}},{"type":"Feature","geometry":{"type":"Polygon","coordinates":[[[105.49725,20.72044],[105.49675,20.72101],[105.48453,20.71834],[105.48487,20.71776],[105.48496,20.71758],[105.48498,20.71743],[105.48497,20.71729],[105.48449,20.7155],[105.48395,20.71457],[105.48218,20.71147],[105.48119,20.70975],[105.48068,20.70886],[105.48033,20.70858],[105.47979,20.70815],[105.47931,20.70778],[105.47524,20.7065],[105.47405,20.70411],[105.47564,20.69884],[105.47817,20.69509],[105.47882,20.69531],[105.47993,20.69558],[105.48011,20.69562],[105.48094,20.69573],[105.48133,20.69571],[105.48154,20.69566],[105.48235,20.69531],[105.4855,20.6937],[105.48767,20.69235],[105.48683,20.69141],[105.48656,20.69112],[105.48577,20.69052],[105.48519,20.68991],[105.48498,20.68908],[105.48497,20.68885],[105.48495,20.6874],[105.48557,20.68526],[105.48657,20.6839],[105.48658,20.68389],[105.48761,20.68323],[105.48805,20.68299],[105.48832,20.68303],[105.48867,20.68312],[105.48883,20.68316],[105.49049,20.68402],[105.4943,20.68437],[105.49476,20.68413],[105.49497,20.684],[105.49533,20.6837],[105.49623,20.68229],[105.49667,20.68159],[105.49941,20.67728],[105.50048,20.6732],[105.49959,20.66722],[105.49932,20.66594],[105.49906,20.66476],[105.49893,20.66416],[105.49881,20.66368],[105.49865,20.66321],[105.49829,20.66283],[105.49664,20.66122],[105.49613,20.66073],[105.49491,20.65968],[105.49225,20.65372],[105.49073,20.64993],[105.48601,20.64401],[105.48516,20.643],[105.48374,20.64144],[105.48279,20.64077],[105.48017,20.63892],[105.47766,20.63715],[105.47589,20.63656],[105.474,20.63487],[105.47064,20.63156],[105.47065,20.63156],[105.47067,20.63157],[105.4749,20.63282],[105.47887,20.63405],[105.47927,20.63422],[105.4824,20.63562],[105.48249,20.63566],[105.4852,20.63683],[105.48687,20.63721],[105.48702,20.63724],[105.48728,20.63725],[105.48737,20.63724],[105.48936,20.63665],[105.49238,20.63565],[105.49653,20.63111],[105.49654,20.6311],[105.49931,20.62727],[105.49933,20.62724],[105.50483,20.62408],[105.50663,20.62337],[105.50755,20.62479],[105.5087,20.62659],[105.51797,20.62479],[105.52193,20.6233],[105.52037,20.62141],[105.51918,20.61772],[105.51879,20.6158],[105.52045,20.61546],[105.52141,20.61526],[105.52341,20.61485],[105.52471,20.61485],[105.52711,20.61484],[105.52873,20.615],[105.53137,20.61526],[105.53147,20.61528],[105.53181,20.6154],[105.532,20.61548],[105.53238,20.61567],[105.53375,20.61663],[105.53432,20.61709],[105.53499,20.61773],[105.5375,20.61831],[105.54088,20.61899],[105.54637,20.61967],[105.54881,20.61971],[105.54993,20.61911],[105.55158,20.61952],[105.5534,20.61872],[105.55514,20.61742],[105.55803,20.61526],[105.55913,20.61337],[105.5595,20.61204],[105.56052,20.60839],[105.5612,20.60221],[105.56125,20.60219],[105.56169,20.60199],[105.56232,20.60173],[105.56438,20.60089],[105.56759,20.60025],[105.57066,20.59964],[105.57258,20.60039],[105.57617,20.60179],[105.57944,20.60206],[105.57969,20.60208],[105.57931,20.60374],[105.57913,20.60455],[105.57852,20.60601],[105.57833,20.60647],[105.5782,20.60677],[105.57768,20.60754],[105.57508,20.61049],[105.57587,20.6136],[105.57644,20.61547],[105.57649,20.6155],[105.57655,20.61555],[105.5766,20.6156],[105.57665,20.61565],[105.57669,20.61571],[105.57674,20.61577],[105.57679,20.61585],[105.57684,20.61595],[105.57688,20.61604],[105.57692,20.61612],[105.57696,20.61623],[105.57761,20.61782],[105.57618,20.62115],[105.57525,20.62267],[105.57378,20.62312],[105.57208,20.62344],[105.57079,20.62381],[105.56829,20.62493],[105.5676,20.62551],[105.56542,20.62755],[105.56513,20.62802],[105.56495,20.62872],[105.5649,20.62962],[105.56502,20.63016],[105.5654,20.63088],[105.56579,20.63145],[105.56595,20.63156],[105.56596,20.63158],[105.56675,20.63273],[105.56735,20.63409],[105.56754,20.63464],[105.56774,20.63532],[105.56777,20.6356],[105.56773,20.63611],[105.56758,20.6368],[105.56684,20.63944],[105.56411,20.64285],[105.56117,20.64469],[105.56041,20.64692],[105.5602,20.64813],[105.55982,20.65527],[105.5587,20.65808],[105.55799,20.66071],[105.55772,20.66184],[105.55715,20.6628],[105.55614,20.66334],[105.55309,20.66395],[105.55299,20.66398],[105.54924,20.6652],[105.54827,20.66552],[105.54684,20.66624],[105.54516,20.66708],[105.54473,20.66765],[105.54466,20.66774],[105.54485,20.6687],[105.54495,20.66885],[105.54549,20.66965],[105.54411,20.67342],[105.54235,20.6736],[105.54169,20.67367],[105.53782,20.6747],[105.53491,20.67644],[105.53042,20.68141],[105.52953,20.68267],[105.52947,20.68381],[105.52954,20.68488],[105.53091,20.69023],[105.52921,20.69587],[105.52769,20.6975],[105.52742,20.69779],[105.52478,20.69808],[105.51991,20.69896],[105.51978,20.70013],[105.51887,20.70038],[105.51575,20.69861],[105.51479,20.69772],[105.5141,20.69691],[105.51381,20.69664],[105.51328,20.69681],[105.51306,20.69692],[105.51095,20.69797],[105.50945,20.70179],[105.50912,20.70488],[105.50897,20.707],[105.50869,20.71075],[105.50861,20.71194],[105.50835,20.71321],[105.50792,20.71501],[105.5069,20.71857],[105.50488,20.71914],[105.50327,20.71935],[105.5022,20.7195],[105.49957,20.71985],[105.49725,20.72044]]]},"properties":{"commune_code":"04978","commune_name":"Xã Kim Bôi","commune_kind":"XA","province_code":"25","province_name":"Tỉnh Phú Thọ","area_km2":64.57,"valid_from":"16/6/2025","published":"13/07/2025","area_km2_geom":64.35517449497543,"quality_flag":null,"population":35915.0,"population_wp":23517.78181752935,"anchor_ratio":1.5271423248441818,"pop_source":"WORLDPOP2025_ANCHORED_VNSDI","pop_density_ppkm2":558.0747823596389,"n_stations":4,"n_ports":26,"power_kw_site":667.0,"ports_per_10k_pop":7.239315049422247,"util_mean_port_weighted":0.15931907056156475,"dist_station_m_pop_weighted":2901.670337487622}},{"type":"Feature","geometry":{"type":"Polygon","coordinates":[[[105.43079,20.82842],[105.43025,20.82868],[105.4292,20.82847],[105.42807,20.82811],[105.42651,20.82759],[105.42619,20.82745],[105.42556,20.8271],[105.42527,20.8269],[105.42479,20.82655],[105.42453,20.82633],[105.42439,20.82609],[105.42435,20.82584],[105.42439,20.82553],[105.42456,20.82512],[105.42494,20.82453],[105.42503,20.82431],[105.42511,20.82395],[105.42512,20.82392],[105.42512,20.82372],[105.42513,20.82363],[105.42507,20.82348],[105.42498,20.8234],[105.42491,20.82338],[105.42454,20.82329],[105.42359,20.82314],[105.42093,20.82276],[105.41949,20.82267],[105.41862,20.82264],[105.41862,20.82264],[105.41796,20.82286],[105.41493,20.81998],[105.41528,20.8196],[105.41528,20.81958],[105.41551,20.81884],[105.41567,20.81807],[105.41568,20.81746],[105.41566,20.81736],[105.41513,20.81475],[105.41507,20.81455],[105.41476,20.81352],[105.41349,20.81328],[105.41317,20.81322],[105.41181,20.8129],[105.41096,20.81262],[105.41048,20.81217],[105.41029,20.81176],[105.40933,20.80893],[105.40915,20.80801],[105.40914,20.80794],[105.40601,20.80453],[105.40515,20.80359],[105.40258,20.80441],[105.40106,20.80489],[105.39998,20.80491],[105.39941,20.80473],[105.39891,20.80456],[105.39602,20.8036],[105.39426,20.80239],[105.39321,20.79683],[105.39308,20.79615],[105.39304,20.7958],[105.39297,20.7953],[105.39286,20.79445],[105.39208,20.79093],[105.39169,20.78981],[105.39163,20.78966],[105.39098,20.7882],[105.39091,20.78809],[105.39056,20.78753],[105.39017,20.7869],[105.39,20.78664],[105.38951,20.78593],[105.389,20.78518],[105.38888,20.78508],[105.38867,20.78489],[105.38846,20.78479],[105.38721,20.78417],[105.38717,20.78415],[105.38544,20.78337],[105.38193,20.78179],[105.38109,20.78147],[105.38063,20.78129],[105.38019,20.7812],[105.38014,20.78119],[105.38013,20.78119],[105.3797,20.78123],[105.37952,20.78127],[105.3755,20.78213],[105.37489,20.78237],[105.37451,20.78256],[105.37278,20.78342],[105.37283,20.78306],[105.37466,20.77484],[105.37477,20.7746],[105.37728,20.77066],[105.37796,20.77006],[105.37797,20.77005],[105.37998,20.76859],[105.38001,20.76857],[105.38109,20.76891],[105.38224,20.76933],[105.3828,20.76955],[105.38368,20.77037],[105.3848,20.77145],[105.38506,20.77174],[105.38559,20.77233],[105.38821,20.77398],[105.39018,20.77135],[105.39509,20.77286],[105.40115,20.77439],[105.40357,20.77455],[105.40684,20.77363],[105.41131,20.77318],[105.41983,20.76977],[105.42159,20.76756],[105.4205,20.76478],[105.42285,20.76292],[105.42513,20.76339],[105.42567,20.76289],[105.42766,20.75919],[105.42781,20.75863],[105.42806,20.75749],[105.42834,20.75576],[105.42931,20.75267],[105.43507,20.748],[105.43541,20.74781],[105.43566,20.74771],[105.4359,20.74766],[105.43825,20.74782],[105.44092,20.74803],[105.4411,20.74823],[105.44247,20.74979],[105.44294,20.75033],[105.44316,20.75118],[105.44338,20.75203],[105.44345,20.75226],[105.44401,20.75422],[105.44994,20.75464],[105.45125,20.75457],[105.45841,20.75419],[105.45845,20.75418],[105.46977,20.75248],[105.47274,20.74994],[105.47249,20.74547],[105.47235,20.74289],[105.47228,20.74283],[105.47218,20.74273],[105.47213,20.74267],[105.47203,20.74253],[105.47199,20.74247],[105.47186,20.74212],[105.47182,20.74192],[105.47154,20.7404],[105.47148,20.73721],[105.47169,20.73372],[105.4717,20.73364],[105.47171,20.73358],[105.47175,20.73349],[105.47196,20.73293],[105.47212,20.7329],[105.47225,20.73287],[105.47226,20.73287],[105.47236,20.73289],[105.4736,20.73321],[105.47474,20.73362],[105.47586,20.73393],[105.477,20.73394],[105.47776,20.73391],[105.47859,20.73362],[105.47883,20.73344],[105.47901,20.73331],[105.47956,20.7324],[105.47967,20.73222],[105.47958,20.73159],[105.47949,20.7309],[105.47942,20.73054],[105.4791,20.73015],[105.47908,20.73009],[105.47762,20.72548],[105.4793,20.71995],[105.47968,20.71928],[105.4801,20.71857],[105.48031,20.71842],[105.48091,20.71821],[105.48133,20.71817],[105.48158,20.71816],[105.48352,20.71821],[105.48453,20.71834],[105.49675,20.72101],[105.49725,20.72044],[105.49957,20.71985],[105.5022,20.7195],[105.50327,20.71935],[105.50488,20.71914],[105.5069,20.71857],[105.50792,20.71501],[105.50835,20.71321],[105.50861,20.71194],[105.50869,20.71075],[105.50897,20.707],[105.50912,20.70488],[105.50945,20.70179],[105.51095,20.69797],[105.51306,20.69692],[105.51328,20.69681],[105.51381,20.69664],[105.5141,20.69691],[105.51479,20.69772],[105.51575,20.69861],[105.51887,20.70038],[105.51978,20.70013],[105.51991,20.69896],[105.52478,20.69808],[105.52742,20.69779],[105.52769,20.6975],[105.52921,20.69587],[105.53091,20.69023],[105.52954,20.68488],[105.52947,20.68381],[105.52953,20.68267],[105.53042,20.68141],[105.53491,20.67644],[105.53782,20.6747],[105.54169,20.67367],[105.54235,20.6736],[105.54411,20.67342],[105.54549,20.66965],[105.54495,20.66885],[105.54485,20.6687],[105.54466,20.66774],[105.54473,20.66765],[105.54516,20.66708],[105.54684,20.66624],[105.54827,20.66552],[105.54924,20.6652],[105.55299,20.66398],[105.55309,20.66395],[105.55614,20.66334],[105.55715,20.6628],[105.55772,20.66184],[105.55799,20.66071],[105.55785,20.66241],[105.55837,20.66318],[105.55891,20.66368],[105.5612,20.66504],[105.56173,20.66749],[105.5619,20.66827],[105.56186,20.67056],[105.56184,20.67156],[105.56177,20.67478],[105.56031,20.67914],[105.55053,20.68202],[105.55023,20.68162],[105.5497,20.68103],[105.5496,20.68094],[105.54923,20.68091],[105.54893,20.68092],[105.54881,20.68097],[105.54837,20.68136],[105.54666,20.68382],[105.54508,20.68693],[105.54594,20.69301],[105.54771,20.7045],[105.54826,20.70601],[105.54858,20.70711],[105.54866,20.70739],[105.54829,20.70854],[105.5477,20.70929],[105.54741,20.70967],[105.54606,20.71139],[105.54854,20.71289],[105.55156,20.71332],[105.55358,20.71361],[105.55421,20.71391],[105.55894,20.71617],[105.55995,20.7167],[105.56056,20.71803],[105.56731,20.72453],[105.56869,20.72686],[105.56986,20.72958],[105.57017,20.73016],[105.57044,20.73066],[105.57085,20.73137],[105.57275,20.73389],[105.5735,20.73485],[105.57384,20.73489],[105.5745,20.73454],[105.58139,20.73077],[105.58725,20.73644],[105.58729,20.73684],[105.58714,20.7372],[105.58662,20.7384],[105.58644,20.73872],[105.58633,20.7389],[105.58601,20.73947],[105.58598,20.73952],[105.58455,20.74167],[105.58414,20.74228],[105.58278,20.74372],[105.5821,20.74434],[105.5811,20.74526],[105.57506,20.74846],[105.57198,20.74975],[105.57167,20.74973],[105.57108,20.74979],[105.57066,20.74986],[105.57022,20.74994],[105.56799,20.75072],[105.56789,20.75102],[105.56782,20.75168],[105.56773,20.75249],[105.56775,20.7533],[105.56819,20.75509],[105.56834,20.75567],[105.56984,20.76118],[105.56988,20.76134],[105.57068,20.76426],[105.57287,20.76987],[105.5726,20.77135],[105.57309,20.7735],[105.5733,20.77376],[105.57441,20.7752],[105.57113,20.77718],[105.56949,20.77697],[105.56725,20.77726],[105.56373,20.77813],[105.56314,20.77827],[105.56133,20.77889],[105.56006,20.77967],[105.55943,20.7801],[105.5592,20.78026],[105.55858,20.78072],[105.55331,20.78465],[105.55268,20.78525],[105.55248,20.7862],[105.55248,20.78667],[105.55248,20.7872],[105.55249,20.78785],[105.55284,20.78953],[105.55346,20.79213],[105.55389,20.79396],[105.55525,20.79756],[105.55428,20.79764],[105.54613,20.79768],[105.5441,20.79752],[105.54241,20.7973],[105.541,20.79699],[105.5404,20.79679],[105.53403,20.79715],[105.53333,20.79727],[105.53256,20.79789],[105.53184,20.79847],[105.51996,20.80352],[105.51562,20.80261],[105.50864,20.80066],[105.50226,20.79814],[105.5022,20.79795],[105.50143,20.79701],[105.5008,20.79641],[105.50073,20.79635],[105.49929,20.79522],[105.49794,20.7944],[105.49787,20.79437],[105.49585,20.79383],[105.49487,20.7937],[105.49458,20.79372],[105.49359,20.7938],[105.49341,20.79381],[105.4921,20.79388],[105.49131,20.79369],[105.49095,20.79353],[105.48865,20.79227],[105.48809,20.79196],[105.48746,20.79121],[105.48742,20.79116],[105.48713,20.79054],[105.4867,20.78963],[105.48468,20.78767],[105.48165,20.78617],[105.48099,20.78593],[105.48023,20.78631],[105.47965,20.78665],[105.47954,20.78676],[105.47837,20.78814],[105.4782,20.78841],[105.47812,20.78889],[105.47797,20.79538],[105.47827,20.80033],[105.47853,20.80164],[105.47885,20.80291],[105.47933,20.80399],[105.47943,20.80549],[105.47783,20.80628],[105.47661,20.80689],[105.47553,20.80727],[105.4747,20.80752],[105.46954,20.80768],[105.46163,20.80753],[105.45913,20.80558],[105.45768,20.80501],[105.45688,20.80472],[105.45671,20.80465],[105.45671,20.80465],[105.45662,20.80462],[105.45432,20.80387],[105.45406,20.8039],[105.45269,20.80403],[105.45114,20.80456],[105.44665,20.80832],[105.44424,20.81188],[105.44355,20.81291],[105.44355,20.81295],[105.44351,20.81445],[105.44343,20.817],[105.44331,20.81779],[105.44316,20.81824],[105.44297,20.81882],[105.44239,20.81997],[105.44197,20.82039],[105.44051,20.82185],[105.43948,20.8217],[105.43861,20.82158],[105.43854,20.82156],[105.43694,20.82111],[105.43183,20.82393],[105.43187,20.82422],[105.43189,20.82435],[105.43204,20.82575],[105.43161,20.82703],[105.43143,20.82759],[105.43114,20.82809],[105.43079,20.82842]]]},"properties":{"commune_code":"04990","commune_name":"Xã Nật Sơn","commune_kind":"XA","province_code":"25","province_name":"Tỉnh Phú Thọ","area_km2":154.65,"valid_from":"16/6/2025","published":"13/07/2025","area_km2_geom":153.78697500861944,"quality_flag":null,"population":28940.0,"population_wp":20163.223363880068,"anchor_ratio":1.4352863863940746,"pop_source":"WORLDPOP2025_ANCHORED_VNSDI","pop_density_ppkm2":188.1823866967796,"n_stations":0,"n_ports":0,"power_kw_site":0.0,"ports_per_10k_pop":0.0,"util_mean_port_weighted":null,"dist_station_m_pop_weighted":6195.280261430209}},{"type":"Feature","geometry":{"type":"Polygon","coordinates":[[[105.40684,20.77363],[105.40357,20.77455],[105.40115,20.77439],[105.39509,20.77286],[105.39018,20.77135],[105.38821,20.77398],[105.38559,20.77233],[105.38506,20.77174],[105.3848,20.77145],[105.38368,20.77037],[105.3828,20.76955],[105.38224,20.76933],[105.38109,20.76891],[105.38001,20.76857],[105.37839,20.76688],[105.37709,20.76203],[105.37376,20.76023],[105.37297,20.76008],[105.37297,20.76008],[105.37274,20.75958],[105.37277,20.75748],[105.37293,20.75689],[105.37498,20.7513],[105.3758,20.74861],[105.37628,20.74656],[105.37709,20.74251],[105.37727,20.74083],[105.37736,20.73968],[105.37747,20.73843],[105.37545,20.73823],[105.37082,20.73757],[105.37663,20.72904],[105.37792,20.72674],[105.37839,20.72543],[105.37879,20.72482],[105.37999,20.72373],[105.38661,20.71913],[105.39202,20.71592],[105.39354,20.71526],[105.39468,20.71473],[105.39541,20.71405],[105.39606,20.71309],[105.39914,20.7075],[105.40329,20.70191],[105.40567,20.69785],[105.40461,20.69212],[105.40395,20.68831],[105.40506,20.68654],[105.41252,20.68212],[105.41313,20.68224],[105.41371,20.68238],[105.41721,20.68016],[105.41732,20.67974],[105.41647,20.67718],[105.41632,20.67596],[105.41628,20.67451],[105.41647,20.67203],[105.41671,20.67062],[105.41714,20.66978],[105.41756,20.66927],[105.41872,20.66815],[105.41969,20.66723],[105.41986,20.66657],[105.42,20.66531],[105.42005,20.66475],[105.41976,20.66416],[105.41567,20.65988],[105.41264,20.65771],[105.41168,20.65727],[105.40834,20.6563],[105.40725,20.65604],[105.40617,20.65602],[105.40476,20.65622],[105.40421,20.65612],[105.4036,20.65582],[105.40327,20.65543],[105.40304,20.65463],[105.40275,20.65287],[105.40273,20.65113],[105.40264,20.64977],[105.40247,20.64897],[105.40217,20.64831],[105.39987,20.64646],[105.39981,20.64635],[105.39961,20.6454],[105.399,20.6418],[105.39837,20.63706],[105.39844,20.63521],[105.39866,20.63344],[105.39853,20.6239],[105.39865,20.62268],[105.3994,20.61823],[105.40139,20.61519],[105.40342,20.61097],[105.40426,20.60802],[105.40632,20.60764],[105.40991,20.60668],[105.4122,20.60507],[105.41229,20.60501],[105.41653,20.60518],[105.41697,20.60519],[105.42523,20.60679],[105.42606,20.60695],[105.42641,20.60704],[105.42771,20.60737],[105.42846,20.60769],[105.42889,20.60826],[105.42892,20.60831],[105.42894,20.60835],[105.43053,20.60961],[105.43305,20.61358],[105.43353,20.61483],[105.43523,20.61662],[105.43757,20.61889],[105.43814,20.61936],[105.43877,20.61973],[105.44438,20.6204],[105.44529,20.62046],[105.4476,20.61985],[105.44899,20.6189],[105.4498,20.61862],[105.45181,20.61858],[105.45342,20.61897],[105.45494,20.61946],[105.45584,20.61997],[105.45714,20.62096],[105.45942,20.62286],[105.46005,20.62311],[105.46383,20.62321],[105.4656,20.62281],[105.46609,20.62272],[105.46661,20.62271],[105.46727,20.62309],[105.46853,20.62443],[105.46894,20.6254],[105.46932,20.6272],[105.46987,20.63017],[105.47064,20.63156],[105.474,20.63487],[105.47589,20.63656],[105.47766,20.63715],[105.48017,20.63892],[105.48279,20.64077],[105.48374,20.64144],[105.48516,20.643],[105.48601,20.64401],[105.49073,20.64993],[105.49225,20.65372],[105.49491,20.65968],[105.49613,20.66073],[105.49664,20.66122],[105.49829,20.66283],[105.49865,20.66321],[105.49881,20.66368],[105.49893,20.66416],[105.49906,20.66476],[105.49932,20.66594],[105.49959,20.66722],[105.50048,20.6732],[105.49941,20.67728],[105.49667,20.68159],[105.49623,20.68229],[105.49533,20.6837],[105.49497,20.684],[105.49476,20.68413],[105.4943,20.68437],[105.49049,20.68402],[105.48883,20.68316],[105.48867,20.68312],[105.48832,20.68303],[105.48805,20.68299],[105.48761,20.68323],[105.48658,20.68389],[105.48657,20.6839],[105.48557,20.68526],[105.48495,20.6874],[105.48497,20.68885],[105.48498,20.68908],[105.48519,20.68991],[105.48577,20.69052],[105.48656,20.69112],[105.48683,20.69141],[105.48767,20.69235],[105.4855,20.6937],[105.48235,20.69531],[105.48154,20.69566],[105.48133,20.69571],[105.48094,20.69573],[105.48011,20.69562],[105.47993,20.69558],[105.47882,20.69531],[105.47817,20.69509],[105.47564,20.69884],[105.47405,20.70411],[105.47524,20.7065],[105.47931,20.70778],[105.47979,20.70815],[105.48033,20.70858],[105.48068,20.70886],[105.48119,20.70975],[105.48218,20.71147],[105.48395,20.71457],[105.48449,20.7155],[105.48497,20.71729],[105.48498,20.71743],[105.48496,20.71758],[105.48487,20.71776],[105.48453,20.71834],[105.48352,20.71821],[105.48158,20.71816],[105.48133,20.71817],[105.48091,20.71821],[105.48031,20.71842],[105.4801,20.71857],[105.47968,20.71928],[105.4793,20.71995],[105.47762,20.72548],[105.47908,20.73009],[105.4791,20.73015],[105.47942,20.73054],[105.47949,20.7309],[105.47958,20.73159],[105.47967,20.73222],[105.47956,20.7324],[105.47901,20.73331],[105.47883,20.73344],[105.47859,20.73362],[105.47776,20.73391],[105.477,20.73394],[105.47586,20.73393],[105.47474,20.73362],[105.4736,20.73321],[105.47236,20.73289],[105.47226,20.73287],[105.47225,20.73287],[105.47212,20.7329],[105.47196,20.73293],[105.47175,20.73349],[105.47171,20.73358],[105.4717,20.73364],[105.47169,20.73372],[105.47148,20.73721],[105.47154,20.7404],[105.47182,20.74192],[105.47186,20.74212],[105.47199,20.74247],[105.47203,20.74253],[105.47213,20.74267],[105.47218,20.74273],[105.47228,20.74283],[105.47235,20.74289],[105.47249,20.74547],[105.47274,20.74994],[105.46977,20.75248],[105.45845,20.75418],[105.45841,20.75419],[105.45125,20.75457],[105.44994,20.75464],[105.44401,20.75422],[105.44345,20.75226],[105.44338,20.75203],[105.44316,20.75118],[105.44294,20.75033],[105.44247,20.74979],[105.4411,20.74823],[105.44092,20.74803],[105.43825,20.74782],[105.4359,20.74766],[105.43566,20.74771],[105.43541,20.74781],[105.43507,20.748],[105.42931,20.75267],[105.42834,20.75576],[105.42806,20.75749],[105.42781,20.75863],[105.42766,20.75919],[105.42567,20.76289],[105.42513,20.76339],[105.42285,20.76292],[105.4205,20.76478],[105.42159,20.76756],[105.41983,20.76977],[105.41131,20.77318],[105.40684,20.77363]]]},"properties":{"commune_code":"05014","commune_name":"Xã Mường Động","commune_kind":"XA","province_code":"25","province_name":"Tỉnh Phú Thọ","area_km2":144.69,"valid_from":"16/6/2025","published":"13/07/2025","area_km2_geom":144.90960992393107,"quality_flag":null,"population":26092.0,"population_wp":14135.361001245677,"anchor_ratio":1.845867254306462,"pop_source":"WORLDPOP2025_ANCHORED_VNSDI","pop_density_ppkm2":180.05707153374266,"n_stations":1,"n_ports":14,"power_kw_site":274.0,"ports_per_10k_pop":5.365629311666411,"util_mean_port_weighted":0.12450387576249966,"dist_station_m_pop_weighted":4659.814388052225}},{"type":"Feature","geometry":{"type":"Polygon","coordinates":[[[105.58707,20.77422],[105.58345,20.77627],[105.57441,20.7752],[105.5733,20.77376],[105.57309,20.7735],[105.5726,20.77135],[105.57287,20.76987],[105.57068,20.76426],[105.56988,20.76134],[105.56984,20.76118],[105.56834,20.75567],[105.56819,20.75509],[105.56775,20.7533],[105.56773,20.75249],[105.56782,20.75168],[105.56789,20.75102],[105.56799,20.75072],[105.57022,20.74994],[105.57066,20.74986],[105.57108,20.74979],[105.57167,20.74973],[105.57198,20.74975],[105.57506,20.74846],[105.5811,20.74526],[105.5821,20.74434],[105.58278,20.74372],[105.58414,20.74228],[105.58455,20.74167],[105.58598,20.73952],[105.58601,20.73947],[105.58633,20.7389],[105.58644,20.73872],[105.58662,20.7384],[105.58714,20.7372],[105.58729,20.73684],[105.58725,20.73644],[105.58139,20.73077],[105.58388,20.72732],[105.58971,20.72081],[105.58999,20.7205],[105.5907,20.7199],[105.59182,20.71978],[105.59614,20.71942],[105.59812,20.71953],[105.59897,20.71913],[105.59974,20.71801],[105.6001,20.71704],[105.60013,20.71626],[105.60013,20.71624],[105.59828,20.70973],[105.60063,20.70566],[105.60148,20.69998],[105.60149,20.69987],[105.60169,20.69793],[105.60169,20.69785],[105.60148,20.69458],[105.60148,20.69456],[105.60394,20.68917],[105.60414,20.68874],[105.60568,20.68732],[105.60659,20.68649],[105.6078,20.68576],[105.60868,20.68524],[105.609,20.68493],[105.60975,20.68422],[105.61336,20.67791],[105.61305,20.67583],[105.61247,20.67261],[105.61243,20.67255],[105.61113,20.67053],[105.61065,20.67005],[105.61048,20.66988],[105.60986,20.66927],[105.60705,20.66325],[105.6076,20.66215],[105.6076,20.66215],[105.60904,20.6604],[105.61027,20.65923],[105.61082,20.65871],[105.61125,20.65832],[105.61192,20.65771],[105.61199,20.65759],[105.61245,20.65676],[105.61277,20.65621],[105.61299,20.65576],[105.61378,20.65414],[105.61341,20.64876],[105.62008,20.6341],[105.62628,20.6301],[105.62725,20.62824],[105.62735,20.6281],[105.6287,20.62627],[105.62924,20.62557],[105.63052,20.62432],[105.63148,20.62353],[105.63358,20.62181],[105.64029,20.62008],[105.64184,20.6193],[105.64273,20.61899],[105.6442,20.61881],[105.64422,20.61882],[105.64492,20.61888],[105.64502,20.61891],[105.64927,20.61993],[105.65129,20.62063],[105.65214,20.62072],[105.6525,20.62065],[105.65281,20.62059],[105.65297,20.62052],[105.65339,20.62032],[105.65377,20.61969],[105.65422,20.61891],[105.65488,20.61779],[105.65498,20.61761],[105.65493,20.61691],[105.65507,20.61661],[105.65515,20.61644],[105.65587,20.61552],[105.65667,20.6146],[105.65708,20.61432],[105.6577,20.6139],[105.65833,20.61375],[105.65888,20.61386],[105.66346,20.61477],[105.6662,20.6167],[105.66652,20.61693],[105.66714,20.61739],[105.66629,20.61796],[105.66572,20.62002],[105.66536,20.62564],[105.66573,20.62915],[105.66998,20.63114],[105.67027,20.63125],[105.67143,20.63168],[105.67321,20.63123],[105.6745,20.63016],[105.67744,20.62944],[105.6776,20.62949],[105.68023,20.63033],[105.68331,20.63255],[105.68613,20.63843],[105.68605,20.63848],[105.6846,20.6394],[105.68445,20.63949],[105.68353,20.63995],[105.68337,20.64003],[105.6833,20.64006],[105.68319,20.64011],[105.68315,20.64011],[105.68291,20.64013],[105.68254,20.64041],[105.68186,20.64092],[105.68113,20.64169],[105.68106,20.64183],[105.68013,20.64368],[105.68003,20.64394],[105.67959,20.64506],[105.67941,20.64553],[105.67937,20.64652],[105.67947,20.64798],[105.67947,20.64798],[105.67947,20.64798],[105.67995,20.64934],[105.67992,20.65608],[105.68083,20.66243],[105.68056,20.66437],[105.67943,20.66775],[105.67917,20.66801],[105.67876,20.6684],[105.6785,20.66866],[105.67734,20.66893],[105.67686,20.66841],[105.67675,20.66757],[105.67669,20.66715],[105.67677,20.66554],[105.67666,20.66536],[105.67629,20.66473],[105.6752,20.66443],[105.67458,20.66476],[105.67424,20.66495],[105.67373,20.66522],[105.67295,20.66643],[105.67286,20.66659],[105.67271,20.66842],[105.67269,20.66867],[105.67268,20.66884],[105.67257,20.67043],[105.67199,20.67171],[105.67092,20.67411],[105.67075,20.67449],[105.6701,20.67584],[105.67007,20.67592],[105.66931,20.67751],[105.66917,20.67906],[105.67001,20.68022],[105.67123,20.68032],[105.67372,20.68117],[105.6773,20.68247],[105.67894,20.68407],[105.67906,20.68418],[105.67948,20.68547],[105.6799,20.68676],[105.68147,20.69389],[105.68165,20.69557],[105.67976,20.69961],[105.67633,20.70339],[105.67125,20.709],[105.67034,20.7104],[105.66477,20.71896],[105.66235,20.72279],[105.66143,20.72518],[105.66517,20.73173],[105.66704,20.73502],[105.66703,20.73504],[105.66695,20.7351],[105.65705,20.74371],[105.65628,20.74439],[105.65094,20.75758],[105.65054,20.75886],[105.65051,20.75892],[105.65045,20.75907],[105.64706,20.75831],[105.64667,20.75383],[105.64669,20.75331],[105.64049,20.75204],[105.6405,20.75291],[105.64053,20.75321],[105.64059,20.75359],[105.64068,20.75388],[105.64066,20.7548],[105.64064,20.75618],[105.64063,20.75683],[105.64053,20.758],[105.64051,20.75801],[105.63953,20.75788],[105.63826,20.75755],[105.63818,20.75754],[105.63786,20.75741],[105.63772,20.75735],[105.63727,20.75715],[105.63709,20.75707],[105.63624,20.75671],[105.63541,20.75636],[105.63507,20.75623],[105.63138,20.75476],[105.63084,20.75465],[105.62688,20.75386],[105.62619,20.75381],[105.62607,20.7538],[105.62588,20.7538],[105.61853,20.75386],[105.61428,20.75455],[105.60982,20.75672],[105.60717,20.75956],[105.60274,20.76015],[105.59833,20.76385],[105.59738,20.76562],[105.59558,20.76791],[105.59403,20.76933],[105.5931,20.77003],[105.59006,20.77232],[105.58707,20.77422]]]},"properties":{"commune_code":"05047","commune_name":"Xã Cao Dương","commune_kind":"XA","province_code":"25","province_name":"Tỉnh Phú Thọ","area_km2":113.38,"valid_from":"16/6/2025","published":"13/07/2025","area_km2_geom":113.69931996923621,"quality_flag":null,"population":36783.0,"population_wp":39283.89623627812,"anchor_ratio":0.9363378769448898,"pop_source":"WORLDPOP2025_ANCHORED_VNSDI","pop_density_ppkm2":323.51116972337593,"n_stations":2,"n_ports":18,"power_kw_site":524.0,"ports_per_10k_pop":4.893564962074872,"util_mean_port_weighted":0.125799605553247,"dist_station_m_pop_weighted":5086.034659494685}},{"type":"Feature","geometry":{"type":"Polygon","coordinates":[[[105.5745,20.73454],[105.57384,20.73489],[105.5735,20.73485],[105.57275,20.73389],[105.57085,20.73137],[105.57044,20.73066],[105.57017,20.73016],[105.56986,20.72958],[105.56869,20.72686],[105.56731,20.72453],[105.56056,20.71803],[105.55995,20.7167],[105.55894,20.71617],[105.55421,20.71391],[105.55358,20.71361],[105.55156,20.71332],[105.54854,20.71289],[105.54606,20.71139],[105.54741,20.70967],[105.5477,20.70929],[105.54829,20.70854],[105.54866,20.70739],[105.54858,20.70711],[105.54826,20.70601],[105.54771,20.7045],[105.54594,20.69301],[105.54508,20.68693],[105.54666,20.68382],[105.54837,20.68136],[105.54881,20.68097],[105.54893,20.68092],[105.54923,20.68091],[105.5496,20.68094],[105.5497,20.68103],[105.55023,20.68162],[105.55053,20.68202],[105.56031,20.67914],[105.56177,20.67478],[105.56184,20.67156],[105.56186,20.67056],[105.5619,20.66827],[105.56173,20.66749],[105.5612,20.66504],[105.55891,20.66368],[105.55837,20.66318],[105.55785,20.66241],[105.55799,20.66071],[105.5587,20.65808],[105.55982,20.65527],[105.5602,20.64813],[105.56041,20.64692],[105.56117,20.64469],[105.56411,20.64285],[105.56684,20.63944],[105.56758,20.6368],[105.56773,20.63611],[105.56777,20.6356],[105.56774,20.63532],[105.56754,20.63464],[105.56735,20.63409],[105.56675,20.63273],[105.56596,20.63158],[105.56595,20.63156],[105.56579,20.63145],[105.5654,20.63088],[105.56502,20.63016],[105.5649,20.62962],[105.56495,20.62872],[105.56513,20.62802],[105.56542,20.62755],[105.5676,20.62551],[105.56829,20.62493],[105.57079,20.62381],[105.57208,20.62344],[105.57378,20.62312],[105.57525,20.62267],[105.57618,20.62115],[105.57761,20.61782],[105.57696,20.61623],[105.57692,20.61612],[105.57688,20.61604],[105.57684,20.61595],[105.57679,20.61585],[105.57674,20.61577],[105.57669,20.61571],[105.57665,20.61565],[105.5766,20.6156],[105.57655,20.61555],[105.57649,20.6155],[105.57644,20.61547],[105.57587,20.6136],[105.57508,20.61049],[105.57768,20.60754],[105.5782,20.60677],[105.57833,20.60647],[105.57852,20.60601],[105.57913,20.60455],[105.57931,20.60374],[105.57969,20.60208],[105.58016,20.60107],[105.58049,20.60035],[105.58096,20.59909],[105.57966,20.59761],[105.57989,20.59486],[105.58038,20.59194],[105.58352,20.58508],[105.58685,20.58437],[105.59014,20.58366],[105.59034,20.58381],[105.59072,20.58401],[105.59334,20.58506],[105.59557,20.58588],[105.59567,20.58587],[105.59572,20.58584],[105.59921,20.58165],[105.59965,20.58112],[105.59977,20.58051],[105.59983,20.58019],[105.60007,20.57879],[105.60011,20.57859],[105.60013,20.57784],[105.59997,20.57629],[105.59909,20.57515],[105.5988,20.57348],[105.59881,20.57341],[105.59917,20.57249],[105.60079,20.56924],[105.60109,20.56898],[105.60178,20.56865],[105.60233,20.56845],[105.60281,20.5683],[105.60289,20.56828],[105.60294,20.56827],[105.60841,20.56734],[105.61269,20.56728],[105.61834,20.57037],[105.62008,20.57189],[105.62522,20.57975],[105.62433,20.58282],[105.62358,20.58536],[105.6221,20.58766],[105.62692,20.58876],[105.63287,20.58997],[105.63077,20.59456],[105.62489,20.59743],[105.62211,20.60128],[105.62195,20.60177],[105.62048,20.6061],[105.61917,20.60822],[105.61817,20.6095],[105.61755,20.60993],[105.61703,20.61011],[105.61654,20.61011],[105.61518,20.61478],[105.6242,20.61814],[105.62429,20.61821],[105.62688,20.62022],[105.62826,20.62161],[105.63052,20.62432],[105.62924,20.62557],[105.6287,20.62627],[105.62735,20.6281],[105.62725,20.62824],[105.62628,20.6301],[105.62008,20.6341],[105.61341,20.64876],[105.61378,20.65414],[105.61299,20.65576],[105.61277,20.65621],[105.61245,20.65676],[105.61199,20.65759],[105.61192,20.65771],[105.61125,20.65832],[105.61082,20.65871],[105.61027,20.65923],[105.60904,20.6604],[105.6076,20.66215],[105.6076,20.66215],[105.60705,20.66325],[105.60986,20.66927],[105.61048,20.66988],[105.61065,20.67005],[105.61113,20.67053],[105.61243,20.67255],[105.61247,20.67261],[105.61305,20.67583],[105.61336,20.67791],[105.60975,20.68422],[105.609,20.68493],[105.60868,20.68524],[105.6078,20.68576],[105.60659,20.68649],[105.60568,20.68732],[105.60414,20.68874],[105.60394,20.68917],[105.60148,20.69456],[105.60148,20.69458],[105.60169,20.69785],[105.60169,20.69793],[105.60149,20.69987],[105.60148,20.69998],[105.60063,20.70566],[105.59828,20.70973],[105.60013,20.71624],[105.60013,20.71626],[105.6001,20.71704],[105.59974,20.71801],[105.59897,20.71913],[105.59812,20.71953],[105.59614,20.71942],[105.59182,20.71978],[105.5907,20.7199],[105.58999,20.7205],[105.58971,20.72081],[105.58388,20.72732],[105.58139,20.73077],[105.5745,20.73454]]]},"properties":{"commune_code":"05068","commune_name":"Xã Hợp Kim","commune_kind":"XA","province_code":"25","province_name":"Tỉnh Phú Thọ","area_km2":86.29,"valid_from":"16/6/2025","published":"13/07/2025","area_km2_geom":86.02911955122293,"quality_flag":null,"population":21033.0,"population_wp":13419.079348826781,"anchor_ratio":1.5673951582854972,"pop_source":"WORLDPOP2025_ANCHORED_VNSDI","pop_density_ppkm2":244.48698428764763,"n_stations":0,"n_ports":0,"power_kw_site":0.0,"ports_per_10k_pop":0.0,"util_mean_port_weighted":null,"dist_station_m_pop_weighted":7087.8048341295}},{"type":"Feature","geometry":{"type":"Polygon","coordinates":[[[105.54993,20.61911],[105.54881,20.61971],[105.54637,20.61967],[105.54088,20.61899],[105.5375,20.61831],[105.53499,20.61773],[105.53432,20.61709],[105.53375,20.61663],[105.53238,20.61567],[105.532,20.61548],[105.53181,20.6154],[105.53147,20.61528],[105.53137,20.61526],[105.52873,20.615],[105.52711,20.61484],[105.52471,20.61485],[105.52341,20.61485],[105.52141,20.61526],[105.52045,20.61546],[105.51879,20.6158],[105.51866,20.61538],[105.51803,20.61403],[105.51727,20.61305],[105.51613,20.61216],[105.51437,20.61132],[105.51278,20.61093],[105.51036,20.61044],[105.50739,20.60904],[105.50449,20.60615],[105.50472,20.60572],[105.50602,20.60198],[105.50651,20.60132],[105.50736,20.60084],[105.50832,20.60061],[105.5097,20.60034],[105.51195,20.59982],[105.51284,20.59951],[105.5158,20.59722],[105.51629,20.5967],[105.51654,20.59555],[105.51668,20.59261],[105.51728,20.58905],[105.51762,20.58834],[105.51842,20.58776],[105.52139,20.58682],[105.52257,20.58636],[105.52301,20.5859],[105.52315,20.58536],[105.523,20.58303],[105.52269,20.58175],[105.52273,20.57563],[105.52279,20.57482],[105.52337,20.57382],[105.52478,20.57275],[105.52583,20.5724],[105.52662,20.57231],[105.5324,20.57024],[105.5416,20.56516],[105.54648,20.56245],[105.54712,20.56116],[105.54741,20.56071],[105.55057,20.55909],[105.5519,20.55861],[105.55275,20.5584],[105.55395,20.55813],[105.55502,20.55734],[105.55804,20.55435],[105.56041,20.55179],[105.56059,20.55151],[105.56075,20.55088],[105.56076,20.55032],[105.56067,20.54954],[105.5625,20.54868],[105.56361,20.54801],[105.56962,20.54534],[105.57458,20.54131],[105.57921,20.53624],[105.58487,20.52796],[105.5851,20.52828],[105.58566,20.52901],[105.58612,20.52943],[105.58653,20.52963],[105.58745,20.52981],[105.59025,20.5301],[105.59471,20.52921],[105.59706,20.52812],[105.59948,20.52729],[105.60225,20.52877],[105.60275,20.52898],[105.60335,20.52888],[105.60675,20.52788],[105.60878,20.5267],[105.61072,20.52418],[105.611,20.52368],[105.61597,20.52325],[105.62075,20.52379],[105.62575,20.52538],[105.63331,20.52545],[105.63748,20.52645],[105.63925,20.52685],[105.64166,20.52572],[105.64416,20.52415],[105.64761,20.52349],[105.65378,20.52451],[105.65276,20.52737],[105.6519,20.53269],[105.6531,20.53693],[105.65837,20.54599],[105.65872,20.54638],[105.6592,20.54656],[105.6596,20.5463],[105.66033,20.54566],[105.66101,20.54492],[105.66278,20.54269],[105.66297,20.54232],[105.66295,20.54175],[105.66398,20.54009],[105.6671,20.53646],[105.6716,20.53162],[105.6718,20.53144],[105.67428,20.53039],[105.67467,20.5303],[105.67503,20.53035],[105.6763,20.53056],[105.67687,20.53078],[105.67753,20.53145],[105.67794,20.53197],[105.67867,20.533],[105.67924,20.53434],[105.6794,20.53508],[105.67933,20.53563],[105.67898,20.53593],[105.67825,20.53706],[105.6784,20.53941],[105.67994,20.54406],[105.68296,20.5451],[105.68415,20.54682],[105.68468,20.5482],[105.68476,20.54854],[105.68465,20.54879],[105.68385,20.55039],[105.68366,20.55062],[105.68332,20.55066],[105.6827,20.55064],[105.68204,20.55076],[105.68129,20.55105],[105.67983,20.55419],[105.67999,20.55476],[105.68035,20.55533],[105.68146,20.55645],[105.6834,20.55777],[105.68466,20.55907],[105.68442,20.55951],[105.6799,20.56441],[105.67516,20.56762],[105.67317,20.56972],[105.66617,20.5793],[105.66564,20.58019],[105.66534,20.58106],[105.66654,20.58247],[105.66649,20.58343],[105.6654,20.58677],[105.66508,20.58716],[105.66023,20.58995],[105.65569,20.59247],[105.65331,20.59229],[105.65013,20.59413],[105.64436,20.60077],[105.63984,20.59736],[105.63582,20.59552],[105.63434,20.59508],[105.63077,20.59456],[105.63287,20.58997],[105.62692,20.58876],[105.6221,20.58766],[105.62358,20.58536],[105.62433,20.58282],[105.62522,20.57975],[105.62008,20.57189],[105.61834,20.57037],[105.61269,20.56728],[105.60841,20.56734],[105.60294,20.56827],[105.60289,20.56828],[105.60281,20.5683],[105.60233,20.56845],[105.60178,20.56865],[105.60109,20.56898],[105.60079,20.56924],[105.59917,20.57249],[105.59881,20.57341],[105.5988,20.57348],[105.59909,20.57515],[105.59997,20.57629],[105.60013,20.57784],[105.60011,20.57859],[105.60007,20.57879],[105.59983,20.58019],[105.59977,20.58051],[105.59965,20.58112],[105.59921,20.58165],[105.59572,20.58584],[105.59567,20.58587],[105.59557,20.58588],[105.59334,20.58506],[105.59072,20.58401],[105.59034,20.58381],[105.59014,20.58366],[105.58685,20.58437],[105.58352,20.58508],[105.58038,20.59194],[105.57989,20.59486],[105.57966,20.59761],[105.58096,20.59909],[105.58049,20.60035],[105.58016,20.60107],[105.57969,20.60208],[105.57944,20.60206],[105.57617,20.60179],[105.57258,20.60039],[105.57066,20.59964],[105.56759,20.60025],[105.56438,20.60089],[105.56232,20.60173],[105.56169,20.60199],[105.56125,20.60219],[105.5612,20.60221],[105.56052,20.60839],[105.5595,20.61204],[105.55913,20.61337],[105.55803,20.61526],[105.55514,20.61742],[105.5534,20.61872],[105.55158,20.61952],[105.54993,20.61911]]]},"properties":{"commune_code":"05086","commune_name":"Xã Dũng Tiến","commune_kind":"XA","province_code":"25","province_name":"Tỉnh Phú Thọ","area_km2":101.1,"valid_from":"16/6/2025","published":"13/07/2025","area_km2_geom":100.87684032240502,"quality_flag":null,"population":20000.0,"population_wp":11768.429067507386,"anchor_ratio":1.6994621699526549,"pop_source":"WORLDPOP2025_ANCHORED_VNSDI","pop_density_ppkm2":198.26156267463847,"n_stations":1,"n_ports":6,"power_kw_site":160.0,"ports_per_10k_pop":3.0,"util_mean_port_weighted":0.16676990845894415,"dist_station_m_pop_weighted":7717.593600465259}},{"type":"Feature","geometry":{"type":"Polygon","coordinates":[[[105.33119,20.7618],[105.33033,20.76301],[105.32421,20.76223],[105.32734,20.75664],[105.33103,20.75011],[105.33103,20.75011],[105.33185,20.74805],[105.33188,20.74783],[105.3319,20.74755],[105.33189,20.74683],[105.33188,20.74671],[105.33179,20.74657],[105.33123,20.7461],[105.33087,20.7458],[105.33087,20.7458],[105.32942,20.74474],[105.32764,20.74345],[105.32552,20.7419],[105.32333,20.74031],[105.32333,20.74031],[105.32296,20.74028],[105.32295,20.74028],[105.32285,20.74026],[105.32262,20.7402],[105.32155,20.73954],[105.32018,20.73852],[105.32018,20.73852],[105.31979,20.7381],[105.31964,20.73753],[105.31964,20.73752],[105.31952,20.73617],[105.31952,20.73617],[105.31952,20.73604],[105.31953,20.73575],[105.31963,20.73498],[105.31968,20.73457],[105.31985,20.73398],[105.32001,20.73363],[105.32086,20.733],[105.32098,20.73291],[105.32108,20.73282],[105.32164,20.73211],[105.32176,20.73177],[105.32185,20.73138],[105.32191,20.73048],[105.32185,20.72966],[105.32156,20.72934],[105.31906,20.72721],[105.31903,20.72719],[105.31729,20.72619],[105.31722,20.72615],[105.31445,20.72156],[105.31107,20.7139],[105.31068,20.71227],[105.311,20.70997],[105.31117,20.70948],[105.3151,20.70631],[105.31584,20.70432],[105.31236,20.70289],[105.31221,20.70283],[105.31177,20.70272],[105.31173,20.70271],[105.31061,20.70253],[105.30949,20.70297],[105.30948,20.70299],[105.30949,20.70425],[105.30948,20.70434],[105.30931,20.70532],[105.30919,20.7053],[105.30739,20.70232],[105.30741,20.70223],[105.30973,20.69706],[105.31095,20.69529],[105.3127,20.69422],[105.31452,20.69354],[105.31854,20.68919],[105.31995,20.68716],[105.32226,20.68473],[105.32562,20.6818],[105.32687,20.68081],[105.334,20.67541],[105.33574,20.67409],[105.33695,20.6734],[105.34009,20.67158],[105.34156,20.67101],[105.34855,20.66954],[105.35128,20.66909],[105.35461,20.66841],[105.35672,20.66727],[105.35725,20.66675],[105.35728,20.6667],[105.35796,20.66505],[105.36013,20.66072],[105.36056,20.65986],[105.3606,20.6598],[105.36078,20.65954],[105.36136,20.65945],[105.36185,20.65942],[105.36218,20.65942],[105.36262,20.65947],[105.36364,20.65969],[105.36592,20.66089],[105.36575,20.66325],[105.36843,20.66459],[105.3719,20.66566],[105.37406,20.66498],[105.38182,20.66236],[105.38356,20.66143],[105.38699,20.65917],[105.39277,20.65438],[105.39468,20.65277],[105.3968,20.65067],[105.39869,20.64745],[105.39987,20.64646],[105.40217,20.64831],[105.40247,20.64897],[105.40264,20.64977],[105.40273,20.65113],[105.40275,20.65287],[105.40304,20.65463],[105.40327,20.65543],[105.4036,20.65582],[105.40421,20.65612],[105.40476,20.65622],[105.40617,20.65602],[105.40725,20.65604],[105.40834,20.6563],[105.41168,20.65727],[105.41264,20.65771],[105.41567,20.65988],[105.41976,20.66416],[105.42005,20.66475],[105.42,20.66531],[105.41986,20.66657],[105.41969,20.66723],[105.41872,20.66815],[105.41756,20.66927],[105.41714,20.66978],[105.41671,20.67062],[105.41647,20.67203],[105.41628,20.67451],[105.41632,20.67596],[105.41647,20.67718],[105.41732,20.67974],[105.41721,20.68016],[105.41371,20.68238],[105.41313,20.68224],[105.41252,20.68212],[105.40506,20.68654],[105.40395,20.68831],[105.40461,20.69212],[105.40567,20.69785],[105.40329,20.70191],[105.39914,20.7075],[105.39606,20.71309],[105.39541,20.71405],[105.39468,20.71473],[105.39354,20.71526],[105.39202,20.71592],[105.38661,20.71913],[105.37999,20.72373],[105.37879,20.72482],[105.37839,20.72543],[105.37792,20.72674],[105.37663,20.72904],[105.37082,20.73757],[105.37545,20.73823],[105.37747,20.73843],[105.37736,20.73968],[105.37727,20.74083],[105.37709,20.74251],[105.37628,20.74656],[105.3758,20.74861],[105.37498,20.7513],[105.37293,20.75689],[105.37277,20.75748],[105.37274,20.75958],[105.37297,20.76008],[105.3696,20.75981],[105.36796,20.75852],[105.36617,20.7551],[105.36514,20.75324],[105.35967,20.74761],[105.35375,20.74493],[105.34948,20.7439],[105.34574,20.74329],[105.33999,20.74563],[105.33806,20.7466],[105.33724,20.74738],[105.33631,20.74853],[105.3343,20.75321],[105.33313,20.75922],[105.33119,20.7618]]]},"properties":{"commune_code":"05089","commune_name":"Xã Cao Phong","commune_kind":"XA","province_code":"25","province_name":"Tỉnh Phú Thọ","area_km2":77.76,"valid_from":"16/6/2025","published":"13/07/2025","area_km2_geom":76.95264325062756,"quality_flag":null,"population":20371.999999999996,"population_wp":20114.393904533237,"anchor_ratio":1.0128070523372172,"pop_source":"WORLDPOP2025_ANCHORED_VNSDI","pop_density_ppkm2":264.7342461473389,"n_stations":2,"n_ports":20,"power_kw_site":590.5,"ports_per_10k_pop":9.817396426467702,"util_mean_port_weighted":0.1645322567395607,"dist_station_m_pop_weighted":4687.8777448379815}},{"type":"Feature","geometry":{"type":"Polygon","coordinates":[[[105.23291,20.78579],[105.23233,20.78628],[105.22195,20.77797],[105.21676,20.77329],[105.21319,20.771],[105.21177,20.77072],[105.2109,20.7708],[105.20878,20.77112],[105.20711,20.77154],[105.20434,20.77197],[105.20146,20.77204],[105.19842,20.77198],[105.1961,20.77191],[105.19391,20.77153],[105.1927,20.77126],[105.19264,20.77123],[105.19138,20.77022],[105.19117,20.76997],[105.1909,20.76963],[105.18938,20.7679],[105.1885,20.76691],[105.1866,20.76516],[105.18617,20.76487],[105.18533,20.76441],[105.18173,20.76283],[105.1789,20.762],[105.17812,20.76179],[105.17879,20.75798],[105.17885,20.75749],[105.17841,20.75665],[105.1792,20.75473],[105.18309,20.75175],[105.18795,20.74986],[105.19029,20.74878],[105.19541,20.74616],[105.19594,20.74599],[105.19642,20.74598],[105.19711,20.74617],[105.19832,20.747],[105.19974,20.74798],[105.20378,20.7486],[105.20698,20.74441],[105.20721,20.74422],[105.20822,20.7434],[105.20822,20.74339],[105.21229,20.74026],[105.21301,20.73984],[105.21368,20.73945],[105.21468,20.73876],[105.21496,20.73852],[105.21558,20.73798],[105.21692,20.73596],[105.21693,20.73595],[105.21687,20.73586],[105.21495,20.73305],[105.21379,20.73074],[105.21402,20.72701],[105.21447,20.72571],[105.2145,20.72563],[105.21452,20.72558],[105.21952,20.72384],[105.2212,20.7235],[105.2212,20.7235],[105.22179,20.72327],[105.22185,20.72325],[105.22242,20.72302],[105.22291,20.7228],[105.22352,20.72254],[105.22438,20.72216],[105.22476,20.72175],[105.22505,20.72114],[105.22549,20.71955],[105.22644,20.71614],[105.22726,20.71586],[105.22871,20.71585],[105.23103,20.71584],[105.23139,20.71601],[105.23659,20.71671],[105.23769,20.71678],[105.23959,20.71654],[105.23963,20.71652],[105.24012,20.71639],[105.24045,20.7162],[105.24285,20.71443],[105.24581,20.71466],[105.2507,20.71679],[105.25397,20.72033],[105.25755,20.72242],[105.2645,20.71546],[105.26904,20.71259],[105.27524,20.71233],[105.27879,20.71218],[105.28005,20.71213],[105.28004,20.71203],[105.27983,20.70624],[105.27907,20.70247],[105.27836,20.70102],[105.28071,20.70108],[105.28227,20.69872],[105.28249,20.69813],[105.28578,20.69751],[105.28772,20.69977],[105.28783,20.69997],[105.28783,20.69997],[105.28951,20.7064],[105.28956,20.70668],[105.28956,20.70668],[105.28983,20.70893],[105.29519,20.70954],[105.29957,20.71201],[105.30092,20.71342],[105.30129,20.71371],[105.30651,20.71582],[105.30669,20.71587],[105.31019,20.7143],[105.31107,20.7139],[105.31445,20.72156],[105.31722,20.72615],[105.31729,20.72619],[105.31903,20.72719],[105.31906,20.72721],[105.32156,20.72934],[105.32185,20.72966],[105.32191,20.73048],[105.32185,20.73138],[105.32176,20.73177],[105.32164,20.73211],[105.32108,20.73282],[105.32098,20.73291],[105.32086,20.733],[105.32001,20.73363],[105.31985,20.73398],[105.31968,20.73457],[105.31963,20.73498],[105.31953,20.73575],[105.31952,20.73604],[105.31952,20.73617],[105.31952,20.73617],[105.31964,20.73752],[105.31964,20.73753],[105.31979,20.7381],[105.32018,20.73852],[105.32018,20.73852],[105.32155,20.73954],[105.32262,20.7402],[105.32285,20.74026],[105.32295,20.74028],[105.32296,20.74028],[105.32333,20.74031],[105.32333,20.74031],[105.32552,20.7419],[105.32764,20.74345],[105.32942,20.74474],[105.33087,20.7458],[105.33087,20.7458],[105.33123,20.7461],[105.33179,20.74657],[105.33188,20.74671],[105.33189,20.74683],[105.3319,20.74755],[105.33188,20.74783],[105.33185,20.74805],[105.33103,20.75011],[105.33103,20.75011],[105.32734,20.75664],[105.32421,20.76223],[105.32384,20.76241],[105.32324,20.76298],[105.32301,20.76336],[105.32256,20.76484],[105.32217,20.76702],[105.32214,20.76719],[105.32213,20.76725],[105.32164,20.76987],[105.32154,20.77041],[105.32129,20.77113],[105.32119,20.77143],[105.32079,20.77199],[105.32003,20.77253],[105.31895,20.77328],[105.31814,20.77374],[105.31758,20.77385],[105.31594,20.77296],[105.31596,20.77159],[105.31588,20.77083],[105.31562,20.77023],[105.31558,20.77015],[105.31383,20.76773],[105.31355,20.76748],[105.31323,20.7672],[105.31309,20.76714],[105.31269,20.76697],[105.31203,20.76691],[105.31102,20.76697],[105.30425,20.76737],[105.30421,20.76738],[105.30398,20.76747],[105.30369,20.76783],[105.30351,20.76845],[105.30337,20.76997],[105.30328,20.77088],[105.3032,20.77166],[105.30323,20.77251],[105.30337,20.77354],[105.30347,20.7745],[105.30341,20.77511],[105.30327,20.77554],[105.30318,20.77565],[105.29632,20.78385],[105.29632,20.78385],[105.29292,20.78046],[105.29165,20.7806],[105.29028,20.78082],[105.28928,20.78098],[105.28519,20.77901],[105.28515,20.77899],[105.2735,20.7732],[105.27072,20.77178],[105.27065,20.77175],[105.26951,20.77106],[105.26906,20.77068],[105.26885,20.77028],[105.26881,20.77019],[105.26864,20.76952],[105.26861,20.76942],[105.26433,20.77006],[105.26204,20.77055],[105.26206,20.77152],[105.26225,20.77211],[105.2623,20.77227],[105.26251,20.77265],[105.26302,20.77358],[105.26355,20.77473],[105.26395,20.7766],[105.25144,20.7792],[105.24294,20.77966],[105.24096,20.77952],[105.24044,20.77972],[105.23976,20.77998],[105.23291,20.78579]]]},"properties":{"commune_code":"05092","commune_name":"Xã Thung Nai","commune_kind":"XA","province_code":"25","province_name":"Tỉnh Phú Thọ","area_km2":86.34,"valid_from":"16/6/2025","published":"13/07/2025","area_km2_geom":86.27632418177845,"quality_flag":null,"population":10600.0,"population_wp":8721.680090151727,"anchor_ratio":1.2153621653664204,"pop_source":"WORLDPOP2025_ANCHORED_VNSDI","pop_density_ppkm2":122.86105256021928,"n_stations":0,"n_ports":0,"power_kw_site":0.0,"ports_per_10k_pop":0.0,"util_mean_port_weighted":null,"dist_station_m_pop_weighted":7096.488135127649}},{"type":"Feature","geometry":{"type":"Polygon","coordinates":[[[105.31019,20.7143],[105.30669,20.71587],[105.30651,20.71582],[105.30129,20.71371],[105.30092,20.71342],[105.29957,20.71201],[105.29519,20.70954],[105.28983,20.70893],[105.28956,20.70668],[105.28956,20.70668],[105.28951,20.7064],[105.28783,20.69997],[105.28783,20.69997],[105.28772,20.69977],[105.28578,20.69751],[105.28249,20.69813],[105.28227,20.69872],[105.28071,20.70108],[105.27836,20.70102],[105.27836,20.70102],[105.27709,20.6994],[105.27707,20.69937],[105.27681,20.69887],[105.27572,20.69676],[105.27519,20.69558],[105.27499,20.69439],[105.27484,20.69356],[105.27401,20.6883],[105.27398,20.68811],[105.27397,20.68792],[105.27389,20.68538],[105.27379,20.68317],[105.27379,20.68305],[105.27334,20.68089],[105.27267,20.67944],[105.27183,20.67762],[105.2693,20.6742],[105.27038,20.67112],[105.27242,20.66603],[105.27328,20.66421],[105.27395,20.66431],[105.27678,20.66455],[105.27764,20.66422],[105.27975,20.66328],[105.28457,20.66086],[105.2857,20.66019],[105.28779,20.65896],[105.28986,20.65801],[105.29156,20.65758],[105.29198,20.65759],[105.29587,20.65774],[105.29632,20.65765],[105.29784,20.65546],[105.29813,20.65474],[105.3014,20.64679],[105.30164,20.64656],[105.30184,20.64634],[105.3041,20.64392],[105.30419,20.64371],[105.30437,20.64333],[105.30439,20.64322],[105.30446,20.64278],[105.30449,20.6426],[105.30424,20.6399],[105.30421,20.63974],[105.30418,20.63956],[105.30409,20.63901],[105.30406,20.6388],[105.30407,20.63877],[105.30577,20.63406],[105.30608,20.63343],[105.30705,20.63148],[105.30724,20.63125],[105.311,20.62672],[105.3121,20.62546],[105.31345,20.6239],[105.31349,20.62386],[105.31677,20.61724],[105.31733,20.61601],[105.31741,20.61585],[105.31762,20.61482],[105.31769,20.61394],[105.31766,20.61379],[105.31749,20.61306],[105.31748,20.61301],[105.31759,20.61104],[105.31885,20.60781],[105.32055,20.60462],[105.32065,20.60442],[105.3243,20.60445],[105.32628,20.60471],[105.32626,20.60508],[105.32613,20.60642],[105.32602,20.60752],[105.32591,20.60792],[105.32683,20.60993],[105.33378,20.61274],[105.33679,20.61204],[105.33684,20.61202],[105.34052,20.61004],[105.34052,20.61004],[105.34059,20.60999],[105.34664,20.60531],[105.34677,20.60504],[105.34736,20.60381],[105.34764,20.60287],[105.34763,20.60114],[105.34753,20.59961],[105.35078,20.59842],[105.35475,20.59784],[105.35476,20.59783],[105.35589,20.59617],[105.35641,20.5951],[105.35641,20.5951],[105.35656,20.59479],[105.35658,20.59474],[105.35663,20.59459],[105.35667,20.59448],[105.35674,20.59424],[105.35683,20.59375],[105.35684,20.59369],[105.35686,20.59367],[105.35706,20.59343],[105.3586,20.59248],[105.35892,20.59235],[105.35918,20.59235],[105.3593,20.59237],[105.36108,20.59257],[105.36307,20.5928],[105.36535,20.59307],[105.36577,20.59314],[105.3658,20.59317],[105.3659,20.59323],[105.36622,20.59343],[105.36622,20.59343],[105.36636,20.59354],[105.36977,20.59616],[105.3772,20.59682],[105.37721,20.59682],[105.37837,20.59661],[105.37964,20.59639],[105.3804,20.59625],[105.38215,20.59594],[105.38303,20.59593],[105.38404,20.59617],[105.38422,20.59625],[105.38476,20.59648],[105.38523,20.59725],[105.3873,20.59982],[105.38825,20.60064],[105.39322,20.60489],[105.39327,20.60494],[105.39438,20.60558],[105.39779,20.60753],[105.3979,20.6075],[105.39798,20.60747],[105.39835,20.60734],[105.39872,20.60728],[105.39912,20.60724],[105.40163,20.607],[105.40178,20.60698],[105.40243,20.60698],[105.40327,20.60716],[105.40381,20.6073],[105.40382,20.6073],[105.40404,20.60755],[105.40404,20.60757],[105.40426,20.60802],[105.40342,20.61097],[105.40139,20.61519],[105.3994,20.61823],[105.39865,20.62268],[105.39853,20.6239],[105.39866,20.63344],[105.39844,20.63521],[105.39837,20.63706],[105.399,20.6418],[105.39961,20.6454],[105.39981,20.64635],[105.39987,20.64646],[105.39869,20.64745],[105.3968,20.65067],[105.39468,20.65277],[105.39277,20.65438],[105.38699,20.65917],[105.38356,20.66143],[105.38182,20.66236],[105.37406,20.66498],[105.3719,20.66566],[105.36843,20.66459],[105.36575,20.66325],[105.36592,20.66089],[105.36364,20.65969],[105.36262,20.65947],[105.36218,20.65942],[105.36185,20.65942],[105.36136,20.65945],[105.36078,20.65954],[105.3606,20.6598],[105.36056,20.65986],[105.36013,20.66072],[105.35796,20.66505],[105.35728,20.6667],[105.35725,20.66675],[105.35672,20.66727],[105.35461,20.66841],[105.35128,20.66909],[105.34855,20.66954],[105.34156,20.67101],[105.34009,20.67158],[105.33695,20.6734],[105.33574,20.67409],[105.334,20.67541],[105.32687,20.68081],[105.32562,20.6818],[105.32226,20.68473],[105.31995,20.68716],[105.31854,20.68919],[105.31452,20.69354],[105.3127,20.69422],[105.31095,20.69529],[105.30973,20.69706],[105.30741,20.70223],[105.30739,20.70232],[105.30919,20.7053],[105.30931,20.70532],[105.30948,20.70434],[105.30949,20.70425],[105.30948,20.70299],[105.30949,20.70297],[105.31061,20.70253],[105.31173,20.70271],[105.31177,20.70272],[105.31221,20.70283],[105.31236,20.70289],[105.31584,20.70432],[105.3151,20.70631],[105.31117,20.70948],[105.311,20.70997],[105.31068,20.71227],[105.31107,20.7139],[105.31019,20.7143]]]},"properties":{"commune_code":"05116","commune_name":"Xã Mường Thàng","commune_kind":"XA","province_code":"25","province_name":"Tỉnh Phú Thọ","area_km2":91.58,"valid_from":"16/6/2025","published":"13/07/2025","area_km2_geom":90.82051485259757,"quality_flag":null,"population":19883.0,"population_wp":18872.58122797683,"anchor_ratio":1.0535389812245355,"pop_source":"WORLDPOP2025_ANCHORED_VNSDI","pop_density_ppkm2":218.92630791919942,"n_stations":0,"n_ports":0,"power_kw_site":0.0,"ports_per_10k_pop":0.0,"util_mean_port_weighted":null,"dist_station_m_pop_weighted":10716.279249741841}},{"type":"Feature","geometry":{"type":"Polygon","coordinates":[[[105.27764,20.66422],[105.27678,20.66455],[105.27395,20.66431],[105.27439,20.66216],[105.27438,20.66119],[105.27418,20.65998],[105.27326,20.65986],[105.27223,20.65965],[105.26828,20.65826],[105.26757,20.65798],[105.26732,20.65787],[105.26723,20.65782],[105.2644,20.65355],[105.2619,20.64927],[105.25899,20.63873],[105.25873,20.63766],[105.2578,20.63386],[105.25743,20.63232],[105.25659,20.63127],[105.25586,20.63035],[105.25552,20.62992],[105.25384,20.62933],[105.24604,20.62806],[105.24579,20.62805],[105.24555,20.62805],[105.24336,20.62845],[105.24299,20.62853],[105.24266,20.62896],[105.24242,20.62872],[105.24168,20.62746],[105.24152,20.62711],[105.24138,20.62649],[105.24137,20.62629],[105.24137,20.62623],[105.24291,20.62316],[105.24553,20.62138],[105.24603,20.62133],[105.24643,20.62122],[105.24672,20.62104],[105.24712,20.62061],[105.24857,20.61841],[105.24835,20.61702],[105.24824,20.61634],[105.24818,20.61596],[105.24793,20.61484],[105.24748,20.61407],[105.24703,20.61332],[105.24647,20.61239],[105.25044,20.60758],[105.25273,20.60571],[105.25323,20.601],[105.25281,20.59648],[105.25143,20.59539],[105.25051,20.59466],[105.24921,20.59362],[105.24901,20.59268],[105.25119,20.58867],[105.25153,20.58887],[105.2518,20.58901],[105.25285,20.58939],[105.25298,20.58939],[105.25588,20.58891],[105.25601,20.58888],[105.25615,20.58879],[105.25714,20.58801],[105.25731,20.58783],[105.25859,20.58653],[105.25875,20.58636],[105.25883,20.58622],[105.25893,20.58603],[105.25955,20.58435],[105.25972,20.58385],[105.25994,20.58244],[105.26006,20.58152],[105.26058,20.57737],[105.26095,20.57355],[105.26078,20.57025],[105.26055,20.56438],[105.26162,20.56063],[105.26197,20.56066],[105.26229,20.56061],[105.26246,20.56051],[105.26475,20.55916],[105.26509,20.55875],[105.26598,20.55571],[105.26604,20.55546],[105.26608,20.55516],[105.26608,20.55479],[105.26827,20.55376],[105.27149,20.55224],[105.27419,20.5518],[105.27829,20.55131],[105.28011,20.5511],[105.28362,20.55042],[105.29196,20.54567],[105.29382,20.5444],[105.29452,20.54177],[105.29736,20.53765],[105.29839,20.5363],[105.29978,20.53363],[105.30015,20.53275],[105.30026,20.53163],[105.30024,20.5303],[105.3002,20.5301],[105.30009,20.52928],[105.30007,20.52894],[105.30011,20.52875],[105.30026,20.52856],[105.30124,20.52771],[105.30147,20.52753],[105.3045,20.52524],[105.30789,20.52273],[105.3088,20.52206],[105.31,20.52051],[105.31235,20.51619],[105.31425,20.51612],[105.31458,20.51616],[105.31593,20.51636],[105.31652,20.51658],[105.31683,20.51694],[105.31715,20.51724],[105.3175,20.51734],[105.31812,20.51736],[105.32047,20.51738],[105.321,20.51738],[105.32151,20.51733],[105.32188,20.51729],[105.32261,20.51718],[105.32547,20.51624],[105.32553,20.51622],[105.32952,20.51425],[105.33308,20.51185],[105.33647,20.50956],[105.3408,20.50604],[105.34537,20.50242],[105.34662,20.50171],[105.34743,20.50139],[105.34825,20.50129],[105.34866,20.50125],[105.35196,20.50127],[105.35201,20.50128],[105.3525,20.50145],[105.35268,20.50151],[105.35324,20.50223],[105.3541,20.50334],[105.35456,20.50393],[105.35469,20.50439],[105.35476,20.5046],[105.35483,20.50547],[105.35469,20.50558],[105.35368,20.50633],[105.3535,20.50648],[105.35246,20.50738],[105.35195,20.50792],[105.3519,20.50828],[105.35241,20.50916],[105.35418,20.51106],[105.35516,20.51212],[105.35605,20.51208],[105.35658,20.51206],[105.35823,20.51205],[105.36027,20.5122],[105.36125,20.513],[105.36156,20.51367],[105.36353,20.51835],[105.36393,20.51941],[105.36429,20.52172],[105.36429,20.5218],[105.36432,20.52374],[105.36433,20.52435],[105.36453,20.52483],[105.36546,20.52693],[105.36764,20.53055],[105.36925,20.53207],[105.37047,20.53322],[105.37223,20.53434],[105.37559,20.53519],[105.37617,20.53513],[105.37667,20.53543],[105.37675,20.53548],[105.3769,20.53565],[105.37772,20.53658],[105.37783,20.5367],[105.37883,20.538],[105.37904,20.53827],[105.37918,20.53875],[105.3792,20.53956],[105.37921,20.53965],[105.37919,20.53975],[105.37906,20.54048],[105.37884,20.5411],[105.3787,20.54141],[105.37856,20.54172],[105.37772,20.54279],[105.37702,20.54394],[105.37633,20.54515],[105.3768,20.54654],[105.37766,20.54793],[105.37839,20.54835],[105.37898,20.54841],[105.37943,20.54837],[105.3795,20.54839],[105.38004,20.5485],[105.38067,20.54888],[105.38099,20.54948],[105.38116,20.55045],[105.38116,20.55107],[105.38116,20.55196],[105.3809,20.55311],[105.38078,20.55331],[105.37955,20.55538],[105.37933,20.55576],[105.38003,20.56048],[105.38037,20.56126],[105.38195,20.56489],[105.38332,20.56709],[105.3835,20.56735],[105.38432,20.56775],[105.38449,20.56781],[105.38654,20.56847],[105.38818,20.569],[105.38858,20.56913],[105.3898,20.56978],[105.39341,20.57249],[105.39516,20.57404],[105.3953,20.57429],[105.39518,20.57446],[105.38723,20.58099],[105.38707,20.58112],[105.38531,20.58252],[105.38397,20.58302],[105.38256,20.58389],[105.38266,20.58579],[105.38276,20.5876],[105.38282,20.58891],[105.38308,20.59034],[105.38309,20.59042],[105.38356,20.59134],[105.38415,20.59239],[105.38473,20.59367],[105.38485,20.59392],[105.38492,20.59436],[105.38503,20.59503],[105.38499,20.59571],[105.38476,20.59648],[105.38422,20.59625],[105.38404,20.59617],[105.38303,20.59593],[105.38215,20.59594],[105.3804,20.59625],[105.37964,20.59639],[105.37837,20.59661],[105.37721,20.59682],[105.3772,20.59682],[105.36977,20.59616],[105.36636,20.59354],[105.36622,20.59343],[105.36622,20.59343],[105.3659,20.59323],[105.3658,20.59317],[105.36577,20.59314],[105.36535,20.59307],[105.36307,20.5928],[105.36108,20.59257],[105.3593,20.59237],[105.35918,20.59235],[105.35892,20.59235],[105.3586,20.59248],[105.35706,20.59343],[105.35686,20.59367],[105.35684,20.59369],[105.35683,20.59375],[105.35674,20.59424],[105.35667,20.59448],[105.35663,20.59459],[105.35658,20.59474],[105.35656,20.59479],[105.35641,20.5951],[105.35641,20.5951],[105.35589,20.59617],[105.35476,20.59783],[105.35475,20.59784],[105.35078,20.59842],[105.34753,20.59961],[105.34763,20.60114],[105.34764,20.60287],[105.34736,20.60381],[105.34677,20.60504],[105.34664,20.60531],[105.34059,20.60999],[105.34052,20.61004],[105.34052,20.61004],[105.33684,20.61202],[105.33679,20.61204],[105.33378,20.61274],[105.32683,20.60993],[105.32591,20.60792],[105.32602,20.60752],[105.32613,20.60642],[105.32626,20.60508],[105.32628,20.60471],[105.3243,20.60445],[105.32065,20.60442],[105.32055,20.60462],[105.31885,20.60781],[105.31759,20.61104],[105.31748,20.61301],[105.31749,20.61306],[105.31766,20.61379],[105.31769,20.61394],[105.31762,20.61482],[105.31741,20.61585],[105.31733,20.61601],[105.31677,20.61724],[105.31349,20.62386],[105.31345,20.6239],[105.3121,20.62546],[105.311,20.62672],[105.30724,20.63125],[105.30705,20.63148],[105.30608,20.63343],[105.30577,20.63406],[105.30407,20.63877],[105.30406,20.6388],[105.30409,20.63901],[105.30418,20.63956],[105.30421,20.63974],[105.30424,20.6399],[105.30449,20.6426],[105.30446,20.64278],[105.30439,20.64322],[105.30437,20.64333],[105.30419,20.64371],[105.3041,20.64392],[105.30184,20.64634],[105.30164,20.64656],[105.3014,20.64679],[105.29813,20.65474],[105.29784,20.65546],[105.29632,20.65765],[105.29587,20.65774],[105.29198,20.65759],[105.29156,20.65758],[105.28986,20.65801],[105.28779,20.65896],[105.2857,20.66019],[105.28457,20.66086],[105.27975,20.66328],[105.27764,20.66422]]]},"properties":{"commune_code":"05128","commune_name":"Xã Tân Lạc","commune_kind":"XA","province_code":"25","province_name":"Tỉnh Phú Thọ","area_km2":139.9,"valid_from":"16/6/2025","published":"13/07/2025","area_km2_geom":141.55424929378367,"quality_flag":null,"population":42031.0,"population_wp":44959.06279360689,"anchor_ratio":0.9348726905841271,"pop_source":"WORLDPOP2025_ANCHORED_VNSDI","pop_density_ppkm2":296.92503199086786,"n_stations":2,"n_ports":16,"power_kw_site":710.5,"ports_per_10k_pop":3.806714091979729,"util_mean_port_weighted":0.21385685378828223,"dist_station_m_pop_weighted":6493.187419962688}},{"type":"Feature","geometry":{"type":"Polygon","coordinates":[[[105.1544,20.77093],[105.15394,20.77093],[105.15339,20.7709],[105.15288,20.77061],[105.15253,20.77036],[105.15211,20.76996],[105.15082,20.76805],[105.15045,20.76719],[105.14996,20.76539],[105.14911,20.76235],[105.14475,20.75453],[105.14332,20.75252],[105.14027,20.75157],[105.13702,20.75109],[105.13377,20.75119],[105.11984,20.7535],[105.11364,20.75465],[105.11366,20.7546],[105.11385,20.75406],[105.11397,20.75379],[105.11955,20.74737],[105.12297,20.74326],[105.12868,20.73877],[105.13045,20.73802],[105.13167,20.73646],[105.13316,20.73458],[105.13401,20.7335],[105.13506,20.73078],[105.13213,20.72421],[105.13015,20.72117],[105.13002,20.72099],[105.12725,20.71943],[105.12829,20.71808],[105.13058,20.71509],[105.13078,20.71468],[105.13425,20.70787],[105.13432,20.70773],[105.13498,20.70602],[105.13511,20.70568],[105.13521,20.70526],[105.13526,20.70491],[105.13534,20.70405],[105.13523,20.70235],[105.136,20.69848],[105.13604,20.69828],[105.13649,20.69702],[105.13693,20.69599],[105.13861,20.69313],[105.14113,20.68855],[105.14171,20.68638],[105.14225,20.68432],[105.14764,20.68042],[105.15101,20.67858],[105.15821,20.67471],[105.16585,20.67446],[105.17074,20.67235],[105.17414,20.66975],[105.17545,20.66718],[105.17541,20.66563],[105.17523,20.66425],[105.17538,20.66373],[105.17725,20.66021],[105.1778,20.66003],[105.17901,20.6599],[105.17958,20.66001],[105.18015,20.66014],[105.18063,20.66092],[105.18098,20.6614],[105.18134,20.66177],[105.18172,20.66208],[105.1845,20.66285],[105.18979,20.66219],[105.1983,20.65812],[105.20297,20.65416],[105.20336,20.65366],[105.20432,20.65309],[105.20462,20.65292],[105.20695,20.65169],[105.20797,20.6522],[105.21015,20.65365],[105.21014,20.65521],[105.21057,20.65721],[105.21212,20.66017],[105.21581,20.66139],[105.21714,20.66509],[105.21757,20.66874],[105.21762,20.67062],[105.21766,20.67181],[105.21817,20.67563],[105.21832,20.67654],[105.21847,20.67714],[105.21866,20.67779],[105.22291,20.6838],[105.22641,20.68567],[105.23263,20.6885],[105.23602,20.68821],[105.23939,20.68792],[105.24188,20.68831],[105.244,20.68949],[105.24603,20.68876],[105.24813,20.68677],[105.25014,20.68605],[105.25196,20.6854],[105.26077,20.68411],[105.27267,20.67944],[105.27334,20.68089],[105.27379,20.68305],[105.27379,20.68317],[105.27389,20.68538],[105.27397,20.68792],[105.27398,20.68811],[105.27401,20.6883],[105.27484,20.69356],[105.27499,20.69439],[105.27519,20.69558],[105.27572,20.69676],[105.27681,20.69887],[105.27707,20.69937],[105.27709,20.6994],[105.27836,20.70102],[105.27836,20.70102],[105.27907,20.70247],[105.27983,20.70624],[105.28004,20.71203],[105.28005,20.71213],[105.27879,20.71218],[105.27524,20.71233],[105.26904,20.71259],[105.2645,20.71546],[105.25755,20.72242],[105.25397,20.72033],[105.2507,20.71679],[105.24581,20.71466],[105.24285,20.71443],[105.24045,20.7162],[105.24012,20.71639],[105.23963,20.71652],[105.23959,20.71654],[105.23769,20.71678],[105.23659,20.71671],[105.23139,20.71601],[105.23103,20.71584],[105.22871,20.71585],[105.22726,20.71586],[105.22644,20.71614],[105.22549,20.71955],[105.22505,20.72114],[105.22476,20.72175],[105.22438,20.72216],[105.22352,20.72254],[105.22291,20.7228],[105.22242,20.72302],[105.22185,20.72325],[105.22179,20.72327],[105.2212,20.7235],[105.2212,20.7235],[105.21952,20.72384],[105.21452,20.72558],[105.2145,20.72563],[105.21447,20.72571],[105.21402,20.72701],[105.21379,20.73074],[105.21495,20.73305],[105.21687,20.73586],[105.21693,20.73595],[105.21692,20.73596],[105.21558,20.73798],[105.21496,20.73852],[105.21468,20.73876],[105.21368,20.73945],[105.21301,20.73984],[105.21229,20.74026],[105.20822,20.74339],[105.20822,20.7434],[105.20721,20.74422],[105.20698,20.74441],[105.20378,20.7486],[105.19974,20.74798],[105.19832,20.747],[105.19711,20.74617],[105.19642,20.74598],[105.19594,20.74599],[105.19541,20.74616],[105.19029,20.74878],[105.18795,20.74986],[105.18309,20.75175],[105.1792,20.75473],[105.17841,20.75665],[105.17885,20.75749],[105.17879,20.75798],[105.17812,20.76179],[105.17567,20.7611],[105.17412,20.76071],[105.17353,20.76061],[105.17292,20.76056],[105.17168,20.76056],[105.17091,20.76058],[105.17009,20.76064],[105.16952,20.76071],[105.168,20.76115],[105.1675,20.76137],[105.1667,20.76181],[105.16331,20.76397],[105.16121,20.76532],[105.15967,20.76655],[105.15962,20.7666],[105.15871,20.76742],[105.15813,20.76816],[105.15673,20.76954],[105.15521,20.77064],[105.15481,20.77086],[105.1544,20.77093]]]},"properties":{"commune_code":"05134","commune_name":"Xã Mường Hoa","commune_kind":"XA","province_code":"25","province_name":"Tỉnh Phú Thọ","area_km2":104.54,"valid_from":"16/6/2025","published":"13/07/2025","area_km2_geom":106.11962690334745,"quality_flag":null,"population":8563.0,"population_wp":5748.161817159504,"anchor_ratio":1.4896936224790327,"pop_source":"WORLDPOP2025_ANCHORED_VNSDI","pop_density_ppkm2":80.69195350450188,"n_stations":0,"n_ports":0,"power_kw_site":0.0,"ports_per_10k_pop":0.0,"util_mean_port_weighted":null,"dist_station_m_pop_weighted":13022.072921006371}},{"type":"Feature","geometry":{"type":"Polygon","coordinates":[[[105.15929,20.63289],[105.15911,20.63307],[105.15395,20.6284],[105.15201,20.62684],[105.15008,20.62565],[105.13964,20.61923],[105.13854,20.6187],[105.13725,20.61777],[105.13617,20.61684],[105.13634,20.61526],[105.13673,20.61396],[105.13796,20.61124],[105.13951,20.60786],[105.13995,20.60705],[105.14052,20.60664],[105.14976,20.59974],[105.15194,20.59796],[105.14437,20.59507],[105.14204,20.5949],[105.14069,20.59498],[105.13956,20.5955],[105.13784,20.59648],[105.13629,20.59766],[105.13372,20.59989],[105.13231,20.60136],[105.12965,20.60153],[105.12523,20.59967],[105.12532,20.599],[105.12609,20.59758],[105.12737,20.5958],[105.12763,20.59418],[105.12762,20.59296],[105.12758,20.59164],[105.12714,20.59071],[105.1262,20.58939],[105.12353,20.58721],[105.11966,20.58463],[105.11865,20.58324],[105.11673,20.58023],[105.11619,20.57871],[105.11551,20.5763],[105.11546,20.57589],[105.11553,20.5757],[105.11593,20.57541],[105.11772,20.57441],[105.11811,20.57431],[105.11906,20.56864],[105.11887,20.5644],[105.11923,20.56244],[105.11932,20.56204],[105.12141,20.5616],[105.12895,20.55775],[105.13326,20.5539],[105.13628,20.54782],[105.13766,20.54669],[105.13951,20.54518],[105.14425,20.54457],[105.14705,20.5443],[105.15051,20.54396],[105.15292,20.54287],[105.15547,20.54173],[105.15999,20.53666],[105.16193,20.5326],[105.16262,20.5267],[105.16278,20.52531],[105.16408,20.52183],[105.16429,20.52126],[105.16967,20.5168],[105.17247,20.51659],[105.17598,20.51659],[105.177,20.51659],[105.18304,20.51982],[105.18714,20.51901],[105.1884,20.51864],[105.19274,20.51738],[105.19372,20.51753],[105.19546,20.51779],[105.19943,20.51839],[105.20353,20.51879],[105.20676,20.51797],[105.2115,20.51493],[105.2186,20.50803],[105.22502,20.50521],[105.22661,20.50451],[105.23052,20.50061],[105.23127,20.49987],[105.23412,20.4962],[105.23879,20.49352],[105.24476,20.48936],[105.24579,20.48692],[105.24449,20.48473],[105.24189,20.48254],[105.24033,20.48034],[105.24085,20.47839],[105.24265,20.47498],[105.24266,20.47497],[105.25355,20.47033],[105.25706,20.4678],[105.26236,20.46397],[105.26469,20.45812],[105.26473,20.45609],[105.26593,20.45515],[105.27152,20.45299],[105.27521,20.45211],[105.27749,20.45167],[105.27932,20.45143],[105.28217,20.45121],[105.2823,20.45122],[105.2841,20.45275],[105.28421,20.4536],[105.28544,20.45617],[105.28947,20.45634],[105.29079,20.45718],[105.29352,20.4591],[105.29923,20.46372],[105.30079,20.46568],[105.30071,20.46619],[105.30094,20.46792],[105.3011,20.46859],[105.30198,20.47177],[105.30412,20.47378],[105.30725,20.47586],[105.3076,20.47605],[105.30894,20.47677],[105.30625,20.47898],[105.30561,20.4794],[105.30485,20.4797],[105.30423,20.47988],[105.30392,20.47991],[105.30217,20.47942],[105.29834,20.47841],[105.29604,20.47805],[105.2833,20.48734],[105.28322,20.4877],[105.28302,20.48814],[105.28237,20.48922],[105.28204,20.48953],[105.28173,20.4897],[105.28081,20.49004],[105.27993,20.49028],[105.27875,20.49044],[105.27722,20.49055],[105.27677,20.49049],[105.27637,20.49036],[105.27598,20.49014],[105.27504,20.49069],[105.27347,20.49224],[105.27301,20.49557],[105.27299,20.49601],[105.27309,20.49618],[105.27495,20.49713],[105.27535,20.49733],[105.27567,20.49768],[105.27528,20.49902],[105.27336,20.50482],[105.26602,20.50642],[105.25983,20.50775],[105.25703,20.51266],[105.25721,20.51299],[105.25745,20.51336],[105.25796,20.51415],[105.25826,20.51461],[105.25828,20.51486],[105.25783,20.51926],[105.25605,20.52258],[105.25591,20.52262],[105.25579,20.52262],[105.25558,20.52261],[105.25139,20.52194],[105.24688,20.52137],[105.24286,20.52096],[105.24275,20.52095],[105.24262,20.52097],[105.24249,20.52108],[105.24234,20.5213],[105.24133,20.52394],[105.23783,20.5292],[105.23281,20.53489],[105.22817,20.54123],[105.22725,20.54434],[105.22575,20.54774],[105.22154,20.55442],[105.21828,20.55812],[105.21659,20.56275],[105.21671,20.5629],[105.21676,20.56297],[105.21564,20.56415],[105.21165,20.56768],[105.20877,20.56952],[105.20689,20.57096],[105.20395,20.57907],[105.20378,20.58265],[105.20217,20.58867],[105.2015,20.59544],[105.19959,20.5999],[105.19602,20.60027],[105.19088,20.60337],[105.18518,20.60897],[105.18226,20.61154],[105.17621,20.60782],[105.17566,20.60763],[105.1754,20.60759],[105.17509,20.60764],[105.17142,20.61009],[105.1647,20.61489],[105.16397,20.62018],[105.16414,20.62025],[105.16436,20.62044],[105.1651,20.62108],[105.1651,20.62113],[105.16415,20.62487],[105.16068,20.63099],[105.16023,20.63177],[105.1598,20.63235],[105.15929,20.63289]]]},"properties":{"commune_code":"05152","commune_name":"Xã Vân Sơn","commune_kind":"XA","province_code":"25","province_name":"Tỉnh Phú Thọ","area_km2":120.53,"valid_from":"16/6/2025","published":"13/07/2025","area_km2_geom":120.1875265508417,"quality_flag":null,"population":9197.0,"population_wp":8118.685607612133,"anchor_ratio":1.1328188384800653,"pop_source":"WORLDPOP2025_ANCHORED_VNSDI","pop_density_ppkm2":76.52208397940103,"n_stations":0,"n_ports":0,"power_kw_site":0.0,"ports_per_10k_pop":0.0,"util_mean_port_weighted":null,"dist_station_m_pop_weighted":18283.488374265642}},{"type":"Feature","geometry":{"type":"Polygon","coordinates":[[[105.12829,20.71808],[105.12725,20.71943],[105.1271,20.71815],[105.12673,20.71725],[105.12616,20.71642],[105.12607,20.71629],[105.12499,20.715],[105.12385,20.71416],[105.12357,20.71397],[105.12089,20.70951],[105.12196,20.7084],[105.12329,20.70816],[105.1235,20.70813],[105.12357,20.70808],[105.1244,20.70755],[105.12468,20.70711],[105.12475,20.70605],[105.12451,20.70553],[105.12451,20.70552],[105.12376,20.7045],[105.12318,20.70404],[105.12276,20.70388],[105.12206,20.7038],[105.12051,20.70362],[105.1203,20.70383],[105.1193,20.70481],[105.11929,20.70481],[105.11773,20.70364],[105.11627,20.70256],[105.1147,20.70137],[105.11458,20.70127],[105.11338,20.70024],[105.11311,20.69966],[105.11301,20.69943],[105.11287,20.69887],[105.11286,20.69854],[105.11289,20.69844],[105.11295,20.69826],[105.11326,20.69801],[105.11362,20.69773],[105.11363,20.69772],[105.11369,20.69739],[105.11354,20.69703],[105.11349,20.69692],[105.11316,20.69676],[105.11247,20.69673],[105.11186,20.69693],[105.11159,20.69707],[105.11063,20.69758],[105.11029,20.69776],[105.11032,20.69685],[105.1104,20.6958],[105.1106,20.69512],[105.11087,20.69485],[105.11212,20.69415],[105.11511,20.69171],[105.1181,20.68853],[105.12056,20.68548],[105.12205,20.6829],[105.12485,20.67979],[105.12694,20.67753],[105.1297,20.67455],[105.13285,20.6714],[105.13346,20.66858],[105.13219,20.66705],[105.1315,20.66628],[105.13064,20.66567],[105.13003,20.66298],[105.13054,20.66017],[105.13101,20.65883],[105.13131,20.65837],[105.13194,20.6579],[105.1323,20.65764],[105.13253,20.65764],[105.13371,20.65821],[105.13608,20.65943],[105.13631,20.65944],[105.13648,20.65933],[105.13994,20.6568],[105.14458,20.65102],[105.14793,20.64779],[105.15315,20.64133],[105.15349,20.6408],[105.15689,20.63529],[105.15911,20.63307],[105.15929,20.63289],[105.1598,20.63235],[105.16023,20.63177],[105.16068,20.63099],[105.16415,20.62487],[105.1651,20.62113],[105.1651,20.62108],[105.16436,20.62044],[105.16414,20.62025],[105.16397,20.62018],[105.1647,20.61489],[105.17142,20.61009],[105.17509,20.60764],[105.1754,20.60759],[105.17566,20.60763],[105.17621,20.60782],[105.18226,20.61154],[105.18518,20.60897],[105.19088,20.60337],[105.19602,20.60027],[105.19959,20.5999],[105.2015,20.59544],[105.20217,20.58867],[105.20378,20.58265],[105.20485,20.58356],[105.20746,20.58578],[105.20856,20.58671],[105.21196,20.5895],[105.21512,20.59049],[105.21906,20.59118],[105.22267,20.59236],[105.22381,20.59289],[105.22515,20.59413],[105.22489,20.59442],[105.22475,20.59463],[105.22458,20.59493],[105.22413,20.59588],[105.22396,20.5963],[105.22403,20.59635],[105.22463,20.59671],[105.22515,20.597],[105.22569,20.59723],[105.22573,20.59723],[105.22681,20.59715],[105.22751,20.59709],[105.22971,20.59691],[105.22978,20.59701],[105.22993,20.59718],[105.23042,20.59813],[105.23067,20.59863],[105.2307,20.59879],[105.23069,20.59905],[105.23035,20.60291],[105.22955,20.60404],[105.2292,20.60438],[105.22825,20.60531],[105.22814,20.60639],[105.22799,20.60862],[105.22811,20.60984],[105.22925,20.61392],[105.2316,20.61398],[105.23224,20.6136],[105.23311,20.61359],[105.23333,20.61371],[105.23467,20.6145],[105.23493,20.61466],[105.23502,20.6148],[105.236,20.61784],[105.23564,20.61913],[105.23507,20.62021],[105.23406,20.62303],[105.23522,20.62752],[105.23561,20.62811],[105.23676,20.62958],[105.2378,20.63071],[105.23906,20.63097],[105.23948,20.63098],[105.23993,20.63081],[105.24266,20.62896],[105.24299,20.62853],[105.24336,20.62845],[105.24555,20.62805],[105.24579,20.62805],[105.24604,20.62806],[105.25384,20.62933],[105.25552,20.62992],[105.25586,20.63035],[105.25659,20.63127],[105.25743,20.63232],[105.2578,20.63386],[105.25873,20.63766],[105.25899,20.63873],[105.2619,20.64927],[105.2644,20.65355],[105.26723,20.65782],[105.26732,20.65787],[105.26757,20.65798],[105.26828,20.65826],[105.27223,20.65965],[105.27326,20.65986],[105.27418,20.65998],[105.27438,20.66119],[105.27439,20.66216],[105.27395,20.66431],[105.27328,20.66421],[105.27242,20.66603],[105.27038,20.67112],[105.2693,20.6742],[105.27183,20.67762],[105.27267,20.67944],[105.26077,20.68411],[105.25196,20.6854],[105.25014,20.68605],[105.24813,20.68677],[105.24603,20.68876],[105.244,20.68949],[105.24188,20.68831],[105.23939,20.68792],[105.23602,20.68821],[105.23263,20.6885],[105.22641,20.68567],[105.22291,20.6838],[105.21866,20.67779],[105.21847,20.67714],[105.21832,20.67654],[105.21817,20.67563],[105.21766,20.67181],[105.21762,20.67062],[105.21757,20.66874],[105.21714,20.66509],[105.21581,20.66139],[105.21212,20.66017],[105.21057,20.65721],[105.21014,20.65521],[105.21015,20.65365],[105.20797,20.6522],[105.20695,20.65169],[105.20462,20.65292],[105.20432,20.65309],[105.20336,20.65366],[105.20297,20.65416],[105.1983,20.65812],[105.18979,20.66219],[105.1845,20.66285],[105.18172,20.66208],[105.18134,20.66177],[105.18098,20.6614],[105.18063,20.66092],[105.18015,20.66014],[105.17958,20.66001],[105.17901,20.6599],[105.1778,20.66003],[105.17725,20.66021],[105.17538,20.66373],[105.17523,20.66425],[105.17541,20.66563],[105.17545,20.66718],[105.17414,20.66975],[105.17074,20.67235],[105.16585,20.67446],[105.15821,20.67471],[105.15101,20.67858],[105.14764,20.68042],[105.14225,20.68432],[105.14171,20.68638],[105.14113,20.68855],[105.13861,20.69313],[105.13693,20.69599],[105.13649,20.69702],[105.13604,20.69828],[105.136,20.69848],[105.13523,20.70235],[105.13534,20.70405],[105.13526,20.70491],[105.13521,20.70526],[105.13511,20.70568],[105.13498,20.70602],[105.13432,20.70773],[105.13425,20.70787],[105.13078,20.71468],[105.13058,20.71509],[105.12829,20.71808]]]},"properties":{"commune_code":"05158","commune_name":"Xã Mường Bi","commune_kind":"XA","province_code":"25","province_name":"Tỉnh Phú Thọ","area_km2":94.79,"valid_from":"16/6/2025","published":"13/07/2025","area_km2_geom":94.35854128252534,"quality_flag":null,"population":20930.999999999996,"population_wp":18938.614122264087,"anchor_ratio":1.1052023059804401,"pop_source":"WORLDPOP2025_ANCHORED_VNSDI","pop_density_ppkm2":221.82411592533063,"n_stations":2,"n_ports":16,"power_kw_site":221.0,"ports_per_10k_pop":7.644164158425304,"util_mean_port_weighted":0.0697559903412307,"dist_station_m_pop_weighted":5368.756874247003}},{"type":"Feature","geometry":{"type":"Polygon","coordinates":[[[105.23993,20.63081],[105.23948,20.63098],[105.23906,20.63097],[105.2378,20.63071],[105.23676,20.62958],[105.23561,20.62811],[105.23522,20.62752],[105.23406,20.62303],[105.23507,20.62021],[105.23564,20.61913],[105.236,20.61784],[105.23502,20.6148],[105.23493,20.61466],[105.23467,20.6145],[105.23333,20.61371],[105.23311,20.61359],[105.23224,20.6136],[105.2316,20.61398],[105.22925,20.61392],[105.22811,20.60984],[105.22799,20.60862],[105.22814,20.60639],[105.22825,20.60531],[105.2292,20.60438],[105.22955,20.60404],[105.23035,20.60291],[105.23069,20.59905],[105.2307,20.59879],[105.23067,20.59863],[105.23042,20.59813],[105.22993,20.59718],[105.22978,20.59701],[105.22971,20.59691],[105.22751,20.59709],[105.22681,20.59715],[105.22573,20.59723],[105.22569,20.59723],[105.22515,20.597],[105.22463,20.59671],[105.22403,20.59635],[105.22396,20.5963],[105.22413,20.59588],[105.22458,20.59493],[105.22475,20.59463],[105.22489,20.59442],[105.22515,20.59413],[105.22381,20.59289],[105.22267,20.59236],[105.21906,20.59118],[105.21512,20.59049],[105.21196,20.5895],[105.20856,20.58671],[105.20746,20.58578],[105.20485,20.58356],[105.20378,20.58265],[105.20395,20.57907],[105.20689,20.57096],[105.20877,20.56952],[105.21165,20.56768],[105.21564,20.56415],[105.21676,20.56297],[105.21671,20.5629],[105.21659,20.56275],[105.21828,20.55812],[105.22154,20.55442],[105.22575,20.54774],[105.22725,20.54434],[105.22817,20.54123],[105.23281,20.53489],[105.23783,20.5292],[105.24133,20.52394],[105.24234,20.5213],[105.24249,20.52108],[105.24262,20.52097],[105.24275,20.52095],[105.24286,20.52096],[105.24688,20.52137],[105.25139,20.52194],[105.25558,20.52261],[105.25579,20.52262],[105.25591,20.52262],[105.25605,20.52258],[105.25783,20.51926],[105.25828,20.51486],[105.25826,20.51461],[105.25796,20.51415],[105.25745,20.51336],[105.25721,20.51299],[105.25703,20.51266],[105.25983,20.50775],[105.26602,20.50642],[105.27336,20.50482],[105.27528,20.49902],[105.27567,20.49768],[105.27535,20.49733],[105.27495,20.49713],[105.27309,20.49618],[105.27299,20.49601],[105.27301,20.49557],[105.27347,20.49224],[105.27504,20.49069],[105.27598,20.49014],[105.27637,20.49036],[105.27677,20.49049],[105.27722,20.49055],[105.27875,20.49044],[105.27993,20.49028],[105.28081,20.49004],[105.28173,20.4897],[105.28204,20.48953],[105.28237,20.48922],[105.28302,20.48814],[105.28322,20.4877],[105.2833,20.48734],[105.29604,20.47805],[105.29834,20.47841],[105.30217,20.47942],[105.30392,20.47991],[105.30423,20.47988],[105.30485,20.4797],[105.30561,20.4794],[105.30625,20.47898],[105.30721,20.48048],[105.30928,20.48573],[105.30935,20.48655],[105.30927,20.48749],[105.30909,20.48788],[105.3087,20.48823],[105.30704,20.4893],[105.30472,20.49081],[105.3058,20.49547],[105.30648,20.49774],[105.30664,20.498],[105.30698,20.49824],[105.30768,20.49831],[105.30866,20.49847],[105.30916,20.49878],[105.31068,20.50127],[105.31096,20.50212],[105.31089,20.50252],[105.30916,20.50591],[105.30664,20.50881],[105.30535,20.51024],[105.305,20.51098],[105.30498,20.5114],[105.30511,20.51181],[105.3054,20.51214],[105.31017,20.51578],[105.31235,20.51619],[105.31,20.52051],[105.3088,20.52206],[105.30789,20.52273],[105.3045,20.52524],[105.30147,20.52753],[105.30124,20.52771],[105.30026,20.52856],[105.30011,20.52875],[105.30007,20.52894],[105.30009,20.52928],[105.3002,20.5301],[105.30024,20.5303],[105.30026,20.53163],[105.30015,20.53275],[105.29978,20.53363],[105.29839,20.5363],[105.29736,20.53765],[105.29452,20.54177],[105.29382,20.5444],[105.29196,20.54567],[105.28362,20.55042],[105.28011,20.5511],[105.27829,20.55131],[105.27419,20.5518],[105.27149,20.55224],[105.26827,20.55376],[105.26608,20.55479],[105.26608,20.55516],[105.26604,20.55546],[105.26598,20.55571],[105.26509,20.55875],[105.26475,20.55916],[105.26246,20.56051],[105.26229,20.56061],[105.26197,20.56066],[105.26162,20.56063],[105.26055,20.56438],[105.26078,20.57025],[105.26095,20.57355],[105.26058,20.57737],[105.26006,20.58152],[105.25994,20.58244],[105.25972,20.58385],[105.25955,20.58435],[105.25893,20.58603],[105.25883,20.58622],[105.25875,20.58636],[105.25859,20.58653],[105.25731,20.58783],[105.25714,20.58801],[105.25615,20.58879],[105.25601,20.58888],[105.25588,20.58891],[105.25298,20.58939],[105.25285,20.58939],[105.2518,20.58901],[105.25153,20.58887],[105.25119,20.58867],[105.24901,20.59268],[105.24921,20.59362],[105.25051,20.59466],[105.25143,20.59539],[105.25281,20.59648],[105.25323,20.601],[105.25273,20.60571],[105.25044,20.60758],[105.24647,20.61239],[105.24703,20.61332],[105.24748,20.61407],[105.24793,20.61484],[105.24818,20.61596],[105.24824,20.61634],[105.24835,20.61702],[105.24857,20.61841],[105.24712,20.62061],[105.24672,20.62104],[105.24643,20.62122],[105.24603,20.62133],[105.24553,20.62138],[105.24291,20.62316],[105.24137,20.62623],[105.24137,20.62629],[105.24138,20.62649],[105.24152,20.62711],[105.24168,20.62746],[105.24242,20.62872],[105.24266,20.62896],[105.23993,20.63081]]]},"properties":{"commune_code":"05191","commune_name":"Xã Toàn Thắng","commune_kind":"XA","province_code":"25","province_name":"Tỉnh Phú Thọ","area_km2":71.11,"valid_from":"16/6/2025","published":"13/07/2025","area_km2_geom":70.6227683462543,"quality_flag":null,"population":15427.0,"population_wp":13199.150260537863,"anchor_ratio":1.1687873609654136,"pop_source":"WORLDPOP2025_ANCHORED_VNSDI","pop_density_ppkm2":218.44230070907747,"n_stations":0,"n_ports":0,"power_kw_site":0.0,"ports_per_10k_pop":0.0,"util_mean_port_weighted":null,"dist_station_m_pop_weighted":9385.782153116483}},{"type":"Feature","geometry":{"type":"Polygon","coordinates":[[[105.07752,20.73747],[105.07658,20.73769],[105.07429,20.73668],[105.07244,20.73583],[105.07094,20.73478],[105.06961,20.73346],[105.0678,20.73182],[105.06515,20.73071],[105.06277,20.72991],[105.0588,20.72874],[105.05546,20.72776],[105.0517,20.72599],[105.05165,20.72597],[105.05157,20.72595],[105.05148,20.72596],[105.05136,20.72598],[105.05126,20.72601],[105.05119,20.72606],[105.05111,20.7261],[105.05105,20.72616],[105.05099,20.72622],[105.04966,20.72758],[105.04943,20.72781],[105.04898,20.72829],[105.04852,20.72889],[105.04512,20.73129],[105.03851,20.73257],[105.03641,20.7328],[105.03321,20.73313],[105.02371,20.73401],[105.02106,20.73243],[105.02085,20.7323],[105.01786,20.73239],[105.01625,20.73284],[105.01702,20.7314],[105.01681,20.72992],[105.01661,20.72857],[105.0142,20.72668],[105.00227,20.72305],[105.00027,20.72306],[105.00087,20.72198],[105.00188,20.71837],[105.00032,20.71738],[104.99764,20.7161],[104.99333,20.71381],[104.99016,20.71122],[104.98964,20.71028],[104.98986,20.70837],[104.99018,20.70804],[104.99049,20.70779],[104.9915,20.70727],[104.99222,20.70644],[104.99236,20.70594],[104.99248,20.70533],[104.99259,20.70445],[104.99276,20.70191],[104.9928,20.70104],[104.99349,20.70061],[104.99378,20.69939],[104.99319,20.69281],[104.99317,20.68653],[104.99304,20.68274],[104.99263,20.67406],[104.99185,20.67057],[104.99251,20.67006],[104.99845,20.66789],[104.99973,20.66753],[104.99988,20.66753],[105.00013,20.66754],[105.00051,20.66757],[105.00609,20.66804],[105.00902,20.66854],[105.01356,20.66935],[105.01388,20.6694],[105.01422,20.66943],[105.0146,20.66939],[105.01711,20.66909],[105.02149,20.66638],[105.02545,20.66392],[105.02583,20.66095],[105.0258,20.65959],[105.02589,20.6575],[105.02641,20.65455],[105.02753,20.65321],[105.02866,20.65215],[105.02879,20.6519],[105.02901,20.65144],[105.02921,20.65114],[105.0295,20.65074],[105.03119,20.6495],[105.0315,20.64938],[105.03775,20.64765],[105.03804,20.64761],[105.03861,20.6477],[105.03934,20.64808],[105.03983,20.6484],[105.04183,20.65099],[105.04095,20.65539],[105.04355,20.66174],[105.04557,20.6637],[105.04599,20.66362],[105.04809,20.66306],[105.04818,20.66301],[105.04855,20.66276],[105.04869,20.66263],[105.04874,20.66243],[105.04899,20.66131],[105.05755,20.65562],[105.0612,20.6526],[105.06398,20.6509],[105.06719,20.65123],[105.07364,20.65263],[105.07771,20.65396],[105.07886,20.65418],[105.07916,20.65404],[105.08237,20.65158],[105.08361,20.65023],[105.0888,20.64742],[105.09229,20.64847],[105.09372,20.64866],[105.09456,20.64872],[105.09533,20.64863],[105.09818,20.6481],[105.09889,20.64795],[105.0999,20.64729],[105.10078,20.6459],[105.10139,20.63834],[105.10129,20.63804],[105.10097,20.63745],[105.09935,20.63542],[105.09899,20.63499],[105.0984,20.63437],[105.09712,20.63373],[105.09491,20.63198],[105.09271,20.62976],[105.09266,20.62962],[105.09197,20.62629],[105.08588,20.6212],[105.08193,20.62222],[105.08165,20.62281],[105.08107,20.62335],[105.08066,20.62347],[105.07902,20.62307],[105.07514,20.62032],[105.07514,20.62011],[105.0752,20.61992],[105.07535,20.61976],[105.07554,20.61967],[105.07762,20.61835],[105.07914,20.61686],[105.0821,20.61344],[105.08255,20.60934],[105.08486,20.60497],[105.08322,20.60248],[105.08165,20.59987],[105.08153,20.59955],[105.08258,20.59795],[105.08343,20.59618],[105.08553,20.59124],[105.08876,20.58165],[105.08662,20.57582],[105.08622,20.5749],[105.08712,20.57459],[105.09122,20.57094],[105.09395,20.57041],[105.09747,20.56972],[105.10037,20.57076],[105.102,20.57134],[105.10524,20.57134],[105.10787,20.56901],[105.1089,20.56809],[105.1102,20.56506],[105.11451,20.56303],[105.11932,20.56204],[105.11923,20.56244],[105.11887,20.5644],[105.11906,20.56864],[105.11811,20.57431],[105.11772,20.57441],[105.11593,20.57541],[105.11553,20.5757],[105.11546,20.57589],[105.11551,20.5763],[105.11619,20.57871],[105.11673,20.58023],[105.11865,20.58324],[105.11966,20.58463],[105.12353,20.58721],[105.1262,20.58939],[105.12714,20.59071],[105.12758,20.59164],[105.12762,20.59296],[105.12763,20.59418],[105.12737,20.5958],[105.12609,20.59758],[105.12532,20.599],[105.12523,20.59967],[105.12965,20.60153],[105.13231,20.60136],[105.13372,20.59989],[105.13629,20.59766],[105.13784,20.59648],[105.13956,20.5955],[105.14069,20.59498],[105.14204,20.5949],[105.14437,20.59507],[105.15194,20.59796],[105.14976,20.59974],[105.14052,20.60664],[105.13995,20.60705],[105.13951,20.60786],[105.13796,20.61124],[105.13673,20.61396],[105.13634,20.61526],[105.13617,20.61684],[105.13725,20.61777],[105.13854,20.6187],[105.13964,20.61923],[105.15008,20.62565],[105.15201,20.62684],[105.15395,20.6284],[105.15911,20.63307],[105.15689,20.63529],[105.15349,20.6408],[105.15315,20.64133],[105.14793,20.64779],[105.14458,20.65102],[105.13994,20.6568],[105.13648,20.65933],[105.13631,20.65944],[105.13608,20.65943],[105.13371,20.65821],[105.13253,20.65764],[105.1323,20.65764],[105.13194,20.6579],[105.13131,20.65837],[105.13101,20.65883],[105.13054,20.66017],[105.13003,20.66298],[105.13064,20.66567],[105.1315,20.66628],[105.13219,20.66705],[105.13346,20.66858],[105.13285,20.6714],[105.1297,20.67455],[105.12694,20.67753],[105.12485,20.67979],[105.12205,20.6829],[105.12056,20.68548],[105.1181,20.68853],[105.11511,20.69171],[105.11212,20.69415],[105.11087,20.69485],[105.1106,20.69512],[105.1104,20.6958],[105.11032,20.69685],[105.11029,20.69776],[105.10954,20.69829],[105.10738,20.69974],[105.10647,20.70027],[105.10506,20.70067],[105.10375,20.70076],[105.1021,20.70042],[105.10045,20.70019],[105.10028,20.70018],[105.10014,20.70021],[105.09995,20.7003],[105.09804,20.70123],[105.09727,20.7018],[105.09612,20.70295],[105.09605,20.70308],[105.09604,20.70316],[105.09604,20.70327],[105.09608,20.70336],[105.0949,20.70797],[105.09174,20.71085],[105.08895,20.7123],[105.08843,20.71257],[105.08721,20.71321],[105.08243,20.71715],[105.08182,20.7191],[105.08178,20.7193],[105.08175,20.7195],[105.08165,20.7207],[105.08122,20.73415],[105.08133,20.73467],[105.08132,20.73499],[105.08131,20.7351],[105.08127,20.73519],[105.08078,20.73611],[105.08035,20.73658],[105.07965,20.73732],[105.07943,20.73756],[105.07932,20.73764],[105.07912,20.73766],[105.07873,20.73762],[105.07752,20.73747]]]},"properties":{"commune_code":"05200","commune_name":"Xã Mai Châu","commune_kind":"XA","province_code":"25","province_name":"Tỉnh Phú Thọ","area_km2":147.74,"valid_from":"16/6/2025","published":"13/07/2025","area_km2_geom":146.56823732939642,"quality_flag":null,"population":19143.0,"population_wp":18403.69119323045,"anchor_ratio":1.0401717676637334,"pop_source":"WORLDPOP2025_ANCHORED_VNSDI","pop_density_ppkm2":130.608106836805,"n_stations":2,"n_ports":12,"power_kw_site":287.0,"ports_per_10k_pop":6.268609935746748,"util_mean_port_weighted":0.14315173925993524,"dist_station_m_pop_weighted":8705.859768779146}},{"type":"Feature","geometry":{"type":"Polygon","coordinates":[[[105.00214,20.86761],[104.99804,20.86965],[104.99948,20.85793],[104.99971,20.85606],[104.99984,20.85355],[104.99984,20.85354],[104.99928,20.8524],[104.99836,20.85054],[104.99775,20.84931],[104.9973,20.84839],[104.99739,20.84769],[104.99757,20.84625],[104.99839,20.84562],[104.99904,20.84512],[105.00188,20.84567],[105.00449,20.8451],[105.00591,20.84368],[105.00611,20.84219],[105.00629,20.84075],[105.00487,20.83683],[105.00304,20.83323],[105.00222,20.83164],[105.00188,20.83097],[105.00072,20.82828],[105.00072,20.825],[105.00013,20.82147],[104.99774,20.81808],[104.99743,20.81572],[104.99782,20.81451],[104.9979,20.81448],[105.00188,20.8142],[105.00402,20.81275],[105.00674,20.81091],[105.00675,20.8109],[105.00735,20.81049],[105.01433,20.80619],[105.01572,20.80578],[105.01599,20.80592],[105.01662,20.80626],[105.01695,20.80627],[105.01759,20.80619],[105.01865,20.80597],[105.02109,20.80497],[105.02401,20.80364],[105.02559,20.80282],[105.03074,20.79917],[105.03111,20.79883],[105.03168,20.79812],[105.03204,20.79746],[105.0323,20.79677],[105.03301,20.79488],[105.03302,20.79476],[105.03301,20.79457],[105.03275,20.79418],[105.03133,20.79206],[105.03026,20.78691],[105.02949,20.78076],[105.03081,20.77657],[105.03065,20.77362],[105.02197,20.77816],[105.0198,20.77915],[105.01659,20.77811],[105.015,20.77712],[105.01144,20.77409],[105.00733,20.77043],[105.0006,20.76981],[105.00002,20.76657],[104.99916,20.76496],[104.99744,20.76316],[104.9941,20.76037],[104.99192,20.75686],[104.9918,20.75668],[104.99075,20.75443],[104.99065,20.75381],[104.98991,20.74933],[104.99016,20.74944],[104.99281,20.75076],[104.99631,20.75106],[104.99637,20.75107],[104.99713,20.75077],[104.99979,20.74972],[105.00108,20.74922],[105.00355,20.74808],[105.0098,20.74441],[105.01222,20.74036],[105.01239,20.74009],[105.01625,20.73284],[105.01786,20.73239],[105.02085,20.7323],[105.02106,20.73243],[105.02371,20.73401],[105.03321,20.73313],[105.03641,20.7328],[105.03851,20.73257],[105.04512,20.73129],[105.04852,20.72889],[105.04898,20.72829],[105.04943,20.72781],[105.04966,20.72758],[105.05099,20.72622],[105.05105,20.72616],[105.05111,20.7261],[105.05119,20.72606],[105.05126,20.72601],[105.05136,20.72598],[105.05148,20.72596],[105.05157,20.72595],[105.05165,20.72597],[105.0517,20.72599],[105.05546,20.72776],[105.0588,20.72874],[105.06277,20.72991],[105.06515,20.73071],[105.0678,20.73182],[105.06961,20.73346],[105.07094,20.73478],[105.07244,20.73583],[105.07429,20.73668],[105.07658,20.73769],[105.07752,20.73747],[105.07873,20.73762],[105.07912,20.73766],[105.07932,20.73764],[105.07943,20.73756],[105.07965,20.73732],[105.08035,20.73658],[105.08078,20.73611],[105.08127,20.73519],[105.08131,20.7351],[105.08132,20.73499],[105.08133,20.73467],[105.08122,20.73415],[105.08165,20.7207],[105.08175,20.7195],[105.08178,20.7193],[105.08182,20.7191],[105.08243,20.71715],[105.08721,20.71321],[105.08843,20.71257],[105.08895,20.7123],[105.09174,20.71085],[105.0949,20.70797],[105.09608,20.70336],[105.09604,20.70327],[105.09604,20.70316],[105.09605,20.70308],[105.09612,20.70295],[105.09727,20.7018],[105.09804,20.70123],[105.09995,20.7003],[105.10014,20.70021],[105.10028,20.70018],[105.10045,20.70019],[105.1021,20.70042],[105.10375,20.70076],[105.10506,20.70067],[105.10647,20.70027],[105.10738,20.69974],[105.10954,20.69829],[105.11029,20.69776],[105.11063,20.69758],[105.11159,20.69707],[105.11186,20.69693],[105.11247,20.69673],[105.11316,20.69676],[105.11349,20.69692],[105.11354,20.69703],[105.11369,20.69739],[105.11363,20.69772],[105.11362,20.69773],[105.11326,20.69801],[105.11295,20.69826],[105.11289,20.69844],[105.11286,20.69854],[105.11287,20.69887],[105.11301,20.69943],[105.11311,20.69966],[105.11338,20.70024],[105.11458,20.70127],[105.1147,20.70137],[105.11627,20.70256],[105.11773,20.70364],[105.11929,20.70481],[105.1193,20.70481],[105.1203,20.70383],[105.12051,20.70362],[105.12206,20.7038],[105.12276,20.70388],[105.12318,20.70404],[105.12376,20.7045],[105.12451,20.70552],[105.12451,20.70553],[105.12475,20.70605],[105.12468,20.70711],[105.1244,20.70755],[105.12357,20.70808],[105.1235,20.70813],[105.12329,20.70816],[105.12196,20.7084],[105.12089,20.70951],[105.12357,20.71397],[105.12385,20.71416],[105.12499,20.715],[105.12607,20.71629],[105.12616,20.71642],[105.12673,20.71725],[105.1271,20.71815],[105.12725,20.71943],[105.13002,20.72099],[105.13015,20.72117],[105.13213,20.72421],[105.13506,20.73078],[105.13401,20.7335],[105.13316,20.73458],[105.13167,20.73646],[105.13045,20.73802],[105.12868,20.73877],[105.12297,20.74326],[105.11955,20.74737],[105.11397,20.75379],[105.11385,20.75406],[105.11366,20.7546],[105.11364,20.75465],[105.11319,20.75571],[105.11304,20.75626],[105.11258,20.75857],[105.11217,20.76122],[105.11171,20.76171],[105.11145,20.7619],[105.11067,20.76231],[105.10986,20.76265],[105.10748,20.76312],[105.10452,20.76367],[105.10236,20.76394],[105.10055,20.76374],[105.09328,20.76254],[105.08846,20.76163],[105.08331,20.7608],[105.0805,20.76095],[105.07882,20.76178],[105.07752,20.7636],[105.07723,20.76469],[105.07701,20.76579],[105.07733,20.76729],[105.07759,20.76851],[105.07781,20.76912],[105.0786,20.77027],[105.07954,20.77143],[105.08077,20.77258],[105.08337,20.77449],[105.08846,20.7795],[105.09192,20.78308],[105.09673,20.79206],[105.09839,20.79854],[105.09839,20.80327],[105.09839,20.80337],[105.09795,20.80468],[105.09733,20.80653],[105.09492,20.80925],[105.08711,20.81189],[105.08629,20.81217],[105.08431,20.81283],[105.07472,20.81558],[105.07062,20.81959],[105.06778,20.82236],[105.05723,20.82945],[105.04487,20.84],[105.02844,20.85297],[105.02497,20.8587],[105.01879,20.86398],[105.01843,20.86408],[105.01286,20.86567],[105.00334,20.86701],[105.00239,20.86748],[105.00214,20.86761]]]},"properties":{"commune_code":"05206","commune_name":"Xã Tân Mai","commune_kind":"XA","province_code":"25","province_name":"Tỉnh Phú Thọ","area_km2":130.71,"valid_from":"16/6/2025","published":"13/07/2025","area_km2_geom":124.52638911700181,"quality_flag":null,"population":7924.0,"population_wp":5697.768876120448,"anchor_ratio":1.3907198014313578,"pop_source":"WORLDPOP2025_ANCHORED_VNSDI","pop_density_ppkm2":63.63309862421862,"n_stations":0,"n_ports":0,"power_kw_site":0.0,"ports_per_10k_pop":0.0,"util_mean_port_weighted":null,"dist_station_m_pop_weighted":23189.505118291836}},{"type":"Feature","geometry":{"type":"Polygon","coordinates":[[[104.88694,20.75999],[104.8673,20.76252],[104.86175,20.75779],[104.86136,20.75728],[104.86005,20.75451],[104.85959,20.75371],[104.85905,20.75349],[104.85851,20.75349],[104.8582,20.75349],[104.85395,20.75414],[104.84761,20.75407],[104.84468,20.75319],[104.83989,20.74926],[104.83838,20.74778],[104.83799,20.7474],[104.83773,20.74715],[104.83743,20.74635],[104.83689,20.74104],[104.83729,20.73739],[104.83736,20.73675],[104.8374,20.73647],[104.83767,20.73435],[104.83813,20.7337],[104.83898,20.73319],[104.84012,20.73298],[104.84104,20.73281],[104.84215,20.73261],[104.84393,20.7321],[104.84501,20.73152],[104.84507,20.73144],[104.84547,20.73087],[104.84555,20.73043],[104.84262,20.7252],[104.84015,20.72134],[104.83931,20.71858],[104.83923,20.71705],[104.83947,20.71596],[104.84503,20.70689],[104.84638,20.70535],[104.84658,20.70511],[104.84929,20.70341],[104.84967,20.70315],[104.84975,20.70293],[104.84956,20.70268],[104.84631,20.70159],[104.8458,20.70148],[104.83765,20.69978],[104.83703,20.69956],[104.83577,20.69784],[104.83545,20.69738],[104.8355,20.69683],[104.8358,20.69591],[104.83636,20.6942],[104.83662,20.69362],[104.83667,20.69358],[104.83737,20.69292],[104.83952,20.68861],[104.84045,20.68584],[104.84084,20.68387],[104.84077,20.67832],[104.84026,20.67693],[104.84023,20.67685],[104.83892,20.67247],[104.83695,20.66054],[104.83986,20.6578],[104.84496,20.65324],[104.84563,20.6523],[104.8463,20.65108],[104.84642,20.65086],[104.84887,20.65417],[104.85203,20.66063],[104.85284,20.66107],[104.85448,20.66196],[104.85538,20.66181],[104.86022,20.66101],[104.86046,20.66097],[104.8724,20.66213],[104.88066,20.66429],[104.8861,20.6686],[104.88873,20.66992],[104.89348,20.6691],[104.89765,20.66889],[104.89992,20.66878],[104.91118,20.66216],[104.91144,20.6632],[104.91295,20.66464],[104.91457,20.66608],[104.92539,20.67772],[104.92969,20.68059],[104.93023,20.68071],[104.93137,20.68115],[104.93183,20.68136],[104.93205,20.68157],[104.93233,20.68198],[104.93238,20.6822],[104.93294,20.68577],[104.93169,20.68723],[104.93185,20.68865],[104.93246,20.69208],[104.93336,20.6953],[104.93355,20.69556],[104.93373,20.6959],[104.93435,20.69764],[104.93523,20.70107],[104.93534,20.70176],[104.93504,20.70355],[104.93471,20.70483],[104.93474,20.70862],[104.93509,20.7116],[104.93661,20.71182],[104.93762,20.71101],[104.93801,20.71082],[104.93843,20.71066],[104.93875,20.7106],[104.939,20.7106],[104.93922,20.7106],[104.94098,20.71094],[104.94159,20.71178],[104.94279,20.71369],[104.94749,20.7162],[104.95217,20.7182],[104.9583,20.71554],[104.96112,20.71346],[104.96493,20.71067],[104.96656,20.71012],[104.96705,20.70996],[104.96793,20.70981],[104.97202,20.7081],[104.97936,20.70485],[104.9814,20.70312],[104.98177,20.70241],[104.98217,20.7017],[104.98253,20.70123],[104.98412,20.69996],[104.9869,20.69884],[104.98821,20.69882],[104.98831,20.69944],[104.98851,20.70053],[104.9928,20.70104],[104.99276,20.70191],[104.99259,20.70445],[104.99248,20.70533],[104.99236,20.70594],[104.99222,20.70644],[104.9915,20.70727],[104.99049,20.70779],[104.99018,20.70804],[104.98986,20.70837],[104.98964,20.71028],[104.99016,20.71122],[104.99333,20.71381],[104.99764,20.7161],[105.00032,20.71738],[105.00188,20.71837],[105.00087,20.72198],[105.00027,20.72306],[104.989,20.72394],[104.98363,20.72394],[104.97304,20.72847],[104.96752,20.73083],[104.952,20.73966],[104.9453,20.74347],[104.93822,20.74622],[104.93065,20.7453],[104.91796,20.74323],[104.9099,20.74644],[104.89598,20.75471],[104.88694,20.75999]]]},"properties":{"commune_code":"05212","commune_name":"Xã Pà Cò","commune_kind":"XA","province_code":"25","province_name":"Tỉnh Phú Thọ","area_km2":115.76,"valid_from":"16/6/2025","published":"13/07/2025","area_km2_geom":111.54828410472234,"quality_flag":null,"population":11334.0,"population_wp":9041.173761576414,"anchor_ratio":1.2535982936383483,"pop_source":"WORLDPOP2025_ANCHORED_VNSDI","pop_density_ppkm2":101.60622452389818,"n_stations":1,"n_ports":4,"power_kw_site":240.0,"ports_per_10k_pop":3.5292041644609142,"util_mean_port_weighted":0.14923179059180577,"dist_station_m_pop_weighted":19796.765475728567}},{"type":"Feature","geometry":{"type":"Polygon","coordinates":[[[104.9583,20.71554],[104.95217,20.7182],[104.94749,20.7162],[104.94279,20.71369],[104.94159,20.71178],[104.94098,20.71094],[104.93922,20.7106],[104.939,20.7106],[104.93875,20.7106],[104.93843,20.71066],[104.93801,20.71082],[104.93762,20.71101],[104.93661,20.71182],[104.93509,20.7116],[104.93474,20.70862],[104.93471,20.70483],[104.93504,20.70355],[104.93534,20.70176],[104.93523,20.70107],[104.93435,20.69764],[104.93373,20.6959],[104.93355,20.69556],[104.93336,20.6953],[104.93246,20.69208],[104.93185,20.68865],[104.93169,20.68723],[104.93294,20.68577],[104.93238,20.6822],[104.93233,20.68198],[104.93205,20.68157],[104.93183,20.68136],[104.93137,20.68115],[104.93023,20.68071],[104.92969,20.68059],[104.92539,20.67772],[104.91457,20.66608],[104.91295,20.66464],[104.91144,20.6632],[104.91118,20.66216],[104.92317,20.65439],[104.93477,20.64662],[104.93982,20.64482],[104.94127,20.6443],[104.94514,20.64265],[104.94882,20.63967],[104.9541,20.63289],[104.95902,20.62859],[104.96042,20.62594],[104.9606,20.62561],[104.95954,20.61982],[104.95917,20.61898],[104.95779,20.61585],[104.95779,20.61437],[104.95779,20.61353],[104.95838,20.61201],[104.95938,20.60941],[104.9599,20.60807],[104.96412,20.60182],[104.96812,20.59591],[104.96851,20.59534],[104.96763,20.59418],[104.96276,20.59475],[104.96279,20.58883],[104.96066,20.57941],[104.96016,20.57949],[104.9661,20.57782],[104.96927,20.57677],[104.97134,20.5756],[104.97309,20.57463],[104.98546,20.5721],[104.98755,20.57419],[104.99646,20.57381],[104.99649,20.57476],[104.99664,20.57787],[104.99726,20.58725],[104.99971,20.58689],[105.00479,20.58658],[105.01094,20.58679],[105.01312,20.5876],[105.01738,20.59104],[105.01765,20.59137],[105.0183,20.59224],[105.01867,20.59333],[105.01871,20.59431],[105.01858,20.59462],[105.01903,20.6004],[105.02191,20.60513],[105.02253,20.60559],[105.02321,20.60603],[105.02494,20.60712],[105.02775,20.60871],[105.0285,20.60904],[105.03065,20.60997],[105.03155,20.60833],[105.03273,20.60891],[105.03318,20.60931],[105.03359,20.60998],[105.03363,20.61014],[105.03367,20.61032],[105.03367,20.61036],[105.03356,20.61148],[105.03255,20.61601],[105.02906,20.62554],[105.02203,20.63224],[105.02058,20.63337],[105.01775,20.63457],[105.01544,20.63596],[105.01314,20.64649],[105.0143,20.64713],[105.01837,20.64848],[105.02419,20.64999],[105.02572,20.65046],[105.02866,20.65215],[105.02753,20.65321],[105.02641,20.65455],[105.02589,20.6575],[105.0258,20.65959],[105.02583,20.66095],[105.02545,20.66392],[105.02149,20.66638],[105.01711,20.66909],[105.0146,20.66939],[105.01422,20.66943],[105.01388,20.6694],[105.01356,20.66935],[105.00902,20.66854],[105.00609,20.66804],[105.00051,20.66757],[105.00013,20.66754],[104.99988,20.66753],[104.99973,20.66753],[104.99845,20.66789],[104.99251,20.67006],[104.99185,20.67057],[104.99263,20.67406],[104.99304,20.68274],[104.99317,20.68653],[104.99319,20.69281],[104.99378,20.69939],[104.99349,20.70061],[104.9928,20.70104],[104.98851,20.70053],[104.98831,20.69944],[104.98821,20.69882],[104.9869,20.69884],[104.98412,20.69996],[104.98253,20.70123],[104.98217,20.7017],[104.98177,20.70241],[104.9814,20.70312],[104.97936,20.70485],[104.97202,20.7081],[104.96793,20.70981],[104.96705,20.70996],[104.96656,20.71012],[104.96493,20.71067],[104.96112,20.71346],[104.9583,20.71554]]]},"properties":{"commune_code":"05245","commune_name":"Xã Bao La","commune_kind":"XA","province_code":"25","province_name":"Tỉnh Phú Thọ","area_km2":104.27,"valid_from":"16/6/2025","published":"13/07/2025","area_km2_geom":105.2661246965673,"quality_flag":null,"population":12409.0,"population_wp":12757.527530610561,"anchor_ratio":0.9726806366065603,"pop_source":"WORLDPOP2025_ANCHORED_VNSDI","pop_density_ppkm2":117.88217753592912,"n_stations":0,"n_ports":0,"power_kw_site":0.0,"ports_per_10k_pop":0.0,"util_mean_port_weighted":null,"dist_station_m_pop_weighted":17290.950408689958}},{"type":"Feature","geometry":{"type":"Polygon","coordinates":[[[105.04599,20.66362],[105.04557,20.6637],[105.04355,20.66174],[105.04095,20.65539],[105.04183,20.65099],[105.03983,20.6484],[105.03934,20.64808],[105.03861,20.6477],[105.03804,20.64761],[105.03775,20.64765],[105.0315,20.64938],[105.03119,20.6495],[105.0295,20.65074],[105.02921,20.65114],[105.02901,20.65144],[105.02879,20.6519],[105.02866,20.65215],[105.02572,20.65046],[105.02419,20.64999],[105.01837,20.64848],[105.0143,20.64713],[105.01314,20.64649],[105.01544,20.63596],[105.01775,20.63457],[105.02058,20.63337],[105.02203,20.63224],[105.02906,20.62554],[105.03255,20.61601],[105.03356,20.61148],[105.03367,20.61036],[105.03367,20.61032],[105.03363,20.61014],[105.03359,20.60998],[105.03318,20.60931],[105.03273,20.60891],[105.03155,20.60833],[105.03065,20.60997],[105.0285,20.60904],[105.02775,20.60871],[105.02494,20.60712],[105.02321,20.60603],[105.02253,20.60559],[105.02191,20.60513],[105.01903,20.6004],[105.01858,20.59462],[105.01871,20.59431],[105.01867,20.59333],[105.0183,20.59224],[105.01765,20.59137],[105.01738,20.59104],[105.01312,20.5876],[105.01094,20.58679],[105.00479,20.58658],[104.99971,20.58689],[104.99726,20.58725],[104.99664,20.57787],[104.99649,20.57476],[104.99646,20.57381],[104.99823,20.57374],[105.00239,20.57341],[105.0037,20.57315],[105.00464,20.57271],[105.00868,20.56987],[105.01628,20.5643],[105.02114,20.56028],[105.02757,20.56159],[105.03356,20.55976],[105.04765,20.5586],[105.04969,20.55982],[105.05239,20.56144],[105.05406,20.56405],[105.05498,20.56549],[105.05649,20.56933],[105.06038,20.57217],[105.06987,20.5752],[105.08001,20.57702],[105.08622,20.5749],[105.08662,20.57582],[105.08876,20.58165],[105.08553,20.59124],[105.08343,20.59618],[105.08258,20.59795],[105.08153,20.59955],[105.08165,20.59987],[105.08322,20.60248],[105.08486,20.60497],[105.08255,20.60934],[105.0821,20.61344],[105.07914,20.61686],[105.07762,20.61835],[105.07554,20.61967],[105.07535,20.61976],[105.0752,20.61992],[105.07514,20.62011],[105.07514,20.62032],[105.07902,20.62307],[105.08066,20.62347],[105.08107,20.62335],[105.08165,20.62281],[105.08193,20.62222],[105.08588,20.6212],[105.09197,20.62629],[105.09266,20.62962],[105.09271,20.62976],[105.09491,20.63198],[105.09712,20.63373],[105.0984,20.63437],[105.09899,20.63499],[105.09935,20.63542],[105.10097,20.63745],[105.10129,20.63804],[105.10139,20.63834],[105.10078,20.6459],[105.0999,20.64729],[105.09889,20.64795],[105.09818,20.6481],[105.09533,20.64863],[105.09456,20.64872],[105.09372,20.64866],[105.09229,20.64847],[105.0888,20.64742],[105.08361,20.65023],[105.08237,20.65158],[105.07916,20.65404],[105.07886,20.65418],[105.07771,20.65396],[105.07364,20.65263],[105.06719,20.65123],[105.06398,20.6509],[105.0612,20.6526],[105.05755,20.65562],[105.04899,20.66131],[105.04874,20.66243],[105.04869,20.66263],[105.04855,20.66276],[105.04818,20.66301],[105.04809,20.66306],[105.04599,20.66362]]]},"properties":{"commune_code":"05251","commune_name":"Xã Mai Hạ","commune_kind":"XA","province_code":"25","province_name":"Tỉnh Phú Thọ","area_km2":71.86,"valid_from":"16/6/2025","published":"13/07/2025","area_km2_geom":70.7601206372348,"quality_flag":null,"population":10317.0,"population_wp":9994.519072525203,"anchor_ratio":1.0322657773860568,"pop_source":"WORLDPOP2025_ANCHORED_VNSDI","pop_density_ppkm2":145.8024648218459,"n_stations":1,"n_ports":2,"power_kw_site":40.0,"ports_per_10k_pop":1.938548027527382,"util_mean_port_weighted":0.28583848531684697,"dist_station_m_pop_weighted":5018.0353699149}},{"type":"Feature","geometry":{"type":"Polygon","coordinates":[[[105.49539,20.48171],[105.49323,20.48221],[105.4892,20.48122],[105.4818,20.47981],[105.48001,20.48028],[105.47836,20.48035],[105.47617,20.48043],[105.47525,20.48038],[105.47508,20.47963],[105.4749,20.47876],[105.47047,20.47643],[105.46381,20.47785],[105.45663,20.4765],[105.44378,20.47329],[105.44289,20.47245],[105.44289,20.47149],[105.44295,20.47145],[105.44371,20.47077],[105.44384,20.47066],[105.44417,20.46996],[105.44447,20.46934],[105.44466,20.46731],[105.44324,20.46741],[105.441,20.46858],[105.43859,20.47029],[105.43554,20.47113],[105.43174,20.46864],[105.43016,20.46703],[105.43012,20.46697],[105.43009,20.46691],[105.42947,20.46509],[105.42968,20.46476],[105.42985,20.4645],[105.4302,20.46395],[105.43034,20.46367],[105.43046,20.46342],[105.43055,20.46319],[105.43064,20.46289],[105.43064,20.46275],[105.42999,20.46122],[105.42992,20.46106],[105.42981,20.46087],[105.42963,20.46069],[105.42942,20.46054],[105.42893,20.46032],[105.42858,20.46026],[105.42791,20.46022],[105.42496,20.46005],[105.42425,20.46005],[105.42405,20.46005],[105.42394,20.46005],[105.42261,20.46027],[105.42252,20.46028],[105.42184,20.46053],[105.421,20.46084],[105.42102,20.46081],[105.42095,20.46028],[105.41941,20.45762],[105.41849,20.45738],[105.41831,20.45729],[105.418,20.45712],[105.41778,20.45694],[105.41769,20.45673],[105.41766,20.45655],[105.41767,20.45643],[105.41773,20.45616],[105.4178,20.45599],[105.4179,20.45582],[105.41918,20.45448],[105.41955,20.45428],[105.42232,20.45275],[105.42545,20.4505],[105.42726,20.44876],[105.4264,20.44481],[105.42617,20.44378],[105.42521,20.43261],[105.42517,20.43212],[105.42518,20.43189],[105.42521,20.43152],[105.42523,20.43132],[105.42527,20.43122],[105.42536,20.43106],[105.42697,20.42865],[105.42732,20.42816],[105.42833,20.42813],[105.43043,20.42793],[105.43659,20.4265],[105.43992,20.42357],[105.44132,20.42167],[105.44254,20.42006],[105.44268,20.41989],[105.44285,20.41967],[105.44378,20.4189],[105.44442,20.41845],[105.44899,20.42097],[105.44932,20.42122],[105.44941,20.42131],[105.44975,20.42164],[105.45008,20.42199],[105.45072,20.4227],[105.45226,20.42452],[105.4526,20.42508],[105.45261,20.43044],[105.45762,20.43781],[105.4586,20.43893],[105.45975,20.44],[105.45989,20.44003],[105.46553,20.44062],[105.46949,20.44052],[105.47263,20.43955],[105.47496,20.43859],[105.47658,20.43715],[105.47708,20.436],[105.47696,20.4354],[105.47677,20.43447],[105.47775,20.43311],[105.47809,20.43265],[105.4854,20.43037],[105.48746,20.43003],[105.48955,20.43004],[105.49016,20.43004],[105.49145,20.43005],[105.4949,20.43007],[105.49754,20.43018],[105.49954,20.43117],[105.50003,20.43144],[105.50171,20.43236],[105.5018,20.43242],[105.50184,20.43249],[105.50186,20.43256],[105.50185,20.43277],[105.5018,20.43321],[105.50202,20.43646],[105.50262,20.43929],[105.50472,20.43976],[105.50626,20.43963],[105.50715,20.43956],[105.50786,20.4395],[105.50842,20.43946],[105.5139,20.43836],[105.51737,20.43756],[105.51758,20.43736],[105.51786,20.43709],[105.51787,20.43708],[105.51811,20.4369],[105.51887,20.43635],[105.51899,20.43627],[105.51912,20.43626],[105.51962,20.43628],[105.5197,20.43628],[105.52014,20.43631],[105.52163,20.43662],[105.52279,20.43914],[105.52353,20.44075],[105.5236,20.44225],[105.52368,20.44254],[105.52376,20.44275],[105.52398,20.44304],[105.52438,20.44337],[105.52794,20.44493],[105.52845,20.44506],[105.52864,20.44509],[105.52914,20.44518],[105.52918,20.44518],[105.52939,20.44517],[105.53036,20.44498],[105.53823,20.44441],[105.53893,20.44442],[105.53917,20.44443],[105.53964,20.44446],[105.54452,20.44478],[105.54678,20.44494],[105.54751,20.44509],[105.5474,20.44536],[105.54722,20.44647],[105.54728,20.44731],[105.54756,20.44826],[105.54772,20.44881],[105.54857,20.45279],[105.54927,20.45703],[105.5497,20.45961],[105.54976,20.46091],[105.54984,20.46258],[105.54993,20.46453],[105.54996,20.4653],[105.55007,20.46791],[105.55007,20.46791],[105.55009,20.46899],[105.54978,20.47007],[105.54917,20.4707],[105.54802,20.47161],[105.54578,20.47225],[105.5428,20.47264],[105.53919,20.47675],[105.53893,20.47917],[105.53804,20.48],[105.53803,20.48001],[105.53795,20.48004],[105.53787,20.48004],[105.53778,20.48003],[105.53755,20.47998],[105.53049,20.4776],[105.52502,20.47441],[105.52165,20.47421],[105.5167,20.47476],[105.51438,20.4752],[105.51028,20.47599],[105.50898,20.47625],[105.50733,20.47662],[105.50704,20.4767],[105.5059,20.47738],[105.50569,20.47807],[105.50017,20.48067],[105.49539,20.48171]]]},"properties":{"commune_code":"05266","commune_name":"Xã Lạc Sơn","commune_kind":"XA","province_code":"25","province_name":"Tỉnh Phú Thọ","area_km2":58.1,"valid_from":"16/6/2025","published":"13/07/2025","area_km2_geom":58.370078197471464,"quality_flag":null,"population":27500.0,"population_wp":29079.77230844833,"anchor_ratio":0.9456745296458401,"pop_source":"WORLDPOP2025_ANCHORED_VNSDI","pop_density_ppkm2":471.1317998746706,"n_stations":3,"n_ports":5,"power_kw_site":130.0,"ports_per_10k_pop":1.8181818181818181,"util_mean_port_weighted":0.2721106249421527,"dist_station_m_pop_weighted":2935.468029430228}},{"type":"Feature","geometry":{"type":"Polygon","coordinates":[[[105.48737,20.63724],[105.48728,20.63725],[105.48702,20.63724],[105.48687,20.63721],[105.4852,20.63683],[105.48249,20.63566],[105.4824,20.63562],[105.47927,20.63422],[105.47887,20.63405],[105.4749,20.63282],[105.47067,20.63157],[105.47065,20.63156],[105.47064,20.63156],[105.46987,20.63017],[105.46932,20.6272],[105.46894,20.6254],[105.46853,20.62443],[105.46727,20.62309],[105.46661,20.62271],[105.46609,20.62272],[105.4656,20.62281],[105.46383,20.62321],[105.46005,20.62311],[105.45942,20.62286],[105.45714,20.62096],[105.45584,20.61997],[105.45494,20.61946],[105.45342,20.61897],[105.45181,20.61858],[105.4498,20.61862],[105.44899,20.6189],[105.4476,20.61985],[105.44529,20.62046],[105.44438,20.6204],[105.43877,20.61973],[105.43814,20.61936],[105.43757,20.61889],[105.43523,20.61662],[105.43353,20.61483],[105.43305,20.61358],[105.43053,20.60961],[105.42894,20.60835],[105.42891,20.60816],[105.42943,20.60506],[105.43039,20.59825],[105.42938,20.58732],[105.42939,20.58549],[105.4294,20.58386],[105.4294,20.58318],[105.42729,20.57325],[105.42497,20.56199],[105.42443,20.55362],[105.42475,20.54931],[105.42253,20.54692],[105.41893,20.54473],[105.41432,20.54264],[105.40983,20.54271],[105.40804,20.54207],[105.40871,20.5401],[105.40978,20.53784],[105.41046,20.53648],[105.41073,20.53597],[105.41092,20.53579],[105.41317,20.53444],[105.41347,20.53428],[105.4156,20.53345],[105.42066,20.53235],[105.42417,20.532],[105.43022,20.53223],[105.43533,20.52868],[105.43605,20.52844],[105.43628,20.52842],[105.43877,20.52823],[105.44283,20.5285],[105.44687,20.52927],[105.45008,20.52995],[105.45042,20.53006],[105.45076,20.53017],[105.45796,20.53411],[105.46311,20.5378],[105.46342,20.53811],[105.46534,20.54039],[105.46596,20.54134],[105.46641,20.5423],[105.46656,20.54287],[105.47129,20.54948],[105.47533,20.5544],[105.48164,20.56184],[105.48393,20.56541],[105.484,20.56553],[105.48458,20.56674],[105.48466,20.56694],[105.48468,20.56712],[105.48475,20.56789],[105.48475,20.56798],[105.48474,20.56811],[105.48471,20.56833],[105.48473,20.57004],[105.48522,20.5715],[105.4878,20.57489],[105.49211,20.58011],[105.49507,20.58257],[105.49552,20.58449],[105.49678,20.59222],[105.49347,20.59626],[105.493,20.59668],[105.49268,20.59702],[105.49253,20.59723],[105.49245,20.59742],[105.49244,20.5975],[105.49244,20.59755],[105.49271,20.59796],[105.49747,20.6031],[105.49891,20.60421],[105.50362,20.60567],[105.50451,20.60573],[105.50472,20.60572],[105.50449,20.60615],[105.50739,20.60904],[105.51036,20.61044],[105.51278,20.61093],[105.51437,20.61132],[105.51613,20.61216],[105.51727,20.61305],[105.51803,20.61403],[105.51866,20.61538],[105.51879,20.6158],[105.51918,20.61772],[105.52037,20.62141],[105.52193,20.6233],[105.51797,20.62479],[105.5087,20.62659],[105.50755,20.62479],[105.50663,20.62337],[105.50483,20.62408],[105.49933,20.62724],[105.49931,20.62727],[105.49654,20.6311],[105.49653,20.63111],[105.49238,20.63565],[105.48936,20.63665],[105.48737,20.63724]]]},"properties":{"commune_code":"05287","commune_name":"Xã Mường Vang","commune_kind":"XA","province_code":"25","province_name":"Tỉnh Phú Thọ","area_km2":69.79,"valid_from":"16/6/2025","published":"13/07/2025","area_km2_geom":69.80485172411366,"quality_flag":null,"population":20853.0,"population_wp":13012.34244029224,"anchor_ratio":1.6025554273325495,"pop_source":"WORLDPOP2025_ANCHORED_VNSDI","pop_density_ppkm2":298.732817059999,"n_stations":0,"n_ports":0,"power_kw_site":0.0,"ports_per_10k_pop":0.0,"util_mean_port_weighted":null,"dist_station_m_pop_weighted":13393.949099417274}},{"type":"Feature","geometry":{"type":"Polygon","coordinates":[[[105.50472,20.60572],[105.50451,20.60573],[105.50362,20.60567],[105.49891,20.60421],[105.49747,20.6031],[105.49271,20.59796],[105.49244,20.59755],[105.49244,20.5975],[105.49245,20.59742],[105.49253,20.59723],[105.49268,20.59702],[105.493,20.59668],[105.49347,20.59626],[105.49678,20.59222],[105.49552,20.58449],[105.49507,20.58257],[105.49211,20.58011],[105.4878,20.57489],[105.48522,20.5715],[105.48473,20.57004],[105.48471,20.56833],[105.48474,20.56811],[105.48475,20.56798],[105.48475,20.56789],[105.48468,20.56712],[105.48466,20.56694],[105.48458,20.56674],[105.484,20.56553],[105.48393,20.56541],[105.48164,20.56184],[105.47533,20.5544],[105.47129,20.54948],[105.46656,20.54287],[105.46641,20.5423],[105.46596,20.54134],[105.46534,20.54039],[105.46342,20.53811],[105.46311,20.5378],[105.45796,20.53411],[105.45076,20.53017],[105.45042,20.53006],[105.45008,20.52995],[105.44687,20.52927],[105.44283,20.5285],[105.43877,20.52823],[105.43628,20.52842],[105.43605,20.52844],[105.43533,20.52868],[105.43022,20.53223],[105.42417,20.532],[105.42066,20.53235],[105.4156,20.53345],[105.41347,20.53428],[105.41317,20.53444],[105.41092,20.53579],[105.41073,20.53597],[105.41046,20.53648],[105.40978,20.53784],[105.40871,20.5401],[105.40804,20.54207],[105.40689,20.54103],[105.4067,20.5408],[105.40456,20.53781],[105.4045,20.53762],[105.40445,20.53744],[105.40437,20.537],[105.40436,20.53686],[105.40432,20.53637],[105.40432,20.53607],[105.40433,20.53537],[105.40434,20.53522],[105.40437,20.5351],[105.40441,20.53502],[105.40446,20.53496],[105.40457,20.53489],[105.40589,20.53401],[105.40671,20.53351],[105.40714,20.53328],[105.40806,20.53216],[105.40828,20.53183],[105.40849,20.53139],[105.40871,20.53079],[105.40881,20.5304],[105.40919,20.52893],[105.40925,20.52815],[105.40911,20.52756],[105.40861,20.52593],[105.40802,20.52142],[105.40799,20.52067],[105.40789,20.51679],[105.40792,20.5157],[105.40876,20.51269],[105.41541,20.51299],[105.41816,20.51285],[105.42022,20.51208],[105.42677,20.50964],[105.42931,20.508],[105.43157,20.50655],[105.43253,20.50593],[105.43328,20.50561],[105.43776,20.50367],[105.44078,20.50366],[105.44104,20.50365],[105.4416,20.50365],[105.44241,20.50369],[105.44531,20.50383],[105.45028,20.5042],[105.4538,20.50593],[105.46083,20.50931],[105.46847,20.51174],[105.47372,20.51328],[105.47388,20.51331],[105.47528,20.51321],[105.47539,20.5132],[105.47548,20.51318],[105.47626,20.51304],[105.47632,20.51302],[105.47645,20.51299],[105.47657,20.51279],[105.47704,20.51189],[105.47719,20.51141],[105.47733,20.51094],[105.47745,20.51008],[105.48553,20.50546],[105.48683,20.50503],[105.48977,20.50473],[105.49022,20.50472],[105.50319,20.50672],[105.50556,20.50782],[105.50941,20.50959],[105.51209,20.51012],[105.51473,20.50924],[105.51638,20.50856],[105.51819,20.50748],[105.52181,20.50766],[105.52456,20.50813],[105.5294,20.50885],[105.52948,20.50885],[105.52965,20.50873],[105.53098,20.50765],[105.54414,20.50638],[105.54518,20.50614],[105.54887,20.50555],[105.54898,20.50555],[105.5493,20.50581],[105.54919,20.50577],[105.5483,20.50625],[105.54662,20.50761],[105.54541,20.50896],[105.54451,20.51038],[105.54397,20.51165],[105.54091,20.51963],[105.54008,20.52294],[105.54099,20.52417],[105.54223,20.52527],[105.54447,20.52884],[105.54513,20.53458],[105.54775,20.54116],[105.55065,20.54311],[105.55864,20.54825],[105.56067,20.54954],[105.56076,20.55032],[105.56075,20.55088],[105.56059,20.55151],[105.56041,20.55179],[105.55804,20.55435],[105.55502,20.55734],[105.55395,20.55813],[105.55275,20.5584],[105.5519,20.55861],[105.55057,20.55909],[105.54741,20.56071],[105.54712,20.56116],[105.54648,20.56245],[105.5416,20.56516],[105.5324,20.57024],[105.52662,20.57231],[105.52583,20.5724],[105.52478,20.57275],[105.52337,20.57382],[105.52279,20.57482],[105.52273,20.57563],[105.52269,20.58175],[105.523,20.58303],[105.52315,20.58536],[105.52301,20.5859],[105.52257,20.58636],[105.52139,20.58682],[105.51842,20.58776],[105.51762,20.58834],[105.51728,20.58905],[105.51668,20.59261],[105.51654,20.59555],[105.51629,20.5967],[105.5158,20.59722],[105.51284,20.59951],[105.51195,20.59982],[105.5097,20.60034],[105.50832,20.60061],[105.50736,20.60084],[105.50651,20.60132],[105.50602,20.60198],[105.50472,20.60572]]]},"properties":{"commune_code":"05290","commune_name":"Xã Nhân Nghĩa","commune_kind":"XA","province_code":"25","province_name":"Tỉnh Phú Thọ","area_km2":81.37,"valid_from":"16/6/2025","published":"13/07/2025","area_km2_geom":81.1846511932842,"quality_flag":null,"population":19456.0,"population_wp":15555.281363479793,"anchor_ratio":1.2507649039173405,"pop_source":"WORLDPOP2025_ANCHORED_VNSDI","pop_density_ppkm2":239.65121133155094,"n_stations":1,"n_ports":2,"power_kw_site":40.0,"ports_per_10k_pop":1.0279605263157894,"util_mean_port_weighted":0.08859223300970874,"dist_station_m_pop_weighted":5673.066857096113}},{"type":"Feature","geometry":{"type":"Polygon","coordinates":[[[105.42891,20.60816],[105.42894,20.60835],[105.42892,20.60831],[105.42889,20.60826],[105.42846,20.60769],[105.42771,20.60737],[105.42641,20.60704],[105.42606,20.60695],[105.42523,20.60679],[105.41697,20.60519],[105.41653,20.60518],[105.41229,20.60501],[105.4122,20.60507],[105.40991,20.60668],[105.40632,20.60764],[105.40426,20.60802],[105.40404,20.60757],[105.40404,20.60755],[105.40382,20.6073],[105.40381,20.6073],[105.40327,20.60716],[105.40243,20.60698],[105.40178,20.60698],[105.40163,20.607],[105.39912,20.60724],[105.39872,20.60728],[105.39835,20.60734],[105.39798,20.60747],[105.3979,20.6075],[105.39779,20.60753],[105.39438,20.60558],[105.39327,20.60494],[105.39322,20.60489],[105.38825,20.60064],[105.3873,20.59982],[105.38523,20.59725],[105.38476,20.59648],[105.38499,20.59571],[105.38503,20.59503],[105.38492,20.59436],[105.38485,20.59392],[105.38473,20.59367],[105.38415,20.59239],[105.38356,20.59134],[105.38309,20.59042],[105.38308,20.59034],[105.38282,20.58891],[105.38276,20.5876],[105.38266,20.58579],[105.38256,20.58389],[105.38397,20.58302],[105.38531,20.58252],[105.38707,20.58112],[105.38723,20.58099],[105.39518,20.57446],[105.3953,20.57429],[105.39516,20.57404],[105.39341,20.57249],[105.3898,20.56978],[105.38858,20.56913],[105.38818,20.569],[105.38654,20.56847],[105.38449,20.56781],[105.38432,20.56775],[105.3835,20.56735],[105.38332,20.56709],[105.38195,20.56489],[105.38037,20.56126],[105.38003,20.56048],[105.37933,20.55576],[105.37955,20.55538],[105.38078,20.55331],[105.3809,20.55311],[105.38116,20.55196],[105.38116,20.55107],[105.38116,20.55045],[105.38099,20.54948],[105.38067,20.54888],[105.38004,20.5485],[105.3795,20.54839],[105.37943,20.54837],[105.37898,20.54841],[105.37839,20.54835],[105.37766,20.54793],[105.3768,20.54654],[105.37633,20.54515],[105.37702,20.54394],[105.37772,20.54279],[105.37856,20.54172],[105.3787,20.54141],[105.37884,20.5411],[105.37906,20.54048],[105.37919,20.53975],[105.37921,20.53965],[105.3792,20.53956],[105.37918,20.53875],[105.37904,20.53827],[105.37883,20.538],[105.37783,20.5367],[105.37772,20.53658],[105.3769,20.53565],[105.37675,20.53548],[105.37667,20.53543],[105.37617,20.53513],[105.37559,20.53519],[105.37223,20.53434],[105.37047,20.53322],[105.36925,20.53207],[105.36764,20.53055],[105.36546,20.52693],[105.36453,20.52483],[105.36433,20.52435],[105.36432,20.52374],[105.36429,20.5218],[105.36429,20.52172],[105.36393,20.51941],[105.36353,20.51835],[105.36156,20.51367],[105.36125,20.513],[105.36027,20.5122],[105.35823,20.51205],[105.35658,20.51206],[105.35605,20.51208],[105.35516,20.51212],[105.35418,20.51106],[105.35241,20.50916],[105.3519,20.50828],[105.35195,20.50792],[105.35246,20.50738],[105.3535,20.50648],[105.35368,20.50633],[105.35469,20.50558],[105.35652,20.50535],[105.35704,20.50529],[105.35897,20.5048],[105.35928,20.50465],[105.35954,20.50442],[105.35985,20.50409],[105.36178,20.50257],[105.3637,20.5011],[105.3649,20.50029],[105.36644,20.49943],[105.36817,20.49869],[105.37036,20.49729],[105.37331,20.49484],[105.3739,20.49431],[105.37446,20.49381],[105.37488,20.493],[105.37484,20.49209],[105.37477,20.49138],[105.37468,20.49047],[105.37722,20.48858],[105.38345,20.4845],[105.38551,20.4832],[105.38808,20.48157],[105.38956,20.48039],[105.3922,20.47828],[105.39246,20.47799],[105.39357,20.47671],[105.39379,20.47664],[105.39436,20.47653],[105.39448,20.47656],[105.39467,20.47664],[105.39487,20.47674],[105.39508,20.47689],[105.39531,20.47708],[105.39545,20.47727],[105.3958,20.47806],[105.39591,20.47831],[105.39618,20.47894],[105.39639,20.48032],[105.39623,20.48181],[105.39675,20.48475],[105.39696,20.4861],[105.39749,20.48709],[105.39947,20.48948],[105.40031,20.49038],[105.40072,20.49062],[105.40124,20.49076],[105.40361,20.48978],[105.40471,20.4888],[105.40477,20.48875],[105.40575,20.48786],[105.40702,20.4867],[105.40726,20.48635],[105.40749,20.48607],[105.4076,20.48605],[105.40765,20.48609],[105.4087,20.48723],[105.40881,20.48736],[105.40891,20.48758],[105.40896,20.4878],[105.40924,20.49067],[105.40986,20.49903],[105.41,20.50179],[105.40999,20.50273],[105.40999,20.50444],[105.40993,20.50473],[105.40974,20.50542],[105.40892,20.5083],[105.40806,20.50977],[105.40828,20.51138],[105.40876,20.51269],[105.40792,20.5157],[105.40789,20.51679],[105.40799,20.52067],[105.40802,20.52142],[105.40861,20.52593],[105.40911,20.52756],[105.40925,20.52815],[105.40919,20.52893],[105.40881,20.5304],[105.40871,20.53079],[105.40849,20.53139],[105.40828,20.53183],[105.40806,20.53216],[105.40714,20.53328],[105.40671,20.53351],[105.40589,20.53401],[105.40457,20.53489],[105.40446,20.53496],[105.40441,20.53502],[105.40437,20.5351],[105.40434,20.53522],[105.40433,20.53537],[105.40432,20.53607],[105.40432,20.53637],[105.40436,20.53686],[105.40437,20.537],[105.40445,20.53744],[105.4045,20.53762],[105.40456,20.53781],[105.4067,20.5408],[105.40689,20.54103],[105.40804,20.54207],[105.40983,20.54271],[105.41432,20.54264],[105.41893,20.54473],[105.42253,20.54692],[105.42475,20.54931],[105.42443,20.55362],[105.42497,20.56199],[105.42729,20.57325],[105.4294,20.58318],[105.4294,20.58386],[105.42939,20.58549],[105.42938,20.58732],[105.43039,20.59825],[105.42943,20.60506],[105.42891,20.60816]]]},"properties":{"commune_code":"05293","commune_name":"Xã Thượng Cốc","commune_kind":"XA","province_code":"25","province_name":"Tỉnh Phú Thọ","area_km2":58.38,"valid_from":"16/6/2025","published":"13/07/2025","area_km2_geom":58.36027247717698,"quality_flag":null,"population":18430.0,"population_wp":13082.920537617058,"anchor_ratio":1.4087068668657425,"pop_source":"WORLDPOP2025_ANCHORED_VNSDI","pop_density_ppkm2":315.79701769225704,"n_stations":0,"n_ports":0,"power_kw_site":0.0,"ports_per_10k_pop":0.0,"util_mean_port_weighted":null,"dist_station_m_pop_weighted":8441.446446970578}},{"type":"Feature","geometry":{"type":"Polygon","coordinates":[[[105.47528,20.51321],[105.47388,20.51331],[105.47372,20.51328],[105.46847,20.51174],[105.46083,20.50931],[105.4538,20.50593],[105.45028,20.5042],[105.44531,20.50383],[105.44241,20.50369],[105.4416,20.50365],[105.44104,20.50365],[105.44078,20.50366],[105.43776,20.50367],[105.43328,20.50561],[105.43253,20.50593],[105.43157,20.50655],[105.42931,20.508],[105.42677,20.50964],[105.42022,20.51208],[105.41816,20.51285],[105.41541,20.51299],[105.40876,20.51269],[105.40828,20.51138],[105.40806,20.50977],[105.40892,20.5083],[105.40974,20.50542],[105.40993,20.50473],[105.40999,20.50444],[105.40999,20.50273],[105.41,20.50179],[105.40986,20.49903],[105.40924,20.49067],[105.40896,20.4878],[105.40891,20.48758],[105.40881,20.48736],[105.4087,20.48723],[105.40765,20.48609],[105.4076,20.48605],[105.40749,20.48607],[105.40726,20.48635],[105.40702,20.4867],[105.40575,20.48786],[105.40477,20.48875],[105.40471,20.4888],[105.40361,20.48978],[105.40124,20.49076],[105.40072,20.49062],[105.40031,20.49038],[105.39947,20.48948],[105.39749,20.48709],[105.39696,20.4861],[105.39675,20.48475],[105.39864,20.48371],[105.40722,20.47841],[105.40788,20.47791],[105.41105,20.47546],[105.41408,20.47309],[105.41792,20.47008],[105.41885,20.46845],[105.42029,20.46588],[105.4205,20.46484],[105.421,20.46084],[105.42184,20.46053],[105.42252,20.46028],[105.42261,20.46027],[105.42394,20.46005],[105.42405,20.46005],[105.42425,20.46005],[105.42496,20.46005],[105.42791,20.46022],[105.42858,20.46026],[105.42893,20.46032],[105.42942,20.46054],[105.42963,20.46069],[105.42981,20.46087],[105.42992,20.46106],[105.42999,20.46122],[105.43064,20.46275],[105.43064,20.46289],[105.43055,20.46319],[105.43046,20.46342],[105.43034,20.46367],[105.4302,20.46395],[105.42985,20.4645],[105.42968,20.46476],[105.42947,20.46509],[105.43009,20.46691],[105.43012,20.46697],[105.43016,20.46703],[105.43174,20.46864],[105.43554,20.47113],[105.43859,20.47029],[105.441,20.46858],[105.44324,20.46741],[105.44466,20.46731],[105.44447,20.46934],[105.44417,20.46996],[105.44384,20.47066],[105.44371,20.47077],[105.44295,20.47145],[105.44289,20.47149],[105.44289,20.47245],[105.44378,20.47329],[105.45663,20.4765],[105.46381,20.47785],[105.47047,20.47643],[105.4749,20.47876],[105.47508,20.47963],[105.47525,20.48038],[105.47617,20.48043],[105.47836,20.48035],[105.48001,20.48028],[105.4818,20.47981],[105.4892,20.48122],[105.49323,20.48221],[105.49539,20.48171],[105.50017,20.48067],[105.50569,20.47807],[105.5059,20.47738],[105.50704,20.4767],[105.50733,20.47662],[105.50898,20.47625],[105.51028,20.47599],[105.51438,20.4752],[105.5167,20.47476],[105.52165,20.47421],[105.52502,20.47441],[105.53049,20.4776],[105.53755,20.47998],[105.53778,20.48003],[105.53787,20.48004],[105.53795,20.48004],[105.53803,20.48001],[105.53804,20.48],[105.53893,20.47917],[105.53919,20.47675],[105.5428,20.47264],[105.54578,20.47225],[105.54802,20.47161],[105.54797,20.47165],[105.54915,20.47167],[105.55126,20.47151],[105.55268,20.4714],[105.55336,20.47135],[105.55428,20.47116],[105.55558,20.47026],[105.55661,20.46946],[105.55689,20.46924],[105.55811,20.46834],[105.55867,20.46803],[105.55928,20.46797],[105.56043,20.46786],[105.56072,20.46785],[105.56142,20.46785],[105.56147,20.46785],[105.56643,20.46822],[105.56855,20.46969],[105.57244,20.47239],[105.57372,20.47601],[105.57547,20.47852],[105.57748,20.48138],[105.5775,20.48153],[105.57802,20.48639],[105.57529,20.48826],[105.57357,20.48929],[105.56899,20.49205],[105.56678,20.49437],[105.56592,20.49527],[105.56356,20.49933],[105.5633,20.49977],[105.56368,20.50004],[105.5638,20.50034],[105.56278,20.50216],[105.56246,20.5027],[105.56201,20.50299],[105.56175,20.50312],[105.55939,20.50434],[105.55931,20.50437],[105.55843,20.50469],[105.55826,20.50475],[105.55273,20.50669],[105.55243,20.50676],[105.55232,20.50679],[105.5519,20.50676],[105.55181,20.50675],[105.5493,20.50581],[105.54898,20.50555],[105.54887,20.50555],[105.54518,20.50614],[105.54414,20.50638],[105.53098,20.50765],[105.52965,20.50873],[105.52948,20.50885],[105.5294,20.50885],[105.52456,20.50813],[105.52181,20.50766],[105.51819,20.50748],[105.51638,20.50856],[105.51473,20.50924],[105.51209,20.51012],[105.50941,20.50959],[105.50556,20.50782],[105.50319,20.50672],[105.49022,20.50472],[105.48977,20.50473],[105.48683,20.50503],[105.48553,20.50546],[105.47745,20.51008],[105.47733,20.51094],[105.47719,20.51141],[105.47704,20.51189],[105.47657,20.51279],[105.47645,20.51299],[105.47632,20.51302],[105.47626,20.51304],[105.47548,20.51318],[105.47539,20.5132],[105.47528,20.51321]]]},"properties":{"commune_code":"05305","commune_name":"Xã Yên Phú","commune_kind":"XA","province_code":"25","province_name":"Tỉnh Phú Thọ","area_km2":63.7,"valid_from":"16/6/2025","published":"13/07/2025","area_km2_geom":63.324648514487095,"quality_flag":null,"population":19850.0,"population_wp":15475.794480130076,"anchor_ratio":1.2826482042964658,"pop_source":"WORLDPOP2025_ANCHORED_VNSDI","pop_density_ppkm2":313.4640375533836,"n_stations":1,"n_ports":12,"power_kw_site":321.0,"ports_per_10k_pop":6.045340050377834,"util_mean_port_weighted":0.18039882978088242,"dist_station_m_pop_weighted":5070.072462779555}},{"type":"Feature","geometry":{"type":"Polygon","coordinates":[[[105.32151,20.51733],[105.321,20.51738],[105.32047,20.51738],[105.31812,20.51736],[105.3175,20.51734],[105.31715,20.51724],[105.31683,20.51694],[105.31652,20.51658],[105.31593,20.51636],[105.31458,20.51616],[105.31425,20.51612],[105.31235,20.51619],[105.31017,20.51578],[105.3054,20.51214],[105.30511,20.51181],[105.30498,20.5114],[105.305,20.51098],[105.30535,20.51024],[105.30664,20.50881],[105.30916,20.50591],[105.31089,20.50252],[105.31096,20.50212],[105.31068,20.50127],[105.30916,20.49878],[105.30866,20.49847],[105.30768,20.49831],[105.30698,20.49824],[105.30664,20.498],[105.30648,20.49774],[105.3058,20.49547],[105.30472,20.49081],[105.30704,20.4893],[105.3087,20.48823],[105.30909,20.48788],[105.30927,20.48749],[105.30935,20.48655],[105.30928,20.48573],[105.30721,20.48048],[105.30625,20.47898],[105.30894,20.47677],[105.30952,20.47674],[105.31015,20.47655],[105.3106,20.47637],[105.31099,20.47611],[105.31124,20.47581],[105.31258,20.47409],[105.31374,20.47261],[105.31401,20.47231],[105.31469,20.47162],[105.31502,20.47135],[105.31766,20.46955],[105.31928,20.46869],[105.32703,20.46373],[105.32988,20.46196],[105.33834,20.4568],[105.34081,20.46103],[105.34117,20.46142],[105.34179,20.46161],[105.3428,20.46183],[105.34376,20.46188],[105.34459,20.4619],[105.34488,20.4619],[105.34591,20.46149],[105.34637,20.46129],[105.34659,20.46116],[105.34776,20.46012],[105.34838,20.45943],[105.35201,20.45617],[105.36305,20.45234],[105.36321,20.45225],[105.36706,20.44919],[105.36904,20.4475],[105.37178,20.44632],[105.37326,20.44771],[105.37534,20.44768],[105.37866,20.44559],[105.38269,20.44315],[105.38286,20.44306],[105.38315,20.44295],[105.38397,20.44263],[105.38518,20.44225],[105.38648,20.44201],[105.3877,20.44179],[105.38904,20.44165],[105.39118,20.4415],[105.39322,20.4414],[105.40083,20.43797],[105.40441,20.43846],[105.40932,20.4371],[105.41577,20.43328],[105.42458,20.42872],[105.4267,20.42813],[105.42732,20.42816],[105.42697,20.42865],[105.42536,20.43106],[105.42527,20.43122],[105.42523,20.43132],[105.42521,20.43152],[105.42518,20.43189],[105.42517,20.43212],[105.42521,20.43261],[105.42617,20.44378],[105.4264,20.44481],[105.42726,20.44876],[105.42545,20.4505],[105.42232,20.45275],[105.41955,20.45428],[105.41918,20.45448],[105.4179,20.45582],[105.4178,20.45599],[105.41773,20.45616],[105.41767,20.45643],[105.41766,20.45655],[105.41769,20.45673],[105.41778,20.45694],[105.418,20.45712],[105.41831,20.45729],[105.41849,20.45738],[105.41941,20.45762],[105.42095,20.46028],[105.42102,20.46081],[105.421,20.46084],[105.4205,20.46484],[105.42029,20.46588],[105.41885,20.46845],[105.41792,20.47008],[105.41408,20.47309],[105.41105,20.47546],[105.40788,20.47791],[105.40722,20.47841],[105.39864,20.48371],[105.39675,20.48475],[105.39623,20.48181],[105.39639,20.48032],[105.39618,20.47894],[105.39591,20.47831],[105.3958,20.47806],[105.39545,20.47727],[105.39531,20.47708],[105.39508,20.47689],[105.39487,20.47674],[105.39467,20.47664],[105.39448,20.47656],[105.39436,20.47653],[105.39379,20.47664],[105.39357,20.47671],[105.39246,20.47799],[105.3922,20.47828],[105.38956,20.48039],[105.38808,20.48157],[105.38551,20.4832],[105.38345,20.4845],[105.37722,20.48858],[105.37468,20.49047],[105.37477,20.49138],[105.37484,20.49209],[105.37488,20.493],[105.37446,20.49381],[105.3739,20.49431],[105.37331,20.49484],[105.37036,20.49729],[105.36817,20.49869],[105.36644,20.49943],[105.3649,20.50029],[105.3637,20.5011],[105.36178,20.50257],[105.35985,20.50409],[105.35954,20.50442],[105.35928,20.50465],[105.35897,20.5048],[105.35704,20.50529],[105.35652,20.50535],[105.35469,20.50558],[105.35483,20.50547],[105.35476,20.5046],[105.35469,20.50439],[105.35456,20.50393],[105.3541,20.50334],[105.35324,20.50223],[105.35268,20.50151],[105.3525,20.50145],[105.35201,20.50128],[105.35196,20.50127],[105.34866,20.50125],[105.34825,20.50129],[105.34743,20.50139],[105.34662,20.50171],[105.34537,20.50242],[105.3408,20.50604],[105.33647,20.50956],[105.33308,20.51185],[105.32952,20.51425],[105.32553,20.51622],[105.32547,20.51624],[105.32261,20.51718],[105.32188,20.51729],[105.32151,20.51733]]]},"properties":{"commune_code":"05323","commune_name":"Xã Quyết Thắng","commune_kind":"XA","province_code":"25","province_name":"Tỉnh Phú Thọ","area_km2":59.66,"valid_from":"16/6/2025","published":"13/07/2025","area_km2_geom":59.51981736238051,"quality_flag":null,"population":22746.0,"population_wp":17497.595384798944,"anchor_ratio":1.299950050265799,"pop_source":"WORLDPOP2025_ANCHORED_VNSDI","pop_density_ppkm2":382.1584307208679,"n_stations":0,"n_ports":0,"power_kw_site":0.0,"ports_per_10k_pop":0.0,"util_mean_port_weighted":null,"dist_station_m_pop_weighted":9108.53387019686}},{"type":"Feature","geometry":{"type":"Polygon","coordinates":[[[105.30952,20.47674],[105.30894,20.47677],[105.3076,20.47605],[105.30725,20.47586],[105.30412,20.47378],[105.30198,20.47177],[105.3011,20.46859],[105.30094,20.46792],[105.30071,20.46619],[105.30079,20.46568],[105.29923,20.46372],[105.29352,20.4591],[105.29079,20.45718],[105.28947,20.45634],[105.28544,20.45617],[105.28421,20.4536],[105.2841,20.45275],[105.2823,20.45122],[105.28217,20.45121],[105.27932,20.45143],[105.27749,20.45167],[105.27521,20.45211],[105.27152,20.45299],[105.26593,20.45515],[105.26473,20.45609],[105.26493,20.44715],[105.26493,20.44714],[105.26492,20.44712],[105.26102,20.4391],[105.2589,20.43513],[105.25842,20.43422],[105.26491,20.43373],[105.27269,20.43298],[105.27761,20.43102],[105.28046,20.42809],[105.28459,20.42249],[105.28474,20.42241],[105.29238,20.41856],[105.2986,20.41758],[105.29991,20.41739],[105.30561,20.41659],[105.31753,20.41023],[105.32811,20.40363],[105.34266,20.39457],[105.34295,20.39444],[105.35173,20.39041],[105.35453,20.3904],[105.36295,20.39038],[105.36298,20.39038],[105.36314,20.39038],[105.36347,20.39025],[105.37558,20.38548],[105.39203,20.3774],[105.39553,20.37568],[105.40043,20.37512],[105.40434,20.37468],[105.41083,20.37564],[105.41473,20.37856],[105.41709,20.3806],[105.42149,20.3844],[105.42616,20.38658],[105.42953,20.38657],[105.43912,20.38313],[105.44486,20.38143],[105.44816,20.38464],[105.45207,20.38834],[105.4533,20.38922],[105.45465,20.39038],[105.45777,20.39319],[105.4578,20.39329],[105.45912,20.39856],[105.45904,20.39882],[105.459,20.3989],[105.45463,20.40339],[105.45017,20.40798],[105.44994,20.4082],[105.44898,20.40899],[105.44884,20.4091],[105.44842,20.40933],[105.44784,20.40962],[105.44717,20.40995],[105.44672,20.41013],[105.44639,20.41022],[105.44468,20.41619],[105.44442,20.41845],[105.44378,20.4189],[105.44285,20.41967],[105.44268,20.41989],[105.44254,20.42006],[105.44132,20.42167],[105.43992,20.42357],[105.43659,20.4265],[105.43043,20.42793],[105.42833,20.42813],[105.42732,20.42816],[105.4267,20.42813],[105.42458,20.42872],[105.41577,20.43328],[105.40932,20.4371],[105.40441,20.43846],[105.40083,20.43797],[105.39322,20.4414],[105.39118,20.4415],[105.38904,20.44165],[105.3877,20.44179],[105.38648,20.44201],[105.38518,20.44225],[105.38397,20.44263],[105.38315,20.44295],[105.38286,20.44306],[105.38269,20.44315],[105.37866,20.44559],[105.37534,20.44768],[105.37326,20.44771],[105.37178,20.44632],[105.36904,20.4475],[105.36706,20.44919],[105.36321,20.45225],[105.36305,20.45234],[105.35201,20.45617],[105.34838,20.45943],[105.34776,20.46012],[105.34659,20.46116],[105.34637,20.46129],[105.34591,20.46149],[105.34488,20.4619],[105.34459,20.4619],[105.34376,20.46188],[105.3428,20.46183],[105.34179,20.46161],[105.34117,20.46142],[105.34081,20.46103],[105.33834,20.4568],[105.32988,20.46196],[105.32703,20.46373],[105.31928,20.46869],[105.31766,20.46955],[105.31502,20.47135],[105.31469,20.47162],[105.31401,20.47231],[105.31374,20.47261],[105.31258,20.47409],[105.31124,20.47581],[105.31099,20.47611],[105.3106,20.47637],[105.31015,20.47655],[105.30952,20.47674]]]},"properties":{"commune_code":"05329","commune_name":"Xã Ngọc Sơn","commune_kind":"XA","province_code":"25","province_name":"Tỉnh Phú Thọ","area_km2":114.63,"valid_from":"16/6/2025","published":"13/07/2025","area_km2_geom":112.17545475151111,"quality_flag":null,"population":8981.0,"population_wp":9883.615188330412,"anchor_ratio":0.9086756039028988,"pop_source":"WORLDPOP2025_ANCHORED_VNSDI","pop_density_ppkm2":80.06207792867465,"n_stations":0,"n_ports":0,"power_kw_site":0.0,"ports_per_10k_pop":0.0,"util_mean_port_weighted":null,"dist_station_m_pop_weighted":16275.008733822402}},{"type":"Feature","geometry":{"type":"Polygon","coordinates":[[[105.52939,20.44517],[105.52918,20.44518],[105.52914,20.44518],[105.52864,20.44509],[105.52845,20.44506],[105.52794,20.44493],[105.52438,20.44337],[105.52398,20.44304],[105.52376,20.44275],[105.52368,20.44254],[105.5236,20.44225],[105.52353,20.44075],[105.52279,20.43914],[105.52163,20.43662],[105.52014,20.43631],[105.5197,20.43628],[105.51962,20.43628],[105.51912,20.43626],[105.51899,20.43627],[105.51887,20.43635],[105.51811,20.4369],[105.51787,20.43708],[105.51786,20.43709],[105.51758,20.43736],[105.51737,20.43756],[105.5139,20.43836],[105.50842,20.43946],[105.50786,20.4395],[105.50715,20.43956],[105.50626,20.43963],[105.50472,20.43976],[105.50262,20.43929],[105.50202,20.43646],[105.5018,20.43321],[105.50185,20.43277],[105.50186,20.43256],[105.50184,20.43249],[105.5018,20.43242],[105.50171,20.43236],[105.50003,20.43144],[105.49954,20.43117],[105.49754,20.43018],[105.4949,20.43007],[105.49145,20.43005],[105.49016,20.43004],[105.48955,20.43004],[105.48746,20.43003],[105.4854,20.43037],[105.47809,20.43265],[105.47775,20.43311],[105.47677,20.43447],[105.47696,20.4354],[105.47708,20.436],[105.47658,20.43715],[105.47496,20.43859],[105.47263,20.43955],[105.46949,20.44052],[105.46553,20.44062],[105.45989,20.44003],[105.45975,20.44],[105.4586,20.43893],[105.45762,20.43781],[105.45261,20.43044],[105.4526,20.42508],[105.45226,20.42452],[105.45072,20.4227],[105.45008,20.42199],[105.44975,20.42164],[105.44941,20.42131],[105.44932,20.42122],[105.44899,20.42097],[105.44442,20.41845],[105.44468,20.41619],[105.44639,20.41022],[105.44672,20.41013],[105.44717,20.40995],[105.44784,20.40962],[105.44842,20.40933],[105.44884,20.4091],[105.44898,20.40899],[105.44994,20.4082],[105.45017,20.40798],[105.45463,20.40339],[105.459,20.3989],[105.45904,20.39882],[105.45912,20.39856],[105.4578,20.39329],[105.45777,20.39319],[105.45465,20.39038],[105.4533,20.38922],[105.45207,20.38834],[105.44816,20.38464],[105.44486,20.38143],[105.44562,20.38121],[105.44834,20.3804],[105.45156,20.37944],[105.45525,20.37836],[105.46244,20.37625],[105.46515,20.37587],[105.4697,20.37525],[105.47149,20.37515],[105.47707,20.37482],[105.47746,20.3748],[105.47852,20.37474],[105.48447,20.37204],[105.49068,20.3669],[105.49586,20.36396],[105.50285,20.36053],[105.50953,20.35988],[105.51063,20.35977],[105.51784,20.3602],[105.51841,20.36024],[105.52335,20.36242],[105.5245,20.36414],[105.52465,20.36436],[105.52625,20.36819],[105.52648,20.36875],[105.53038,20.37069],[105.53297,20.37068],[105.53763,20.36896],[105.54358,20.36333],[105.54385,20.36308],[105.54435,20.36382],[105.5461,20.36572],[105.54778,20.36749],[105.54984,20.37023],[105.55038,20.37103],[105.55075,20.3717],[105.55092,20.3721],[105.55084,20.37253],[105.55033,20.37368],[105.54983,20.37472],[105.54861,20.37727],[105.5485,20.37741],[105.54781,20.3778],[105.54733,20.378],[105.54712,20.37803],[105.54535,20.37824],[105.54396,20.37946],[105.54345,20.3799],[105.54208,20.38167],[105.54177,20.3829],[105.54164,20.38437],[105.54183,20.38534],[105.54221,20.3863],[105.54329,20.38678],[105.54459,20.38715],[105.54617,20.38794],[105.54687,20.38849],[105.5473,20.38885],[105.54735,20.38914],[105.54778,20.3922],[105.54778,20.3922],[105.54787,20.39286],[105.54791,20.39337],[105.54791,20.39337],[105.54774,20.39412],[105.54635,20.39872],[105.54454,20.40066],[105.54297,20.40153],[105.54078,20.4025],[105.54013,20.40268],[105.53995,20.40273],[105.53917,20.40321],[105.53959,20.40376],[105.54072,20.40438],[105.54399,20.40506],[105.5447,20.40512],[105.54495,20.40514],[105.5467,20.40555],[105.55065,20.40669],[105.55163,20.40697],[105.55397,20.40779],[105.55457,20.40824],[105.55646,20.41044],[105.55996,20.4145],[105.56088,20.41602],[105.56088,20.41643],[105.5596,20.41812],[105.55903,20.41818],[105.5585,20.41824],[105.5579,20.41881],[105.5576,20.4191],[105.55661,20.42034],[105.55592,20.42149],[105.55584,20.42202],[105.5558,20.42225],[105.55593,20.42299],[105.55634,20.42322],[105.55799,20.42354],[105.56112,20.42723],[105.56105,20.42734],[105.5609,20.42822],[105.5609,20.42822],[105.56094,20.43005],[105.56095,20.43047],[105.56141,20.43161],[105.56145,20.4317],[105.56271,20.43408],[105.56041,20.43539],[105.55927,20.43576],[105.55857,20.43586],[105.55213,20.44049],[105.55115,20.44119],[105.54877,20.44314],[105.54784,20.44427],[105.54751,20.44509],[105.54678,20.44494],[105.54452,20.44478],[105.53964,20.44446],[105.53917,20.44443],[105.53893,20.44442],[105.53823,20.44441],[105.53036,20.44498],[105.52939,20.44517]]]},"properties":{"commune_code":"05347","commune_name":"Xã Đại Đồng","commune_kind":"XA","province_code":"25","province_name":"Tỉnh Phú Thọ","area_km2":81.37,"valid_from":"16/6/2025","published":"13/07/2025","area_km2_geom":80.69310831457256,"quality_flag":null,"population":24353.0,"population_wp":25865.920831834897,"anchor_ratio":0.9415091060677474,"pop_source":"WORLDPOP2025_ANCHORED_VNSDI","pop_density_ppkm2":301.79776821909877,"n_stations":1,"n_ports":3,"power_kw_site":34.5,"ports_per_10k_pop":1.2318810824128443,"util_mean_port_weighted":0.03855694946488057,"dist_station_m_pop_weighted":3718.6422068510706}},{"type":"Feature","geometry":{"type":"Polygon","coordinates":[[[105.56574,20.43401],[105.56271,20.43408],[105.56145,20.4317],[105.56141,20.43161],[105.56095,20.43047],[105.56094,20.43005],[105.5609,20.42822],[105.5609,20.42822],[105.56105,20.42734],[105.56112,20.42723],[105.55799,20.42354],[105.55634,20.42322],[105.55593,20.42299],[105.5558,20.42225],[105.55584,20.42202],[105.55592,20.42149],[105.55661,20.42034],[105.5576,20.4191],[105.5579,20.41881],[105.5585,20.41824],[105.55903,20.41818],[105.5596,20.41812],[105.56088,20.41643],[105.56088,20.41602],[105.55996,20.4145],[105.55646,20.41044],[105.55457,20.40824],[105.55397,20.40779],[105.55163,20.40697],[105.55065,20.40669],[105.5467,20.40555],[105.54495,20.40514],[105.5447,20.40512],[105.54399,20.40506],[105.54072,20.40438],[105.53959,20.40376],[105.53917,20.40321],[105.53995,20.40273],[105.54013,20.40268],[105.54078,20.4025],[105.54297,20.40153],[105.54454,20.40066],[105.54635,20.39872],[105.54774,20.39412],[105.54791,20.39337],[105.54791,20.39337],[105.54787,20.39286],[105.54778,20.3922],[105.54778,20.3922],[105.54735,20.38914],[105.5473,20.38885],[105.54687,20.38849],[105.54617,20.38794],[105.54459,20.38715],[105.54329,20.38678],[105.54221,20.3863],[105.54183,20.38534],[105.54164,20.38437],[105.54177,20.3829],[105.54208,20.38167],[105.54345,20.3799],[105.54396,20.37946],[105.54535,20.37824],[105.54712,20.37803],[105.54733,20.378],[105.54781,20.3778],[105.5485,20.37741],[105.54861,20.37727],[105.54983,20.37472],[105.55033,20.37368],[105.55084,20.37253],[105.55092,20.3721],[105.55075,20.3717],[105.55038,20.37103],[105.54984,20.37023],[105.54778,20.36749],[105.5461,20.36572],[105.54435,20.36382],[105.54385,20.36308],[105.54634,20.36184],[105.54779,20.36112],[105.54927,20.36039],[105.55471,20.35968],[105.55886,20.35914],[105.56553,20.35891],[105.56664,20.35887],[105.57235,20.36104],[105.57574,20.36445],[105.5812,20.36833],[105.58302,20.36906],[105.58358,20.36894],[105.58535,20.36856],[105.59926,20.36354],[105.60037,20.36314],[105.61046,20.35628],[105.6134,20.3528],[105.61665,20.34894],[105.61935,20.34825],[105.62339,20.34721],[105.62458,20.34721],[105.62693,20.3472],[105.62805,20.34719],[105.62861,20.34689],[105.63556,20.34302],[105.64048,20.33872],[105.64228,20.33714],[105.64285,20.33646],[105.64278,20.33745],[105.64289,20.33874],[105.64293,20.33899],[105.64297,20.33911],[105.64305,20.33922],[105.64311,20.33929],[105.64362,20.33991],[105.64411,20.34042],[105.64434,20.34061],[105.64524,20.3413],[105.64642,20.34207],[105.6472,20.34308],[105.64761,20.34383],[105.64783,20.34429],[105.6481,20.34518],[105.64831,20.34595],[105.64839,20.34631],[105.64745,20.34891],[105.64713,20.35049],[105.64717,20.35225],[105.6473,20.35349],[105.64811,20.36094],[105.64814,20.36098],[105.64959,20.36273],[105.65103,20.36431],[105.65159,20.36483],[105.65164,20.36488],[105.65614,20.36854],[105.6582,20.37022],[105.6593,20.3711],[105.65998,20.3719],[105.66123,20.37347],[105.66133,20.37362],[105.66156,20.37475],[105.66157,20.37483],[105.66157,20.3749],[105.66156,20.37494],[105.66093,20.37783],[105.66037,20.3804],[105.65955,20.38352],[105.66028,20.38792],[105.66078,20.38855],[105.66066,20.39074],[105.66005,20.39165],[105.65941,20.39261],[105.65886,20.39344],[105.65691,20.39455],[105.65422,20.39475],[105.65013,20.39573],[105.64953,20.39587],[105.64892,20.39606],[105.64765,20.39661],[105.6473,20.39677],[105.64634,20.39744],[105.64578,20.39799],[105.6452,20.39864],[105.64514,20.39933],[105.64532,20.40008],[105.64246,20.40345],[105.64017,20.4056],[105.63871,20.40697],[105.63446,20.41137],[105.6332,20.41349],[105.62941,20.42518],[105.62903,20.42473],[105.62859,20.4242],[105.62745,20.42283],[105.62523,20.42213],[105.62338,20.42207],[105.62132,20.42222],[105.62107,20.42241],[105.62095,20.42247],[105.61983,20.42268],[105.61886,20.42259],[105.61813,20.42228],[105.61672,20.42168],[105.61562,20.42105],[105.61481,20.41634],[105.61459,20.41338],[105.60834,20.41026],[105.60012,20.40862],[105.59998,20.4086],[105.59989,20.4086],[105.5998,20.40862],[105.59972,20.40866],[105.5974,20.40976],[105.59738,20.41092],[105.59777,20.41267],[105.5977,20.41325],[105.59736,20.41594],[105.59246,20.42015],[105.58962,20.42125],[105.58614,20.42435],[105.58215,20.4268],[105.58093,20.4252],[105.5786,20.4247],[105.57643,20.42511],[105.57349,20.4262],[105.57293,20.42664],[105.57255,20.42841],[105.5723,20.42934],[105.57137,20.43068],[105.56915,20.43339],[105.56656,20.43399],[105.56574,20.43401]]]},"properties":{"commune_code":"05353","commune_name":"Xã Yên Thủy","commune_kind":"XA","province_code":"25","province_name":"Tỉnh Phú Thọ","area_km2":76.19,"valid_from":"16/6/2025","published":"13/07/2025","area_km2_geom":75.84717112255247,"quality_flag":null,"population":24012.0,"population_wp":21847.89825009182,"anchor_ratio":1.0990530862573513,"pop_source":"WORLDPOP2025_ANCHORED_VNSDI","pop_density_ppkm2":316.5839891536871,"n_stations":2,"n_ports":8,"power_kw_site":340.0,"ports_per_10k_pop":3.3316674995835416,"util_mean_port_weighted":0.3712380202464367,"dist_station_m_pop_weighted":4188.5429531319605}},{"type":"Feature","geometry":{"type":"Polygon","coordinates":[[[105.5625,20.54868],[105.56067,20.54954],[105.55864,20.54825],[105.55065,20.54311],[105.54775,20.54116],[105.54513,20.53458],[105.54447,20.52884],[105.54223,20.52527],[105.54099,20.52417],[105.54008,20.52294],[105.54091,20.51963],[105.54397,20.51165],[105.54451,20.51038],[105.54541,20.50896],[105.54662,20.50761],[105.5483,20.50625],[105.54919,20.50577],[105.5493,20.50581],[105.55181,20.50675],[105.5519,20.50676],[105.55232,20.50679],[105.55243,20.50676],[105.55273,20.50669],[105.55826,20.50475],[105.55843,20.50469],[105.55931,20.50437],[105.55939,20.50434],[105.56175,20.50312],[105.56201,20.50299],[105.56246,20.5027],[105.56278,20.50216],[105.5638,20.50034],[105.56368,20.50004],[105.5633,20.49977],[105.56356,20.49933],[105.56592,20.49527],[105.56678,20.49437],[105.56899,20.49205],[105.57357,20.48929],[105.57529,20.48826],[105.57802,20.48639],[105.5775,20.48153],[105.57748,20.48138],[105.57547,20.47852],[105.57372,20.47601],[105.57244,20.47239],[105.56855,20.46969],[105.56643,20.46822],[105.56147,20.46785],[105.56142,20.46785],[105.56072,20.46785],[105.56043,20.46786],[105.55928,20.46797],[105.55867,20.46803],[105.55811,20.46834],[105.55689,20.46924],[105.55661,20.46946],[105.55558,20.47026],[105.55428,20.47116],[105.55336,20.47135],[105.55268,20.4714],[105.55126,20.47151],[105.54915,20.47167],[105.54797,20.47165],[105.54802,20.47161],[105.54917,20.4707],[105.54978,20.47007],[105.55009,20.46899],[105.55007,20.46791],[105.55007,20.46791],[105.54996,20.4653],[105.54993,20.46453],[105.54984,20.46258],[105.54976,20.46091],[105.5497,20.45961],[105.54927,20.45703],[105.54857,20.45279],[105.54772,20.44881],[105.54756,20.44826],[105.54728,20.44731],[105.54722,20.44647],[105.5474,20.44536],[105.54751,20.44509],[105.54784,20.44427],[105.54877,20.44314],[105.55115,20.44119],[105.55213,20.44049],[105.55857,20.43586],[105.55927,20.43576],[105.56041,20.43539],[105.56271,20.43408],[105.56574,20.43401],[105.56656,20.43399],[105.56915,20.43339],[105.57137,20.43068],[105.5723,20.42934],[105.57255,20.42841],[105.57293,20.42664],[105.57349,20.4262],[105.57643,20.42511],[105.5786,20.4247],[105.58093,20.4252],[105.58215,20.4268],[105.58614,20.42435],[105.58962,20.42125],[105.59246,20.42015],[105.59736,20.41594],[105.5977,20.41325],[105.59777,20.41267],[105.59738,20.41092],[105.5974,20.40976],[105.59972,20.40866],[105.5998,20.40862],[105.59989,20.4086],[105.59998,20.4086],[105.60012,20.40862],[105.60834,20.41026],[105.61459,20.41338],[105.61481,20.41634],[105.61562,20.42105],[105.61672,20.42168],[105.61813,20.42228],[105.61886,20.42259],[105.61983,20.42268],[105.62095,20.42247],[105.62107,20.42241],[105.62132,20.42222],[105.62338,20.42207],[105.62523,20.42213],[105.62745,20.42283],[105.62859,20.4242],[105.62903,20.42473],[105.62941,20.42518],[105.63137,20.42525],[105.64331,20.42603],[105.64594,20.42647],[105.6479,20.42684],[105.64903,20.42734],[105.6504,20.42798],[105.65056,20.42809],[105.65057,20.42814],[105.65047,20.42897],[105.65023,20.42967],[105.65023,20.43025],[105.65179,20.43239],[105.65239,20.43276],[105.65285,20.43296],[105.65388,20.4332],[105.65481,20.43331],[105.65599,20.43335],[105.65697,20.43335],[105.658,20.43322],[105.65826,20.43314],[105.66058,20.43302],[105.66363,20.43289],[105.66624,20.43292],[105.67031,20.43401],[105.67845,20.43317],[105.67876,20.43337],[105.67904,20.43361],[105.68051,20.4353],[105.68295,20.43841],[105.68287,20.43841],[105.68226,20.43877],[105.68056,20.44106],[105.68013,20.44207],[105.67953,20.44503],[105.6787,20.44723],[105.67815,20.44814],[105.67625,20.45107],[105.67457,20.45343],[105.67311,20.45494],[105.66968,20.45827],[105.66964,20.45905],[105.66976,20.4596],[105.67033,20.46064],[105.67067,20.4611],[105.6714,20.46521],[105.67183,20.46911],[105.67204,20.47212],[105.67185,20.47362],[105.67188,20.47418],[105.67229,20.47485],[105.67289,20.47541],[105.67417,20.47648],[105.67573,20.47756],[105.6771,20.47827],[105.68239,20.48329],[105.6825,20.48366],[105.6824,20.48423],[105.68194,20.48507],[105.68073,20.48621],[105.67936,20.48697],[105.67807,20.49013],[105.67845,20.4941],[105.67902,20.49511],[105.6845,20.49901],[105.68705,20.49979],[105.68952,20.50177],[105.69175,20.50454],[105.69111,20.50563],[105.69017,20.5066],[105.68871,20.50771],[105.6871,20.50832],[105.68022,20.50984],[105.67581,20.51031],[105.66664,20.50988],[105.66418,20.5084],[105.66266,20.50745],[105.66171,20.50637],[105.66066,20.50473],[105.65838,20.50076],[105.65758,20.49923],[105.65734,20.49633],[105.6569,20.49501],[105.65596,20.49364],[105.65505,20.49265],[105.64997,20.49427],[105.64297,20.49234],[105.63965,20.49092],[105.63787,20.48837],[105.63635,20.48895],[105.63334,20.49024],[105.63267,20.4906],[105.63219,20.49096],[105.63173,20.49147],[105.63134,20.49244],[105.63131,20.49284],[105.63003,20.49722],[105.62809,20.50083],[105.62654,20.50313],[105.62259,20.50481],[105.61915,20.50469],[105.6155,20.50855],[105.61172,20.51467],[105.6111,20.51683],[105.6114,20.51888],[105.61172,20.51943],[105.61177,20.52],[105.61153,20.52208],[105.61121,20.52306],[105.611,20.52368],[105.61072,20.52418],[105.60878,20.5267],[105.60675,20.52788],[105.60335,20.52888],[105.60275,20.52898],[105.60225,20.52877],[105.59948,20.52729],[105.59706,20.52812],[105.59471,20.52921],[105.59025,20.5301],[105.58745,20.52981],[105.58653,20.52963],[105.58612,20.52943],[105.58566,20.52901],[105.5851,20.52828],[105.58487,20.52796],[105.57921,20.53624],[105.57458,20.54131],[105.56962,20.54534],[105.56361,20.54801],[105.5625,20.54868]]]},"properties":{"commune_code":"05362","commune_name":"Xã Lạc Lương","commune_kind":"XA","province_code":"25","province_name":"Tỉnh Phú Thọ","area_km2":130.41,"valid_from":"16/6/2025","published":"13/07/2025","area_km2_geom":130.17375230179556,"quality_flag":null,"population":25289.0,"population_wp":18761.5401746016,"anchor_ratio":1.3479170560972886,"pop_source":"WORLDPOP2025_ANCHORED_VNSDI","pop_density_ppkm2":194.2711149738531,"n_stations":1,"n_ports":4,"power_kw_site":120.0,"ports_per_10k_pop":1.5817153703191111,"util_mean_port_weighted":0.23291894077218517,"dist_station_m_pop_weighted":6501.205930074895}},{"type":"Feature","geometry":{"type":"Polygon","coordinates":[[[105.68695,20.43645],[105.68295,20.43841],[105.68051,20.4353],[105.67904,20.43361],[105.67876,20.43337],[105.67845,20.43317],[105.67031,20.43401],[105.66624,20.43292],[105.66363,20.43289],[105.66058,20.43302],[105.65826,20.43314],[105.658,20.43322],[105.65697,20.43335],[105.65599,20.43335],[105.65481,20.43331],[105.65388,20.4332],[105.65285,20.43296],[105.65239,20.43276],[105.65179,20.43239],[105.65023,20.43025],[105.65023,20.42967],[105.65047,20.42897],[105.65057,20.42814],[105.65056,20.42809],[105.6504,20.42798],[105.64903,20.42734],[105.6479,20.42684],[105.64594,20.42647],[105.64331,20.42603],[105.63137,20.42525],[105.62941,20.42518],[105.6332,20.41349],[105.63446,20.41137],[105.63871,20.40697],[105.64017,20.4056],[105.64246,20.40345],[105.64532,20.40008],[105.64514,20.39933],[105.6452,20.39864],[105.64578,20.39799],[105.64634,20.39744],[105.6473,20.39677],[105.64765,20.39661],[105.64892,20.39606],[105.64953,20.39587],[105.65013,20.39573],[105.65422,20.39475],[105.65691,20.39455],[105.65886,20.39344],[105.65941,20.39261],[105.66005,20.39165],[105.66066,20.39074],[105.66078,20.38855],[105.66028,20.38792],[105.65955,20.38352],[105.66037,20.3804],[105.66093,20.37783],[105.66156,20.37494],[105.66157,20.3749],[105.66157,20.37483],[105.66156,20.37475],[105.66133,20.37362],[105.66123,20.37347],[105.65998,20.3719],[105.6593,20.3711],[105.6582,20.37022],[105.65614,20.36854],[105.65164,20.36488],[105.65159,20.36483],[105.65103,20.36431],[105.64959,20.36273],[105.64814,20.36098],[105.64811,20.36094],[105.6473,20.35349],[105.64717,20.35225],[105.64713,20.35049],[105.64745,20.34891],[105.64839,20.34631],[105.64831,20.34595],[105.6481,20.34518],[105.64783,20.34429],[105.64761,20.34383],[105.6472,20.34308],[105.64642,20.34207],[105.64524,20.3413],[105.64434,20.34061],[105.64411,20.34042],[105.64362,20.33991],[105.64311,20.33929],[105.64305,20.33922],[105.64297,20.33911],[105.64293,20.33899],[105.64289,20.33874],[105.64278,20.33745],[105.64285,20.33646],[105.64449,20.3345],[105.64821,20.33005],[105.65262,20.32547],[105.65363,20.32442],[105.6575,20.32289],[105.65984,20.32196],[105.66346,20.31853],[105.66503,20.31497],[105.66551,20.31389],[105.66809,20.31071],[105.66918,20.31017],[105.67352,20.308],[105.67844,20.30628],[105.68544,20.30552],[105.68985,20.30721],[105.69188,20.30977],[105.69239,20.31041],[105.69428,20.3128],[105.69695,20.31406],[105.70119,20.32053],[105.70357,20.32489],[105.70629,20.32621],[105.70811,20.32653],[105.71154,20.32404],[105.71732,20.32696],[105.71971,20.3283],[105.72418,20.33136],[105.7242,20.33138],[105.72422,20.3314],[105.72722,20.33396],[105.72837,20.33486],[105.73372,20.33691],[105.73203,20.33768],[105.7317,20.33783],[105.72804,20.33976],[105.72698,20.34032],[105.72655,20.34059],[105.72534,20.34142],[105.72418,20.3424],[105.71949,20.34742],[105.71553,20.35369],[105.71494,20.35463],[105.71414,20.35635],[105.7133,20.35817],[105.71186,20.36128],[105.70781,20.3693],[105.70763,20.36953],[105.70763,20.36953],[105.70703,20.3703],[105.70505,20.37369],[105.70488,20.37399],[105.70606,20.37762],[105.70684,20.38004],[105.70721,20.38311],[105.70637,20.38405],[105.70536,20.38519],[105.70362,20.38597],[105.70195,20.38672],[105.70053,20.38737],[105.69473,20.39072],[105.69514,20.39196],[105.69586,20.3933],[105.69622,20.39398],[105.69703,20.39667],[105.69703,20.39713],[105.69694,20.39771],[105.69594,20.39966],[105.69418,20.40172],[105.69278,20.4022],[105.69255,20.40224],[105.69192,20.40235],[105.69108,20.40236],[105.69004,20.40222],[105.68874,20.40223],[105.68832,20.40241],[105.68754,20.40296],[105.68512,20.40569],[105.68493,20.40746],[105.68489,20.40778],[105.68504,20.40869],[105.68563,20.40984],[105.68668,20.41051],[105.69368,20.41169],[105.69667,20.41163],[105.69681,20.41159],[105.69697,20.41171],[105.69762,20.41224],[105.70054,20.41554],[105.70083,20.41619],[105.70101,20.42593],[105.70087,20.42942],[105.70072,20.43007],[105.69994,20.43188],[105.69943,20.43275],[105.69726,20.43537],[105.69661,20.43591],[105.69544,20.43663],[105.69493,20.43689],[105.69439,20.43686],[105.69378,20.43655],[105.6917,20.43587],[105.68873,20.43572],[105.68817,20.4358],[105.6876,20.43601],[105.68695,20.43645]]]},"properties":{"commune_code":"05386","commune_name":"Xã Yên Trị","commune_kind":"XA","province_code":"25","province_name":"Tỉnh Phú Thọ","area_km2":81.97,"valid_from":"16/6/2025","published":"13/07/2025","area_km2_geom":81.44959421615187,"quality_flag":null,"population":27005.0,"population_wp":20089.558171797544,"anchor_ratio":1.3442306579898111,"pop_source":"WORLDPOP2025_ANCHORED_VNSDI","pop_density_ppkm2":331.55475186695,"n_stations":1,"n_ports":4,"power_kw_site":47.0,"ports_per_10k_pop":1.4812071838548417,"util_mean_port_weighted":0.09066386932414207,"dist_station_m_pop_weighted":4405.509319747658}},{"type":"Feature","geometry":{"type":"Polygon","coordinates":[[[105.78198,20.54104],[105.78173,20.54133],[105.77473,20.53838],[105.77438,20.53099],[105.77452,20.52915],[105.77462,20.52544],[105.77466,20.51876],[105.77466,20.5185],[105.77464,20.51822],[105.77435,20.51566],[105.77051,20.51],[105.76931,20.50886],[105.76422,20.5132],[105.76054,20.51581],[105.75948,20.51494],[105.75884,20.51416],[105.75871,20.51394],[105.75742,20.50962],[105.75131,20.50562],[105.7498,20.50501],[105.74814,20.50444],[105.74416,20.50341],[105.7434,20.50333],[105.74332,20.50331],[105.7431,20.50327],[105.74288,20.5032],[105.74221,20.50295],[105.74158,20.50267],[105.74106,20.50239],[105.74066,20.5021],[105.74031,20.50168],[105.74016,20.5014],[105.73953,20.49924],[105.73964,20.49814],[105.73988,20.49727],[105.74028,20.49645],[105.74126,20.49168],[105.74104,20.48919],[105.74068,20.48604],[105.74059,20.48437],[105.74076,20.48138],[105.7415,20.47286],[105.74205,20.46985],[105.74286,20.46644],[105.74378,20.46494],[105.74527,20.46129],[105.74666,20.45771],[105.7476,20.45395],[105.74897,20.44798],[105.74936,20.44596],[105.74963,20.44448],[105.75004,20.44211],[105.75033,20.4408],[105.75095,20.43955],[105.75104,20.43941],[105.75121,20.43918],[105.75129,20.43908],[105.75144,20.43892],[105.75155,20.43882],[105.75169,20.43872],[105.75257,20.4393],[105.75261,20.43941],[105.75583,20.44155],[105.75792,20.44149],[105.76202,20.44137],[105.77375,20.44047],[105.77477,20.43472],[105.77866,20.43566],[105.78079,20.43621],[105.78204,20.43693],[105.78374,20.43894],[105.78859,20.44763],[105.78784,20.44958],[105.78737,20.45081],[105.78656,20.45294],[105.78655,20.45295],[105.7897,20.45362],[105.79221,20.45408],[105.79261,20.45367],[105.7929,20.45337],[105.79387,20.44835],[105.79869,20.43986],[105.80184,20.43568],[105.80324,20.43381],[105.80441,20.43268],[105.80863,20.42855],[105.81102,20.42716],[105.81726,20.4246],[105.81748,20.42451],[105.81952,20.42357],[105.82117,20.42196],[105.82129,20.42177],[105.82323,20.41883],[105.82781,20.41772],[105.82942,20.41869],[105.82929,20.42185],[105.82906,20.42395],[105.83017,20.42502],[105.8321,20.42484],[105.83589,20.4221],[105.83731,20.42107],[105.84187,20.42103],[105.84187,20.42103],[105.85592,20.42689],[105.85662,20.42718],[105.85662,20.42718],[105.85543,20.42913],[105.85412,20.43789],[105.8527,20.44824],[105.85219,20.45228],[105.8513,20.45929],[105.8515,20.4611],[105.8531,20.47539],[105.85286,20.477],[105.85225,20.47744],[105.85091,20.47839],[105.84842,20.47946],[105.84268,20.48028],[105.82627,20.48825],[105.82516,20.48878],[105.82503,20.48898],[105.82219,20.49341],[105.82047,20.4961],[105.81949,20.50309],[105.81485,20.5028],[105.80766,20.50108],[105.80446,20.50316],[105.7995,20.51132],[105.79691,20.51319],[105.79389,20.51669],[105.79253,20.51933],[105.78937,20.52544],[105.78198,20.54104]]]},"properties":{"commune_code":"05392","commune_name":"Xã Lạc Thủy","commune_kind":"XA","province_code":"25","province_name":"Tỉnh Phú Thọ","area_km2":90.69,"valid_from":"16/6/2025","published":"13/07/2025","area_km2_geom":90.47644739144327,"quality_flag":null,"population":24529.0,"population_wp":23632.80880379118,"anchor_ratio":1.0379214846465923,"pop_source":"WORLDPOP2025_ANCHORED_VNSDI","pop_density_ppkm2":271.10923016103976,"n_stations":2,"n_ports":4,"power_kw_site":120.0,"ports_per_10k_pop":1.6307228178890294,"util_mean_port_weighted":0.4881883724497622,"dist_station_m_pop_weighted":3036.0926720219313}},{"type":"Feature","geometry":{"type":"Polygon","coordinates":[[[105.63148,20.62353],[105.63052,20.62432],[105.62826,20.62161],[105.62688,20.62022],[105.62429,20.61821],[105.6242,20.61814],[105.61518,20.61478],[105.61654,20.61011],[105.61703,20.61011],[105.61755,20.60993],[105.61817,20.6095],[105.61917,20.60822],[105.62048,20.6061],[105.62195,20.60177],[105.62211,20.60128],[105.62489,20.59743],[105.63077,20.59456],[105.63434,20.59508],[105.63582,20.59552],[105.63984,20.59736],[105.64436,20.60077],[105.65013,20.59413],[105.65331,20.59229],[105.65569,20.59247],[105.66023,20.58995],[105.66508,20.58716],[105.6654,20.58677],[105.66649,20.58343],[105.66654,20.58247],[105.66534,20.58106],[105.66564,20.58019],[105.66617,20.5793],[105.67317,20.56972],[105.67516,20.56762],[105.6799,20.56441],[105.68442,20.55951],[105.68466,20.55907],[105.6834,20.55777],[105.68146,20.55645],[105.68035,20.55533],[105.67999,20.55476],[105.67983,20.55419],[105.68129,20.55105],[105.68204,20.55076],[105.6827,20.55064],[105.68332,20.55066],[105.68366,20.55062],[105.68385,20.55039],[105.68465,20.54879],[105.68476,20.54854],[105.68468,20.5482],[105.68415,20.54682],[105.68556,20.55026],[105.6857,20.55052],[105.68579,20.55063],[105.68665,20.55144],[105.68856,20.55272],[105.68949,20.55314],[105.68958,20.55318],[105.68976,20.55324],[105.69004,20.55331],[105.69046,20.55336],[105.69086,20.55338],[105.69117,20.5534],[105.69138,20.5534],[105.69336,20.55296],[105.69974,20.55157],[105.70153,20.55182],[105.70678,20.55133],[105.7069,20.55131],[105.70815,20.551],[105.70912,20.55062],[105.712,20.54947],[105.71219,20.54934],[105.71245,20.5491],[105.71258,20.54895],[105.71269,20.54873],[105.7129,20.54817],[105.71294,20.54775],[105.71362,20.53246],[105.7137,20.52993],[105.71351,20.52845],[105.71304,20.52537],[105.71321,20.52383],[105.71328,20.52332],[105.71328,20.52331],[105.71346,20.52263],[105.71387,20.52218],[105.71482,20.5213],[105.7162,20.52035],[105.719,20.51877],[105.71938,20.51858],[105.72057,20.51822],[105.72132,20.51822],[105.72215,20.51841],[105.72221,20.51842],[105.72237,20.51847],[105.72282,20.5186],[105.72304,20.51867],[105.72345,20.51891],[105.72357,20.51907],[105.72379,20.51937],[105.72386,20.51975],[105.72387,20.52021],[105.7238,20.52051],[105.72348,20.52191],[105.72294,20.52456],[105.72299,20.525],[105.72318,20.5256],[105.72345,20.52613],[105.72393,20.5269],[105.72431,20.52732],[105.72468,20.52759],[105.73087,20.5175],[105.73087,20.51745],[105.73091,20.5172],[105.73097,20.51692],[105.73104,20.51664],[105.73119,20.5161],[105.73126,20.51596],[105.73147,20.51569],[105.73206,20.51492],[105.73215,20.51481],[105.73223,20.51472],[105.73324,20.5137],[105.73328,20.51368],[105.73421,20.51418],[105.73933,20.51734],[105.74067,20.51839],[105.74043,20.51967],[105.74039,20.51999],[105.74033,20.52047],[105.74018,20.52179],[105.74018,20.522],[105.74023,20.52232],[105.74028,20.52254],[105.74032,20.5226],[105.74057,20.52301],[105.74075,20.52328],[105.74089,20.52341],[105.74102,20.52345],[105.74296,20.52367],[105.74455,20.52337],[105.74777,20.52171],[105.75119,20.52382],[105.75291,20.52386],[105.7575,20.51912],[105.76054,20.51581],[105.76422,20.5132],[105.76931,20.50886],[105.77051,20.51],[105.77435,20.51566],[105.77464,20.51822],[105.77466,20.5185],[105.77466,20.51876],[105.77462,20.52544],[105.77452,20.52915],[105.77438,20.53099],[105.77473,20.53838],[105.78173,20.54133],[105.78198,20.54104],[105.78168,20.54167],[105.78032,20.5429],[105.77692,20.54596],[105.77631,20.54689],[105.77349,20.55113],[105.77108,20.55669],[105.76955,20.56377],[105.76608,20.57371],[105.76143,20.58042],[105.75516,20.58694],[105.74685,20.59462],[105.74218,20.59732],[105.73162,20.60195],[105.7298,20.60196],[105.72796,20.60196],[105.72491,20.6014],[105.72164,20.59874],[105.71879,20.59707],[105.70691,20.60014],[105.70639,20.60225],[105.70547,20.60675],[105.70479,20.61011],[105.70439,20.61127],[105.70398,20.61223],[105.70391,20.61232],[105.70341,20.61298],[105.70208,20.61367],[105.7005,20.61454],[105.69972,20.61504],[105.69838,20.61622],[105.69735,20.61749],[105.69669,20.61848],[105.69656,20.61882],[105.69659,20.61912],[105.69668,20.61954],[105.69694,20.61996],[105.69392,20.62102],[105.69353,20.62102],[105.69144,20.62092],[105.68998,20.62033],[105.68848,20.61848],[105.6874,20.61721],[105.68612,20.61645],[105.68368,20.61671],[105.67868,20.61689],[105.67296,20.6166],[105.66844,20.61707],[105.66746,20.61717],[105.66714,20.61739],[105.66652,20.61693],[105.6662,20.6167],[105.66346,20.61477],[105.65888,20.61386],[105.65833,20.61375],[105.6577,20.6139],[105.65708,20.61432],[105.65667,20.6146],[105.65587,20.61552],[105.65515,20.61644],[105.65507,20.61661],[105.65493,20.61691],[105.65498,20.61761],[105.65488,20.61779],[105.65422,20.61891],[105.65377,20.61969],[105.65339,20.62032],[105.65297,20.62052],[105.65281,20.62059],[105.6525,20.62065],[105.65214,20.62072],[105.65129,20.62063],[105.64927,20.61993],[105.64502,20.61891],[105.64492,20.61888],[105.64422,20.61882],[105.6442,20.61881],[105.64273,20.61899],[105.64184,20.6193],[105.64029,20.62008],[105.63358,20.62181],[105.63148,20.62353]]]},"properties":{"commune_code":"05395","commune_name":"Xã An Nghĩa","commune_kind":"XA","province_code":"25","province_name":"Tỉnh Phú Thọ","area_km2":95.73,"valid_from":"16/6/2025","published":"13/07/2025","area_km2_geom":94.14691645622945,"quality_flag":null,"population":27556.000000000004,"population_wp":27428.36099581793,"anchor_ratio":1.0046535410628996,"pop_source":"WORLDPOP2025_ANCHORED_VNSDI","pop_density_ppkm2":292.69147665405774,"n_stations":1,"n_ports":6,"power_kw_site":370.0,"ports_per_10k_pop":2.177384235738133,"util_mean_port_weighted":0.23166666666666666,"dist_station_m_pop_weighted":4375.592084104676}},{"type":"Feature","geometry":{"type":"Polygon","coordinates":[[[105.69138,20.5534],[105.69117,20.5534],[105.69086,20.55338],[105.69046,20.55336],[105.69004,20.55331],[105.68976,20.55324],[105.68958,20.55318],[105.68949,20.55314],[105.68856,20.55272],[105.68665,20.55144],[105.68579,20.55063],[105.6857,20.55052],[105.68556,20.55026],[105.68415,20.54682],[105.68296,20.5451],[105.67994,20.54406],[105.6784,20.53941],[105.67825,20.53706],[105.67898,20.53593],[105.67933,20.53563],[105.6794,20.53508],[105.67924,20.53434],[105.67867,20.533],[105.67794,20.53197],[105.67753,20.53145],[105.67687,20.53078],[105.6763,20.53056],[105.67503,20.53035],[105.67467,20.5303],[105.67428,20.53039],[105.6718,20.53144],[105.6716,20.53162],[105.6671,20.53646],[105.66398,20.54009],[105.66295,20.54175],[105.66297,20.54232],[105.66278,20.54269],[105.66101,20.54492],[105.66033,20.54566],[105.6596,20.5463],[105.6592,20.54656],[105.65872,20.54638],[105.65837,20.54599],[105.6531,20.53693],[105.6519,20.53269],[105.65276,20.52737],[105.65378,20.52451],[105.64761,20.52349],[105.64416,20.52415],[105.64166,20.52572],[105.63925,20.52685],[105.63748,20.52645],[105.63331,20.52545],[105.62575,20.52538],[105.62075,20.52379],[105.61597,20.52325],[105.611,20.52368],[105.61121,20.52306],[105.61153,20.52208],[105.61177,20.52],[105.61172,20.51943],[105.6114,20.51888],[105.6111,20.51683],[105.61172,20.51467],[105.6155,20.50855],[105.61915,20.50469],[105.62259,20.50481],[105.62654,20.50313],[105.62809,20.50083],[105.63003,20.49722],[105.63131,20.49284],[105.63134,20.49244],[105.63173,20.49147],[105.63219,20.49096],[105.63267,20.4906],[105.63334,20.49024],[105.63635,20.48895],[105.63787,20.48837],[105.63965,20.49092],[105.64297,20.49234],[105.64997,20.49427],[105.65505,20.49265],[105.65596,20.49364],[105.6569,20.49501],[105.65734,20.49633],[105.65758,20.49923],[105.65838,20.50076],[105.66066,20.50473],[105.66171,20.50637],[105.66266,20.50745],[105.66418,20.5084],[105.66664,20.50988],[105.67581,20.51031],[105.68022,20.50984],[105.6871,20.50832],[105.68871,20.50771],[105.69017,20.5066],[105.69111,20.50563],[105.69175,20.50454],[105.68952,20.50177],[105.68705,20.49979],[105.6845,20.49901],[105.67902,20.49511],[105.67845,20.4941],[105.67807,20.49013],[105.67936,20.48697],[105.68073,20.48621],[105.68194,20.48507],[105.6824,20.48423],[105.6825,20.48366],[105.68239,20.48329],[105.6771,20.47827],[105.67573,20.47756],[105.67417,20.47648],[105.67289,20.47541],[105.67229,20.47485],[105.67188,20.47418],[105.67185,20.47362],[105.67204,20.47212],[105.67183,20.46911],[105.6714,20.46521],[105.67067,20.4611],[105.67033,20.46064],[105.66976,20.4596],[105.66964,20.45905],[105.66968,20.45827],[105.67311,20.45494],[105.67457,20.45343],[105.67625,20.45107],[105.67815,20.44814],[105.6787,20.44723],[105.67953,20.44503],[105.68013,20.44207],[105.68056,20.44106],[105.68226,20.43877],[105.68287,20.43841],[105.68295,20.43841],[105.68695,20.43645],[105.6876,20.43601],[105.68817,20.4358],[105.68873,20.43572],[105.6917,20.43587],[105.69378,20.43655],[105.69439,20.43686],[105.69493,20.43689],[105.69544,20.43663],[105.69661,20.43591],[105.69726,20.43537],[105.69943,20.43275],[105.69994,20.43188],[105.70072,20.43007],[105.70087,20.42942],[105.70101,20.42593],[105.70083,20.41619],[105.70054,20.41554],[105.69762,20.41224],[105.69697,20.41171],[105.69681,20.41159],[105.69978,20.41071],[105.70395,20.41053],[105.71057,20.40911],[105.71546,20.40807],[105.71641,20.40766],[105.72349,20.40462],[105.72917,20.39899],[105.73122,20.39313],[105.73072,20.387],[105.73066,20.3863],[105.73164,20.38576],[105.73377,20.38458],[105.73833,20.38419],[105.73936,20.3841],[105.74125,20.38412],[105.74202,20.38413],[105.74444,20.3832],[105.74574,20.3807],[105.74558,20.37946],[105.74481,20.37339],[105.74534,20.37227],[105.74741,20.36792],[105.74945,20.36698],[105.75375,20.36738],[105.75602,20.36956],[105.75667,20.37225],[105.75872,20.377],[105.75933,20.38128],[105.75942,20.38191],[105.75618,20.38786],[105.75483,20.39151],[105.75322,20.39611],[105.75307,20.39664],[105.75305,20.39685],[105.75288,20.39904],[105.75424,20.40398],[105.75355,20.40517],[105.75279,20.40737],[105.75296,20.4102],[105.7534,20.41241],[105.75439,20.41343],[105.75526,20.41381],[105.75607,20.41952],[105.75147,20.43245],[105.75232,20.43854],[105.75257,20.4393],[105.75169,20.43872],[105.75155,20.43882],[105.75144,20.43892],[105.75129,20.43908],[105.75121,20.43918],[105.75104,20.43941],[105.75095,20.43955],[105.75033,20.4408],[105.75004,20.44211],[105.74963,20.44448],[105.74936,20.44596],[105.74897,20.44798],[105.7476,20.45395],[105.74666,20.45771],[105.74527,20.46129],[105.74378,20.46494],[105.74286,20.46644],[105.74205,20.46985],[105.7415,20.47286],[105.74076,20.48138],[105.74059,20.48437],[105.74068,20.48604],[105.74104,20.48919],[105.74126,20.49168],[105.74028,20.49645],[105.73988,20.49727],[105.73964,20.49814],[105.73953,20.49924],[105.74016,20.5014],[105.74031,20.50168],[105.74066,20.5021],[105.74106,20.50239],[105.74158,20.50267],[105.74221,20.50295],[105.74288,20.5032],[105.7431,20.50327],[105.74332,20.50331],[105.7434,20.50333],[105.74416,20.50341],[105.74814,20.50444],[105.7498,20.50501],[105.75131,20.50562],[105.75742,20.50962],[105.75871,20.51394],[105.75884,20.51416],[105.75948,20.51494],[105.76054,20.51581],[105.7575,20.51912],[105.75291,20.52386],[105.75119,20.52382],[105.74777,20.52171],[105.74455,20.52337],[105.74296,20.52367],[105.74102,20.52345],[105.74089,20.52341],[105.74075,20.52328],[105.74057,20.52301],[105.74032,20.5226],[105.74028,20.52254],[105.74023,20.52232],[105.74018,20.522],[105.74018,20.52179],[105.74033,20.52047],[105.74039,20.51999],[105.74043,20.51967],[105.74067,20.51839],[105.73933,20.51734],[105.73421,20.51418],[105.73328,20.51368],[105.73324,20.5137],[105.73223,20.51472],[105.73215,20.51481],[105.73206,20.51492],[105.73147,20.51569],[105.73126,20.51596],[105.73119,20.5161],[105.73104,20.51664],[105.73097,20.51692],[105.73091,20.5172],[105.73087,20.51745],[105.73087,20.5175],[105.72468,20.52759],[105.72431,20.52732],[105.72393,20.5269],[105.72345,20.52613],[105.72318,20.5256],[105.72299,20.525],[105.72294,20.52456],[105.72348,20.52191],[105.7238,20.52051],[105.72387,20.52021],[105.72386,20.51975],[105.72379,20.51937],[105.72357,20.51907],[105.72345,20.51891],[105.72304,20.51867],[105.72282,20.5186],[105.72237,20.51847],[105.72221,20.51842],[105.72215,20.51841],[105.72132,20.51822],[105.72057,20.51822],[105.71938,20.51858],[105.719,20.51877],[105.7162,20.52035],[105.71482,20.5213],[105.71387,20.52218],[105.71346,20.52263],[105.71328,20.52331],[105.71328,20.52332],[105.71321,20.52383],[105.71304,20.52537],[105.71351,20.52845],[105.7137,20.52993],[105.71362,20.53246],[105.71294,20.54775],[105.7129,20.54817],[105.71269,20.54873],[105.71258,20.54895],[105.71245,20.5491],[105.71219,20.54934],[105.712,20.54947],[105.70912,20.55062],[105.70815,20.551],[105.7069,20.55131],[105.70678,20.55133],[105.70153,20.55182],[105.69974,20.55157],[105.69336,20.55296],[105.69138,20.5534]]]},"properties":{"commune_code":"05425","commune_name":"Xã An Bình","commune_kind":"XA","province_code":"25","province_name":"Tỉnh Phú Thọ","area_km2":127.41,"valid_from":"16/6/2025","published":"13/07/2025","area_km2_geom":127.18168092371451,"quality_flag":null,"population":18952.0,"population_wp":17752.532530479133,"anchor_ratio":1.067565991920393,"pop_source":"WORLDPOP2025_ANCHORED_VNSDI","pop_density_ppkm2":149.01517154320123,"n_stations":0,"n_ports":0,"power_kw_site":0.0,"ports_per_10k_pop":0.0,"util_mean_port_weighted":null,"dist_station_m_pop_weighted":11268.615279095195}},{"type":"Feature","geometry":{"type":"Polygon","coordinates":[[[105.33997,21.34952],[105.33735,21.35005],[105.33714,21.34909],[105.33691,21.34716],[105.33872,21.34398],[105.33901,21.34008],[105.33766,21.33521],[105.33651,21.33129],[105.33456,21.32618],[105.33183,21.32015],[105.33139,21.31866],[105.33109,21.31695],[105.33119,21.31598],[105.33119,21.31598],[105.33823,21.31223],[105.3474,21.31252],[105.34915,21.31238],[105.35312,21.31111],[105.35561,21.31003],[105.35548,21.30942],[105.35415,21.30707],[105.35494,21.30622],[105.357,21.30761],[105.36645,21.31508],[105.36593,21.31943],[105.36619,21.3201],[105.36713,21.32154],[105.36735,21.32186],[105.36769,21.32234],[105.36809,21.32249],[105.36876,21.32237],[105.36894,21.32234],[105.37122,21.32177],[105.37127,21.32175],[105.37131,21.32174],[105.37135,21.32172],[105.3714,21.32169],[105.37144,21.32166],[105.37201,21.32107],[105.372,21.32099],[105.372,21.32097],[105.37194,21.32082],[105.37182,21.32048],[105.37107,21.3191],[105.37056,21.31879],[105.37045,21.31885],[105.37016,21.31901],[105.36999,21.31909],[105.36961,21.31926],[105.36935,21.31937],[105.36871,21.31925],[105.36852,21.31899],[105.36836,21.31874],[105.36802,21.31784],[105.36795,21.31761],[105.36806,21.31724],[105.36822,21.31698],[105.36993,21.31682],[105.37105,21.31688],[105.37161,21.31789],[105.37194,21.32051],[105.37327,21.32242],[105.37464,21.3241],[105.3751,21.32383],[105.37946,21.32329],[105.38023,21.32326],[105.38093,21.32327],[105.38149,21.32363],[105.38851,21.32831],[105.38989,21.33031],[105.38909,21.33371],[105.3886,21.3349],[105.38831,21.33556],[105.38813,21.33544],[105.3851,21.33652],[105.37246,21.34082],[105.36625,21.34284],[105.36498,21.3438],[105.36243,21.3442],[105.36232,21.34421],[105.36126,21.34423],[105.36086,21.34424],[105.36058,21.34424],[105.3604,21.3442],[105.36031,21.34414],[105.36006,21.34261],[105.359,21.34149],[105.35545,21.34105],[105.35505,21.34104],[105.35435,21.34195],[105.34899,21.34449],[105.34602,21.34546],[105.34402,21.34659],[105.33997,21.34952]]]},"properties":{"commune_code":"07894","commune_name":"Phường Nông Trang","commune_kind":"PHUONG","province_code":"25","province_name":"Tỉnh Phú Thọ","area_km2":15.89,"valid_from":"16/6/2025","published":"13/07/2025","area_km2_geom":15.76347406753363,"quality_flag":null,"population":57770.0,"population_wp":62144.270982541144,"anchor_ratio":0.9296110339154183,"pop_source":"WORLDPOP2025_ANCHORED_VNSDI","pop_density_ppkm2":3664.8012838098166,"n_stations":11,"n_ports":109,"power_kw_site":2338.5,"ports_per_10k_pop":18.867924528301888,"util_mean_port_weighted":0.11172417456441107,"dist_station_m_pop_weighted":1098.7297496687631}},{"type":"Feature","geometry":{"type":"Polygon","coordinates":[[[105.42603,21.33652],[105.40184,21.35031],[105.39809,21.3475],[105.39775,21.34771],[105.39277,21.3474],[105.38963,21.34505],[105.38667,21.34209],[105.38529,21.33818],[105.3851,21.33652],[105.38813,21.33544],[105.38831,21.33556],[105.3886,21.3349],[105.38909,21.33371],[105.38989,21.33031],[105.38851,21.32831],[105.38149,21.32363],[105.38093,21.32327],[105.38023,21.32326],[105.37946,21.32329],[105.3751,21.32383],[105.37464,21.3241],[105.37327,21.32242],[105.37194,21.32051],[105.37161,21.31789],[105.37105,21.31688],[105.36993,21.31682],[105.36822,21.31698],[105.36806,21.31724],[105.36795,21.31761],[105.36802,21.31784],[105.36836,21.31874],[105.36852,21.31899],[105.36871,21.31925],[105.36935,21.31937],[105.36961,21.31926],[105.36999,21.31909],[105.37016,21.31901],[105.37045,21.31885],[105.37056,21.31879],[105.37107,21.3191],[105.37182,21.32048],[105.37194,21.32082],[105.372,21.32097],[105.372,21.32099],[105.37201,21.32107],[105.37144,21.32166],[105.3714,21.32169],[105.37135,21.32172],[105.37131,21.32174],[105.37127,21.32175],[105.37122,21.32177],[105.36894,21.32234],[105.36876,21.32237],[105.36809,21.32249],[105.36769,21.32234],[105.36735,21.32186],[105.36713,21.32154],[105.36619,21.3201],[105.36593,21.31943],[105.36645,21.31508],[105.357,21.30761],[105.35494,21.30622],[105.35471,21.30592],[105.35366,21.30383],[105.35365,21.30383],[105.35127,21.29412],[105.35703,21.28973],[105.35388,21.27987],[105.3535,21.27745],[105.35371,21.27718],[105.35587,21.2757],[105.35608,21.27182],[105.35845,21.27679],[105.36229,21.2829],[105.36366,21.28394],[105.36979,21.28857],[105.38212,21.29711],[105.38698,21.30119],[105.38723,21.3014],[105.38979,21.30354],[105.39167,21.30375],[105.39219,21.30723],[105.39355,21.31022],[105.39515,21.31333],[105.39651,21.31485],[105.39744,21.31589],[105.39917,21.31755],[105.39917,21.31755],[105.40175,21.31999],[105.40176,21.31999],[105.40257,21.32057],[105.40282,21.32057],[105.40282,21.32057],[105.40865,21.31909],[105.40865,21.31909],[105.41029,21.31842],[105.41099,21.31785],[105.41202,21.31699],[105.41227,21.31678],[105.41227,21.31678],[105.41306,21.316],[105.41306,21.316],[105.41355,21.31545],[105.41355,21.31545],[105.41402,21.3148],[105.41404,21.31473],[105.41404,21.31467],[105.41645,21.31231],[105.42018,21.31443],[105.42177,21.31525],[105.42177,21.31525],[105.42246,21.31557],[105.42458,21.31656],[105.42897,21.31854],[105.43023,21.32194],[105.43279,21.32221],[105.43415,21.32339],[105.4356,21.32483],[105.43601,21.32499],[105.43739,21.32473],[105.43794,21.32433],[105.439,21.32357],[105.439,21.32357],[105.43905,21.32353],[105.44003,21.32271],[105.44004,21.3227],[105.44008,21.32267],[105.44108,21.32178],[105.44108,21.32178],[105.44108,21.32178],[105.44148,21.3214],[105.44225,21.32071],[105.44225,21.32071],[105.44244,21.32086],[105.44286,21.32122],[105.44363,21.32187],[105.44565,21.32358],[105.44565,21.32358],[105.43537,21.33222],[105.42603,21.33652]]]},"properties":{"commune_code":"07900","commune_name":"Phường Việt Trì","commune_kind":"PHUONG","province_code":"25","province_name":"Tỉnh Phú Thọ","area_km2":25.83,"valid_from":"16/6/2025","published":"13/07/2025","area_km2_geom":26.838192210000006,"quality_flag":null,"population":73006.0,"population_wp":76911.65537203848,"anchor_ratio":0.9492189401834354,"pop_source":"WORLDPOP2025_ANCHORED_VNSDI","pop_density_ppkm2":2720.227928496529,"n_stations":5,"n_ports":57,"power_kw_site":1595.5,"ports_per_10k_pop":7.807577459386899,"util_mean_port_weighted":0.22104981004536947,"dist_station_m_pop_weighted":1385.4737794213406}},{"type":"Feature","geometry":{"type":"Polygon","coordinates":[[[105.43739,21.32473],[105.43601,21.32499],[105.4356,21.32483],[105.43415,21.32339],[105.43279,21.32221],[105.43023,21.32194],[105.42897,21.31854],[105.42458,21.31656],[105.42246,21.31557],[105.42177,21.31525],[105.42177,21.31525],[105.42018,21.31443],[105.41645,21.31231],[105.41404,21.31467],[105.41404,21.31473],[105.41402,21.3148],[105.41355,21.31545],[105.41355,21.31545],[105.41306,21.316],[105.41306,21.316],[105.41227,21.31678],[105.41227,21.31678],[105.41202,21.31699],[105.41099,21.31785],[105.41029,21.31842],[105.40865,21.31909],[105.40865,21.31909],[105.40282,21.32057],[105.40282,21.32057],[105.40257,21.32057],[105.40176,21.31999],[105.40175,21.31999],[105.39917,21.31755],[105.39917,21.31755],[105.39744,21.31589],[105.39651,21.31485],[105.39515,21.31333],[105.39355,21.31022],[105.39219,21.30723],[105.39167,21.30375],[105.3982,21.30281],[105.40317,21.30117],[105.4135,21.29775],[105.42343,21.29294],[105.42979,21.28791],[105.43767,21.27952],[105.44326,21.2721],[105.44525,21.26297],[105.44709,21.26297],[105.45133,21.26296],[105.45287,21.269],[105.4546,21.27591],[105.4548,21.28678],[105.45477,21.28747],[105.45434,21.2888],[105.45341,21.29055],[105.45185,21.29992],[105.45209,21.29999],[105.45313,21.3003],[105.45369,21.30069],[105.45463,21.30134],[105.45543,21.30248],[105.45548,21.30259],[105.45643,21.30472],[105.45672,21.30654],[105.45671,21.30679],[105.45664,21.30861],[105.45418,21.31431],[105.45371,21.31541],[105.44601,21.32328],[105.44565,21.32358],[105.44363,21.32187],[105.44286,21.32122],[105.44244,21.32086],[105.44225,21.32071],[105.44225,21.32071],[105.44148,21.3214],[105.44108,21.32178],[105.44108,21.32178],[105.44108,21.32178],[105.44008,21.32267],[105.44004,21.3227],[105.44003,21.32271],[105.43905,21.32353],[105.439,21.32357],[105.439,21.32357],[105.43794,21.32433],[105.43739,21.32473]]]},"properties":{"commune_code":"07909","commune_name":"Phường Thanh Miếu","commune_kind":"PHUONG","province_code":"25","province_name":"Tỉnh Phú Thọ","area_km2":19.57,"valid_from":"16/6/2025","published":"13/07/2025","area_km2_geom":21.592041314678106,"quality_flag":null,"population":58548.0,"population_wp":61570.31031611748,"anchor_ratio":0.950912862049904,"pop_source":"WORLDPOP2025_ANCHORED_VNSDI","pop_density_ppkm2":2711.554648619513,"n_stations":8,"n_ports":44,"power_kw_site":1711.5,"ports_per_10k_pop":7.515201202432192,"util_mean_port_weighted":0.2613723269703984,"dist_station_m_pop_weighted":1113.8715732417147}},{"type":"Feature","geometry":{"type":"Polygon","coordinates":[[[105.36581,21.39499],[105.36008,21.3981],[105.35737,21.3965],[105.35522,21.39385],[105.35092,21.38815],[105.35026,21.38694],[105.34891,21.38267],[105.34499,21.37762],[105.34327,21.3772],[105.33982,21.37477],[105.33949,21.37425],[105.34296,21.36964],[105.34367,21.36867],[105.34386,21.3684],[105.34346,21.36623],[105.34334,21.36597],[105.34327,21.36587],[105.34321,21.36581],[105.34261,21.3653],[105.33712,21.36254],[105.33532,21.36209],[105.33436,21.35843],[105.3363,21.35512],[105.33745,21.35308],[105.33735,21.35005],[105.33997,21.34952],[105.34402,21.34659],[105.34602,21.34546],[105.34899,21.34449],[105.35435,21.34195],[105.35505,21.34104],[105.35545,21.34105],[105.359,21.34149],[105.36006,21.34261],[105.36031,21.34414],[105.3604,21.3442],[105.36058,21.34424],[105.36086,21.34424],[105.36126,21.34423],[105.36232,21.34421],[105.36243,21.3442],[105.36498,21.3438],[105.36625,21.34284],[105.37246,21.34082],[105.3851,21.33652],[105.38529,21.33818],[105.38667,21.34209],[105.38963,21.34505],[105.39277,21.3474],[105.39775,21.34771],[105.39809,21.3475],[105.40184,21.35031],[105.39897,21.3538],[105.39393,21.36127],[105.39239,21.36712],[105.39227,21.36759],[105.39061,21.36991],[105.38895,21.37273],[105.38697,21.37606],[105.38414,21.37587],[105.38233,21.37463],[105.38123,21.3743],[105.37811,21.37411],[105.37597,21.37472],[105.37329,21.37577],[105.37304,21.37618],[105.3721,21.37893],[105.37101,21.38173],[105.36819,21.3859],[105.36786,21.3864],[105.36806,21.38697],[105.36988,21.38936],[105.37216,21.39096],[105.37333,21.3912],[105.37321,21.39222],[105.37311,21.39275],[105.37296,21.39339],[105.37285,21.3937],[105.37272,21.39398],[105.37256,21.39426],[105.3724,21.39447],[105.3722,21.39468],[105.37195,21.39487],[105.37081,21.39521],[105.36581,21.39499]]]},"properties":{"commune_code":"07918","commune_name":"Phường Vân Phú","commune_kind":"PHUONG","province_code":"25","province_name":"Tỉnh Phú Thọ","area_km2":26.26,"valid_from":"16/6/2025","published":"13/07/2025","area_km2_geom":25.801830389530803,"quality_flag":null,"population":37450.0,"population_wp":29184.295237911865,"anchor_ratio":1.283224408700148,"pop_source":"WORLDPOP2025_ANCHORED_VNSDI","pop_density_ppkm2":1451.4474141801772,"n_stations":5,"n_ports":28,"power_kw_site":937.5,"ports_per_10k_pop":7.4766355140186915,"util_mean_port_weighted":0.22051933068089322,"dist_station_m_pop_weighted":2558.224125758596}},{"type":"Feature","geometry":{"type":"Polygon","coordinates":[[[105.22956,21.46607],[105.22956,21.46607],[105.22911,21.46198],[105.22719,21.45852],[105.22361,21.45476],[105.22118,21.45082],[105.21926,21.44622],[105.21925,21.44282],[105.21925,21.44192],[105.21886,21.43983],[105.2117,21.4338],[105.2087,21.43261],[105.20411,21.43142],[105.20053,21.42933],[105.19848,21.4264],[105.19701,21.42348],[105.19611,21.41971],[105.20069,21.41735],[105.20155,21.41684],[105.202,21.41649],[105.20228,21.41628],[105.2025,21.41605],[105.20268,21.41581],[105.20277,21.41568],[105.20326,21.41465],[105.2029,21.41451],[105.2013,21.41348],[105.19906,21.41172],[105.19564,21.40732],[105.19527,21.4066],[105.19518,21.40629],[105.19514,21.40575],[105.19524,21.40533],[105.19602,21.40398],[105.19802,21.40119],[105.20521,21.4005],[105.21303,21.40015],[105.21325,21.39999],[105.21479,21.39926],[105.21496,21.3992],[105.21591,21.39897],[105.21606,21.39894],[105.21622,21.39892],[105.21632,21.39894],[105.21663,21.399],[105.21672,21.39903],[105.21679,21.39905],[105.21791,21.4004],[105.21867,21.40191],[105.21917,21.40203],[105.21968,21.40213],[105.22009,21.4022],[105.22069,21.40227],[105.22215,21.40239],[105.22161,21.40442],[105.22151,21.4048],[105.22143,21.40515],[105.2214,21.40536],[105.22327,21.407],[105.22731,21.40939],[105.22784,21.40971],[105.23115,21.40877],[105.23306,21.40798],[105.23353,21.40778],[105.23424,21.40741],[105.23482,21.40704],[105.23531,21.40659],[105.23568,21.40621],[105.23602,21.40574],[105.23734,21.40574],[105.24086,21.40593],[105.24093,21.40594],[105.24256,21.40646],[105.24289,21.40662],[105.24362,21.40728],[105.2464,21.41002],[105.24828,21.41307],[105.24896,21.41584],[105.25056,21.4229],[105.25189,21.42959],[105.25025,21.43297],[105.2487,21.43542],[105.24434,21.43887],[105.23854,21.43947],[105.23467,21.43855],[105.23334,21.43815],[105.23229,21.43939],[105.23229,21.43942],[105.23253,21.44239],[105.23258,21.44276],[105.23279,21.44324],[105.23291,21.44345],[105.23355,21.4442],[105.23386,21.44438],[105.23613,21.44537],[105.23695,21.44561],[105.23731,21.44571],[105.23783,21.4459],[105.23824,21.44615],[105.23838,21.44624],[105.23923,21.44678],[105.23966,21.44709],[105.23987,21.4477],[105.24002,21.44814],[105.24017,21.4486],[105.24045,21.44993],[105.2403,21.45062],[105.2401,21.45144],[105.23978,21.45202],[105.23931,21.4525],[105.23907,21.45299],[105.23907,21.45304],[105.23921,21.45381],[105.23931,21.45437],[105.23953,21.45486],[105.23995,21.45582],[105.2401,21.45616],[105.24027,21.45644],[105.24052,21.45676],[105.24094,21.4571],[105.24148,21.45751],[105.2419,21.45764],[105.24156,21.4587],[105.24073,21.45861],[105.23926,21.45739],[105.23899,21.45749],[105.23866,21.45762],[105.23654,21.46099],[105.23604,21.46336],[105.22956,21.46607]]]},"properties":{"commune_code":"07942","commune_name":"Phường Phú Thọ","commune_kind":"PHUONG","province_code":"25","province_name":"Tỉnh Phú Thọ","area_km2":23.07,"valid_from":"16/6/2025","published":"13/07/2025","area_km2_geom":23.130499951276104,"quality_flag":null,"population":27957.000000000004,"population_wp":26506.919063139707,"anchor_ratio":1.0547057518607195,"pop_source":"WORLDPOP2025_ANCHORED_VNSDI","pop_density_ppkm2":1208.6638878922124,"n_stations":5,"n_ports":27,"power_kw_site":977.0,"ports_per_10k_pop":9.657688593196694,"util_mean_port_weighted":0.2987624359171923,"dist_station_m_pop_weighted":1960.3040767068087}},{"type":"Feature","geometry":{"type":"Polygon","coordinates":[[[105.20069,21.41735],[105.19611,21.41971],[105.19509,21.41888],[105.19113,21.41799],[105.18685,21.41733],[105.18343,21.4176],[105.1797,21.41412],[105.17781,21.41134],[105.17536,21.4077],[105.17551,21.40763],[105.17844,21.40621],[105.18073,21.40525],[105.18389,21.40476],[105.1856,21.40432],[105.18721,21.40358],[105.1874,21.4003],[105.18375,21.40024],[105.18263,21.39573],[105.1826,21.39385],[105.1826,21.39385],[105.18263,21.39375],[105.18336,21.39321],[105.18769,21.39533],[105.19016,21.39621],[105.19349,21.39592],[105.19213,21.39152],[105.1924,21.38944],[105.19737,21.38438],[105.20074,21.37987],[105.20006,21.37718],[105.19884,21.36592],[105.19947,21.36514],[105.19988,21.36491],[105.20008,21.3648],[105.20161,21.36506],[105.20756,21.3675],[105.21444,21.36791],[105.21402,21.37818],[105.21567,21.38309],[105.21771,21.38548],[105.21903,21.3865],[105.22119,21.38815],[105.224,21.39118],[105.22215,21.40239],[105.22069,21.40227],[105.22009,21.4022],[105.21968,21.40213],[105.21917,21.40203],[105.21867,21.40191],[105.21791,21.4004],[105.21679,21.39905],[105.21672,21.39903],[105.21663,21.399],[105.21632,21.39894],[105.21622,21.39892],[105.21606,21.39894],[105.21591,21.39897],[105.21496,21.3992],[105.21479,21.39926],[105.21325,21.39999],[105.21303,21.40015],[105.20521,21.4005],[105.19802,21.40119],[105.19602,21.40398],[105.19524,21.40533],[105.19514,21.40575],[105.19518,21.40629],[105.19527,21.4066],[105.19564,21.40732],[105.19906,21.41172],[105.2013,21.41348],[105.2029,21.41451],[105.20326,21.41465],[105.20277,21.41568],[105.20268,21.41581],[105.2025,21.41605],[105.20228,21.41628],[105.202,21.41649],[105.20155,21.41684],[105.20069,21.41735]]]},"properties":{"commune_code":"07948","commune_name":"Phường Âu Cơ","commune_kind":"PHUONG","province_code":"25","province_name":"Tỉnh Phú Thọ","area_km2":12.51,"valid_from":"16/6/2025","published":"13/07/2025","area_km2_geom":12.511839640535388,"quality_flag":null,"population":18951.0,"population_wp":17092.02267380804,"anchor_ratio":1.1087628633351085,"pop_source":"WORLDPOP2025_ANCHORED_VNSDI","pop_density_ppkm2":1514.645371461065,"n_stations":0,"n_ports":0,"power_kw_site":0.0,"ports_per_10k_pop":0.0,"util_mean_port_weighted":null,"dist_station_m_pop_weighted":2325.2890828532068}},{"type":"Feature","geometry":{"type":"Polygon","coordinates":[[[105.25618,21.4594],[105.25439,21.46048],[105.24707,21.46014],[105.2419,21.45764],[105.24148,21.45751],[105.24094,21.4571],[105.24052,21.45676],[105.24027,21.45644],[105.2401,21.45616],[105.23995,21.45582],[105.23953,21.45486],[105.23931,21.45437],[105.23921,21.45381],[105.23907,21.45304],[105.23907,21.45299],[105.23931,21.4525],[105.23978,21.45202],[105.2401,21.45144],[105.2403,21.45062],[105.24045,21.44993],[105.24017,21.4486],[105.24002,21.44814],[105.23987,21.4477],[105.23966,21.44709],[105.23923,21.44678],[105.23838,21.44624],[105.23824,21.44615],[105.23783,21.4459],[105.23731,21.44571],[105.23695,21.44561],[105.23613,21.44537],[105.23386,21.44438],[105.23355,21.4442],[105.23291,21.44345],[105.23279,21.44324],[105.23258,21.44276],[105.23253,21.44239],[105.23229,21.43942],[105.23229,21.43939],[105.23334,21.43815],[105.23467,21.43855],[105.23854,21.43947],[105.24434,21.43887],[105.2487,21.43542],[105.25025,21.43297],[105.25189,21.42959],[105.25056,21.4229],[105.24896,21.41584],[105.24828,21.41307],[105.2464,21.41002],[105.24362,21.40728],[105.24289,21.40662],[105.24256,21.40646],[105.24093,21.40594],[105.24086,21.40593],[105.23734,21.40574],[105.23602,21.40574],[105.23568,21.40621],[105.23531,21.40659],[105.23482,21.40704],[105.23424,21.40741],[105.23353,21.40778],[105.23306,21.40798],[105.23115,21.40877],[105.22784,21.40971],[105.22731,21.40939],[105.22327,21.407],[105.2214,21.40536],[105.22143,21.40515],[105.22151,21.4048],[105.22161,21.40442],[105.22215,21.40239],[105.224,21.39118],[105.2273,21.39434],[105.22737,21.39441],[105.22749,21.39446],[105.2322,21.39671],[105.23338,21.39727],[105.2381,21.39595],[105.23903,21.39489],[105.24243,21.39104],[105.24637,21.38446],[105.24866,21.38015],[105.24976,21.38159],[105.25185,21.38348],[105.25258,21.38414],[105.2578,21.38426],[105.26351,21.38455],[105.26558,21.38498],[105.26622,21.38557],[105.27084,21.39072],[105.27374,21.39445],[105.27539,21.39844],[105.27463,21.40284],[105.27523,21.40492],[105.27746,21.40732],[105.27882,21.40832],[105.28033,21.40945],[105.28112,21.40995],[105.27882,21.41308],[105.27663,21.41476],[105.27554,21.41701],[105.27551,21.41708],[105.27454,21.41952],[105.27447,21.422],[105.27642,21.42541],[105.27827,21.42851],[105.27914,21.43157],[105.27838,21.4342],[105.27782,21.43626],[105.27777,21.43702],[105.28176,21.43797],[105.27997,21.44242],[105.28193,21.44333],[105.28271,21.44312],[105.2837,21.44475],[105.28375,21.44535],[105.28343,21.44569],[105.28054,21.44775],[105.2805,21.4489],[105.278,21.45013],[105.27401,21.45194],[105.27294,21.45134],[105.26829,21.45372],[105.2642,21.45495],[105.26279,21.45478],[105.262,21.45461],[105.25692,21.45766],[105.25665,21.45816],[105.25618,21.4594]]]},"properties":{"commune_code":"07954","commune_name":"Phường Phong Châu","commune_kind":"PHUONG","province_code":"25","province_name":"Tỉnh Phú Thọ","area_km2":29.61,"valid_from":"16/6/2025","published":"13/07/2025","area_km2_geom":29.66820278821294,"quality_flag":null,"population":32519.000000000004,"population_wp":28266.156399279833,"anchor_ratio":1.1504570887051528,"pop_source":"WORLDPOP2025_ANCHORED_VNSDI","pop_density_ppkm2":1096.089312592931,"n_stations":4,"n_ports":64,"power_kw_site":2017.5,"ports_per_10k_pop":19.6808019926812,"util_mean_port_weighted":0.039671989029784936,"dist_station_m_pop_weighted":2116.3358535172074}},{"type":"Feature","geometry":{"type":"Polygon","coordinates":[[[105.18712,21.64585],[105.1853,21.64683],[105.18294,21.64678],[105.18293,21.64466],[105.18284,21.64405],[105.1824,21.64112],[105.18238,21.64098],[105.18228,21.64087],[105.17952,21.63773],[105.1782,21.63698],[105.17807,21.63691],[105.1779,21.63688],[105.17774,21.63687],[105.17312,21.63727],[105.17085,21.63565],[105.1698,21.63418],[105.16701,21.63236],[105.16688,21.63228],[105.16579,21.63174],[105.16549,21.63162],[105.1619,21.63136],[105.16176,21.63136],[105.16153,21.6314],[105.16136,21.63146],[105.16034,21.63182],[105.16029,21.6324],[105.16027,21.63302],[105.16025,21.63375],[105.15604,21.63614],[105.14854,21.6376],[105.14697,21.63717],[105.14671,21.63708],[105.14638,21.63693],[105.14631,21.63684],[105.14627,21.63678],[105.1458,21.63528],[105.14581,21.63513],[105.14587,21.635],[105.14622,21.63475],[105.14697,21.63422],[105.14717,21.63354],[105.14718,21.63193],[105.14714,21.63169],[105.14707,21.63142],[105.147,21.63121],[105.14694,21.63102],[105.14637,21.62974],[105.14452,21.62727],[105.14144,21.62448],[105.1369,21.62273],[105.13677,21.62273],[105.13644,21.62267],[105.13623,21.62261],[105.13609,21.62257],[105.13583,21.62245],[105.1348,21.62145],[105.13471,21.62131],[105.13289,21.61852],[105.13549,21.60877],[105.13686,21.60627],[105.13725,21.60558],[105.13843,21.60449],[105.13864,21.60433],[105.13941,21.60392],[105.14046,21.60344],[105.14104,21.60329],[105.14157,21.60318],[105.14189,21.60313],[105.14288,21.60243],[105.1454,21.59972],[105.14586,21.59889],[105.14593,21.59872],[105.14616,21.59746],[105.14622,21.59655],[105.14626,21.59546],[105.14651,21.59428],[105.1466,21.59418],[105.14733,21.59381],[105.14756,21.59373],[105.14781,21.59369],[105.14849,21.59376],[105.15021,21.59316],[105.16112,21.59008],[105.16142,21.59002],[105.16164,21.59001],[105.16195,21.59004],[105.16221,21.59012],[105.16247,21.59027],[105.16259,21.59038],[105.1654,21.59407],[105.16606,21.59499],[105.16666,21.59628],[105.16722,21.59956],[105.16823,21.60201],[105.16861,21.6023],[105.17348,21.60161],[105.17671,21.59889],[105.18064,21.59567],[105.19073,21.59466],[105.191,21.59466],[105.19126,21.59473],[105.19298,21.59519],[105.1943,21.5959],[105.19657,21.59809],[105.1993,21.60092],[105.20374,21.60478],[105.20624,21.60302],[105.20792,21.60184],[105.22407,21.59799],[105.22806,21.5977],[105.23964,21.59854],[105.24334,21.59806],[105.24488,21.5971],[105.25029,21.60217],[105.25154,21.60565],[105.2508,21.61075],[105.24856,21.61447],[105.24648,21.61597],[105.24533,21.61679],[105.23886,21.61773],[105.23592,21.6179],[105.23463,21.61797],[105.23335,21.61862],[105.2314,21.6196],[105.22643,21.62587],[105.22473,21.6303],[105.22589,21.63117],[105.22348,21.63051],[105.22098,21.63052],[105.21711,21.63201],[105.21226,21.63468],[105.20496,21.6412],[105.20471,21.64143],[105.20082,21.64258],[105.19653,21.64316],[105.19141,21.64183],[105.18985,21.64411],[105.18712,21.64585]]]},"properties":{"commune_code":"07969","commune_name":"Xã Đoan Hùng","commune_kind":"XA","province_code":"25","province_name":"Tỉnh Phú Thọ","area_km2":44.8,"valid_from":"16/6/2025","published":"13/07/2025","area_km2_geom":44.96704139754039,"quality_flag":null,"population":30508.999999999996,"population_wp":27284.167394634336,"anchor_ratio":1.1181942831064675,"pop_source":"WORLDPOP2025_ANCHORED_VNSDI","pop_density_ppkm2":678.4747017327402,"n_stations":5,"n_ports":36,"power_kw_site":875.0,"ports_per_10k_pop":11.799796781277657,"util_mean_port_weighted":0.09799571400335716,"dist_station_m_pop_weighted":2780.883689965071}},{"type":"Feature","geometry":{"type":"Polygon","coordinates":[[[105.0362,21.69915],[105.03474,21.69989],[105.03406,21.69989],[105.03328,21.69989],[105.03089,21.69927],[105.0293,21.6963],[105.02677,21.69358],[105.02346,21.69123],[105.02149,21.6894],[105.02487,21.68994],[105.02909,21.68628],[105.03307,21.68083],[105.03311,21.67989],[105.03277,21.67903],[105.0315,21.67753],[105.0292,21.67638],[105.02759,21.67548],[105.02701,21.67409],[105.02594,21.67032],[105.02513,21.66695],[105.02467,21.66458],[105.02344,21.66136],[105.02256,21.66114],[105.02087,21.66089],[105.02026,21.66053],[105.02007,21.65996],[105.02014,21.65723],[105.02041,21.65548],[105.02029,21.65368],[105.0183,21.64881],[105.01742,21.64748],[105.01673,21.64476],[105.01722,21.64303],[105.0193,21.6411],[105.02286,21.63869],[105.02351,21.63891],[105.02551,21.64013],[105.02666,21.64077],[105.02708,21.64056],[105.03088,21.63808],[105.03299,21.63618],[105.03391,21.63475],[105.03475,21.63238],[105.03456,21.63116],[105.03314,21.6293],[105.03268,21.62876],[105.03268,21.62797],[105.03421,21.62686],[105.03742,21.62621],[105.04336,21.62291],[105.04382,21.62205],[105.04344,21.62091],[105.04206,21.61886],[105.04217,21.61782],[105.04608,21.61459],[105.04731,21.6138],[105.04896,21.61359],[105.05018,21.61391],[105.05406,21.61606],[105.05759,21.61649],[105.0613,21.61609],[105.06403,21.61548],[105.06966,21.61165],[105.07524,21.60774],[105.07683,21.60677],[105.08227,21.60332],[105.08664,21.60059],[105.08798,21.60013],[105.09101,21.59966],[105.09335,21.60009],[105.09711,21.60012],[105.10041,21.59965],[105.10232,21.59778],[105.10357,21.59842],[105.10446,21.59889],[105.10553,21.5995],[105.10564,21.59963],[105.10569,21.59975],[105.10572,21.5999],[105.1058,21.6003],[105.10667,21.60493],[105.10651,21.60853],[105.10701,21.61186],[105.10786,21.61462],[105.10836,21.61538],[105.10896,21.61617],[105.11237,21.61986],[105.11423,21.62118],[105.11548,21.62189],[105.11631,21.62444],[105.11709,21.62682],[105.11698,21.63365],[105.11548,21.6366],[105.1135,21.63441],[105.11045,21.63391],[105.10593,21.63455],[105.10119,21.63984],[105.10092,21.64011],[105.10026,21.64068],[105.10013,21.64074],[105.09897,21.64095],[105.09375,21.64148],[105.08927,21.63872],[105.08475,21.63741],[105.08454,21.63742],[105.08282,21.63794],[105.08233,21.63813],[105.08215,21.63838],[105.07872,21.6437],[105.07703,21.64746],[105.07716,21.64785],[105.07781,21.64864],[105.0792,21.65034],[105.08263,21.65158],[105.085,21.65407],[105.08258,21.65839],[105.07974,21.66303],[105.07862,21.66486],[105.07906,21.67174],[105.07932,21.67387],[105.07989,21.6743],[105.08446,21.67734],[105.08525,21.67778],[105.08653,21.67753],[105.08713,21.67742],[105.08925,21.6768],[105.08949,21.67673],[105.09087,21.67768],[105.09167,21.67851],[105.09271,21.67996],[105.08876,21.68107],[105.08478,21.68218],[105.08458,21.68219],[105.07575,21.68268],[105.06938,21.68516],[105.06487,21.68801],[105.06328,21.68949],[105.06237,21.68961],[105.06142,21.68974],[105.06106,21.68965],[105.05877,21.68912],[105.05651,21.68838],[105.05306,21.68863],[105.04642,21.69123],[105.04116,21.69444],[105.03952,21.69544],[105.03713,21.69779],[105.03678,21.6983],[105.0362,21.69915]]]},"properties":{"commune_code":"07996","commune_name":"Xã Bằng Luân","commune_kind":"XA","province_code":"25","province_name":"Tỉnh Phú Thọ","area_km2":59.77,"valid_from":"16/6/2025","published":"13/07/2025","area_km2_geom":59.810393798180215,"quality_flag":null,"population":16932.0,"population_wp":15326.578256592155,"anchor_ratio":1.1047475644289575,"pop_source":"WORLDPOP2025_ANCHORED_VNSDI","pop_density_ppkm2":283.09460822368254,"n_stations":0,"n_ports":0,"power_kw_site":0.0,"ports_per_10k_pop":0.0,"util_mean_port_weighted":null,"dist_station_m_pop_weighted":6053.174048726827}},{"type":"Feature","geometry":{"type":"Polygon","coordinates":[[[105.1007,21.71714],[105.09333,21.71967],[105.08821,21.71786],[105.08673,21.71725],[105.09061,21.71378],[105.09161,21.71159],[105.09144,21.70988],[105.08826,21.70801],[105.08659,21.70489],[105.08642,21.70333],[105.08675,21.70224],[105.08688,21.70218],[105.08943,21.70099],[105.09186,21.70089],[105.09328,21.70083],[105.09495,21.70005],[105.09612,21.69911],[105.09679,21.69802],[105.09896,21.69053],[105.0998,21.68741],[105.09913,21.68336],[105.09828,21.68056],[105.09815,21.68053],[105.09797,21.67982],[105.09778,21.67743],[105.09833,21.67681],[105.09862,21.67649],[105.10012,21.67602],[105.1028,21.67696],[105.10498,21.67758],[105.10535,21.67737],[105.10665,21.67664],[105.10749,21.67508],[105.10799,21.67056],[105.10832,21.669],[105.10983,21.66822],[105.11182,21.66852],[105.11568,21.66941],[105.12122,21.67188],[105.12653,21.6721],[105.12779,21.67276],[105.12831,21.67302],[105.1287,21.67322],[105.12966,21.67479],[105.13039,21.67794],[105.13256,21.67996],[105.13545,21.68034],[105.13692,21.6801],[105.13775,21.67956],[105.13846,21.6789],[105.13911,21.67778],[105.13922,21.67758],[105.13935,21.67621],[105.13884,21.67448],[105.13832,21.67256],[105.13928,21.67128],[105.14171,21.66898],[105.14369,21.66748],[105.14535,21.66686],[105.14561,21.66676],[105.14791,21.66634],[105.15262,21.66582],[105.15858,21.66382],[105.15992,21.6631],[105.16273,21.66156],[105.1631,21.66133],[105.16868,21.65791],[105.16964,21.65612],[105.16964,21.65477],[105.16868,21.65252],[105.16554,21.64916],[105.16481,21.64646],[105.16553,21.64444],[105.16735,21.6432],[105.16818,21.64264],[105.17107,21.64241],[105.17469,21.64353],[105.17547,21.64398],[105.17975,21.64645],[105.18294,21.64684],[105.18294,21.64678],[105.1853,21.64683],[105.18712,21.64585],[105.18985,21.64411],[105.19141,21.64183],[105.19653,21.64316],[105.20082,21.64258],[105.20471,21.64143],[105.20496,21.6412],[105.21226,21.63468],[105.21711,21.63201],[105.22098,21.63052],[105.22348,21.63051],[105.22589,21.63117],[105.22735,21.63157],[105.231,21.63453],[105.23374,21.63835],[105.23579,21.6428],[105.23671,21.64704],[105.23717,21.65192],[105.23513,21.65744],[105.23483,21.65887],[105.23059,21.65974],[105.22392,21.66119],[105.21396,21.66185],[105.20417,21.66314],[105.20388,21.66326],[105.20023,21.66474],[105.19744,21.66757],[105.19611,21.66891],[105.19315,21.67367],[105.18792,21.67759],[105.18153,21.68077],[105.17917,21.68327],[105.17758,21.68494],[105.1726,21.68767],[105.16745,21.68831],[105.16402,21.68752],[105.16144,21.68528],[105.15886,21.68272],[105.1584,21.68269],[105.15645,21.68256],[105.15589,21.68341],[105.15559,21.68384],[105.15439,21.68624],[105.15332,21.68969],[105.15319,21.69004],[105.15109,21.69572],[105.14935,21.69874],[105.14711,21.69967],[105.14312,21.69967],[105.13764,21.69875],[105.1344,21.69806],[105.13191,21.69876],[105.12908,21.70052],[105.12893,21.70061],[105.1247,21.70317],[105.11897,21.70503],[105.11483,21.7057],[105.11483,21.7057],[105.11175,21.7062],[105.10677,21.71038],[105.10522,21.71213],[105.1007,21.71714]]]},"properties":{"commune_code":"07999","commune_name":"Xã Chí Đám","commune_kind":"XA","province_code":"25","province_name":"Tỉnh Phú Thọ","area_km2":49.36,"valid_from":"16/6/2025","published":"13/07/2025","area_km2_geom":49.347936338800615,"quality_flag":null,"population":28005.0,"population_wp":25369.487150732428,"anchor_ratio":1.1038851449226668,"pop_source":"WORLDPOP2025_ANCHORED_VNSDI","pop_density_ppkm2":567.5009347448763,"n_stations":2,"n_ports":2,"power_kw_site":180.0,"ports_per_10k_pop":0.7141581860382075,"util_mean_port_weighted":0.32225063938618925,"dist_station_m_pop_weighted":3630.0951355932016}},{"type":"Feature","geometry":{"type":"Polygon","coordinates":[[[105.09797,21.67982],[105.09815,21.68053],[105.09271,21.67996],[105.09167,21.67851],[105.09087,21.67768],[105.08949,21.67673],[105.08925,21.6768],[105.08713,21.67742],[105.08653,21.67753],[105.08525,21.67778],[105.08446,21.67734],[105.07989,21.6743],[105.07932,21.67387],[105.07906,21.67174],[105.07862,21.66486],[105.07974,21.66303],[105.08258,21.65839],[105.085,21.65407],[105.08263,21.65158],[105.0792,21.65034],[105.07781,21.64864],[105.07716,21.64785],[105.07703,21.64746],[105.07872,21.6437],[105.08215,21.63838],[105.08233,21.63813],[105.08282,21.63794],[105.08454,21.63742],[105.08475,21.63741],[105.08927,21.63872],[105.09375,21.64148],[105.09897,21.64095],[105.10013,21.64074],[105.10026,21.64068],[105.10092,21.64011],[105.10119,21.63984],[105.10593,21.63455],[105.11045,21.63391],[105.1135,21.63441],[105.11548,21.6366],[105.11698,21.63365],[105.11709,21.62682],[105.11631,21.62444],[105.11548,21.62189],[105.11423,21.62118],[105.11237,21.61986],[105.10896,21.61617],[105.10836,21.61538],[105.10786,21.61462],[105.10701,21.61186],[105.10651,21.60853],[105.10667,21.60493],[105.1058,21.6003],[105.10572,21.5999],[105.10569,21.59975],[105.10564,21.59963],[105.10553,21.5995],[105.10446,21.59889],[105.10357,21.59842],[105.10232,21.59778],[105.10286,21.59725],[105.10332,21.5956],[105.10301,21.59463],[105.10236,21.59176],[105.10308,21.58473],[105.1048,21.58344],[105.10704,21.58198],[105.10857,21.57845],[105.10603,21.57485],[105.10597,21.57314],[105.10836,21.57319],[105.11191,21.57323],[105.11371,21.57061],[105.12085,21.57381],[105.12284,21.57476],[105.12663,21.5771],[105.12939,21.57987],[105.13368,21.58106],[105.1433,21.57963],[105.14599,21.57661],[105.14708,21.5784],[105.14742,21.58092],[105.14748,21.58142],[105.14743,21.58183],[105.14735,21.58231],[105.14722,21.58263],[105.14707,21.58293],[105.14677,21.58341],[105.14666,21.58358],[105.14685,21.58626],[105.14719,21.59032],[105.14756,21.5919],[105.14849,21.59376],[105.14781,21.59369],[105.14756,21.59373],[105.14733,21.59381],[105.1466,21.59418],[105.14651,21.59428],[105.14626,21.59546],[105.14622,21.59655],[105.14616,21.59746],[105.14593,21.59872],[105.14586,21.59889],[105.1454,21.59972],[105.14288,21.60243],[105.14189,21.60313],[105.14157,21.60318],[105.14104,21.60329],[105.14046,21.60344],[105.13941,21.60392],[105.13864,21.60433],[105.13843,21.60449],[105.13725,21.60558],[105.13686,21.60627],[105.13549,21.60877],[105.13289,21.61852],[105.13471,21.62131],[105.1348,21.62145],[105.13583,21.62245],[105.13609,21.62257],[105.13623,21.62261],[105.13644,21.62267],[105.13677,21.62273],[105.1369,21.62273],[105.14144,21.62448],[105.14452,21.62727],[105.14637,21.62974],[105.14694,21.63102],[105.147,21.63121],[105.14707,21.63142],[105.14714,21.63169],[105.14718,21.63193],[105.14717,21.63354],[105.14697,21.63422],[105.14622,21.63475],[105.14587,21.635],[105.14581,21.63513],[105.1458,21.63528],[105.14627,21.63678],[105.14631,21.63684],[105.14638,21.63693],[105.14671,21.63708],[105.14697,21.63717],[105.14854,21.6376],[105.15604,21.63614],[105.16025,21.63375],[105.16027,21.63302],[105.16029,21.6324],[105.16034,21.63182],[105.16136,21.63146],[105.16153,21.6314],[105.16176,21.63136],[105.1619,21.63136],[105.16549,21.63162],[105.16579,21.63174],[105.16688,21.63228],[105.16701,21.63236],[105.1698,21.63418],[105.17085,21.63565],[105.17312,21.63727],[105.17774,21.63687],[105.1779,21.63688],[105.17807,21.63691],[105.1782,21.63698],[105.17952,21.63773],[105.18228,21.64087],[105.18238,21.64098],[105.1824,21.64112],[105.18284,21.64405],[105.18293,21.64466],[105.18294,21.64678],[105.18294,21.64684],[105.17975,21.64645],[105.17547,21.64398],[105.17469,21.64353],[105.17107,21.64241],[105.16818,21.64264],[105.16735,21.6432],[105.16553,21.64444],[105.16481,21.64646],[105.16554,21.64916],[105.16868,21.65252],[105.16964,21.65477],[105.16964,21.65612],[105.16868,21.65791],[105.1631,21.66133],[105.16273,21.66156],[105.15992,21.6631],[105.15858,21.66382],[105.15262,21.66582],[105.14791,21.66634],[105.14561,21.66676],[105.14535,21.66686],[105.14369,21.66748],[105.14171,21.66898],[105.13928,21.67128],[105.13832,21.67256],[105.13884,21.67448],[105.13935,21.67621],[105.13922,21.67758],[105.13911,21.67778],[105.13846,21.6789],[105.13775,21.67956],[105.13692,21.6801],[105.13545,21.68034],[105.13256,21.67996],[105.13039,21.67794],[105.12966,21.67479],[105.1287,21.67322],[105.12831,21.67302],[105.12779,21.67276],[105.12653,21.6721],[105.12122,21.67188],[105.11568,21.66941],[105.11182,21.66852],[105.10983,21.66822],[105.10832,21.669],[105.10799,21.67056],[105.10749,21.67508],[105.10665,21.67664],[105.10535,21.67737],[105.10498,21.67758],[105.1028,21.67696],[105.10012,21.67602],[105.09862,21.67649],[105.09833,21.67681],[105.09778,21.67743],[105.09797,21.67982]]]},"properties":{"commune_code":"08023","commune_name":"Xã Tây Cốc","commune_kind":"XA","province_code":"25","province_name":"Tỉnh Phú Thọ","area_km2":59.07,"valid_from":"16/6/2025","published":"13/07/2025","area_km2_geom":59.5802040771166,"quality_flag":null,"population":21227.0,"population_wp":20281.07863665931,"anchor_ratio":1.0466405845708264,"pop_source":"WORLDPOP2025_ANCHORED_VNSDI","pop_density_ppkm2":356.2760539142364,"n_stations":0,"n_ports":0,"power_kw_site":0.0,"ports_per_10k_pop":0.0,"util_mean_port_weighted":null,"dist_station_m_pop_weighted":5398.231810766294}},{"type":"Feature","geometry":{"type":"Polygon","coordinates":[[[105.20624,21.60302],[105.20374,21.60478],[105.1993,21.60092],[105.19657,21.59809],[105.1943,21.5959],[105.19298,21.59519],[105.19126,21.59473],[105.191,21.59466],[105.19073,21.59466],[105.18064,21.59567],[105.17671,21.59889],[105.17348,21.60161],[105.16861,21.6023],[105.16823,21.60201],[105.16722,21.59956],[105.16666,21.59628],[105.16606,21.59499],[105.1654,21.59407],[105.16259,21.59038],[105.16247,21.59027],[105.16221,21.59012],[105.16195,21.59004],[105.16164,21.59001],[105.16142,21.59002],[105.16112,21.59008],[105.15021,21.59316],[105.14849,21.59376],[105.14756,21.5919],[105.14719,21.59032],[105.14685,21.58626],[105.14666,21.58358],[105.14677,21.58341],[105.14707,21.58293],[105.14722,21.58263],[105.14735,21.58231],[105.14743,21.58183],[105.14748,21.58142],[105.14742,21.58092],[105.14708,21.5784],[105.14599,21.57661],[105.15113,21.57052],[105.15473,21.56821],[105.15048,21.56084],[105.15012,21.55863],[105.15022,21.55842],[105.15181,21.55074],[105.1527,21.54673],[105.15551,21.5429],[105.15685,21.54213],[105.15934,21.54209],[105.1654,21.54469],[105.17087,21.54227],[105.17624,21.53976],[105.17662,21.53934],[105.1769,21.53909],[105.17747,21.53872],[105.17806,21.53841],[105.17868,21.53816],[105.17944,21.53794],[105.18349,21.53699],[105.18421,21.53683],[105.18454,21.53679],[105.18457,21.53678],[105.18493,21.53677],[105.18564,21.5368],[105.18812,21.53714],[105.18847,21.53718],[105.18909,21.53724],[105.19012,21.53727],[105.19114,21.53724],[105.19181,21.53716],[105.19221,21.53708],[105.19248,21.537],[105.19291,21.53688],[105.19394,21.5365],[105.19565,21.5358],[105.19633,21.5355],[105.19694,21.53523],[105.19784,21.53478],[105.1987,21.53427],[105.20595,21.5298],[105.2052,21.52859],[105.20414,21.52748],[105.20412,21.52746],[105.20333,21.52672],[105.20223,21.52612],[105.20189,21.52599],[105.20064,21.5258],[105.19949,21.52592],[105.19783,21.52353],[105.19572,21.51979],[105.19569,21.51905],[105.19613,21.51815],[105.2042,21.51261],[105.21083,21.5095],[105.21156,21.50955],[105.21271,21.51008],[105.21201,21.51263],[105.21328,21.51391],[105.21833,21.51075],[105.22255,21.512],[105.22768,21.51257],[105.2314,21.51353],[105.23496,21.51123],[105.23907,21.51374],[105.24014,21.51467],[105.2406,21.51707],[105.24168,21.51994],[105.24529,21.52438],[105.24717,21.5252],[105.25034,21.52597],[105.25312,21.52671],[105.26428,21.53299],[105.26491,21.53335],[105.26549,21.53376],[105.26575,21.534],[105.26622,21.53454],[105.26685,21.53541],[105.26951,21.53926],[105.27176,21.54293],[105.27065,21.54303],[105.26793,21.54494],[105.26679,21.54643],[105.2668,21.54813],[105.26748,21.55004],[105.27212,21.5538],[105.27295,21.55448],[105.27409,21.55724],[105.27409,21.55773],[105.2741,21.55936],[105.27357,21.56151],[105.27344,21.56203],[105.27242,21.56335],[105.26939,21.56477],[105.26859,21.56515],[105.26336,21.56814],[105.26079,21.57027],[105.25902,21.57174],[105.25869,21.57213],[105.25506,21.57641],[105.25041,21.5822],[105.24996,21.58275],[105.24979,21.58313],[105.24856,21.58586],[105.24755,21.59052],[105.24717,21.59399],[105.24628,21.59566],[105.24488,21.5971],[105.24334,21.59806],[105.23964,21.59854],[105.22806,21.5977],[105.22407,21.59799],[105.20792,21.60184],[105.20624,21.60302]]]},"properties":{"commune_code":"08038","commune_name":"Xã Chân Mộng","commune_kind":"XA","province_code":"25","province_name":"Tỉnh Phú Thọ","area_km2":89.85,"valid_from":"16/6/2025","published":"13/07/2025","area_km2_geom":89.89304488847857,"quality_flag":null,"population":38565.0,"population_wp":33129.52743513882,"anchor_ratio":1.1640673135317967,"pop_source":"WORLDPOP2025_ANCHORED_VNSDI","pop_density_ppkm2":429.00983104803925,"n_stations":1,"n_ports":4,"power_kw_site":240.0,"ports_per_10k_pop":1.0372099053545962,"util_mean_port_weighted":0.20660413113511464,"dist_station_m_pop_weighted":5152.694605534879}},{"type":"Feature","geometry":{"type":"Polygon","coordinates":[[[105.03268,21.62797],[105.03268,21.62876],[105.03079,21.62403],[105.0276,21.61907],[105.02733,21.61867],[105.02692,21.61808],[105.02645,21.61759],[105.02508,21.61705],[105.01776,21.61241],[105.01726,21.61173],[105.01642,21.61049],[105.01615,21.60987],[105.01563,21.60784],[105.01382,21.60138],[105.01354,21.60046],[105.01328,21.59975],[105.01173,21.59711],[105.00793,21.59375],[105.00903,21.58922],[105.00406,21.58473],[105.00459,21.58194],[105.0049,21.58133],[105.00591,21.57931],[105.00615,21.57878],[105.00662,21.57767],[105.00665,21.57721],[105.00653,21.57684],[105.00613,21.57644],[105.00587,21.57629],[105.00536,21.57612],[105.00234,21.57565],[105.00099,21.57547],[104.99911,21.57632],[104.99402,21.57892],[104.99286,21.57817],[104.99167,21.57454],[104.99255,21.57405],[104.99421,21.57285],[104.99677,21.57022],[104.99709,21.56952],[105.00097,21.56091],[105.00265,21.55719],[105.00475,21.55413],[105.0061,21.55217],[105.00904,21.54823],[105.01223,21.54536],[105.01619,21.54261],[105.01826,21.54159],[105.02104,21.54022],[105.025,21.53735],[105.02567,21.53672],[105.02994,21.54199],[105.03181,21.54457],[105.03219,21.54682],[105.03173,21.55064],[105.03261,21.55499],[105.03311,21.55632],[105.03846,21.5626],[105.04095,21.56288],[105.04144,21.56289],[105.04221,21.56271],[105.04213,21.56375],[105.04201,21.56604],[105.04209,21.5672],[105.04321,21.56909],[105.04325,21.56914],[105.0433,21.5692],[105.05129,21.57595],[105.05428,21.57625],[105.05552,21.57588],[105.05711,21.5751],[105.05811,21.5758],[105.05908,21.57684],[105.06231,21.58573],[105.06193,21.58703],[105.06218,21.58813],[105.06303,21.59052],[105.06507,21.59521],[105.06607,21.59688],[105.07058,21.60023],[105.07667,21.60557],[105.07635,21.60636],[105.07524,21.60774],[105.06966,21.61165],[105.06403,21.61548],[105.0613,21.61609],[105.05759,21.61649],[105.05406,21.61606],[105.05018,21.61391],[105.04896,21.61359],[105.04731,21.6138],[105.04608,21.61459],[105.04217,21.61782],[105.04206,21.61886],[105.04344,21.62091],[105.04382,21.62205],[105.04336,21.62291],[105.03742,21.62621],[105.03421,21.62686],[105.03268,21.62797]]]},"properties":{"commune_code":"08053","commune_name":"Xã Hạ Hòa","commune_kind":"XA","province_code":"25","province_name":"Tỉnh Phú Thọ","area_km2":41.23,"valid_from":"16/6/2025","published":"13/07/2025","area_km2_geom":40.89016121897621,"quality_flag":null,"population":21778.999999999996,"population_wp":18277.493793725967,"anchor_ratio":1.191574744644475,"pop_source":"WORLDPOP2025_ANCHORED_VNSDI","pop_density_ppkm2":532.6220134806622,"n_stations":3,"n_ports":14,"power_kw_site":230.5,"ports_per_10k_pop":6.428210661646541,"util_mean_port_weighted":0.05538872763221346,"dist_station_m_pop_weighted":3125.9200406819573}},{"type":"Feature","geometry":{"type":"Polygon","coordinates":[[[105.00859,21.68913],[105.00189,21.69096],[105.0002,21.68945],[104.99967,21.68734],[104.99967,21.6873],[104.99967,21.6873],[104.99985,21.68561],[105.00003,21.68381],[104.99969,21.68046],[104.99857,21.67941],[104.98942,21.6772],[104.98043,21.67407],[104.98014,21.67367],[104.98014,21.67367],[104.97953,21.67281],[104.98121,21.67082],[104.98291,21.66955],[104.98401,21.66873],[104.98614,21.66611],[104.98603,21.66359],[104.98334,21.66097],[104.98307,21.66085],[104.97741,21.65835],[104.97382,21.65552],[104.97304,21.65227],[104.97282,21.64756],[104.9708,21.64683],[104.96766,21.64848],[104.96722,21.64871],[104.9662,21.64977],[104.96083,21.65542],[104.95992,21.65647],[104.95702,21.65981],[104.95489,21.66118],[104.9531,21.6596],[104.95306,21.65955],[104.95064,21.65677],[104.95062,21.65676],[104.9465,21.65478],[104.93803,21.65194],[104.93805,21.65151],[104.93811,21.64989],[104.9381,21.64985],[104.93778,21.64784],[104.93777,21.64776],[104.93752,21.64719],[104.93667,21.64531],[104.93507,21.64317],[104.93312,21.64175],[104.93034,21.64096],[104.92468,21.64042],[104.92458,21.64039],[104.91341,21.63681],[104.90895,21.63347],[104.90769,21.6317],[104.90425,21.62692],[104.90425,21.62346],[104.90451,21.62294],[104.90546,21.62103],[104.90592,21.62011],[104.90743,21.61813],[104.91119,21.6154],[104.91372,21.61282],[104.91625,21.61096],[104.91814,21.61047],[104.91848,21.61039],[104.91878,21.61048],[104.92055,21.61103],[104.92286,21.61259],[104.92532,21.61425],[104.92641,21.61481],[104.92762,21.61543],[104.93051,21.61692],[104.93427,21.61778],[104.93749,21.61807],[104.94102,21.61793],[104.94386,21.61721],[104.94739,21.61578],[104.94955,21.6147],[104.95497,21.6087],[104.96443,21.59759],[104.96598,21.59542],[104.96648,21.59472],[104.9684,21.59078],[104.96873,21.58963],[104.96955,21.58683],[104.97223,21.58205],[104.97414,21.58013],[104.97556,21.57871],[104.9785,21.57727],[104.98246,21.57632],[104.98304,21.57625],[104.98322,21.57623],[104.99,21.57548],[104.99167,21.57454],[104.99286,21.57817],[104.99402,21.57892],[104.99911,21.57632],[105.00099,21.57547],[105.00234,21.57565],[105.00536,21.57612],[105.00587,21.57629],[105.00613,21.57644],[105.00653,21.57684],[105.00665,21.57721],[105.00662,21.57767],[105.00615,21.57878],[105.00591,21.57931],[105.0049,21.58133],[105.00459,21.58194],[105.00406,21.58473],[105.00903,21.58922],[105.00793,21.59375],[105.01173,21.59711],[105.01328,21.59975],[105.01354,21.60046],[105.01382,21.60138],[105.01563,21.60784],[105.01615,21.60987],[105.01642,21.61049],[105.01726,21.61173],[105.01776,21.61241],[105.02508,21.61705],[105.02645,21.61759],[105.02692,21.61808],[105.02733,21.61867],[105.0276,21.61907],[105.03079,21.62403],[105.03268,21.62876],[105.03314,21.6293],[105.03456,21.63116],[105.03475,21.63238],[105.03391,21.63475],[105.03299,21.63618],[105.03088,21.63808],[105.02708,21.64056],[105.02666,21.64077],[105.02551,21.64013],[105.02351,21.63891],[105.02286,21.63869],[105.0193,21.6411],[105.01722,21.64303],[105.01673,21.64476],[105.01742,21.64748],[105.0183,21.64881],[105.02029,21.65368],[105.02041,21.65548],[105.02014,21.65723],[105.02007,21.65996],[105.02026,21.66053],[105.02087,21.66089],[105.02256,21.66114],[105.02344,21.66136],[105.02467,21.66458],[105.02513,21.66695],[105.02594,21.67032],[105.02701,21.67409],[105.02759,21.67548],[105.0292,21.67638],[105.0315,21.67753],[105.03277,21.67903],[105.03311,21.67989],[105.03307,21.68083],[105.02909,21.68628],[105.02487,21.68994],[105.02149,21.6894],[105.02027,21.68826],[105.01615,21.68802],[105.01229,21.68859],[105.00859,21.68913]]]},"properties":{"commune_code":"08071","commune_name":"Xã Đan Thượng","commune_kind":"XA","province_code":"25","province_name":"Tỉnh Phú Thọ","area_km2":84.15,"valid_from":"16/6/2025","published":"13/07/2025","area_km2_geom":84.2715042819289,"quality_flag":null,"population":28838.0,"population_wp":19374.600038558245,"anchor_ratio":1.4884436294224515,"pop_source":"WORLDPOP2025_ANCHORED_VNSDI","pop_density_ppkm2":342.2034559098762,"n_stations":3,"n_ports":20,"power_kw_site":567.0,"ports_per_10k_pop":6.935293709688605,"util_mean_port_weighted":0.037213820922797,"dist_station_m_pop_weighted":4362.387004939292}},{"type":"Feature","geometry":{"type":"Polygon","coordinates":[[[104.90743,21.61813],[104.90592,21.62011],[104.9068,21.61834],[104.90769,21.61322],[104.90681,21.60953],[104.90475,21.60873],[104.90375,21.60834],[104.89752,21.60893],[104.89736,21.60903],[104.89217,21.61226],[104.88911,21.61274],[104.88878,21.61222],[104.88835,21.61154],[104.89013,21.60787],[104.89128,21.60547],[104.89384,21.59452],[104.89547,21.59007],[104.8983,21.58237],[104.89881,21.57606],[104.89996,21.57332],[104.90289,21.57058],[104.90225,21.5688],[104.89855,21.56546],[104.89539,21.5626],[104.89132,21.55938],[104.88451,21.5578],[104.88101,21.55699],[104.8744,21.55604],[104.87084,21.55426],[104.87033,21.55401],[104.86805,21.54567],[104.86945,21.54222],[104.87114,21.54015],[104.87238,21.53865],[104.87721,21.53531],[104.8782,21.5342],[104.8859,21.53554],[104.89518,21.53746],[104.90211,21.54077],[104.9042,21.54141],[104.90528,21.54127],[104.90771,21.54177],[104.91309,21.54421],[104.91322,21.54409],[104.9146,21.54283],[104.91741,21.53916],[104.92185,21.5328],[104.92658,21.52951],[104.92783,21.52757],[104.92818,21.52533],[104.92898,21.52366],[104.93134,21.52225],[104.93226,21.52318],[104.93448,21.52604],[104.93457,21.52792],[104.93513,21.53043],[104.93676,21.53361],[104.93693,21.53391],[104.93715,21.53417],[104.93747,21.53445],[104.93768,21.53462],[104.93789,21.53473],[104.93791,21.53471],[104.93809,21.53463],[104.93838,21.53448],[104.93843,21.53445],[104.93889,21.53385],[104.9393,21.53347],[104.94008,21.53309],[104.94028,21.53306],[104.94101,21.53294],[104.94176,21.53297],[104.94258,21.53313],[104.94328,21.5333],[104.9467,21.53425],[104.94902,21.53528],[104.9508,21.53567],[104.95418,21.53463],[104.95457,21.53448],[104.95498,21.53431],[104.95519,21.53423],[104.95564,21.53403],[104.95591,21.53385],[104.95603,21.53365],[104.95606,21.53346],[104.956,21.53313],[104.95595,21.53282],[104.95597,21.53263],[104.95608,21.53243],[104.95646,21.53224],[104.95725,21.532],[104.95944,21.53145],[104.96071,21.5313],[104.9611,21.53148],[104.96149,21.53169],[104.96179,21.53214],[104.96267,21.53347],[104.96278,21.53371],[104.96349,21.53643],[104.96429,21.54007],[104.96559,21.54219],[104.96787,21.54417],[104.96806,21.54431],[104.97001,21.5456],[104.97241,21.54319],[104.97482,21.54075],[104.97501,21.54059],[104.97531,21.54042],[104.9754,21.54042],[104.97598,21.54057],[104.97617,21.54068],[104.97705,21.54135],[104.97932,21.54409],[104.9795,21.54794],[104.98129,21.5505],[104.98255,21.54992],[104.98687,21.55001],[104.98715,21.55008],[104.98887,21.55098],[104.99425,21.554],[104.99635,21.55504],[104.99658,21.55509],[104.99718,21.55423],[105.00475,21.55413],[105.00265,21.55719],[105.00097,21.56091],[104.99709,21.56952],[104.99677,21.57022],[104.99421,21.57285],[104.99255,21.57405],[104.99167,21.57454],[104.99,21.57548],[104.98322,21.57623],[104.98304,21.57625],[104.98246,21.57632],[104.9785,21.57727],[104.97556,21.57871],[104.97414,21.58013],[104.97223,21.58205],[104.96955,21.58683],[104.96873,21.58963],[104.9684,21.59078],[104.96648,21.59472],[104.96598,21.59542],[104.96443,21.59759],[104.95497,21.6087],[104.94955,21.6147],[104.94739,21.61578],[104.94386,21.61721],[104.94102,21.61793],[104.93749,21.61807],[104.93427,21.61778],[104.93051,21.61692],[104.92762,21.61543],[104.92641,21.61481],[104.92532,21.61425],[104.92286,21.61259],[104.92055,21.61103],[104.91878,21.61048],[104.91848,21.61039],[104.91814,21.61047],[104.91625,21.61096],[104.91372,21.61282],[104.91119,21.6154],[104.90743,21.61813]]]},"properties":{"commune_code":"08110","commune_name":"Xã Hiền Lương","commune_kind":"XA","province_code":"25","province_name":"Tỉnh Phú Thọ","area_km2":81.39,"valid_from":"16/6/2025","published":"13/07/2025","area_km2_geom":79.67884648692076,"quality_flag":null,"population":22337.0,"population_wp":17428.870911816135,"anchor_ratio":1.2816091250556187,"pop_source":"WORLDPOP2025_ANCHORED_VNSDI","pop_density_ppkm2":280.33789374280923,"n_stations":2,"n_ports":8,"power_kw_site":480.0,"ports_per_10k_pop":3.581501544522541,"util_mean_port_weighted":0.07206597388877159,"dist_station_m_pop_weighted":4189.96405091705}},{"type":"Feature","geometry":{"type":"Polygon","coordinates":[[[105.07683,21.60677],[105.07524,21.60774],[105.07635,21.60636],[105.07667,21.60557],[105.07058,21.60023],[105.06607,21.59688],[105.06507,21.59521],[105.06303,21.59052],[105.06218,21.58813],[105.06193,21.58703],[105.06231,21.58573],[105.05908,21.57684],[105.05811,21.5758],[105.05711,21.5751],[105.05552,21.57588],[105.05428,21.57625],[105.05129,21.57595],[105.0433,21.5692],[105.04325,21.56914],[105.04321,21.56909],[105.04209,21.5672],[105.04201,21.56604],[105.04213,21.56375],[105.04221,21.56271],[105.04575,21.56278],[105.04813,21.56226],[105.04969,21.5613],[105.04955,21.5539],[105.05304,21.55048],[105.05761,21.54826],[105.06162,21.54409],[105.06423,21.54051],[105.06311,21.53947],[105.06074,21.53901],[105.06165,21.53042],[105.06211,21.52835],[105.06222,21.52802],[105.06224,21.52796],[105.06349,21.52479],[105.06649,21.5208],[105.06808,21.5203],[105.0693,21.52048],[105.07142,21.52077],[105.07188,21.52077],[105.07209,21.52067],[105.07237,21.52044],[105.07274,21.51988],[105.07363,21.5171],[105.07767,21.51373],[105.07917,21.51314],[105.07968,21.51135],[105.07927,21.50937],[105.08234,21.5082],[105.0835,21.50965],[105.08447,21.51215],[105.08511,21.51327],[105.08673,21.5161],[105.09005,21.51777],[105.09189,21.52001],[105.09215,21.52279],[105.09317,21.52637],[105.09553,21.52761],[105.09665,21.52967],[105.09665,21.5322],[105.09655,21.53445],[105.09793,21.5377],[105.10095,21.54047],[105.10346,21.54157],[105.10622,21.54233],[105.10806,21.54248],[105.10903,21.54228],[105.11117,21.54109],[105.11398,21.54152],[105.11587,21.54261],[105.11667,21.5438],[105.11737,21.54482],[105.11769,21.54526],[105.11885,21.54688],[105.12312,21.54888],[105.12338,21.54894],[105.12418,21.54903],[105.12517,21.54879],[105.12553,21.54848],[105.12838,21.55097],[105.13413,21.55658],[105.1331,21.56058],[105.13208,21.56342],[105.13087,21.5636],[105.13045,21.56423],[105.13058,21.56528],[105.13112,21.56608],[105.13522,21.56967],[105.1365,21.57029],[105.1379,21.57038],[105.14055,21.57038],[105.14209,21.57098],[105.14314,21.57181],[105.14378,21.57372],[105.14506,21.57575],[105.14599,21.57661],[105.1433,21.57963],[105.13368,21.58106],[105.12939,21.57987],[105.12663,21.5771],[105.12284,21.57476],[105.12085,21.57381],[105.11371,21.57061],[105.11191,21.57323],[105.10836,21.57319],[105.10597,21.57314],[105.10603,21.57485],[105.10857,21.57845],[105.10704,21.58198],[105.1048,21.58344],[105.10308,21.58473],[105.10236,21.59176],[105.10301,21.59463],[105.10332,21.5956],[105.10286,21.59725],[105.10232,21.59778],[105.10041,21.59965],[105.09711,21.60012],[105.09335,21.60009],[105.09101,21.59966],[105.08798,21.60013],[105.08664,21.60059],[105.08227,21.60332],[105.07683,21.60677]]]},"properties":{"commune_code":"08113","commune_name":"Xã Yên Kỳ","commune_kind":"XA","province_code":"25","province_name":"Tỉnh Phú Thọ","area_km2":53.58,"valid_from":"16/6/2025","published":"13/07/2025","area_km2_geom":53.27192403736721,"quality_flag":null,"population":20973.0,"population_wp":20064.56572629139,"anchor_ratio":1.0452755512429683,"pop_source":"WORLDPOP2025_ANCHORED_VNSDI","pop_density_ppkm2":393.6970623641947,"n_stations":1,"n_ports":6,"power_kw_site":240.0,"ports_per_10k_pop":2.8608210556429694,"util_mean_port_weighted":0.0696669808356896,"dist_station_m_pop_weighted":4055.950885710372}},{"type":"Feature","geometry":{"type":"Polygon","coordinates":[[[104.99718,21.55423],[104.99658,21.55509],[104.99635,21.55504],[104.99425,21.554],[104.98887,21.55098],[104.98715,21.55008],[104.98687,21.55001],[104.98255,21.54992],[104.98129,21.5505],[104.9795,21.54794],[104.97932,21.54409],[104.97705,21.54135],[104.97617,21.54068],[104.97598,21.54057],[104.9754,21.54042],[104.97531,21.54042],[104.97501,21.54059],[104.97482,21.54075],[104.97241,21.54319],[104.97001,21.5456],[104.96806,21.54431],[104.96787,21.54417],[104.96559,21.54219],[104.96429,21.54007],[104.96349,21.53643],[104.96278,21.53371],[104.96267,21.53347],[104.96179,21.53214],[104.96149,21.53169],[104.9611,21.53148],[104.96071,21.5313],[104.95944,21.53145],[104.95725,21.532],[104.95646,21.53224],[104.95608,21.53243],[104.95597,21.53263],[104.95595,21.53282],[104.956,21.53313],[104.95606,21.53346],[104.95603,21.53365],[104.95591,21.53385],[104.95564,21.53403],[104.95519,21.53423],[104.95498,21.53431],[104.95457,21.53448],[104.95418,21.53463],[104.9508,21.53567],[104.94902,21.53528],[104.9467,21.53425],[104.94328,21.5333],[104.94258,21.53313],[104.94176,21.53297],[104.94101,21.53294],[104.94028,21.53306],[104.94008,21.53309],[104.9393,21.53347],[104.93889,21.53385],[104.93843,21.53445],[104.93838,21.53448],[104.93809,21.53463],[104.93791,21.53471],[104.93789,21.53473],[104.93768,21.53462],[104.93747,21.53445],[104.93715,21.53417],[104.93693,21.53391],[104.93676,21.53361],[104.93513,21.53043],[104.93457,21.52792],[104.93448,21.52604],[104.93226,21.52318],[104.93134,21.52225],[104.93211,21.52131],[104.9344,21.5171],[104.93887,21.50867],[104.9396,21.50712],[104.94051,21.50472],[104.93929,21.50431],[104.93896,21.50431],[104.93852,21.50431],[104.93769,21.50456],[104.93585,21.50432],[104.93477,21.49999],[104.93477,21.49885],[104.93482,21.49722],[104.93487,21.4966],[104.93504,21.49616],[104.93534,21.49569],[104.93589,21.49529],[104.93654,21.49494],[104.93702,21.49484],[104.93732,21.49478],[104.93834,21.49456],[104.94016,21.4946],[104.94741,21.49676],[104.94791,21.49705],[104.94844,21.49748],[104.94851,21.49771],[104.95262,21.49704],[104.95407,21.49529],[104.96065,21.48927],[104.96065,21.48927],[104.96258,21.48786],[104.9682,21.4838],[104.97007,21.48397],[104.97835,21.48645],[104.98016,21.48613],[104.98016,21.48613],[104.97998,21.48952],[104.97931,21.49237],[104.97895,21.4935],[104.97943,21.4944],[104.98227,21.49813],[104.98366,21.49926],[104.98457,21.49966],[104.98511,21.49988],[104.98553,21.49991],[104.98644,21.49912],[104.99363,21.49631],[105.00239,21.49495],[105.00318,21.49553],[105.00404,21.49608],[105.00486,21.49654],[105.00766,21.49797],[105.00879,21.49851],[105.00966,21.49885],[105.00991,21.49892],[105.00995,21.49893],[105.01051,21.49901],[105.01107,21.499],[105.01159,21.49891],[105.01183,21.49882],[105.01192,21.49877],[105.01206,21.49869],[105.01227,21.49853],[105.01264,21.49813],[105.013,21.49768],[105.0132,21.49738],[105.01361,21.49677],[105.01393,21.49627],[105.01581,21.49524],[105.02036,21.49401],[105.02075,21.49395],[105.02112,21.49393],[105.02146,21.49395],[105.02178,21.49399],[105.02246,21.49414],[105.02312,21.49433],[105.02378,21.49456],[105.02441,21.49484],[105.02472,21.495],[105.02589,21.49568],[105.02595,21.49572],[105.02657,21.49605],[105.02724,21.49632],[105.02796,21.49649],[105.02869,21.49657],[105.02905,21.49656],[105.02966,21.49646],[105.03055,21.49618],[105.03095,21.496],[105.03284,21.49444],[105.03364,21.49219],[105.03534,21.49107],[105.03665,21.49027],[105.03972,21.48928],[105.04101,21.48887],[105.04131,21.48891],[105.04394,21.48983],[105.04447,21.49065],[105.04447,21.49115],[105.04447,21.49157],[105.04441,21.49172],[105.0442,21.49224],[105.04405,21.49867],[105.04489,21.50114],[105.03629,21.50758],[105.03182,21.51213],[105.03167,21.51234],[105.02799,21.51763],[105.02684,21.52121],[105.02697,21.52564],[105.02767,21.52852],[105.02786,21.52934],[105.02774,21.53281],[105.0269,21.53513],[105.02666,21.5358],[105.02567,21.53672],[105.025,21.53735],[105.02104,21.54022],[105.01826,21.54159],[105.01619,21.54261],[105.01223,21.54536],[105.00904,21.54823],[105.0061,21.55217],[105.00475,21.55413],[104.99718,21.55423]]]},"properties":{"commune_code":"08134","commune_name":"Xã Văn Lang","commune_kind":"XA","province_code":"25","province_name":"Tỉnh Phú Thọ","area_km2":54.06,"valid_from":"16/6/2025","published":"13/07/2025","area_km2_geom":54.660536626194656,"quality_flag":null,"population":17949.0,"population_wp":13923.133324753493,"anchor_ratio":1.2891494738536367,"pop_source":"WORLDPOP2025_ANCHORED_VNSDI","pop_density_ppkm2":328.3721878317309,"n_stations":2,"n_ports":10,"power_kw_site":520.0,"ports_per_10k_pop":5.571341021783943,"util_mean_port_weighted":0.1535172898255392,"dist_station_m_pop_weighted":4246.161764896767}},{"type":"Feature","geometry":{"type":"Polygon","coordinates":[[[105.04221,21.56271],[105.04144,21.56289],[105.04095,21.56288],[105.03846,21.5626],[105.03311,21.55632],[105.03261,21.55499],[105.03173,21.55064],[105.03219,21.54682],[105.03181,21.54457],[105.02994,21.54199],[105.02567,21.53672],[105.02666,21.5358],[105.0269,21.53513],[105.02774,21.53281],[105.02786,21.52934],[105.02767,21.52852],[105.02697,21.52564],[105.02684,21.52121],[105.02799,21.51763],[105.03167,21.51234],[105.03182,21.51213],[105.03629,21.50758],[105.04489,21.50114],[105.04622,21.50046],[105.0543,21.49634],[105.05972,21.49375],[105.06081,21.49323],[105.06489,21.4906],[105.06809,21.48823],[105.07533,21.48285],[105.07747,21.48153],[105.07973,21.48366],[105.08146,21.48305],[105.08271,21.48577],[105.08398,21.48851],[105.08192,21.48954],[105.08319,21.49238],[105.08375,21.49363],[105.08044,21.49894],[105.07558,21.50023],[105.07718,21.50574],[105.07927,21.50937],[105.07968,21.51135],[105.07917,21.51314],[105.07767,21.51373],[105.07363,21.5171],[105.07274,21.51988],[105.07237,21.52044],[105.07209,21.52067],[105.07188,21.52077],[105.07142,21.52077],[105.0693,21.52048],[105.06808,21.5203],[105.06649,21.5208],[105.06349,21.52479],[105.06224,21.52796],[105.06222,21.52802],[105.06211,21.52835],[105.06165,21.53042],[105.06074,21.53901],[105.06311,21.53947],[105.06423,21.54051],[105.06162,21.54409],[105.05761,21.54826],[105.05304,21.55048],[105.04955,21.5539],[105.04969,21.5613],[105.04813,21.56226],[105.04575,21.56278],[105.04221,21.56271]]]},"properties":{"commune_code":"08143","commune_name":"Xã Vĩnh Chân","commune_kind":"XA","province_code":"25","province_name":"Tỉnh Phú Thọ","area_km2":27.12,"valid_from":"16/6/2025","published":"13/07/2025","area_km2_geom":27.28936553827605,"quality_flag":null,"population":17173.0,"population_wp":15597.225063741207,"anchor_ratio":1.1010291849876546,"pop_source":"WORLDPOP2025_ANCHORED_VNSDI","pop_density_ppkm2":629.2927542017478,"n_stations":0,"n_ports":0,"power_kw_site":0.0,"ports_per_10k_pop":0.0,"util_mean_port_weighted":null,"dist_station_m_pop_weighted":6166.562469012081}},{"type":"Feature","geometry":{"type":"Polygon","coordinates":[[[105.15113,21.57052],[105.14599,21.57661],[105.14506,21.57575],[105.14378,21.57372],[105.14314,21.57181],[105.14209,21.57098],[105.14055,21.57038],[105.1379,21.57038],[105.1365,21.57029],[105.13522,21.56967],[105.13112,21.56608],[105.13058,21.56528],[105.13045,21.56423],[105.13087,21.5636],[105.13208,21.56342],[105.1331,21.56058],[105.13413,21.55658],[105.12838,21.55097],[105.12553,21.54848],[105.12517,21.54879],[105.12418,21.54903],[105.12338,21.54894],[105.12312,21.54888],[105.11885,21.54688],[105.11769,21.54526],[105.11737,21.54482],[105.11667,21.5438],[105.11587,21.54261],[105.11398,21.54152],[105.11117,21.54109],[105.10903,21.54228],[105.10806,21.54248],[105.10622,21.54233],[105.10346,21.54157],[105.10095,21.54047],[105.09793,21.5377],[105.09655,21.53445],[105.09665,21.5322],[105.09665,21.52967],[105.09553,21.52761],[105.09317,21.52637],[105.09215,21.52279],[105.09189,21.52001],[105.09005,21.51777],[105.08673,21.5161],[105.08511,21.51327],[105.08447,21.51215],[105.0835,21.50965],[105.08234,21.5082],[105.07927,21.50937],[105.07718,21.50574],[105.07558,21.50023],[105.08044,21.49894],[105.08375,21.49363],[105.08319,21.49238],[105.08411,21.49221],[105.08815,21.49078],[105.09007,21.48961],[105.09146,21.48858],[105.09456,21.4867],[105.09634,21.4858],[105.09718,21.48619],[105.09777,21.48673],[105.09775,21.48683],[105.09927,21.48753],[105.10246,21.4878],[105.10267,21.48762],[105.10279,21.48746],[105.10283,21.48705],[105.10247,21.48568],[105.10137,21.48485],[105.09953,21.48441],[105.09791,21.48329],[105.09785,21.48296],[105.10048,21.4817],[105.10115,21.48146],[105.10432,21.4818],[105.10565,21.48211],[105.10633,21.48476],[105.10738,21.48752],[105.10873,21.48931],[105.11129,21.49217],[105.11225,21.49284],[105.11305,21.49331],[105.11494,21.49352],[105.11514,21.49347],[105.1152,21.49345],[105.11524,21.49339],[105.11531,21.49325],[105.116,21.49169],[105.11836,21.49047],[105.1216,21.48947],[105.12358,21.48984],[105.1268,21.49064],[105.12687,21.49072],[105.12912,21.49316],[105.1293,21.49337],[105.131,21.49387],[105.13513,21.49433],[105.14108,21.49256],[105.14304,21.48963],[105.14278,21.48963],[105.1427,21.48959],[105.14254,21.48931],[105.14255,21.48918],[105.1426,21.48913],[105.14278,21.48903],[105.14347,21.48883],[105.14376,21.48886],[105.14515,21.48932],[105.1475,21.49233],[105.14754,21.49403],[105.14943,21.49931],[105.14938,21.4981],[105.14958,21.498],[105.14987,21.49787],[105.15,21.49783],[105.15036,21.49795],[105.15069,21.49811],[105.1551,21.50232],[105.15531,21.50409],[105.1521,21.50929],[105.14811,21.51184],[105.14405,21.51386],[105.14008,21.51443],[105.1353,21.51574],[105.13474,21.52223],[105.13269,21.5259],[105.13235,21.52592],[105.13218,21.52659],[105.13213,21.52689],[105.13212,21.52702],[105.13214,21.52711],[105.13296,21.53],[105.13447,21.53386],[105.13626,21.53756],[105.13844,21.53851],[105.13842,21.5444],[105.1396,21.5473],[105.14045,21.5492],[105.14067,21.54936],[105.14108,21.54925],[105.14199,21.54909],[105.14323,21.54945],[105.14521,21.55146],[105.14635,21.5535],[105.14639,21.55474],[105.14655,21.55555],[105.14659,21.55571],[105.14667,21.55582],[105.14691,21.556],[105.14729,21.55629],[105.14906,21.55759],[105.15004,21.5583],[105.15022,21.55842],[105.15012,21.55863],[105.15048,21.56084],[105.15473,21.56821],[105.15113,21.57052]]]},"properties":{"commune_code":"08152","commune_name":"Xã Thanh Ba","commune_kind":"XA","province_code":"25","province_name":"Tỉnh Phú Thọ","area_km2":38.6,"valid_from":"16/6/2025","published":"13/07/2025","area_km2_geom":38.565732365658306,"quality_flag":null,"population":30014.0,"population_wp":27173.108583055437,"anchor_ratio":1.1045478991945765,"pop_source":"WORLDPOP2025_ANCHORED_VNSDI","pop_density_ppkm2":778.2556730784819,"n_stations":3,"n_ports":28,"power_kw_site":751.5,"ports_per_10k_pop":9.32897980942227,"util_mean_port_weighted":0.047164361341713645,"dist_station_m_pop_weighted":2243.738348968231}},{"type":"Feature","geometry":{"type":"Polygon","coordinates":[[[105.15181,21.55074],[105.15022,21.55842],[105.15004,21.5583],[105.14906,21.55759],[105.14729,21.55629],[105.14691,21.556],[105.14667,21.55582],[105.14659,21.55571],[105.14655,21.55555],[105.14639,21.55474],[105.14635,21.5535],[105.14521,21.55146],[105.14323,21.54945],[105.14199,21.54909],[105.14108,21.54925],[105.14067,21.54936],[105.14045,21.5492],[105.1396,21.5473],[105.13842,21.5444],[105.13844,21.53851],[105.13626,21.53756],[105.13447,21.53386],[105.13296,21.53],[105.13214,21.52711],[105.13212,21.52702],[105.13213,21.52689],[105.13218,21.52659],[105.13235,21.52592],[105.13269,21.5259],[105.13474,21.52223],[105.1353,21.51574],[105.14008,21.51443],[105.14405,21.51386],[105.14811,21.51184],[105.1521,21.50929],[105.15531,21.50409],[105.15875,21.50391],[105.16014,21.50195],[105.16345,21.50077],[105.16348,21.50092],[105.16365,21.50118],[105.16441,21.50196],[105.16468,21.50204],[105.16488,21.50202],[105.16685,21.50104],[105.16844,21.49981],[105.16883,21.4994],[105.1702,21.49781],[105.1741,21.49187],[105.17435,21.48974],[105.17695,21.48877],[105.17661,21.48676],[105.17901,21.48349],[105.182,21.47815],[105.18194,21.47805],[105.18168,21.47737],[105.18188,21.47687],[105.18221,21.4764],[105.18404,21.47479],[105.18971,21.473],[105.19229,21.47499],[105.19631,21.47812],[105.19839,21.48009],[105.20261,21.48418],[105.20938,21.48752],[105.20974,21.48821],[105.21053,21.48862],[105.21112,21.48869],[105.21181,21.48869],[105.21257,21.48868],[105.21273,21.48867],[105.21222,21.4948],[105.21291,21.4948],[105.21394,21.49557],[105.21477,21.49647],[105.21484,21.49712],[105.21496,21.49905],[105.21509,21.50285],[105.21502,21.50303],[105.21364,21.50696],[105.21271,21.51008],[105.21156,21.50955],[105.21083,21.5095],[105.2042,21.51261],[105.19613,21.51815],[105.19569,21.51905],[105.19572,21.51979],[105.19783,21.52353],[105.19949,21.52592],[105.20064,21.5258],[105.20189,21.52599],[105.20223,21.52612],[105.20333,21.52672],[105.20412,21.52746],[105.20414,21.52748],[105.2052,21.52859],[105.20595,21.5298],[105.1987,21.53427],[105.19784,21.53478],[105.19694,21.53523],[105.19633,21.5355],[105.19565,21.5358],[105.19394,21.5365],[105.19291,21.53688],[105.19248,21.537],[105.19221,21.53708],[105.19181,21.53716],[105.19114,21.53724],[105.19012,21.53727],[105.18909,21.53724],[105.18847,21.53718],[105.18812,21.53714],[105.18564,21.5368],[105.18493,21.53677],[105.18457,21.53678],[105.18454,21.53679],[105.18421,21.53683],[105.18349,21.53699],[105.17944,21.53794],[105.17868,21.53816],[105.17806,21.53841],[105.17747,21.53872],[105.1769,21.53909],[105.17662,21.53934],[105.17624,21.53976],[105.17087,21.54227],[105.1654,21.54469],[105.15934,21.54209],[105.15685,21.54213],[105.15551,21.5429],[105.1527,21.54673],[105.15181,21.55074]]]},"properties":{"commune_code":"08173","commune_name":"Xã Quảng Yên","commune_kind":"XA","province_code":"25","province_name":"Tỉnh Phú Thọ","area_km2":39.58,"valid_from":"16/6/2025","published":"13/07/2025","area_km2_geom":39.218384611057104,"quality_flag":null,"population":15056.0,"population_wp":11733.736431196332,"anchor_ratio":1.2831377360727831,"pop_source":"WORLDPOP2025_ANCHORED_VNSDI","pop_density_ppkm2":383.9015846602504,"n_stations":1,"n_ports":8,"power_kw_site":300.0,"ports_per_10k_pop":5.313496280552604,"util_mean_port_weighted":0.03939594356261023,"dist_station_m_pop_weighted":3993.135566688181}},{"type":"Feature","geometry":{"type":"Polygon","coordinates":[[[105.15875,21.50391],[105.15531,21.50409],[105.1551,21.50232],[105.15069,21.49811],[105.15036,21.49795],[105.15,21.49783],[105.14987,21.49787],[105.14958,21.498],[105.14938,21.4981],[105.14943,21.49931],[105.14754,21.49403],[105.1475,21.49233],[105.14515,21.48932],[105.14376,21.48886],[105.14347,21.48883],[105.14278,21.48903],[105.1426,21.48913],[105.14255,21.48918],[105.14254,21.48931],[105.1427,21.48959],[105.14278,21.48963],[105.14304,21.48963],[105.14108,21.49256],[105.13513,21.49433],[105.131,21.49387],[105.1293,21.49337],[105.12912,21.49316],[105.12687,21.49072],[105.1268,21.49064],[105.12358,21.48984],[105.1216,21.48947],[105.11836,21.49047],[105.116,21.49169],[105.11531,21.49325],[105.11524,21.49339],[105.1152,21.49345],[105.11514,21.49347],[105.11494,21.49352],[105.11305,21.49331],[105.11225,21.49284],[105.11129,21.49217],[105.10873,21.48931],[105.10738,21.48752],[105.10633,21.48476],[105.10565,21.48211],[105.10432,21.4818],[105.10115,21.48146],[105.10048,21.4817],[105.09785,21.48296],[105.09791,21.48329],[105.09953,21.48441],[105.10137,21.48485],[105.10247,21.48568],[105.10283,21.48705],[105.10279,21.48746],[105.10267,21.48762],[105.10246,21.4878],[105.09927,21.48753],[105.09775,21.48683],[105.09777,21.48673],[105.09718,21.48619],[105.09634,21.4858],[105.09456,21.4867],[105.09146,21.48858],[105.09007,21.48961],[105.08815,21.49078],[105.08411,21.49221],[105.08319,21.49238],[105.08192,21.48954],[105.08398,21.48851],[105.08271,21.48577],[105.08146,21.48305],[105.07973,21.48366],[105.07747,21.48153],[105.08294,21.47815],[105.08714,21.47573],[105.09102,21.47194],[105.09329,21.4683],[105.09518,21.46482],[105.09785,21.45974],[105.09917,21.4586],[105.10231,21.4593],[105.10379,21.45891],[105.10788,21.45548],[105.11328,21.45104],[105.12095,21.44741],[105.12503,21.44622],[105.1286,21.44239],[105.13115,21.43832],[105.13319,21.43426],[105.13434,21.43318],[105.13587,21.43258],[105.13919,21.4321],[105.14448,21.43151],[105.14535,21.43394],[105.14518,21.43446],[105.14358,21.43536],[105.14074,21.43741],[105.1388,21.44148],[105.13882,21.4415],[105.14065,21.4417],[105.14494,21.44464],[105.14508,21.44477],[105.14521,21.44492],[105.14532,21.44511],[105.14524,21.4453],[105.14489,21.44582],[105.14437,21.44604],[105.14414,21.44609],[105.1445,21.44841],[105.147,21.45696],[105.1475,21.46037],[105.14979,21.46427],[105.15113,21.46323],[105.15125,21.46353],[105.15147,21.4636],[105.15393,21.46404],[105.16092,21.45972],[105.16301,21.45814],[105.16515,21.45747],[105.16795,21.45846],[105.16961,21.45993],[105.16968,21.45984],[105.16986,21.45977],[105.17033,21.45981],[105.17092,21.46008],[105.1727,21.4616],[105.17359,21.46295],[105.17361,21.46697],[105.17321,21.47172],[105.17078,21.47971],[105.16955,21.483],[105.16921,21.4871],[105.17274,21.48894],[105.17435,21.48974],[105.1741,21.49187],[105.1702,21.49781],[105.16883,21.4994],[105.16844,21.49981],[105.16685,21.50104],[105.16488,21.50202],[105.16468,21.50204],[105.16441,21.50196],[105.16365,21.50118],[105.16348,21.50092],[105.16345,21.50077],[105.16014,21.50195],[105.15875,21.50391]]]},"properties":{"commune_code":"08203","commune_name":"Xã Hoàng Cương","commune_kind":"XA","province_code":"25","province_name":"Tỉnh Phú Thọ","area_km2":39.51,"valid_from":"16/6/2025","published":"13/07/2025","area_km2_geom":39.098981470286844,"quality_flag":null,"population":27890.000000000004,"population_wp":22454.243100859225,"anchor_ratio":1.2420815021341234,"pop_source":"WORLDPOP2025_ANCHORED_VNSDI","pop_density_ppkm2":713.3178142043145,"n_stations":1,"n_ports":12,"power_kw_site":381.0,"ports_per_10k_pop":4.302617425600573,"util_mean_port_weighted":0.04500605850787606,"dist_station_m_pop_weighted":3508.3198291906397}},{"type":"Feature","geometry":{"type":"Polygon","coordinates":[[[105.17695,21.48877],[105.17435,21.48974],[105.17274,21.48894],[105.16921,21.4871],[105.16955,21.483],[105.17078,21.47971],[105.17321,21.47172],[105.17361,21.46697],[105.17359,21.46295],[105.1727,21.4616],[105.17092,21.46008],[105.17033,21.45981],[105.16986,21.45977],[105.16968,21.45984],[105.16961,21.45993],[105.16879,21.45891],[105.16642,21.45511],[105.16637,21.455],[105.17079,21.45212],[105.17405,21.44693],[105.17498,21.44308],[105.17484,21.43749],[105.17335,21.43641],[105.17298,21.43613],[105.17288,21.43576],[105.17287,21.43545],[105.1729,21.43513],[105.17309,21.43375],[105.17339,21.43254],[105.17377,21.43116],[105.17491,21.43057],[105.1771,21.42919],[105.17806,21.42847],[105.18021,21.42655],[105.18266,21.42123],[105.18343,21.4176],[105.18685,21.41733],[105.19113,21.41799],[105.19509,21.41888],[105.19611,21.41971],[105.19701,21.42348],[105.19848,21.4264],[105.20053,21.42933],[105.20411,21.43142],[105.2087,21.43261],[105.2117,21.4338],[105.21886,21.43983],[105.21925,21.44192],[105.21925,21.44282],[105.21926,21.44622],[105.22118,21.45082],[105.22361,21.45476],[105.22719,21.45852],[105.22911,21.46198],[105.22956,21.46607],[105.22658,21.46979],[105.22509,21.47374],[105.22471,21.4756],[105.22445,21.47951],[105.22117,21.48525],[105.21684,21.48816],[105.21588,21.48834],[105.21496,21.4882],[105.21374,21.48698],[105.21312,21.48745],[105.21273,21.48867],[105.21257,21.48868],[105.21181,21.48869],[105.21112,21.48869],[105.21053,21.48862],[105.20974,21.48821],[105.20938,21.48752],[105.20261,21.48418],[105.19839,21.48009],[105.19631,21.47812],[105.19229,21.47499],[105.18971,21.473],[105.18404,21.47479],[105.18221,21.4764],[105.18188,21.47687],[105.18168,21.47737],[105.18194,21.47805],[105.182,21.47815],[105.17901,21.48349],[105.17661,21.48676],[105.17695,21.48877]]]},"properties":{"commune_code":"08209","commune_name":"Xã Đông Thành","commune_kind":"XA","province_code":"25","province_name":"Tỉnh Phú Thọ","area_km2":32.25,"valid_from":"16/6/2025","published":"13/07/2025","area_km2_geom":32.30497021620391,"quality_flag":null,"population":20383.0,"population_wp":17050.517131589353,"anchor_ratio":1.195447612684813,"pop_source":"WORLDPOP2025_ANCHORED_VNSDI","pop_density_ppkm2":630.9555422458199,"n_stations":2,"n_ports":20,"power_kw_site":388.0,"ports_per_10k_pop":9.81209831722514,"util_mean_port_weighted":0.0292640550466693,"dist_station_m_pop_weighted":2288.2871514688413}},{"type":"Feature","geometry":{"type":"Polygon","coordinates":[[[105.15113,21.46323],[105.14979,21.46427],[105.1475,21.46037],[105.147,21.45696],[105.1445,21.44841],[105.14414,21.44609],[105.14437,21.44604],[105.14489,21.44582],[105.14524,21.4453],[105.14532,21.44511],[105.14521,21.44492],[105.14508,21.44477],[105.14494,21.44464],[105.14065,21.4417],[105.13882,21.4415],[105.1388,21.44148],[105.14074,21.43741],[105.14358,21.43536],[105.14518,21.43446],[105.14535,21.43394],[105.14448,21.43151],[105.14736,21.4309],[105.14991,21.42958],[105.15119,21.42743],[105.15117,21.42563],[105.15159,21.42047],[105.15564,21.41539],[105.15662,21.41337],[105.15414,21.41259],[105.15498,21.40642],[105.15358,21.39656],[105.15424,21.3948],[105.15613,21.39124],[105.15803,21.3882],[105.1644,21.3842],[105.16548,21.38568],[105.16588,21.38617],[105.16843,21.38374],[105.17277,21.38604],[105.17498,21.3882],[105.17818,21.38891],[105.18028,21.38912],[105.18191,21.39125],[105.18291,21.39343],[105.18291,21.39343],[105.18248,21.39378],[105.1826,21.39385],[105.1826,21.39385],[105.18263,21.39573],[105.18375,21.40024],[105.1874,21.4003],[105.18721,21.40358],[105.1856,21.40432],[105.18389,21.40476],[105.18073,21.40525],[105.17844,21.40621],[105.17551,21.40763],[105.17536,21.4077],[105.17781,21.41134],[105.1797,21.41412],[105.18343,21.4176],[105.18266,21.42123],[105.18021,21.42655],[105.17806,21.42847],[105.1771,21.42919],[105.17491,21.43057],[105.17377,21.43116],[105.17339,21.43254],[105.17309,21.43375],[105.1729,21.43513],[105.17287,21.43545],[105.17288,21.43576],[105.17298,21.43613],[105.17335,21.43641],[105.17484,21.43749],[105.17498,21.44308],[105.17405,21.44693],[105.17079,21.45212],[105.16637,21.455],[105.16642,21.45511],[105.16879,21.45891],[105.16961,21.45993],[105.16795,21.45846],[105.16515,21.45747],[105.16301,21.45814],[105.16092,21.45972],[105.15393,21.46404],[105.15147,21.4636],[105.15125,21.46353],[105.15113,21.46323]]]},"properties":{"commune_code":"08218","commune_name":"Xã Chí Tiên","commune_kind":"XA","province_code":"25","province_name":"Tỉnh Phú Thọ","area_km2":23.75,"valid_from":"16/6/2025","published":"13/07/2025","area_km2_geom":23.47521788275701,"quality_flag":null,"population":17550.0,"population_wp":14921.98104233481,"anchor_ratio":1.176117296370321,"pop_source":"WORLDPOP2025_ANCHORED_VNSDI","pop_density_ppkm2":747.5968950597389,"n_stations":1,"n_ports":6,"power_kw_site":270.0,"ports_per_10k_pop":3.4188034188034186,"util_mean_port_weighted":0.1510654490106545,"dist_station_m_pop_weighted":3127.0773550666668}},{"type":"Feature","geometry":{"type":"Polygon","coordinates":[[[105.19349,21.39592],[105.19016,21.39621],[105.18769,21.39533],[105.18336,21.39321],[105.18263,21.39375],[105.1826,21.39385],[105.18248,21.39378],[105.18291,21.39343],[105.18291,21.39343],[105.18191,21.39125],[105.18028,21.38912],[105.17818,21.38891],[105.17498,21.3882],[105.17277,21.38604],[105.16843,21.38374],[105.16588,21.38617],[105.16548,21.38568],[105.1644,21.3842],[105.16678,21.38241],[105.16801,21.38112],[105.16839,21.37932],[105.16777,21.37775],[105.16655,21.3756],[105.16677,21.37388],[105.16746,21.37208],[105.16922,21.36921],[105.17205,21.36584],[105.17457,21.3634],[105.17771,21.36081],[105.18268,21.35571],[105.18405,21.35327],[105.18512,21.35105],[105.18588,21.34832],[105.18621,21.34125],[105.18628,21.33641],[105.1863,21.33465],[105.18722,21.33197],[105.18885,21.33015],[105.1912,21.32862],[105.20248,21.32488],[105.20352,21.32462],[105.20263,21.32727],[105.20324,21.32845],[105.20419,21.32883],[105.20724,21.33006],[105.20982,21.33303],[105.21128,21.33582],[105.21222,21.33814],[105.21584,21.3534],[105.21444,21.36791],[105.20756,21.3675],[105.20161,21.36506],[105.20008,21.3648],[105.19988,21.36491],[105.19947,21.36514],[105.19884,21.36592],[105.20006,21.37718],[105.20074,21.37987],[105.19737,21.38438],[105.1924,21.38944],[105.19213,21.39152],[105.19349,21.39592]]]},"properties":{"commune_code":"08227","commune_name":"Xã Liên Minh","commune_kind":"XA","province_code":"25","province_name":"Tỉnh Phú Thọ","area_km2":20.98,"valid_from":"16/6/2025","published":"13/07/2025","area_km2_geom":21.625628037610998,"quality_flag":null,"population":23443.0,"population_wp":26205.73660127446,"anchor_ratio":0.8945751213442289,"pop_source":"WORLDPOP2025_ANCHORED_VNSDI","pop_density_ppkm2":1084.0378813150885,"n_stations":0,"n_ports":0,"power_kw_site":0.0,"ports_per_10k_pop":0.0,"util_mean_port_weighted":null,"dist_station_m_pop_weighted":6150.809978088983}},{"type":"Feature","geometry":{"type":"Polygon","coordinates":[[[105.28987,21.45613],[105.28918,21.45697],[105.28822,21.45637],[105.28794,21.45623],[105.28705,21.45592],[105.28603,21.45571],[105.28564,21.45568],[105.28538,21.45568],[105.2844,21.45662],[105.28431,21.45662],[105.28235,21.45481],[105.281,21.45536],[105.28054,21.44775],[105.28343,21.44569],[105.28375,21.44535],[105.2837,21.44475],[105.28271,21.44312],[105.28193,21.44333],[105.27997,21.44242],[105.28176,21.43797],[105.27777,21.43702],[105.27782,21.43626],[105.27838,21.4342],[105.27914,21.43157],[105.27827,21.42851],[105.27642,21.42541],[105.27447,21.422],[105.27454,21.41952],[105.27551,21.41708],[105.27554,21.41701],[105.27663,21.41476],[105.27882,21.41308],[105.28112,21.40995],[105.2825,21.40654],[105.28474,21.4069],[105.28838,21.40596],[105.29277,21.4002],[105.29643,21.39991],[105.29925,21.39866],[105.30097,21.39708],[105.30355,21.39701],[105.30925,21.39691],[105.31261,21.39459],[105.31295,21.39428],[105.31298,21.39426],[105.31318,21.39401],[105.31714,21.38643],[105.31722,21.38624],[105.31722,21.38594],[105.31694,21.38514],[105.3179,21.38356],[105.32062,21.38233],[105.32654,21.37745],[105.3291,21.37601],[105.33347,21.37528],[105.33534,21.37467],[105.33691,21.37298],[105.33949,21.37425],[105.33982,21.37477],[105.34327,21.3772],[105.34499,21.37762],[105.34891,21.38267],[105.35026,21.38694],[105.35092,21.38815],[105.35522,21.39385],[105.35737,21.3965],[105.36008,21.3981],[105.35636,21.40051],[105.35573,21.40092],[105.35322,21.40304],[105.35171,21.40558],[105.35003,21.40984],[105.34988,21.41019],[105.34944,21.41093],[105.34931,21.41108],[105.34914,21.41129],[105.349,21.4114],[105.34887,21.41147],[105.34811,21.41179],[105.34283,21.41352],[105.33917,21.41169],[105.3388,21.41131],[105.33827,21.41085],[105.33826,21.41085],[105.3377,21.4106],[105.33699,21.41031],[105.3367,21.41026],[105.33619,21.41022],[105.33397,21.41097],[105.33177,21.4123],[105.33084,21.41334],[105.33082,21.41364],[105.33082,21.41404],[105.33138,21.41971],[105.33039,21.4265],[105.33032,21.43004],[105.33317,21.43493],[105.33281,21.43835],[105.33292,21.4396],[105.33305,21.44044],[105.32883,21.43936],[105.32383,21.43849],[105.31503,21.43884],[105.30941,21.43697],[105.30338,21.4343],[105.29903,21.44046],[105.29665,21.444],[105.29634,21.44454],[105.29614,21.44497],[105.29609,21.44524],[105.29613,21.44572],[105.29716,21.44889],[105.2994,21.45155],[105.29951,21.45189],[105.29567,21.45586],[105.29535,21.45596],[105.29482,21.45602],[105.29315,21.45609],[105.29223,21.45551],[105.28987,21.45613]]]},"properties":{"commune_code":"08230","commune_name":"Xã Phù Ninh","commune_kind":"XA","province_code":"25","province_name":"Tỉnh Phú Thọ","area_km2":39.28,"valid_from":"16/6/2025","published":"13/07/2025","area_km2_geom":38.582434764256725,"quality_flag":null,"population":45037.0,"population_wp":46474.99283753708,"anchor_ratio":0.9690587830198516,"pop_source":"WORLDPOP2025_ANCHORED_VNSDI","pop_density_ppkm2":1167.2928438856034,"n_stations":4,"n_ports":30,"power_kw_site":887.0,"ports_per_10k_pop":6.661189688478363,"util_mean_port_weighted":0.17973635786437867,"dist_station_m_pop_weighted":1840.6948660790792}},{"type":"Feature","geometry":{"type":"Polygon","coordinates":[[[105.2752,21.5426],[105.27176,21.54293],[105.26951,21.53926],[105.26685,21.53541],[105.26622,21.53454],[105.26575,21.534],[105.26549,21.53376],[105.26491,21.53335],[105.26428,21.53299],[105.25312,21.52671],[105.25034,21.52597],[105.24717,21.5252],[105.24529,21.52438],[105.24168,21.51994],[105.2406,21.51707],[105.24014,21.51467],[105.23907,21.51374],[105.23977,21.51294],[105.24504,21.50775],[105.2504,21.50443],[105.25404,21.50189],[105.25442,21.50039],[105.25458,21.49554],[105.25265,21.48797],[105.25416,21.48644],[105.25687,21.48536],[105.25793,21.48613],[105.26021,21.48669],[105.26307,21.48703],[105.26649,21.48672],[105.2705,21.48647],[105.27045,21.48867],[105.27114,21.49131],[105.27251,21.49236],[105.27323,21.49179],[105.27397,21.49115],[105.2742,21.48988],[105.27439,21.48947],[105.27924,21.48815],[105.28312,21.48755],[105.28788,21.49079],[105.29121,21.49376],[105.29169,21.49416],[105.29324,21.49487],[105.29316,21.49504],[105.29321,21.49583],[105.29358,21.49629],[105.29894,21.4995],[105.29908,21.49957],[105.29925,21.4996],[105.29937,21.49958],[105.29949,21.49954],[105.30414,21.49865],[105.30872,21.50443],[105.30872,21.50443],[105.30877,21.50455],[105.30877,21.5055],[105.30787,21.50663],[105.30582,21.50915],[105.30273,21.50905],[105.30267,21.50904],[105.30102,21.50941],[105.30064,21.50999],[105.29758,21.51479],[105.29516,21.51993],[105.29555,21.52388],[105.2971,21.52913],[105.29726,21.53084],[105.29736,21.53176],[105.29679,21.53471],[105.29407,21.53769],[105.28975,21.54003],[105.28043,21.54217],[105.2752,21.5426]]]},"properties":{"commune_code":"08236","commune_name":"Xã Phú Mỹ","commune_kind":"XA","province_code":"25","province_name":"Tỉnh Phú Thọ","area_km2":27.36,"valid_from":"16/6/2025","published":"13/07/2025","area_km2_geom":27.63797273985339,"quality_flag":null,"population":15460.0,"population_wp":17020.135490998626,"anchor_ratio":0.9083358947510302,"pop_source":"WORLDPOP2025_ANCHORED_VNSDI","pop_density_ppkm2":559.3753255898903,"n_stations":0,"n_ports":0,"power_kw_site":0.0,"ports_per_10k_pop":0.0,"util_mean_port_weighted":null,"dist_station_m_pop_weighted":8053.056242962005}},{"type":"Feature","geometry":{"type":"Polygon","coordinates":[[[105.21833,21.51075],[105.21328,21.51391],[105.21201,21.51263],[105.21271,21.51008],[105.21364,21.50696],[105.21502,21.50303],[105.21509,21.50285],[105.21496,21.49905],[105.21484,21.49712],[105.21477,21.49647],[105.21394,21.49557],[105.21291,21.4948],[105.21222,21.4948],[105.21273,21.48867],[105.21312,21.48745],[105.21374,21.48698],[105.21496,21.4882],[105.21588,21.48834],[105.21684,21.48816],[105.22117,21.48525],[105.22445,21.47951],[105.22471,21.4756],[105.22509,21.47374],[105.22658,21.46979],[105.22956,21.46607],[105.22956,21.46607],[105.23604,21.46336],[105.23654,21.46099],[105.23866,21.45762],[105.23899,21.45749],[105.23926,21.45739],[105.24073,21.45861],[105.24156,21.4587],[105.2419,21.45764],[105.24707,21.46014],[105.25439,21.46048],[105.25618,21.4594],[105.25665,21.45816],[105.25692,21.45766],[105.262,21.45461],[105.26279,21.45478],[105.2642,21.45495],[105.26829,21.45372],[105.27294,21.45134],[105.27401,21.45194],[105.278,21.45013],[105.2805,21.4489],[105.28054,21.44775],[105.281,21.45536],[105.28235,21.45481],[105.2823,21.45658],[105.28125,21.46078],[105.28106,21.46803],[105.28132,21.4724],[105.28327,21.4769],[105.28505,21.47666],[105.28491,21.47643],[105.28574,21.47623],[105.29187,21.47489],[105.29425,21.47889],[105.29542,21.48023],[105.29716,21.48111],[105.29881,21.4816],[105.29979,21.48369],[105.30002,21.48425],[105.30007,21.48466],[105.2982,21.4867],[105.29707,21.4871],[105.29618,21.48728],[105.2949,21.487],[105.29397,21.48846],[105.29266,21.49085],[105.2929,21.49314],[105.29324,21.49487],[105.29169,21.49416],[105.29121,21.49376],[105.28788,21.49079],[105.28312,21.48755],[105.27924,21.48815],[105.27439,21.48947],[105.2742,21.48988],[105.27397,21.49115],[105.27323,21.49179],[105.27251,21.49236],[105.27114,21.49131],[105.27045,21.48867],[105.2705,21.48647],[105.26649,21.48672],[105.26307,21.48703],[105.26021,21.48669],[105.25793,21.48613],[105.25687,21.48536],[105.25416,21.48644],[105.25265,21.48797],[105.25458,21.49554],[105.25442,21.50039],[105.25404,21.50189],[105.2504,21.50443],[105.24504,21.50775],[105.23977,21.51294],[105.23907,21.51374],[105.23496,21.51123],[105.2314,21.51353],[105.22768,21.51257],[105.22255,21.512],[105.21833,21.51075]]]},"properties":{"commune_code":"08245","commune_name":"Xã Trạm Thản","commune_kind":"XA","province_code":"25","province_name":"Tỉnh Phú Thọ","area_km2":32.6,"valid_from":"16/6/2025","published":"13/07/2025","area_km2_geom":32.43264846638261,"quality_flag":null,"population":16138.0,"population_wp":16286.675064489245,"anchor_ratio":0.9908713679188326,"pop_source":"WORLDPOP2025_ANCHORED_VNSDI","pop_density_ppkm2":497.58501889623693,"n_stations":2,"n_ports":10,"power_kw_site":280.5,"ports_per_10k_pop":6.196554715578139,"util_mean_port_weighted":0.05998941327487108,"dist_station_m_pop_weighted":3345.3539580007046}},{"type":"Feature","geometry":{"type":"Polygon","coordinates":[[[105.3198,21.51296],[105.31725,21.5132],[105.31392,21.51249],[105.31369,21.51239],[105.31034,21.51094],[105.3081,21.50999],[105.30612,21.50916],[105.30582,21.50915],[105.30787,21.50663],[105.30877,21.5055],[105.30877,21.50455],[105.30872,21.50443],[105.30872,21.50443],[105.30414,21.49865],[105.29949,21.49954],[105.29937,21.49958],[105.29925,21.4996],[105.29908,21.49957],[105.29894,21.4995],[105.29358,21.49629],[105.29321,21.49583],[105.29316,21.49504],[105.29324,21.49487],[105.2929,21.49314],[105.29266,21.49085],[105.29397,21.48846],[105.2949,21.487],[105.29618,21.48728],[105.29707,21.4871],[105.2982,21.4867],[105.30007,21.48466],[105.30002,21.48425],[105.29979,21.48369],[105.29881,21.4816],[105.29716,21.48111],[105.29542,21.48023],[105.29425,21.47889],[105.29187,21.47489],[105.28574,21.47623],[105.28491,21.47643],[105.28505,21.47666],[105.28327,21.4769],[105.28132,21.4724],[105.28106,21.46803],[105.28125,21.46078],[105.2823,21.45658],[105.28235,21.45481],[105.28431,21.45662],[105.2844,21.45662],[105.28538,21.45568],[105.28564,21.45568],[105.28603,21.45571],[105.28705,21.45592],[105.28794,21.45623],[105.28822,21.45637],[105.28918,21.45697],[105.28987,21.45613],[105.29223,21.45551],[105.29315,21.45609],[105.29482,21.45602],[105.29535,21.45596],[105.29567,21.45586],[105.29951,21.45189],[105.2994,21.45155],[105.29716,21.44889],[105.29613,21.44572],[105.29609,21.44524],[105.29614,21.44497],[105.29634,21.44454],[105.29665,21.444],[105.29903,21.44046],[105.30338,21.4343],[105.30941,21.43697],[105.31503,21.43884],[105.32383,21.43849],[105.32883,21.43936],[105.33305,21.44044],[105.33351,21.44057],[105.33372,21.44064],[105.33376,21.44467],[105.3337,21.44491],[105.33339,21.44521],[105.33312,21.44543],[105.33274,21.44566],[105.33272,21.44566],[105.33262,21.44568],[105.33252,21.44565],[105.33205,21.44549],[105.33197,21.44543],[105.33117,21.4446],[105.32741,21.44768],[105.325,21.44903],[105.32384,21.45267],[105.32333,21.45487],[105.32796,21.45878],[105.329,21.45901],[105.33247,21.45693],[105.33289,21.4565],[105.33313,21.45626],[105.33326,21.45613],[105.3338,21.45583],[105.334,21.45572],[105.33433,21.45565],[105.33611,21.45546],[105.33527,21.45969],[105.33753,21.46064],[105.33791,21.46079],[105.33636,21.46571],[105.3353,21.46908],[105.33215,21.48267],[105.33087,21.48596],[105.32754,21.48999],[105.32333,21.49311],[105.32257,21.4961],[105.32271,21.50004],[105.32381,21.50283],[105.32451,21.50458],[105.32451,21.50546],[105.32451,21.50673],[105.3241,21.50793],[105.3198,21.51296]]]},"properties":{"commune_code":"08254","commune_name":"Xã Dân Chủ","commune_kind":"XA","province_code":"25","province_name":"Tỉnh Phú Thọ","area_km2":29.85,"valid_from":"16/6/2025","published":"13/07/2025","area_km2_geom":29.784278977817465,"quality_flag":null,"population":18568.0,"population_wp":17968.538613649085,"anchor_ratio":1.033361721798319,"pop_source":"WORLDPOP2025_ANCHORED_VNSDI","pop_density_ppkm2":623.4161321759359,"n_stations":0,"n_ports":0,"power_kw_site":0.0,"ports_per_10k_pop":0.0,"util_mean_port_weighted":null,"dist_station_m_pop_weighted":6357.40102032414}},{"type":"Feature","geometry":{"type":"Polygon","coordinates":[[[105.34004,21.45401],[105.33791,21.46079],[105.33753,21.46064],[105.33527,21.45969],[105.33611,21.45546],[105.33433,21.45565],[105.334,21.45572],[105.3338,21.45583],[105.33326,21.45613],[105.33313,21.45626],[105.33289,21.4565],[105.33247,21.45693],[105.329,21.45901],[105.32796,21.45878],[105.32333,21.45487],[105.32384,21.45267],[105.325,21.44903],[105.32741,21.44768],[105.33117,21.4446],[105.33197,21.44543],[105.33205,21.44549],[105.33252,21.44565],[105.33262,21.44568],[105.33272,21.44566],[105.33274,21.44566],[105.33312,21.44543],[105.33339,21.44521],[105.3337,21.44491],[105.33376,21.44467],[105.33372,21.44064],[105.33351,21.44057],[105.33305,21.44044],[105.33292,21.4396],[105.33281,21.43835],[105.33317,21.43493],[105.33032,21.43004],[105.33039,21.4265],[105.33138,21.41971],[105.33082,21.41404],[105.33082,21.41364],[105.33084,21.41334],[105.33177,21.4123],[105.33397,21.41097],[105.33619,21.41022],[105.3367,21.41026],[105.33699,21.41031],[105.3377,21.4106],[105.33826,21.41085],[105.33827,21.41085],[105.3388,21.41131],[105.33917,21.41169],[105.34283,21.41352],[105.34811,21.41179],[105.34887,21.41147],[105.349,21.4114],[105.34914,21.41129],[105.34931,21.41108],[105.34944,21.41093],[105.34988,21.41019],[105.35003,21.40984],[105.35171,21.40558],[105.35322,21.40304],[105.35573,21.40092],[105.35636,21.40051],[105.36008,21.3981],[105.36581,21.39499],[105.37081,21.39521],[105.37195,21.39487],[105.3722,21.39468],[105.3724,21.39447],[105.37256,21.39426],[105.37272,21.39398],[105.37285,21.3937],[105.37296,21.39339],[105.37311,21.39275],[105.37321,21.39222],[105.37333,21.3912],[105.37216,21.39096],[105.36988,21.38936],[105.36806,21.38697],[105.36786,21.3864],[105.36819,21.3859],[105.37101,21.38173],[105.3721,21.37893],[105.37304,21.37618],[105.37329,21.37577],[105.37597,21.37472],[105.37811,21.37411],[105.38123,21.3743],[105.38233,21.37463],[105.38414,21.37587],[105.38697,21.37606],[105.38895,21.37273],[105.39061,21.36991],[105.39227,21.36759],[105.39229,21.37619],[105.39155,21.38566],[105.39325,21.39168],[105.39462,21.39557],[105.39488,21.3962],[105.39695,21.40127],[105.39741,21.40326],[105.39833,21.4072],[105.39856,21.41123],[105.39804,21.41245],[105.39563,21.41803],[105.39156,21.42408],[105.38954,21.42661],[105.38158,21.43313],[105.37567,21.43399],[105.36976,21.43315],[105.36407,21.43041],[105.36113,21.42799],[105.35677,21.42359],[105.35588,21.42218],[105.35401,21.41921],[105.35348,21.41894],[105.35197,21.41818],[105.3519,21.41815],[105.3518,21.41815],[105.34851,21.41816],[105.34608,21.41877],[105.34389,21.42035],[105.34334,21.42074],[105.34173,21.42499],[105.34164,21.42815],[105.34158,21.43014],[105.34356,21.43674],[105.34386,21.43772],[105.34435,21.43937],[105.34356,21.44604],[105.34004,21.45401]]]},"properties":{"commune_code":"08275","commune_name":"Xã Bình Phú","commune_kind":"XA","province_code":"25","province_name":"Tỉnh Phú Thọ","area_km2":28.28,"valid_from":"16/6/2025","published":"13/07/2025","area_km2_geom":28.994541290614965,"quality_flag":null,"population":29649.0,"population_wp":24948.49007390067,"anchor_ratio":1.1884085935531894,"pop_source":"WORLDPOP2025_ANCHORED_VNSDI","pop_density_ppkm2":1022.5717904216982,"n_stations":1,"n_ports":2,"power_kw_site":33.5,"ports_per_10k_pop":0.6745590070491416,"util_mean_port_weighted":0.1729267076616254,"dist_station_m_pop_weighted":3100.0937171116534}},{"type":"Feature","geometry":{"type":"Polygon","coordinates":[[[105.04906,21.38782],[105.04856,21.38893],[105.04703,21.38844],[105.03534,21.38542],[105.03191,21.38092],[105.02823,21.37799],[105.0235,21.37491],[105.01325,21.37151],[105.00702,21.37105],[105.00433,21.37032],[105.00617,21.36784],[105.0102,21.36425],[105.01631,21.36244],[105.02453,21.35627],[105.02667,21.35132],[105.02698,21.34804],[105.02581,21.34711],[105.02548,21.34639],[105.02599,21.34604],[105.02904,21.34459],[105.03465,21.34564],[105.03672,21.3463],[105.038,21.34658],[105.04002,21.34587],[105.04141,21.34467],[105.04182,21.34342],[105.04179,21.3403],[105.04158,21.33689],[105.04147,21.33626],[105.04114,21.33464],[105.04065,21.33264],[105.03799,21.32684],[105.03645,21.31902],[105.03654,21.31801],[105.0381,21.31557],[105.03966,21.31496],[105.04518,21.31471],[105.05152,21.31558],[105.05542,21.31695],[105.05797,21.31364],[105.05703,21.31204],[105.05659,21.31013],[105.05633,21.30895],[105.05605,21.30421],[105.05657,21.30313],[105.05701,21.30285],[105.06413,21.30186],[105.07039,21.30137],[105.07632,21.302],[105.08745,21.30172],[105.09103,21.30041],[105.09386,21.29636],[105.09334,21.29308],[105.09336,21.2904],[105.09403,21.28476],[105.09452,21.28225],[105.09501,21.28097],[105.09628,21.27421],[105.09722,21.27446],[105.10127,21.27561],[105.1014,21.27585],[105.10171,21.27679],[105.10453,21.28246],[105.1062,21.28397],[105.10642,21.2842],[105.10676,21.2847],[105.10759,21.28867],[105.10761,21.29007],[105.10711,21.2936],[105.10693,21.2947],[105.10613,21.296],[105.10544,21.29713],[105.10457,21.29881],[105.10434,21.29965],[105.104,21.30267],[105.10424,21.30355],[105.10521,21.30673],[105.10541,21.30707],[105.10562,21.30735],[105.10573,21.30743],[105.10759,21.30824],[105.10903,21.30883],[105.12016,21.31208],[105.1229,21.31173],[105.12762,21.31163],[105.12819,21.31165],[105.12844,21.31178],[105.12884,21.31217],[105.13023,21.31438],[105.12987,21.31695],[105.1299,21.31811],[105.13073,21.32018],[105.13086,21.32167],[105.13083,21.32272],[105.1302,21.3246],[105.12981,21.32579],[105.12857,21.32714],[105.12257,21.33103],[105.11789,21.33528],[105.11779,21.33596],[105.11805,21.33746],[105.11955,21.33955],[105.12186,21.34396],[105.12184,21.34595],[105.12183,21.34596],[105.11903,21.34797],[105.11881,21.34811],[105.11851,21.34824],[105.1182,21.34834],[105.11787,21.34841],[105.11754,21.34844],[105.1172,21.34845],[105.11687,21.34842],[105.11655,21.34835],[105.11624,21.34824],[105.11595,21.34809],[105.11538,21.34773],[105.11456,21.34708],[105.10819,21.35008],[105.10161,21.35367],[105.10085,21.35419],[105.10045,21.35473],[105.09957,21.3566],[105.09945,21.35704],[105.09955,21.35746],[105.10002,21.35936],[105.0979,21.35846],[105.09598,21.35794],[105.0893,21.35699],[105.086,21.35493],[105.08563,21.35428],[105.08471,21.35388],[105.08414,21.35401],[105.0835,21.35451],[105.08311,21.35497],[105.08193,21.35636],[105.07989,21.35879],[105.0794,21.35996],[105.07926,21.36139],[105.0791,21.36331],[105.07851,21.36461],[105.07812,21.36512],[105.07646,21.36624],[105.07637,21.36631],[105.07296,21.36668],[105.07157,21.36704],[105.06932,21.36941],[105.06467,21.37427],[105.06093,21.37791],[105.05503,21.3818],[105.05447,21.38223],[105.05194,21.38426],[105.05175,21.38442],[105.0509,21.38517],[105.04906,21.38782]]]},"properties":{"commune_code":"08290","commune_name":"Xã Yên Lập","commune_kind":"XA","province_code":"25","province_name":"Tỉnh Phú Thọ","area_km2":69.05,"valid_from":"16/6/2025","published":"13/07/2025","area_km2_geom":68.51435741127801,"quality_flag":null,"population":29678.0,"population_wp":34513.187503285706,"anchor_ratio":0.8599031890976344,"pop_source":"WORLDPOP2025_ANCHORED_VNSDI","pop_density_ppkm2":433.16468432811666,"n_stations":1,"n_ports":4,"power_kw_site":240.0,"ports_per_10k_pop":1.3477997169620595,"util_mean_port_weighted":0.32745520526196414,"dist_station_m_pop_weighted":3382.913359972715}},{"type":"Feature","geometry":{"type":"Polygon","coordinates":[[[104.91322,21.54409],[104.91309,21.54421],[104.90771,21.54177],[104.90528,21.54127],[104.9042,21.54141],[104.90211,21.54077],[104.89518,21.53746],[104.8859,21.53554],[104.8782,21.5342],[104.88042,21.53168],[104.88078,21.53127],[104.88384,21.52508],[104.88409,21.52198],[104.88379,21.51939],[104.88346,21.51662],[104.88331,21.51385],[104.88311,21.51012],[104.88309,21.50971],[104.88335,21.50856],[104.88433,21.50433],[104.88564,21.49864],[104.88671,21.49632],[104.88881,21.49175],[104.89315,21.48233],[104.8937,21.48067],[104.89621,21.47304],[104.89649,21.47251],[104.90118,21.46351],[104.90583,21.45671],[104.91047,21.44994],[104.91187,21.44589],[104.91264,21.43925],[104.91276,21.43815],[104.91269,21.43786],[104.91187,21.4347],[104.90921,21.43196],[104.90705,21.42934],[104.90679,21.42779],[104.90692,21.4241],[104.90712,21.42286],[104.90756,21.42017],[104.90782,21.41671],[104.90682,21.41449],[104.90781,21.41418],[104.90834,21.41398],[104.90908,21.41367],[104.90928,21.41358],[104.9095,21.41347],[104.90982,21.41326],[104.91034,21.41274],[104.91069,21.41235],[104.91094,21.41204],[104.91119,21.41167],[104.91149,21.4112],[104.91166,21.41096],[104.91181,21.41078],[104.91219,21.4105],[104.91262,21.41026],[104.9129,21.41009],[104.91602,21.40881],[104.917,21.40841],[104.91733,21.40829],[104.91768,21.40822],[104.92345,21.40725],[104.92677,21.40791],[104.92681,21.40792],[104.92784,21.40833],[104.92804,21.40845],[104.92817,21.4086],[104.9282,21.40868],[104.92813,21.40913],[104.92785,21.41068],[104.92929,21.4123],[104.93818,21.41319],[104.93938,21.41324],[104.9393,21.41783],[104.94166,21.42089],[104.9475,21.42567],[104.94772,21.42576],[104.94852,21.42599],[104.94885,21.42608],[104.95002,21.42623],[104.95017,21.42624],[104.95116,21.4261],[104.952,21.42589],[104.95335,21.42546],[104.9535,21.42538],[104.9536,21.42525],[104.95374,21.42491],[104.95856,21.42308],[104.97283,21.42721],[104.97894,21.42994],[104.9791,21.43018],[104.97944,21.43052],[104.97953,21.4306],[104.97986,21.43086],[104.98142,21.43205],[104.98254,21.43283],[104.98258,21.43285],[104.98264,21.43288],[104.98568,21.43422],[104.98751,21.43449],[104.9914,21.43462],[104.9956,21.43553],[104.99473,21.43714],[104.9931,21.44528],[104.9924,21.4463],[104.99091,21.44844],[104.99117,21.45253],[104.99249,21.45612],[104.99292,21.45674],[104.99526,21.46013],[104.99659,21.46109],[104.99674,21.46202],[104.99637,21.46468],[104.99616,21.46604],[104.99588,21.46738],[104.99366,21.46955],[104.99036,21.47107],[104.98524,21.47293],[104.98236,21.47351],[104.98183,21.47763],[104.98083,21.48389],[104.98016,21.48613],[104.97835,21.48645],[104.97007,21.48397],[104.9682,21.4838],[104.96258,21.48786],[104.96065,21.48927],[104.96065,21.48927],[104.95407,21.49529],[104.95262,21.49704],[104.94851,21.49771],[104.94844,21.49748],[104.94791,21.49705],[104.94741,21.49676],[104.94016,21.4946],[104.93834,21.49456],[104.93732,21.49478],[104.93702,21.49484],[104.93654,21.49494],[104.93589,21.49529],[104.93534,21.49569],[104.93504,21.49616],[104.93487,21.4966],[104.93482,21.49722],[104.93477,21.49885],[104.93477,21.49999],[104.93585,21.50432],[104.93769,21.50456],[104.93852,21.50431],[104.93896,21.50431],[104.93929,21.50431],[104.94051,21.50472],[104.9396,21.50712],[104.93887,21.50867],[104.9344,21.5171],[104.93211,21.52131],[104.93134,21.52225],[104.92898,21.52366],[104.92818,21.52533],[104.92783,21.52757],[104.92658,21.52951],[104.92185,21.5328],[104.91741,21.53916],[104.9146,21.54283],[104.91322,21.54409]]]},"properties":{"commune_code":"08296","commune_name":"Xã Sơn Lương","commune_kind":"XA","province_code":"25","province_name":"Tỉnh Phú Thọ","area_km2":96.92,"valid_from":"16/6/2025","published":"13/07/2025","area_km2_geom":96.12470895742962,"quality_flag":null,"population":23365.0,"population_wp":18370.077321451157,"anchor_ratio":1.2719053704099632,"pop_source":"WORLDPOP2025_ANCHORED_VNSDI","pop_density_ppkm2":243.0696566306127,"n_stations":0,"n_ports":0,"power_kw_site":0.0,"ports_per_10k_pop":0.0,"util_mean_port_weighted":null,"dist_station_m_pop_weighted":12900.371688847508}},{"type":"Feature","geometry":{"type":"Polygon","coordinates":[[[104.99572,21.43475],[104.9956,21.43553],[104.9914,21.43462],[104.98751,21.43449],[104.98568,21.43422],[104.98264,21.43288],[104.98258,21.43285],[104.98254,21.43283],[104.98142,21.43205],[104.97986,21.43086],[104.97953,21.4306],[104.97944,21.43052],[104.9791,21.43018],[104.97894,21.42994],[104.97283,21.42721],[104.95856,21.42308],[104.95374,21.42491],[104.9536,21.42525],[104.9535,21.42538],[104.95335,21.42546],[104.952,21.42589],[104.95116,21.4261],[104.95017,21.42624],[104.95002,21.42623],[104.94885,21.42608],[104.94852,21.42599],[104.94772,21.42576],[104.9475,21.42567],[104.94166,21.42089],[104.9393,21.41783],[104.93938,21.41324],[104.93903,21.41224],[104.93843,21.40382],[104.93896,21.40105],[104.94045,21.39945],[104.94195,21.39869],[104.94392,21.39509],[104.94599,21.39094],[104.94614,21.38955],[104.94622,21.38938],[104.94644,21.38899],[104.94659,21.38879],[104.9476,21.38766],[104.94846,21.38685],[104.94953,21.38604],[104.95068,21.38595],[104.95521,21.38601],[104.96043,21.38693],[104.96557,21.38774],[104.96814,21.38689],[104.96853,21.39007],[104.96867,21.39338],[104.96867,21.39525],[104.96874,21.39535],[104.96892,21.39557],[104.96901,21.39565],[104.9706,21.39679],[104.9707,21.39683],[104.97084,21.39687],[104.97155,21.39698],[104.97728,21.39699],[104.97862,21.39677],[104.98105,21.39611],[104.98137,21.39602],[104.98207,21.3957],[104.98237,21.39551],[104.98346,21.39435],[104.98448,21.38859],[104.98474,21.38496],[104.98515,21.38347],[104.98967,21.37835],[104.99415,21.3742],[104.99639,21.37287],[104.9972,21.37115],[105.001,21.37076],[105.00433,21.37032],[105.00702,21.37105],[105.01325,21.37151],[105.0235,21.37491],[105.02823,21.37799],[105.03191,21.38092],[105.03534,21.38542],[105.04703,21.38844],[105.04856,21.38893],[105.04735,21.39091],[105.04561,21.39189],[105.04161,21.39488],[105.03995,21.39708],[105.0352,21.39954],[105.03217,21.4009],[105.03155,21.40136],[105.02918,21.40349],[105.02788,21.40509],[105.02604,21.4076],[105.0219,21.41334],[105.01774,21.41814],[105.01603,21.42027],[105.01412,21.4223],[105.01412,21.4223],[105.01249,21.42345],[105.01249,21.42345],[105.00866,21.42565],[105.00866,21.42565],[105.00776,21.42598],[105.00672,21.42603],[105.00409,21.42715],[104.99839,21.43245],[104.99572,21.43475]]]},"properties":{"commune_code":"08305","commune_name":"Xã Xuân Viên","commune_kind":"XA","province_code":"25","province_name":"Tỉnh Phú Thọ","area_km2":46.19,"valid_from":"16/6/2025","published":"13/07/2025","area_km2_geom":46.24981232814902,"quality_flag":null,"population":14427.999999999998,"population_wp":11022.96626496315,"anchor_ratio":1.308903579416718,"pop_source":"WORLDPOP2025_ANCHORED_VNSDI","pop_density_ppkm2":311.9580226105844,"n_stations":0,"n_ports":0,"power_kw_site":0.0,"ports_per_10k_pop":0.0,"util_mean_port_weighted":null,"dist_station_m_pop_weighted":10714.943869113791}},{"type":"Feature","geometry":{"type":"Polygon","coordinates":[[[104.90781,21.41418],[104.90682,21.41449],[104.90642,21.41362],[104.9036,21.40913],[104.89809,21.40015],[104.8955,21.39586],[104.89233,21.39384],[104.89086,21.39327],[104.88585,21.39133],[104.88407,21.38883],[104.88243,21.38299],[104.88345,21.37525],[104.88497,21.37275],[104.88815,21.36835],[104.88967,21.36714],[104.88967,21.36714],[104.89502,21.36287],[104.89947,21.35644],[104.89959,21.35587],[104.90024,21.35287],[104.89973,21.35025],[104.89719,21.34572],[104.89649,21.34524],[104.89866,21.34243],[104.90041,21.34047],[104.90199,21.33885],[104.90312,21.33806],[104.90679,21.33483],[104.90782,21.33379],[104.90829,21.33291],[104.90846,21.33052],[104.91081,21.32872],[104.91539,21.3282],[104.92082,21.32794],[104.9224,21.32804],[104.92397,21.32764],[104.925,21.32727],[104.92587,21.32666],[104.92668,21.32536],[104.92738,21.32318],[104.93014,21.31878],[104.93532,21.31387],[104.93802,21.31111],[104.93789,21.30939],[104.93826,21.3075],[104.94009,21.30268],[104.94011,21.30271],[104.94147,21.30436],[104.94222,21.3049],[104.94322,21.3048],[104.94549,21.30402],[104.94751,21.30354],[104.94896,21.30364],[104.95259,21.30391],[104.95541,21.30458],[104.95896,21.30546],[104.96128,21.30638],[104.96357,21.30711],[104.96406,21.30506],[104.96588,21.30185],[104.97051,21.29877],[104.97551,21.29714],[104.97739,21.29682],[104.9821,21.29554],[104.9838,21.29443],[104.98588,21.29278],[104.98739,21.29164],[104.98833,21.29112],[104.99195,21.29068],[104.99185,21.29124],[104.99185,21.29125],[104.99165,21.29244],[104.99159,21.29295],[104.99162,21.29341],[104.99179,21.295],[104.99198,21.29609],[104.99218,21.29725],[104.99228,21.29773],[104.99234,21.29794],[104.99242,21.29817],[104.99267,21.29858],[104.99276,21.29875],[104.99279,21.29889],[104.99289,21.29957],[104.99303,21.30059],[104.99304,21.30083],[104.99303,21.30098],[104.99183,21.30883],[104.9914,21.31106],[104.98851,21.31777],[104.98618,21.32181],[104.98304,21.3244],[104.98217,21.32492],[104.98204,21.32501],[104.98188,21.32515],[104.98161,21.32545],[104.98116,21.32598],[104.98102,21.32615],[104.98094,21.32629],[104.98086,21.32648],[104.98086,21.32665],[104.98091,21.32948],[104.9824,21.3326],[104.98587,21.33799],[104.98594,21.33807],[104.98637,21.3384],[104.98936,21.34063],[104.98963,21.34081],[104.98996,21.34101],[104.99238,21.3422],[104.99303,21.34248],[104.99346,21.34265],[104.99362,21.34269],[104.9942,21.34279],[104.99528,21.34726],[104.99552,21.34952],[104.99396,21.35102],[104.99385,21.35115],[104.99379,21.35122],[104.99316,21.35209],[104.99686,21.35659],[104.99785,21.3575],[104.9979,21.35756],[104.99793,21.35764],[104.99803,21.35842],[104.9983,21.36252],[104.99829,21.36263],[104.99825,21.36279],[104.99817,21.36297],[104.99809,21.36308],[104.99672,21.36435],[104.99632,21.36466],[104.99582,21.36497],[104.99549,21.36513],[104.99529,21.36528],[104.99518,21.36537],[104.99511,21.36546],[104.99508,21.36554],[104.99506,21.36565],[104.9953,21.36678],[104.99534,21.3669],[104.99599,21.36839],[104.9972,21.37115],[104.99639,21.37287],[104.99415,21.3742],[104.98967,21.37835],[104.98515,21.38347],[104.98474,21.38496],[104.98448,21.38859],[104.98346,21.39435],[104.98237,21.39551],[104.98207,21.3957],[104.98137,21.39602],[104.98105,21.39611],[104.97862,21.39677],[104.97728,21.39699],[104.97155,21.39698],[104.97084,21.39687],[104.9707,21.39683],[104.9706,21.39679],[104.96901,21.39565],[104.96892,21.39557],[104.96874,21.39535],[104.96867,21.39525],[104.96867,21.39338],[104.96853,21.39007],[104.96814,21.38689],[104.96557,21.38774],[104.96043,21.38693],[104.95521,21.38601],[104.95068,21.38595],[104.94953,21.38604],[104.94846,21.38685],[104.9476,21.38766],[104.94659,21.38879],[104.94644,21.38899],[104.94622,21.38938],[104.94614,21.38955],[104.94599,21.39094],[104.94392,21.39509],[104.94195,21.39869],[104.94045,21.39945],[104.93896,21.40105],[104.93843,21.40382],[104.93903,21.41224],[104.93938,21.41324],[104.93818,21.41319],[104.92929,21.4123],[104.92785,21.41068],[104.92813,21.40913],[104.9282,21.40868],[104.92817,21.4086],[104.92804,21.40845],[104.92784,21.40833],[104.92681,21.40792],[104.92677,21.40791],[104.92345,21.40725],[104.91768,21.40822],[104.91733,21.40829],[104.917,21.40841],[104.91602,21.40881],[104.9129,21.41009],[104.91262,21.41026],[104.91219,21.4105],[104.91181,21.41078],[104.91166,21.41096],[104.91149,21.4112],[104.91119,21.41167],[104.91094,21.41204],[104.91069,21.41235],[104.91034,21.41274],[104.90982,21.41326],[104.9095,21.41347],[104.90928,21.41358],[104.90908,21.41367],[104.90834,21.41398],[104.90781,21.41418]]]},"properties":{"commune_code":"08311","commune_name":"Xã Trung Sơn","commune_kind":"XA","province_code":"25","province_name":"Tỉnh Phú Thọ","area_km2":97.29,"valid_from":"16/6/2025","published":"13/07/2025","area_km2_geom":97.07334819956088,"quality_flag":null,"population":6028.0,"population_wp":3954.6841120123863,"anchor_ratio":1.524268393950834,"pop_source":"WORLDPOP2025_ANCHORED_VNSDI","pop_density_ppkm2":62.09737391160953,"n_stations":0,"n_ports":0,"power_kw_site":0.0,"ports_per_10k_pop":0.0,"util_mean_port_weighted":null,"dist_station_m_pop_weighted":28222.31125156863}},{"type":"Feature","geometry":{"type":"Polygon","coordinates":[[[105.001,21.37076],[104.9972,21.37115],[104.99599,21.36839],[104.99534,21.3669],[104.9953,21.36678],[104.99506,21.36565],[104.99508,21.36554],[104.99511,21.36546],[104.99518,21.36537],[104.99529,21.36528],[104.99549,21.36513],[104.99582,21.36497],[104.99632,21.36466],[104.99672,21.36435],[104.99809,21.36308],[104.99817,21.36297],[104.99825,21.36279],[104.99829,21.36263],[104.9983,21.36252],[104.99803,21.35842],[104.99793,21.35764],[104.9979,21.35756],[104.99785,21.3575],[104.99686,21.35659],[104.99316,21.35209],[104.99379,21.35122],[104.99385,21.35115],[104.99396,21.35102],[104.99552,21.34952],[104.99528,21.34726],[104.9942,21.34279],[104.99362,21.34269],[104.99346,21.34265],[104.99303,21.34248],[104.99238,21.3422],[104.98996,21.34101],[104.98963,21.34081],[104.98936,21.34063],[104.98637,21.3384],[104.98594,21.33807],[104.98587,21.33799],[104.9824,21.3326],[104.98091,21.32948],[104.98086,21.32665],[104.98086,21.32648],[104.98094,21.32629],[104.98102,21.32615],[104.98116,21.32598],[104.98161,21.32545],[104.98188,21.32515],[104.98204,21.32501],[104.98217,21.32492],[104.98304,21.3244],[104.98618,21.32181],[104.98851,21.31777],[104.9914,21.31106],[104.99183,21.30883],[104.99303,21.30098],[104.99304,21.30083],[104.99303,21.30059],[104.99289,21.29957],[104.99279,21.29889],[104.99276,21.29875],[104.99267,21.29858],[104.99242,21.29817],[104.99234,21.29794],[104.99228,21.29773],[104.99218,21.29725],[104.99198,21.29609],[104.99179,21.295],[104.99162,21.29341],[104.99159,21.29295],[104.99165,21.29244],[104.99185,21.29125],[104.99185,21.29124],[104.99195,21.29068],[104.99255,21.28965],[104.994,21.28904],[104.99553,21.28881],[104.99814,21.28885],[105.00008,21.28927],[105.00189,21.28981],[105.00358,21.29083],[105.00488,21.29183],[105.0059,21.29353],[105.00649,21.2942],[105.0073,21.29441],[105.00871,21.29391],[105.01098,21.29252],[105.01274,21.29075],[105.01327,21.29013],[105.01361,21.28999],[105.01389,21.28987],[105.01557,21.29035],[105.01896,21.29145],[105.02044,21.29228],[105.02138,21.29243],[105.02225,21.29216],[105.03694,21.28358],[105.04207,21.27997],[105.04995,21.27478],[105.05278,21.27346],[105.05673,21.27229],[105.06257,21.26951],[105.06507,21.26822],[105.06576,21.26757],[105.0705,21.27175],[105.07528,21.27178],[105.08073,21.26754],[105.08208,21.2666],[105.08264,21.2663],[105.08302,21.26613],[105.0835,21.2661],[105.08761,21.2668],[105.09111,21.26991],[105.09268,21.27217],[105.09435,21.27357],[105.09485,21.27378],[105.09628,21.27421],[105.09501,21.28097],[105.09452,21.28225],[105.09403,21.28476],[105.09336,21.2904],[105.09334,21.29308],[105.09386,21.29636],[105.09103,21.30041],[105.08745,21.30172],[105.07632,21.302],[105.07039,21.30137],[105.06413,21.30186],[105.05701,21.30285],[105.05657,21.30313],[105.05605,21.30421],[105.05633,21.30895],[105.05659,21.31013],[105.05703,21.31204],[105.05797,21.31364],[105.05542,21.31695],[105.05152,21.31558],[105.04518,21.31471],[105.03966,21.31496],[105.0381,21.31557],[105.03654,21.31801],[105.03645,21.31902],[105.03799,21.32684],[105.04065,21.33264],[105.04114,21.33464],[105.04147,21.33626],[105.04158,21.33689],[105.04179,21.3403],[105.04182,21.34342],[105.04141,21.34467],[105.04002,21.34587],[105.038,21.34658],[105.03672,21.3463],[105.03465,21.34564],[105.02904,21.34459],[105.02599,21.34604],[105.02548,21.34639],[105.02581,21.34711],[105.02698,21.34804],[105.02667,21.35132],[105.02453,21.35627],[105.01631,21.36244],[105.0102,21.36425],[105.00617,21.36784],[105.00433,21.37032],[105.001,21.37076]]]},"properties":{"commune_code":"08323","commune_name":"Xã Thượng Long","commune_kind":"XA","province_code":"25","province_name":"Tỉnh Phú Thọ","area_km2":60.36,"valid_from":"16/6/2025","published":"13/07/2025","area_km2_geom":60.63298149402236,"quality_flag":null,"population":16108.0,"population_wp":14924.604844342917,"anchor_ratio":1.079291556995939,"pop_source":"WORLDPOP2025_ANCHORED_VNSDI","pop_density_ppkm2":265.6639934750371,"n_stations":0,"n_ports":0,"power_kw_site":0.0,"ports_per_10k_pop":0.0,"util_mean_port_weighted":null,"dist_station_m_pop_weighted":6446.6290683040515}},{"type":"Feature","geometry":{"type":"Polygon","coordinates":[[[105.13028,21.31405],[105.13023,21.31438],[105.12884,21.31217],[105.12844,21.31178],[105.12819,21.31165],[105.12762,21.31163],[105.1229,21.31173],[105.12016,21.31208],[105.10903,21.30883],[105.10759,21.30824],[105.10573,21.30743],[105.10562,21.30735],[105.10541,21.30707],[105.10521,21.30673],[105.10424,21.30355],[105.104,21.30267],[105.10434,21.29965],[105.10457,21.29881],[105.10544,21.29713],[105.10613,21.296],[105.10693,21.2947],[105.10711,21.2936],[105.10761,21.29007],[105.10759,21.28867],[105.10676,21.2847],[105.10642,21.2842],[105.1062,21.28397],[105.10453,21.28246],[105.10171,21.27679],[105.1014,21.27585],[105.10127,21.27561],[105.09722,21.27446],[105.09628,21.27421],[105.09485,21.27378],[105.09435,21.27357],[105.09268,21.27217],[105.09111,21.26991],[105.08761,21.2668],[105.0835,21.2661],[105.08302,21.26613],[105.08264,21.2663],[105.08208,21.2666],[105.08073,21.26754],[105.07528,21.27178],[105.0705,21.27175],[105.06576,21.26757],[105.06612,21.26724],[105.06721,21.26578],[105.06808,21.26459],[105.06838,21.26375],[105.06856,21.26265],[105.06978,21.26131],[105.07312,21.25789],[105.07631,21.25619],[105.07781,21.25115],[105.07804,21.24711],[105.07809,21.24658],[105.0787,21.24507],[105.07959,21.24393],[105.08115,21.24307],[105.08209,21.24235],[105.08385,21.24072],[105.08513,21.23943],[105.08887,21.23558],[105.08938,21.23477],[105.09006,21.23134],[105.09042,21.23087],[105.09354,21.22979],[105.09515,21.22978],[105.09738,21.22978],[105.09825,21.22806],[105.10722,21.22976],[105.10775,21.22716],[105.10783,21.22687],[105.1081,21.22647],[105.10959,21.22504],[105.1135,21.22368],[105.12225,21.21688],[105.12202,21.21424],[105.12216,21.21286],[105.1224,21.21233],[105.12275,21.21218],[105.13005,21.21089],[105.13315,21.20819],[105.14174,21.2053],[105.14556,21.20487],[105.14834,21.205],[105.14847,21.20507],[105.14862,21.20528],[105.14887,21.20624],[105.14909,21.20689],[105.14923,21.2072],[105.14932,21.20738],[105.14938,21.20749],[105.14956,21.20777],[105.1499,21.20813],[105.15012,21.20828],[105.15043,21.20846],[105.15071,21.20856],[105.15108,21.20867],[105.15118,21.20868],[105.15143,21.20873],[105.1518,21.20878],[105.15254,21.20884],[105.15328,21.20883],[105.15351,21.20881],[105.15365,21.2088],[105.154,21.20874],[105.15434,21.20865],[105.15462,21.20854],[105.1549,21.2084],[105.15512,21.20826],[105.15516,21.20823],[105.15566,21.20783],[105.15637,21.20715],[105.15668,21.2068],[105.15707,21.20636],[105.15771,21.20555],[105.15808,21.20499],[105.15824,21.20471],[105.15837,21.20442],[105.15855,21.20385],[105.15868,21.20341],[105.1588,21.20312],[105.15903,21.20276],[105.15919,21.20257],[105.15957,21.20225],[105.15992,21.20203],[105.16053,21.20177],[105.16114,21.2016],[105.16172,21.20151],[105.16232,21.20148],[105.16294,21.20152],[105.16354,21.20163],[105.16421,21.20182],[105.1649,21.20205],[105.16896,21.20356],[105.16931,21.20378],[105.16987,21.20421],[105.16997,21.20497],[105.17023,21.207],[105.16987,21.2076],[105.16895,21.20817],[105.16608,21.21257],[105.16667,21.22182],[105.16711,21.22352],[105.1678,21.22548],[105.16849,21.22656],[105.16961,21.22799],[105.17033,21.22899],[105.17043,21.22942],[105.17041,21.22985],[105.17005,21.23074],[105.16887,21.23354],[105.16833,21.23474],[105.16617,21.2394],[105.16437,21.24123],[105.16368,21.24167],[105.16101,21.2481],[105.16068,21.2493],[105.16,21.25175],[105.15442,21.25471],[105.15375,21.25507],[105.15213,21.25696],[105.15149,21.26075],[105.15099,21.26347],[105.14637,21.26855],[105.14535,21.27107],[105.14537,21.27151],[105.14538,21.27184],[105.14609,21.27295],[105.14717,21.27369],[105.14883,21.27474],[105.14906,21.28045],[105.14909,21.28182],[105.1489,21.28328],[105.14792,21.29034],[105.14735,21.29225],[105.14678,21.29306],[105.1462,21.29324],[105.14489,21.29303],[105.14346,21.29225],[105.14151,21.29091],[105.14033,21.29037],[105.13928,21.29046],[105.13765,21.29124],[105.13695,21.29187],[105.1345,21.29558],[105.13374,21.29734],[105.13301,21.2992],[105.13313,21.29997],[105.13406,21.30093],[105.13508,21.30182],[105.13333,21.30592],[105.1311,21.30733],[105.13094,21.30783],[105.13028,21.31405]]]},"properties":{"commune_code":"08338","commune_name":"Xã Minh Hòa","commune_kind":"XA","province_code":"25","province_name":"Tỉnh Phú Thọ","area_km2":68.44,"valid_from":"16/6/2025","published":"13/07/2025","area_km2_geom":67.9599213202277,"quality_flag":null,"population":16425.0,"population_wp":16303.138744078577,"anchor_ratio":1.0074747113322386,"pop_source":"WORLDPOP2025_ANCHORED_VNSDI","pop_density_ppkm2":241.68656585997599,"n_stations":1,"n_ports":4,"power_kw_site":180.0,"ports_per_10k_pop":2.43531202435312,"util_mean_port_weighted":0.04443521594684385,"dist_station_m_pop_weighted":5701.389465969366}},{"type":"Feature","geometry":{"type":"Polygon","coordinates":[[[105.08294,21.47815],[105.07747,21.48153],[105.07487,21.47909],[105.07548,21.47772],[105.07554,21.47777],[105.07565,21.47785],[105.07567,21.47786],[105.0761,21.47736],[105.07884,21.47412],[105.07974,21.47298],[105.07884,21.46876],[105.07696,21.46654],[105.07644,21.46592],[105.07468,21.46529],[105.07079,21.46547],[105.06735,21.46884],[105.06594,21.46924],[105.06218,21.46835],[105.05729,21.46348],[105.05717,21.46321],[105.05741,21.4626],[105.05828,21.46085],[105.06014,21.45717],[105.06326,21.45188],[105.06301,21.44753],[105.06249,21.446],[105.06641,21.44303],[105.07058,21.44361],[105.0726,21.44399],[105.07435,21.4449],[105.0749,21.44514],[105.07498,21.44517],[105.07516,21.44523],[105.07559,21.44533],[105.07602,21.44537],[105.07642,21.44534],[105.07682,21.44526],[105.07705,21.44517],[105.07749,21.44496],[105.07836,21.44443],[105.08021,21.44317],[105.0816,21.44217],[105.08176,21.44202],[105.0828,21.43958],[105.08042,21.43649],[105.08025,21.43633],[105.07655,21.43404],[105.07612,21.43155],[105.07413,21.42796],[105.07323,21.42747],[105.07311,21.42742],[105.06851,21.42574],[105.06581,21.42093],[105.0612,21.41062],[105.06021,21.40781],[105.06095,21.40501],[105.06096,21.40491],[105.06097,21.40482],[105.06094,21.40472],[105.06091,21.40463],[105.06048,21.40371],[105.05932,21.40212],[105.05896,21.40168],[105.05882,21.40155],[105.05866,21.40144],[105.05792,21.40109],[105.06515,21.39619],[105.06605,21.3952],[105.06644,21.39444],[105.06668,21.39404],[105.067,21.3936],[105.0672,21.39338],[105.06756,21.39308],[105.06911,21.39207],[105.07304,21.39036],[105.08222,21.39146],[105.08455,21.39196],[105.08923,21.39161],[105.09576,21.39054],[105.09978,21.38894],[105.09979,21.38893],[105.10029,21.38835],[105.10112,21.38829],[105.10192,21.38874],[105.10303,21.38936],[105.1045,21.39032],[105.10539,21.39145],[105.10597,21.39247],[105.10744,21.39264],[105.10973,21.39246],[105.11107,21.39216],[105.1128,21.39145],[105.11478,21.39156],[105.11622,21.392],[105.11669,21.3927],[105.1169,21.39405],[105.11655,21.3958],[105.11549,21.3996],[105.1143,21.4015],[105.11286,21.40313],[105.11181,21.40377],[105.11246,21.40925],[105.11523,21.41685],[105.11642,21.41739],[105.11835,21.4181],[105.11842,21.41812],[105.12092,21.41883],[105.1224,21.41916],[105.1309,21.41818],[105.13542,21.41558],[105.139,21.41461],[105.14243,21.41079],[105.14494,21.41327],[105.14498,21.41378],[105.14502,21.4141],[105.14507,21.41436],[105.1451,21.4145],[105.14519,21.41471],[105.15564,21.41539],[105.15159,21.42047],[105.15117,21.42563],[105.15119,21.42743],[105.14991,21.42958],[105.14736,21.4309],[105.14448,21.43151],[105.13919,21.4321],[105.13587,21.43258],[105.13434,21.43318],[105.13319,21.43426],[105.13115,21.43832],[105.1286,21.44239],[105.12503,21.44622],[105.12095,21.44741],[105.11328,21.45104],[105.10788,21.45548],[105.10379,21.45891],[105.10231,21.4593],[105.09917,21.4586],[105.09785,21.45974],[105.09518,21.46482],[105.09329,21.4683],[105.09102,21.47194],[105.08714,21.47573],[105.08294,21.47815]]]},"properties":{"commune_code":"08341","commune_name":"Xã Cẩm Khê","commune_kind":"XA","province_code":"25","province_name":"Tỉnh Phú Thọ","area_km2":50.44,"valid_from":"16/6/2025","published":"13/07/2025","area_km2_geom":50.86253023448466,"quality_flag":null,"population":47059.0,"population_wp":45033.70674819499,"anchor_ratio":1.0449728303097365,"pop_source":"WORLDPOP2025_ANCHORED_VNSDI","pop_density_ppkm2":925.2194057796622,"n_stations":5,"n_ports":15,"power_kw_site":630.0,"ports_per_10k_pop":3.187488046919824,"util_mean_port_weighted":0.20961666251019292,"dist_station_m_pop_weighted":2689.138599719828}},{"type":"Feature","geometry":{"type":"Polygon","coordinates":[[[105.04622,21.50046],[105.04489,21.50114],[105.04405,21.49867],[105.0442,21.49224],[105.04441,21.49172],[105.04447,21.49157],[105.04447,21.49115],[105.04447,21.49065],[105.04394,21.48983],[105.04131,21.48891],[105.04101,21.48887],[105.03972,21.48928],[105.03665,21.49027],[105.03534,21.49107],[105.03364,21.49219],[105.03284,21.49444],[105.03095,21.496],[105.03055,21.49618],[105.02966,21.49646],[105.02905,21.49656],[105.02869,21.49657],[105.02796,21.49649],[105.02724,21.49632],[105.02657,21.49605],[105.02595,21.49572],[105.02589,21.49568],[105.02472,21.495],[105.02441,21.49484],[105.02378,21.49456],[105.02312,21.49433],[105.02246,21.49414],[105.02178,21.49399],[105.02146,21.49395],[105.02112,21.49393],[105.02075,21.49395],[105.02036,21.49401],[105.01581,21.49524],[105.01393,21.49627],[105.01361,21.49677],[105.0132,21.49738],[105.013,21.49768],[105.01264,21.49813],[105.01227,21.49853],[105.01206,21.49869],[105.01192,21.49877],[105.01183,21.49882],[105.01159,21.49891],[105.01107,21.499],[105.01051,21.49901],[105.00995,21.49893],[105.00991,21.49892],[105.00966,21.49885],[105.00879,21.49851],[105.00766,21.49797],[105.00486,21.49654],[105.00404,21.49608],[105.00318,21.49553],[105.00239,21.49495],[104.99363,21.49631],[104.98644,21.49912],[104.98553,21.49991],[104.98511,21.49988],[104.98457,21.49966],[104.98366,21.49926],[104.98227,21.49813],[104.97943,21.4944],[104.97895,21.4935],[104.97931,21.49237],[104.97998,21.48952],[104.98016,21.48613],[104.98016,21.48613],[104.98083,21.48389],[104.98183,21.47763],[104.98236,21.47351],[104.98524,21.47293],[104.99036,21.47107],[104.99366,21.46955],[104.99588,21.46738],[104.99616,21.46604],[104.99637,21.46468],[104.99674,21.46202],[104.99659,21.46109],[104.99526,21.46013],[104.99292,21.45674],[104.99249,21.45612],[104.99117,21.45253],[104.99091,21.44844],[104.9924,21.4463],[104.9931,21.44528],[104.99473,21.43714],[104.9956,21.43553],[104.99572,21.43475],[104.99839,21.43245],[105.00409,21.42715],[105.00672,21.42603],[105.00776,21.42598],[105.00866,21.42565],[105.00866,21.42565],[105.01249,21.42345],[105.01249,21.42345],[105.01412,21.4223],[105.01412,21.4223],[105.01603,21.42027],[105.01832,21.42271],[105.02043,21.42385],[105.0207,21.42379],[105.02338,21.42359],[105.0273,21.42871],[105.03012,21.43055],[105.0328,21.43279],[105.03272,21.43373],[105.03256,21.43578],[105.03301,21.43835],[105.03354,21.43946],[105.03377,21.43972],[105.03535,21.44138],[105.0359,21.44148],[105.03787,21.44178],[105.03837,21.44185],[105.03951,21.44143],[105.04448,21.4421],[105.04853,21.44721],[105.05191,21.44654],[105.05278,21.44702],[105.05311,21.44769],[105.05337,21.44736],[105.05365,21.44708],[105.05558,21.44685],[105.05674,21.44672],[105.06074,21.4466],[105.06249,21.446],[105.06301,21.44753],[105.06326,21.45188],[105.06014,21.45717],[105.05828,21.46085],[105.05741,21.4626],[105.05717,21.46321],[105.05729,21.46348],[105.06218,21.46835],[105.06594,21.46924],[105.06735,21.46884],[105.07079,21.46547],[105.07468,21.46529],[105.07644,21.46592],[105.07696,21.46654],[105.07884,21.46876],[105.07974,21.47298],[105.07884,21.47412],[105.0761,21.47736],[105.07567,21.47786],[105.07565,21.47785],[105.07554,21.47777],[105.07548,21.47772],[105.07487,21.47909],[105.07747,21.48153],[105.07533,21.48285],[105.06809,21.48823],[105.06489,21.4906],[105.06081,21.49323],[105.05972,21.49375],[105.0543,21.49634],[105.04622,21.50046]]]},"properties":{"commune_code":"08344","commune_name":"Xã Tiên Lương","commune_kind":"XA","province_code":"25","province_name":"Tỉnh Phú Thọ","area_km2":54.55,"valid_from":"16/6/2025","published":"13/07/2025","area_km2_geom":54.65508288704908,"quality_flag":null,"population":38028.0,"population_wp":28766.046325471252,"anchor_ratio":1.3219752054117926,"pop_source":"WORLDPOP2025_ANCHORED_VNSDI","pop_density_ppkm2":695.781581350616,"n_stations":1,"n_ports":4,"power_kw_site":120.0,"ports_per_10k_pop":1.0518565267697486,"util_mean_port_weighted":0.07984882598906401,"dist_station_m_pop_weighted":3084.7610188508684}},{"type":"Feature","geometry":{"type":"Polygon","coordinates":[[[105.05337,21.44736],[105.05311,21.44769],[105.05278,21.44702],[105.05191,21.44654],[105.04853,21.44721],[105.04448,21.4421],[105.03951,21.44143],[105.03837,21.44185],[105.03787,21.44178],[105.0359,21.44148],[105.03535,21.44138],[105.03377,21.43972],[105.03354,21.43946],[105.03301,21.43835],[105.03256,21.43578],[105.03272,21.43373],[105.0328,21.43279],[105.03012,21.43055],[105.0273,21.42871],[105.02338,21.42359],[105.0207,21.42379],[105.02043,21.42385],[105.01832,21.42271],[105.01603,21.42027],[105.01774,21.41814],[105.0219,21.41334],[105.02604,21.4076],[105.02788,21.40509],[105.02918,21.40349],[105.03155,21.40136],[105.03217,21.4009],[105.0352,21.39954],[105.03995,21.39708],[105.04161,21.39488],[105.04561,21.39189],[105.04735,21.39091],[105.04839,21.39189],[105.05123,21.39596],[105.05464,21.39899],[105.05595,21.39986],[105.05753,21.40087],[105.05792,21.40109],[105.05866,21.40144],[105.05882,21.40155],[105.05896,21.40168],[105.05932,21.40212],[105.06048,21.40371],[105.06091,21.40463],[105.06094,21.40472],[105.06097,21.40482],[105.06096,21.40491],[105.06095,21.40501],[105.06021,21.40781],[105.0612,21.41062],[105.06581,21.42093],[105.06851,21.42574],[105.07311,21.42742],[105.07323,21.42747],[105.07413,21.42796],[105.07612,21.43155],[105.07655,21.43404],[105.08025,21.43633],[105.08042,21.43649],[105.0828,21.43958],[105.08176,21.44202],[105.0816,21.44217],[105.08021,21.44317],[105.07836,21.44443],[105.07749,21.44496],[105.07705,21.44517],[105.07682,21.44526],[105.07642,21.44534],[105.07602,21.44537],[105.07559,21.44533],[105.07516,21.44523],[105.07498,21.44517],[105.0749,21.44514],[105.07435,21.4449],[105.0726,21.44399],[105.07058,21.44361],[105.06641,21.44303],[105.06249,21.446],[105.06074,21.4466],[105.05674,21.44672],[105.05558,21.44685],[105.05365,21.44708],[105.05337,21.44736]]]},"properties":{"commune_code":"08377","commune_name":"Xã Vân Bán","commune_kind":"XA","province_code":"25","province_name":"Tỉnh Phú Thọ","area_km2":22.72,"valid_from":"16/6/2025","published":"13/07/2025","area_km2_geom":22.620659038187384,"quality_flag":null,"population":15904.0,"population_wp":11448.545200414956,"anchor_ratio":1.38917213686011,"pop_source":"WORLDPOP2025_ANCHORED_VNSDI","pop_density_ppkm2":703.0741223388513,"n_stations":1,"n_ports":6,"power_kw_site":300.0,"ports_per_10k_pop":3.772635814889336,"util_mean_port_weighted":0.17962141378290444,"dist_station_m_pop_weighted":2753.8249641186303}},{"type":"Feature","geometry":{"type":"Polygon","coordinates":[[[105.1309,21.41818],[105.1224,21.41916],[105.12092,21.41883],[105.11842,21.41812],[105.11835,21.4181],[105.11642,21.41739],[105.11523,21.41685],[105.11246,21.40925],[105.11181,21.40377],[105.11286,21.40313],[105.1143,21.4015],[105.11549,21.3996],[105.11655,21.3958],[105.1169,21.39405],[105.11669,21.3927],[105.11622,21.392],[105.11478,21.39156],[105.1128,21.39145],[105.11107,21.39216],[105.10973,21.39246],[105.10744,21.39264],[105.10597,21.39247],[105.10539,21.39145],[105.1045,21.39032],[105.10303,21.38936],[105.10192,21.38874],[105.10112,21.38829],[105.10029,21.38835],[105.09979,21.38893],[105.09978,21.38894],[105.09576,21.39054],[105.08923,21.39161],[105.08455,21.39196],[105.08222,21.39146],[105.07304,21.39036],[105.06911,21.39207],[105.06756,21.39308],[105.0672,21.39338],[105.067,21.3936],[105.06668,21.39404],[105.06644,21.39444],[105.06605,21.3952],[105.06515,21.39619],[105.05792,21.40109],[105.05753,21.40087],[105.05595,21.39986],[105.05464,21.39899],[105.05123,21.39596],[105.04839,21.39189],[105.04735,21.39091],[105.04856,21.38893],[105.04906,21.38782],[105.0509,21.38517],[105.05175,21.38442],[105.05194,21.38426],[105.05447,21.38223],[105.05503,21.3818],[105.06093,21.37791],[105.06467,21.37427],[105.06932,21.36941],[105.07157,21.36704],[105.07296,21.36668],[105.07637,21.36631],[105.07646,21.36624],[105.07812,21.36512],[105.07851,21.36461],[105.0791,21.36331],[105.07926,21.36139],[105.0794,21.35996],[105.07989,21.35879],[105.08193,21.35636],[105.08311,21.35497],[105.0835,21.35451],[105.08414,21.35401],[105.08471,21.35388],[105.08563,21.35428],[105.086,21.35493],[105.0893,21.35699],[105.09598,21.35794],[105.0979,21.35846],[105.10002,21.35936],[105.09961,21.35994],[105.09956,21.36017],[105.09954,21.36048],[105.09948,21.36197],[105.09948,21.36243],[105.10038,21.36603],[105.10161,21.36553],[105.10229,21.36519],[105.10349,21.36436],[105.1066,21.36267],[105.11275,21.36142],[105.11779,21.36116],[105.11797,21.36116],[105.11816,21.36122],[105.11829,21.36133],[105.11845,21.36153],[105.12483,21.36957],[105.12689,21.37211],[105.13165,21.3752],[105.13325,21.37599],[105.13445,21.37645],[105.13745,21.37754],[105.14097,21.37931],[105.14423,21.38138],[105.14483,21.38232],[105.14584,21.38467],[105.14385,21.38969],[105.14358,21.39022],[105.14298,21.39106],[105.14216,21.39332],[105.14729,21.39639],[105.14921,21.39704],[105.14963,21.3968],[105.15358,21.39656],[105.15498,21.40642],[105.15414,21.41259],[105.15662,21.41337],[105.15564,21.41539],[105.14519,21.41471],[105.1451,21.4145],[105.14507,21.41436],[105.14502,21.4141],[105.14498,21.41378],[105.14494,21.41327],[105.14243,21.41079],[105.139,21.41461],[105.13542,21.41558],[105.1309,21.41818]]]},"properties":{"commune_code":"08398","commune_name":"Xã Phú Khê","commune_kind":"XA","province_code":"25","province_name":"Tỉnh Phú Thọ","area_km2":37.11,"valid_from":"16/6/2025","published":"13/07/2025","area_km2_geom":37.3935753716124,"quality_flag":null,"population":25630.0,"population_wp":20879.797421753407,"anchor_ratio":1.2275023307121573,"pop_source":"WORLDPOP2025_ANCHORED_VNSDI","pop_density_ppkm2":685.4118587295399,"n_stations":0,"n_ports":0,"power_kw_site":0.0,"ports_per_10k_pop":0.0,"util_mean_port_weighted":null,"dist_station_m_pop_weighted":5729.127551657056}},{"type":"Feature","geometry":{"type":"Polygon","coordinates":[[[105.14963,21.3968],[105.14921,21.39704],[105.14729,21.39639],[105.14216,21.39332],[105.14298,21.39106],[105.14358,21.39022],[105.14385,21.38969],[105.14584,21.38467],[105.14483,21.38232],[105.14423,21.38138],[105.14097,21.37931],[105.13745,21.37754],[105.13445,21.37645],[105.13325,21.37599],[105.13165,21.3752],[105.12689,21.37211],[105.12483,21.36957],[105.11845,21.36153],[105.11829,21.36133],[105.11816,21.36122],[105.11797,21.36116],[105.11779,21.36116],[105.11275,21.36142],[105.1066,21.36267],[105.10349,21.36436],[105.10229,21.36519],[105.10161,21.36553],[105.10038,21.36603],[105.09948,21.36243],[105.09948,21.36197],[105.09954,21.36048],[105.09956,21.36017],[105.09961,21.35994],[105.10002,21.35936],[105.09955,21.35746],[105.09945,21.35704],[105.09957,21.3566],[105.10045,21.35473],[105.10085,21.35419],[105.10161,21.35367],[105.10819,21.35008],[105.11456,21.34708],[105.11538,21.34773],[105.11595,21.34809],[105.11624,21.34824],[105.11655,21.34835],[105.11687,21.34842],[105.1172,21.34845],[105.11754,21.34844],[105.11787,21.34841],[105.1182,21.34834],[105.11851,21.34824],[105.11881,21.34811],[105.11903,21.34797],[105.12183,21.34596],[105.12184,21.34595],[105.12186,21.34396],[105.11955,21.33955],[105.11805,21.33746],[105.11779,21.33596],[105.11789,21.33528],[105.12257,21.33103],[105.12857,21.32714],[105.12981,21.32579],[105.1302,21.3246],[105.13336,21.3274],[105.1384,21.32834],[105.13957,21.32856],[105.14014,21.32877],[105.14261,21.33081],[105.14705,21.33523],[105.14732,21.34069],[105.14883,21.34647],[105.15057,21.34927],[105.15199,21.34868],[105.15206,21.34865],[105.15472,21.34905],[105.15657,21.34937],[105.1573,21.34952],[105.15735,21.34954],[105.15835,21.34979],[105.15939,21.35009],[105.16006,21.35032],[105.16024,21.35039],[105.1607,21.35059],[105.16102,21.35076],[105.16151,21.35109],[105.16179,21.35132],[105.16205,21.35157],[105.16252,21.3521],[105.16256,21.35215],[105.16376,21.35375],[105.1642,21.35427],[105.16467,21.35471],[105.16494,21.35489],[105.16523,21.35504],[105.16589,21.35523],[105.16694,21.35541],[105.16869,21.35562],[105.16934,21.35567],[105.17016,21.35552],[105.17056,21.35435],[105.16513,21.34992],[105.1629,21.3432],[105.16293,21.34255],[105.16584,21.34202],[105.17439,21.33912],[105.18278,21.33769],[105.18472,21.33701],[105.18628,21.33641],[105.18621,21.34125],[105.18588,21.34832],[105.18512,21.35105],[105.18405,21.35327],[105.18268,21.35571],[105.17771,21.36081],[105.17457,21.3634],[105.17205,21.36584],[105.16922,21.36921],[105.16746,21.37208],[105.16677,21.37388],[105.16655,21.3756],[105.16777,21.37775],[105.16839,21.37932],[105.16801,21.38112],[105.16678,21.38241],[105.1644,21.3842],[105.15803,21.3882],[105.15613,21.39124],[105.15424,21.3948],[105.15358,21.39656],[105.14963,21.3968]]]},"properties":{"commune_code":"08416","commune_name":"Xã Hùng Việt","commune_kind":"XA","province_code":"25","province_name":"Tỉnh Phú Thọ","area_km2":32.77,"valid_from":"16/6/2025","published":"13/07/2025","area_km2_geom":32.05330798914134,"quality_flag":null,"population":22935.0,"population_wp":23534.213779246435,"anchor_ratio":0.9745386106853993,"pop_source":"WORLDPOP2025_ANCHORED_VNSDI","pop_density_ppkm2":715.526772081361,"n_stations":0,"n_ports":0,"power_kw_site":0.0,"ports_per_10k_pop":0.0,"util_mean_port_weighted":null,"dist_station_m_pop_weighted":8644.403401621095}},{"type":"Feature","geometry":{"type":"Polygon","coordinates":[[[105.17016,21.35552],[105.16934,21.35567],[105.16869,21.35562],[105.16694,21.35541],[105.16589,21.35523],[105.16523,21.35504],[105.16494,21.35489],[105.16467,21.35471],[105.1642,21.35427],[105.16376,21.35375],[105.16256,21.35215],[105.16252,21.3521],[105.16205,21.35157],[105.16179,21.35132],[105.16151,21.35109],[105.16102,21.35076],[105.1607,21.35059],[105.16024,21.35039],[105.16006,21.35032],[105.15939,21.35009],[105.15835,21.34979],[105.15735,21.34954],[105.1573,21.34952],[105.15657,21.34937],[105.15472,21.34905],[105.15206,21.34865],[105.15199,21.34868],[105.15057,21.34927],[105.14883,21.34647],[105.14732,21.34069],[105.14705,21.33523],[105.14261,21.33081],[105.14014,21.32877],[105.13957,21.32856],[105.1384,21.32834],[105.13336,21.3274],[105.1302,21.3246],[105.13083,21.32272],[105.13086,21.32167],[105.13073,21.32018],[105.1299,21.31811],[105.12987,21.31695],[105.13023,21.31438],[105.13028,21.31405],[105.13094,21.30783],[105.1311,21.30733],[105.13333,21.30592],[105.13508,21.30182],[105.13406,21.30093],[105.13313,21.29997],[105.13301,21.2992],[105.13374,21.29734],[105.1345,21.29558],[105.13695,21.29187],[105.13765,21.29124],[105.13928,21.29046],[105.14033,21.29037],[105.14151,21.29091],[105.14346,21.29225],[105.14489,21.29303],[105.1462,21.29324],[105.14678,21.29306],[105.14735,21.29225],[105.14792,21.29034],[105.1489,21.28328],[105.14909,21.28182],[105.14906,21.28045],[105.14883,21.27474],[105.14717,21.27369],[105.14609,21.27295],[105.14538,21.27184],[105.14537,21.27151],[105.14535,21.27107],[105.14637,21.26855],[105.15036,21.27015],[105.15549,21.27259],[105.15932,21.27339],[105.16273,21.27401],[105.16406,21.27468],[105.16715,21.27822],[105.16768,21.27898],[105.16779,21.28154],[105.16878,21.2857],[105.1681,21.29019],[105.16805,21.29095],[105.1695,21.29145],[105.17166,21.2914],[105.1734,21.29112],[105.17802,21.2928],[105.18444,21.29561],[105.18537,21.30454],[105.18538,21.31196],[105.18482,21.3147],[105.18474,21.31561],[105.1849,21.31632],[105.18534,21.3172],[105.18685,21.31841],[105.18873,21.31872],[105.18901,21.31877],[105.18921,21.31876],[105.19042,21.31871],[105.19129,21.31867],[105.1924,21.31814],[105.19448,21.31526],[105.19478,21.31476],[105.19791,21.31393],[105.2005,21.31552],[105.20088,21.31718],[105.20151,21.31993],[105.20205,21.32146],[105.20355,21.32462],[105.20352,21.32462],[105.20248,21.32488],[105.1912,21.32862],[105.18885,21.33015],[105.18722,21.33197],[105.1863,21.33465],[105.18628,21.33641],[105.18472,21.33701],[105.18278,21.33769],[105.17439,21.33912],[105.16584,21.34202],[105.16293,21.34255],[105.1629,21.3432],[105.16513,21.34992],[105.17056,21.35435],[105.17016,21.35552]]]},"properties":{"commune_code":"08431","commune_name":"Xã Đồng Lương","commune_kind":"XA","province_code":"25","province_name":"Tỉnh Phú Thọ","area_km2":36.33,"valid_from":"16/6/2025","published":"13/07/2025","area_km2_geom":35.82250733975835,"quality_flag":null,"population":15904.0,"population_wp":15558.636272013187,"anchor_ratio":1.0221975578031894,"pop_source":"WORLDPOP2025_ANCHORED_VNSDI","pop_density_ppkm2":443.96668968921153,"n_stations":0,"n_ports":0,"power_kw_site":0.0,"ports_per_10k_pop":0.0,"util_mean_port_weighted":null,"dist_station_m_pop_weighted":9943.095912492941}},{"type":"Feature","geometry":{"type":"Polygon","coordinates":[[[105.26267,21.28248],[105.26047,21.28446],[105.25798,21.28289],[105.25314,21.27952],[105.2478,21.27596],[105.24473,21.27359],[105.24137,21.26977],[105.24363,21.2675],[105.24647,21.26462],[105.2465,21.26458],[105.24705,21.26388],[105.24924,21.2619],[105.24994,21.26126],[105.25066,21.26064],[105.25117,21.26044],[105.25178,21.26021],[105.25393,21.2598],[105.2583,21.25849],[105.25916,21.25729],[105.26037,21.25766],[105.26258,21.25868],[105.26438,21.25983],[105.26482,21.26263],[105.2656,21.26463],[105.26624,21.26499],[105.26746,21.26467],[105.26781,21.26389],[105.26933,21.26033],[105.27017,21.25681],[105.27091,21.25592],[105.27438,21.25442],[105.27594,21.25322],[105.27892,21.2503],[105.28002,21.24905],[105.28028,21.24784],[105.27954,21.24764],[105.279,21.24736],[105.27888,21.2471],[105.27891,21.24703],[105.28375,21.24457],[105.2844,21.24435],[105.28513,21.24367],[105.28585,21.24181],[105.28691,21.23999],[105.28736,21.23921],[105.28835,21.2376],[105.29375,21.24084],[105.29454,21.24107],[105.294,21.23606],[105.29468,21.23452],[105.30343,21.23304],[105.30557,21.22992],[105.30591,21.22613],[105.30612,21.2248],[105.30729,21.22341],[105.31621,21.22131],[105.31815,21.22374],[105.31887,21.2248],[105.32024,21.22549],[105.32126,21.22525],[105.32201,21.22493],[105.32481,21.22365],[105.3272,21.22401],[105.32988,21.22487],[105.33074,21.2254],[105.331,21.22654],[105.33289,21.23324],[105.33938,21.23006],[105.33907,21.22924],[105.34638,21.22671],[105.3492,21.23198],[105.35069,21.23476],[105.35186,21.23694],[105.35315,21.24611],[105.35407,21.25255],[105.35398,21.25237],[105.3536,21.2522],[105.34467,21.25088],[105.34041,21.24903],[105.33655,21.24845],[105.32412,21.24702],[105.31201,21.24993],[105.30717,21.25221],[105.30249,21.25721],[105.30109,21.25854],[105.29959,21.25995],[105.292,21.26511],[105.29092,21.26564],[105.28393,21.26906],[105.26573,21.27951],[105.26267,21.28248]]]},"properties":{"commune_code":"08434","commune_name":"Xã Tam Nông","commune_kind":"XA","province_code":"25","province_name":"Tỉnh Phú Thọ","area_km2":28.25,"valid_from":"16/6/2025","published":"13/07/2025","area_km2_geom":27.756754450497034,"quality_flag":null,"population":26412.0,"population_wp":28075.558100499213,"anchor_ratio":0.9407471048467018,"pop_source":"WORLDPOP2025_ANCHORED_VNSDI","pop_density_ppkm2":951.5521725389276,"n_stations":3,"n_ports":38,"power_kw_site":928.0,"ports_per_10k_pop":14.387399666818112,"util_mean_port_weighted":0.04612755589297047,"dist_station_m_pop_weighted":1815.849333019321}},{"type":"Feature","geometry":{"type":"Polygon","coordinates":[[[105.2381,21.39595],[105.23338,21.39727],[105.2322,21.39671],[105.22749,21.39446],[105.22737,21.39441],[105.2273,21.39434],[105.224,21.39118],[105.22119,21.38815],[105.21903,21.3865],[105.21771,21.38548],[105.21567,21.38309],[105.21402,21.37818],[105.21444,21.36791],[105.21584,21.3534],[105.21222,21.33814],[105.21128,21.33582],[105.20982,21.33303],[105.20724,21.33006],[105.20419,21.32883],[105.20324,21.32845],[105.20263,21.32727],[105.20352,21.32462],[105.20355,21.32462],[105.20558,21.32439],[105.20783,21.32496],[105.21083,21.32586],[105.21232,21.3263],[105.21365,21.32936],[105.21371,21.33161],[105.21375,21.33292],[105.21383,21.33292],[105.21548,21.33296],[105.21549,21.33294],[105.2173,21.32925],[105.21886,21.32872],[105.22154,21.32816],[105.22989,21.32758],[105.23368,21.32944],[105.24404,21.3359],[105.24673,21.33743],[105.24865,21.33731],[105.25189,21.33514],[105.25832,21.331],[105.25853,21.33086],[105.26351,21.33089],[105.26354,21.33097],[105.26355,21.331],[105.26356,21.33106],[105.2675,21.33259],[105.26865,21.33293],[105.27429,21.33281],[105.27856,21.33233],[105.27856,21.33354],[105.27653,21.33679],[105.26878,21.34206],[105.26532,21.34714],[105.26483,21.34821],[105.26394,21.35017],[105.26303,21.35216],[105.26024,21.35826],[105.25668,21.3646],[105.25607,21.36559],[105.25375,21.36939],[105.2507,21.37633],[105.24866,21.38015],[105.24637,21.38446],[105.24243,21.39104],[105.23903,21.39489],[105.2381,21.39595]]]},"properties":{"commune_code":"08443","commune_name":"Xã Hiền Quan","commune_kind":"XA","province_code":"25","province_name":"Tỉnh Phú Thọ","area_km2":31.38,"valid_from":"16/6/2025","published":"13/07/2025","area_km2_geom":31.419623022564213,"quality_flag":null,"population":27476.0,"population_wp":22463.123801825568,"anchor_ratio":1.2231602444254452,"pop_source":"WORLDPOP2025_ANCHORED_VNSDI","pop_density_ppkm2":874.485348862013,"n_stations":2,"n_ports":20,"power_kw_site":550.5,"ports_per_10k_pop":7.279079924297569,"util_mean_port_weighted":0.04324217655206089,"dist_station_m_pop_weighted":3158.068162507674}},{"type":"Feature","geometry":{"type":"Polygon","coordinates":[[[105.24865,21.33731],[105.24673,21.33743],[105.24404,21.3359],[105.23368,21.32944],[105.22989,21.32758],[105.22154,21.32816],[105.21886,21.32872],[105.2173,21.32925],[105.21549,21.33294],[105.21548,21.33296],[105.21383,21.33292],[105.21375,21.33292],[105.21371,21.33161],[105.21365,21.32936],[105.21232,21.3263],[105.21083,21.32586],[105.20783,21.32496],[105.20558,21.32439],[105.20355,21.32462],[105.20205,21.32146],[105.20151,21.31993],[105.20088,21.31718],[105.2005,21.31552],[105.19791,21.31393],[105.19478,21.31476],[105.19448,21.31526],[105.1924,21.31814],[105.19129,21.31867],[105.19042,21.31871],[105.18921,21.31876],[105.18901,21.31877],[105.18873,21.31872],[105.18685,21.31841],[105.18534,21.3172],[105.1849,21.31632],[105.18474,21.31561],[105.18482,21.3147],[105.18538,21.31196],[105.18537,21.30454],[105.18444,21.29561],[105.17802,21.2928],[105.1734,21.29112],[105.17166,21.2914],[105.1695,21.29145],[105.16805,21.29095],[105.1681,21.29019],[105.16878,21.2857],[105.16779,21.28154],[105.16768,21.27898],[105.16786,21.27897],[105.16797,21.2791],[105.16889,21.2808],[105.1684,21.28202],[105.16827,21.28328],[105.16956,21.28678],[105.17082,21.28822],[105.17305,21.28961],[105.17362,21.28837],[105.17623,21.28218],[105.1767,21.28024],[105.17724,21.27901],[105.17875,21.2775],[105.17983,21.27662],[105.18036,21.27704],[105.1801,21.27778],[105.1845,21.27837],[105.18942,21.2752],[105.18963,21.2751],[105.19011,21.27505],[105.19022,21.27505],[105.19086,21.27507],[105.19092,21.27507],[105.19164,21.27564],[105.1917,21.27668],[105.19054,21.27786],[105.19045,21.27823],[105.19068,21.27862],[105.19158,21.27887],[105.19252,21.27794],[105.1979,21.27263],[105.20857,21.27112],[105.21656,21.26867],[105.22182,21.27016],[105.22642,21.27185],[105.23231,21.2721],[105.23444,21.27153],[105.23617,21.27057],[105.23742,21.26984],[105.23843,21.26932],[105.23872,21.26922],[105.2389,21.26922],[105.24022,21.26923],[105.24085,21.26941],[105.24102,21.26948],[105.24137,21.26977],[105.24473,21.27359],[105.2478,21.27596],[105.25314,21.27952],[105.25798,21.28289],[105.26047,21.28446],[105.26043,21.28449],[105.25931,21.28612],[105.25901,21.28737],[105.25901,21.2889],[105.26357,21.29676],[105.26728,21.30104],[105.26933,21.30592],[105.27046,21.3085],[105.2724,21.31022],[105.27529,21.31264],[105.27628,21.31346],[105.27752,21.31843],[105.2777,21.31984],[105.27845,21.32541],[105.27855,21.32847],[105.27856,21.33233],[105.27429,21.33281],[105.26865,21.33293],[105.2675,21.33259],[105.26356,21.33106],[105.26355,21.331],[105.26354,21.33097],[105.26351,21.33089],[105.25853,21.33086],[105.25832,21.331],[105.25189,21.33514],[105.24865,21.33731]]]},"properties":{"commune_code":"08467","commune_name":"Xã Vạn Xuân","commune_kind":"XA","province_code":"25","province_name":"Tỉnh Phú Thọ","area_km2":52.43,"valid_from":"16/6/2025","published":"13/07/2025","area_km2_geom":54.05872706273165,"quality_flag":null,"population":31353.0,"population_wp":31372.7421632912,"anchor_ratio":0.999370722419212,"pop_source":"WORLDPOP2025_ANCHORED_VNSDI","pop_density_ppkm2":579.9803603147532,"n_stations":1,"n_ports":8,"power_kw_site":360.0,"ports_per_10k_pop":2.5515899594935094,"util_mean_port_weighted":0.18772312574375247,"dist_station_m_pop_weighted":4303.733714937194}},{"type":"Feature","geometry":{"type":"Polygon","coordinates":[[[105.17362,21.28837],[105.17305,21.28961],[105.17082,21.28822],[105.16956,21.28678],[105.16827,21.28328],[105.1684,21.28202],[105.16889,21.2808],[105.16797,21.2791],[105.16786,21.27897],[105.16768,21.27898],[105.16715,21.27822],[105.16406,21.27468],[105.16273,21.27401],[105.15932,21.27339],[105.15549,21.27259],[105.15036,21.27015],[105.14637,21.26855],[105.15099,21.26347],[105.15149,21.26075],[105.15213,21.25696],[105.15375,21.25507],[105.15442,21.25471],[105.16,21.25175],[105.16068,21.2493],[105.16115,21.24928],[105.16582,21.24915],[105.17094,21.2501],[105.17331,21.25084],[105.17594,21.25173],[105.17752,21.25273],[105.1784,21.25401],[105.1786,21.25409],[105.18007,21.2539],[105.18227,21.25305],[105.18614,21.24817],[105.18835,21.24669],[105.19415,21.24885],[105.1965,21.24942],[105.20066,21.25049],[105.20084,21.25055],[105.21165,21.2554],[105.21626,21.25698],[105.2163,21.25689],[105.2172,21.25339],[105.21781,21.24952],[105.22044,21.23892],[105.22278,21.23151],[105.22693,21.22567],[105.22833,21.22409],[105.23148,21.21835],[105.23235,21.21674],[105.2333,21.2179],[105.23429,21.2188],[105.23829,21.22122],[105.23922,21.22169],[105.24144,21.22169],[105.24377,21.22124],[105.24541,21.22143],[105.24919,21.22279],[105.25743,21.22717],[105.26124,21.23044],[105.26315,21.23214],[105.26864,21.2366],[105.27285,21.23838],[105.27586,21.23931],[105.27936,21.24186],[105.2803,21.24328],[105.28164,21.24528],[105.28375,21.24457],[105.27891,21.24703],[105.27888,21.2471],[105.279,21.24736],[105.27954,21.24764],[105.28028,21.24784],[105.28002,21.24905],[105.27892,21.2503],[105.27594,21.25322],[105.27438,21.25442],[105.27091,21.25592],[105.27017,21.25681],[105.26933,21.26033],[105.26781,21.26389],[105.26746,21.26467],[105.26624,21.26499],[105.2656,21.26463],[105.26482,21.26263],[105.26438,21.25983],[105.26258,21.25868],[105.26037,21.25766],[105.25916,21.25729],[105.2583,21.25849],[105.25393,21.2598],[105.25178,21.26021],[105.25117,21.26044],[105.25066,21.26064],[105.24994,21.26126],[105.24924,21.2619],[105.24705,21.26388],[105.2465,21.26458],[105.24647,21.26462],[105.24363,21.2675],[105.24137,21.26977],[105.24102,21.26948],[105.24085,21.26941],[105.24022,21.26923],[105.2389,21.26922],[105.23872,21.26922],[105.23843,21.26932],[105.23742,21.26984],[105.23617,21.27057],[105.23444,21.27153],[105.23231,21.2721],[105.22642,21.27185],[105.22182,21.27016],[105.21656,21.26867],[105.20857,21.27112],[105.1979,21.27263],[105.19252,21.27794],[105.19158,21.27887],[105.19068,21.27862],[105.19045,21.27823],[105.19054,21.27786],[105.1917,21.27668],[105.19164,21.27564],[105.19092,21.27507],[105.19086,21.27507],[105.19022,21.27505],[105.19011,21.27505],[105.18963,21.2751],[105.18942,21.2752],[105.1845,21.27837],[105.1801,21.27778],[105.18036,21.27704],[105.17983,21.27662],[105.17875,21.2775],[105.17724,21.27901],[105.1767,21.28024],[105.17623,21.28218],[105.17362,21.28837]]]},"properties":{"commune_code":"08479","commune_name":"Xã Thọ Văn","commune_kind":"XA","province_code":"25","province_name":"Tỉnh Phú Thọ","area_km2":43.54,"valid_from":"16/6/2025","published":"13/07/2025","area_km2_geom":43.46455210033795,"quality_flag":null,"population":15281.0,"population_wp":15789.203601822257,"anchor_ratio":0.9678132213227268,"pop_source":"WORLDPOP2025_ANCHORED_VNSDI","pop_density_ppkm2":351.573851830425,"n_stations":1,"n_ports":4,"power_kw_site":240.0,"ports_per_10k_pop":2.617629736273804,"util_mean_port_weighted":0.10377928036706109,"dist_station_m_pop_weighted":3386.435896384183}},{"type":"Feature","geometry":{"type":"Polygon","coordinates":[[[105.2911,21.37162],[105.29016,21.37186],[105.2901,21.37186],[105.28948,21.37168],[105.2894,21.37163],[105.28668,21.36994],[105.28656,21.36985],[105.28636,21.36952],[105.28631,21.36942],[105.2849,21.36621],[105.28531,21.3644],[105.28632,21.36251],[105.28653,21.36209],[105.28649,21.36168],[105.28646,21.36146],[105.286,21.36056],[105.28392,21.35725],[105.28103,21.35609],[105.27922,21.35431],[105.27431,21.34905],[105.26394,21.35017],[105.26483,21.34821],[105.26532,21.34714],[105.26878,21.34206],[105.27653,21.33679],[105.27856,21.33354],[105.27856,21.33233],[105.27855,21.32847],[105.27845,21.32541],[105.2777,21.31984],[105.27995,21.32026],[105.28022,21.32031],[105.28055,21.31824],[105.28047,21.3173],[105.28112,21.31401],[105.28253,21.31004],[105.28433,21.30751],[105.28659,21.30496],[105.28765,21.30411],[105.28939,21.305],[105.2885,21.30895],[105.28777,21.31036],[105.28745,21.31309],[105.29313,21.31844],[105.29461,21.32001],[105.29491,21.32056],[105.29523,21.32163],[105.29525,21.32196],[105.29522,21.32206],[105.29516,21.32222],[105.29503,21.32255],[105.29981,21.32419],[105.30325,21.32466],[105.30309,21.32474],[105.30069,21.32687],[105.29889,21.329],[105.29247,21.33418],[105.29191,21.33463],[105.29107,21.33569],[105.29107,21.33612],[105.29395,21.34006],[105.2978,21.34531],[105.30188,21.34968],[105.30463,21.3505],[105.31148,21.35258],[105.31209,21.35539],[105.3118,21.35555],[105.30963,21.35831],[105.30779,21.36142],[105.30735,21.36459],[105.30724,21.36627],[105.30688,21.36824],[105.30687,21.36831],[105.30662,21.36847],[105.30585,21.36879],[105.30558,21.36884],[105.30485,21.36896],[105.30386,21.36882],[105.30357,21.36875],[105.30353,21.36874],[105.30348,21.36872],[105.30295,21.36839],[105.29569,21.36856],[105.29427,21.36894],[105.29432,21.36903],[105.29441,21.36922],[105.29455,21.36966],[105.29457,21.3698],[105.29458,21.36993],[105.29454,21.3704],[105.2939,21.37114],[105.29225,21.37151],[105.2911,21.37162]]]},"properties":{"commune_code":"08494","commune_name":"Xã Lâm Thao","commune_kind":"XA","province_code":"25","province_name":"Tỉnh Phú Thọ","area_km2":15.45,"valid_from":"16/6/2025","published":"13/07/2025","area_km2_geom":14.750745159413915,"quality_flag":null,"population":31321.000000000004,"population_wp":28527.988745544106,"anchor_ratio":1.0979042469263505,"pop_source":"WORLDPOP2025_ANCHORED_VNSDI","pop_density_ppkm2":2123.3503569825393,"n_stations":4,"n_ports":36,"power_kw_site":1175.0,"ports_per_10k_pop":11.493885891255067,"util_mean_port_weighted":0.11999047758179951,"dist_station_m_pop_weighted":1504.9713540507064}},{"type":"Feature","geometry":{"type":"Polygon","coordinates":[[[105.2825,21.40654],[105.28112,21.40995],[105.28033,21.40945],[105.27882,21.40832],[105.27746,21.40732],[105.27523,21.40492],[105.27463,21.40284],[105.27539,21.39844],[105.27374,21.39445],[105.27084,21.39072],[105.26622,21.38557],[105.26558,21.38498],[105.26351,21.38455],[105.2578,21.38426],[105.25258,21.38414],[105.25185,21.38348],[105.24976,21.38159],[105.24866,21.38015],[105.2507,21.37633],[105.25375,21.36939],[105.25607,21.36559],[105.25668,21.3646],[105.26024,21.35826],[105.26303,21.35216],[105.26394,21.35017],[105.27431,21.34905],[105.27922,21.35431],[105.28103,21.35609],[105.28392,21.35725],[105.286,21.36056],[105.28646,21.36146],[105.28649,21.36168],[105.28653,21.36209],[105.28632,21.36251],[105.28531,21.3644],[105.2849,21.36621],[105.28631,21.36942],[105.28636,21.36952],[105.28656,21.36985],[105.28668,21.36994],[105.2894,21.37163],[105.28948,21.37168],[105.2901,21.37186],[105.29016,21.37186],[105.2911,21.37162],[105.29225,21.37151],[105.2939,21.37114],[105.29454,21.3704],[105.29458,21.36993],[105.29457,21.3698],[105.29455,21.36966],[105.29441,21.36922],[105.29432,21.36903],[105.29427,21.36894],[105.29569,21.36856],[105.30295,21.36839],[105.30348,21.36872],[105.30353,21.36874],[105.30357,21.36875],[105.30386,21.36882],[105.30485,21.36896],[105.30558,21.36884],[105.30585,21.36879],[105.30662,21.36847],[105.30687,21.36831],[105.30688,21.36824],[105.30724,21.36627],[105.3071,21.36841],[105.30724,21.37122],[105.31025,21.37582],[105.31313,21.38165],[105.31368,21.38272],[105.3146,21.38387],[105.3155,21.38461],[105.31694,21.38514],[105.31722,21.38594],[105.31722,21.38624],[105.31714,21.38643],[105.31318,21.39401],[105.31298,21.39426],[105.31295,21.39428],[105.31261,21.39459],[105.30925,21.39691],[105.30355,21.39701],[105.30097,21.39708],[105.29925,21.39866],[105.29643,21.39991],[105.29277,21.4002],[105.28838,21.40596],[105.28474,21.4069],[105.2825,21.40654]]]},"properties":{"commune_code":"08500","commune_name":"Xã Xuân Lũng","commune_kind":"XA","province_code":"25","province_name":"Tỉnh Phú Thọ","area_km2":24.03,"valid_from":"16/6/2025","published":"13/07/2025","area_km2_geom":23.96337999574766,"quality_flag":null,"population":20604.0,"population_wp":13379.071010250598,"anchor_ratio":1.5400172391800524,"pop_source":"WORLDPOP2025_ANCHORED_VNSDI","pop_density_ppkm2":859.8119298553131,"n_stations":1,"n_ports":8,"power_kw_site":360.0,"ports_per_10k_pop":3.8827412152980005,"util_mean_port_weighted":0.1285167818361303,"dist_station_m_pop_weighted":2428.843532226362}},{"type":"Feature","geometry":{"type":"Polygon","coordinates":[[[105.3179,21.38356],[105.31694,21.38514],[105.3155,21.38461],[105.3146,21.38387],[105.31368,21.38272],[105.31313,21.38165],[105.31025,21.37582],[105.30724,21.37122],[105.3071,21.36841],[105.30724,21.36627],[105.30735,21.36459],[105.30779,21.36142],[105.30963,21.35831],[105.3118,21.35555],[105.31209,21.35539],[105.31148,21.35258],[105.30463,21.3505],[105.30188,21.34968],[105.2978,21.34531],[105.29395,21.34006],[105.29107,21.33612],[105.29107,21.33569],[105.29191,21.33463],[105.29247,21.33418],[105.29889,21.329],[105.30069,21.32687],[105.30309,21.32474],[105.30325,21.32466],[105.3079,21.32079],[105.30895,21.32078],[105.31369,21.31882],[105.31415,21.31752],[105.31572,21.31575],[105.32113,21.31381],[105.3247,21.31306],[105.32498,21.31312],[105.33119,21.31598],[105.33109,21.31695],[105.33139,21.31866],[105.33183,21.32015],[105.33456,21.32618],[105.33651,21.33129],[105.33766,21.33521],[105.33901,21.34008],[105.33872,21.34398],[105.33691,21.34716],[105.33714,21.34909],[105.33735,21.35005],[105.33745,21.35308],[105.3363,21.35512],[105.33436,21.35843],[105.33532,21.36209],[105.33712,21.36254],[105.34261,21.3653],[105.34321,21.36581],[105.34327,21.36587],[105.34334,21.36597],[105.34346,21.36623],[105.34386,21.3684],[105.34367,21.36867],[105.34296,21.36964],[105.33949,21.37425],[105.33691,21.37298],[105.33534,21.37467],[105.33347,21.37528],[105.3291,21.37601],[105.32654,21.37745],[105.32062,21.38233],[105.3179,21.38356]]]},"properties":{"commune_code":"08515","commune_name":"Xã Hy Cương","commune_kind":"XA","province_code":"25","province_name":"Tỉnh Phú Thọ","area_km2":23.95,"valid_from":"16/6/2025","published":"13/07/2025","area_km2_geom":24.190803961089316,"quality_flag":null,"population":22693.0,"population_wp":16634.294283136725,"anchor_ratio":1.364229802222832,"pop_source":"WORLDPOP2025_ANCHORED_VNSDI","pop_density_ppkm2":938.0837460591008,"n_stations":2,"n_ports":4,"power_kw_site":47.0,"ports_per_10k_pop":1.762658088397303,"util_mean_port_weighted":0.031023115357312163,"dist_station_m_pop_weighted":2489.3280415068393}},{"type":"Feature","geometry":{"type":"Polygon","coordinates":[[[105.3079,21.32079],[105.30325,21.32466],[105.29981,21.32419],[105.29503,21.32255],[105.29516,21.32222],[105.29522,21.32206],[105.29525,21.32196],[105.29523,21.32163],[105.29491,21.32056],[105.29461,21.32001],[105.29313,21.31844],[105.28745,21.31309],[105.28777,21.31036],[105.2885,21.30895],[105.28939,21.305],[105.28765,21.30411],[105.28659,21.30496],[105.28433,21.30751],[105.28253,21.31004],[105.28112,21.31401],[105.28047,21.3173],[105.28055,21.31824],[105.28022,21.32031],[105.27995,21.32026],[105.2777,21.31984],[105.27752,21.31843],[105.27628,21.31346],[105.27529,21.31264],[105.2724,21.31022],[105.27046,21.3085],[105.26933,21.30592],[105.26728,21.30104],[105.26357,21.29676],[105.25901,21.2889],[105.25901,21.28737],[105.25931,21.28612],[105.26043,21.28449],[105.26047,21.28446],[105.26267,21.28248],[105.26573,21.27951],[105.28393,21.26906],[105.29092,21.26564],[105.29325,21.26904],[105.29419,21.2704],[105.29534,21.27117],[105.29771,21.2711],[105.29865,21.27075],[105.30116,21.27018],[105.30458,21.27021],[105.30645,21.27024],[105.30719,21.27036],[105.31492,21.27168],[105.31516,21.27172],[105.31735,21.27209],[105.3176,21.27214],[105.31934,21.27244],[105.31949,21.27247],[105.32117,21.27277],[105.32138,21.27283],[105.32482,21.27393],[105.32419,21.27595],[105.32333,21.27664],[105.32301,21.2781],[105.32387,21.28024],[105.32689,21.28473],[105.31725,21.29603],[105.31666,21.29776],[105.3173,21.29959],[105.31831,21.30144],[105.32323,21.31019],[105.32498,21.31312],[105.3247,21.31306],[105.32113,21.31381],[105.31572,21.31575],[105.31415,21.31752],[105.31369,21.31882],[105.30895,21.32078],[105.3079,21.32079]]]},"properties":{"commune_code":"08521","commune_name":"Xã Phùng Nguyên","commune_kind":"XA","province_code":"25","province_name":"Tỉnh Phú Thọ","area_km2":30.57,"valid_from":"16/6/2025","published":"13/07/2025","area_km2_geom":29.383173056875872,"quality_flag":null,"population":41046.0,"population_wp":38058.228786826134,"anchor_ratio":1.078505261763734,"pop_source":"WORLDPOP2025_ANCHORED_VNSDI","pop_density_ppkm2":1396.9219702905757,"n_stations":4,"n_ports":28,"power_kw_site":1007.0,"ports_per_10k_pop":6.821614773668567,"util_mean_port_weighted":0.10869655127341074,"dist_station_m_pop_weighted":1764.6911975002033}},{"type":"Feature","geometry":{"type":"Polygon","coordinates":[[[105.33119,21.31598],[105.33119,21.31598],[105.32498,21.31312],[105.32323,21.31019],[105.31831,21.30144],[105.3173,21.29959],[105.31666,21.29776],[105.31725,21.29603],[105.32689,21.28473],[105.32387,21.28024],[105.32301,21.2781],[105.32333,21.27664],[105.32419,21.27595],[105.32482,21.27393],[105.32138,21.27283],[105.32117,21.27277],[105.31949,21.27247],[105.31934,21.27244],[105.3176,21.27214],[105.31735,21.27209],[105.31516,21.27172],[105.31492,21.27168],[105.30719,21.27036],[105.30645,21.27024],[105.30458,21.27021],[105.30116,21.27018],[105.29865,21.27075],[105.29771,21.2711],[105.29534,21.27117],[105.29419,21.2704],[105.29325,21.26904],[105.29092,21.26564],[105.292,21.26511],[105.29959,21.25995],[105.30109,21.25854],[105.30249,21.25721],[105.30717,21.25221],[105.31201,21.24993],[105.32412,21.24702],[105.33655,21.24845],[105.34041,21.24903],[105.34467,21.25088],[105.3536,21.2522],[105.35398,21.25237],[105.35407,21.25255],[105.35554,21.26125],[105.35588,21.27141],[105.35608,21.27182],[105.35587,21.2757],[105.35371,21.27718],[105.3535,21.27745],[105.35388,21.27987],[105.35703,21.28973],[105.35127,21.29412],[105.35365,21.30383],[105.35366,21.30383],[105.35471,21.30592],[105.35494,21.30622],[105.35415,21.30707],[105.35548,21.30942],[105.35561,21.31003],[105.35312,21.31111],[105.34915,21.31238],[105.3474,21.31252],[105.33823,21.31223],[105.33119,21.31598]]]},"properties":{"commune_code":"08527","commune_name":"Xã Bản Nguyên","commune_kind":"XA","province_code":"25","province_name":"Tỉnh Phú Thọ","area_km2":28.29,"valid_from":"16/6/2025","published":"13/07/2025","area_km2_geom":29.585724524869942,"quality_flag":null,"population":33667.0,"population_wp":31008.904798716307,"anchor_ratio":1.0857203831782454,"pop_source":"WORLDPOP2025_ANCHORED_VNSDI","pop_density_ppkm2":1137.947457453655,"n_stations":1,"n_ports":16,"power_kw_site":314.0,"ports_per_10k_pop":4.7524281937802595,"util_mean_port_weighted":0.03227520131225768,"dist_station_m_pop_weighted":4934.871672115874}},{"type":"Feature","geometry":{"type":"Polygon","coordinates":[[[105.2163,21.25689],[105.21626,21.25698],[105.21165,21.2554],[105.20084,21.25055],[105.20066,21.25049],[105.1965,21.24942],[105.19415,21.24885],[105.18835,21.24669],[105.18614,21.24817],[105.18227,21.25305],[105.18007,21.2539],[105.1786,21.25409],[105.1784,21.25401],[105.17752,21.25273],[105.17594,21.25173],[105.17331,21.25084],[105.17094,21.2501],[105.16582,21.24915],[105.16115,21.24928],[105.16068,21.2493],[105.16101,21.2481],[105.16368,21.24167],[105.16437,21.24123],[105.16617,21.2394],[105.16833,21.23474],[105.16887,21.23354],[105.17005,21.23074],[105.17041,21.22985],[105.17043,21.22942],[105.17033,21.22899],[105.16961,21.22799],[105.16849,21.22656],[105.1678,21.22548],[105.16711,21.22352],[105.16667,21.22182],[105.16608,21.21257],[105.16895,21.20817],[105.16987,21.2076],[105.17023,21.207],[105.16997,21.20497],[105.16987,21.20421],[105.16931,21.20378],[105.16896,21.20356],[105.1649,21.20205],[105.16421,21.20182],[105.16354,21.20163],[105.16294,21.20152],[105.16232,21.20148],[105.16172,21.20151],[105.16114,21.2016],[105.16053,21.20177],[105.15992,21.20203],[105.15957,21.20225],[105.15919,21.20257],[105.15903,21.20276],[105.1588,21.20312],[105.15868,21.20341],[105.15855,21.20385],[105.15837,21.20442],[105.15824,21.20471],[105.15808,21.20499],[105.15771,21.20555],[105.15707,21.20636],[105.15668,21.2068],[105.15637,21.20715],[105.15566,21.20783],[105.15516,21.20823],[105.15512,21.20826],[105.1549,21.2084],[105.15462,21.20854],[105.15434,21.20865],[105.154,21.20874],[105.15365,21.2088],[105.15351,21.20881],[105.15279,21.20872],[105.15254,21.20823],[105.15195,21.20632],[105.15489,21.20317],[105.15912,21.19875],[105.15887,21.18712],[105.15828,21.17742],[105.15887,21.1739],[105.16037,21.16818],[105.16142,21.16407],[105.16065,21.16268],[105.15971,21.1605],[105.15991,21.15956],[105.16034,21.15815],[105.16052,21.15787],[105.16428,21.1545],[105.1675,21.15296],[105.17288,21.14979],[105.17445,21.14821],[105.17768,21.14547],[105.17806,21.14517],[105.17883,21.14471],[105.18632,21.14587],[105.18683,21.14602],[105.18765,21.14677],[105.18782,21.14695],[105.18947,21.14931],[105.18979,21.15029],[105.18941,21.15111],[105.18889,21.15222],[105.18874,21.15419],[105.18956,21.15526],[105.18976,21.15549],[105.19293,21.15805],[105.19652,21.16116],[105.19751,21.16453],[105.19644,21.16597],[105.19746,21.16776],[105.19886,21.17],[105.19927,21.17011],[105.20243,21.17078],[105.20323,21.1698],[105.20439,21.16788],[105.208,21.16437],[105.21007,21.16434],[105.21078,21.16419],[105.21205,21.16356],[105.21312,21.16275],[105.21383,21.16355],[105.21471,21.16589],[105.21531,21.16752],[105.22209,21.16832],[105.22331,21.16828],[105.22691,21.16477],[105.23066,21.16396],[105.23395,21.16403],[105.23391,21.1641],[105.23563,21.16433],[105.24631,21.16554],[105.24743,21.16701],[105.25227,21.16903],[105.25441,21.16924],[105.25743,21.16885],[105.26071,21.16782],[105.2667,21.16623],[105.2674,21.16638],[105.26782,21.16701],[105.26788,21.16796],[105.26722,21.17074],[105.27148,21.17266],[105.27388,21.1713],[105.27592,21.17433],[105.27606,21.17493],[105.27598,21.17575],[105.27466,21.18197],[105.27351,21.18644],[105.26958,21.18712],[105.2655,21.18789],[105.26483,21.1882],[105.26269,21.18998],[105.26141,21.19109],[105.25799,21.19419],[105.25666,21.19697],[105.2565,21.19756],[105.25567,21.19852],[105.25379,21.19967],[105.252,21.20057],[105.25129,21.20086],[105.25045,21.20069],[105.24772,21.19987],[105.24684,21.19993],[105.24588,21.20026],[105.24047,21.20287],[105.23882,21.20397],[105.23846,21.20426],[105.23817,21.20449],[105.23663,21.20571],[105.23485,21.20894],[105.23451,21.21209],[105.23342,21.21523],[105.23235,21.21674],[105.23148,21.21835],[105.22833,21.22409],[105.22693,21.22567],[105.22278,21.23151],[105.22044,21.23892],[105.21781,21.24952],[105.2172,21.25339],[105.2163,21.25689]]]},"properties":{"commune_code":"08542","commune_name":"Xã Thanh Sơn","commune_kind":"XA","province_code":"25","province_name":"Tỉnh Phú Thọ","area_km2":84.55,"valid_from":"16/6/2025","published":"13/07/2025","area_km2_geom":84.5504406391235,"quality_flag":null,"population":38776.0,"population_wp":44051.062450867146,"anchor_ratio":0.8802511867505863,"pop_source":"WORLDPOP2025_ANCHORED_VNSDI","pop_density_ppkm2":458.61381332715877,"n_stations":5,"n_ports":52,"power_kw_site":1159.5,"ports_per_10k_pop":13.410356921807303,"util_mean_port_weighted":0.10426433821495386,"dist_station_m_pop_weighted":2059.742037397362}},{"type":"Feature","geometry":{"type":"Polygon","coordinates":[[[104.8658,21.36369],[104.86313,21.36606],[104.85855,21.36606],[104.85564,21.36458],[104.8555,21.36451],[104.85487,21.36022],[104.85488,21.35403],[104.85446,21.35308],[104.85422,21.35252],[104.85399,21.352],[104.85189,21.35195],[104.84954,21.35188],[104.84624,21.35152],[104.84548,21.35045],[104.84567,21.34771],[104.84574,21.34664],[104.84659,21.34532],[104.84828,21.34271],[104.84943,21.34021],[104.84829,21.3389],[104.84372,21.33758],[104.83286,21.33749],[104.82809,21.33745],[104.82174,21.33673],[104.81679,21.3352],[104.81399,21.33434],[104.81547,21.3292],[104.81649,21.32568],[104.81999,21.32158],[104.82728,21.31654],[104.83068,21.31507],[104.83705,21.31231],[104.84142,21.31013],[104.84317,21.30849],[104.84347,21.30412],[104.84247,21.28485],[104.84295,21.27668],[104.84306,21.27474],[104.84176,21.26914],[104.84162,21.26572],[104.84279,21.26258],[104.84891,21.25808],[104.84993,21.25521],[104.85051,21.25048],[104.8525,21.25233],[104.85284,21.2527],[104.85298,21.25293],[104.85738,21.26028],[104.85999,21.26081],[104.86415,21.2584],[104.86946,21.25639],[104.87642,21.2542],[104.87899,21.25402],[104.88156,21.25422],[104.88372,21.25495],[104.88396,21.25513],[104.88412,21.25525],[104.88423,21.25531],[104.88444,21.25543],[104.88461,21.25549],[104.88654,21.25602],[104.88666,21.25604],[104.88675,21.25605],[104.88695,21.25605],[104.89095,21.25558],[104.89675,21.25454],[104.90226,21.25532],[104.90668,21.25696],[104.91118,21.25468],[104.91807,21.25259],[104.92371,21.25169],[104.92686,21.24983],[104.93091,21.25278],[104.93342,21.25469],[104.93411,21.25604],[104.93837,21.26119],[104.94441,21.26715],[104.94237,21.27215],[104.93829,21.28259],[104.93477,21.28777],[104.93419,21.28803],[104.93378,21.28821],[104.93344,21.28839],[104.93339,21.28889],[104.93338,21.28902],[104.93337,21.28963],[104.93338,21.2898],[104.93354,21.29166],[104.93358,21.2918],[104.93372,21.29212],[104.93374,21.29217],[104.93413,21.29287],[104.93428,21.29307],[104.93447,21.29327],[104.93536,21.29406],[104.93848,21.29757],[104.94014,21.30129],[104.94011,21.30271],[104.94009,21.30268],[104.93826,21.3075],[104.93789,21.30939],[104.93802,21.31111],[104.93532,21.31387],[104.93014,21.31878],[104.92738,21.32318],[104.92668,21.32536],[104.92587,21.32666],[104.925,21.32727],[104.92397,21.32764],[104.9224,21.32804],[104.92082,21.32794],[104.91539,21.3282],[104.91081,21.32872],[104.90846,21.33052],[104.90829,21.33291],[104.90782,21.33379],[104.90679,21.33483],[104.90312,21.33806],[104.90199,21.33885],[104.90041,21.34047],[104.89866,21.34243],[104.89649,21.34524],[104.89338,21.3431],[104.88906,21.34238],[104.88411,21.3425],[104.87966,21.34416],[104.87381,21.34797],[104.8658,21.36369]]]},"properties":{"commune_code":"08545","commune_name":"Xã Thu Cúc","commune_kind":"XA","province_code":"25","province_name":"Tỉnh Phú Thọ","area_km2":100.51,"valid_from":"16/6/2025","published":"13/07/2025","area_km2_geom":100.29200249487323,"quality_flag":null,"population":11313.000000000002,"population_wp":9225.453507363796,"anchor_ratio":1.2262811785859542,"pop_source":"WORLDPOP2025_ANCHORED_VNSDI","pop_density_ppkm2":112.80061937718618,"n_stations":2,"n_ports":16,"power_kw_site":490.5,"ports_per_10k_pop":14.143021302925835,"util_mean_port_weighted":0.07330180022694109,"dist_station_m_pop_weighted":3972.551137896523}},{"type":"Feature","geometry":{"type":"Polygon","coordinates":[[[104.94462,21.26593],[104.94441,21.26715],[104.93837,21.26119],[104.93411,21.25604],[104.93342,21.25469],[104.93091,21.25278],[104.92686,21.24983],[104.92371,21.25169],[104.91807,21.25259],[104.91118,21.25468],[104.90668,21.25696],[104.90226,21.25532],[104.89675,21.25454],[104.89095,21.25558],[104.88695,21.25605],[104.88675,21.25605],[104.88666,21.25604],[104.88654,21.25602],[104.88461,21.25549],[104.88444,21.25543],[104.88423,21.25531],[104.88412,21.25525],[104.88396,21.25513],[104.88372,21.25495],[104.88156,21.25422],[104.87899,21.25402],[104.87642,21.2542],[104.86946,21.25639],[104.86415,21.2584],[104.85999,21.26081],[104.85738,21.26028],[104.85298,21.25293],[104.85284,21.2527],[104.8525,21.25233],[104.85051,21.25048],[104.85111,21.24565],[104.85388,21.24005],[104.85563,21.23581],[104.8549,21.23417],[104.85068,21.23335],[104.84792,21.23089],[104.84501,21.22788],[104.845,21.22782],[104.84474,21.22585],[104.84472,21.22569],[104.84479,21.22566],[104.84801,21.22415],[104.84821,21.22405],[104.8555,21.22037],[104.86031,21.21532],[104.86033,21.21528],[104.86107,21.21412],[104.86396,21.20958],[104.86437,21.20651],[104.86439,21.20631],[104.86018,21.19469],[104.85987,21.19424],[104.85175,21.18266],[104.85175,21.18051],[104.85175,21.18047],[104.85452,21.17897],[104.85831,21.17583],[104.85904,21.1731],[104.85624,21.16614],[104.85632,21.16612],[104.86297,21.16481],[104.86425,21.16502],[104.87607,21.17018],[104.87689,21.16984],[104.883,21.1673],[104.88814,21.16563],[104.89289,21.16969],[104.89681,21.17301],[104.89851,21.17195],[104.90217,21.17039],[104.90638,21.17009],[104.91047,21.1684],[104.91475,21.16544],[104.91886,21.1627],[104.92263,21.16049],[104.93022,21.15769],[104.93392,21.16142],[104.93833,21.1659],[104.94176,21.16972],[104.94348,21.17165],[104.94887,21.1707],[104.9501,21.16981],[104.95141,21.16915],[104.9537,21.16801],[104.95481,21.16884],[104.95637,21.17017],[104.95647,21.17027],[104.95659,21.17043],[104.95668,21.1706],[104.95671,21.17069],[104.95671,21.17079],[104.95669,21.17088],[104.95656,21.17146],[104.95652,21.17154],[104.954,21.17497],[104.95077,21.17687],[104.95059,21.17695],[104.9504,21.17706],[104.95033,21.17713],[104.95026,21.17727],[104.94984,21.17827],[104.94958,21.18068],[104.94949,21.18152],[104.94957,21.18214],[104.95265,21.18647],[104.95438,21.18776],[104.9576,21.18943],[104.96314,21.18792],[104.96754,21.18676],[104.97079,21.18777],[104.97455,21.1896],[104.97617,21.19338],[104.97558,21.1989],[104.97676,21.20192],[104.97658,21.2023],[104.97644,21.20259],[104.97626,21.20315],[104.97619,21.20353],[104.97614,21.20391],[104.97613,21.20413],[104.97609,21.20575],[104.97655,21.20705],[104.97672,21.20724],[104.9769,21.20749],[104.97698,21.20764],[104.97705,21.20787],[104.97344,21.21045],[104.97336,21.21048],[104.97322,21.21052],[104.97303,21.21056],[104.97284,21.21058],[104.97263,21.21059],[104.97245,21.21056],[104.97234,21.21052],[104.97211,21.21041],[104.97178,21.21022],[104.96981,21.20906],[104.9686,21.20835],[104.96769,21.20864],[104.96533,21.21232],[104.96264,21.22073],[104.96219,21.22107],[104.96196,21.22127],[104.96175,21.22152],[104.96167,21.22167],[104.96161,21.22181],[104.96145,21.22376],[104.96162,21.22442],[104.96243,21.22621],[104.96347,21.22753],[104.96446,21.22913],[104.96465,21.23151],[104.9644,21.23375],[104.95775,21.24159],[104.95581,21.24347],[104.95511,21.24384],[104.95385,21.24454],[104.9526,21.24539],[104.95148,21.24619],[104.9493,21.24829],[104.94748,21.25101],[104.94884,21.25516],[104.9502,21.25935],[104.94941,21.2597],[104.94823,21.26041],[104.94735,21.26121],[104.94531,21.26365],[104.94462,21.26593]]]},"properties":{"commune_code":"08560","commune_name":"Xã Lai Đồng","commune_kind":"XA","province_code":"25","province_name":"Tỉnh Phú Thọ","area_km2":108.45,"valid_from":"16/6/2025","published":"13/07/2025","area_km2_geom":108.6654887648663,"quality_flag":null,"population":16320.999999999998,"population_wp":13294.116763710976,"anchor_ratio":1.227685922283421,"pop_source":"WORLDPOP2025_ANCHORED_VNSDI","pop_density_ppkm2":150.19487958422454,"n_stations":0,"n_ports":0,"power_kw_site":0.0,"ports_per_10k_pop":0.0,"util_mean_port_weighted":null,"dist_station_m_pop_weighted":9135.804237651228}},{"type":"Feature","geometry":{"type":"Polygon","coordinates":[[[104.96406,21.30506],[104.96357,21.30711],[104.96128,21.30638],[104.95896,21.30546],[104.95541,21.30458],[104.95259,21.30391],[104.94896,21.30364],[104.94751,21.30354],[104.94549,21.30402],[104.94322,21.3048],[104.94222,21.3049],[104.94147,21.30436],[104.94011,21.30271],[104.94014,21.30129],[104.93848,21.29757],[104.93536,21.29406],[104.93447,21.29327],[104.93428,21.29307],[104.93413,21.29287],[104.93374,21.29217],[104.93372,21.29212],[104.93358,21.2918],[104.93354,21.29166],[104.93338,21.2898],[104.93337,21.28963],[104.93338,21.28902],[104.93339,21.28889],[104.93344,21.28839],[104.93378,21.28821],[104.93419,21.28803],[104.93477,21.28777],[104.93829,21.28259],[104.94237,21.27215],[104.94441,21.26715],[104.94462,21.26593],[104.94531,21.26365],[104.94735,21.26121],[104.94823,21.26041],[104.94941,21.2597],[104.9502,21.25935],[104.94884,21.25516],[104.94748,21.25101],[104.9493,21.24829],[104.95148,21.24619],[104.9526,21.24539],[104.95385,21.24454],[104.95511,21.24384],[104.95581,21.24347],[104.95775,21.24159],[104.9644,21.23375],[104.96465,21.23151],[104.96446,21.22913],[104.96347,21.22753],[104.96243,21.22621],[104.96162,21.22442],[104.96145,21.22376],[104.96161,21.22181],[104.96167,21.22167],[104.96175,21.22152],[104.96196,21.22127],[104.96219,21.22107],[104.96264,21.22073],[104.96533,21.21232],[104.96769,21.20864],[104.9686,21.20835],[104.96981,21.20906],[104.97178,21.21022],[104.97211,21.21041],[104.97234,21.21052],[104.97245,21.21056],[104.97263,21.21059],[104.97284,21.21058],[104.97303,21.21056],[104.97322,21.21052],[104.97336,21.21048],[104.97344,21.21045],[104.97705,21.20787],[104.97698,21.20764],[104.9769,21.20749],[104.97672,21.20724],[104.97655,21.20705],[104.97609,21.20575],[104.97613,21.20413],[104.97614,21.20391],[104.97619,21.20353],[104.97626,21.20315],[104.97644,21.20259],[104.97658,21.2023],[104.97676,21.20192],[104.97826,21.20047],[104.98104,21.19765],[104.98195,21.19691],[104.98385,21.19593],[104.98602,21.19488],[104.9864,21.19474],[104.988,21.19427],[104.98922,21.19408],[104.99678,21.18891],[105.00272,21.18502],[105.00822,21.18332],[105.00848,21.18328],[105.00877,21.18315],[105.00899,21.18306],[105.00938,21.18287],[105.00957,21.18267],[105.01057,21.18137],[105.01067,21.18122],[105.01079,21.18098],[105.01085,21.18081],[105.01089,21.18061],[105.01092,21.18026],[105.01085,21.17969],[105.01514,21.18361],[105.01808,21.18669],[105.01817,21.18893],[105.01821,21.19097],[105.01837,21.19269],[105.01948,21.19502],[105.02136,21.19734],[105.02462,21.20039],[105.02639,21.2031],[105.02691,21.20993],[105.02672,21.21729],[105.0273,21.22193],[105.03139,21.22462],[105.03412,21.22617],[105.0389,21.22583],[105.0391,21.22581],[105.03977,21.22569],[105.03995,21.22563],[105.04009,21.22557],[105.04022,21.22545],[105.04046,21.22518],[105.04059,21.225],[105.04074,21.22479],[105.04093,21.22441],[105.04105,21.22411],[105.0411,21.22394],[105.04114,21.22368],[105.04116,21.22341],[105.04119,21.2231],[105.04125,21.22298],[105.04135,21.22286],[105.04147,21.2228],[105.04306,21.22205],[105.04899,21.22098],[105.04935,21.22093],[105.0497,21.22091],[105.05013,21.22089],[105.05045,21.22091],[105.05071,21.22093],[105.05617,21.22219],[105.06034,21.22348],[105.06352,21.2233],[105.06794,21.22247],[105.06965,21.22118],[105.07245,21.21829],[105.07323,21.2177],[105.07475,21.21687],[105.07492,21.21678],[105.07504,21.21674],[105.07531,21.21667],[105.0755,21.21664],[105.07553,21.21663],[105.07557,21.21663],[105.07565,21.21667],[105.07574,21.21674],[105.07588,21.21688],[105.07606,21.21714],[105.08441,21.22653],[105.088,21.22993],[105.09006,21.23134],[105.08938,21.23477],[105.08887,21.23558],[105.08513,21.23943],[105.08385,21.24072],[105.08209,21.24235],[105.08115,21.24307],[105.07959,21.24393],[105.0787,21.24507],[105.07809,21.24658],[105.07804,21.24711],[105.07781,21.25115],[105.07631,21.25619],[105.07312,21.25789],[105.06978,21.26131],[105.06856,21.26265],[105.06838,21.26375],[105.06808,21.26459],[105.06721,21.26578],[105.06612,21.26724],[105.06576,21.26757],[105.06507,21.26822],[105.06257,21.26951],[105.05673,21.27229],[105.05278,21.27346],[105.04995,21.27478],[105.04207,21.27997],[105.03694,21.28358],[105.02225,21.29216],[105.02138,21.29243],[105.02044,21.29228],[105.01896,21.29145],[105.01557,21.29035],[105.01389,21.28987],[105.01361,21.28999],[105.01327,21.29013],[105.01274,21.29075],[105.01098,21.29252],[105.00871,21.29391],[105.0073,21.29441],[105.00649,21.2942],[105.0059,21.29353],[105.00488,21.29183],[105.00358,21.29083],[105.00189,21.28981],[105.00008,21.28927],[104.99814,21.28885],[104.99553,21.28881],[104.994,21.28904],[104.99255,21.28965],[104.99195,21.29068],[104.98833,21.29112],[104.98739,21.29164],[104.98588,21.29278],[104.9838,21.29443],[104.9821,21.29554],[104.97739,21.29682],[104.97551,21.29714],[104.97051,21.29877],[104.96588,21.30185],[104.96406,21.30506]]]},"properties":{"commune_code":"08566","commune_name":"Xã Tân Sơn","commune_kind":"XA","province_code":"25","province_name":"Tỉnh Phú Thọ","area_km2":118.21,"valid_from":"16/6/2025","published":"13/07/2025","area_km2_geom":118.77173853686946,"quality_flag":null,"population":18246.0,"population_wp":16838.617725908756,"anchor_ratio":1.0835806297761468,"pop_source":"WORLDPOP2025_ANCHORED_VNSDI","pop_density_ppkm2":153.6224039891108,"n_stations":3,"n_ports":39,"power_kw_site":965.0,"ports_per_10k_pop":21.374547846103255,"util_mean_port_weighted":0.03823476406075768,"dist_station_m_pop_weighted":4923.5338717965315}},{"type":"Feature","geometry":{"type":"Polygon","coordinates":[[[105.10775,21.22716],[105.10722,21.22976],[105.09825,21.22806],[105.09888,21.22744],[105.09928,21.22659],[105.09958,21.22504],[105.0996,21.22464],[105.09943,21.22424],[105.09595,21.22149],[105.09464,21.22047],[105.09337,21.21949],[105.09238,21.21853],[105.09222,21.21767],[105.0924,21.21684],[105.09457,21.21354],[105.09704,21.21038],[105.0997,21.20728],[105.10109,21.2065],[105.10291,21.20535],[105.10388,21.20402],[105.10564,21.20112],[105.10927,21.1947],[105.10927,21.19219],[105.10674,21.18939],[105.10547,21.18706],[105.10562,21.18633],[105.10599,21.1856],[105.10605,21.18549],[105.10634,21.18516],[105.10654,21.18494],[105.10723,21.18447],[105.10728,21.18446],[105.10784,21.18438],[105.10844,21.1843],[105.1089,21.18433],[105.10987,21.18452],[105.11188,21.18476],[105.11338,21.18476],[105.11382,21.18455],[105.11404,21.18398],[105.11404,21.18341],[105.11363,21.17974],[105.11351,21.17969],[105.11189,21.1791],[105.11001,21.17874],[105.1087,21.17835],[105.10851,21.17799],[105.10896,21.17721],[105.11023,21.17533],[105.11201,21.17434],[105.11536,21.17094],[105.11548,21.17001],[105.11395,21.16698],[105.11291,21.15749],[105.11402,21.1539],[105.11399,21.15259],[105.11338,21.15121],[105.11224,21.14966],[105.11109,21.14763],[105.11105,21.14677],[105.11193,21.14383],[105.11276,21.14049],[105.11303,21.13888],[105.11284,21.13791],[105.11204,21.13734],[105.11317,21.13635],[105.11567,21.13454],[105.11821,21.13294],[105.12157,21.13159],[105.12676,21.12949],[105.12716,21.12922],[105.12725,21.12913],[105.1274,21.12894],[105.12767,21.12844],[105.12774,21.12827],[105.12779,21.12812],[105.12786,21.1278],[105.1279,21.1275],[105.1279,21.1273],[105.12789,21.12723],[105.12786,21.12717],[105.12765,21.127],[105.12747,21.12686],[105.12723,21.1267],[105.12704,21.1266],[105.12689,21.12653],[105.12677,21.12648],[105.12655,21.12637],[105.12621,21.12594],[105.12602,21.1256],[105.12626,21.12402],[105.1266,21.12263],[105.12767,21.11925],[105.12806,21.11877],[105.1317,21.11594],[105.13866,21.11147],[105.14521,21.10678],[105.14955,21.1045],[105.1523,21.10352],[105.15595,21.10077],[105.15877,21.09849],[105.16407,21.09414],[105.1643,21.09404],[105.16573,21.09387],[105.16705,21.09393],[105.16721,21.09396],[105.17174,21.09491],[105.17401,21.09544],[105.17593,21.0962],[105.18076,21.09807],[105.19057,21.09772],[105.19185,21.09685],[105.19246,21.09621],[105.19292,21.09534],[105.19314,21.09486],[105.19489,21.09763],[105.19632,21.09881],[105.1998,21.10091],[105.20157,21.10111],[105.20307,21.10103],[105.20556,21.10072],[105.20579,21.10066],[105.20612,21.10064],[105.2078,21.10054],[105.20826,21.10052],[105.20878,21.10059],[105.20894,21.10063],[105.21271,21.10154],[105.21311,21.10165],[105.21344,21.10191],[105.21572,21.10405],[105.21632,21.10462],[105.21641,21.1047],[105.2172,21.10553],[105.21766,21.10616],[105.21783,21.10639],[105.21992,21.11043],[105.22089,21.11234],[105.22451,21.11961],[105.22257,21.12615],[105.22098,21.12781],[105.22085,21.13261],[105.22219,21.13631],[105.22438,21.14376],[105.22366,21.14654],[105.22326,21.14774],[105.21359,21.15356],[105.21338,21.15883],[105.21407,21.15949],[105.21379,21.16096],[105.2137,21.16122],[105.21345,21.16192],[105.21314,21.16273],[105.21312,21.16275],[105.21205,21.16356],[105.21078,21.16419],[105.21007,21.16434],[105.208,21.16437],[105.20439,21.16788],[105.20323,21.1698],[105.20243,21.17078],[105.19927,21.17011],[105.19886,21.17],[105.19746,21.16776],[105.19644,21.16597],[105.19751,21.16453],[105.19652,21.16116],[105.19293,21.15805],[105.18976,21.15549],[105.18956,21.15526],[105.18874,21.15419],[105.18889,21.15222],[105.18941,21.15111],[105.18979,21.15029],[105.18947,21.14931],[105.18782,21.14695],[105.18765,21.14677],[105.18683,21.14602],[105.18632,21.14587],[105.17883,21.14471],[105.17806,21.14517],[105.17768,21.14547],[105.17445,21.14821],[105.17288,21.14979],[105.1675,21.15296],[105.16428,21.1545],[105.16052,21.15787],[105.16034,21.15815],[105.15991,21.15956],[105.15971,21.1605],[105.16065,21.16268],[105.16142,21.16407],[105.16037,21.16818],[105.15887,21.1739],[105.15828,21.17742],[105.15887,21.18712],[105.15912,21.19875],[105.15489,21.20317],[105.15195,21.20632],[105.15254,21.20823],[105.15279,21.20872],[105.15351,21.20881],[105.15328,21.20883],[105.15254,21.20884],[105.1518,21.20878],[105.15143,21.20873],[105.15118,21.20868],[105.15108,21.20867],[105.15071,21.20856],[105.15043,21.20846],[105.15012,21.20828],[105.1499,21.20813],[105.14956,21.20777],[105.14938,21.20749],[105.14932,21.20738],[105.14923,21.2072],[105.14909,21.20689],[105.14887,21.20624],[105.14862,21.20528],[105.14847,21.20507],[105.14834,21.205],[105.14556,21.20487],[105.14174,21.2053],[105.13315,21.20819],[105.13005,21.21089],[105.12275,21.21218],[105.1224,21.21233],[105.12216,21.21286],[105.12202,21.21424],[105.12225,21.21688],[105.1135,21.22368],[105.10959,21.22504],[105.1081,21.22647],[105.10783,21.22687],[105.10775,21.22716]]]},"properties":{"commune_code":"08584","commune_name":"Xã Võ Miếu","commune_kind":"XA","province_code":"25","province_name":"Tỉnh Phú Thọ","area_km2":96.36,"valid_from":"16/6/2025","published":"13/07/2025","area_km2_geom":96.54840060335246,"quality_flag":null,"population":28853.0,"population_wp":27556.412487961352,"anchor_ratio":1.047052115822591,"pop_source":"WORLDPOP2025_ANCHORED_VNSDI","pop_density_ppkm2":298.8449297936701,"n_stations":3,"n_ports":31,"power_kw_site":728.0,"ports_per_10k_pop":10.744116729629502,"util_mean_port_weighted":0.12834871543259155,"dist_station_m_pop_weighted":3765.04478298076}},{"type":"Feature","geometry":{"type":"Polygon","coordinates":[[[104.97826,21.20047],[104.97676,21.20192],[104.97558,21.1989],[104.97617,21.19338],[104.97455,21.1896],[104.97079,21.18777],[104.96754,21.18676],[104.96314,21.18792],[104.9576,21.18943],[104.95438,21.18776],[104.95265,21.18647],[104.94957,21.18214],[104.94949,21.18152],[104.94958,21.18068],[104.94984,21.17827],[104.95026,21.17727],[104.95033,21.17713],[104.9504,21.17706],[104.95059,21.17695],[104.95077,21.17687],[104.954,21.17497],[104.95652,21.17154],[104.95656,21.17146],[104.95669,21.17088],[104.95671,21.17079],[104.95671,21.17069],[104.95668,21.1706],[104.95659,21.17043],[104.95647,21.17027],[104.95637,21.17017],[104.95481,21.16884],[104.9537,21.16801],[104.95141,21.16915],[104.9501,21.16981],[104.94887,21.1707],[104.94348,21.17165],[104.94176,21.16972],[104.93833,21.1659],[104.93392,21.16142],[104.93022,21.15769],[104.92263,21.16049],[104.91886,21.1627],[104.91475,21.16544],[104.91047,21.1684],[104.90638,21.17009],[104.90217,21.17039],[104.89851,21.17195],[104.89681,21.17301],[104.89289,21.16969],[104.88814,21.16563],[104.883,21.1673],[104.87689,21.16984],[104.87607,21.17018],[104.86425,21.16502],[104.86297,21.16481],[104.85632,21.16612],[104.85624,21.16614],[104.85589,21.16523],[104.8541,21.16052],[104.8528,21.15492],[104.85367,21.1515],[104.85804,21.14809],[104.8662,21.14564],[104.871,21.14291],[104.87216,21.14188],[104.8777,21.1369],[104.88571,21.13363],[104.89532,21.12967],[104.89682,21.12792],[104.89881,21.12558],[104.90289,21.12148],[104.90828,21.11889],[104.91133,21.11616],[104.91192,21.11401],[104.9125,21.11192],[104.91411,21.10167],[104.91644,21.09662],[104.9169,21.09609],[104.91979,21.09279],[104.9206,21.09205],[104.92241,21.09042],[104.92401,21.08897],[104.92532,21.0861],[104.92488,21.08351],[104.92475,21.08333],[104.9227,21.08063],[104.92212,21.07722],[104.92198,21.07531],[104.91892,21.07353],[104.91427,21.07284],[104.91209,21.07105],[104.91194,21.07093],[104.91193,21.07075],[104.91165,21.06779],[104.91326,21.06601],[104.91416,21.06595],[104.91762,21.06574],[104.9196,21.06574],[104.92221,21.06574],[104.92518,21.06574],[104.92855,21.06457],[104.92911,21.06438],[104.92984,21.06374],[104.93181,21.062],[104.93639,21.05796],[104.93959,21.05605],[104.94221,21.05564],[104.94686,21.05564],[104.94987,21.05647],[104.95174,21.05698],[104.9553,21.05796],[104.96024,21.0585],[104.96155,21.05865],[104.96519,21.05728],[104.96583,21.05675],[104.9672,21.05561],[104.96892,21.05418],[104.97028,21.05305],[104.97136,21.05279],[104.97527,21.05188],[104.97552,21.05182],[104.9889,21.04772],[104.99254,21.04417],[104.99472,21.04144],[104.99763,21.04021],[105.00019,21.0405],[105.00188,21.0407],[105.00573,21.03953],[105.01034,21.03686],[105.01517,21.03069],[105.01912,21.02453],[105.02022,21.02001],[105.02175,21.01816],[105.0231,21.01827],[105.02417,21.01836],[105.03009,21.02144],[105.03179,21.02144],[105.03361,21.02144],[105.03668,21.01795],[105.03804,21.0163],[105.03806,21.01701],[105.03935,21.0194],[105.0411,21.01988],[105.04231,21.02057],[105.04343,21.02149],[105.04419,21.02242],[105.04445,21.02538],[105.04448,21.02678],[105.04448,21.02801],[105.04435,21.02992],[105.044,21.03097],[105.04302,21.03306],[105.04114,21.03936],[105.04067,21.04102],[105.04037,21.04121],[105.03913,21.04198],[105.0389,21.04217],[105.03879,21.04227],[105.03875,21.04231],[105.03873,21.04236],[105.03869,21.04253],[105.03863,21.04279],[105.03697,21.05127],[105.0376,21.05371],[105.04023,21.05832],[105.04258,21.06139],[105.04296,21.06149],[105.04332,21.06159],[105.04358,21.06173],[105.04373,21.06184],[105.04381,21.06192],[105.0439,21.06204],[105.044,21.06223],[105.04439,21.06292],[105.04461,21.06344],[105.04467,21.0636],[105.0447,21.06371],[105.04511,21.06587],[105.04544,21.06805],[105.0452,21.07117],[105.04427,21.07525],[105.04313,21.08007],[105.04164,21.08232],[105.04054,21.08456],[105.04301,21.08792],[105.04425,21.09262],[105.04368,21.09737],[105.04311,21.1011],[105.04287,21.10138],[105.04164,21.10292],[105.03999,21.10548],[105.03649,21.11166],[105.03641,21.1118],[105.03593,21.11288],[105.0359,21.11297],[105.03593,21.1139],[105.03594,21.1141],[105.03617,21.11591],[105.03648,21.11751],[105.03383,21.1217],[105.03103,21.12552],[105.03111,21.13066],[105.02821,21.13531],[105.02962,21.14211],[105.03044,21.1429],[105.0303,21.14478],[105.02606,21.15308],[105.02217,21.15665],[105.0196,21.16256],[105.01813,21.1661],[105.01746,21.16732],[105.01474,21.16947],[105.01423,21.17018],[105.01445,21.17527],[105.0142,21.17575],[105.01395,21.17608],[105.01085,21.17969],[105.01092,21.18026],[105.01089,21.18061],[105.01085,21.18081],[105.01079,21.18098],[105.01067,21.18122],[105.01057,21.18137],[105.00957,21.18267],[105.00938,21.18287],[105.00899,21.18306],[105.00877,21.18315],[105.00848,21.18328],[105.00822,21.18332],[105.00272,21.18502],[104.99678,21.18891],[104.98922,21.19408],[104.988,21.19427],[104.9864,21.19474],[104.98602,21.19488],[104.98385,21.19593],[104.98195,21.19691],[104.98104,21.19765],[104.97826,21.20047]]]},"properties":{"commune_code":"08590","commune_name":"Xã Xuân Đài","commune_kind":"XA","province_code":"25","province_name":"Tỉnh Phú Thọ","area_km2":209.6,"valid_from":"16/6/2025","published":"13/07/2025","area_km2_geom":205.39228803495843,"quality_flag":null,"population":15072.999999999998,"population_wp":11974.141488470137,"anchor_ratio":1.2587958823197256,"pop_source":"WORLDPOP2025_ANCHORED_VNSDI","pop_density_ppkm2":73.3863970463902,"n_stations":1,"n_ports":8,"power_kw_site":240.0,"ports_per_10k_pop":5.307503483049161,"util_mean_port_weighted":0.045508474576271184,"dist_station_m_pop_weighted":4261.114200590948}},{"type":"Feature","geometry":{"type":"Polygon","coordinates":[[[105.09042,21.23087],[105.09006,21.23134],[105.088,21.22993],[105.08441,21.22653],[105.07606,21.21714],[105.07588,21.21688],[105.07574,21.21674],[105.07565,21.21667],[105.07557,21.21663],[105.07553,21.21663],[105.0755,21.21664],[105.07531,21.21667],[105.07504,21.21674],[105.07492,21.21678],[105.07475,21.21687],[105.07323,21.2177],[105.07245,21.21829],[105.06965,21.22118],[105.06794,21.22247],[105.06352,21.2233],[105.06034,21.22348],[105.05617,21.22219],[105.05071,21.22093],[105.05045,21.22091],[105.05013,21.22089],[105.0497,21.22091],[105.04935,21.22093],[105.04899,21.22098],[105.04306,21.22205],[105.04147,21.2228],[105.04135,21.22286],[105.04125,21.22298],[105.04119,21.2231],[105.04116,21.22341],[105.04114,21.22368],[105.0411,21.22394],[105.04105,21.22411],[105.04093,21.22441],[105.04074,21.22479],[105.04059,21.225],[105.04046,21.22518],[105.04022,21.22545],[105.04009,21.22557],[105.03995,21.22563],[105.03977,21.22569],[105.0391,21.22581],[105.0389,21.22583],[105.03412,21.22617],[105.03139,21.22462],[105.0273,21.22193],[105.02672,21.21729],[105.02691,21.20993],[105.02639,21.2031],[105.02462,21.20039],[105.02136,21.19734],[105.01948,21.19502],[105.01837,21.19269],[105.01821,21.19097],[105.01817,21.18893],[105.01808,21.18669],[105.01514,21.18361],[105.01085,21.17969],[105.01395,21.17608],[105.0142,21.17575],[105.01445,21.17527],[105.01423,21.17018],[105.01474,21.16947],[105.01746,21.16732],[105.01813,21.1661],[105.0196,21.16256],[105.02217,21.15665],[105.02606,21.15308],[105.0303,21.14478],[105.03044,21.1429],[105.03205,21.14382],[105.03305,21.14443],[105.03607,21.14647],[105.03624,21.14659],[105.03636,21.14669],[105.03706,21.14736],[105.03765,21.1486],[105.03798,21.15042],[105.03802,21.15095],[105.03725,21.15198],[105.03691,21.15348],[105.03705,21.15436],[105.03709,21.15449],[105.03721,21.15469],[105.03733,21.15485],[105.03748,21.15499],[105.03757,21.15506],[105.03851,21.15526],[105.03935,21.15517],[105.04022,21.15478],[105.04037,21.15469],[105.0415,21.15397],[105.04164,21.15385],[105.04175,21.15374],[105.04182,21.15365],[105.04195,21.15344],[105.04204,21.15325],[105.04258,21.15211],[105.04501,21.14625],[105.04605,21.14144],[105.04891,21.14076],[105.05307,21.13831],[105.05458,21.13704],[105.05957,21.13559],[105.0605,21.13618],[105.06412,21.1384],[105.06429,21.13848],[105.06436,21.13849],[105.06444,21.13849],[105.06769,21.13846],[105.069,21.13557],[105.07041,21.13247],[105.07144,21.1325],[105.07384,21.1347],[105.07337,21.13663],[105.07457,21.1377],[105.07567,21.13853],[105.07668,21.13922],[105.07908,21.1399],[105.07918,21.13992],[105.08146,21.1395],[105.08594,21.13476],[105.08648,21.13379],[105.08766,21.13363],[105.09015,21.13504],[105.09008,21.13511],[105.09152,21.13609],[105.09212,21.13645],[105.09729,21.13733],[105.10164,21.13652],[105.10642,21.13698],[105.10657,21.13766],[105.10756,21.13791],[105.1086,21.13806],[105.10936,21.13806],[105.11028,21.13712],[105.11204,21.13734],[105.11284,21.13791],[105.11303,21.13888],[105.11276,21.14049],[105.11193,21.14383],[105.11105,21.14677],[105.11109,21.14763],[105.11224,21.14966],[105.11338,21.15121],[105.11399,21.15259],[105.11402,21.1539],[105.11291,21.15749],[105.11395,21.16698],[105.11548,21.17001],[105.11536,21.17094],[105.11201,21.17434],[105.11023,21.17533],[105.10896,21.17721],[105.10851,21.17799],[105.1087,21.17835],[105.11001,21.17874],[105.11189,21.1791],[105.11351,21.17969],[105.11363,21.17974],[105.11404,21.18341],[105.11404,21.18398],[105.11382,21.18455],[105.11338,21.18476],[105.11188,21.18476],[105.10987,21.18452],[105.1089,21.18433],[105.10844,21.1843],[105.10784,21.18438],[105.10728,21.18446],[105.10723,21.18447],[105.10654,21.18494],[105.10634,21.18516],[105.10605,21.18549],[105.10599,21.1856],[105.10562,21.18633],[105.10547,21.18706],[105.10674,21.18939],[105.10927,21.19219],[105.10927,21.1947],[105.10564,21.20112],[105.10388,21.20402],[105.10291,21.20535],[105.10109,21.2065],[105.0997,21.20728],[105.09704,21.21038],[105.09457,21.21354],[105.0924,21.21684],[105.09222,21.21767],[105.09238,21.21853],[105.09337,21.21949],[105.09464,21.22047],[105.09595,21.22149],[105.09943,21.22424],[105.0996,21.22464],[105.09958,21.22504],[105.09928,21.22659],[105.09888,21.22744],[105.09825,21.22806],[105.09738,21.22978],[105.09515,21.22978],[105.09354,21.22979],[105.09042,21.23087]]]},"properties":{"commune_code":"08593","commune_name":"Xã Minh Đài","commune_kind":"XA","province_code":"25","province_name":"Tỉnh Phú Thọ","area_km2":84.74,"valid_from":"16/6/2025","published":"13/07/2025","area_km2_geom":82.94923651674219,"quality_flag":null,"population":24209.0,"population_wp":29562.193174533546,"anchor_ratio":0.8189175903516837,"pop_source":"WORLDPOP2025_ANCHORED_VNSDI","pop_density_ppkm2":291.85319861399495,"n_stations":0,"n_ports":0,"power_kw_site":0.0,"ports_per_10k_pop":0.0,"util_mean_port_weighted":null,"dist_station_m_pop_weighted":6810.762492308907}},{"type":"Feature","geometry":{"type":"Polygon","coordinates":[[[105.11028,21.13712],[105.10936,21.13806],[105.1086,21.13806],[105.10756,21.13791],[105.10657,21.13766],[105.10642,21.13698],[105.10164,21.13652],[105.09729,21.13733],[105.09212,21.13645],[105.09152,21.13609],[105.09008,21.13511],[105.09015,21.13504],[105.09185,21.13331],[105.09228,21.13243],[105.09346,21.12979],[105.09415,21.1274],[105.09429,21.1266],[105.09407,21.12549],[105.09381,21.12454],[105.09328,21.1235],[105.09202,21.12235],[105.08617,21.11641],[105.083,21.1124],[105.08223,21.11131],[105.08207,21.1106],[105.08216,21.11037],[105.08222,21.11036],[105.08246,21.1103],[105.08916,21.11093],[105.09021,21.11084],[105.09153,21.11051],[105.09254,21.10987],[105.09754,21.10962],[105.10032,21.11003],[105.10197,21.11108],[105.1029,21.11141],[105.10521,21.11109],[105.10669,21.11083],[105.10749,21.11069],[105.10802,21.11027],[105.11011,21.10593],[105.11106,21.10396],[105.11147,21.10333],[105.11316,21.10226],[105.11576,21.09843],[105.1154,21.09733],[105.11463,21.09539],[105.1142,21.09475],[105.11237,21.093],[105.11124,21.09148],[105.11066,21.08909],[105.11041,21.08522],[105.11136,21.08275],[105.11384,21.07855],[105.11564,21.07518],[105.11667,21.07235],[105.11674,21.07213],[105.12125,21.07232],[105.12135,21.07215],[105.12145,21.07205],[105.12166,21.07189],[105.12187,21.07175],[105.12209,21.07167],[105.12222,21.07165],[105.12337,21.07154],[105.12688,21.07207],[105.12971,21.0721],[105.13335,21.0693],[105.13786,21.06846],[105.1433,21.0599],[105.14497,21.05679],[105.14704,21.05241],[105.14688,21.05107],[105.14697,21.05041],[105.14748,21.04975],[105.15614,21.04516],[105.16237,21.04241],[105.1644,21.04093],[105.16542,21.03907],[105.1657,21.03858],[105.1658,21.03843],[105.16591,21.03833],[105.16662,21.03781],[105.16902,21.03622],[105.16917,21.03615],[105.17311,21.03469],[105.17362,21.03463],[105.1743,21.03476],[105.17485,21.03488],[105.17792,21.0311],[105.18267,21.02301],[105.18299,21.02195],[105.18302,21.02186],[105.1828,21.02111],[105.18265,21.02087],[105.1813,21.01881],[105.17995,21.01772],[105.18085,21.01273],[105.18193,21.01185],[105.18222,21.01142],[105.18323,21.00969],[105.18346,21.00901],[105.18492,21.00413],[105.18584,20.99902],[105.18803,20.99389],[105.18907,20.98973],[105.18897,20.98843],[105.1895,20.98558],[105.19221,20.97904],[105.19369,20.97686],[105.19628,20.97818],[105.19833,20.97873],[105.20815,20.98152],[105.21619,20.98218],[105.22066,20.98324],[105.22102,20.98334],[105.2216,20.98378],[105.22186,20.98427],[105.2219,20.98458],[105.2219,20.98498],[105.22149,20.988],[105.22143,20.98821],[105.22125,20.98852],[105.22029,20.98933],[105.21985,20.98967],[105.2192,20.99011],[105.21626,20.99379],[105.21479,20.9978],[105.21708,21.0053],[105.21717,21.00554],[105.2173,21.00578],[105.21773,21.00634],[105.21799,21.00656],[105.22409,21.00987],[105.22736,21.01071],[105.23125,21.01391],[105.23173,21.01437],[105.23229,21.01503],[105.23282,21.01568],[105.23426,21.01915],[105.23441,21.0196],[105.23437,21.02001],[105.23429,21.0208],[105.23381,21.02247],[105.23367,21.0226],[105.22979,21.02567],[105.21944,21.03348],[105.21165,21.03976],[105.20607,21.04433],[105.20547,21.04503],[105.20203,21.04952],[105.20178,21.05106],[105.20175,21.05724],[105.20175,21.05819],[105.20365,21.06464],[105.20474,21.06773],[105.20508,21.06835],[105.2054,21.06919],[105.20589,21.07054],[105.20609,21.07135],[105.20602,21.07214],[105.20601,21.07229],[105.20545,21.07592],[105.20512,21.0768],[105.20489,21.0773],[105.20342,21.07924],[105.20192,21.0804],[105.19975,21.08163],[105.19842,21.08248],[105.19717,21.0838],[105.19643,21.08492],[105.19577,21.08605],[105.19565,21.08646],[105.19314,21.09486],[105.19292,21.09534],[105.19246,21.09621],[105.19185,21.09685],[105.19057,21.09772],[105.18076,21.09807],[105.17593,21.0962],[105.17401,21.09544],[105.17174,21.09491],[105.16721,21.09396],[105.16705,21.09393],[105.16573,21.09387],[105.1643,21.09404],[105.16407,21.09414],[105.15877,21.09849],[105.15595,21.10077],[105.1523,21.10352],[105.14955,21.1045],[105.14521,21.10678],[105.13866,21.11147],[105.1317,21.11594],[105.12806,21.11877],[105.12767,21.11925],[105.1266,21.12263],[105.12626,21.12402],[105.12602,21.1256],[105.12621,21.12594],[105.12655,21.12637],[105.12677,21.12648],[105.12689,21.12653],[105.12704,21.1266],[105.12723,21.1267],[105.12747,21.12686],[105.12765,21.127],[105.12786,21.12717],[105.12789,21.12723],[105.1279,21.1273],[105.1279,21.1275],[105.12786,21.1278],[105.12779,21.12812],[105.12774,21.12827],[105.12767,21.12844],[105.1274,21.12894],[105.12725,21.12913],[105.12716,21.12922],[105.12676,21.12949],[105.12157,21.13159],[105.11821,21.13294],[105.11567,21.13454],[105.11317,21.13635],[105.11204,21.13734],[105.11028,21.13712]]]},"properties":{"commune_code":"08611","commune_name":"Xã Văn Miếu","commune_kind":"XA","province_code":"25","province_name":"Tỉnh Phú Thọ","area_km2":89.11,"valid_from":"16/6/2025","published":"13/07/2025","area_km2_geom":90.03751785378694,"quality_flag":null,"population":18752.0,"population_wp":16319.679262377322,"anchor_ratio":1.1490421900159549,"pop_source":"WORLDPOP2025_ANCHORED_VNSDI","pop_density_ppkm2":208.26873560032618,"n_stations":0,"n_ports":0,"power_kw_site":0.0,"ports_per_10k_pop":0.0,"util_mean_port_weighted":null,"dist_station_m_pop_weighted":7306.612565316145}},{"type":"Feature","geometry":{"type":"Polygon","coordinates":[[[105.22331,21.16828],[105.22209,21.16832],[105.21531,21.16752],[105.21471,21.16589],[105.21383,21.16355],[105.21312,21.16275],[105.21314,21.16273],[105.21345,21.16192],[105.2137,21.16122],[105.21379,21.16096],[105.21407,21.15949],[105.21338,21.15883],[105.21359,21.15356],[105.22326,21.14774],[105.22366,21.14654],[105.22438,21.14376],[105.22219,21.13631],[105.22085,21.13261],[105.22098,21.12781],[105.22257,21.12615],[105.22451,21.11961],[105.22089,21.11234],[105.21992,21.11043],[105.21783,21.10639],[105.21766,21.10616],[105.2172,21.10553],[105.21641,21.1047],[105.21632,21.10462],[105.21572,21.10405],[105.21344,21.10191],[105.21311,21.10165],[105.21271,21.10154],[105.20894,21.10063],[105.20878,21.10059],[105.20826,21.10052],[105.2078,21.10054],[105.20612,21.10064],[105.20579,21.10066],[105.20556,21.10072],[105.20307,21.10103],[105.20157,21.10111],[105.1998,21.10091],[105.19632,21.09881],[105.19489,21.09763],[105.19314,21.09486],[105.19565,21.08646],[105.20026,21.0866],[105.20038,21.08657],[105.20497,21.08511],[105.20513,21.08505],[105.20573,21.08467],[105.20745,21.08343],[105.20813,21.08278],[105.2142,21.0786],[105.2186,21.07544],[105.21939,21.07403],[105.21997,21.0734],[105.22398,21.07036],[105.22546,21.06982],[105.22572,21.06976],[105.22889,21.06972],[105.23025,21.0705],[105.23085,21.07124],[105.23139,21.07187],[105.23182,21.07227],[105.23434,21.0746],[105.23562,21.07562],[105.24065,21.07901],[105.24104,21.07926],[105.24113,21.0793],[105.24124,21.07931],[105.2414,21.07924],[105.24169,21.0791],[105.24476,21.07711],[105.24493,21.07698],[105.24511,21.07684],[105.24532,21.07663],[105.24547,21.07643],[105.24556,21.07626],[105.24586,21.0755],[105.24704,21.07374],[105.24882,21.07274],[105.25093,21.07346],[105.25198,21.07397],[105.25275,21.07428],[105.25465,21.0748],[105.25868,21.0755],[105.26253,21.07633],[105.268,21.08216],[105.27038,21.08305],[105.27646,21.08351],[105.27666,21.08361],[105.28017,21.08601],[105.28098,21.08658],[105.28098,21.08735],[105.28072,21.08804],[105.28093,21.08855],[105.28171,21.09011],[105.28195,21.09043],[105.28222,21.09066],[105.28433,21.09117],[105.2865,21.09157],[105.28773,21.09409],[105.2878,21.09455],[105.28697,21.09561],[105.28647,21.09556],[105.28596,21.09533],[105.28658,21.09696],[105.29217,21.10166],[105.28891,21.1026],[105.28668,21.10312],[105.28531,21.10303],[105.27753,21.09784],[105.27418,21.09531],[105.27192,21.09501],[105.26795,21.09974],[105.26592,21.10336],[105.26541,21.10431],[105.26379,21.10737],[105.26373,21.10752],[105.26199,21.11149],[105.26099,21.11378],[105.26084,21.11412],[105.26078,21.11499],[105.26132,21.11577],[105.26237,21.11618],[105.26374,21.11615],[105.26607,21.11576],[105.26667,21.11594],[105.26432,21.11979],[105.26401,21.12031],[105.2594,21.12551],[105.25733,21.12716],[105.25488,21.12773],[105.24969,21.13135],[105.24619,21.13408],[105.24228,21.1377],[105.24079,21.13964],[105.24,21.14189],[105.23889,21.14733],[105.23899,21.1484],[105.23982,21.15187],[105.24104,21.15482],[105.24113,21.15518],[105.24062,21.15605],[105.23528,21.16153],[105.23395,21.16403],[105.23066,21.16396],[105.22691,21.16477],[105.22331,21.16828]]]},"properties":{"commune_code":"08614","commune_name":"Xã Cự Đồng","commune_kind":"XA","province_code":"25","province_name":"Tỉnh Phú Thọ","area_km2":45.77,"valid_from":"16/6/2025","published":"13/07/2025","area_km2_geom":45.527941176881534,"quality_flag":null,"population":14988.0,"population_wp":16366.416370537132,"anchor_ratio":0.915777752482299,"pop_source":"WORLDPOP2025_ANCHORED_VNSDI","pop_density_ppkm2":329.2044316647181,"n_stations":1,"n_ports":8,"power_kw_site":330.0,"ports_per_10k_pop":5.3376034160661865,"util_mean_port_weighted":0.12349397590361445,"dist_station_m_pop_weighted":3197.3623780368666}},{"type":"Feature","geometry":{"type":"Polygon","coordinates":[[[105.03935,21.15517],[105.03851,21.15526],[105.03757,21.15506],[105.03748,21.15499],[105.03733,21.15485],[105.03721,21.15469],[105.03709,21.15449],[105.03705,21.15436],[105.03691,21.15348],[105.03725,21.15198],[105.03802,21.15095],[105.03798,21.15042],[105.03765,21.1486],[105.03706,21.14736],[105.03636,21.14669],[105.03624,21.14659],[105.03607,21.14647],[105.03305,21.14443],[105.03205,21.14382],[105.03044,21.1429],[105.02962,21.14211],[105.02821,21.13531],[105.03111,21.13066],[105.03103,21.12552],[105.03383,21.1217],[105.03648,21.11751],[105.03617,21.11591],[105.03594,21.1141],[105.03593,21.1139],[105.0359,21.11297],[105.03593,21.11288],[105.03641,21.1118],[105.03649,21.11166],[105.03999,21.10548],[105.04164,21.10292],[105.04287,21.10138],[105.04311,21.1011],[105.04368,21.09737],[105.04425,21.09262],[105.04301,21.08792],[105.04054,21.08456],[105.04164,21.08232],[105.04313,21.08007],[105.04427,21.07525],[105.0452,21.07117],[105.04544,21.06805],[105.04511,21.06587],[105.0447,21.06371],[105.04467,21.0636],[105.04461,21.06344],[105.04439,21.06292],[105.044,21.06223],[105.0439,21.06204],[105.04381,21.06192],[105.04373,21.06184],[105.04358,21.06173],[105.04332,21.06159],[105.04296,21.06149],[105.04258,21.06139],[105.04023,21.05832],[105.0376,21.05371],[105.03697,21.05127],[105.03863,21.04279],[105.03869,21.04253],[105.03873,21.04236],[105.03875,21.04231],[105.03879,21.04227],[105.0389,21.04217],[105.03913,21.04198],[105.04037,21.04121],[105.04067,21.04102],[105.0448,21.04167],[105.04566,21.04173],[105.04618,21.04162],[105.04732,21.04091],[105.04822,21.04035],[105.05075,21.0387],[105.05423,21.03771],[105.05659,21.03819],[105.05822,21.04037],[105.06087,21.04323],[105.0635,21.04247],[105.06857,21.04428],[105.06944,21.04485],[105.07065,21.04602],[105.07087,21.047],[105.07097,21.04805],[105.0711,21.0485],[105.07173,21.05065],[105.07247,21.05178],[105.08081,21.05393],[105.08387,21.05414],[105.09,21.05386],[105.09168,21.0534],[105.09314,21.05232],[105.09412,21.05181],[105.09525,21.05131],[105.09879,21.0506],[105.10035,21.05051],[105.1066,21.05066],[105.10741,21.0508],[105.10786,21.05127],[105.10771,21.05191],[105.10676,21.0532],[105.10619,21.05439],[105.10626,21.056],[105.1068,21.05722],[105.10795,21.05858],[105.10932,21.05955],[105.11058,21.05973],[105.11234,21.05922],[105.11368,21.05937],[105.11467,21.05994],[105.11532,21.06066],[105.11586,21.06191],[105.11701,21.06733],[105.11716,21.06905],[105.1172,21.07073],[105.11674,21.07213],[105.11667,21.07235],[105.11564,21.07518],[105.11384,21.07855],[105.11136,21.08275],[105.11041,21.08522],[105.11066,21.08909],[105.11124,21.09148],[105.11237,21.093],[105.1142,21.09475],[105.11463,21.09539],[105.1154,21.09733],[105.11576,21.09843],[105.11316,21.10226],[105.11147,21.10333],[105.11106,21.10396],[105.11011,21.10593],[105.10802,21.11027],[105.10749,21.11069],[105.10669,21.11083],[105.10521,21.11109],[105.1029,21.11141],[105.10197,21.11108],[105.10032,21.11003],[105.09754,21.10962],[105.09254,21.10987],[105.09153,21.11051],[105.09021,21.11084],[105.08916,21.11093],[105.08246,21.1103],[105.08222,21.11036],[105.08216,21.11037],[105.08207,21.1106],[105.08223,21.11131],[105.083,21.1124],[105.08617,21.11641],[105.09202,21.12235],[105.09328,21.1235],[105.09381,21.12454],[105.09407,21.12549],[105.09429,21.1266],[105.09415,21.1274],[105.09346,21.12979],[105.09228,21.13243],[105.09185,21.13331],[105.09015,21.13504],[105.08766,21.13363],[105.08648,21.13379],[105.08594,21.13476],[105.08146,21.1395],[105.07918,21.13992],[105.07908,21.1399],[105.07668,21.13922],[105.07567,21.13853],[105.07457,21.1377],[105.07337,21.13663],[105.07384,21.1347],[105.07144,21.1325],[105.07041,21.13247],[105.069,21.13557],[105.06769,21.13846],[105.06444,21.13849],[105.06436,21.13849],[105.06429,21.13848],[105.06412,21.1384],[105.0605,21.13618],[105.05957,21.13559],[105.05458,21.13704],[105.05307,21.13831],[105.04891,21.14076],[105.04605,21.14144],[105.04501,21.14625],[105.04258,21.15211],[105.04204,21.15325],[105.04195,21.15344],[105.04182,21.15365],[105.04175,21.15374],[105.04164,21.15385],[105.0415,21.15397],[105.04037,21.15469],[105.04022,21.15478],[105.03935,21.15517]]]},"properties":{"commune_code":"08620","commune_name":"Xã Long Cốc","commune_kind":"XA","province_code":"25","province_name":"Tỉnh Phú Thọ","area_km2":67.09,"valid_from":"16/6/2025","published":"13/07/2025","area_km2_geom":70.8241979141247,"quality_flag":null,"population":8708.0,"population_wp":10127.02867525816,"anchor_ratio":0.8598770951715523,"pop_source":"WORLDPOP2025_ANCHORED_VNSDI","pop_density_ppkm2":122.95232782669235,"n_stations":0,"n_ports":0,"power_kw_site":0.0,"ports_per_10k_pop":0.0,"util_mean_port_weighted":null,"dist_station_m_pop_weighted":9626.649712944252}},{"type":"Feature","geometry":{"type":"Polygon","coordinates":[[[105.20038,21.08657],[105.20026,21.0866],[105.19565,21.08646],[105.19577,21.08605],[105.19643,21.08492],[105.19717,21.0838],[105.19842,21.08248],[105.19975,21.08163],[105.20192,21.0804],[105.20342,21.07924],[105.20489,21.0773],[105.20512,21.0768],[105.20545,21.07592],[105.20601,21.07229],[105.20602,21.07214],[105.20609,21.07135],[105.20589,21.07054],[105.2054,21.06919],[105.20508,21.06835],[105.20474,21.06773],[105.20365,21.06464],[105.20175,21.05819],[105.20175,21.05724],[105.20178,21.05106],[105.20203,21.04952],[105.20547,21.04503],[105.20607,21.04433],[105.21165,21.03976],[105.21944,21.03348],[105.22979,21.02567],[105.23367,21.0226],[105.23381,21.02247],[105.23429,21.0208],[105.23437,21.02001],[105.23441,21.0196],[105.23426,21.01915],[105.23282,21.01568],[105.23229,21.01503],[105.23173,21.01437],[105.23125,21.01391],[105.22736,21.01071],[105.22409,21.00987],[105.21799,21.00656],[105.21773,21.00634],[105.2173,21.00578],[105.21717,21.00554],[105.21708,21.0053],[105.21479,20.9978],[105.21626,20.99379],[105.2192,20.99011],[105.21985,20.98967],[105.22029,20.98933],[105.22125,20.98852],[105.22143,20.98821],[105.22149,20.988],[105.2219,20.98498],[105.2219,20.98458],[105.22186,20.98427],[105.2216,20.98378],[105.22102,20.98334],[105.22066,20.98324],[105.21619,20.98218],[105.20815,20.98152],[105.19833,20.97873],[105.19628,20.97818],[105.19369,20.97686],[105.19295,20.97345],[105.1911,20.96398],[105.19236,20.95919],[105.19564,20.95749],[105.19597,20.9574],[105.1968,20.95784],[105.20053,20.95742],[105.20403,20.95434],[105.20578,20.95023],[105.20471,20.9451],[105.2096,20.94555],[105.21193,20.94679],[105.21916,20.95124],[105.22514,20.955],[105.23184,20.9586],[105.23471,20.96022],[105.23639,20.9622],[105.23663,20.96299],[105.23744,20.96458],[105.23768,20.96501],[105.23877,20.96607],[105.24031,20.96756],[105.24628,20.96539],[105.25054,20.96408],[105.26176,20.96261],[105.26216,20.96285],[105.26271,20.96325],[105.26497,20.96825],[105.26576,20.97217],[105.26608,20.97469],[105.26812,20.97731],[105.2702,20.97906],[105.2709,20.9792],[105.27162,20.97938],[105.27187,20.97954],[105.27213,20.97977],[105.2728,20.98118],[105.27321,20.98233],[105.27321,20.98252],[105.27321,20.98296],[105.27203,20.98847],[105.27006,20.99197],[105.27691,20.99903],[105.28103,21.00134],[105.28616,21.0043],[105.28915,21.00612],[105.29026,21.00703],[105.28905,21.01159],[105.28874,21.01241],[105.28824,21.0132],[105.28616,21.015],[105.28567,21.01519],[105.28462,21.01526],[105.28146,21.0202],[105.28135,21.02268],[105.2791,21.02716],[105.2759,21.03311],[105.27294,21.03635],[105.27191,21.0379],[105.26722,21.04554],[105.26216,21.05518],[105.25984,21.05943],[105.25789,21.06225],[105.25637,21.0634],[105.25125,21.07218],[105.25093,21.07346],[105.24882,21.07274],[105.24704,21.07374],[105.24586,21.0755],[105.24556,21.07626],[105.24547,21.07643],[105.24532,21.07663],[105.24511,21.07684],[105.24493,21.07698],[105.24476,21.07711],[105.24169,21.0791],[105.2414,21.07924],[105.24124,21.07931],[105.24113,21.0793],[105.24104,21.07926],[105.24065,21.07901],[105.23562,21.07562],[105.23434,21.0746],[105.23182,21.07227],[105.23139,21.07187],[105.23085,21.07124],[105.23025,21.0705],[105.22889,21.06972],[105.22572,21.06976],[105.22546,21.06982],[105.22398,21.07036],[105.21997,21.0734],[105.21939,21.07403],[105.2186,21.07544],[105.2142,21.0786],[105.20813,21.08278],[105.20745,21.08343],[105.20573,21.08467],[105.20513,21.08505],[105.20497,21.08511],[105.20038,21.08657]]]},"properties":{"commune_code":"08632","commune_name":"Xã Hương Cần","commune_kind":"XA","province_code":"25","province_name":"Tỉnh Phú Thọ","area_km2":81.3,"valid_from":"16/6/2025","published":"13/07/2025","area_km2_geom":81.07607337006075,"quality_flag":null,"population":17900.0,"population_wp":15776.338457763195,"anchor_ratio":1.134610546542363,"pop_source":"WORLDPOP2025_ANCHORED_VNSDI","pop_density_ppkm2":220.7803024487616,"n_stations":1,"n_ports":16,"power_kw_site":314.0,"ports_per_10k_pop":8.938547486033519,"util_mean_port_weighted":0.05182154171066526,"dist_station_m_pop_weighted":4068.7312383469052}},{"type":"Feature","geometry":{"type":"Polygon","coordinates":[[[105.12135,21.07215],[105.12125,21.07232],[105.11674,21.07213],[105.1172,21.07073],[105.11716,21.06905],[105.11701,21.06733],[105.11586,21.06191],[105.11532,21.06066],[105.11467,21.05994],[105.11368,21.05937],[105.11234,21.05922],[105.11058,21.05973],[105.10932,21.05955],[105.10795,21.05858],[105.1068,21.05722],[105.10626,21.056],[105.10619,21.05439],[105.10676,21.0532],[105.10771,21.05191],[105.10786,21.05127],[105.10741,21.0508],[105.1066,21.05066],[105.10035,21.05051],[105.09879,21.0506],[105.09525,21.05131],[105.09412,21.05181],[105.09314,21.05232],[105.09168,21.0534],[105.09,21.05386],[105.08387,21.05414],[105.08081,21.05393],[105.07247,21.05178],[105.07173,21.05065],[105.0711,21.0485],[105.07097,21.04805],[105.07087,21.047],[105.07065,21.04602],[105.06944,21.04485],[105.06857,21.04428],[105.0635,21.04247],[105.06087,21.04323],[105.05822,21.04037],[105.05659,21.03819],[105.05423,21.03771],[105.05075,21.0387],[105.04822,21.04035],[105.04732,21.04091],[105.04618,21.04162],[105.04566,21.04173],[105.0448,21.04167],[105.04067,21.04102],[105.04114,21.03936],[105.04302,21.03306],[105.044,21.03097],[105.04435,21.02992],[105.04448,21.02801],[105.04448,21.02678],[105.04445,21.02538],[105.04419,21.02242],[105.04343,21.02149],[105.04231,21.02057],[105.0411,21.01988],[105.03935,21.0194],[105.03806,21.01701],[105.03804,21.0163],[105.04194,21.01158],[105.04642,21.01043],[105.0516,21.00911],[105.05222,21.00885],[105.05876,21.00615],[105.05906,21.00603],[105.06151,21.00481],[105.06695,21.00212],[105.06698,21.00208],[105.07245,20.99519],[105.07266,20.99492],[105.07582,20.98986],[105.08137,20.98097],[105.08318,20.97807],[105.0854,20.97456],[105.08954,20.968],[105.09019,20.96697],[105.09118,20.96499],[105.09304,20.96122],[105.09765,20.95854],[105.09973,20.95787],[105.10335,20.95669],[105.10638,20.95593],[105.10684,20.95582],[105.10993,20.95504],[105.11339,20.95163],[105.11431,20.95072],[105.11957,20.94599],[105.12769,20.94126],[105.13448,20.939],[105.14655,20.93919],[105.15949,20.94],[105.1615,20.94072],[105.1698,20.94369],[105.17435,20.94477],[105.18012,20.94613],[105.18362,20.94696],[105.18911,20.95066],[105.19329,20.95599],[105.19597,20.9574],[105.19564,20.95749],[105.19236,20.95919],[105.1911,20.96398],[105.19295,20.97345],[105.19369,20.97686],[105.19221,20.97904],[105.1895,20.98558],[105.18897,20.98843],[105.18907,20.98973],[105.18803,20.99389],[105.18584,20.99902],[105.18492,21.00413],[105.18346,21.00901],[105.18323,21.00969],[105.18222,21.01142],[105.18193,21.01185],[105.18085,21.01273],[105.17995,21.01772],[105.1813,21.01881],[105.18265,21.02087],[105.1828,21.02111],[105.18302,21.02186],[105.18299,21.02195],[105.18267,21.02301],[105.17792,21.0311],[105.17485,21.03488],[105.1743,21.03476],[105.17362,21.03463],[105.17311,21.03469],[105.16917,21.03615],[105.16902,21.03622],[105.16662,21.03781],[105.16591,21.03833],[105.1658,21.03843],[105.1657,21.03858],[105.16542,21.03907],[105.1644,21.04093],[105.16237,21.04241],[105.15614,21.04516],[105.14748,21.04975],[105.14697,21.05041],[105.14688,21.05107],[105.14704,21.05241],[105.14497,21.05679],[105.1433,21.0599],[105.13786,21.06846],[105.13335,21.0693],[105.12971,21.0721],[105.12688,21.07207],[105.12337,21.07154],[105.12222,21.07165],[105.12209,21.07167],[105.12187,21.07175],[105.12166,21.07189],[105.12145,21.07205],[105.12135,21.07215]]]},"properties":{"commune_code":"08635","commune_name":"Xã Khả Cửu","commune_kind":"XA","province_code":"25","province_name":"Tỉnh Phú Thọ","area_km2":148.48,"valid_from":"16/6/2025","published":"13/07/2025","area_km2_geom":145.7156958924685,"quality_flag":null,"population":13149.0,"population_wp":10360.010010108352,"anchor_ratio":1.269207267866576,"pop_source":"WORLDPOP2025_ANCHORED_VNSDI","pop_density_ppkm2":90.23736200459393,"n_stations":0,"n_ports":0,"power_kw_site":0.0,"ports_per_10k_pop":0.0,"util_mean_port_weighted":null,"dist_station_m_pop_weighted":18125.03402469566}},{"type":"Feature","geometry":{"type":"Polygon","coordinates":[[[105.31948,21.01113],[105.31869,21.01233],[105.31659,21.01149],[105.31225,21.00847],[105.31196,21.008],[105.31193,21.00783],[105.31171,21.00721],[105.31144,21.00661],[105.31109,21.00604],[105.31089,21.00577],[105.31042,21.00527],[105.30989,21.00484],[105.30951,21.0046],[105.30932,21.00449],[105.30872,21.00416],[105.30778,21.00369],[105.30683,21.00326],[105.30619,21.00301],[105.30557,21.00282],[105.30532,21.00277],[105.30527,21.00276],[105.30497,21.00274],[105.30473,21.00277],[105.30451,21.00283],[105.30427,21.00295],[105.30406,21.00312],[105.30388,21.00336],[105.30372,21.00363],[105.3036,21.00393],[105.30318,21.00523],[105.30294,21.00586],[105.30278,21.00614],[105.30259,21.0064],[105.30236,21.00662],[105.30231,21.00666],[105.3021,21.00681],[105.3015,21.00712],[105.30083,21.00739],[105.2998,21.00774],[105.29909,21.00794],[105.29837,21.0081],[105.29771,21.00818],[105.29706,21.00822],[105.2964,21.00821],[105.29608,21.00818],[105.29574,21.00812],[105.29289,21.00734],[105.2904,21.00655],[105.28915,21.00612],[105.28616,21.0043],[105.28103,21.00134],[105.27691,20.99903],[105.27006,20.99197],[105.27203,20.98847],[105.27321,20.98296],[105.27321,20.98252],[105.27321,20.98233],[105.2728,20.98118],[105.27213,20.97977],[105.27187,20.97954],[105.27162,20.97938],[105.2709,20.9792],[105.2702,20.97906],[105.26812,20.97731],[105.26608,20.97469],[105.26576,20.97217],[105.26497,20.96825],[105.26271,20.96325],[105.26216,20.96285],[105.26176,20.96261],[105.25054,20.96408],[105.24628,20.96539],[105.24031,20.96756],[105.23877,20.96607],[105.23768,20.96501],[105.23744,20.96458],[105.23663,20.96299],[105.23639,20.9622],[105.23471,20.96022],[105.23184,20.9586],[105.22514,20.955],[105.21916,20.95124],[105.21193,20.94679],[105.2096,20.94555],[105.20471,20.9451],[105.20446,20.94391],[105.20424,20.94283],[105.19809,20.934],[105.19457,20.92723],[105.19741,20.92044],[105.19871,20.91986],[105.20245,20.91818],[105.20958,20.91876],[105.20991,20.91878],[105.2154,20.92227],[105.21913,20.92617],[105.2187,20.93007],[105.21914,20.93192],[105.21929,20.93203],[105.22353,20.935],[105.23472,20.94053],[105.24229,20.94304],[105.2446,20.94381],[105.25096,20.94297],[105.25666,20.93968],[105.26367,20.93802],[105.26725,20.93925],[105.27088,20.93544],[105.27199,20.93123],[105.27484,20.92691],[105.27988,20.92649],[105.28354,20.92683],[105.29126,20.92576],[105.29392,20.92503],[105.30301,20.92362],[105.30466,20.92337],[105.31282,20.9237],[105.31431,20.92376],[105.31651,20.92581],[105.31695,20.93082],[105.31718,20.93341],[105.31916,20.93649],[105.32547,20.9375],[105.33144,20.93877],[105.33848,20.94241],[105.34288,20.94348],[105.34064,20.95419],[105.33457,20.97739],[105.33141,20.98408],[105.32268,20.9984],[105.32108,21.00249],[105.32089,21.00415],[105.32076,21.00532],[105.3206,21.00674],[105.31948,21.01113]]]},"properties":{"commune_code":"08656","commune_name":"Xã Yên Sơn","commune_kind":"XA","province_code":"25","province_name":"Tỉnh Phú Thọ","area_km2":75.52,"valid_from":"16/6/2025","published":"13/07/2025","area_km2_geom":75.18635162188129,"quality_flag":null,"population":16064.000000000002,"population_wp":13608.057745205238,"anchor_ratio":1.1804770600462882,"pop_source":"WORLDPOP2025_ANCHORED_VNSDI","pop_density_ppkm2":213.65579860540723,"n_stations":2,"n_ports":4,"power_kw_site":180.0,"ports_per_10k_pop":2.4900398406374498,"util_mean_port_weighted":0.1371794871794872,"dist_station_m_pop_weighted":5552.560239381845}},{"type":"Feature","geometry":{"type":"Polygon","coordinates":[[[105.28375,21.24457],[105.28164,21.24528],[105.2803,21.24328],[105.27936,21.24186],[105.27586,21.23931],[105.27285,21.23838],[105.26864,21.2366],[105.26315,21.23214],[105.26124,21.23044],[105.25743,21.22717],[105.24919,21.22279],[105.24541,21.22143],[105.24377,21.22124],[105.24144,21.22169],[105.23922,21.22169],[105.23829,21.22122],[105.23429,21.2188],[105.2333,21.2179],[105.23235,21.21674],[105.23342,21.21523],[105.23451,21.21209],[105.23485,21.20894],[105.23663,21.20571],[105.23817,21.20449],[105.23846,21.20426],[105.23882,21.20397],[105.24047,21.20287],[105.24588,21.20026],[105.24684,21.19993],[105.24772,21.19987],[105.25045,21.20069],[105.25129,21.20086],[105.252,21.20057],[105.25379,21.19967],[105.25567,21.19852],[105.2565,21.19756],[105.25666,21.19697],[105.25799,21.19419],[105.26141,21.19109],[105.26269,21.18998],[105.26483,21.1882],[105.2655,21.18789],[105.26958,21.18712],[105.27351,21.18644],[105.27634,21.18493],[105.28039,21.18311],[105.28452,21.18147],[105.28852,21.18094],[105.28856,21.181],[105.28936,21.18079],[105.29078,21.18002],[105.29214,21.17887],[105.29229,21.17869],[105.29433,21.17591],[105.2956,21.17417],[105.29699,21.17498],[105.29906,21.17781],[105.29955,21.17975],[105.29982,21.18159],[105.30016,21.18392],[105.30055,21.18715],[105.30058,21.18786],[105.30068,21.1899],[105.30196,21.19253],[105.30477,21.19467],[105.31051,21.19705],[105.31387,21.19757],[105.31556,21.19783],[105.31586,21.19788],[105.32153,21.20143],[105.32309,21.2024],[105.32923,21.20698],[105.33322,21.21132],[105.33779,21.21629],[105.34144,21.22052],[105.34571,21.22547],[105.34638,21.22671],[105.33907,21.22924],[105.33938,21.23006],[105.33289,21.23324],[105.331,21.22654],[105.33074,21.2254],[105.32988,21.22487],[105.3272,21.22401],[105.32481,21.22365],[105.32201,21.22493],[105.32126,21.22525],[105.32024,21.22549],[105.31887,21.2248],[105.31815,21.22374],[105.31621,21.22131],[105.30729,21.22341],[105.30612,21.2248],[105.30591,21.22613],[105.30557,21.22992],[105.30343,21.23304],[105.29468,21.23452],[105.294,21.23606],[105.29454,21.24107],[105.29375,21.24084],[105.28835,21.2376],[105.28736,21.23921],[105.28691,21.23999],[105.28585,21.24181],[105.28513,21.24367],[105.2844,21.24435],[105.28375,21.24457]]]},"properties":{"commune_code":"08662","commune_name":"Xã Đào Xá","commune_kind":"XA","province_code":"25","province_name":"Tỉnh Phú Thọ","area_km2":45.53,"valid_from":"16/6/2025","published":"13/07/2025","area_km2_geom":43.21445042431925,"quality_flag":null,"population":32156.0,"population_wp":24345.68508553505,"anchor_ratio":1.3208090011443316,"pop_source":"WORLDPOP2025_ANCHORED_VNSDI","pop_density_ppkm2":744.102948996523,"n_stations":2,"n_ports":24,"power_kw_site":501.0,"ports_per_10k_pop":7.463614877472322,"util_mean_port_weighted":0.02992272477438986,"dist_station_m_pop_weighted":2390.0806801817753}},{"type":"Feature","geometry":{"type":"Polygon","coordinates":[[[105.27634,21.18493],[105.27351,21.18644],[105.27466,21.18197],[105.27598,21.17575],[105.27606,21.17493],[105.27592,21.17433],[105.27388,21.1713],[105.27148,21.17266],[105.26722,21.17074],[105.26788,21.16796],[105.26782,21.16701],[105.2674,21.16638],[105.2667,21.16623],[105.26071,21.16782],[105.25743,21.16885],[105.25441,21.16924],[105.25227,21.16903],[105.24743,21.16701],[105.24631,21.16554],[105.23563,21.16433],[105.23391,21.1641],[105.23395,21.16403],[105.23528,21.16153],[105.24062,21.15605],[105.24113,21.15518],[105.24104,21.15482],[105.23982,21.15187],[105.23899,21.1484],[105.23889,21.14733],[105.24,21.14189],[105.24079,21.13964],[105.24228,21.1377],[105.24619,21.13408],[105.24969,21.13135],[105.25488,21.12773],[105.25733,21.12716],[105.2594,21.12551],[105.26401,21.12031],[105.26432,21.11979],[105.26667,21.11594],[105.26607,21.11576],[105.26374,21.11615],[105.26237,21.11618],[105.26132,21.11577],[105.26078,21.11499],[105.26084,21.11412],[105.26099,21.11378],[105.26355,21.11376],[105.26582,21.11405],[105.26739,21.11437],[105.26779,21.11505],[105.26804,21.11549],[105.26887,21.11676],[105.27096,21.11965],[105.27171,21.12065],[105.27196,21.12095],[105.27274,21.12181],[105.2738,21.12297],[105.27824,21.12728],[105.27863,21.12765],[105.2798,21.12726],[105.2813,21.12675],[105.28317,21.1261],[105.28507,21.12438],[105.2875,21.12287],[105.28779,21.1228],[105.29008,21.12259],[105.29905,21.12289],[105.30249,21.12465],[105.30233,21.12497],[105.30664,21.12728],[105.30934,21.12855],[105.3111,21.12933],[105.30811,21.13267],[105.30328,21.13806],[105.29903,21.14453],[105.29264,21.15332],[105.2901,21.15766],[105.28884,21.16139],[105.28884,21.16498],[105.29013,21.16916],[105.29364,21.17304],[105.2956,21.17417],[105.29433,21.17591],[105.29229,21.17869],[105.29214,21.17887],[105.29078,21.18002],[105.28936,21.18079],[105.28856,21.181],[105.28852,21.18094],[105.28452,21.18147],[105.28039,21.18311],[105.27634,21.18493]]]},"properties":{"commune_code":"08674","commune_name":"Xã Thanh Thủy","commune_kind":"XA","province_code":"25","province_name":"Tỉnh Phú Thọ","area_km2":31.08,"valid_from":"16/6/2025","published":"13/07/2025","area_km2_geom":31.66588573448054,"quality_flag":null,"population":27678.000000000004,"population_wp":25482.21761452779,"anchor_ratio":1.0861692031159942,"pop_source":"WORLDPOP2025_ANCHORED_VNSDI","pop_density_ppkm2":874.0636605614293,"n_stations":1,"n_ports":4,"power_kw_site":240.0,"ports_per_10k_pop":1.445191126526483,"util_mean_port_weighted":0.46740331491712706,"dist_station_m_pop_weighted":3647.4678372335907}},{"type":"Feature","geometry":{"type":"Polygon","coordinates":[[[105.31186,21.12848],[105.3111,21.12933],[105.30934,21.12855],[105.30664,21.12728],[105.30233,21.12497],[105.30249,21.12465],[105.29905,21.12289],[105.29008,21.12259],[105.28779,21.1228],[105.2875,21.12287],[105.28507,21.12438],[105.28317,21.1261],[105.2813,21.12675],[105.2798,21.12726],[105.27863,21.12765],[105.27824,21.12728],[105.2738,21.12297],[105.27274,21.12181],[105.27196,21.12095],[105.27171,21.12065],[105.27096,21.11965],[105.26887,21.11676],[105.26804,21.11549],[105.26779,21.11505],[105.26739,21.11437],[105.26582,21.11405],[105.26355,21.11376],[105.26099,21.11378],[105.26199,21.11149],[105.26373,21.10752],[105.26379,21.10737],[105.26541,21.10431],[105.26592,21.10336],[105.26795,21.09974],[105.27192,21.09501],[105.27418,21.09531],[105.27753,21.09784],[105.28531,21.10303],[105.28668,21.10312],[105.28891,21.1026],[105.29217,21.10166],[105.28658,21.09696],[105.28596,21.09533],[105.28647,21.09556],[105.28697,21.09561],[105.2878,21.09455],[105.28773,21.09409],[105.2865,21.09157],[105.28433,21.09117],[105.28222,21.09066],[105.28195,21.09043],[105.28171,21.09011],[105.28093,21.08855],[105.28072,21.08804],[105.28098,21.08735],[105.28098,21.08658],[105.28017,21.08601],[105.27666,21.08361],[105.27646,21.08351],[105.27038,21.08305],[105.268,21.08216],[105.26253,21.07633],[105.25868,21.0755],[105.25465,21.0748],[105.25275,21.07428],[105.25198,21.07397],[105.25093,21.07346],[105.25125,21.07218],[105.25637,21.0634],[105.25789,21.06225],[105.25984,21.05943],[105.26216,21.05518],[105.26722,21.04554],[105.27191,21.0379],[105.27294,21.03635],[105.2759,21.03311],[105.2791,21.02716],[105.28135,21.02268],[105.28146,21.0202],[105.28462,21.01526],[105.28567,21.01519],[105.28616,21.015],[105.28824,21.0132],[105.28874,21.01241],[105.28905,21.01159],[105.29026,21.00703],[105.28915,21.00612],[105.2904,21.00655],[105.29289,21.00734],[105.29574,21.00812],[105.29608,21.00818],[105.2964,21.00821],[105.29706,21.00822],[105.29771,21.00818],[105.29837,21.0081],[105.29909,21.00794],[105.2998,21.00774],[105.30083,21.00739],[105.3015,21.00712],[105.3021,21.00681],[105.30231,21.00666],[105.30236,21.00662],[105.30259,21.0064],[105.30278,21.00614],[105.30294,21.00586],[105.30318,21.00523],[105.3036,21.00393],[105.30372,21.00363],[105.30388,21.00336],[105.30406,21.00312],[105.30427,21.00295],[105.30451,21.00283],[105.30473,21.00277],[105.30497,21.00274],[105.30527,21.00276],[105.30532,21.00277],[105.30557,21.00282],[105.30619,21.00301],[105.30683,21.00326],[105.30778,21.00369],[105.30872,21.00416],[105.30932,21.00449],[105.30951,21.0046],[105.30989,21.00484],[105.31042,21.00527],[105.31089,21.00577],[105.31109,21.00604],[105.31144,21.00661],[105.31171,21.00721],[105.31193,21.00783],[105.31196,21.008],[105.31225,21.00847],[105.31659,21.01149],[105.31869,21.01233],[105.31739,21.01432],[105.31645,21.01535],[105.31433,21.01765],[105.30499,21.02479],[105.30438,21.02533],[105.30064,21.02858],[105.29743,21.03556],[105.29566,21.03995],[105.29487,21.04389],[105.2943,21.04924],[105.29531,21.0562],[105.29608,21.05878],[105.29677,21.06037],[105.3004,21.06872],[105.30131,21.06982],[105.30138,21.0699],[105.30525,21.07454],[105.31316,21.08875],[105.3146,21.09225],[105.31913,21.10322],[105.31963,21.10979],[105.31947,21.11102],[105.319,21.11457],[105.31758,21.11861],[105.31186,21.12848]]]},"properties":{"commune_code":"08686","commune_name":"Xã Tu Vũ","commune_kind":"XA","province_code":"25","province_name":"Tỉnh Phú Thọ","area_km2":49.07,"valid_from":"16/6/2025","published":"13/07/2025","area_km2_geom":49.56876844229217,"quality_flag":null,"population":41564.0,"population_wp":39437.18251699768,"anchor_ratio":1.0539292451250961,"pop_source":"WORLDPOP2025_ANCHORED_VNSDI","pop_density_ppkm2":838.5118554718321,"n_stations":5,"n_ports":60,"power_kw_site":1499.5,"ports_per_10k_pop":14.4355692426138,"util_mean_port_weighted":0.05679954614448506,"dist_station_m_pop_weighted":2740.140941101044}},{"type":"Feature","geometry":{"type":"Polygon","coordinates":[[[105.57243,21.32851],[105.57243,21.32852],[105.56608,21.32675],[105.56759,21.32104],[105.5675,21.32101],[105.56112,21.31901],[105.56045,21.3188],[105.56033,21.31928],[105.55972,21.32164],[105.55972,21.32165],[105.55543,21.3202],[105.55541,21.32014],[105.55488,21.3174],[105.55959,21.31861],[105.5614,21.31557],[105.56556,21.3116],[105.56721,21.31026],[105.56718,21.31024],[105.56664,21.30989],[105.56333,21.30777],[105.56316,21.30767],[105.56294,21.30752],[105.56021,21.30605],[105.55923,21.30553],[105.55917,21.3055],[105.55718,21.30924],[105.55393,21.30721],[105.55127,21.3013],[105.55037,21.29699],[105.55036,21.29693],[105.55348,21.29362],[105.54916,21.28976],[105.55337,21.28137],[105.55417,21.27979],[105.5542,21.27974],[105.55419,21.27973],[105.5541,21.27847],[105.55394,21.27796],[105.55306,21.27503],[105.55723,21.2741],[105.56022,21.27354],[105.56201,21.27454],[105.56401,21.27445],[105.56577,21.27642],[105.56858,21.28156],[105.56894,21.28218],[105.56931,21.28245],[105.57017,21.28254],[105.57236,21.28247],[105.57327,21.28224],[105.57344,21.28218],[105.57829,21.28407],[105.57852,21.28422],[105.58041,21.2849],[105.58128,21.28493],[105.58261,21.28122],[105.58259,21.28119],[105.58249,21.28103],[105.58242,21.28094],[105.58239,21.28091],[105.58235,21.28088],[105.5823,21.28086],[105.58223,21.28083],[105.5822,21.28081],[105.58215,21.28078],[105.58212,21.28075],[105.58202,21.28049],[105.58203,21.27992],[105.58232,21.27991],[105.58394,21.27985],[105.58439,21.27983],[105.58463,21.27982],[105.58487,21.27981],[105.58702,21.28452],[105.58842,21.28551],[105.58771,21.2848],[105.58754,21.28348],[105.58779,21.28229],[105.58818,21.28121],[105.58876,21.28079],[105.58876,21.28078],[105.59284,21.27949],[105.60076,21.28008],[105.60455,21.27542],[105.60492,21.27493],[105.60593,21.27302],[105.60512,21.27133],[105.60504,21.27102],[105.60505,21.27021],[105.60508,21.26972],[105.60546,21.26939],[105.6084,21.26758],[105.609,21.2673],[105.61221,21.26614],[105.61409,21.2658],[105.61748,21.26857],[105.61955,21.27099],[105.61942,21.27411],[105.61999,21.27472],[105.62069,21.2751],[105.62272,21.27555],[105.62501,21.27628],[105.6254,21.2772],[105.62501,21.27926],[105.6225,21.28584],[105.62207,21.28716],[105.62281,21.28751],[105.62168,21.29005],[105.62138,21.28993],[105.6207,21.28967],[105.61781,21.28912],[105.61609,21.29097],[105.6161,21.29226],[105.61612,21.2937],[105.61596,21.29456],[105.61572,21.29505],[105.61499,21.29617],[105.61483,21.29639],[105.61191,21.3003],[105.61165,21.3005],[105.6114,21.30065],[105.61112,21.30076],[105.6108,21.30083],[105.61054,21.30087],[105.61028,21.30087],[105.60958,21.30085],[105.60929,21.30056],[105.60545,21.29781],[105.597,21.29737],[105.59313,21.29706],[105.59053,21.29732],[105.58847,21.29991],[105.58841,21.30001],[105.58836,21.30009],[105.58832,21.30017],[105.58829,21.30026],[105.5883,21.30074],[105.58835,21.3011],[105.59198,21.30821],[105.59396,21.30988],[105.59481,21.3112],[105.59487,21.31133],[105.59489,21.31139],[105.59489,21.31144],[105.59462,21.31287],[105.59437,21.313],[105.59355,21.31342],[105.5879,21.31626],[105.58705,21.31665],[105.58676,21.31637],[105.58655,21.31615],[105.58631,21.31586],[105.58522,21.31442],[105.58482,21.31388],[105.58039,21.31128],[105.5794,21.31076],[105.57802,21.31041],[105.57778,21.31036],[105.57749,21.31032],[105.57749,21.31071],[105.57753,21.31107],[105.57777,21.31287],[105.57794,21.31531],[105.57594,21.32211],[105.5759,21.32223],[105.57586,21.32234],[105.57582,21.32245],[105.57577,21.32256],[105.57572,21.32267],[105.57548,21.32309],[105.57538,21.32327],[105.57525,21.3235],[105.57476,21.32438],[105.57459,21.32469],[105.57442,21.32499],[105.5742,21.32537],[105.57316,21.32718],[105.57243,21.32851]]]},"properties":{"commune_code":"08707","commune_name":"Phường Vĩnh Yên","commune_kind":"PHUONG","province_code":"25","province_name":"Tỉnh Phú Thọ","area_km2":25.0,"valid_from":"16/6/2025","published":"13/07/2025","area_km2_geom":24.92391702985681,"quality_flag":null,"population":56428.0,"population_wp":50976.03562985733,"anchor_ratio":1.106951517566607,"pop_source":"WORLDPOP2025_ANCHORED_VNSDI","pop_density_ppkm2":2264.010104527466,"n_stations":11,"n_ports":77,"power_kw_site":2163.0,"ports_per_10k_pop":13.645707804635997,"util_mean_port_weighted":0.2087994345444615,"dist_station_m_pop_weighted":1123.5482000828017}},{"type":"Feature","geometry":{"type":"Polygon","coordinates":[[[105.60462,21.34312],[105.60541,21.34514],[105.59798,21.34418],[105.59515,21.34336],[105.59394,21.343],[105.59314,21.3431],[105.59288,21.34288],[105.59265,21.34268],[105.59031,21.33964],[105.58958,21.33854],[105.58948,21.33829],[105.58911,21.33728],[105.58906,21.33716],[105.58877,21.33677],[105.58796,21.33567],[105.58755,21.33511],[105.58618,21.33407],[105.58474,21.33327],[105.58362,21.33297],[105.58307,21.333],[105.58257,21.33303],[105.58149,21.33304],[105.58069,21.33292],[105.57976,21.33233],[105.57316,21.32718],[105.5742,21.32537],[105.57442,21.32499],[105.57459,21.32469],[105.57476,21.32438],[105.57525,21.3235],[105.57538,21.32327],[105.57548,21.32309],[105.57572,21.32267],[105.57577,21.32256],[105.57582,21.32245],[105.57586,21.32234],[105.5759,21.32223],[105.57594,21.32211],[105.57794,21.31531],[105.57777,21.31287],[105.57753,21.31107],[105.57749,21.31071],[105.57749,21.31032],[105.57778,21.31036],[105.57802,21.31041],[105.5794,21.31076],[105.58039,21.31128],[105.58482,21.31388],[105.58522,21.31442],[105.58631,21.31586],[105.58655,21.31615],[105.58676,21.31637],[105.58705,21.31665],[105.5879,21.31626],[105.59355,21.31342],[105.59437,21.313],[105.59462,21.31287],[105.59489,21.31144],[105.59489,21.31139],[105.59487,21.31133],[105.59481,21.3112],[105.59396,21.30988],[105.59198,21.30821],[105.58835,21.3011],[105.5883,21.30074],[105.58829,21.30026],[105.58832,21.30017],[105.58836,21.30009],[105.58841,21.30001],[105.58847,21.29991],[105.59053,21.29732],[105.59313,21.29706],[105.597,21.29737],[105.60545,21.29781],[105.60929,21.30056],[105.60958,21.30085],[105.61028,21.30087],[105.61054,21.30087],[105.6108,21.30083],[105.61112,21.30076],[105.6114,21.30065],[105.61165,21.3005],[105.61191,21.3003],[105.61483,21.29639],[105.61499,21.29617],[105.61572,21.29505],[105.61596,21.29456],[105.61612,21.2937],[105.6161,21.29226],[105.61609,21.29097],[105.61781,21.28912],[105.6207,21.28967],[105.62138,21.28993],[105.62168,21.29005],[105.62281,21.28751],[105.62471,21.28937],[105.62922,21.29426],[105.62967,21.29453],[105.63289,21.29626],[105.63415,21.29671],[105.63483,21.29684],[105.63627,21.29672],[105.63713,21.29729],[105.63892,21.29941],[105.63981,21.30125],[105.64024,21.30187],[105.64016,21.30275],[105.63943,21.30402],[105.63844,21.30559],[105.63844,21.30559],[105.63707,21.3071],[105.63665,21.30799],[105.63505,21.31205],[105.63475,21.31335],[105.63456,21.31662],[105.63557,21.31844],[105.63612,21.31935],[105.63621,21.32014],[105.63591,21.32186],[105.63552,21.32228],[105.63467,21.32274],[105.63467,21.32274],[105.63306,21.32344],[105.63306,21.32344],[105.62986,21.32393],[105.62986,21.32393],[105.62821,21.32445],[105.62821,21.32445],[105.62737,21.3252],[105.62666,21.3266],[105.62629,21.33069],[105.62257,21.33334],[105.62114,21.33644],[105.61784,21.34399],[105.61414,21.3449],[105.61364,21.34487],[105.61287,21.34431],[105.61046,21.34194],[105.60456,21.34237],[105.60462,21.34312]]]},"properties":{"commune_code":"08716","commune_name":"Phường Vĩnh Phúc","commune_kind":"PHUONG","province_code":"25","province_name":"Tỉnh Phú Thọ","area_km2":25.3,"valid_from":"16/6/2025","published":"13/07/2025","area_km2_geom":25.566711244290424,"quality_flag":null,"population":78371.0,"population_wp":86168.08162779361,"anchor_ratio":0.9095131111137718,"pop_source":"WORLDPOP2025_ANCHORED_VNSDI","pop_density_ppkm2":3065.3531950653946,"n_stations":26,"n_ports":220,"power_kw_site":6093.0,"ports_per_10k_pop":28.07160812035064,"util_mean_port_weighted":0.16017726359056658,"dist_station_m_pop_weighted":780.0980562372856}},{"type":"Feature","geometry":{"type":"Polygon","coordinates":[[[105.70147,21.27794],[105.70139,21.27817],[105.7002,21.27767],[105.69226,21.27618],[105.68909,21.27539],[105.68995,21.27267],[105.69369,21.26686],[105.69412,21.26641],[105.69593,21.26485],[105.69605,21.26478],[105.69757,21.26412],[105.69841,21.26376],[105.69884,21.26376],[105.69976,21.26402],[105.70213,21.26456],[105.70256,21.26463],[105.70232,21.26239],[105.70185,21.26185],[105.70074,21.26145],[105.69965,21.26125],[105.69794,21.26094],[105.69687,21.2609],[105.69463,21.26082],[105.69278,21.26116],[105.68888,21.25951],[105.68686,21.25707],[105.68777,21.25376],[105.68789,21.25214],[105.6875,21.25114],[105.6854,21.24719],[105.68537,21.24714],[105.68472,21.24644],[105.68256,21.24411],[105.68213,21.24413],[105.6817,21.24404],[105.68104,21.24365],[105.68064,21.24308],[105.68066,21.24203],[105.68174,21.24075],[105.68578,21.2395],[105.69108,21.23866],[105.6917,21.23856],[105.69191,21.23848],[105.69375,21.23777],[105.69438,21.23667],[105.69368,21.23528],[105.69066,21.23176],[105.68757,21.23044],[105.68553,21.23042],[105.68613,21.22738],[105.68613,21.22738],[105.68886,21.22175],[105.6893,21.22083],[105.69058,21.22008],[105.69161,21.21949],[105.69472,21.21785],[105.69812,21.21686],[105.71203,21.22242],[105.71293,21.22276],[105.71379,21.22309],[105.71615,21.22376],[105.72071,21.22501],[105.72451,21.22495],[105.73466,21.23317],[105.73746,21.23628],[105.73698,21.23807],[105.73644,21.23985],[105.73622,21.24016],[105.73565,21.24094],[105.7353,21.24109],[105.73412,21.24158],[105.73223,21.24204],[105.73085,21.24205],[105.72784,21.24522],[105.72615,21.24999],[105.7244,21.25402],[105.72379,21.26162],[105.7239,21.26248],[105.72471,21.2669],[105.72261,21.269],[105.71985,21.27114],[105.71464,21.27206],[105.71058,21.27144],[105.70725,21.27126],[105.70248,21.27584],[105.70223,21.27628],[105.7018,21.27714],[105.70165,21.27748],[105.70153,21.27779],[105.70147,21.27794]]]},"properties":{"commune_code":"08740","commune_name":"Phường Phúc Yên","commune_kind":"PHUONG","province_code":"25","province_name":"Tỉnh Phú Thọ","area_km2":23.4,"valid_from":"16/6/2025","published":"13/07/2025","area_km2_geom":23.178945108392917,"quality_flag":null,"population":63954.0,"population_wp":69423.32535747066,"anchor_ratio":0.9212177560019155,"pop_source":"WORLDPOP2025_ANCHORED_VNSDI","pop_density_ppkm2":2759.1419583992524,"n_stations":12,"n_ports":86,"power_kw_site":1860.0,"ports_per_10k_pop":13.447165149951527,"util_mean_port_weighted":0.1086863434677693,"dist_station_m_pop_weighted":1072.6577001036314}},{"type":"Feature","geometry":{"type":"Polygon","coordinates":[[[105.7491,21.41547],[105.7489,21.41559],[105.74852,21.41557],[105.74376,21.41544],[105.74018,21.41462],[105.74009,21.4146],[105.73622,21.41239],[105.73181,21.41069],[105.72759,21.41088],[105.72668,21.41123],[105.71528,21.40162],[105.71417,21.40023],[105.71424,21.39938],[105.71591,21.39363],[105.71238,21.38702],[105.71144,21.38523],[105.71163,21.38438],[105.71268,21.3834],[105.71293,21.38194],[105.71257,21.37961],[105.71134,21.37721],[105.70964,21.37455],[105.70964,21.37333],[105.71127,21.36646],[105.7114,21.36062],[105.7103,21.35908],[105.70864,21.35791],[105.70722,21.35682],[105.70572,21.35566],[105.70568,21.3556],[105.70492,21.35445],[105.70461,21.35361],[105.70451,21.35309],[105.70373,21.34736],[105.70375,21.3473],[105.70553,21.34629],[105.70617,21.34585],[105.70631,21.34567],[105.70641,21.34545],[105.70669,21.34272],[105.706,21.33781],[105.70149,21.33171],[105.69797,21.32577],[105.69772,21.32436],[105.69756,21.32192],[105.69765,21.32126],[105.6978,21.32089],[105.69798,21.32059],[105.69915,21.32041],[105.6997,21.32034],[105.70047,21.31813],[105.70159,21.31426],[105.70165,21.31394],[105.70179,21.31042],[105.7016,21.31036],[105.69723,21.30602],[105.69506,21.30286],[105.69541,21.2983],[105.69541,21.29792],[105.69491,21.29717],[105.69442,21.29694],[105.68836,21.29946],[105.68759,21.29946],[105.68732,21.29923],[105.6849,21.29465],[105.68676,21.29194],[105.68719,21.29176],[105.6885,21.28981],[105.68874,21.28929],[105.6888,21.28885],[105.68871,21.28842],[105.68846,21.28807],[105.68815,21.28778],[105.68548,21.28616],[105.6841,21.28556],[105.68717,21.28058],[105.68798,21.2777],[105.68909,21.27539],[105.69226,21.27618],[105.7002,21.27767],[105.70139,21.27817],[105.70147,21.27794],[105.70153,21.27779],[105.70165,21.27748],[105.7018,21.27714],[105.70223,21.27628],[105.70248,21.27584],[105.70725,21.27126],[105.71058,21.27144],[105.71464,21.27206],[105.71985,21.27114],[105.72261,21.269],[105.72471,21.2669],[105.72801,21.27017],[105.7346,21.27856],[105.73618,21.28065],[105.73759,21.28772],[105.74569,21.29361],[105.75114,21.29689],[105.75925,21.3024],[105.76112,21.30543],[105.76112,21.30544],[105.76026,21.30777],[105.76081,21.31047],[105.76236,21.31354],[105.76516,21.31642],[105.76516,21.31642],[105.76809,21.31945],[105.76968,21.32166],[105.7714,21.32499],[105.77359,21.33172],[105.77534,21.33464],[105.77534,21.33464],[105.77706,21.33706],[105.7783,21.33882],[105.78425,21.34256],[105.78512,21.34287],[105.78513,21.34325],[105.78526,21.34807],[105.78288,21.35382],[105.78592,21.35478],[105.78675,21.35504],[105.78472,21.35969],[105.78461,21.35993],[105.78478,21.36062],[105.77943,21.36011],[105.77885,21.36031],[105.77742,21.3608],[105.77614,21.36252],[105.77525,21.36715],[105.77252,21.3711],[105.76868,21.37455],[105.76764,21.37506],[105.76432,21.37667],[105.76265,21.37749],[105.761,21.37852],[105.76029,21.38004],[105.76027,21.38007],[105.76037,21.38024],[105.76282,21.38637],[105.7653,21.39427],[105.76168,21.40285],[105.75567,21.41179],[105.7491,21.41547]]]},"properties":{"commune_code":"08746","commune_name":"Phường Xuân Hòa","commune_kind":"PHUONG","province_code":"25","province_name":"Tỉnh Phú Thọ","area_km2":96.0,"valid_from":"16/6/2025","published":"13/07/2025","area_km2_geom":96.37795912276897,"quality_flag":null,"population":55237.0,"population_wp":46278.288713324815,"anchor_ratio":1.193583460749181,"pop_source":"WORLDPOP2025_ANCHORED_VNSDI","pop_density_ppkm2":573.1289654062663,"n_stations":5,"n_ports":38,"power_kw_site":1434.0,"ports_per_10k_pop":6.879446747651031,"util_mean_port_weighted":0.2421619432562208,"dist_station_m_pop_weighted":2363.600049148472}},{"type":"Feature","geometry":{"type":"Polygon","coordinates":[[[105.43645,21.471],[105.43275,21.47286],[105.4299,21.46766],[105.4258,21.45974],[105.42525,21.45843],[105.42543,21.45664],[105.42617,21.45435],[105.42619,21.4543],[105.42779,21.45401],[105.42928,21.45293],[105.43097,21.45074],[105.43144,21.44952],[105.43297,21.44191],[105.43556,21.43354],[105.43616,21.43231],[105.44014,21.42994],[105.44569,21.42801],[105.44881,21.42594],[105.45286,21.4199],[105.45272,21.41961],[105.45222,21.41906],[105.44992,21.41668],[105.44671,21.41472],[105.44602,21.41414],[105.44611,21.41357],[105.44671,21.41104],[105.44732,21.40984],[105.44818,21.40829],[105.44944,21.40731],[105.45022,21.40635],[105.45125,21.40454],[105.45221,21.40278],[105.45411,21.39793],[105.45386,21.39712],[105.45945,21.39951],[105.46229,21.39658],[105.46502,21.39409],[105.46703,21.39396],[105.46713,21.39416],[105.46736,21.3943],[105.46975,21.39431],[105.47179,21.39241],[105.47202,21.39212],[105.47323,21.38986],[105.47768,21.38216],[105.48228,21.37914],[105.48263,21.37892],[105.48471,21.37768],[105.48553,21.37719],[105.4858,21.37707],[105.4861,21.37694],[105.4882,21.381],[105.48707,21.38359],[105.48739,21.38744],[105.48784,21.38868],[105.4851,21.39128],[105.48409,21.39247],[105.48269,21.39488],[105.48263,21.39501],[105.48244,21.39547],[105.48243,21.39561],[105.48275,21.39574],[105.48293,21.3958],[105.48383,21.39606],[105.48497,21.39671],[105.48823,21.39916],[105.48884,21.40047],[105.48885,21.40094],[105.48876,21.40211],[105.48839,21.40265],[105.48832,21.40274],[105.4882,21.40297],[105.48757,21.40425],[105.48985,21.40619],[105.49158,21.40618],[105.49245,21.40611],[105.49507,21.40636],[105.49723,21.40751],[105.4988,21.40853],[105.49905,21.40869],[105.49958,21.40931],[105.50139,21.41156],[105.50195,21.41283],[105.50143,21.41589],[105.50062,21.41957],[105.49815,21.41984],[105.49719,21.42022],[105.49276,21.42074],[105.48916,21.42097],[105.48634,21.42343],[105.48602,21.42717],[105.4842,21.42963],[105.48224,21.43102],[105.48057,21.43397],[105.48026,21.43487],[105.48032,21.43605],[105.48321,21.44087],[105.48436,21.44523],[105.48465,21.44965],[105.48392,21.45643],[105.48129,21.46318],[105.48124,21.46324],[105.48116,21.46334],[105.48084,21.46361],[105.48073,21.4637],[105.47977,21.46384],[105.47964,21.46386],[105.47955,21.46382],[105.47804,21.46204],[105.47737,21.45964],[105.47456,21.45914],[105.47232,21.45882],[105.46228,21.45805],[105.46186,21.46009],[105.46126,21.46361],[105.46091,21.46628],[105.4596,21.46763],[105.45763,21.46786],[105.45585,21.46741],[105.45297,21.46545],[105.44892,21.4639],[105.44511,21.46457],[105.43698,21.47005],[105.43645,21.471]]]},"properties":{"commune_code":"08761","commune_name":"Xã Lập Thạch","commune_kind":"XA","province_code":"25","province_name":"Tỉnh Phú Thọ","area_km2":39.1,"valid_from":"16/6/2025","published":"13/07/2025","area_km2_geom":39.30763371902006,"quality_flag":null,"population":34604.0,"population_wp":34620.40556587838,"anchor_ratio":0.9995261301648486,"pop_source":"WORLDPOP2025_ANCHORED_VNSDI","pop_density_ppkm2":880.3379070680594,"n_stations":4,"n_ports":36,"power_kw_site":1051.5,"ports_per_10k_pop":10.403421569760722,"util_mean_port_weighted":0.12448805488921726,"dist_station_m_pop_weighted":2019.6322676809464}},{"type":"Feature","geometry":{"type":"Polygon","coordinates":[[[105.49776,21.52527],[105.49721,21.52729],[105.49503,21.52634],[105.49219,21.52404],[105.48977,21.52207],[105.48484,21.51964],[105.48058,21.52027],[105.47776,21.5208],[105.47173,21.51999],[105.46878,21.51908],[105.46079,21.5184],[105.45829,21.51819],[105.45706,21.51685],[105.45467,21.51422],[105.45382,21.51344],[105.45052,21.51038],[105.45006,21.50995],[105.44088,21.50845],[105.43301,21.50694],[105.42709,21.50236],[105.426,21.50216],[105.42382,21.50176],[105.42185,21.50329],[105.42334,21.49751],[105.42364,21.49678],[105.42605,21.49199],[105.42835,21.48793],[105.42852,21.48761],[105.42858,21.48694],[105.42903,21.48144],[105.43114,21.47731],[105.43275,21.47286],[105.43645,21.471],[105.43698,21.47005],[105.44511,21.46457],[105.44892,21.4639],[105.45297,21.46545],[105.45585,21.46741],[105.45763,21.46786],[105.4596,21.46763],[105.46091,21.46628],[105.46126,21.46361],[105.46186,21.46009],[105.46228,21.45805],[105.47232,21.45882],[105.47456,21.45914],[105.47737,21.45964],[105.47804,21.46204],[105.47955,21.46382],[105.47841,21.46545],[105.47406,21.47331],[105.47064,21.47501],[105.47052,21.47494],[105.47046,21.4749],[105.47003,21.47469],[105.46948,21.47449],[105.46927,21.47443],[105.46764,21.47485],[105.4672,21.47499],[105.46336,21.47686],[105.46278,21.4781],[105.46269,21.47829],[105.46256,21.47935],[105.46253,21.48082],[105.46279,21.48181],[105.46316,21.48246],[105.46445,21.4846],[105.46458,21.48479],[105.46471,21.48488],[105.46479,21.4849],[105.46483,21.4849],[105.46755,21.48471],[105.47722,21.48341],[105.48297,21.48271],[105.4963,21.48381],[105.49908,21.48635],[105.50502,21.48919],[105.50931,21.48941],[105.50441,21.49194],[105.49834,21.49707],[105.49199,21.50094],[105.49024,21.50409],[105.49025,21.50737],[105.49186,21.5111],[105.49484,21.51413],[105.49523,21.51453],[105.49795,21.51841],[105.49808,21.52027],[105.49829,21.52334],[105.49776,21.52527]]]},"properties":{"commune_code":"08770","commune_name":"Xã Hợp Lý","commune_kind":"XA","province_code":"25","province_name":"Tỉnh Phú Thọ","area_km2":34.1,"valid_from":"16/6/2025","published":"13/07/2025","area_km2_geom":34.49073086838322,"quality_flag":null,"population":19611.0,"population_wp":16357.422168273479,"anchor_ratio":1.1989052919375704,"pop_source":"WORLDPOP2025_ANCHORED_VNSDI","pop_density_ppkm2":568.5875452983488,"n_stations":1,"n_ports":0,"power_kw_site":0.0,"ports_per_10k_pop":0.0,"util_mean_port_weighted":null,"dist_station_m_pop_weighted":3230.985674959409}},{"type":"Feature","geometry":{"type":"Polygon","coordinates":[[[105.37395,21.52451],[105.3711,21.52483],[105.36355,21.5227],[105.35797,21.51874],[105.35305,21.51814],[105.34518,21.51754],[105.34157,21.51449],[105.33894,21.51052],[105.33925,21.50685],[105.33877,21.50595],[105.33776,21.50478],[105.33902,21.50399],[105.34144,21.5023],[105.34551,21.49878],[105.35122,21.49476],[105.35434,21.49266],[105.3571,21.49118],[105.36707,21.48515],[105.36916,21.48381],[105.37018,21.48279],[105.37064,21.48204],[105.37145,21.48054],[105.37214,21.47613],[105.37213,21.47551],[105.37002,21.47253],[105.36908,21.47198],[105.36804,21.46825],[105.37754,21.46198],[105.38101,21.46146],[105.38679,21.46177],[105.39221,21.46152],[105.39414,21.46137],[105.39634,21.46132],[105.39808,21.46164],[105.39815,21.46167],[105.39959,21.46304],[105.40028,21.46433],[105.40035,21.46455],[105.40074,21.46613],[105.40067,21.46702],[105.39991,21.46837],[105.39894,21.47029],[105.40541,21.47653],[105.40842,21.47867],[105.41444,21.47966],[105.41741,21.47813],[105.41867,21.47724],[105.41875,21.4772],[105.41884,21.47716],[105.41895,21.47713],[105.41914,21.47709],[105.41945,21.47707],[105.41961,21.47706],[105.41974,21.47708],[105.42024,21.47716],[105.42034,21.47719],[105.42326,21.47875],[105.4237,21.47969],[105.424,21.48015],[105.42414,21.48031],[105.42424,21.48037],[105.42482,21.4807],[105.42496,21.48072],[105.42903,21.48144],[105.42858,21.48694],[105.42852,21.48761],[105.42835,21.48793],[105.42605,21.49199],[105.42364,21.49678],[105.42334,21.49751],[105.42185,21.50329],[105.418,21.50751],[105.41793,21.50759],[105.40909,21.5125],[105.40383,21.51319],[105.40188,21.51344],[105.39993,21.51301],[105.39368,21.51162],[105.3891,21.51408],[105.38797,21.51539],[105.38355,21.52052],[105.37667,21.5242],[105.37395,21.52451]]]},"properties":{"commune_code":"08773","commune_name":"Xã Yên Lãng","commune_kind":"XA","province_code":"25","province_name":"Tỉnh Phú Thọ","area_km2":38.2,"valid_from":"16/6/2025","published":"13/07/2025","area_km2_geom":37.75994057541516,"quality_flag":null,"population":18459.0,"population_wp":16685.11087436974,"anchor_ratio":1.1063156930143723,"pop_source":"WORLDPOP2025_ANCHORED_VNSDI","pop_density_ppkm2":488.8514049203333,"n_stations":0,"n_ports":0,"power_kw_site":0.0,"ports_per_10k_pop":0.0,"util_mean_port_weighted":null,"dist_station_m_pop_weighted":5147.362906851514}},{"type":"Feature","geometry":{"type":"Polygon","coordinates":[[[105.32445,21.50771],[105.3241,21.50793],[105.32451,21.50673],[105.32451,21.50546],[105.32451,21.50458],[105.32381,21.50283],[105.32271,21.50004],[105.32257,21.4961],[105.32333,21.49311],[105.32754,21.48999],[105.33087,21.48596],[105.33215,21.48267],[105.3353,21.46908],[105.33636,21.46571],[105.33791,21.46079],[105.34004,21.45401],[105.34356,21.44604],[105.34435,21.43937],[105.34386,21.43772],[105.34356,21.43674],[105.34158,21.43014],[105.34164,21.42815],[105.34173,21.42499],[105.34334,21.42074],[105.34389,21.42035],[105.34608,21.41877],[105.34851,21.41816],[105.3518,21.41815],[105.3519,21.41815],[105.35197,21.41818],[105.35348,21.41894],[105.35401,21.41921],[105.35588,21.42218],[105.35677,21.42359],[105.36113,21.42799],[105.36407,21.43041],[105.36976,21.43315],[105.37567,21.43399],[105.38158,21.43313],[105.38954,21.42661],[105.39156,21.42408],[105.3939,21.42668],[105.39645,21.43082],[105.40361,21.4427],[105.40363,21.44276],[105.40363,21.44287],[105.40354,21.44407],[105.40306,21.44551],[105.39924,21.45066],[105.3973,21.45409],[105.39815,21.46167],[105.39808,21.46164],[105.39634,21.46132],[105.39414,21.46137],[105.39221,21.46152],[105.38679,21.46177],[105.38101,21.46146],[105.37754,21.46198],[105.36804,21.46825],[105.36908,21.47198],[105.37002,21.47253],[105.37213,21.47551],[105.37214,21.47613],[105.37145,21.48054],[105.37064,21.48204],[105.37018,21.48279],[105.36916,21.48381],[105.36707,21.48515],[105.3571,21.49118],[105.35434,21.49266],[105.35122,21.49476],[105.34551,21.49878],[105.34144,21.5023],[105.33902,21.50399],[105.33776,21.50478],[105.33761,21.50471],[105.33695,21.50441],[105.32606,21.50669],[105.32445,21.50771]]]},"properties":{"commune_code":"08782","commune_name":"Xã Hải Lựu","commune_kind":"XA","province_code":"25","province_name":"Tỉnh Phú Thọ","area_km2":38.8,"valid_from":"16/6/2025","published":"13/07/2025","area_km2_geom":38.64362929975962,"quality_flag":null,"population":30098.0,"population_wp":27096.309273712337,"anchor_ratio":1.1107785822772467,"pop_source":"WORLDPOP2025_ANCHORED_VNSDI","pop_density_ppkm2":778.8605921697739,"n_stations":0,"n_ports":0,"power_kw_site":0.0,"ports_per_10k_pop":0.0,"util_mean_port_weighted":null,"dist_station_m_pop_weighted":6015.353298546941}},{"type":"Feature","geometry":{"type":"Polygon","coordinates":[[[105.51395,21.48701],[105.50931,21.48941],[105.50502,21.48919],[105.49908,21.48635],[105.4963,21.48381],[105.48297,21.48271],[105.47722,21.48341],[105.46755,21.48471],[105.46483,21.4849],[105.46479,21.4849],[105.46471,21.48488],[105.46458,21.48479],[105.46445,21.4846],[105.46316,21.48246],[105.46279,21.48181],[105.46253,21.48082],[105.46256,21.47935],[105.46269,21.47829],[105.46278,21.4781],[105.46336,21.47686],[105.4672,21.47499],[105.46764,21.47485],[105.46927,21.47443],[105.46948,21.47449],[105.47003,21.47469],[105.47046,21.4749],[105.47052,21.47494],[105.47064,21.47501],[105.47406,21.47331],[105.47841,21.46545],[105.47955,21.46382],[105.47964,21.46386],[105.47977,21.46384],[105.48073,21.4637],[105.48084,21.46361],[105.48116,21.46334],[105.48124,21.46324],[105.48129,21.46318],[105.48392,21.45643],[105.48465,21.44965],[105.48436,21.44523],[105.48321,21.44087],[105.48032,21.43605],[105.48026,21.43487],[105.48057,21.43397],[105.48224,21.43102],[105.4842,21.42963],[105.48602,21.42717],[105.48634,21.42343],[105.48916,21.42097],[105.49276,21.42074],[105.49719,21.42022],[105.49815,21.41984],[105.49842,21.42028],[105.49917,21.42132],[105.50137,21.42236],[105.50252,21.4229],[105.50372,21.42324],[105.50484,21.42365],[105.50501,21.42403],[105.50509,21.42439],[105.50511,21.42446],[105.50511,21.42454],[105.50381,21.43238],[105.50343,21.43445],[105.50201,21.43889],[105.49869,21.44236],[105.49868,21.4427],[105.49869,21.44298],[105.4987,21.44313],[105.49948,21.44494],[105.50033,21.4456],[105.50201,21.44639],[105.50242,21.44653],[105.50262,21.44659],[105.50286,21.44663],[105.5029,21.44664],[105.51197,21.44799],[105.51538,21.44827],[105.51945,21.44859],[105.51999,21.44847],[105.52026,21.44805],[105.52032,21.44354],[105.51951,21.43928],[105.5192,21.43499],[105.52208,21.43162],[105.52398,21.42998],[105.52539,21.43392],[105.52609,21.43588],[105.52843,21.43842],[105.52969,21.43979],[105.53006,21.44017],[105.53189,21.44463],[105.53191,21.45031],[105.53095,21.4552],[105.53073,21.45636],[105.52981,21.45784],[105.52889,21.45933],[105.52725,21.46239],[105.5242,21.46839],[105.5214,21.47635],[105.5194,21.48019],[105.51395,21.48701]]]},"properties":{"commune_code":"08788","commune_name":"Xã Thái Hòa","commune_kind":"XA","province_code":"25","province_name":"Tỉnh Phú Thọ","area_km2":29.0,"valid_from":"16/6/2025","published":"13/07/2025","area_km2_geom":28.641667649122994,"quality_flag":null,"population":23943.0,"population_wp":20549.783103283495,"anchor_ratio":1.1651217864277277,"pop_source":"WORLDPOP2025_ANCHORED_VNSDI","pop_density_ppkm2":835.9499276828294,"n_stations":1,"n_ports":2,"power_kw_site":60.0,"ports_per_10k_pop":0.8353172117111473,"util_mean_port_weighted":0.1898332009531374,"dist_station_m_pop_weighted":2900.423042129904}},{"type":"Feature","geometry":{"type":"Polygon","coordinates":[[[105.51999,21.44847],[105.51945,21.44859],[105.51538,21.44827],[105.51197,21.44799],[105.5029,21.44664],[105.50286,21.44663],[105.50262,21.44659],[105.50242,21.44653],[105.50201,21.44639],[105.50033,21.4456],[105.49948,21.44494],[105.4987,21.44313],[105.49869,21.44298],[105.49868,21.4427],[105.49869,21.44236],[105.50201,21.43889],[105.50343,21.43445],[105.50381,21.43238],[105.50511,21.42454],[105.50511,21.42446],[105.50509,21.42439],[105.50501,21.42403],[105.50484,21.42365],[105.50372,21.42324],[105.50252,21.4229],[105.50137,21.42236],[105.49917,21.42132],[105.49842,21.42028],[105.49815,21.41984],[105.50062,21.41957],[105.50143,21.41589],[105.50195,21.41283],[105.50139,21.41156],[105.49958,21.40931],[105.49905,21.40869],[105.4988,21.40853],[105.49723,21.40751],[105.49507,21.40636],[105.49245,21.40611],[105.49158,21.40618],[105.48985,21.40619],[105.48757,21.40425],[105.4882,21.40297],[105.48832,21.40274],[105.48839,21.40265],[105.48876,21.40211],[105.48885,21.40094],[105.48884,21.40047],[105.48823,21.39916],[105.48497,21.39671],[105.48383,21.39606],[105.48293,21.3958],[105.48275,21.39574],[105.48243,21.39561],[105.48244,21.39547],[105.48263,21.39501],[105.48269,21.39488],[105.48409,21.39247],[105.4851,21.39128],[105.48784,21.38868],[105.4894,21.38904],[105.4924,21.38828],[105.49387,21.38787],[105.49796,21.38574],[105.50158,21.38337],[105.50781,21.3825],[105.51184,21.38322],[105.5167,21.38393],[105.51812,21.38363],[105.51818,21.38381],[105.51947,21.38796],[105.51976,21.38899],[105.51962,21.39224],[105.51962,21.39228],[105.51962,21.39258],[105.51963,21.39536],[105.52051,21.39739],[105.52111,21.39817],[105.52198,21.39975],[105.5231,21.40345],[105.52404,21.40958],[105.52382,21.41478],[105.52295,21.42454],[105.52304,21.42504],[105.52398,21.42998],[105.52208,21.43162],[105.5192,21.43499],[105.51951,21.43928],[105.52032,21.44354],[105.52026,21.44805],[105.51999,21.44847]]]},"properties":{"commune_code":"08812","commune_name":"Xã Liên Hòa","commune_kind":"XA","province_code":"25","province_name":"Tỉnh Phú Thọ","area_km2":18.8,"valid_from":"16/6/2025","published":"13/07/2025","area_km2_geom":18.096212301646904,"quality_flag":null,"population":19257.0,"population_wp":17728.669925302267,"anchor_ratio":1.0862066969003978,"pop_source":"WORLDPOP2025_ANCHORED_VNSDI","pop_density_ppkm2":1064.1453404173124,"n_stations":1,"n_ports":2,"power_kw_site":23.5,"ports_per_10k_pop":1.0385833722802098,"util_mean_port_weighted":0.11928374655647384,"dist_station_m_pop_weighted":2471.226835480462}},{"type":"Feature","geometry":{"type":"Polygon","coordinates":[[[105.43114,21.47731],[105.42903,21.48144],[105.42496,21.48072],[105.42482,21.4807],[105.42424,21.48037],[105.42414,21.48031],[105.424,21.48015],[105.4237,21.47969],[105.42326,21.47875],[105.42034,21.47719],[105.42024,21.47716],[105.41974,21.47708],[105.41961,21.47706],[105.41945,21.47707],[105.41914,21.47709],[105.41895,21.47713],[105.41884,21.47716],[105.41875,21.4772],[105.41867,21.47724],[105.41741,21.47813],[105.41444,21.47966],[105.40842,21.47867],[105.40541,21.47653],[105.39894,21.47029],[105.39991,21.46837],[105.40067,21.46702],[105.40074,21.46613],[105.40035,21.46455],[105.40028,21.46433],[105.39959,21.46304],[105.39815,21.46167],[105.3973,21.45409],[105.39924,21.45066],[105.40306,21.44551],[105.40354,21.44407],[105.40363,21.44287],[105.40363,21.44276],[105.40361,21.4427],[105.39645,21.43082],[105.3939,21.42668],[105.39156,21.42408],[105.39563,21.41803],[105.39804,21.41245],[105.39856,21.41123],[105.39833,21.4072],[105.39741,21.40326],[105.39758,21.4032],[105.40013,21.40226],[105.40041,21.40172],[105.40042,21.40156],[105.40041,21.4015],[105.40038,21.40144],[105.40033,21.40139],[105.40031,21.40137],[105.40028,21.40136],[105.40023,21.40133],[105.40016,21.40132],[105.40008,21.40132],[105.40057,21.39994],[105.40345,21.39669],[105.40447,21.39601],[105.40545,21.39598],[105.40839,21.39691],[105.41422,21.39943],[105.41619,21.39842],[105.4167,21.39829],[105.41797,21.39807],[105.41876,21.39818],[105.42202,21.40052],[105.42229,21.40134],[105.42239,21.40146],[105.42255,21.4016],[105.42268,21.40167],[105.42558,21.40332],[105.42726,21.40422],[105.42748,21.40434],[105.42794,21.40406],[105.42836,21.40357],[105.42857,21.40308],[105.42907,21.40272],[105.42952,21.40272],[105.43165,21.40314],[105.43239,21.40357],[105.43461,21.40825],[105.43424,21.40982],[105.43468,21.41159],[105.43666,21.41319],[105.43835,21.41402],[105.44428,21.41487],[105.44671,21.41472],[105.44992,21.41668],[105.45222,21.41906],[105.45272,21.41961],[105.45286,21.4199],[105.44881,21.42594],[105.44569,21.42801],[105.44014,21.42994],[105.43616,21.43231],[105.43556,21.43354],[105.43297,21.44191],[105.43144,21.44952],[105.43097,21.45074],[105.42928,21.45293],[105.42779,21.45401],[105.42619,21.4543],[105.42617,21.45435],[105.42543,21.45664],[105.42525,21.45843],[105.4258,21.45974],[105.4299,21.46766],[105.43275,21.47286],[105.43114,21.47731]]]},"properties":{"commune_code":"08824","commune_name":"Xã Tam Sơn","commune_kind":"XA","province_code":"25","province_name":"Tỉnh Phú Thọ","area_km2":33.1,"valid_from":"16/6/2025","published":"13/07/2025","area_km2_geom":33.03846372098983,"quality_flag":null,"population":25523.0,"population_wp":23717.56862663105,"anchor_ratio":1.0761221102293654,"pop_source":"WORLDPOP2025_ANCHORED_VNSDI","pop_density_ppkm2":772.5238139261559,"n_stations":2,"n_ports":20,"power_kw_site":395.0,"ports_per_10k_pop":7.836069427575128,"util_mean_port_weighted":0.1065232417487472,"dist_station_m_pop_weighted":2467.7890556569746}},{"type":"Feature","geometry":{"type":"Polygon","coordinates":[[[105.46229,21.39658],[105.45945,21.39951],[105.45386,21.39712],[105.44969,21.39019],[105.44913,21.38892],[105.44894,21.38831],[105.44892,21.38826],[105.4461,21.38448],[105.44423,21.38363],[105.44301,21.38215],[105.44444,21.37992],[105.44484,21.37943],[105.44533,21.37921],[105.44796,21.37911],[105.44839,21.37797],[105.44922,21.37547],[105.44947,21.37438],[105.44924,21.37304],[105.44886,21.37202],[105.44641,21.37139],[105.44493,21.36911],[105.44535,21.36121],[105.44618,21.35775],[105.44473,21.35095],[105.44462,21.35063],[105.44467,21.34956],[105.44745,21.34404],[105.44901,21.34239],[105.45411,21.33934],[105.45496,21.33956],[105.45498,21.33956],[105.45987,21.34643],[105.46222,21.35173],[105.46485,21.35529],[105.4686,21.35474],[105.47107,21.35687],[105.47255,21.35893],[105.47263,21.35911],[105.47264,21.3592],[105.47258,21.35938],[105.47199,21.35987],[105.47195,21.36159],[105.47264,21.36252],[105.47289,21.36284],[105.47348,21.36229],[105.47401,21.3613],[105.47275,21.35729],[105.47297,21.35678],[105.47448,21.35483],[105.47533,21.35398],[105.47579,21.35363],[105.47583,21.35361],[105.47871,21.35342],[105.48298,21.35315],[105.48335,21.34812],[105.48337,21.34802],[105.48992,21.34265],[105.49102,21.34092],[105.49593,21.3376],[105.49838,21.33753],[105.50101,21.33851],[105.50262,21.34105],[105.50309,21.34421],[105.50439,21.34627],[105.50659,21.3477],[105.50806,21.34865],[105.5111,21.34999],[105.51366,21.35297],[105.51319,21.35521],[105.51176,21.35701],[105.51206,21.35832],[105.51241,21.35984],[105.51445,21.36247],[105.51658,21.36521],[105.51661,21.36549],[105.51665,21.36574],[105.5169,21.3676],[105.51627,21.36939],[105.51484,21.37209],[105.51501,21.37477],[105.5163,21.37776],[105.51812,21.38363],[105.5167,21.38393],[105.51184,21.38322],[105.50781,21.3825],[105.50158,21.38337],[105.49796,21.38574],[105.49387,21.38787],[105.4924,21.38828],[105.4894,21.38904],[105.48784,21.38868],[105.48739,21.38744],[105.48707,21.38359],[105.4882,21.381],[105.4861,21.37694],[105.4858,21.37707],[105.48553,21.37719],[105.48471,21.37768],[105.48263,21.37892],[105.48228,21.37914],[105.47768,21.38216],[105.47323,21.38986],[105.47202,21.39212],[105.47179,21.39241],[105.46975,21.39431],[105.46736,21.3943],[105.46713,21.39416],[105.46703,21.39396],[105.46502,21.39409],[105.46229,21.39658]]]},"properties":{"commune_code":"08842","commune_name":"Xã Tiên Lữ","commune_kind":"XA","province_code":"25","province_name":"Tỉnh Phú Thọ","area_km2":31.8,"valid_from":"16/6/2025","published":"13/07/2025","area_km2_geom":32.30323465913077,"quality_flag":null,"population":32710.0,"population_wp":30214.253836743534,"anchor_ratio":1.0826016150106408,"pop_source":"WORLDPOP2025_ANCHORED_VNSDI","pop_density_ppkm2":1012.5920931808063,"n_stations":3,"n_ports":48,"power_kw_site":1266.5,"ports_per_10k_pop":14.67441149495567,"util_mean_port_weighted":0.05946427813688194,"dist_station_m_pop_weighted":2582.342998113332}},{"type":"Feature","geometry":{"type":"Polygon","coordinates":[[[105.44671,21.41472],[105.44428,21.41487],[105.43835,21.41402],[105.43666,21.41319],[105.43468,21.41159],[105.43424,21.40982],[105.43461,21.40825],[105.43239,21.40357],[105.43165,21.40314],[105.42952,21.40272],[105.42907,21.40272],[105.42857,21.40308],[105.42836,21.40357],[105.42794,21.40406],[105.42748,21.40434],[105.42726,21.40422],[105.42558,21.40332],[105.42268,21.40167],[105.42255,21.4016],[105.42239,21.40146],[105.42229,21.40134],[105.42202,21.40052],[105.41876,21.39818],[105.41797,21.39807],[105.4167,21.39829],[105.41619,21.39842],[105.41422,21.39943],[105.40839,21.39691],[105.40545,21.39598],[105.40447,21.39601],[105.40345,21.39669],[105.40057,21.39994],[105.40008,21.40132],[105.40016,21.40132],[105.40023,21.40133],[105.40028,21.40136],[105.40031,21.40137],[105.40033,21.40139],[105.40038,21.40144],[105.40041,21.4015],[105.40042,21.40156],[105.40041,21.40172],[105.40013,21.40226],[105.39758,21.4032],[105.39741,21.40326],[105.39695,21.40127],[105.39488,21.3962],[105.39462,21.39557],[105.39325,21.39168],[105.39155,21.38566],[105.39229,21.37619],[105.39227,21.36759],[105.39239,21.36712],[105.39393,21.36127],[105.39897,21.3538],[105.40184,21.35031],[105.42603,21.33652],[105.42655,21.33775],[105.42678,21.3384],[105.4271,21.33947],[105.42709,21.33968],[105.42675,21.34062],[105.42591,21.34238],[105.42528,21.34561],[105.4255,21.3503],[105.42703,21.35227],[105.4292,21.35322],[105.43118,21.35453],[105.43128,21.35462],[105.43157,21.35491],[105.43156,21.35494],[105.43153,21.355],[105.42892,21.35776],[105.42694,21.35801],[105.42629,21.35871],[105.42931,21.36122],[105.43002,21.36164],[105.43228,21.36142],[105.43277,21.36094],[105.4328,21.3609],[105.43282,21.36083],[105.43287,21.3605],[105.4329,21.36011],[105.4329,21.3599],[105.43288,21.35977],[105.43286,21.35974],[105.43282,21.35973],[105.43278,21.35973],[105.43227,21.35989],[105.43217,21.35993],[105.4355,21.35845],[105.44092,21.35651],[105.44139,21.35655],[105.44189,21.35667],[105.44219,21.35693],[105.44431,21.35898],[105.44535,21.36121],[105.44493,21.36911],[105.44641,21.37139],[105.44886,21.37202],[105.44924,21.37304],[105.44947,21.37438],[105.44922,21.37547],[105.44839,21.37797],[105.44796,21.37911],[105.44533,21.37921],[105.44484,21.37943],[105.44444,21.37992],[105.44301,21.38215],[105.44423,21.38363],[105.4461,21.38448],[105.44892,21.38826],[105.44894,21.38831],[105.44913,21.38892],[105.44969,21.39019],[105.45386,21.39712],[105.45411,21.39793],[105.45221,21.40278],[105.45125,21.40454],[105.45022,21.40635],[105.44944,21.40731],[105.44818,21.40829],[105.44732,21.40984],[105.44671,21.41104],[105.44611,21.41357],[105.44602,21.41414],[105.44671,21.41472]]]},"properties":{"commune_code":"08848","commune_name":"Xã Sông Lô","commune_kind":"XA","province_code":"25","province_name":"Tỉnh Phú Thọ","area_km2":33.4,"valid_from":"16/6/2025","published":"13/07/2025","area_km2_geom":33.237937375767444,"quality_flag":null,"population":34291.0,"population_wp":28598.15361882001,"anchor_ratio":1.1990634240608322,"pop_source":"WORLDPOP2025_ANCHORED_VNSDI","pop_density_ppkm2":1031.682550343822,"n_stations":1,"n_ports":24,"power_kw_site":741.0,"ports_per_10k_pop":6.998920999679216,"util_mean_port_weighted":0.07095312191266548,"dist_station_m_pop_weighted":3366.238244281084}},{"type":"Feature","geometry":{"type":"Polygon","coordinates":[[[105.47348,21.36229],[105.47289,21.36284],[105.47264,21.36252],[105.47195,21.36159],[105.47199,21.35987],[105.47258,21.35938],[105.47264,21.3592],[105.47263,21.35911],[105.47255,21.35893],[105.47107,21.35687],[105.4686,21.35474],[105.46485,21.35529],[105.46222,21.35173],[105.45987,21.34643],[105.45498,21.33956],[105.45496,21.33956],[105.45411,21.33934],[105.44901,21.34239],[105.44745,21.34404],[105.44467,21.34956],[105.44462,21.35063],[105.44473,21.35095],[105.44618,21.35775],[105.44535,21.36121],[105.44431,21.35898],[105.44219,21.35693],[105.44189,21.35667],[105.44139,21.35655],[105.44092,21.35651],[105.4355,21.35845],[105.43217,21.35993],[105.43227,21.35989],[105.43278,21.35973],[105.43282,21.35973],[105.43286,21.35974],[105.43288,21.35977],[105.4329,21.3599],[105.4329,21.36011],[105.43287,21.3605],[105.43282,21.36083],[105.4328,21.3609],[105.43277,21.36094],[105.43228,21.36142],[105.43002,21.36164],[105.42931,21.36122],[105.42629,21.35871],[105.42694,21.35801],[105.42892,21.35776],[105.43153,21.355],[105.43156,21.35494],[105.43157,21.35491],[105.43128,21.35462],[105.43118,21.35453],[105.4292,21.35322],[105.42703,21.35227],[105.4255,21.3503],[105.42528,21.34561],[105.42591,21.34238],[105.42675,21.34062],[105.42709,21.33968],[105.4271,21.33947],[105.42678,21.3384],[105.42655,21.33775],[105.42603,21.33652],[105.43537,21.33222],[105.44565,21.32358],[105.44565,21.32358],[105.44601,21.32328],[105.45371,21.31541],[105.45418,21.31431],[105.45664,21.30861],[105.45671,21.30679],[105.45672,21.30654],[105.45643,21.30472],[105.45548,21.30259],[105.45543,21.30248],[105.45463,21.30134],[105.45369,21.30069],[105.45313,21.3003],[105.45209,21.29999],[105.45185,21.29992],[105.45501,21.29936],[105.46052,21.29844],[105.46506,21.29776],[105.46879,21.2976],[105.47295,21.29748],[105.47401,21.29745],[105.47638,21.29807],[105.47808,21.29879],[105.47895,21.30028],[105.47961,21.30353],[105.48058,21.30834],[105.48161,21.31262],[105.48144,21.31767],[105.48246,21.32198],[105.48508,21.32337],[105.48581,21.32376],[105.49156,21.32584],[105.49252,21.32733],[105.49269,21.33017],[105.49244,21.33261],[105.49238,21.33316],[105.49287,21.33555],[105.49431,21.33689],[105.49838,21.33753],[105.49593,21.3376],[105.49102,21.34092],[105.48992,21.34265],[105.48337,21.34802],[105.48335,21.34812],[105.48298,21.35315],[105.47871,21.35342],[105.47583,21.35361],[105.47579,21.35363],[105.47533,21.35398],[105.47448,21.35483],[105.47297,21.35678],[105.47275,21.35729],[105.47401,21.3613],[105.47348,21.36229]]]},"properties":{"commune_code":"08866","commune_name":"Xã Sơn Đông","commune_kind":"XA","province_code":"25","province_name":"Tỉnh Phú Thọ","area_km2":26.7,"valid_from":"16/6/2025","published":"13/07/2025","area_km2_geom":27.460645727436486,"quality_flag":null,"population":36076.0,"population_wp":37204.794987451285,"anchor_ratio":0.9696599594801688,"pop_source":"WORLDPOP2025_ANCHORED_VNSDI","pop_density_ppkm2":1313.7345843239127,"n_stations":1,"n_ports":6,"power_kw_site":180.0,"ports_per_10k_pop":1.6631555604834238,"util_mean_port_weighted":0.16127375449409348,"dist_station_m_pop_weighted":2518.563614703491}},{"type":"Feature","geometry":{"type":"Polygon","coordinates":[[[105.58398,21.40386],[105.58312,21.40409],[105.58241,21.40386],[105.57512,21.40037],[105.57326,21.39896],[105.57007,21.39817],[105.56692,21.39926],[105.56103,21.39914],[105.56003,21.399],[105.55924,21.39808],[105.55883,21.39745],[105.5591,21.39709],[105.55652,21.39633],[105.55459,21.39628],[105.55371,21.39631],[105.55308,21.39634],[105.55052,21.39662],[105.54958,21.39736],[105.54923,21.39894],[105.54725,21.40042],[105.5454,21.40102],[105.5385,21.40281],[105.53487,21.4034],[105.53436,21.40312],[105.53354,21.40192],[105.53279,21.40088],[105.5327,21.40077],[105.53205,21.39993],[105.53183,21.39966],[105.53089,21.39851],[105.52756,21.39442],[105.52808,21.38153],[105.52968,21.37859],[105.53002,21.37818],[105.53163,21.37676],[105.53198,21.37645],[105.53264,21.37596],[105.5327,21.37592],[105.53274,21.3759],[105.53279,21.37589],[105.53284,21.37589],[105.53291,21.3759],[105.53456,21.37361],[105.53689,21.37036],[105.53825,21.36844],[105.53857,21.3672],[105.53835,21.36457],[105.53859,21.36207],[105.53993,21.36208],[105.54119,21.36208],[105.54176,21.36035],[105.54194,21.35981],[105.54429,21.3565],[105.54701,21.35221],[105.54796,21.35052],[105.55101,21.34606],[105.55216,21.34437],[105.55411,21.34326],[105.5584,21.33762],[105.55881,21.33742],[105.55903,21.33748],[105.55906,21.33749],[105.5617,21.33953],[105.56229,21.34047],[105.56338,21.34223],[105.56802,21.34763],[105.57293,21.35268],[105.57546,21.35424],[105.57594,21.3543],[105.57696,21.35408],[105.57721,21.35396],[105.57819,21.35347],[105.57915,21.35299],[105.57964,21.35276],[105.58086,21.3523],[105.58178,21.35198],[105.58208,21.3519],[105.58238,21.3519],[105.58271,21.352],[105.58287,21.35206],[105.58391,21.35253],[105.58588,21.35352],[105.59231,21.35176],[105.59371,21.35055],[105.59497,21.34946],[105.59516,21.34924],[105.59506,21.34781],[105.59482,21.34667],[105.59458,21.34631],[105.59429,21.34588],[105.594,21.34556],[105.59332,21.3448],[105.593,21.34434],[105.59326,21.34344],[105.59332,21.34334],[105.5934,21.34327],[105.59343,21.34326],[105.59394,21.343],[105.59515,21.34336],[105.59798,21.34418],[105.60541,21.34514],[105.60462,21.34312],[105.60456,21.34237],[105.61046,21.34194],[105.61287,21.34431],[105.61364,21.34487],[105.61414,21.3449],[105.61784,21.34399],[105.61737,21.34511],[105.61426,21.34776],[105.6115,21.35163],[105.61549,21.35279],[105.61864,21.35182],[105.61941,21.35126],[105.62,21.35041],[105.62019,21.34898],[105.62174,21.34858],[105.6237,21.35048],[105.62195,21.35661],[105.61766,21.35993],[105.61646,21.36131],[105.61625,21.36164],[105.6149,21.36521],[105.61346,21.36929],[105.61351,21.37053],[105.61329,21.37117],[105.61069,21.37296],[105.60994,21.37321],[105.60799,21.37285],[105.6062,21.3731],[105.60611,21.37311],[105.60532,21.3738],[105.60454,21.37489],[105.60428,21.37686],[105.60434,21.37834],[105.60432,21.38093],[105.60094,21.38331],[105.59831,21.38516],[105.5973,21.38599],[105.59709,21.38895],[105.59661,21.39154],[105.59589,21.39437],[105.59552,21.39471],[105.59522,21.39498],[105.59395,21.39556],[105.59361,21.39635],[105.59322,21.39862],[105.59283,21.40121],[105.58822,21.40157],[105.58662,21.40161],[105.58398,21.40386]]]},"properties":{"commune_code":"08869","commune_name":"Xã Tam Dương","commune_kind":"XA","province_code":"25","province_name":"Tỉnh Phú Thọ","area_km2":44.3,"valid_from":"16/6/2025","published":"13/07/2025","area_km2_geom":44.26548639813243,"quality_flag":null,"population":47936.0,"population_wp":43956.86439117789,"anchor_ratio":1.090523645485976,"pop_source":"WORLDPOP2025_ANCHORED_VNSDI","pop_density_ppkm2":1082.9204398400652,"n_stations":6,"n_ports":42,"power_kw_site":1448.5,"ports_per_10k_pop":8.761682242990654,"util_mean_port_weighted":0.24790723451346286,"dist_station_m_pop_weighted":1993.4695396094444}},{"type":"Feature","geometry":{"type":"Polygon","coordinates":[[[105.63456,21.47904],[105.63124,21.47911],[105.6311,21.47909],[105.63085,21.47907],[105.63067,21.47898],[105.62978,21.47818],[105.6289,21.47723],[105.62717,21.47521],[105.62039,21.47073],[105.6182,21.46944],[105.60837,21.45538],[105.60619,21.45227],[105.60359,21.44976],[105.60048,21.44799],[105.59821,21.4427],[105.59621,21.44078],[105.59443,21.44093],[105.59203,21.44144],[105.58898,21.44323],[105.58553,21.44368],[105.57936,21.44303],[105.57537,21.44238],[105.57471,21.44194],[105.57439,21.44178],[105.57374,21.44158],[105.57306,21.44146],[105.57244,21.44145],[105.57213,21.44146],[105.5714,21.44157],[105.5703,21.44181],[105.56711,21.44263],[105.56641,21.44262],[105.5661,21.44243],[105.56371,21.43832],[105.5626,21.43605],[105.55901,21.43102],[105.55784,21.43065],[105.55645,21.43086],[105.55184,21.43181],[105.55088,21.43338],[105.54996,21.43752],[105.54765,21.44277],[105.54605,21.44513],[105.54459,21.44553],[105.54119,21.44574],[105.53895,21.44535],[105.53849,21.44527],[105.53795,21.44518],[105.53578,21.44485],[105.53529,21.44479],[105.53488,21.44475],[105.53414,21.44469],[105.53189,21.44463],[105.53006,21.44017],[105.52969,21.43979],[105.52843,21.43842],[105.52609,21.43588],[105.52539,21.43392],[105.52398,21.42998],[105.52304,21.42504],[105.52295,21.42454],[105.52382,21.41478],[105.52404,21.40958],[105.52837,21.40466],[105.53081,21.40342],[105.53137,21.40337],[105.53384,21.40316],[105.53436,21.40312],[105.53487,21.4034],[105.5385,21.40281],[105.5454,21.40102],[105.54725,21.40042],[105.54923,21.39894],[105.54958,21.39736],[105.55052,21.39662],[105.55308,21.39634],[105.55371,21.39631],[105.55459,21.39628],[105.55652,21.39633],[105.5591,21.39709],[105.55883,21.39745],[105.55924,21.39808],[105.56003,21.399],[105.56103,21.39914],[105.56692,21.39926],[105.57007,21.39817],[105.57326,21.39896],[105.57512,21.40037],[105.58241,21.40386],[105.58312,21.40409],[105.58398,21.40386],[105.58662,21.40161],[105.58822,21.40157],[105.59283,21.40121],[105.59322,21.39862],[105.59751,21.40357],[105.59978,21.40661],[105.60066,21.41011],[105.60017,21.41315],[105.59964,21.41439],[105.59924,21.41411],[105.59457,21.41907],[105.59542,21.42041],[105.59704,21.42281],[105.59902,21.42438],[105.60067,21.42533],[105.60201,21.42617],[105.60355,21.42719],[105.60631,21.4297],[105.60904,21.4329],[105.61441,21.44083],[105.61587,21.44221],[105.61707,21.44312],[105.61982,21.44477],[105.62439,21.44651],[105.62913,21.44961],[105.63617,21.45372],[105.64212,21.45672],[105.64624,21.46385],[105.64696,21.46545],[105.64692,21.46548],[105.64615,21.46603],[105.64558,21.46647],[105.64539,21.46661],[105.64465,21.4672],[105.64392,21.4678],[105.6432,21.46842],[105.64251,21.46905],[105.64182,21.46969],[105.64116,21.47035],[105.64052,21.47101],[105.63989,21.47168],[105.63929,21.47235],[105.6387,21.47303],[105.63814,21.47371],[105.63804,21.47384],[105.63788,21.47404],[105.6376,21.47439],[105.63709,21.47507],[105.6366,21.47575],[105.63613,21.47643],[105.63569,21.47711],[105.63528,21.47778],[105.63489,21.47845],[105.63456,21.47904]]]},"properties":{"commune_code":"08872","commune_name":"Xã Tam Dương Bắc","commune_kind":"XA","province_code":"25","province_name":"Tỉnh Phú Thọ","area_km2":45.8,"valid_from":"16/6/2025","published":"13/07/2025","area_km2_geom":46.011614226051286,"quality_flag":null,"population":37284.0,"population_wp":32493.67116772011,"anchor_ratio":1.1474234415543265,"pop_source":"WORLDPOP2025_ANCHORED_VNSDI","pop_density_ppkm2":810.3171476842078,"n_stations":4,"n_ports":11,"power_kw_site":430.0,"ports_per_10k_pop":2.9503272181096447,"util_mean_port_weighted":0.26048190343195743,"dist_station_m_pop_weighted":2206.4674190186997}},{"type":"Feature","geometry":{"type":"Polygon","coordinates":[[[105.52837,21.40466],[105.52404,21.40958],[105.5231,21.40345],[105.52198,21.39975],[105.52111,21.39817],[105.52051,21.39739],[105.51963,21.39536],[105.51962,21.39258],[105.51962,21.39228],[105.51962,21.39224],[105.51976,21.38899],[105.51947,21.38796],[105.51818,21.38381],[105.51812,21.38363],[105.5163,21.37776],[105.51501,21.37477],[105.51484,21.37209],[105.51627,21.36939],[105.5169,21.3676],[105.51665,21.36574],[105.51661,21.36549],[105.51658,21.36521],[105.51445,21.36247],[105.51241,21.35984],[105.51206,21.35832],[105.51176,21.35701],[105.51319,21.35521],[105.51366,21.35297],[105.5111,21.34999],[105.50806,21.34865],[105.50659,21.3477],[105.50439,21.34627],[105.50309,21.34421],[105.50327,21.34418],[105.50437,21.34355],[105.50567,21.34251],[105.50718,21.34115],[105.50718,21.34114],[105.50739,21.3406],[105.50746,21.34042],[105.50742,21.33986],[105.50675,21.33924],[105.50508,21.33851],[105.50474,21.33808],[105.50352,21.33656],[105.50275,21.33517],[105.5024,21.33448],[105.50234,21.33419],[105.50235,21.33395],[105.50255,21.33355],[105.50299,21.33302],[105.50364,21.33248],[105.50399,21.33227],[105.50415,21.33221],[105.50426,21.33216],[105.50468,21.33219],[105.50509,21.33222],[105.50706,21.33215],[105.50885,21.33145],[105.50952,21.33111],[105.51078,21.33048],[105.51158,21.32992],[105.51179,21.32973],[105.51204,21.32917],[105.51208,21.32897],[105.51219,21.32849],[105.51223,21.32812],[105.51227,21.32776],[105.51228,21.32772],[105.51211,21.3274],[105.51178,21.32682],[105.51176,21.3268],[105.51133,21.32649],[105.51128,21.32646],[105.51062,21.32519],[105.51095,21.32438],[105.51118,21.32382],[105.51155,21.32294],[105.51216,21.32209],[105.51423,21.31917],[105.51437,21.31914],[105.51586,21.31877],[105.51939,21.31791],[105.51974,21.31806],[105.52118,21.31868],[105.52141,21.31878],[105.52264,21.31886],[105.52579,21.31907],[105.52581,21.31907],[105.52736,21.31909],[105.52907,21.3191],[105.53073,21.31912],[105.53584,21.31695],[105.53644,21.3191],[105.53634,21.32012],[105.53623,21.32134],[105.53708,21.32486],[105.53994,21.32905],[105.53804,21.33849],[105.53573,21.34583],[105.53333,21.35157],[105.53298,21.35257],[105.53295,21.35269],[105.53274,21.35354],[105.5327,21.35381],[105.53291,21.35385],[105.53346,21.35393],[105.53443,21.35412],[105.53626,21.35454],[105.53694,21.35476],[105.53739,21.35499],[105.53738,21.35517],[105.53737,21.35534],[105.5369,21.35841],[105.5359,21.35941],[105.53575,21.35983],[105.53692,21.36108],[105.53706,21.36115],[105.53715,21.36111],[105.54194,21.35981],[105.54176,21.36035],[105.54119,21.36208],[105.53993,21.36208],[105.53859,21.36207],[105.53835,21.36457],[105.53857,21.3672],[105.53825,21.36844],[105.53689,21.37036],[105.53456,21.37361],[105.53291,21.3759],[105.53284,21.37589],[105.53279,21.37589],[105.53274,21.3759],[105.5327,21.37592],[105.53264,21.37596],[105.53198,21.37645],[105.53163,21.37676],[105.53002,21.37818],[105.52968,21.37859],[105.52808,21.38153],[105.52756,21.39442],[105.53089,21.39851],[105.53183,21.39966],[105.53205,21.39993],[105.5327,21.40077],[105.53279,21.40088],[105.53354,21.40192],[105.53436,21.40312],[105.53384,21.40316],[105.53137,21.40337],[105.53081,21.40342],[105.52837,21.40466]]]},"properties":{"commune_code":"08896","commune_name":"Xã Hoàng An","commune_kind":"XA","province_code":"25","province_name":"Tỉnh Phú Thọ","area_km2":20.8,"valid_from":"16/6/2025","published":"13/07/2025","area_km2_geom":20.602715045967507,"quality_flag":null,"population":26000.0,"population_wp":28785.034439522773,"anchor_ratio":0.9032471388778736,"pop_source":"WORLDPOP2025_ANCHORED_VNSDI","pop_density_ppkm2":1261.969596822089,"n_stations":3,"n_ports":7,"power_kw_site":298.5,"ports_per_10k_pop":2.6923076923076925,"util_mean_port_weighted":0.1047316147751367,"dist_station_m_pop_weighted":2366.6441373811226}},{"type":"Feature","geometry":{"type":"Polygon","coordinates":[[[105.53715,21.36111],[105.53706,21.36115],[105.53692,21.36108],[105.53575,21.35983],[105.5359,21.35941],[105.5369,21.35841],[105.53737,21.35534],[105.53738,21.35517],[105.53739,21.35499],[105.53694,21.35476],[105.53626,21.35454],[105.53443,21.35412],[105.53346,21.35393],[105.53291,21.35385],[105.5327,21.35381],[105.53274,21.35354],[105.53295,21.35269],[105.53298,21.35257],[105.53333,21.35157],[105.53573,21.34583],[105.53804,21.33849],[105.53994,21.32905],[105.53708,21.32486],[105.53623,21.32134],[105.53634,21.32012],[105.53644,21.3191],[105.53584,21.31695],[105.53591,21.31446],[105.53761,21.31235],[105.53353,21.30895],[105.53714,21.30465],[105.53555,21.29795],[105.53371,21.29599],[105.53137,21.29531],[105.53238,21.2896],[105.53434,21.28598],[105.53506,21.28502],[105.53556,21.28407],[105.53584,21.28354],[105.53587,21.28353],[105.53631,21.28331],[105.53689,21.28303],[105.53771,21.283],[105.53774,21.28301],[105.5381,21.28303],[105.54025,21.28316],[105.54029,21.28314],[105.54261,21.28211],[105.54969,21.27743],[105.55005,21.27659],[105.55032,21.27595],[105.55076,21.27541],[105.55092,21.27522],[105.55129,21.27498],[105.55169,21.27483],[105.55183,21.27485],[105.55306,21.27503],[105.55394,21.27796],[105.5541,21.27847],[105.55419,21.27973],[105.5542,21.27974],[105.55417,21.27979],[105.55337,21.28137],[105.54916,21.28976],[105.55348,21.29362],[105.55036,21.29693],[105.55037,21.29699],[105.55127,21.3013],[105.55393,21.30721],[105.55718,21.30924],[105.55917,21.3055],[105.55923,21.30553],[105.56021,21.30605],[105.56294,21.30752],[105.56316,21.30767],[105.56333,21.30777],[105.56664,21.30989],[105.56718,21.31024],[105.56721,21.31026],[105.56556,21.3116],[105.5614,21.31557],[105.55959,21.31861],[105.55488,21.3174],[105.55541,21.32014],[105.55543,21.3202],[105.55972,21.32165],[105.55972,21.32164],[105.56033,21.31928],[105.56045,21.3188],[105.56112,21.31901],[105.5675,21.32101],[105.56759,21.32104],[105.56608,21.32675],[105.57243,21.32852],[105.57243,21.32851],[105.57316,21.32718],[105.57976,21.33233],[105.58069,21.33292],[105.58149,21.33304],[105.58257,21.33303],[105.58307,21.333],[105.58362,21.33297],[105.58474,21.33327],[105.58618,21.33407],[105.58755,21.33511],[105.58796,21.33567],[105.58877,21.33677],[105.58906,21.33716],[105.58911,21.33728],[105.58948,21.33829],[105.58958,21.33854],[105.59031,21.33964],[105.59265,21.34268],[105.59288,21.34288],[105.59314,21.3431],[105.59394,21.343],[105.59343,21.34326],[105.5934,21.34327],[105.59332,21.34334],[105.59326,21.34344],[105.593,21.34434],[105.59332,21.3448],[105.594,21.34556],[105.59429,21.34588],[105.59458,21.34631],[105.59482,21.34667],[105.59506,21.34781],[105.59516,21.34924],[105.59497,21.34946],[105.59371,21.35055],[105.59231,21.35176],[105.58588,21.35352],[105.58391,21.35253],[105.58287,21.35206],[105.58271,21.352],[105.58238,21.3519],[105.58208,21.3519],[105.58178,21.35198],[105.58086,21.3523],[105.57964,21.35276],[105.57915,21.35299],[105.57819,21.35347],[105.57721,21.35396],[105.57696,21.35408],[105.57594,21.3543],[105.57546,21.35424],[105.57293,21.35268],[105.56802,21.34763],[105.56338,21.34223],[105.56229,21.34047],[105.5617,21.33953],[105.55906,21.33749],[105.55903,21.33748],[105.55881,21.33742],[105.5584,21.33762],[105.55411,21.34326],[105.55216,21.34437],[105.55101,21.34606],[105.54796,21.35052],[105.54701,21.35221],[105.54429,21.3565],[105.54194,21.35981],[105.53715,21.36111]]]},"properties":{"commune_code":"08905","commune_name":"Xã Hội Thịnh","commune_kind":"XA","province_code":"25","province_name":"Tỉnh Phú Thọ","area_km2":25.1,"valid_from":"16/6/2025","published":"13/07/2025","area_km2_geom":24.92478083649296,"quality_flag":null,"population":37115.0,"population_wp":39453.0081063509,"anchor_ratio":0.9407394209321509,"pop_source":"WORLDPOP2025_ANCHORED_VNSDI","pop_density_ppkm2":1489.0802949672902,"n_stations":7,"n_ports":30,"power_kw_site":1194.0,"ports_per_10k_pop":8.08298531591001,"util_mean_port_weighted":0.26962531504959875,"dist_station_m_pop_weighted":1387.8301685365539}},{"type":"Feature","geometry":{"type":"Polygon","coordinates":[[[105.6477,21.46494],[105.64696,21.46545],[105.64624,21.46385],[105.64212,21.45672],[105.63617,21.45372],[105.62913,21.44961],[105.62439,21.44651],[105.61982,21.44477],[105.61707,21.44312],[105.61587,21.44221],[105.61441,21.44083],[105.60904,21.4329],[105.60631,21.4297],[105.60355,21.42719],[105.60201,21.42617],[105.60067,21.42533],[105.59902,21.42438],[105.59704,21.42281],[105.59542,21.42041],[105.59457,21.41907],[105.59924,21.41411],[105.59964,21.41439],[105.60017,21.41315],[105.60066,21.41011],[105.59978,21.40661],[105.59751,21.40357],[105.59322,21.39862],[105.59361,21.39635],[105.59395,21.39556],[105.59522,21.39498],[105.59552,21.39471],[105.59589,21.39437],[105.59661,21.39154],[105.59709,21.38895],[105.5973,21.38599],[105.59831,21.38516],[105.60094,21.38331],[105.60432,21.38093],[105.60434,21.37834],[105.60428,21.37686],[105.60454,21.37489],[105.60532,21.3738],[105.60611,21.37311],[105.6062,21.3731],[105.60799,21.37285],[105.60994,21.37321],[105.61069,21.37296],[105.61329,21.37117],[105.61351,21.37053],[105.61346,21.36929],[105.6149,21.36521],[105.61625,21.36164],[105.61928,21.36107],[105.62183,21.36279],[105.62245,21.36925],[105.62232,21.3705],[105.61938,21.37603],[105.61844,21.37912],[105.62041,21.38349],[105.62082,21.38426],[105.62148,21.38504],[105.62217,21.38549],[105.62251,21.38571],[105.62302,21.38581],[105.62577,21.384],[105.62743,21.38397],[105.62921,21.3827],[105.63146,21.37889],[105.62967,21.37703],[105.62945,21.37478],[105.62921,21.36611],[105.62967,21.36462],[105.63144,21.36282],[105.63376,21.3618],[105.63618,21.36079],[105.63838,21.35918],[105.63901,21.3528],[105.64099,21.3515],[105.64407,21.35001],[105.64571,21.34591],[105.64572,21.34417],[105.64684,21.3438],[105.64765,21.34399],[105.64805,21.34409],[105.65578,21.34699],[105.65957,21.34887],[105.65958,21.34912],[105.65993,21.35452],[105.65954,21.35888],[105.65985,21.36108],[105.66222,21.36442],[105.66396,21.36628],[105.66565,21.36708],[105.66779,21.36765],[105.66862,21.3687],[105.67047,21.37146],[105.67201,21.37432],[105.67263,21.37576],[105.67274,21.37729],[105.67142,21.38016],[105.67005,21.38189],[105.66904,21.38371],[105.6689,21.38624],[105.66927,21.38806],[105.66954,21.38929],[105.66959,21.38945],[105.66967,21.38973],[105.67058,21.39073],[105.67099,21.39099],[105.67164,21.39137],[105.67208,21.39148],[105.67328,21.3917],[105.6746,21.39694],[105.67564,21.40131],[105.67921,21.40838],[105.68076,21.41215],[105.68376,21.42017],[105.68659,21.42547],[105.68769,21.43201],[105.68717,21.44053],[105.68723,21.44275],[105.68339,21.4477],[105.68117,21.45065],[105.67606,21.45633],[105.67355,21.4581],[105.6724,21.45891],[105.66708,21.45962],[105.66694,21.45962],[105.66245,21.45948],[105.66245,21.45948],[105.65914,21.45938],[105.6542,21.46147],[105.65344,21.4618],[105.6526,21.46218],[105.65176,21.46258],[105.65093,21.46301],[105.65011,21.46346],[105.6493,21.46393],[105.64849,21.46443],[105.6477,21.46494]]]},"properties":{"commune_code":"08911","commune_name":"Xã Tam Đảo","commune_kind":"XA","province_code":"25","province_name":"Tỉnh Phú Thọ","area_km2":79.2,"valid_from":"16/6/2025","published":"13/07/2025","area_km2_geom":79.71289941464427,"quality_flag":null,"population":34772.0,"population_wp":34259.72862891853,"anchor_ratio":1.0149525811085691,"pop_source":"WORLDPOP2025_ANCHORED_VNSDI","pop_density_ppkm2":436.2154714649853,"n_stations":6,"n_ports":39,"power_kw_site":1025.0,"ports_per_10k_pop":11.215920855861038,"util_mean_port_weighted":0.16237305089317589,"dist_station_m_pop_weighted":2251.958191050152}},{"type":"Feature","geometry":{"type":"Polygon","coordinates":[[[105.54557,21.57355],[105.54277,21.57506],[105.54234,21.57434],[105.53912,21.56891],[105.53846,21.56781],[105.53537,21.56334],[105.53318,21.56018],[105.52962,21.55532],[105.52758,21.55255],[105.52594,21.54444],[105.52591,21.5443],[105.52569,21.54389],[105.52228,21.53758],[105.51747,21.53423],[105.51702,21.53392],[105.51693,21.53393],[105.51047,21.53425],[105.50554,21.53212],[105.50061,21.52877],[105.49721,21.52729],[105.49776,21.52527],[105.49829,21.52334],[105.49808,21.52027],[105.49795,21.51841],[105.49523,21.51453],[105.49484,21.51413],[105.49186,21.5111],[105.49025,21.50737],[105.49024,21.50409],[105.49199,21.50094],[105.49834,21.49707],[105.50441,21.49194],[105.50931,21.48941],[105.51395,21.48701],[105.5194,21.48019],[105.52072,21.48031],[105.52133,21.48042],[105.52373,21.48111],[105.52578,21.48342],[105.52584,21.48401],[105.52593,21.48464],[105.52614,21.48565],[105.52706,21.48934],[105.52735,21.49031],[105.52768,21.49123],[105.52805,21.49213],[105.52837,21.49277],[105.52881,21.49351],[105.52895,21.49371],[105.52957,21.49373],[105.52961,21.49372],[105.52969,21.49366],[105.52976,21.49356],[105.53194,21.49078],[105.53505,21.4865],[105.53587,21.48539],[105.53658,21.48446],[105.53754,21.48336],[105.53847,21.48245],[105.53944,21.48166],[105.53999,21.48123],[105.54221,21.47932],[105.54723,21.47364],[105.54958,21.46926],[105.55073,21.468],[105.55284,21.46881],[105.56024,21.47226],[105.56219,21.47339],[105.56496,21.47664],[105.56516,21.47881],[105.5698,21.48104],[105.57209,21.47972],[105.58303,21.47875],[105.58323,21.47873],[105.58346,21.47876],[105.5845,21.47892],[105.58459,21.47894],[105.5874,21.48008],[105.58944,21.48196],[105.59276,21.48537],[105.5978,21.48899],[105.60056,21.49065],[105.60395,21.49288],[105.608,21.49638],[105.6108,21.49772],[105.61813,21.49969],[105.62159,21.50047],[105.62145,21.5006],[105.62138,21.50067],[105.62083,21.50119],[105.62022,21.50178],[105.6196,21.50238],[105.61898,21.50299],[105.61837,21.50361],[105.61775,21.50423],[105.61715,21.50487],[105.61655,21.50551],[105.61596,21.50616],[105.61538,21.50683],[105.61481,21.5075],[105.61426,21.50818],[105.61371,21.50888],[105.61319,21.50958],[105.61267,21.51029],[105.61217,21.51101],[105.61167,21.51173],[105.61119,21.51247],[105.61116,21.51252],[105.61071,21.5132],[105.61025,21.51394],[105.60979,21.51468],[105.60972,21.51478],[105.60933,21.51542],[105.60888,21.51615],[105.60843,21.51689],[105.60798,21.51762],[105.60753,21.51834],[105.60707,21.51906],[105.60662,21.51977],[105.60615,21.52048],[105.60569,21.52117],[105.60521,21.52184],[105.60473,21.52251],[105.60423,21.52316],[105.60373,21.5238],[105.60321,21.52441],[105.60268,21.52502],[105.60213,21.5256],[105.60157,21.52617],[105.60146,21.52627],[105.60099,21.52672],[105.6004,21.52726],[105.59978,21.52778],[105.59916,21.52829],[105.59851,21.5288],[105.59785,21.5293],[105.59718,21.5298],[105.59648,21.5303],[105.59577,21.5308],[105.59355,21.53234],[105.59277,21.53288],[105.59199,21.53343],[105.59139,21.53385],[105.59118,21.534],[105.59114,21.53403],[105.59036,21.5346],[105.58952,21.53521],[105.58867,21.53586],[105.5878,21.53653],[105.58692,21.53723],[105.58602,21.53797],[105.58511,21.53874],[105.58418,21.53955],[105.58324,21.5404],[105.58228,21.54129],[105.58131,21.54221],[105.58033,21.54317],[105.57934,21.54416],[105.57833,21.54518],[105.57732,21.54622],[105.5763,21.54729],[105.57527,21.54837],[105.57424,21.54947],[105.5732,21.55058],[105.57216,21.5517],[105.57111,21.55282],[105.57007,21.55394],[105.56902,21.55506],[105.56797,21.55617],[105.56693,21.55727],[105.56589,21.55835],[105.56485,21.55941],[105.56382,21.56044],[105.56279,21.56145],[105.56182,21.56239],[105.56178,21.56243],[105.56077,21.56338],[105.55977,21.56429],[105.55878,21.56516],[105.55781,21.56598],[105.55685,21.56676],[105.5559,21.5675],[105.55498,21.56819],[105.55407,21.56884],[105.55318,21.56944],[105.55232,21.57],[105.55148,21.57052],[105.55068,21.571],[105.5499,21.57144],[105.54915,21.57184],[105.54844,21.57221],[105.54776,21.57254],[105.54712,21.57284],[105.54557,21.57355]]]},"properties":{"commune_code":"08914","commune_name":"Xã Đạo Trù","commune_kind":"XA","province_code":"25","province_name":"Tỉnh Phú Thọ","area_km2":83.8,"valid_from":"16/6/2025","published":"13/07/2025","area_km2_geom":83.37920738896483,"quality_flag":null,"population":24759.0,"population_wp":25125.655505953357,"anchor_ratio":0.9854071267566937,"pop_source":"WORLDPOP2025_ANCHORED_VNSDI","pop_density_ppkm2":296.944535398364,"n_stations":0,"n_ports":0,"power_kw_site":0.0,"ports_per_10k_pop":0.0,"util_mean_port_weighted":null,"dist_station_m_pop_weighted":5148.6563977283395}},{"type":"Feature","geometry":{"type":"Polygon","coordinates":[[[105.62179,21.50027],[105.62159,21.50047],[105.61813,21.49969],[105.6108,21.49772],[105.608,21.49638],[105.60395,21.49288],[105.60056,21.49065],[105.5978,21.48899],[105.59276,21.48537],[105.58944,21.48196],[105.5874,21.48008],[105.58459,21.47894],[105.5845,21.47892],[105.58346,21.47876],[105.58323,21.47873],[105.58303,21.47875],[105.57209,21.47972],[105.5698,21.48104],[105.56516,21.47881],[105.56496,21.47664],[105.56219,21.47339],[105.56024,21.47226],[105.55284,21.46881],[105.55073,21.468],[105.54958,21.46926],[105.54723,21.47364],[105.54221,21.47932],[105.53999,21.48123],[105.53944,21.48166],[105.53847,21.48245],[105.53754,21.48336],[105.53658,21.48446],[105.53587,21.48539],[105.53505,21.4865],[105.53194,21.49078],[105.52976,21.49356],[105.52969,21.49366],[105.52961,21.49372],[105.52957,21.49373],[105.52895,21.49371],[105.52881,21.49351],[105.52837,21.49277],[105.52805,21.49213],[105.52768,21.49123],[105.52735,21.49031],[105.52706,21.48934],[105.52614,21.48565],[105.52593,21.48464],[105.52584,21.48401],[105.52578,21.48342],[105.52373,21.48111],[105.52133,21.48042],[105.52072,21.48031],[105.5194,21.48019],[105.5214,21.47635],[105.5242,21.46839],[105.52725,21.46239],[105.52889,21.45933],[105.52981,21.45784],[105.53073,21.45636],[105.53095,21.4552],[105.53191,21.45031],[105.53189,21.44463],[105.53414,21.44469],[105.53488,21.44475],[105.53529,21.44479],[105.53578,21.44485],[105.53795,21.44518],[105.53849,21.44527],[105.53895,21.44535],[105.54119,21.44574],[105.54459,21.44553],[105.54605,21.44513],[105.54765,21.44277],[105.54996,21.43752],[105.55088,21.43338],[105.55184,21.43181],[105.55645,21.43086],[105.55784,21.43065],[105.55901,21.43102],[105.5626,21.43605],[105.56371,21.43832],[105.5661,21.44243],[105.56641,21.44262],[105.56711,21.44263],[105.5703,21.44181],[105.5714,21.44157],[105.57213,21.44146],[105.57244,21.44145],[105.57306,21.44146],[105.57374,21.44158],[105.57439,21.44178],[105.57471,21.44194],[105.57537,21.44238],[105.57936,21.44303],[105.58553,21.44368],[105.58898,21.44323],[105.59203,21.44144],[105.59443,21.44093],[105.59621,21.44078],[105.59821,21.4427],[105.60048,21.44799],[105.60359,21.44976],[105.60619,21.45227],[105.60837,21.45538],[105.6182,21.46944],[105.62039,21.47073],[105.62717,21.47521],[105.6289,21.47723],[105.62978,21.47818],[105.63067,21.47898],[105.63085,21.47907],[105.6311,21.47909],[105.63124,21.47911],[105.63456,21.47904],[105.63453,21.47911],[105.63419,21.47976],[105.63387,21.4804],[105.63357,21.48104],[105.6333,21.48167],[105.63304,21.4823],[105.63279,21.48292],[105.63256,21.48353],[105.63234,21.48414],[105.63212,21.48474],[105.63198,21.48513],[105.63191,21.48534],[105.63171,21.48593],[105.6315,21.48652],[105.63129,21.4871],[105.63108,21.48768],[105.63086,21.48825],[105.63063,21.48882],[105.63039,21.48939],[105.63014,21.48996],[105.62987,21.49052],[105.62959,21.49108],[105.62928,21.49164],[105.62896,21.49219],[105.62861,21.49275],[105.62823,21.4933],[105.62783,21.49385],[105.6274,21.49441],[105.62695,21.49496],[105.62648,21.49551],[105.62599,21.49606],[105.62547,21.49662],[105.62522,21.49689],[105.62494,21.49718],[105.62439,21.49774],[105.62382,21.4983],[105.62324,21.49887],[105.62265,21.49944],[105.62205,21.50002],[105.62179,21.50027]]]},"properties":{"commune_code":"08923","commune_name":"Xã Đại Đình","commune_kind":"XA","province_code":"25","province_name":"Tỉnh Phú Thọ","area_km2":44.0,"valid_from":"16/6/2025","published":"13/07/2025","area_km2_geom":44.1501444994256,"quality_flag":null,"population":20551.0,"population_wp":20834.07166223973,"anchor_ratio":0.9864130417314069,"pop_source":"WORLDPOP2025_ANCHORED_VNSDI","pop_density_ppkm2":465.4797902250891,"n_stations":1,"n_ports":7,"power_kw_site":330.0,"ports_per_10k_pop":3.4061602841710865,"util_mean_port_weighted":0.24974644403215832,"dist_station_m_pop_weighted":3129.5074362307387}},{"type":"Feature","geometry":{"type":"Polygon","coordinates":[[[105.6601,21.30824],[105.66005,21.30824],[105.65927,21.308],[105.65855,21.30776],[105.65617,21.30626],[105.65606,21.30606],[105.65624,21.3058],[105.65632,21.30568],[105.65646,21.30541],[105.65657,21.3051],[105.65671,21.30445],[105.6569,21.30276],[105.65692,21.30256],[105.65688,21.29978],[105.65672,21.29974],[105.65647,21.29974],[105.64367,21.30025],[105.642,21.30043],[105.64098,21.30064],[105.64036,21.3009],[105.64008,21.30104],[105.63981,21.30125],[105.63892,21.29941],[105.63713,21.29729],[105.63627,21.29672],[105.63483,21.29684],[105.63415,21.29671],[105.63289,21.29626],[105.62967,21.29453],[105.62922,21.29426],[105.62471,21.28937],[105.62281,21.28751],[105.62207,21.28716],[105.6225,21.28584],[105.62501,21.27926],[105.6254,21.2772],[105.62501,21.27628],[105.62272,21.27555],[105.62695,21.27493],[105.62975,21.27373],[105.63573,21.27114],[105.63626,21.26993],[105.6374,21.26735],[105.64089,21.26263],[105.64633,21.25784],[105.64652,21.25758],[105.64712,21.25587],[105.64811,21.25282],[105.65094,21.25083],[105.65466,21.24972],[105.66334,21.25362],[105.66772,21.25594],[105.67827,21.2561],[105.68128,21.25558],[105.68312,21.25467],[105.68544,21.25415],[105.68565,21.25429],[105.68686,21.25707],[105.68888,21.25951],[105.69278,21.26116],[105.69463,21.26082],[105.69687,21.2609],[105.69794,21.26094],[105.69965,21.26125],[105.70074,21.26145],[105.70185,21.26185],[105.70232,21.26239],[105.70256,21.26463],[105.70213,21.26456],[105.69976,21.26402],[105.69884,21.26376],[105.69841,21.26376],[105.69757,21.26412],[105.69605,21.26478],[105.69593,21.26485],[105.69412,21.26641],[105.69369,21.26686],[105.68995,21.27267],[105.68909,21.27539],[105.68798,21.2777],[105.68717,21.28058],[105.6841,21.28556],[105.68425,21.28607],[105.68442,21.28681],[105.68448,21.28723],[105.6845,21.28766],[105.68447,21.28796],[105.68442,21.28824],[105.68433,21.2885],[105.68416,21.2888],[105.68395,21.28904],[105.68371,21.28926],[105.68346,21.28943],[105.679,21.29402],[105.67862,21.29446],[105.67815,21.29526],[105.67757,21.29674],[105.67762,21.29758],[105.67748,21.30036],[105.67716,21.30061],[105.67377,21.2973],[105.67354,21.2966],[105.67293,21.29535],[105.67271,21.29526],[105.672,21.29519],[105.67115,21.29578],[105.67108,21.29839],[105.6711,21.29872],[105.67125,21.29929],[105.67135,21.29957],[105.67161,21.30012],[105.67195,21.30068],[105.67237,21.30125],[105.67322,21.30559],[105.67,21.30793],[105.6682,21.30766],[105.6649,21.30602],[105.66381,21.30601],[105.66341,21.30616],[105.66304,21.30637],[105.6601,21.30824]]]},"properties":{"commune_code":"08935","commune_name":"Xã Bình Nguyên","commune_kind":"XA","province_code":"25","province_name":"Tỉnh Phú Thọ","area_km2":30.6,"valid_from":"16/6/2025","published":"13/07/2025","area_km2_geom":29.988442131713317,"quality_flag":null,"population":46425.0,"population_wp":49104.96860583499,"anchor_ratio":0.9454236774419496,"pop_source":"WORLDPOP2025_ANCHORED_VNSDI","pop_density_ppkm2":1548.0964231517958,"n_stations":4,"n_ports":36,"power_kw_site":1078.0,"ports_per_10k_pop":7.754442649434572,"util_mean_port_weighted":0.1786734204806856,"dist_station_m_pop_weighted":2100.8754290623483}},{"type":"Feature","geometry":{"type":"Polygon","coordinates":[[[105.68727,21.44271],[105.68723,21.44275],[105.68717,21.44053],[105.68769,21.43201],[105.68659,21.42547],[105.68376,21.42017],[105.68076,21.41215],[105.67921,21.40838],[105.67564,21.40131],[105.6746,21.39694],[105.67328,21.3917],[105.67208,21.39148],[105.67164,21.39137],[105.67099,21.39099],[105.67058,21.39073],[105.66967,21.38973],[105.66959,21.38945],[105.66954,21.38929],[105.66927,21.38806],[105.6689,21.38624],[105.66904,21.38371],[105.67005,21.38189],[105.67142,21.38016],[105.67274,21.37729],[105.67263,21.37576],[105.67201,21.37432],[105.67047,21.37146],[105.66862,21.3687],[105.66779,21.36765],[105.66565,21.36708],[105.66396,21.36628],[105.66222,21.36442],[105.65985,21.36108],[105.65954,21.35888],[105.65993,21.35452],[105.65958,21.34912],[105.65957,21.34887],[105.66517,21.35049],[105.66581,21.35054],[105.66943,21.34967],[105.67116,21.34896],[105.67117,21.34837],[105.67177,21.34721],[105.67293,21.34607],[105.67351,21.34555],[105.67474,21.34479],[105.67694,21.34462],[105.6779,21.34451],[105.67924,21.34401],[105.67945,21.34388],[105.6799,21.3435],[105.68036,21.34292],[105.68038,21.34289],[105.68341,21.33864],[105.68268,21.33691],[105.68196,21.3367],[105.6809,21.33631],[105.68083,21.33627],[105.68025,21.33598],[105.67996,21.3358],[105.67971,21.33558],[105.67956,21.33541],[105.67944,21.33522],[105.67933,21.33497],[105.67926,21.33471],[105.67924,21.3344],[105.67926,21.33408],[105.67936,21.33342],[105.67984,21.33138],[105.67993,21.33069],[105.67993,21.33056],[105.67992,21.32999],[105.67977,21.32894],[105.67953,21.3279],[105.67947,21.32771],[105.67942,21.32756],[105.67921,21.327],[105.67917,21.32689],[105.67886,21.32626],[105.67868,21.32596],[105.67827,21.3254],[105.67803,21.32516],[105.67763,21.32485],[105.67712,21.32457],[105.67682,21.32443],[105.67624,21.32421],[105.67377,21.32232],[105.66969,21.31594],[105.66935,21.31531],[105.66931,21.31522],[105.66905,21.31466],[105.66855,21.31333],[105.66836,21.31265],[105.66833,21.3125],[105.66829,21.31232],[105.66826,21.31198],[105.66829,21.3113],[105.66841,21.31063],[105.6686,21.30997],[105.66887,21.30934],[105.66895,21.30919],[105.66904,21.30904],[105.66922,21.30877],[105.66966,21.30826],[105.67,21.30793],[105.67322,21.30559],[105.67237,21.30125],[105.67195,21.30068],[105.67161,21.30012],[105.67135,21.29957],[105.67125,21.29929],[105.6711,21.29872],[105.67108,21.29839],[105.67115,21.29578],[105.672,21.29519],[105.67271,21.29526],[105.67293,21.29535],[105.67354,21.2966],[105.67377,21.2973],[105.67716,21.30061],[105.67748,21.30036],[105.67762,21.29758],[105.67757,21.29674],[105.67815,21.29526],[105.67862,21.29446],[105.679,21.29402],[105.68346,21.28943],[105.68371,21.28926],[105.68395,21.28904],[105.68416,21.2888],[105.68433,21.2885],[105.68442,21.28824],[105.68447,21.28796],[105.6845,21.28766],[105.68448,21.28723],[105.68442,21.28681],[105.68425,21.28607],[105.6841,21.28556],[105.68548,21.28616],[105.68815,21.28778],[105.68846,21.28807],[105.68871,21.28842],[105.6888,21.28885],[105.68874,21.28929],[105.6885,21.28981],[105.68719,21.29176],[105.68676,21.29194],[105.6849,21.29465],[105.68732,21.29923],[105.68759,21.29946],[105.68836,21.29946],[105.69442,21.29694],[105.69491,21.29717],[105.69541,21.29792],[105.69541,21.2983],[105.69506,21.30286],[105.69723,21.30602],[105.7016,21.31036],[105.70179,21.31042],[105.70165,21.31394],[105.70159,21.31426],[105.70047,21.31813],[105.6997,21.32034],[105.69915,21.32041],[105.69798,21.32059],[105.6978,21.32089],[105.69765,21.32126],[105.69756,21.32192],[105.69772,21.32436],[105.69797,21.32577],[105.70149,21.33171],[105.706,21.33781],[105.70669,21.34272],[105.70641,21.34545],[105.70631,21.34567],[105.70617,21.34585],[105.70553,21.34629],[105.70375,21.3473],[105.70373,21.34736],[105.70451,21.35309],[105.70461,21.35361],[105.70492,21.35445],[105.70568,21.3556],[105.70572,21.35566],[105.70722,21.35682],[105.70864,21.35791],[105.7103,21.35908],[105.7114,21.36062],[105.71127,21.36646],[105.70964,21.37333],[105.70964,21.37455],[105.71134,21.37721],[105.71257,21.37961],[105.71293,21.38194],[105.71268,21.3834],[105.71163,21.38438],[105.71144,21.38523],[105.71238,21.38702],[105.71591,21.39363],[105.71424,21.39938],[105.71417,21.40023],[105.71528,21.40162],[105.72668,21.41123],[105.72141,21.41611],[105.72157,21.41845],[105.72361,21.42255],[105.72522,21.42874],[105.72548,21.42974],[105.72507,21.43034],[105.72446,21.43124],[105.72384,21.43214],[105.72191,21.43285],[105.72146,21.43301],[105.71705,21.432],[105.71429,21.43047],[105.71337,21.43082],[105.71155,21.43151],[105.70845,21.43683],[105.70663,21.43958],[105.70465,21.44026],[105.70461,21.44028],[105.7045,21.44028],[105.70168,21.44046],[105.6969,21.43962],[105.69131,21.44118],[105.69067,21.44136],[105.69043,21.44145],[105.68737,21.44258],[105.68727,21.44271]]]},"properties":{"commune_code":"08944","commune_name":"Xã Bình Tuyền","commune_kind":"XA","province_code":"25","province_name":"Tỉnh Phú Thọ","area_km2":58.5,"valid_from":"16/6/2025","published":"13/07/2025","area_km2_geom":58.156713153054945,"quality_flag":null,"population":29926.0,"population_wp":27429.44278112054,"anchor_ratio":1.0910174238245125,"pop_source":"WORLDPOP2025_ANCHORED_VNSDI","pop_density_ppkm2":514.5751604159906,"n_stations":2,"n_ports":36,"power_kw_site":1132.5,"ports_per_10k_pop":12.029673193878233,"util_mean_port_weighted":0.20436066818438894,"dist_station_m_pop_weighted":3284.0199557224864}},{"type":"Feature","geometry":{"type":"Polygon","coordinates":[[[105.62577,21.384],[105.62302,21.38581],[105.62251,21.38571],[105.62217,21.38549],[105.62148,21.38504],[105.62082,21.38426],[105.62041,21.38349],[105.61844,21.37912],[105.61938,21.37603],[105.62232,21.3705],[105.62245,21.36925],[105.62183,21.36279],[105.61928,21.36107],[105.61625,21.36164],[105.61646,21.36131],[105.61766,21.35993],[105.62195,21.35661],[105.6237,21.35048],[105.62174,21.34858],[105.62019,21.34898],[105.62,21.35041],[105.61941,21.35126],[105.61864,21.35182],[105.61549,21.35279],[105.6115,21.35163],[105.61426,21.34776],[105.61737,21.34511],[105.61784,21.34399],[105.62114,21.33644],[105.62257,21.33334],[105.62629,21.33069],[105.62666,21.3266],[105.62737,21.3252],[105.62821,21.32445],[105.62821,21.32445],[105.62986,21.32393],[105.62986,21.32393],[105.63306,21.32344],[105.63306,21.32344],[105.63467,21.32274],[105.63467,21.32274],[105.63552,21.32228],[105.63591,21.32186],[105.63621,21.32014],[105.63612,21.31935],[105.63557,21.31844],[105.63456,21.31662],[105.63475,21.31335],[105.63505,21.31205],[105.63665,21.30799],[105.63707,21.3071],[105.63844,21.30559],[105.63844,21.30559],[105.63943,21.30402],[105.64016,21.30275],[105.64024,21.30187],[105.63981,21.30125],[105.64008,21.30104],[105.64036,21.3009],[105.64098,21.30064],[105.642,21.30043],[105.64367,21.30025],[105.65647,21.29974],[105.65672,21.29974],[105.65688,21.29978],[105.65692,21.30256],[105.6569,21.30276],[105.65671,21.30445],[105.65657,21.3051],[105.65646,21.30541],[105.65632,21.30568],[105.65624,21.3058],[105.65606,21.30606],[105.65617,21.30626],[105.65855,21.30776],[105.65927,21.308],[105.66005,21.30824],[105.6601,21.30824],[105.66304,21.30637],[105.66341,21.30616],[105.66381,21.30601],[105.6649,21.30602],[105.6682,21.30766],[105.67,21.30793],[105.66966,21.30826],[105.66922,21.30877],[105.66904,21.30904],[105.66895,21.30919],[105.66887,21.30934],[105.6686,21.30997],[105.66841,21.31063],[105.66829,21.3113],[105.66826,21.31198],[105.66829,21.31232],[105.66833,21.3125],[105.66836,21.31265],[105.66855,21.31333],[105.66905,21.31466],[105.66931,21.31522],[105.66935,21.31531],[105.66969,21.31594],[105.67377,21.32232],[105.67624,21.32421],[105.67682,21.32443],[105.67712,21.32457],[105.67763,21.32485],[105.67803,21.32516],[105.67827,21.3254],[105.67868,21.32596],[105.67886,21.32626],[105.67917,21.32689],[105.67921,21.327],[105.67942,21.32756],[105.67947,21.32771],[105.67953,21.3279],[105.67977,21.32894],[105.67992,21.32999],[105.67993,21.33056],[105.67993,21.33069],[105.67984,21.33138],[105.67936,21.33342],[105.67926,21.33408],[105.67924,21.3344],[105.67926,21.33471],[105.67933,21.33497],[105.67944,21.33522],[105.67956,21.33541],[105.67971,21.33558],[105.67996,21.3358],[105.68025,21.33598],[105.68083,21.33627],[105.6809,21.33631],[105.68196,21.3367],[105.68268,21.33691],[105.68341,21.33864],[105.68038,21.34289],[105.68036,21.34292],[105.6799,21.3435],[105.67945,21.34388],[105.67924,21.34401],[105.6779,21.34451],[105.67694,21.34462],[105.67474,21.34479],[105.67351,21.34555],[105.67293,21.34607],[105.67177,21.34721],[105.67117,21.34837],[105.67116,21.34896],[105.66943,21.34967],[105.66581,21.35054],[105.66517,21.35049],[105.65957,21.34887],[105.65578,21.34699],[105.64805,21.34409],[105.64765,21.34399],[105.64684,21.3438],[105.64572,21.34417],[105.64571,21.34591],[105.64407,21.35001],[105.64099,21.3515],[105.63901,21.3528],[105.63838,21.35918],[105.63618,21.36079],[105.63376,21.3618],[105.63144,21.36282],[105.62967,21.36462],[105.62921,21.36611],[105.62945,21.37478],[105.62967,21.37703],[105.63146,21.37889],[105.62921,21.3827],[105.62743,21.38397],[105.62577,21.384]]]},"properties":{"commune_code":"08950","commune_name":"Xã Bình Xuyên","commune_kind":"XA","province_code":"25","province_name":"Tỉnh Phú Thọ","area_km2":29.5,"valid_from":"16/6/2025","published":"13/07/2025","area_km2_geom":29.519468107266047,"quality_flag":null,"population":32534.0,"population_wp":27647.48668569699,"anchor_ratio":1.176743491003505,"pop_source":"WORLDPOP2025_ANCHORED_VNSDI","pop_density_ppkm2":1102.1201290544914,"n_stations":2,"n_ports":8,"power_kw_site":420.0,"ports_per_10k_pop":2.4589660047949837,"util_mean_port_weighted":0.34278991158386934,"dist_station_m_pop_weighted":2938.962432451255}},{"type":"Feature","geometry":{"type":"Polygon","coordinates":[[[105.62695,21.27493],[105.62272,21.27555],[105.62069,21.2751],[105.61999,21.27472],[105.61942,21.27411],[105.61955,21.27099],[105.61748,21.26857],[105.61409,21.2658],[105.61405,21.26433],[105.61234,21.26262],[105.60642,21.25694],[105.60443,21.25462],[105.60716,21.24902],[105.60511,21.24674],[105.60275,21.24409],[105.60409,21.23715],[105.6012,21.22758],[105.60119,21.22754],[105.60354,21.22656],[105.6077,21.22489],[105.60994,21.22411],[105.61135,21.22362],[105.61433,21.22746],[105.62092,21.23207],[105.63,21.23408],[105.63013,21.23381],[105.63208,21.22995],[105.63643,21.22613],[105.63477,21.22423],[105.63325,21.22485],[105.62961,21.22472],[105.62937,21.22142],[105.63249,21.21865],[105.63578,21.21623],[105.63576,21.21628],[105.63598,21.21743],[105.63685,21.21772],[105.63842,21.21767],[105.6411,21.21702],[105.64205,21.21649],[105.64356,21.21565],[105.64822,21.21656],[105.65526,21.21864],[105.65863,21.22074],[105.659,21.22097],[105.65887,21.22347],[105.65886,21.22365],[105.65546,21.22686],[105.65464,21.22732],[105.65416,21.22725],[105.65322,21.22657],[105.65084,21.22602],[105.64568,21.22688],[105.64389,21.2315],[105.64447,21.23466],[105.64704,21.2367],[105.64902,21.23729],[105.65125,21.23792],[105.65235,21.23816],[105.65309,21.23771],[105.65353,21.23728],[105.65368,21.23713],[105.65523,21.2356],[105.6555,21.23533],[105.65686,21.23466],[105.65918,21.23457],[105.66186,21.23511],[105.66368,21.23645],[105.66411,21.2369],[105.6656,21.23846],[105.66562,21.23848],[105.6664,21.23917],[105.66732,21.23884],[105.66841,21.23489],[105.669,21.23377],[105.6691,21.23358],[105.67002,21.23325],[105.67149,21.23332],[105.67354,21.23195],[105.67286,21.2311],[105.67293,21.22995],[105.67362,21.22899],[105.67565,21.22763],[105.67694,21.22765],[105.67821,21.2284],[105.67941,21.23054],[105.6796,21.23094],[105.68096,21.23381],[105.68293,21.23483],[105.68486,21.23524],[105.68658,21.23497],[105.68691,21.23492],[105.68792,21.23433],[105.68804,21.23425],[105.6883,21.23355],[105.6881,21.23279],[105.68714,21.23215],[105.6864,21.23202],[105.68553,21.23042],[105.68757,21.23044],[105.69066,21.23176],[105.69368,21.23528],[105.69438,21.23667],[105.69375,21.23777],[105.69191,21.23848],[105.6917,21.23856],[105.69108,21.23866],[105.68578,21.2395],[105.68174,21.24075],[105.68066,21.24203],[105.68064,21.24308],[105.68104,21.24365],[105.6817,21.24404],[105.68213,21.24413],[105.68256,21.24411],[105.68472,21.24644],[105.68537,21.24714],[105.6854,21.24719],[105.6875,21.25114],[105.68789,21.25214],[105.68777,21.25376],[105.68686,21.25707],[105.68565,21.25429],[105.68544,21.25415],[105.68312,21.25467],[105.68128,21.25558],[105.67827,21.2561],[105.66772,21.25594],[105.66334,21.25362],[105.65466,21.24972],[105.65094,21.25083],[105.64811,21.25282],[105.64712,21.25587],[105.64652,21.25758],[105.64633,21.25784],[105.64089,21.26263],[105.6374,21.26735],[105.63626,21.26993],[105.63573,21.27114],[105.62975,21.27373],[105.62695,21.27493]]]},"properties":{"commune_code":"08971","commune_name":"Xã Xuân Lãng","commune_kind":"XA","province_code":"25","province_name":"Tỉnh Phú Thọ","area_km2":29.9,"valid_from":"16/6/2025","published":"13/07/2025","area_km2_geom":30.609290172537513,"quality_flag":null,"population":48186.00000000001,"population_wp":45214.27045683749,"anchor_ratio":1.0657254781098235,"pop_source":"WORLDPOP2025_ANCHORED_VNSDI","pop_density_ppkm2":1574.2279461035075,"n_stations":4,"n_ports":32,"power_kw_site":1394.0,"ports_per_10k_pop":6.640933051093677,"util_mean_port_weighted":0.20201087831424336,"dist_station_m_pop_weighted":1838.7839717676798}},{"type":"Feature","geometry":{"type":"Polygon","coordinates":[[[105.58771,21.2848],[105.58842,21.28551],[105.58702,21.28452],[105.58487,21.27981],[105.58463,21.27982],[105.58439,21.27983],[105.58394,21.27985],[105.58232,21.27991],[105.58203,21.27992],[105.58202,21.28049],[105.58212,21.28075],[105.58215,21.28078],[105.5822,21.28081],[105.58223,21.28083],[105.5823,21.28086],[105.58235,21.28088],[105.58239,21.28091],[105.58242,21.28094],[105.58249,21.28103],[105.58259,21.28119],[105.58261,21.28122],[105.58128,21.28493],[105.58041,21.2849],[105.57852,21.28422],[105.57829,21.28407],[105.57344,21.28218],[105.57327,21.28224],[105.57236,21.28247],[105.57017,21.28254],[105.56931,21.28245],[105.56894,21.28218],[105.56858,21.28156],[105.56577,21.27642],[105.56401,21.27445],[105.56532,21.27404],[105.56723,21.27337],[105.56892,21.27275],[105.56901,21.27191],[105.56897,21.27133],[105.56829,21.269],[105.56794,21.26822],[105.56554,21.26772],[105.56475,21.26791],[105.56401,21.26603],[105.5635,21.26465],[105.5635,21.26464],[105.56346,21.26452],[105.56343,21.2643],[105.56452,21.26292],[105.5659,21.26128],[105.56896,21.2577],[105.57037,21.25753],[105.57422,21.25754],[105.57632,21.25623],[105.57921,21.25395],[105.58041,21.25283],[105.58079,21.25173],[105.58088,21.25088],[105.58,21.24932],[105.57999,21.24932],[105.57985,21.24932],[105.57302,21.24328],[105.56658,21.23731],[105.56391,21.23688],[105.56388,21.23673],[105.56386,21.23663],[105.56386,21.23655],[105.56388,21.23649],[105.56394,21.23641],[105.56557,21.23474],[105.56797,21.23268],[105.56864,21.23211],[105.56928,21.23163],[105.57157,21.23038],[105.57381,21.22917],[105.57667,21.22768],[105.57715,21.22744],[105.57935,21.2273],[105.5848,21.22785],[105.58906,21.22956],[105.58918,21.22977],[105.58932,21.22992],[105.58938,21.22998],[105.58961,21.23011],[105.58987,21.23024],[105.59129,21.22878],[105.59126,21.22726],[105.59512,21.22806],[105.59746,21.22844],[105.59811,21.22837],[105.59885,21.22824],[105.60047,21.22779],[105.60107,21.22762],[105.6012,21.22758],[105.60409,21.23715],[105.60275,21.24409],[105.60511,21.24674],[105.60716,21.24902],[105.60443,21.25462],[105.60642,21.25694],[105.61234,21.26262],[105.61405,21.26433],[105.61409,21.2658],[105.61221,21.26614],[105.609,21.2673],[105.6084,21.26758],[105.60546,21.26939],[105.60508,21.26972],[105.60505,21.27021],[105.60504,21.27102],[105.60512,21.27133],[105.60593,21.27302],[105.60492,21.27493],[105.60455,21.27542],[105.60076,21.28008],[105.59284,21.27949],[105.58876,21.28078],[105.58876,21.28079],[105.58818,21.28121],[105.58779,21.28229],[105.58754,21.28348],[105.58771,21.2848]]]},"properties":{"commune_code":"09025","commune_name":"Xã Yên Lạc","commune_kind":"XA","province_code":"25","province_name":"Tỉnh Phú Thọ","area_km2":21.7,"valid_from":"16/6/2025","published":"13/07/2025","area_km2_geom":21.61315216176692,"quality_flag":null,"population":39730.0,"population_wp":35205.4076298587,"anchor_ratio":1.128519812004786,"pop_source":"WORLDPOP2025_ANCHORED_VNSDI","pop_density_ppkm2":1838.2325587047544,"n_stations":3,"n_ports":20,"power_kw_site":610.5,"ports_per_10k_pop":5.033979360684621,"util_mean_port_weighted":0.21278131224685254,"dist_station_m_pop_weighted":1576.2105902406886}},{"type":"Feature","geometry":{"type":"Polygon","coordinates":[[[105.53556,21.28407],[105.53506,21.28502],[105.53467,21.28398],[105.52916,21.2793],[105.52516,21.27523],[105.52363,21.27323],[105.52331,21.2718],[105.52353,21.27099],[105.5257,21.26087],[105.5282,21.25815],[105.52909,21.25773],[105.53272,21.25602],[105.53313,21.25639],[105.53407,21.25725],[105.53413,21.25731],[105.53682,21.25588],[105.54079,21.25298],[105.54196,21.25142],[105.54004,21.24915],[105.53977,21.24887],[105.53919,21.24826],[105.53906,21.24796],[105.53883,21.24737],[105.53876,21.24695],[105.53873,21.24675],[105.5387,21.24659],[105.53873,21.24627],[105.53885,21.24587],[105.53893,21.24567],[105.5392,21.24501],[105.54016,21.2427],[105.54201,21.23981],[105.54251,21.23949],[105.54299,21.23918],[105.54311,21.2391],[105.5443,21.23834],[105.54534,21.23721],[105.54677,21.23567],[105.54959,21.23595],[105.55449,21.23719],[105.56109,21.23884],[105.56391,21.23688],[105.56658,21.23731],[105.57302,21.24328],[105.57985,21.24932],[105.57999,21.24932],[105.58,21.24932],[105.58088,21.25088],[105.58079,21.25173],[105.58041,21.25283],[105.57921,21.25395],[105.57632,21.25623],[105.57422,21.25754],[105.57037,21.25753],[105.56896,21.2577],[105.5659,21.26128],[105.56452,21.26292],[105.56343,21.2643],[105.56346,21.26452],[105.5635,21.26464],[105.5635,21.26465],[105.56401,21.26603],[105.56475,21.26791],[105.56554,21.26772],[105.56794,21.26822],[105.56829,21.269],[105.56897,21.27133],[105.56901,21.27191],[105.56892,21.27275],[105.56723,21.27337],[105.56532,21.27404],[105.56401,21.27445],[105.56201,21.27454],[105.56022,21.27354],[105.55723,21.2741],[105.55306,21.27503],[105.55183,21.27485],[105.55169,21.27483],[105.55129,21.27498],[105.55092,21.27522],[105.55076,21.27541],[105.55032,21.27595],[105.55005,21.27659],[105.54969,21.27743],[105.54261,21.28211],[105.54029,21.28314],[105.54025,21.28316],[105.5381,21.28303],[105.53774,21.28301],[105.53771,21.283],[105.53689,21.28303],[105.53631,21.28331],[105.53587,21.28353],[105.53584,21.28354],[105.53556,21.28407]]]},"properties":{"commune_code":"09040","commune_name":"Xã Tề Lỗ","commune_kind":"XA","province_code":"25","province_name":"Tỉnh Phú Thọ","area_km2":18.3,"valid_from":"16/6/2025","published":"13/07/2025","area_km2_geom":18.17697265495989,"quality_flag":null,"population":37232.0,"population_wp":35415.046041198075,"anchor_ratio":1.0513045770627625,"pop_source":"WORLDPOP2025_ANCHORED_VNSDI","pop_density_ppkm2":2048.305881663998,"n_stations":2,"n_ports":4,"power_kw_site":64.5,"ports_per_10k_pop":1.0743446497636442,"util_mean_port_weighted":0.10804429945054944,"dist_station_m_pop_weighted":1777.828846855323}},{"type":"Feature","geometry":{"type":"Polygon","coordinates":[[[105.56391,21.23688],[105.56109,21.23884],[105.55449,21.23719],[105.54959,21.23595],[105.54677,21.23567],[105.54678,21.23566],[105.54437,21.22744],[105.53975,21.21989],[105.53922,21.21904],[105.53864,21.2159],[105.53801,21.21202],[105.53953,21.20882],[105.53965,21.20857],[105.54109,21.20553],[105.54207,21.19931],[105.54509,21.19373],[105.54575,21.19395],[105.54621,21.19411],[105.54992,21.19535],[105.54999,21.19537],[105.5543,21.19471],[105.55717,21.19245],[105.55965,21.19244],[105.56224,21.19392],[105.56227,21.19395],[105.56331,21.19537],[105.56379,21.19602],[105.56446,21.19693],[105.56572,21.19949],[105.57401,21.20153],[105.57803,21.1996],[105.58422,21.19752],[105.58647,21.19955],[105.58679,21.19984],[105.58693,21.19992],[105.58697,21.19993],[105.58745,21.20007],[105.59105,21.20105],[105.59158,21.20114],[105.59219,21.20117],[105.59426,21.20112],[105.59453,21.20111],[105.59474,21.20111],[105.59552,21.20111],[105.59595,21.20111],[105.5963,21.20112],[105.5975,21.20112],[105.59791,21.20115],[105.59827,21.20116],[105.59864,21.20121],[105.60008,21.2014],[105.60023,21.20142],[105.60141,21.2016],[105.60245,21.20177],[105.60684,21.20517],[105.60698,21.20626],[105.60611,21.20843],[105.60005,21.21407],[105.59673,21.21836],[105.59246,21.22175],[105.59126,21.22469],[105.59126,21.2258],[105.59126,21.22611],[105.59126,21.22726],[105.59129,21.22878],[105.58987,21.23024],[105.58961,21.23011],[105.58938,21.22998],[105.58932,21.22992],[105.58918,21.22977],[105.58906,21.22956],[105.5848,21.22785],[105.57935,21.2273],[105.57715,21.22744],[105.57667,21.22768],[105.57381,21.22917],[105.57157,21.23038],[105.56928,21.23163],[105.56864,21.23211],[105.56797,21.23268],[105.56557,21.23474],[105.56394,21.23641],[105.56388,21.23649],[105.56386,21.23655],[105.56386,21.23663],[105.56388,21.23673],[105.56391,21.23688]]]},"properties":{"commune_code":"09043","commune_name":"Xã Tam Hồng","commune_kind":"XA","province_code":"25","province_name":"Tỉnh Phú Thọ","area_km2":22.6,"valid_from":"16/6/2025","published":"13/07/2025","area_km2_geom":22.67915205158754,"quality_flag":null,"population":40224.0,"population_wp":37671.84270901233,"anchor_ratio":1.0677470786523833,"pop_source":"WORLDPOP2025_ANCHORED_VNSDI","pop_density_ppkm2":1773.6112844300244,"n_stations":3,"n_ports":13,"power_kw_site":427.0,"ports_per_10k_pop":3.231901352426412,"util_mean_port_weighted":0.27875721579509255,"dist_station_m_pop_weighted":1899.3155232527627}},{"type":"Feature","geometry":{"type":"Polygon","coordinates":[[[105.63013,21.23381],[105.63,21.23408],[105.62092,21.23207],[105.61433,21.22746],[105.61135,21.22362],[105.60994,21.22411],[105.6077,21.22489],[105.60354,21.22656],[105.60119,21.22754],[105.6012,21.22758],[105.60107,21.22762],[105.60047,21.22779],[105.59885,21.22824],[105.59811,21.22837],[105.59746,21.22844],[105.59512,21.22806],[105.59126,21.22726],[105.59126,21.22611],[105.59126,21.2258],[105.59126,21.22469],[105.59246,21.22175],[105.59673,21.21836],[105.60005,21.21407],[105.60611,21.20843],[105.60698,21.20626],[105.60684,21.20517],[105.60245,21.20177],[105.60141,21.2016],[105.60023,21.20142],[105.60008,21.2014],[105.59864,21.20121],[105.59827,21.20116],[105.59791,21.20115],[105.5975,21.20112],[105.5963,21.20112],[105.59595,21.20111],[105.59552,21.20111],[105.59474,21.20111],[105.59453,21.20111],[105.59426,21.20112],[105.59219,21.20117],[105.59158,21.20114],[105.59105,21.20105],[105.58745,21.20007],[105.58697,21.19993],[105.58693,21.19992],[105.58679,21.19984],[105.58647,21.19955],[105.58422,21.19752],[105.58443,21.1973],[105.5846,21.19704],[105.58474,21.19679],[105.585,21.1963],[105.58513,21.19605],[105.58525,21.1958],[105.58612,21.19387],[105.58632,21.19341],[105.57805,21.18283],[105.57504,21.18271],[105.57372,21.18322],[105.57359,21.18304],[105.57349,21.18288],[105.57337,21.18264],[105.57282,21.18076],[105.57264,21.17953],[105.57195,21.1715],[105.57091,21.16144],[105.57799,21.16501],[105.62372,21.17226],[105.62599,21.17032],[105.6261,21.1703],[105.62691,21.17012],[105.62866,21.16974],[105.62593,21.17629],[105.62486,21.17886],[105.6246,21.17992],[105.62432,21.18105],[105.62432,21.18105],[105.62505,21.18157],[105.62663,21.18144],[105.62802,21.18093],[105.62944,21.18042],[105.63107,21.18044],[105.63137,21.18116],[105.63133,21.18223],[105.63073,21.18373],[105.62928,21.18496],[105.62485,21.1895],[105.62163,21.19869],[105.61586,21.20338],[105.61485,21.2038],[105.61438,21.20586],[105.6146,21.20635],[105.61487,21.20695],[105.61494,21.20709],[105.6151,21.20728],[105.61596,21.20821],[105.61604,21.2083],[105.61677,21.20828],[105.61754,21.20784],[105.62289,21.20748],[105.62466,21.20893],[105.62597,21.2098],[105.62725,21.21066],[105.62855,21.21109],[105.6297,21.21054],[105.62972,21.21051],[105.63026,21.20968],[105.63093,21.20918],[105.63161,21.20873],[105.63186,21.20856],[105.6334,21.20821],[105.63857,21.2072],[105.63923,21.20711],[105.63954,21.20807],[105.6396,21.20826],[105.63937,21.21155],[105.63867,21.21276],[105.63862,21.21281],[105.63651,21.21464],[105.63578,21.21623],[105.63249,21.21865],[105.62937,21.22142],[105.62961,21.22472],[105.63325,21.22485],[105.63477,21.22423],[105.63643,21.22613],[105.63208,21.22995],[105.63013,21.23381]]]},"properties":{"commune_code":"09052","commune_name":"Xã Nguyệt Đức","commune_kind":"XA","province_code":"25","province_name":"Tỉnh Phú Thọ","area_km2":19.0,"valid_from":"16/6/2025","published":"13/07/2025","area_km2_geom":27.570137007565936,"quality_flag":"DIENTICH_LECH_HINH_HOC","population":34166.0,"population_wp":37612.48643620685,"anchor_ratio":0.9083685562226176,"pop_source":"WORLDPOP2025_ANCHORED_VNSDI","pop_density_ppkm2":1239.2393984340372,"n_stations":2,"n_ports":20,"power_kw_site":504.5,"ports_per_10k_pop":5.853772756541591,"util_mean_port_weighted":0.09722285876672945,"dist_station_m_pop_weighted":2274.728543393032}},{"type":"Feature","geometry":{"type":"Polygon","coordinates":[[[105.57803,21.1996],[105.57401,21.20153],[105.56572,21.19949],[105.56446,21.19693],[105.56379,21.19602],[105.56331,21.19537],[105.56227,21.19395],[105.56224,21.19392],[105.55965,21.19244],[105.55717,21.19245],[105.5543,21.19471],[105.54999,21.19537],[105.54992,21.19535],[105.54621,21.19411],[105.54575,21.19395],[105.54509,21.19373],[105.54509,21.19373],[105.53698,21.1901],[105.53698,21.1901],[105.53756,21.18821],[105.53797,21.18478],[105.5349,21.18445],[105.53329,21.18449],[105.53164,21.18482],[105.53114,21.18526],[105.5306,21.18495],[105.52902,21.18386],[105.53223,21.17763],[105.53289,21.17646],[105.53741,21.16798],[105.53761,21.15653],[105.56921,21.16058],[105.57091,21.16144],[105.57195,21.1715],[105.57264,21.17953],[105.57282,21.18076],[105.57337,21.18264],[105.57349,21.18288],[105.57359,21.18304],[105.57372,21.18322],[105.57504,21.18271],[105.57805,21.18283],[105.58632,21.19341],[105.58612,21.19387],[105.58525,21.1958],[105.58513,21.19605],[105.585,21.1963],[105.58474,21.19679],[105.5846,21.19704],[105.58443,21.1973],[105.58422,21.19752],[105.57803,21.1996]]]},"properties":{"commune_code":"09064","commune_name":"Xã Liên Châu","commune_kind":"XA","province_code":"25","province_name":"Tỉnh Phú Thọ","area_km2":26.0,"valid_from":"16/6/2025","published":"13/07/2025","area_km2_geom":17.350088660774496,"quality_flag":"DIENTICH_LECH_HINH_HOC","population":35029.0,"population_wp":16804.958199780434,"anchor_ratio":2.0844443397935777,"pop_source":"WORLDPOP2025_ANCHORED_VNSDI","pop_density_ppkm2":2018.9522189125419,"n_stations":3,"n_ports":20,"power_kw_site":301.0,"ports_per_10k_pop":5.709554940192412,"util_mean_port_weighted":0.0887192520284398,"dist_station_m_pop_weighted":1564.876914076624}},{"type":"Feature","geometry":{"type":"Polygon","coordinates":[[[105.5282,21.25815],[105.5257,21.26087],[105.52557,21.26057],[105.52503,21.25993],[105.52456,21.25959],[105.51702,21.25891],[105.51316,21.25841],[105.51362,21.25815],[105.51362,21.25815],[105.51306,21.25532],[105.51151,21.25239],[105.51006,21.24768],[105.51006,21.24768],[105.51099,21.24718],[105.50952,21.24343],[105.50918,21.24304],[105.5089,21.24271],[105.50742,21.24098],[105.50465,21.23755],[105.50084,21.23416],[105.49733,21.23118],[105.49652,21.2315],[105.49629,21.23157],[105.4949,21.23077],[105.49371,21.22776],[105.49319,21.22644],[105.49285,21.22414],[105.49293,21.22288],[105.49295,21.22265],[105.49441,21.22125],[105.49638,21.2202],[105.50004,21.21918],[105.5007,21.21898],[105.50096,21.21814],[105.50078,21.21758],[105.50069,21.21744],[105.49941,21.2167],[105.4986,21.21698],[105.49825,21.21738],[105.49729,21.21762],[105.49698,21.21769],[105.49667,21.21777],[105.49499,21.21758],[105.49428,21.21536],[105.49445,21.21466],[105.49621,21.21415],[105.49783,21.21374],[105.50008,21.21328],[105.50086,21.2129],[105.5014,21.21263],[105.50142,21.21212],[105.50118,21.20986],[105.50096,21.20789],[105.49816,21.20532],[105.49722,21.2019],[105.49823,21.19895],[105.49741,21.19701],[105.49648,21.19673],[105.49818,21.19559],[105.49964,21.19478],[105.50006,21.19457],[105.50049,21.19444],[105.50049,21.19444],[105.50053,21.19443],[105.50083,21.19441],[105.50083,21.19441],[105.50111,21.19477],[105.50105,21.19488],[105.50096,21.19511],[105.50096,21.19511],[105.50919,21.19779],[105.5189,21.19978],[105.52255,21.19942],[105.52907,21.1988],[105.53121,21.20108],[105.53249,21.20241],[105.53469,21.20439],[105.5347,21.20439],[105.53566,21.20522],[105.53713,21.20649],[105.53841,21.20756],[105.53965,21.20857],[105.53953,21.20882],[105.53801,21.21202],[105.53864,21.2159],[105.53922,21.21904],[105.53975,21.21989],[105.54437,21.22744],[105.54678,21.23566],[105.54677,21.23567],[105.54534,21.23721],[105.5443,21.23834],[105.54311,21.2391],[105.54299,21.23918],[105.54251,21.23949],[105.54201,21.23981],[105.54016,21.2427],[105.5392,21.24501],[105.53893,21.24567],[105.53885,21.24587],[105.53873,21.24627],[105.5387,21.24659],[105.53873,21.24675],[105.53876,21.24695],[105.53883,21.24737],[105.53906,21.24796],[105.53919,21.24826],[105.53977,21.24887],[105.54004,21.24915],[105.54196,21.25142],[105.54079,21.25298],[105.53682,21.25588],[105.53413,21.25731],[105.53407,21.25725],[105.53313,21.25639],[105.53272,21.25602],[105.52909,21.25773],[105.5282,21.25815]]]},"properties":{"commune_code":"09076","commune_name":"Xã Vĩnh Tường","commune_kind":"XA","province_code":"25","province_name":"Tỉnh Phú Thọ","area_km2":26.2,"valid_from":"16/6/2025","published":"13/07/2025","area_km2_geom":26.253997507503552,"quality_flag":null,"population":47315.0,"population_wp":43996.07377211377,"anchor_ratio":1.0754368729600112,"pop_source":"WORLDPOP2025_ANCHORED_VNSDI","pop_density_ppkm2":1802.2017403817108,"n_stations":4,"n_ports":62,"power_kw_site":1815.5,"ports_per_10k_pop":13.103666913241044,"util_mean_port_weighted":0.14777873996530336,"dist_station_m_pop_weighted":1726.1571258485274}},{"type":"Feature","geometry":{"type":"Polygon","coordinates":[[[105.50327,21.34418],[105.50309,21.34421],[105.50262,21.34105],[105.50101,21.33851],[105.49838,21.33753],[105.49431,21.33689],[105.49287,21.33555],[105.49238,21.33316],[105.49244,21.33261],[105.49269,21.33017],[105.49252,21.32733],[105.49156,21.32584],[105.48581,21.32376],[105.48508,21.32337],[105.48246,21.32198],[105.48144,21.31767],[105.48161,21.31262],[105.48058,21.30834],[105.48335,21.30829],[105.48463,21.30806],[105.48972,21.30695],[105.4916,21.30748],[105.49303,21.30976],[105.49304,21.30978],[105.49308,21.30979],[105.49581,21.30896],[105.50137,21.30497],[105.50189,21.30002],[105.50113,21.29951],[105.49981,21.29819],[105.49907,21.29721],[105.49922,21.2951],[105.49923,21.29504],[105.50282,21.29051],[105.50754,21.28768],[105.51397,21.28214],[105.51756,21.27664],[105.51943,21.27448],[105.52324,21.27189],[105.52353,21.27099],[105.52331,21.2718],[105.52363,21.27323],[105.52516,21.27523],[105.52916,21.2793],[105.53467,21.28398],[105.53506,21.28502],[105.53434,21.28598],[105.53238,21.2896],[105.53137,21.29531],[105.53371,21.29599],[105.53555,21.29795],[105.53714,21.30465],[105.53353,21.30895],[105.53761,21.31235],[105.53591,21.31446],[105.53584,21.31695],[105.53073,21.31912],[105.52907,21.3191],[105.52736,21.31909],[105.52581,21.31907],[105.52579,21.31907],[105.52264,21.31886],[105.52141,21.31878],[105.52118,21.31868],[105.51974,21.31806],[105.51939,21.31791],[105.51586,21.31877],[105.51437,21.31914],[105.51423,21.31917],[105.51216,21.32209],[105.51155,21.32294],[105.51118,21.32382],[105.51095,21.32438],[105.51062,21.32519],[105.51128,21.32646],[105.51133,21.32649],[105.51176,21.3268],[105.51178,21.32682],[105.51211,21.3274],[105.51228,21.32772],[105.51227,21.32776],[105.51223,21.32812],[105.51219,21.32849],[105.51208,21.32897],[105.51204,21.32917],[105.51179,21.32973],[105.51158,21.32992],[105.51078,21.33048],[105.50952,21.33111],[105.50885,21.33145],[105.50706,21.33215],[105.50509,21.33222],[105.50468,21.33219],[105.50426,21.33216],[105.50415,21.33221],[105.50399,21.33227],[105.50364,21.33248],[105.50299,21.33302],[105.50255,21.33355],[105.50235,21.33395],[105.50234,21.33419],[105.5024,21.33448],[105.50275,21.33517],[105.50352,21.33656],[105.50474,21.33808],[105.50508,21.33851],[105.50675,21.33924],[105.50742,21.33986],[105.50746,21.34042],[105.50739,21.3406],[105.50718,21.34114],[105.50718,21.34115],[105.50567,21.34251],[105.50437,21.34355],[105.50327,21.34418]]]},"properties":{"commune_code":"09079","commune_name":"Xã Vĩnh An","commune_kind":"XA","province_code":"25","province_name":"Tỉnh Phú Thọ","area_km2":21.4,"valid_from":"16/6/2025","published":"13/07/2025","area_km2_geom":21.472388554895925,"quality_flag":null,"population":32883.0,"population_wp":31996.688815895468,"anchor_ratio":1.027700090756398,"pop_source":"WORLDPOP2025_ANCHORED_VNSDI","pop_density_ppkm2":1531.4085769234246,"n_stations":0,"n_ports":0,"power_kw_site":0.0,"ports_per_10k_pop":0.0,"util_mean_port_weighted":null,"dist_station_m_pop_weighted":2550.09302040564}},{"type":"Feature","geometry":{"type":"Polygon","coordinates":[[[105.49581,21.30896],[105.49308,21.30979],[105.49304,21.30978],[105.49303,21.30976],[105.4916,21.30748],[105.48972,21.30695],[105.48463,21.30806],[105.48335,21.30829],[105.48058,21.30834],[105.47961,21.30353],[105.47895,21.30028],[105.47808,21.29879],[105.47638,21.29807],[105.47401,21.29745],[105.47295,21.29748],[105.47116,21.29308],[105.47094,21.29012],[105.46937,21.28588],[105.4682,21.28357],[105.4689,21.28189],[105.47135,21.27829],[105.47197,21.27772],[105.47441,21.27774],[105.48418,21.27564],[105.48452,21.27547],[105.48457,21.27544],[105.48532,21.27344],[105.4866,21.26907],[105.48943,21.26953],[105.494,21.26549],[105.49863,21.26357],[105.50259,21.26078],[105.50286,21.25985],[105.50424,21.2582],[105.50504,21.25739],[105.50719,21.25727],[105.51235,21.25806],[105.51316,21.25841],[105.51702,21.25891],[105.52456,21.25959],[105.52503,21.25993],[105.52557,21.26057],[105.5257,21.26087],[105.52353,21.27099],[105.52324,21.27189],[105.51943,21.27448],[105.51756,21.27664],[105.51397,21.28214],[105.50754,21.28768],[105.50282,21.29051],[105.49923,21.29504],[105.49922,21.2951],[105.49907,21.29721],[105.49981,21.29819],[105.50113,21.29951],[105.50189,21.30002],[105.50137,21.30497],[105.49581,21.30896]]]},"properties":{"commune_code":"09100","commune_name":"Xã Vĩnh Hưng","commune_kind":"XA","province_code":"25","province_name":"Tỉnh Phú Thọ","area_km2":18.7,"valid_from":"16/6/2025","published":"13/07/2025","area_km2_geom":17.957266244940232,"quality_flag":null,"population":38821.0,"population_wp":33661.87213041261,"anchor_ratio":1.153263248389749,"pop_source":"WORLDPOP2025_ANCHORED_VNSDI","pop_density_ppkm2":2161.8546760110817,"n_stations":6,"n_ports":29,"power_kw_site":651.5,"ports_per_10k_pop":7.470183663481105,"util_mean_port_weighted":0.13715572917570715,"dist_station_m_pop_weighted":1297.523988759185}},{"type":"Feature","geometry":{"type":"Polygon","coordinates":[[[105.45501,21.29936],[105.45185,21.29992],[105.45341,21.29055],[105.45434,21.2888],[105.45477,21.28747],[105.4548,21.28678],[105.4546,21.27591],[105.45287,21.269],[105.45133,21.26296],[105.44709,21.26297],[105.44525,21.26297],[105.44743,21.25184],[105.44603,21.24374],[105.44649,21.24353],[105.45082,21.24162],[105.45392,21.23684],[105.45538,21.23458],[105.45971,21.22967],[105.46159,21.22568],[105.4617,21.22533],[105.46177,21.22544],[105.46315,21.22739],[105.46481,21.22841],[105.46508,21.22844],[105.46596,21.22865],[105.46747,21.22936],[105.46774,21.22953],[105.46852,21.23004],[105.46809,21.23077],[105.46881,21.23325],[105.4703,21.23926],[105.47711,21.24389],[105.47874,21.24453],[105.47832,21.24622],[105.47827,21.24638],[105.47821,21.24654],[105.47807,21.24695],[105.47798,21.24723],[105.47767,21.24813],[105.47624,21.25132],[105.47624,21.25132],[105.47407,21.25416],[105.47353,21.25393],[105.47244,21.25342],[105.47197,21.25395],[105.47123,21.2548],[105.47107,21.25509],[105.47107,21.25509],[105.47379,21.25662],[105.47379,21.25662],[105.47631,21.25755],[105.47966,21.25877],[105.48076,21.26147],[105.48079,21.26148],[105.48395,21.26349],[105.48516,21.26364],[105.48593,21.26369],[105.4866,21.26907],[105.48532,21.27344],[105.48457,21.27544],[105.48452,21.27547],[105.48418,21.27564],[105.47441,21.27774],[105.47197,21.27772],[105.47135,21.27829],[105.4689,21.28189],[105.4682,21.28357],[105.46937,21.28588],[105.47094,21.29012],[105.47116,21.29308],[105.47295,21.29748],[105.46879,21.2976],[105.46506,21.29776],[105.46052,21.29844],[105.45501,21.29936]]]},"properties":{"commune_code":"09106","commune_name":"Xã Vĩnh Thành","commune_kind":"XA","province_code":"25","province_name":"Tỉnh Phú Thọ","area_km2":22.0,"valid_from":"16/6/2025","published":"13/07/2025","area_km2_geom":18.901495176589957,"quality_flag":null,"population":35020.0,"population_wp":26566.49225976318,"anchor_ratio":1.3182018784256382,"pop_source":"WORLDPOP2025_ANCHORED_VNSDI","pop_density_ppkm2":1852.7634810273248,"n_stations":3,"n_ports":12,"power_kw_site":280.5,"ports_per_10k_pop":3.426613363792119,"util_mean_port_weighted":0.1397724908531781,"dist_station_m_pop_weighted":2319.9514251431888}},{"type":"Feature","geometry":{"type":"Polygon","coordinates":[[[105.50504,21.25739],[105.50424,21.2582],[105.50286,21.25985],[105.50259,21.26078],[105.49863,21.26357],[105.494,21.26549],[105.48943,21.26953],[105.4866,21.26907],[105.48593,21.26369],[105.48516,21.26364],[105.48395,21.26349],[105.48079,21.26148],[105.48076,21.26147],[105.47966,21.25877],[105.47631,21.25755],[105.47379,21.25662],[105.47379,21.25662],[105.47107,21.25509],[105.47107,21.25509],[105.47123,21.2548],[105.47197,21.25395],[105.47244,21.25342],[105.47353,21.25393],[105.47407,21.25416],[105.47624,21.25132],[105.47624,21.25132],[105.47767,21.24813],[105.47798,21.24723],[105.47807,21.24695],[105.47821,21.24654],[105.47827,21.24638],[105.47832,21.24622],[105.47874,21.24453],[105.47711,21.24389],[105.4703,21.23926],[105.46881,21.23325],[105.46809,21.23077],[105.46852,21.23004],[105.46884,21.22947],[105.46996,21.22752],[105.47414,21.22377],[105.47613,21.22281],[105.47728,21.2203],[105.47709,21.21422],[105.47605,21.21146],[105.47598,21.21134],[105.47566,21.21125],[105.47548,21.21124],[105.47542,21.21124],[105.47542,21.21124],[105.47535,21.21126],[105.47535,21.21126],[105.47487,21.2114],[105.47475,21.21147],[105.47414,21.2118],[105.47414,21.2118],[105.474,21.2119],[105.47391,21.21203],[105.4739,21.21212],[105.47395,21.21234],[105.47402,21.21238],[105.47408,21.21242],[105.47409,21.21245],[105.4741,21.21249],[105.47406,21.21256],[105.47399,21.21265],[105.47396,21.21269],[105.47165,21.21267],[105.47176,21.21233],[105.47343,21.2073],[105.47344,21.20727],[105.47404,21.2055],[105.47408,21.20541],[105.47637,21.20236],[105.48094,21.19697],[105.48094,21.19697],[105.48335,21.19557],[105.48342,21.19553],[105.48402,21.19541],[105.48449,21.19532],[105.48449,21.19532],[105.48688,21.19531],[105.48712,21.19531],[105.48712,21.19531],[105.48741,21.19531],[105.48965,21.19534],[105.49115,21.19536],[105.49338,21.19549],[105.49348,21.1955],[105.49347,21.19573],[105.49347,21.19579],[105.49347,21.19607],[105.49347,21.19617],[105.49349,21.19629],[105.49353,21.19639],[105.49357,21.19645],[105.49365,21.19651],[105.49385,21.19657],[105.49435,21.19662],[105.49442,21.19662],[105.49514,21.19667],[105.49552,21.19669],[105.49552,21.19669],[105.49648,21.19673],[105.49648,21.19673],[105.49741,21.19701],[105.49823,21.19895],[105.49722,21.2019],[105.49816,21.20532],[105.50096,21.20789],[105.50118,21.20986],[105.50142,21.21212],[105.5014,21.21263],[105.50086,21.2129],[105.50008,21.21328],[105.49783,21.21374],[105.49621,21.21415],[105.49445,21.21466],[105.49428,21.21536],[105.49499,21.21758],[105.49667,21.21777],[105.49698,21.21769],[105.49729,21.21762],[105.49825,21.21738],[105.4986,21.21698],[105.49941,21.2167],[105.50069,21.21744],[105.50078,21.21758],[105.50096,21.21814],[105.5007,21.21898],[105.50004,21.21918],[105.49638,21.2202],[105.49441,21.22125],[105.49295,21.22265],[105.49293,21.22288],[105.49285,21.22414],[105.49319,21.22644],[105.49371,21.22776],[105.4949,21.23077],[105.49629,21.23157],[105.49652,21.2315],[105.49733,21.23118],[105.50084,21.23416],[105.50465,21.23755],[105.50742,21.24098],[105.5089,21.24271],[105.50918,21.24304],[105.50952,21.24343],[105.51099,21.24718],[105.51006,21.24768],[105.51006,21.24768],[105.51151,21.25239],[105.51306,21.25532],[105.51362,21.25815],[105.51362,21.25815],[105.51316,21.25841],[105.51235,21.25806],[105.50719,21.25727],[105.50504,21.25739]]]},"properties":{"commune_code":"09112","commune_name":"Xã Thổ Tang","commune_kind":"XA","province_code":"25","province_name":"Tỉnh Phú Thọ","area_km2":21.3,"valid_from":"16/6/2025","published":"13/07/2025","area_km2_geom":21.30827809959914,"quality_flag":null,"population":43208.0,"population_wp":37405.9533404354,"anchor_ratio":1.1551102469374215,"pop_source":"WORLDPOP2025_ANCHORED_VNSDI","pop_density_ppkm2":2027.7565272068064,"n_stations":1,"n_ports":6,"power_kw_site":240.0,"ports_per_10k_pop":1.3886317348639141,"util_mean_port_weighted":0.17157622739018089,"dist_station_m_pop_weighted":2430.640463220795}},{"type":"Feature","geometry":{"type":"Polygon","coordinates":[[[105.46884,21.22947],[105.46852,21.23004],[105.46774,21.22953],[105.46747,21.22936],[105.46596,21.22865],[105.46508,21.22844],[105.46481,21.22841],[105.46315,21.22739],[105.46177,21.22544],[105.4617,21.22533],[105.46468,21.2151],[105.46622,21.20913],[105.46733,21.1997],[105.46757,21.19784],[105.46938,21.18358],[105.46956,21.18106],[105.46974,21.17846],[105.47609,21.17292],[105.47933,21.17011],[105.4794,21.17004],[105.48657,21.16467],[105.48805,21.16356],[105.4924,21.16094],[105.49644,21.15851],[105.5153,21.15548],[105.52159,21.15447],[105.52159,21.15447],[105.53761,21.15653],[105.53741,21.16798],[105.53289,21.17646],[105.53223,21.17763],[105.52902,21.18386],[105.5306,21.18495],[105.53114,21.18526],[105.53164,21.18482],[105.53329,21.18449],[105.5349,21.18445],[105.53797,21.18478],[105.53756,21.18821],[105.53698,21.1901],[105.53698,21.1901],[105.54509,21.19373],[105.54509,21.19373],[105.54207,21.19931],[105.54109,21.20553],[105.53965,21.20857],[105.53841,21.20756],[105.53713,21.20649],[105.53566,21.20522],[105.5347,21.20439],[105.53469,21.20439],[105.53249,21.20241],[105.53121,21.20108],[105.52907,21.1988],[105.52255,21.19942],[105.5189,21.19978],[105.50919,21.19779],[105.50096,21.19511],[105.50096,21.19511],[105.50105,21.19488],[105.50111,21.19477],[105.50083,21.19441],[105.50083,21.19441],[105.50053,21.19443],[105.50049,21.19444],[105.50049,21.19444],[105.50006,21.19457],[105.49964,21.19478],[105.49818,21.19559],[105.49648,21.19673],[105.49648,21.19673],[105.49552,21.19669],[105.49552,21.19669],[105.49514,21.19667],[105.49442,21.19662],[105.49435,21.19662],[105.49385,21.19657],[105.49365,21.19651],[105.49357,21.19645],[105.49353,21.19639],[105.49349,21.19629],[105.49347,21.19617],[105.49347,21.19607],[105.49347,21.19579],[105.49347,21.19573],[105.49348,21.1955],[105.49338,21.19549],[105.49115,21.19536],[105.48965,21.19534],[105.48741,21.19531],[105.48712,21.19531],[105.48712,21.19531],[105.48688,21.19531],[105.48449,21.19532],[105.48449,21.19532],[105.48402,21.19541],[105.48342,21.19553],[105.48335,21.19557],[105.48094,21.19697],[105.48094,21.19697],[105.47637,21.20236],[105.47408,21.20541],[105.47404,21.2055],[105.47344,21.20727],[105.47343,21.2073],[105.47176,21.21233],[105.47165,21.21267],[105.47396,21.21269],[105.47399,21.21265],[105.47406,21.21256],[105.4741,21.21249],[105.47409,21.21245],[105.47408,21.21242],[105.47402,21.21238],[105.47395,21.21234],[105.4739,21.21212],[105.47391,21.21203],[105.474,21.2119],[105.47414,21.2118],[105.47414,21.2118],[105.47475,21.21147],[105.47487,21.2114],[105.47535,21.21126],[105.47535,21.21126],[105.47542,21.21124],[105.47542,21.21124],[105.47548,21.21124],[105.47566,21.21125],[105.47598,21.21134],[105.47605,21.21146],[105.47709,21.21422],[105.47728,21.2203],[105.47613,21.22281],[105.47414,21.22377],[105.46996,21.22752],[105.46884,21.22947]]]},"properties":{"commune_code":"09154","commune_name":"Xã Vĩnh Phú","commune_kind":"XA","province_code":"25","province_name":"Tỉnh Phú Thọ","area_km2":34.6,"valid_from":"16/6/2025","published":"13/07/2025","area_km2_geom":32.96056833695907,"quality_flag":null,"population":49754.99999999999,"population_wp":37266.13816857152,"anchor_ratio":1.3351262686499936,"pop_source":"WORLDPOP2025_ANCHORED_VNSDI","pop_density_ppkm2":1509.5310096400592,"n_stations":2,"n_ports":6,"power_kw_site":153.5,"ports_per_10k_pop":1.2059089538739827,"util_mean_port_weighted":0.08583848683505213,"dist_station_m_pop_weighted":2498.508273088621}}]}