{"type":"FeatureCollection","features":[{"type":"Feature","geometry":{"type":"Polygon","coordinates":[[[106.37956,10.4049],[106.37892,10.40493],[106.36456,10.40092],[106.36538,10.39812],[106.36573,10.39716],[106.35702,10.39624],[106.35517,10.39617],[106.35464,10.39634],[106.35333,10.39695],[106.35205,10.39807],[106.3509,10.39955],[106.34942,10.40123],[106.34773,10.40245],[106.34628,10.40292],[106.34601,10.40296],[106.34517,10.40264],[106.34466,10.39842],[106.34427,10.39787],[106.3421,10.39543],[106.34147,10.39472],[106.3401,10.39295],[106.34009,10.39142],[106.34016,10.39129],[106.34094,10.38985],[106.34297,10.38613],[106.34842,10.37786],[106.34936,10.37652],[106.35008,10.37516],[106.35013,10.375],[106.35122,10.37162],[106.35123,10.37157],[106.35053,10.37085],[106.34986,10.37139],[106.34943,10.37178],[106.34583,10.3732],[106.34124,10.36836],[106.34087,10.36635],[106.34079,10.3659],[106.34074,10.3656],[106.34071,10.36538],[106.34069,10.36519],[106.34056,10.36372],[106.34048,10.3592],[106.34045,10.35836],[106.34883,10.35842],[106.34897,10.35849],[106.35056,10.3597],[106.3533,10.36011],[106.35515,10.35847],[106.35715,10.35698],[106.35704,10.35621],[106.35669,10.35383],[106.35657,10.35282],[106.35656,10.35086],[106.35665,10.34927],[106.35667,10.34907],[106.36029,10.35013],[106.36111,10.35048],[106.36126,10.35294],[106.36158,10.35663],[106.36227,10.36397],[106.36265,10.36446],[106.36413,10.36567],[106.36491,10.36601],[106.36506,10.36636],[106.36543,10.36721],[106.3652,10.37049],[106.36493,10.37317],[106.36484,10.37341],[106.36482,10.37361],[106.36483,10.37385],[106.36501,10.37434],[106.36507,10.37444],[106.36517,10.37461],[106.36566,10.37523],[106.37009,10.37523],[106.37248,10.37522],[106.37252,10.37571],[106.37254,10.37682],[106.37255,10.37761],[106.37254,10.38082],[106.37251,10.38196],[106.37243,10.3839],[106.37312,10.38738],[106.37604,10.38776],[106.37657,10.39123],[106.37647,10.39807],[106.37772,10.39946],[106.37885,10.40034],[106.37935,10.40083],[106.37946,10.40098],[106.37947,10.40108],[106.37948,10.40146],[106.37956,10.4049]]]},"properties":{"commune_code":"28249","commune_name":"Phường Đạo Thạnh","commune_kind":"PHUONG","province_code":"82","province_name":"Tỉnh Đồng Tháp","area_km2":14.3,"valid_from":"16/6/2025","published":"13/07/2025","area_km2_geom":13.960845432965325,"quality_flag":null,"population":73370.0,"population_wp":69273.59504026175,"anchor_ratio":1.0591337140415107,"pop_source":"WORLDPOP2025_ANCHORED_VNSDI","pop_density_ppkm2":5255.41238546726,"n_stations":6,"n_ports":46,"power_kw_site":740.0,"ports_per_10k_pop":6.269592476489028,"util_mean_port_weighted":0.18157923905650067,"dist_station_m_pop_weighted":1300.0676296997046}},{"type":"Feature","geometry":{"type":"Polygon","coordinates":[[[106.36605,10.36542],[106.36491,10.36601],[106.36413,10.36567],[106.36265,10.36446],[106.36227,10.36397],[106.36158,10.35663],[106.36126,10.35294],[106.36111,10.35048],[106.36029,10.35013],[106.35667,10.34907],[106.35775,10.34732],[106.3704,10.34185],[106.37958,10.34035],[106.3899,10.34021],[106.38371,10.34747],[106.38135,10.3498],[106.3814,10.35535],[106.38151,10.35694],[106.38193,10.35962],[106.38249,10.36321],[106.38236,10.36309],[106.38145,10.36228],[106.3809,10.36178],[106.38028,10.36122],[106.37904,10.36016],[106.37884,10.35998],[106.37739,10.35874],[106.37725,10.35867],[106.37679,10.35854],[106.37678,10.35854],[106.37516,10.35822],[106.37416,10.35973],[106.37017,10.36458],[106.36745,10.3647],[106.36605,10.36542]]]},"properties":{"commune_code":"28261","commune_name":"Phường Mỹ Tho","commune_kind":"PHUONG","province_code":"82","province_name":"Tỉnh Đồng Tháp","area_km2":6.4,"valid_from":"16/6/2025","published":"13/07/2025","area_km2_geom":5.560888811434211,"quality_flag":null,"population":66766.0,"population_wp":41071.60774052143,"anchor_ratio":1.6255998650407923,"pop_source":"WORLDPOP2025_ANCHORED_VNSDI","pop_density_ppkm2":12006.354067485905,"n_stations":2,"n_ports":13,"power_kw_site":600.0,"ports_per_10k_pop":1.9470988227540964,"util_mean_port_weighted":0.34492188274424657,"dist_station_m_pop_weighted":908.5935286842526}},{"type":"Feature","geometry":{"type":"Polygon","coordinates":[[[106.35515,10.35847],[106.3533,10.36011],[106.35056,10.3597],[106.34897,10.35849],[106.34883,10.35842],[106.34045,10.35836],[106.34048,10.3592],[106.34046,10.35928],[106.33808,10.35979],[106.33793,10.35982],[106.33771,10.3598],[106.3375,10.35975],[106.33618,10.35945],[106.33617,10.35897],[106.33606,10.3545],[106.33623,10.35424],[106.33647,10.3542],[106.33748,10.35379],[106.33917,10.34793],[106.33943,10.34702],[106.34046,10.34316],[106.32695,10.34003],[106.31406,10.33747],[106.30133,10.33498],[106.29614,10.33346],[106.28985,10.33143],[106.27968,10.32567],[106.28988,10.32329],[106.30349,10.31981],[106.34622,10.3321],[106.37028,10.33805],[106.37958,10.34035],[106.3704,10.34185],[106.35775,10.34732],[106.35667,10.34907],[106.35665,10.34927],[106.35656,10.35086],[106.35657,10.35282],[106.35669,10.35383],[106.35704,10.35621],[106.35715,10.35698],[106.35515,10.35847]]]},"properties":{"commune_code":"28270","commune_name":"Phường Thới Sơn","commune_kind":"PHUONG","province_code":"82","province_name":"Tỉnh Đồng Tháp","area_km2":15.2,"valid_from":"16/6/2025","published":"13/07/2025","area_km2_geom":15.993313169340805,"quality_flag":null,"population":38490.0,"population_wp":34283.2020008713,"anchor_ratio":1.1227072663464102,"pop_source":"WORLDPOP2025_ANCHORED_VNSDI","pop_density_ppkm2":2406.6307957869144,"n_stations":1,"n_ports":2,"power_kw_site":22.0,"ports_per_10k_pop":0.5196154845414394,"util_mean_port_weighted":0.13814561294337274,"dist_station_m_pop_weighted":1544.4815670204982}},{"type":"Feature","geometry":{"type":"Polygon","coordinates":[[[106.38059,10.40485],[106.37956,10.4049],[106.37948,10.40146],[106.37947,10.40108],[106.37946,10.40098],[106.37935,10.40083],[106.37885,10.40034],[106.37772,10.39946],[106.37647,10.39807],[106.37657,10.39123],[106.37604,10.38776],[106.37312,10.38738],[106.37243,10.3839],[106.37251,10.38196],[106.37254,10.38082],[106.37255,10.37761],[106.37254,10.37682],[106.37252,10.37571],[106.37248,10.37522],[106.37009,10.37523],[106.36566,10.37523],[106.36517,10.37461],[106.36507,10.37444],[106.36501,10.37434],[106.36483,10.37385],[106.36482,10.37361],[106.36484,10.37341],[106.36493,10.37317],[106.3652,10.37049],[106.36543,10.36721],[106.36506,10.36636],[106.36491,10.36601],[106.36605,10.36542],[106.36745,10.3647],[106.37017,10.36458],[106.37416,10.35973],[106.37516,10.35822],[106.37678,10.35854],[106.37679,10.35854],[106.37725,10.35867],[106.37739,10.35874],[106.37884,10.35998],[106.37904,10.36016],[106.38028,10.36122],[106.3809,10.36178],[106.38145,10.36228],[106.38236,10.36309],[106.38249,10.36321],[106.38193,10.35962],[106.38151,10.35694],[106.3814,10.35535],[106.38135,10.3498],[106.38371,10.34747],[106.3899,10.34021],[106.39791,10.33548],[106.40073,10.33438],[106.40145,10.33724],[106.40207,10.33968],[106.40215,10.33972],[106.40491,10.34098],[106.40926,10.34279],[106.41086,10.34313],[106.41089,10.34313],[106.41039,10.34785],[106.41017,10.34996],[106.41078,10.34994],[106.41155,10.34992],[106.41171,10.34991],[106.41325,10.34988],[106.41394,10.34986],[106.41363,10.35618],[106.41294,10.35962],[106.41288,10.35991],[106.41157,10.36546],[106.41094,10.36698],[106.40837,10.37087],[106.40811,10.37128],[106.40765,10.37197],[106.40464,10.37906],[106.40565,10.37971],[106.40628,10.38019],[106.40972,10.38661],[106.40562,10.38892],[106.40304,10.39087],[106.4028,10.39123],[106.40285,10.39205],[106.40326,10.39311],[106.40343,10.39441],[106.40302,10.39668],[106.40248,10.39866],[106.40188,10.4001],[106.40132,10.4005],[106.40081,10.40052],[106.39948,10.39847],[106.39903,10.39713],[106.39748,10.39585],[106.39153,10.39617],[106.3873,10.39842],[106.3846,10.40333],[106.38282,10.4043],[106.38059,10.40485]]]},"properties":{"commune_code":"28273","commune_name":"Phường Mỹ Phong","commune_kind":"PHUONG","province_code":"82","province_name":"Tỉnh Đồng Tháp","area_km2":23.0,"valid_from":"16/6/2025","published":"13/07/2025","area_km2_geom":24.042919519825602,"quality_flag":null,"population":50731.0,"population_wp":71029.47116555646,"anchor_ratio":0.7142246615036102,"pop_source":"WORLDPOP2025_ANCHORED_VNSDI","pop_density_ppkm2":2110.0182928353447,"n_stations":6,"n_ports":90,"power_kw_site":2087.5,"ports_per_10k_pop":17.740631960734067,"util_mean_port_weighted":0.10408433426419958,"dist_station_m_pop_weighted":1275.3473282459136}},{"type":"Feature","geometry":{"type":"Polygon","coordinates":[[[106.32003,10.40297],[106.31894,10.4032],[106.31894,10.4032],[106.31608,10.3954],[106.3113,10.3969],[106.30987,10.39197],[106.30626,10.3917],[106.30536,10.38877],[106.3056,10.38245],[106.30618,10.36794],[106.3066,10.35704],[106.3067,10.35409],[106.30684,10.35356],[106.30723,10.35208],[106.30745,10.35139],[106.30804,10.34975],[106.30931,10.34733],[106.31094,10.34425],[106.31232,10.3416],[106.31306,10.3401],[106.31406,10.33747],[106.32695,10.34003],[106.34046,10.34316],[106.33943,10.34702],[106.33917,10.34793],[106.33748,10.35379],[106.33647,10.3542],[106.33623,10.35424],[106.33606,10.3545],[106.33617,10.35897],[106.33618,10.35945],[106.3375,10.35975],[106.33771,10.3598],[106.33793,10.35982],[106.33808,10.35979],[106.34046,10.35928],[106.34048,10.3592],[106.34056,10.36372],[106.34069,10.36519],[106.34071,10.36538],[106.34074,10.3656],[106.34079,10.3659],[106.34087,10.36635],[106.34124,10.36836],[106.34583,10.3732],[106.34943,10.37178],[106.34986,10.37139],[106.35053,10.37085],[106.35123,10.37157],[106.35122,10.37162],[106.35013,10.375],[106.35008,10.37516],[106.34936,10.37652],[106.34842,10.37786],[106.34297,10.38613],[106.34094,10.38985],[106.34016,10.39129],[106.33249,10.39619],[106.32055,10.40276],[106.32003,10.40297]]]},"properties":{"commune_code":"28285","commune_name":"Phường Trung An","commune_kind":"PHUONG","province_code":"82","province_name":"Tỉnh Đồng Tháp","area_km2":23.4,"valid_from":"16/6/2025","published":"13/07/2025","area_km2_geom":23.909362346789255,"quality_flag":null,"population":70479.0,"population_wp":73704.97977247834,"anchor_ratio":0.9562311829887655,"pop_source":"WORLDPOP2025_ANCHORED_VNSDI","pop_density_ppkm2":2947.7574089074146,"n_stations":7,"n_ports":22,"power_kw_site":684.5,"ports_per_10k_pop":3.121497183558223,"util_mean_port_weighted":0.23281943689544574,"dist_station_m_pop_weighted":1646.8074856645549}},{"type":"Feature","geometry":{"type":"Polygon","coordinates":[[[106.70164,10.37398],[106.69957,10.37902],[106.69802,10.37722],[106.69638,10.37536],[106.69488,10.37386],[106.69368,10.37272],[106.68662,10.36605],[106.68333,10.36808],[106.68022,10.37033],[106.67994,10.3705],[106.67966,10.37067],[106.67717,10.37208],[106.67709,10.37211],[106.67361,10.37292],[106.6728,10.37276],[106.67239,10.37242],[106.67176,10.37179],[106.67137,10.3714],[106.67137,10.37138],[106.67135,10.37136],[106.67125,10.37112],[106.67124,10.3711],[106.67122,10.37107],[106.67116,10.37092],[106.67317,10.36622],[106.67346,10.36467],[106.67329,10.36312],[106.67324,10.36297],[106.67299,10.36244],[106.67239,10.36207],[106.67097,10.35957],[106.6744,10.3582],[106.67613,10.3575],[106.68337,10.35651],[106.68822,10.3531],[106.69042,10.35032],[106.69359,10.34663],[106.70585,10.35407],[106.70608,10.35421],[106.70842,10.35563],[106.71121,10.35732],[106.71471,10.35922],[106.71483,10.36065],[106.70868,10.36593],[106.70367,10.3702],[106.70164,10.37398]]]},"properties":{"commune_code":"28297","commune_name":"Phường Long Thuận","commune_kind":"PHUONG","province_code":"82","province_name":"Tỉnh Đồng Tháp","area_km2":8.3,"valid_from":"16/6/2025","published":"13/07/2025","area_km2_geom":8.241863067268344,"quality_flag":null,"population":29715.0,"population_wp":27574.40023387596,"anchor_ratio":1.0776299664895068,"pop_source":"WORLDPOP2025_ANCHORED_VNSDI","pop_density_ppkm2":3605.374143864373,"n_stations":1,"n_ports":18,"power_kw_site":430.5,"ports_per_10k_pop":6.057546693589097,"util_mean_port_weighted":0.09781781781781781,"dist_station_m_pop_weighted":1475.028819717758}},{"type":"Feature","geometry":{"type":"Polygon","coordinates":[[[106.67047,10.37253],[106.66868,10.37477],[106.66794,10.37297],[106.6633,10.36951],[106.66345,10.36735],[106.66385,10.36698],[106.66418,10.36666],[106.66476,10.3661],[106.66511,10.36574],[106.6652,10.36563],[106.66524,10.36553],[106.66526,10.36546],[106.66529,10.36534],[106.66533,10.36515],[106.66535,10.36493],[106.66562,10.36235],[106.66563,10.36207],[106.66398,10.36171],[106.66095,10.36035],[106.66142,10.35693],[106.66143,10.35688],[106.65488,10.35507],[106.65105,10.35413],[106.65101,10.35351],[106.651,10.35326],[106.65101,10.35291],[106.65112,10.34722],[106.65168,10.34247],[106.65167,10.34003],[106.65112,10.33548],[106.65111,10.33536],[106.65112,10.33531],[106.65113,10.33527],[106.65113,10.33527],[106.65123,10.33511],[106.65145,10.33477],[106.65519,10.3361],[106.66434,10.33877],[106.67373,10.34088],[106.67417,10.34095],[106.67426,10.34093],[106.67817,10.33553],[106.68437,10.33916],[106.69228,10.3438],[106.69268,10.34406],[106.69161,10.34544],[106.69359,10.34663],[106.69042,10.35032],[106.68822,10.3531],[106.68337,10.35651],[106.67613,10.3575],[106.6744,10.3582],[106.67097,10.35957],[106.67239,10.36207],[106.67299,10.36244],[106.67324,10.36297],[106.67329,10.36312],[106.67346,10.36467],[106.67317,10.36622],[106.67116,10.37092],[106.67047,10.37253]]]},"properties":{"commune_code":"28306","commune_name":"Phường Gò Công","commune_kind":"PHUONG","province_code":"82","province_name":"Tỉnh Đồng Tháp","area_km2":10.1,"valid_from":"16/6/2025","published":"13/07/2025","area_km2_geom":10.157103178703993,"quality_flag":null,"population":36124.0,"population_wp":25613.240476474166,"anchor_ratio":1.4103643009630116,"pop_source":"WORLDPOP2025_ANCHORED_VNSDI","pop_density_ppkm2":3556.5258484072306,"n_stations":1,"n_ports":30,"power_kw_site":685.5,"ports_per_10k_pop":8.304728158564943,"util_mean_port_weighted":0.036552515552334366,"dist_station_m_pop_weighted":1579.3708932970044}},{"type":"Feature","geometry":{"type":"Polygon","coordinates":[[[106.63364,10.4597],[106.63294,10.46014],[106.63171,10.45662],[106.63101,10.4556],[106.62951,10.45405],[106.62823,10.45286],[106.6273,10.45211],[106.62729,10.4521],[106.62549,10.45108],[106.62364,10.45039],[106.61684,10.44758],[106.61297,10.44568],[106.60948,10.44393],[106.60575,10.44139],[106.60249,10.43928],[106.59626,10.43657],[106.59366,10.43637],[106.59116,10.43663],[106.59111,10.43664],[106.59006,10.43695],[106.58951,10.43711],[106.58927,10.43723],[106.588,10.43801],[106.58704,10.43713],[106.58638,10.43653],[106.5854,10.43536],[106.58509,10.43498],[106.58436,10.43331],[106.58436,10.43248],[106.58435,10.43227],[106.58435,10.43164],[106.58494,10.42924],[106.58499,10.42914],[106.58681,10.42548],[106.58981,10.42489],[106.59668,10.42525],[106.59815,10.4258],[106.59947,10.42625],[106.60109,10.42673],[106.60113,10.42572],[106.60114,10.42451],[106.60114,10.42368],[106.6012,10.42242],[106.60123,10.42236],[106.60138,10.4222],[106.60158,10.42209],[106.60181,10.42201],[106.60202,10.42199],[106.60216,10.42201],[106.60232,10.42204],[106.61186,10.41627],[106.62139,10.40552],[106.62465,10.39997],[106.62522,10.39714],[106.62611,10.39322],[106.62678,10.39227],[106.62827,10.39015],[106.63057,10.38684],[106.63128,10.38411],[106.63325,10.38019],[106.63351,10.37986],[106.63362,10.37972],[106.634,10.37924],[106.63452,10.37857],[106.63492,10.37811],[106.64129,10.36748],[106.64476,10.36149],[106.64659,10.35846],[106.64745,10.35858],[106.64784,10.35864],[106.64794,10.35865],[106.64868,10.35873],[106.65133,10.3589],[106.65105,10.35413],[106.65488,10.35507],[106.66143,10.35688],[106.66142,10.35693],[106.66095,10.36035],[106.66398,10.36171],[106.66563,10.36207],[106.66562,10.36235],[106.66535,10.36493],[106.66533,10.36515],[106.66529,10.36534],[106.66526,10.36546],[106.66524,10.36553],[106.6652,10.36563],[106.66511,10.36574],[106.66476,10.3661],[106.66418,10.36666],[106.66385,10.36698],[106.66345,10.36735],[106.6633,10.36951],[106.66794,10.37297],[106.66868,10.37477],[106.66839,10.37513],[106.66419,10.37842],[106.66153,10.38041],[106.66,10.38139],[106.65945,10.3821],[106.65926,10.38276],[106.659,10.38586],[106.65929,10.38897],[106.66013,10.39154],[106.66028,10.39202],[106.66089,10.39409],[106.66105,10.3953],[106.66103,10.3966],[106.65929,10.40005],[106.65854,10.40152],[106.65752,10.40292],[106.65494,10.40646],[106.65442,10.40717],[106.65312,10.4082],[106.65243,10.40831],[106.65126,10.40849],[106.65069,10.40858],[106.65008,10.40868],[106.64822,10.40944],[106.64483,10.41088],[106.64264,10.41217],[106.64148,10.4134],[106.63856,10.41787],[106.63748,10.42014],[106.63601,10.42507],[106.63633,10.43547],[106.6365,10.436],[106.63658,10.43637],[106.63658,10.43652],[106.63655,10.43672],[106.63606,10.43998],[106.63584,10.44049],[106.63494,10.4406],[106.63344,10.44047],[106.63257,10.43975],[106.63169,10.44178],[106.62743,10.45177],[106.62846,10.45234],[106.6318,10.45599],[106.63364,10.4597]]]},"properties":{"commune_code":"28315","commune_name":"Phường Bình Xuân","commune_kind":"PHUONG","province_code":"82","province_name":"Tỉnh Đồng Tháp","area_km2":34.4,"valid_from":"16/6/2025","published":"13/07/2025","area_km2_geom":34.963622308387976,"quality_flag":null,"population":32574.0,"population_wp":17493.161568686366,"anchor_ratio":1.8620990763790286,"pop_source":"WORLDPOP2025_ANCHORED_VNSDI","pop_density_ppkm2":931.6540406680148,"n_stations":1,"n_ports":7,"power_kw_site":430.0,"ports_per_10k_pop":2.1489531528212686,"util_mean_port_weighted":0.15164233576642336,"dist_station_m_pop_weighted":4448.930830534389}},{"type":"Feature","geometry":{"type":"Polygon","coordinates":[[[106.28653,10.58657],[106.28482,10.5868],[106.26828,10.58611],[106.25674,10.58506],[106.24786,10.58425],[106.24513,10.58403],[106.20548,10.58083],[106.20035,10.58077],[106.1977,10.581],[106.18565,10.58048],[106.18591,10.56758],[106.18605,10.55842],[106.18611,10.55461],[106.18614,10.55298],[106.18614,10.55273],[106.18615,10.55251],[106.18619,10.5506],[106.18619,10.55044],[106.1862,10.55028],[106.1862,10.55013],[106.18621,10.55001],[106.18657,10.53869],[106.18691,10.52819],[106.18707,10.52349],[106.18703,10.52334],[106.18516,10.52272],[106.18369,10.52225],[106.18131,10.5215],[106.17859,10.52062],[106.17622,10.51985],[106.17463,10.51932],[106.17459,10.5186],[106.17428,10.49281],[106.17423,10.48865],[106.17442,10.48745],[106.17574,10.48207],[106.17699,10.47795],[106.17782,10.4755],[106.17821,10.47436],[106.17846,10.47411],[106.17884,10.47383],[106.17897,10.47376],[106.1851,10.47409],[106.18513,10.47386],[106.18553,10.47126],[106.19792,10.46377],[106.2046,10.47649],[106.20242,10.47691],[106.20152,10.47891],[106.20145,10.47927],[106.2076,10.48244],[106.2242,10.48655],[106.23344,10.49057],[106.24851,10.49832],[106.254,10.50205],[106.25795,10.50509],[106.25792,10.50513],[106.25595,10.50738],[106.2502,10.51389],[106.25018,10.5139],[106.25016,10.51392],[106.25012,10.51396],[106.25006,10.51401],[106.24999,10.51409],[106.24992,10.51417],[106.24985,10.51424],[106.24976,10.51435],[106.24886,10.51536],[106.24872,10.51552],[106.24566,10.51901],[106.24348,10.5215],[106.2402,10.5253],[106.22985,10.53734],[106.25762,10.54694],[106.27037,10.55132],[106.27371,10.55242],[106.27964,10.55431],[106.31041,10.56542],[106.30604,10.56905],[106.30347,10.57106],[106.29801,10.57556],[106.29568,10.57755],[106.29554,10.57767],[106.29229,10.58086],[106.28874,10.58437],[106.28722,10.58587],[106.28653,10.58657]]]},"properties":{"commune_code":"28321","commune_name":"Xã Tân Phước 1","commune_kind":"XA","province_code":"82","province_name":"Tỉnh Đồng Tháp","area_km2":95.4,"valid_from":"16/6/2025","published":"13/07/2025","area_km2_geom":99.62439264719104,"quality_flag":null,"population":12836.0,"population_wp":19752.357007935643,"anchor_ratio":0.6498464965392763,"pop_source":"WORLDPOP2025_ANCHORED_VNSDI","pop_density_ppkm2":128.8439473398578,"n_stations":1,"n_ports":2,"power_kw_site":180.0,"ports_per_10k_pop":1.5581177937052042,"util_mean_port_weighted":0.3086105675146771,"dist_station_m_pop_weighted":7458.044206649568}},{"type":"Feature","geometry":{"type":"Polygon","coordinates":[[[106.18591,10.56758],[106.18565,10.58048],[106.1632,10.57887],[106.15734,10.57844],[106.15651,10.5784],[106.14346,10.5778],[106.12828,10.57712],[106.11165,10.57639],[106.10922,10.57626],[106.104,10.576],[106.10401,10.57592],[106.10402,10.57514],[106.10412,10.57023],[106.10446,10.55297],[106.10461,10.54547],[106.10464,10.54362],[106.10356,10.52849],[106.10341,10.52644],[106.10196,10.5256],[106.09694,10.52268],[106.09172,10.52304],[106.09416,10.5132],[106.0948,10.51148],[106.0985,10.49904],[106.1152,10.49516],[106.1254,10.49229],[106.13364,10.4904],[106.14001,10.48929],[106.14397,10.48803],[106.14401,10.48341],[106.14401,10.48257],[106.15022,10.48096],[106.15938,10.47867],[106.16351,10.47759],[106.17156,10.47547],[106.17849,10.47367],[106.17927,10.4736],[106.17897,10.47376],[106.17884,10.47383],[106.17846,10.47411],[106.17821,10.47436],[106.17782,10.4755],[106.17699,10.47795],[106.17574,10.48207],[106.17442,10.48745],[106.17423,10.48865],[106.17428,10.49281],[106.17459,10.5186],[106.17463,10.51932],[106.17622,10.51985],[106.17859,10.52062],[106.18131,10.5215],[106.18369,10.52225],[106.18516,10.52272],[106.18703,10.52334],[106.18707,10.52349],[106.18691,10.52819],[106.18657,10.53869],[106.18621,10.55001],[106.1862,10.55013],[106.1862,10.55028],[106.18619,10.55044],[106.18619,10.5506],[106.18615,10.55251],[106.18614,10.55273],[106.18614,10.55298],[106.18611,10.55461],[106.18605,10.55842],[106.18591,10.56758]]]},"properties":{"commune_code":"28327","commune_name":"Xã Tân Phước 2","commune_kind":"XA","province_code":"82","province_name":"Tỉnh Đồng Tháp","area_km2":89.4,"valid_from":"16/6/2025","published":"13/07/2025","area_km2_geom":88.88403840795955,"quality_flag":null,"population":10849.000000000002,"population_wp":9422.73161400482,"anchor_ratio":1.1513646407879585,"pop_source":"WORLDPOP2025_ANCHORED_VNSDI","pop_density_ppkm2":122.05791044512752,"n_stations":1,"n_ports":2,"power_kw_site":22.0,"ports_per_10k_pop":1.843487879067195,"util_mean_port_weighted":0.0,"dist_station_m_pop_weighted":6234.306042650686}},{"type":"Feature","geometry":{"type":"Polygon","coordinates":[[[106.31984,10.56998],[106.31913,10.57025],[106.31669,10.56953],[106.31492,10.56831],[106.31119,10.56591],[106.31101,10.5658],[106.31041,10.56542],[106.27964,10.55431],[106.27371,10.55242],[106.27037,10.55132],[106.25762,10.54694],[106.22985,10.53734],[106.2402,10.5253],[106.24348,10.5215],[106.24566,10.51901],[106.24872,10.51552],[106.24886,10.51536],[106.24976,10.51435],[106.24985,10.51424],[106.24992,10.51417],[106.24999,10.51409],[106.25006,10.51401],[106.25012,10.51396],[106.25016,10.51392],[106.25018,10.5139],[106.2502,10.51389],[106.25595,10.50738],[106.25792,10.50513],[106.25795,10.50509],[106.25865,10.50561],[106.26135,10.50136],[106.26184,10.50061],[106.26557,10.50256],[106.26613,10.50286],[106.26689,10.50334],[106.26808,10.50411],[106.26987,10.50528],[106.27075,10.50586],[106.27262,10.50707],[106.27811,10.51059],[106.27985,10.5117],[106.28498,10.51472],[106.28655,10.51563],[106.28694,10.5158],[106.28716,10.51458],[106.28892,10.50472],[106.28949,10.50154],[106.2903,10.4967],[106.29236,10.48534],[106.29251,10.4854],[106.29346,10.48591],[106.29569,10.48736],[106.30214,10.49175],[106.30516,10.49402],[106.30871,10.49633],[106.312,10.49676],[106.31408,10.49698],[106.31831,10.50001],[106.32146,10.50035],[106.32874,10.50072],[106.32926,10.50071],[106.33104,10.50541],[106.32815,10.5065],[106.32635,10.50706],[106.32562,10.50729],[106.32551,10.50734],[106.32613,10.5084],[106.32902,10.51279],[106.32906,10.51284],[106.32916,10.51294],[106.32952,10.51326],[106.32972,10.51323],[106.32992,10.51319],[106.33101,10.5129],[106.33135,10.51277],[106.33162,10.51267],[106.33204,10.51248],[106.33245,10.51229],[106.33282,10.51209],[106.33329,10.51189],[106.33388,10.5117],[106.33549,10.51123],[106.33567,10.51119],[106.336,10.51111],[106.33653,10.511],[106.34115,10.51061],[106.34162,10.51058],[106.34357,10.5106],[106.34359,10.5106],[106.34341,10.51137],[106.34279,10.51388],[106.34486,10.51658],[106.3475,10.5179],[106.35189,10.5241],[106.35174,10.52435],[106.35047,10.52654],[106.35003,10.52729],[106.34966,10.52878],[106.34952,10.52931],[106.34925,10.53157],[106.34912,10.53323],[106.34895,10.5355],[106.34812,10.54265],[106.34808,10.5427],[106.34689,10.54406],[106.34686,10.54408],[106.34342,10.54624],[106.33886,10.54871],[106.33838,10.5492],[106.33556,10.55201],[106.32826,10.56021],[106.3242,10.56518],[106.32034,10.56979],[106.31984,10.56998]]]},"properties":{"commune_code":"28336","commune_name":"Xã Hưng Thạnh","commune_kind":"XA","province_code":"82","province_name":"Tỉnh Đồng Tháp","area_km2":65.2,"valid_from":"16/6/2025","published":"13/07/2025","area_km2_geom":66.0908798643284,"quality_flag":null,"population":31368.0,"population_wp":24240.97886633873,"anchor_ratio":1.294007150988359,"pop_source":"WORLDPOP2025_ANCHORED_VNSDI","pop_density_ppkm2":474.61919200337996,"n_stations":1,"n_ports":2,"power_kw_site":22.0,"ports_per_10k_pop":0.6375924509053813,"util_mean_port_weighted":0.39053009387078963,"dist_station_m_pop_weighted":4332.4455875435915}},{"type":"Feature","geometry":{"type":"Polygon","coordinates":[[[106.28716,10.51458],[106.28694,10.5158],[106.28655,10.51563],[106.28498,10.51472],[106.27985,10.5117],[106.27811,10.51059],[106.27262,10.50707],[106.27075,10.50586],[106.26987,10.50528],[106.26808,10.50411],[106.26689,10.50334],[106.26613,10.50286],[106.26557,10.50256],[106.26184,10.50061],[106.26135,10.50136],[106.25865,10.50561],[106.25795,10.50509],[106.254,10.50205],[106.24851,10.49832],[106.23344,10.49057],[106.2242,10.48655],[106.2076,10.48244],[106.20145,10.47927],[106.20152,10.47891],[106.20242,10.47691],[106.2046,10.47649],[106.19792,10.46377],[106.18553,10.47126],[106.18513,10.47386],[106.1851,10.47409],[106.17897,10.47376],[106.17927,10.4736],[106.17991,10.47268],[106.1833,10.46925],[106.187,10.46634],[106.18719,10.46043],[106.18715,10.46031],[106.18718,10.45874],[106.18732,10.45638],[106.18896,10.45483],[106.1897,10.45425],[106.19077,10.45359],[106.19175,10.45421],[106.19248,10.45438],[106.20295,10.45507],[106.20706,10.44618],[106.20722,10.4459],[106.20724,10.4459],[106.20908,10.44612],[106.21073,10.44688],[106.21141,10.44823],[106.21184,10.44964],[106.2135,10.45451],[106.21372,10.45459],[106.21426,10.45445],[106.22873,10.44589],[106.23314,10.44306],[106.23497,10.44047],[106.23885,10.43095],[106.24209,10.43132],[106.24559,10.43216],[106.25322,10.43369],[106.26194,10.43509],[106.26227,10.43528],[106.2644,10.43661],[106.26705,10.43828],[106.27154,10.4409],[106.27226,10.43712],[106.28725,10.43978],[106.30001,10.44206],[106.2986,10.44936],[106.31777,10.45176],[106.31806,10.45036],[106.32081,10.45071],[106.32172,10.45134],[106.31966,10.45497],[106.31894,10.45738],[106.31883,10.45997],[106.32622,10.46015],[106.32636,10.46028],[106.32517,10.46254],[106.3242,10.47085],[106.32315,10.47972],[106.31854,10.48834],[106.31408,10.49698],[106.312,10.49676],[106.30871,10.49633],[106.30516,10.49402],[106.30214,10.49175],[106.29569,10.48736],[106.29346,10.48591],[106.29251,10.4854],[106.29236,10.48534],[106.2903,10.4967],[106.28949,10.50154],[106.28892,10.50472],[106.28716,10.51458]]]},"properties":{"commune_code":"28345","commune_name":"Xã Tân Phước 3","commune_kind":"XA","province_code":"82","province_name":"Tỉnh Đồng Tháp","area_km2":80.2,"valid_from":"16/6/2025","published":"13/07/2025","area_km2_geom":79.20693451321324,"quality_flag":null,"population":75927.0,"population_wp":19951.219603981823,"anchor_ratio":3.8056320118318303,"pop_source":"WORLDPOP2025_ANCHORED_VNSDI","pop_density_ppkm2":958.5903111467331,"n_stations":0,"n_ports":0,"power_kw_site":0.0,"ports_per_10k_pop":0.0,"util_mean_port_weighted":null,"dist_station_m_pop_weighted":5801.331368678619}},{"type":"Feature","geometry":{"type":"Polygon","coordinates":[[[105.97462,10.40633],[105.97307,10.40705],[105.97236,10.4059],[105.96958,10.39699],[105.96937,10.39492],[105.97023,10.3926],[105.97227,10.38812],[105.97283,10.38698],[105.97311,10.38628],[105.97327,10.38572],[105.97423,10.381],[105.97305,10.3799],[105.97305,10.37982],[105.97307,10.37967],[105.97316,10.37928],[105.97343,10.37857],[105.97607,10.37183],[105.97628,10.37134],[105.9767,10.3706],[105.97796,10.36886],[105.97802,10.36878],[105.97806,10.36667],[105.9765,10.36188],[105.97528,10.3586],[105.97589,10.35249],[105.97635,10.35168],[105.97674,10.35082],[105.97682,10.35039],[105.97684,10.35008],[105.97684,10.34961],[105.97635,10.34893],[105.97359,10.34522],[105.97027,10.34074],[105.97012,10.34054],[105.96809,10.33732],[105.96775,10.33624],[105.96926,10.33561],[105.97089,10.33448],[105.97122,10.3342],[105.97234,10.33277],[105.9726,10.33239],[105.97587,10.32694],[105.97708,10.32765],[105.98255,10.33023],[105.98361,10.33052],[105.98451,10.33076],[105.98512,10.33084],[105.98538,10.33087],[105.98821,10.33122],[105.98924,10.33103],[105.99065,10.33075],[105.9921,10.33047],[105.99411,10.32917],[105.99469,10.32877],[106.00188,10.32372],[106.00874,10.31977],[106.02134,10.32249],[106.02736,10.32404],[106.02885,10.32442],[106.0358,10.32449],[106.04021,10.32407],[106.04406,10.32371],[106.05217,10.32094],[106.05255,10.32246],[106.05316,10.32567],[106.05377,10.33102],[106.05383,10.33265],[106.0525,10.33462],[106.04943,10.33486],[106.0469,10.33591],[106.04672,10.33617],[106.04664,10.3366],[106.04711,10.34199],[106.04731,10.3436],[106.04743,10.34412],[106.04759,10.34445],[106.04144,10.3485],[106.03628,10.35076],[106.03425,10.35547],[106.03383,10.3574],[106.03386,10.35826],[106.032,10.3593],[106.02966,10.3587],[106.02864,10.35827],[106.02854,10.35823],[106.02501,10.3592],[106.02087,10.3615],[106.01822,10.36302],[106.01823,10.36304],[106.01837,10.36318],[106.01842,10.36324],[106.01846,10.36329],[106.0186,10.36346],[106.01863,10.3635],[106.01871,10.36361],[106.01873,10.36363],[106.01874,10.36365],[106.01876,10.3637],[106.01884,10.36384],[106.01887,10.36391],[106.01893,10.36405],[106.01896,10.3641],[106.01897,10.36413],[106.01897,10.36415],[106.01898,10.36418],[106.01903,10.36437],[106.01904,10.36444],[106.01911,10.36474],[106.01913,10.36479],[106.01914,10.36483],[106.01915,10.36489],[106.01916,10.36495],[106.01919,10.36513],[106.01919,10.36518],[106.01921,10.36531],[106.01921,10.36532],[106.01926,10.36591],[106.016,10.36547],[106.01207,10.36492],[106.01186,10.36489],[106.00909,10.36449],[106.00874,10.36445],[106.00685,10.36418],[106.00179,10.36348],[105.99914,10.36313],[105.99871,10.36404],[105.99875,10.36543],[105.99877,10.36608],[105.99831,10.36759],[105.99745,10.36932],[105.9924,10.37041],[105.99231,10.37044],[105.99131,10.37145],[105.99071,10.37224],[105.9902,10.3731],[105.99055,10.37399],[105.99073,10.37451],[105.99101,10.37581],[105.99119,10.37722],[105.98618,10.3812],[105.98612,10.38126],[105.98553,10.38469],[105.98545,10.38594],[105.98542,10.38639],[105.98541,10.38713],[105.98553,10.38729],[105.98838,10.38781],[105.99012,10.38809],[105.99066,10.38842],[105.9932,10.39261],[105.99149,10.39482],[105.9896,10.39716],[105.98899,10.3976],[105.98805,10.39799],[105.98761,10.39816],[105.98656,10.39844],[105.98586,10.39849],[105.98531,10.39848],[105.98444,10.39838],[105.98425,10.39835],[105.98369,10.39826],[105.983,10.3982],[105.98262,10.39825],[105.9821,10.39834],[105.98174,10.39842],[105.98154,10.39853],[105.98106,10.39881],[105.98073,10.39902],[105.98043,10.39932],[105.97911,10.40118],[105.97744,10.40357],[105.97697,10.40424],[105.97687,10.40436],[105.97651,10.40472],[105.97462,10.40633]]]},"properties":{"commune_code":"28360","commune_name":"Xã Cái Bè","commune_kind":"XA","province_code":"82","province_name":"Tỉnh Đồng Tháp","area_km2":41.1,"valid_from":"16/6/2025","published":"13/07/2025","area_km2_geom":40.372150708517616,"quality_flag":null,"population":59611.00000000001,"population_wp":56174.12667882256,"anchor_ratio":1.0611824967182468,"pop_source":"WORLDPOP2025_ANCHORED_VNSDI","pop_density_ppkm2":1476.537636807727,"n_stations":2,"n_ports":35,"power_kw_site":617.2,"ports_per_10k_pop":5.871399573904145,"util_mean_port_weighted":0.09491533052712312,"dist_station_m_pop_weighted":2884.4745941473675}},{"type":"Feature","geometry":{"type":"Polygon","coordinates":[[[105.94427,10.53636],[105.94168,10.53654],[105.94171,10.53344],[105.94185,10.52001],[105.94189,10.51634],[105.9419,10.51552],[105.94183,10.50808],[105.94178,10.50396],[105.94169,10.49815],[105.94161,10.49565],[105.94022,10.49303],[105.93888,10.49163],[105.9406,10.4766],[105.94036,10.47297],[105.9397,10.46022],[105.94481,10.46027],[105.94906,10.46032],[105.94906,10.4602],[105.9487,10.45381],[105.94838,10.4482],[105.94837,10.44754],[105.9484,10.44712],[105.94846,10.44664],[105.94909,10.44254],[105.94926,10.44146],[105.95199,10.43661],[105.95331,10.43537],[105.95454,10.43428],[105.95593,10.43303],[105.95708,10.43198],[105.95742,10.43167],[105.95824,10.43086],[105.95783,10.428],[105.96104,10.42318],[105.96199,10.42174],[105.96299,10.4202],[105.96381,10.41893],[105.96509,10.41541],[105.96629,10.41195],[105.96659,10.41128],[105.96695,10.4105],[105.96703,10.41039],[105.96988,10.40727],[105.97015,10.407],[105.97095,10.40622],[105.9711,10.40611],[105.97124,10.40605],[105.97236,10.4059],[105.97307,10.40705],[105.97555,10.40991],[105.97664,10.41106],[105.97704,10.41143],[105.97751,10.41184],[105.97816,10.41237],[105.97975,10.41366],[105.9827,10.41582],[105.98938,10.42068],[105.9895,10.42079],[105.98954,10.42082],[105.98968,10.421],[105.98989,10.4213],[105.99004,10.42152],[105.99026,10.42185],[105.99049,10.4222],[105.9918,10.4242],[105.99204,10.42455],[105.99222,10.42484],[105.99233,10.42503],[105.99242,10.42523],[105.99246,10.42541],[105.99249,10.42575],[105.99255,10.42672],[105.99265,10.42787],[105.99275,10.4286],[105.99281,10.42894],[105.9929,10.42923],[105.99302,10.42957],[105.99305,10.42963],[105.99331,10.43011],[105.99404,10.43129],[105.99761,10.4367],[106.00017,10.44363],[106.00025,10.44569],[106.00136,10.44871],[106.00138,10.44875],[106.00227,10.45014],[106.00506,10.45428],[106.00706,10.45724],[106.00845,10.45912],[106.00864,10.45937],[106.00972,10.46164],[106.00496,10.46596],[106.00284,10.46789],[106.00056,10.4708],[106.00073,10.481],[106.00089,10.49716],[106.00099,10.50424],[106.00118,10.51659],[106.00165,10.53229],[106.00165,10.53229],[105.99342,10.53292],[105.94427,10.53636]]]},"properties":{"commune_code":"28366","commune_name":"Xã Hậu Mỹ","commune_kind":"XA","province_code":"82","province_name":"Tỉnh Đồng Tháp","area_km2":78.6,"valid_from":"16/6/2025","published":"13/07/2025","area_km2_geom":78.99051188267173,"quality_flag":null,"population":40097.0,"population_wp":33128.757692405954,"anchor_ratio":1.2103381712134458,"pop_source":"WORLDPOP2025_ANCHORED_VNSDI","pop_density_ppkm2":507.61792833496173,"n_stations":1,"n_ports":2,"power_kw_site":60.0,"ports_per_10k_pop":0.49879043319949123,"util_mean_port_weighted":0.20748713782832384,"dist_station_m_pop_weighted":4655.909055030725}},{"type":"Feature","geometry":{"type":"Polygon","coordinates":[[[105.9406,10.4766],[105.93888,10.49163],[105.92482,10.4768],[105.92101,10.47277],[105.90546,10.45637],[105.90349,10.45429],[105.90217,10.45289],[105.90112,10.45178],[105.89868,10.44919],[105.89834,10.44882],[105.89637,10.44669],[105.89583,10.44612],[105.89109,10.4411],[105.88633,10.43606],[105.88038,10.4298],[105.88688,10.42441],[105.89009,10.42681],[105.89408,10.43076],[105.89556,10.43055],[105.89773,10.43019],[105.89569,10.41457],[105.89485,10.40819],[105.89257,10.39115],[105.89228,10.38913],[105.89208,10.38736],[105.89237,10.38727],[105.8973,10.38658],[105.89859,10.38643],[105.90662,10.38579],[105.91777,10.38344],[105.92267,10.39218],[105.91742,10.39815],[105.91702,10.39852],[105.91566,10.39992],[105.91561,10.40001],[105.9156,10.40003],[105.91562,10.40008],[105.91571,10.40014],[105.91644,10.40038],[105.91873,10.40109],[105.91924,10.40123],[105.91947,10.40125],[105.92042,10.40123],[105.92093,10.40121],[105.92575,10.40106],[105.92618,10.40103],[105.93613,10.39993],[105.9368,10.39784],[105.93761,10.39226],[105.9382,10.38813],[105.93843,10.38654],[105.93858,10.38524],[105.93881,10.38302],[105.94289,10.38099],[105.94621,10.3805],[105.95343,10.38025],[105.95407,10.38007],[105.9542,10.3801],[105.95566,10.38118],[105.95841,10.38356],[105.95847,10.38364],[105.95919,10.38482],[105.96086,10.38775],[105.96493,10.39471],[105.9673,10.39873],[105.96958,10.39699],[105.97236,10.4059],[105.97124,10.40605],[105.9711,10.40611],[105.97095,10.40622],[105.97015,10.407],[105.96988,10.40727],[105.96703,10.41039],[105.96695,10.4105],[105.96659,10.41128],[105.96629,10.41195],[105.96509,10.41541],[105.96381,10.41893],[105.96299,10.4202],[105.96199,10.42174],[105.96104,10.42318],[105.95783,10.428],[105.95824,10.43086],[105.95742,10.43167],[105.95708,10.43198],[105.95593,10.43303],[105.95454,10.43428],[105.95331,10.43537],[105.95199,10.43661],[105.94926,10.44146],[105.94909,10.44254],[105.94846,10.44664],[105.9484,10.44712],[105.94837,10.44754],[105.94838,10.4482],[105.9487,10.45381],[105.94906,10.4602],[105.94906,10.46032],[105.94481,10.46027],[105.9397,10.46022],[105.94036,10.47297],[105.9406,10.4766]]]},"properties":{"commune_code":"28378","commune_name":"Xã Mỹ Thiện","commune_kind":"XA","province_code":"82","province_name":"Tỉnh Đồng Tháp","area_km2":62.6,"valid_from":"16/6/2025","published":"13/07/2025","area_km2_geom":62.4157149639671,"quality_flag":null,"population":27745.000000000004,"population_wp":22751.588968470693,"anchor_ratio":1.2194752655935026,"pop_source":"WORLDPOP2025_ANCHORED_VNSDI","pop_density_ppkm2":444.5194614211714,"n_stations":0,"n_ports":0,"power_kw_site":0.0,"ports_per_10k_pop":0.0,"util_mean_port_weighted":null,"dist_station_m_pop_weighted":10092.810422279254}},{"type":"Feature","geometry":{"type":"Polygon","coordinates":[[[106.01082,10.45623],[106.00864,10.45937],[106.00845,10.45912],[106.00706,10.45724],[106.00506,10.45428],[106.00227,10.45014],[106.00138,10.44875],[106.00136,10.44871],[106.00025,10.44569],[106.00017,10.44363],[105.99761,10.4367],[105.99404,10.43129],[105.99331,10.43011],[105.99305,10.42963],[105.99302,10.42957],[105.9929,10.42923],[105.99281,10.42894],[105.99275,10.4286],[105.99265,10.42787],[105.99255,10.42672],[105.99249,10.42575],[105.99246,10.42541],[105.99242,10.42523],[105.99233,10.42503],[105.99222,10.42484],[105.99204,10.42455],[105.9918,10.4242],[105.99049,10.4222],[105.99026,10.42185],[105.99004,10.42152],[105.98989,10.4213],[105.98968,10.421],[105.98954,10.42082],[105.9895,10.42079],[105.98938,10.42068],[105.9827,10.41582],[105.97975,10.41366],[105.97816,10.41237],[105.97751,10.41184],[105.97704,10.41143],[105.97664,10.41106],[105.97555,10.40991],[105.97307,10.40705],[105.97462,10.40633],[105.97651,10.40472],[105.97687,10.40436],[105.97697,10.40424],[105.97744,10.40357],[105.97911,10.40118],[105.98043,10.39932],[105.98073,10.39902],[105.98106,10.39881],[105.98154,10.39853],[105.98174,10.39842],[105.9821,10.39834],[105.98262,10.39825],[105.983,10.3982],[105.98369,10.39826],[105.98425,10.39835],[105.98444,10.39838],[105.98531,10.39848],[105.98586,10.39849],[105.98656,10.39844],[105.98761,10.39816],[105.98805,10.39799],[105.98899,10.3976],[105.9896,10.39716],[105.99149,10.39482],[105.9932,10.39261],[105.99066,10.38842],[105.99012,10.38809],[105.98838,10.38781],[105.98553,10.38729],[105.98541,10.38713],[105.98542,10.38639],[105.98545,10.38594],[105.98553,10.38469],[105.98612,10.38126],[105.98618,10.3812],[105.99119,10.37722],[105.99101,10.37581],[105.99073,10.37451],[105.99055,10.37399],[105.9902,10.3731],[105.99071,10.37224],[105.99131,10.37145],[105.99231,10.37044],[105.9924,10.37041],[105.99745,10.36932],[105.99831,10.36759],[105.99877,10.36608],[105.99875,10.36543],[105.99871,10.36404],[105.99914,10.36313],[106.00179,10.36348],[106.00685,10.36418],[106.00874,10.36445],[106.00909,10.36449],[106.01186,10.36489],[106.01207,10.36492],[106.016,10.36547],[106.01926,10.36591],[106.01921,10.36532],[106.01921,10.36531],[106.01919,10.36518],[106.01919,10.36513],[106.01916,10.36495],[106.01915,10.36489],[106.01914,10.36483],[106.01913,10.36479],[106.01911,10.36474],[106.01904,10.36444],[106.01903,10.36437],[106.01898,10.36418],[106.01897,10.36415],[106.01897,10.36413],[106.01896,10.3641],[106.01893,10.36405],[106.01887,10.36391],[106.01884,10.36384],[106.01876,10.3637],[106.01874,10.36365],[106.01873,10.36363],[106.01871,10.36361],[106.01863,10.3635],[106.0186,10.36346],[106.01846,10.36329],[106.01842,10.36324],[106.01837,10.36318],[106.01823,10.36304],[106.01822,10.36302],[106.02087,10.3615],[106.02501,10.3592],[106.02854,10.35823],[106.02864,10.35827],[106.02966,10.3587],[106.032,10.3593],[106.03386,10.35826],[106.03387,10.35853],[106.03432,10.36105],[106.03577,10.3649],[106.03684,10.36606],[106.03977,10.36906],[106.04009,10.3693],[106.04038,10.36961],[106.04095,10.37046],[106.04125,10.37165],[106.04501,10.3875],[106.04651,10.39388],[106.04681,10.39514],[106.04446,10.39748],[106.04094,10.40158],[106.03444,10.40838],[106.03198,10.41103],[106.034,10.41656],[106.03582,10.42037],[106.03578,10.42043],[106.03536,10.4211],[106.03245,10.42533],[106.02845,10.43109],[106.0276,10.43231],[106.01745,10.44677],[106.01082,10.45623]]]},"properties":{"commune_code":"28393","commune_name":"Xã Hội Cư","commune_kind":"XA","province_code":"82","province_name":"Tỉnh Đồng Tháp","area_km2":48.7,"valid_from":"16/6/2025","published":"13/07/2025","area_km2_geom":48.717198971939936,"quality_flag":null,"population":52774.00000000001,"population_wp":47530.58829643205,"anchor_ratio":1.1103165748941837,"pop_source":"WORLDPOP2025_ANCHORED_VNSDI","pop_density_ppkm2":1083.2724605204971,"n_stations":2,"n_ports":8,"power_kw_site":94.0,"ports_per_10k_pop":1.5158979800659413,"util_mean_port_weighted":0.045120794903587606,"dist_station_m_pop_weighted":3521.181043330669}},{"type":"Feature","geometry":{"type":"Polygon","coordinates":[[[105.92042,10.40123],[105.91947,10.40125],[105.91924,10.40123],[105.91873,10.40109],[105.91644,10.40038],[105.91571,10.40014],[105.91562,10.40008],[105.9156,10.40003],[105.91561,10.40001],[105.91566,10.39992],[105.91702,10.39852],[105.91742,10.39815],[105.92267,10.39218],[105.91777,10.38344],[105.90662,10.38579],[105.89859,10.38643],[105.89774,10.3835],[105.90036,10.37654],[105.8982,10.37122],[105.89476,10.36505],[105.89507,10.3614],[105.89977,10.35805],[105.90061,10.35759],[105.9049,10.356],[105.90905,10.35451],[105.91398,10.35198],[105.91649,10.35024],[105.9209,10.34701],[105.92286,10.34479],[105.92329,10.34427],[105.92591,10.34016],[105.92602,10.33794],[105.92741,10.3372],[105.93241,10.33623],[105.94169,10.33455],[105.94941,10.33311],[105.95534,10.33111],[105.95964,10.32883],[105.96537,10.3296],[105.96545,10.32961],[105.97177,10.32454],[105.97587,10.32694],[105.9726,10.33239],[105.97234,10.33277],[105.97122,10.3342],[105.97089,10.33448],[105.96926,10.33561],[105.96775,10.33624],[105.96809,10.33732],[105.97012,10.34054],[105.97027,10.34074],[105.97359,10.34522],[105.97635,10.34893],[105.97684,10.34961],[105.97684,10.35008],[105.97682,10.35039],[105.97674,10.35082],[105.97635,10.35168],[105.97589,10.35249],[105.97528,10.3586],[105.9765,10.36188],[105.97806,10.36667],[105.97802,10.36878],[105.97796,10.36886],[105.9767,10.3706],[105.97628,10.37134],[105.97607,10.37183],[105.97343,10.37857],[105.97316,10.37928],[105.97307,10.37967],[105.97305,10.37982],[105.97305,10.3799],[105.97423,10.381],[105.97327,10.38572],[105.97311,10.38628],[105.97283,10.38698],[105.97227,10.38812],[105.97023,10.3926],[105.96937,10.39492],[105.96958,10.39699],[105.9673,10.39873],[105.96493,10.39471],[105.96086,10.38775],[105.95919,10.38482],[105.95847,10.38364],[105.95841,10.38356],[105.95566,10.38118],[105.9542,10.3801],[105.95407,10.38007],[105.95343,10.38025],[105.94621,10.3805],[105.94289,10.38099],[105.93881,10.38302],[105.93858,10.38524],[105.93843,10.38654],[105.9382,10.38813],[105.93761,10.39226],[105.9368,10.39784],[105.93613,10.39993],[105.92618,10.40103],[105.92575,10.40106],[105.92093,10.40121],[105.92042,10.40123]]]},"properties":{"commune_code":"28405","commune_name":"Xã Mỹ Đức Tây","commune_kind":"XA","province_code":"82","province_name":"Tỉnh Đồng Tháp","area_km2":45.8,"valid_from":"16/6/2025","published":"13/07/2025","area_km2_geom":46.066418459615186,"quality_flag":null,"population":36897.0,"population_wp":34316.92714648694,"anchor_ratio":1.0751836795439065,"pop_source":"WORLDPOP2025_ANCHORED_VNSDI","pop_density_ppkm2":800.9522171198594,"n_stations":1,"n_ports":4,"power_kw_site":240.0,"ports_per_10k_pop":1.084098978236713,"util_mean_port_weighted":0.5669213704707913,"dist_station_m_pop_weighted":4984.482938685016}},{"type":"Feature","geometry":{"type":"Polygon","coordinates":[[[105.89556,10.43055],[105.89408,10.43076],[105.89009,10.42681],[105.88688,10.42441],[105.88038,10.4298],[105.87626,10.42542],[105.87474,10.4238],[105.87229,10.4212],[105.87073,10.41953],[105.87066,10.41946],[105.8656,10.41402],[105.86105,10.40914],[105.8596,10.40752],[105.85861,10.40474],[105.85774,10.40227],[105.84667,10.3721],[105.84602,10.37032],[105.84574,10.36955],[105.85543,10.3689],[105.85667,10.37193],[105.85913,10.37356],[105.85954,10.37368],[105.8614,10.37404],[105.86164,10.37404],[105.86205,10.37402],[105.8638,10.36939],[105.86568,10.36542],[105.86462,10.36061],[105.865,10.3592],[105.86906,10.35858],[105.87334,10.3569],[105.87305,10.35529],[105.87293,10.35312],[105.87526,10.35252],[105.87849,10.35174],[105.88134,10.3499],[105.88481,10.34523],[105.88687,10.34325],[105.89117,10.34191],[105.89358,10.34195],[105.8936,10.34205],[105.89363,10.34211],[105.89368,10.34215],[105.89373,10.34218],[105.89379,10.34218],[105.89388,10.34216],[105.89407,10.3421],[105.89443,10.34196],[105.89576,10.34145],[105.89685,10.34098],[105.9004,10.33944],[105.9005,10.33473],[105.9005,10.33459],[105.90055,10.33315],[105.90055,10.33305],[105.90087,10.32957],[105.90433,10.32786],[105.90846,10.32512],[105.90931,10.31953],[105.90917,10.31833],[105.90842,10.31771],[105.90732,10.31728],[105.90756,10.3165],[105.90847,10.3162],[105.91015,10.31598],[105.91029,10.31597],[105.91204,10.31591],[105.91301,10.31597],[105.91332,10.31598],[105.9137,10.31611],[105.91441,10.31634],[105.91484,10.31667],[105.91512,10.31704],[105.92084,10.31767],[105.92106,10.31751],[105.92114,10.31778],[105.92129,10.31837],[105.92129,10.3184],[105.92164,10.32021],[105.92171,10.32064],[105.92283,10.32856],[105.92228,10.33206],[105.92195,10.33378],[105.92423,10.33639],[105.92602,10.33794],[105.92591,10.34016],[105.92329,10.34427],[105.92286,10.34479],[105.9209,10.34701],[105.91649,10.35024],[105.91398,10.35198],[105.90905,10.35451],[105.9049,10.356],[105.90061,10.35759],[105.89977,10.35805],[105.89507,10.3614],[105.89476,10.36505],[105.8982,10.37122],[105.90036,10.37654],[105.89774,10.3835],[105.89859,10.38643],[105.8973,10.38658],[105.89237,10.38727],[105.89208,10.38736],[105.89228,10.38913],[105.89257,10.39115],[105.89485,10.40819],[105.89569,10.41457],[105.89773,10.43019],[105.89556,10.43055]]]},"properties":{"commune_code":"28414","commune_name":"Xã Mỹ Lợi","commune_kind":"XA","province_code":"82","province_name":"Tỉnh Đồng Tháp","area_km2":43.8,"valid_from":"16/6/2025","published":"13/07/2025","area_km2_geom":43.37865953872573,"quality_flag":null,"population":33781.0,"population_wp":27164.673854745924,"anchor_ratio":1.2435636142967401,"pop_source":"WORLDPOP2025_ANCHORED_VNSDI","pop_density_ppkm2":778.7469774127635,"n_stations":0,"n_ports":0,"power_kw_site":0.0,"ports_per_10k_pop":0.0,"util_mean_port_weighted":null,"dist_station_m_pop_weighted":9488.285544280383}},{"type":"Feature","geometry":{"type":"Polygon","coordinates":[[[105.86205,10.37402],[105.86164,10.37404],[105.8614,10.37404],[105.85954,10.37368],[105.85913,10.37356],[105.85667,10.37193],[105.85543,10.3689],[105.84574,10.36955],[105.84572,10.36951],[105.8457,10.36943],[105.84497,10.36746],[105.8444,10.36741],[105.84357,10.36734],[105.84234,10.3676],[105.84055,10.36799],[105.83977,10.36816],[105.83921,10.36836],[105.83782,10.36884],[105.83614,10.36942],[105.83492,10.36947],[105.81575,10.37036],[105.81572,10.37036],[105.81572,10.37036],[105.81579,10.36957],[105.81601,10.3672],[105.81621,10.36498],[105.81633,10.36376],[105.81708,10.35637],[105.81716,10.35567],[105.81739,10.35425],[105.81783,10.35142],[105.81856,10.34668],[105.81898,10.34205],[105.81894,10.33999],[105.81886,10.33623],[105.81809,10.33146],[105.8165,10.32155],[105.82228,10.32045],[105.82306,10.32039],[105.82323,10.32036],[105.82853,10.31947],[105.8288,10.31865],[105.82797,10.31754],[105.82578,10.31584],[105.8248,10.31508],[105.82326,10.31388],[105.82243,10.31284],[105.82171,10.31194],[105.82163,10.31144],[105.82156,10.31104],[105.82156,10.31098],[105.82159,10.31086],[105.82173,10.31031],[105.8224,10.30931],[105.82375,10.30843],[105.82542,10.30766],[105.82826,10.30728],[105.83005,10.30705],[105.83164,10.30684],[105.83335,10.30616],[105.83585,10.3045],[105.836,10.30401],[105.83605,10.30385],[105.83605,10.30373],[105.83706,10.29843],[105.83706,10.29843],[105.85275,10.29728],[105.8532,10.30761],[105.85492,10.3085],[105.85738,10.30922],[105.86519,10.30652],[105.86541,10.30546],[105.86546,10.30541],[105.86551,10.30539],[105.86561,10.30537],[105.8657,10.30537],[105.8659,10.30538],[105.86605,10.30539],[105.8665,10.30547],[105.86751,10.30572],[105.87119,10.30678],[105.87259,10.30719],[105.8751,10.31139],[105.8751,10.31139],[105.87493,10.31157],[105.87415,10.31228],[105.87325,10.31292],[105.87262,10.31325],[105.87216,10.31342],[105.87165,10.31343],[105.8716,10.31343],[105.87145,10.31341],[105.87121,10.31337],[105.87114,10.31336],[105.87056,10.31317],[105.86975,10.31261],[105.86935,10.31224],[105.86838,10.3158],[105.86876,10.32109],[105.86894,10.3219],[105.86895,10.32192],[105.86895,10.32194],[105.86896,10.32196],[105.86896,10.32198],[105.86897,10.322],[105.86898,10.32201],[105.86899,10.32203],[105.869,10.32205],[105.86901,10.32206],[105.86902,10.32208],[105.86903,10.32209],[105.86904,10.32211],[105.86906,10.32212],[105.86907,10.32214],[105.86909,10.32215],[105.8691,10.32216],[105.86912,10.32217],[105.86914,10.32219],[105.86916,10.3222],[105.86919,10.32221],[105.86921,10.32222],[105.86924,10.32223],[105.86926,10.32224],[105.86929,10.32225],[105.86994,10.3224],[105.86994,10.3224],[105.87239,10.31974],[105.87249,10.31961],[105.87285,10.31909],[105.87543,10.31697],[105.87982,10.31632],[105.88255,10.31599],[105.89427,10.31535],[105.90194,10.31468],[105.90497,10.31714],[105.90496,10.31727],[105.90497,10.31739],[105.90501,10.31751],[105.90503,10.31757],[105.90526,10.31804],[105.90531,10.31809],[105.90613,10.31821],[105.90635,10.31823],[105.90656,10.31823],[105.90676,10.31813],[105.90679,10.31811],[105.90694,10.31798],[105.90721,10.3176],[105.90724,10.31751],[105.90732,10.31728],[105.90842,10.31771],[105.90917,10.31833],[105.90931,10.31953],[105.90846,10.32512],[105.90433,10.32786],[105.90087,10.32957],[105.90055,10.33305],[105.90055,10.33315],[105.9005,10.33459],[105.9005,10.33473],[105.9004,10.33944],[105.89685,10.34098],[105.89576,10.34145],[105.89443,10.34196],[105.89407,10.3421],[105.89388,10.34216],[105.89379,10.34218],[105.89373,10.34218],[105.89368,10.34215],[105.89363,10.34211],[105.8936,10.34205],[105.89358,10.34195],[105.89117,10.34191],[105.88687,10.34325],[105.88481,10.34523],[105.88134,10.3499],[105.87849,10.35174],[105.87526,10.35252],[105.87293,10.35312],[105.87305,10.35529],[105.87334,10.3569],[105.86906,10.35858],[105.865,10.3592],[105.86462,10.36061],[105.86568,10.36542],[105.8638,10.36939],[105.86205,10.37402]]]},"properties":{"commune_code":"28426","commune_name":"Xã Thanh Hưng","commune_kind":"XA","province_code":"82","province_name":"Tỉnh Đồng Tháp","area_km2":51.9,"valid_from":"16/6/2025","published":"13/07/2025","area_km2_geom":52.34038558420256,"quality_flag":null,"population":46314.0,"population_wp":38247.43016988784,"anchor_ratio":1.2109048841786751,"pop_source":"WORLDPOP2025_ANCHORED_VNSDI","pop_density_ppkm2":884.8616509615197,"n_stations":1,"n_ports":28,"power_kw_site":429.0,"ports_per_10k_pop":6.045688128859524,"util_mean_port_weighted":0.06113220481991246,"dist_station_m_pop_weighted":5551.378316613161}},{"type":"Feature","geometry":{"type":"Polygon","coordinates":[[[105.92741,10.3372],[105.92602,10.33794],[105.92423,10.33639],[105.92195,10.33378],[105.92228,10.33206],[105.92283,10.32856],[105.92171,10.32064],[105.92164,10.32021],[105.92129,10.3184],[105.92129,10.31837],[105.92114,10.31778],[105.92106,10.31751],[105.92084,10.31767],[105.91512,10.31704],[105.91484,10.31667],[105.91441,10.31634],[105.9137,10.31611],[105.91332,10.31598],[105.91301,10.31597],[105.91204,10.31591],[105.91029,10.31597],[105.91015,10.31598],[105.90847,10.3162],[105.90756,10.3165],[105.90732,10.31728],[105.90724,10.31751],[105.90721,10.3176],[105.90694,10.31798],[105.90679,10.31811],[105.90676,10.31813],[105.90656,10.31823],[105.90635,10.31823],[105.90613,10.31821],[105.90531,10.31809],[105.90526,10.31804],[105.90503,10.31757],[105.90501,10.31751],[105.90497,10.31739],[105.90496,10.31727],[105.90497,10.31714],[105.90194,10.31468],[105.89427,10.31535],[105.88255,10.31599],[105.87982,10.31632],[105.87543,10.31697],[105.87285,10.31909],[105.87249,10.31961],[105.87239,10.31974],[105.86994,10.3224],[105.86994,10.3224],[105.86929,10.32225],[105.86926,10.32224],[105.86924,10.32223],[105.86921,10.32222],[105.86919,10.32221],[105.86916,10.3222],[105.86914,10.32219],[105.86912,10.32217],[105.8691,10.32216],[105.86909,10.32215],[105.86907,10.32214],[105.86906,10.32212],[105.86904,10.32211],[105.86903,10.32209],[105.86902,10.32208],[105.86901,10.32206],[105.869,10.32205],[105.86899,10.32203],[105.86898,10.32201],[105.86897,10.322],[105.86896,10.32198],[105.86896,10.32196],[105.86895,10.32194],[105.86895,10.32192],[105.86894,10.3219],[105.86876,10.32109],[105.86838,10.3158],[105.86935,10.31224],[105.86975,10.31261],[105.87056,10.31317],[105.87114,10.31336],[105.87121,10.31337],[105.87145,10.31341],[105.8716,10.31343],[105.87165,10.31343],[105.87216,10.31342],[105.87262,10.31325],[105.87325,10.31292],[105.87415,10.31228],[105.87493,10.31157],[105.8751,10.31139],[105.8751,10.31139],[105.87259,10.30719],[105.87119,10.30678],[105.86751,10.30572],[105.8665,10.30547],[105.86605,10.30539],[105.8659,10.30538],[105.8657,10.30537],[105.86561,10.30537],[105.86551,10.30539],[105.86546,10.30541],[105.86541,10.30546],[105.86519,10.30652],[105.85738,10.30922],[105.85492,10.3085],[105.8532,10.30761],[105.85275,10.29728],[105.85594,10.29697],[105.85683,10.2968],[105.86056,10.29608],[105.86277,10.29551],[105.86658,10.29452],[105.86691,10.29441],[105.86987,10.29343],[105.8707,10.29307],[105.87165,10.29266],[105.87362,10.29179],[105.87508,10.29089],[105.87833,10.28889],[105.8794,10.28803],[105.88196,10.28597],[105.88548,10.28314],[105.8864,10.28241],[105.88724,10.28167],[105.88861,10.28048],[105.89154,10.27797],[105.89258,10.27721],[105.89393,10.27621],[105.89445,10.27582],[105.89446,10.27581],[105.89447,10.27581],[105.89707,10.27436],[105.89896,10.27405],[105.8996,10.27405],[105.90081,10.27405],[105.90088,10.27405],[105.90194,10.27427],[105.9038,10.27488],[105.90531,10.27538],[105.90553,10.27547],[105.90763,10.27635],[105.90809,10.27654],[105.90911,10.27696],[105.91001,10.27733],[105.91297,10.27854],[105.915,10.2792],[105.91998,10.28081],[105.92328,10.28188],[105.92665,10.28343],[105.93115,10.28795],[105.93126,10.28806],[105.93322,10.29019],[105.93575,10.29294],[105.93576,10.29294],[105.93649,10.29373],[105.93776,10.29511],[105.94321,10.29977],[105.9496,10.30508],[105.95827,10.31227],[105.95947,10.31327],[105.96157,10.31526],[105.97062,10.32387],[105.97177,10.32454],[105.96545,10.32961],[105.96537,10.3296],[105.95964,10.32883],[105.95534,10.33111],[105.94941,10.33311],[105.94169,10.33455],[105.93241,10.33623],[105.92741,10.3372]]]},"properties":{"commune_code":"28429","commune_name":"Xã An Hữu","commune_kind":"XA","province_code":"82","province_name":"Tỉnh Đồng Tháp","area_km2":43.9,"valid_from":"16/6/2025","published":"13/07/2025","area_km2_geom":42.872732485012534,"quality_flag":null,"population":52177.0,"population_wp":37477.75734022446,"anchor_ratio":1.392212440203806,"pop_source":"WORLDPOP2025_ANCHORED_VNSDI","pop_density_ppkm2":1217.0206323620744,"n_stations":0,"n_ports":0,"power_kw_site":0.0,"ports_per_10k_pop":0.0,"util_mean_port_weighted":null,"dist_station_m_pop_weighted":8351.929501196859}},{"type":"Feature","geometry":{"type":"Polygon","coordinates":[[[106.0985,10.49904],[106.09392,10.50009],[106.09154,10.49633],[106.09033,10.49152],[106.094,10.4829],[106.09301,10.48249],[106.09307,10.46783],[106.10272,10.46227],[106.1079,10.45938],[106.1079,10.45938],[106.10791,10.45654],[106.10796,10.45465],[106.10823,10.45362],[106.1145,10.44681],[106.119,10.44831],[106.11948,10.44798],[106.11958,10.44783],[106.11987,10.44339],[106.11756,10.43894],[106.1177,10.43686],[106.11807,10.4343],[106.11396,10.43088],[106.1144,10.42454],[106.11652,10.41943],[106.11657,10.41932],[106.11726,10.41453],[106.11768,10.41161],[106.11639,10.4062],[106.11621,10.40578],[106.11653,10.40564],[106.11707,10.40541],[106.11746,10.40525],[106.11774,10.40516],[106.11807,10.40508],[106.11858,10.40499],[106.11877,10.40496],[106.12165,10.40454],[106.12169,10.40508],[106.12175,10.40626],[106.12201,10.4078],[106.12276,10.41099],[106.12391,10.41252],[106.12658,10.41236],[106.13248,10.41136],[106.1327,10.41465],[106.13274,10.41492],[106.13432,10.41535],[106.1374,10.41682],[106.13803,10.42406],[106.13875,10.43037],[106.14407,10.43288],[106.1488,10.43505],[106.14798,10.43582],[106.14626,10.43746],[106.14623,10.4375],[106.14391,10.44029],[106.1438,10.44043],[106.14334,10.44125],[106.1433,10.44133],[106.14301,10.44197],[106.14217,10.44452],[106.14126,10.44838],[106.14113,10.44954],[106.14112,10.45013],[106.1385,10.45698],[106.14108,10.45961],[106.14543,10.46365],[106.14484,10.46651],[106.14468,10.46732],[106.14457,10.46793],[106.14381,10.47219],[106.1436,10.47341],[106.14366,10.47528],[106.1437,10.47643],[106.14372,10.47679],[106.14376,10.47773],[106.14389,10.48089],[106.14401,10.48257],[106.14401,10.48341],[106.14397,10.48803],[106.14001,10.48929],[106.13364,10.4904],[106.1254,10.49229],[106.1152,10.49516],[106.0985,10.49904]]]},"properties":{"commune_code":"28435","commune_name":"Phường Mỹ Phước Tây","commune_kind":"PHUONG","province_code":"82","province_name":"Tỉnh Đồng Tháp","area_km2":36.1,"valid_from":"16/6/2025","published":"13/07/2025","area_km2_geom":35.85294813331181,"quality_flag":null,"population":40730.0,"population_wp":33525.57043752074,"anchor_ratio":1.2148935713384996,"pop_source":"WORLDPOP2025_ANCHORED_VNSDI","pop_density_ppkm2":1136.0293119704934,"n_stations":1,"n_ports":2,"power_kw_site":180.0,"ports_per_10k_pop":0.4910385465259023,"util_mean_port_weighted":0.324671845700509,"dist_station_m_pop_weighted":3888.133385398926}},{"type":"Feature","geometry":{"type":"Polygon","coordinates":[[[106.10272,10.46227],[106.09307,10.46783],[106.09272,10.45907],[106.09216,10.44984],[106.09216,10.44981],[106.09208,10.44831],[106.09145,10.43981],[106.09159,10.4396],[106.09462,10.43932],[106.10153,10.43989],[106.10338,10.43244],[106.10464,10.42728],[106.10363,10.42656],[106.10181,10.42526],[106.10129,10.42505],[106.10055,10.42502],[106.09904,10.42496],[106.09778,10.42488],[106.09797,10.42423],[106.09859,10.423],[106.10346,10.4169],[106.10369,10.41651],[106.10341,10.4161],[106.102,10.41399],[106.1018,10.4139],[106.09825,10.41466],[106.09659,10.4147],[106.09556,10.4143],[106.0949,10.41354],[106.0922,10.41031],[106.09193,10.4098],[106.09178,10.4086],[106.09208,10.40766],[106.09521,10.40243],[106.09609,10.40103],[106.09443,10.39939],[106.09266,10.39844],[106.08928,10.39738],[106.08457,10.39336],[106.084,10.39215],[106.08398,10.39212],[106.08424,10.38904],[106.08674,10.38587],[106.08715,10.38556],[106.08761,10.38546],[106.0879,10.38533],[106.08973,10.38274],[106.09019,10.38186],[106.0908,10.37925],[106.08899,10.37897],[106.08743,10.37879],[106.08657,10.3787],[106.08569,10.37842],[106.08544,10.37824],[106.08612,10.37735],[106.08703,10.37642],[106.08843,10.37565],[106.0904,10.37506],[106.09102,10.3751],[106.09283,10.37567],[106.09598,10.3761],[106.09618,10.3775],[106.09672,10.37868],[106.09836,10.38167],[106.10308,10.38554],[106.10583,10.3884],[106.10892,10.39212],[106.10983,10.39248],[106.11013,10.39253],[106.11033,10.39256],[106.11123,10.39208],[106.11244,10.39052],[106.11333,10.38923],[106.11312,10.38851],[106.11313,10.38842],[106.11317,10.38827],[106.11326,10.38799],[106.11329,10.38793],[106.11341,10.38773],[106.11346,10.38768],[106.11353,10.38767],[106.11363,10.38768],[106.11373,10.38772],[106.11434,10.38812],[106.11509,10.38864],[106.11529,10.38881],[106.11562,10.38915],[106.11604,10.38979],[106.11624,10.39012],[106.11634,10.39032],[106.11612,10.39161],[106.1133,10.39382],[106.11194,10.39595],[106.11336,10.40119],[106.11408,10.40268],[106.11621,10.40578],[106.11639,10.4062],[106.11768,10.41161],[106.11726,10.41453],[106.11657,10.41932],[106.11652,10.41943],[106.1144,10.42454],[106.11396,10.43088],[106.11807,10.4343],[106.1177,10.43686],[106.11756,10.43894],[106.11987,10.44339],[106.11958,10.44783],[106.11948,10.44798],[106.119,10.44831],[106.1145,10.44681],[106.10823,10.45362],[106.10796,10.45465],[106.10791,10.45654],[106.1079,10.45938],[106.1079,10.45938],[106.10272,10.46227]]]},"properties":{"commune_code":"28436","commune_name":"Phường Thanh Hòa","commune_kind":"PHUONG","province_code":"82","province_name":"Tỉnh Đồng Tháp","area_km2":19.5,"valid_from":"16/6/2025","published":"13/07/2025","area_km2_geom":19.331769448235338,"quality_flag":null,"population":20903.0,"population_wp":16740.161232553422,"anchor_ratio":1.248673755862721,"pop_source":"WORLDPOP2025_ANCHORED_VNSDI","pop_density_ppkm2":1081.2771203366533,"n_stations":1,"n_ports":6,"power_kw_site":300.0,"ports_per_10k_pop":2.8704013777926614,"util_mean_port_weighted":0.4288236545415869,"dist_station_m_pop_weighted":3578.2552136963654}},{"type":"Feature","geometry":{"type":"Polygon","coordinates":[[[106.12658,10.41236],[106.12391,10.41252],[106.12276,10.41099],[106.12201,10.4078],[106.12175,10.40626],[106.12169,10.40508],[106.12165,10.40454],[106.11877,10.40496],[106.11858,10.40499],[106.11807,10.40508],[106.11774,10.40516],[106.11746,10.40525],[106.11707,10.40541],[106.11653,10.40564],[106.11621,10.40578],[106.11408,10.40268],[106.11336,10.40119],[106.11194,10.39595],[106.1133,10.39382],[106.11612,10.39161],[106.11634,10.39032],[106.11624,10.39012],[106.11604,10.38979],[106.11562,10.38915],[106.11529,10.38881],[106.11509,10.38864],[106.11434,10.38812],[106.11373,10.38772],[106.11363,10.38768],[106.11353,10.38767],[106.11346,10.38768],[106.11341,10.38773],[106.11329,10.38793],[106.11326,10.38799],[106.11317,10.38827],[106.11313,10.38842],[106.11312,10.38851],[106.11333,10.38923],[106.11244,10.39052],[106.11123,10.39208],[106.11033,10.39256],[106.11013,10.39253],[106.10983,10.39248],[106.10892,10.39212],[106.10583,10.3884],[106.10308,10.38554],[106.09836,10.38167],[106.09672,10.37868],[106.09618,10.3775],[106.09598,10.3761],[106.09559,10.37368],[106.09571,10.37342],[106.09617,10.37328],[106.09675,10.37335],[106.0972,10.3736],[106.0978,10.37383],[106.0984,10.37375],[106.09874,10.37339],[106.09987,10.37007],[106.1001,10.369],[106.1,10.36819],[106.09998,10.35583],[106.10001,10.3551],[106.10076,10.35368],[106.10125,10.35311],[106.10356,10.35133],[106.10447,10.35092],[106.10458,10.35086],[106.10646,10.35051],[106.10797,10.35024],[106.10966,10.35059],[106.11024,10.35088],[106.11083,10.35135],[106.1109,10.35164],[106.11068,10.35505],[106.11084,10.35528],[106.11751,10.35973],[106.11812,10.35994],[106.1188,10.35988],[106.12,10.35926],[106.12178,10.35718],[106.12443,10.35341],[106.12448,10.35335],[106.12787,10.35401],[106.12762,10.35551],[106.13056,10.35694],[106.13767,10.35914],[106.13859,10.35983],[106.13968,10.36107],[106.14054,10.36338],[106.14121,10.36937],[106.14244,10.37347],[106.1464,10.37382],[106.14644,10.37331],[106.14709,10.3763],[106.14834,10.37998],[106.14705,10.38465],[106.14676,10.3861],[106.14725,10.38858],[106.14853,10.3914],[106.15055,10.39278],[106.14868,10.39859],[106.14322,10.39809],[106.14296,10.39806],[106.14257,10.39807],[106.14234,10.39807],[106.14212,10.39807],[106.14123,10.39807],[106.14028,10.39809],[106.14025,10.39828],[106.14022,10.39873],[106.1402,10.40108],[106.14021,10.40177],[106.13991,10.40618],[106.13965,10.40981],[106.13939,10.40982],[106.13845,10.40982],[106.1374,10.40981],[106.13437,10.40976],[106.13248,10.41136],[106.12658,10.41236]]]},"properties":{"commune_code":"28439","commune_name":"Phường Cai Lậy","commune_kind":"PHUONG","province_code":"82","province_name":"Tỉnh Đồng Tháp","area_km2":25.5,"valid_from":"16/6/2025","published":"13/07/2025","area_km2_geom":25.36519134519877,"quality_flag":null,"population":34117.0,"population_wp":34992.269882276654,"anchor_ratio":0.9749867646419824,"pop_source":"WORLDPOP2025_ANCHORED_VNSDI","pop_density_ppkm2":1345.0322347541767,"n_stations":3,"n_ports":5,"power_kw_site":113.5,"ports_per_10k_pop":1.4655450361989624,"util_mean_port_weighted":0.3093555886651605,"dist_station_m_pop_weighted":1789.9849624709589}},{"type":"Feature","geometry":{"type":"Polygon","coordinates":[[[106.0111,10.53141],[106.00509,10.53199],[106.00509,10.53197],[106.00549,10.52556],[106.00913,10.51987],[106.00991,10.51866],[106.01041,10.51795],[106.01232,10.51498],[106.01335,10.51337],[106.01404,10.51227],[106.01724,10.50708],[106.01852,10.50498],[106.02117,10.50058],[106.02212,10.49899],[106.02798,10.48946],[106.0416,10.46784],[106.04514,10.46395],[106.05353,10.45527],[106.05613,10.45208],[106.06335,10.4567],[106.06724,10.46013],[106.07386,10.46089],[106.07722,10.46089],[106.08656,10.45989],[106.08848,10.45966],[106.09272,10.45907],[106.09307,10.46783],[106.09301,10.48249],[106.094,10.4829],[106.09033,10.49152],[106.09154,10.49633],[106.09392,10.50009],[106.0985,10.49904],[106.0948,10.51148],[106.09416,10.5132],[106.09172,10.52304],[106.08726,10.52349],[106.08176,10.52422],[106.07788,10.52462],[106.07743,10.52467],[106.06651,10.5258],[106.03346,10.52918],[106.01685,10.5309],[106.0111,10.53141]]]},"properties":{"commune_code":"28444","commune_name":"Xã Thạnh Phú","commune_kind":"XA","province_code":"82","province_name":"Tỉnh Đồng Tháp","area_km2":56.6,"valid_from":"16/6/2025","published":"13/07/2025","area_km2_geom":56.26885961167374,"quality_flag":null,"population":28430.999999999996,"population_wp":26083.873413030058,"anchor_ratio":1.0899838206467236,"pop_source":"WORLDPOP2025_ANCHORED_VNSDI","pop_density_ppkm2":505.2705918728376,"n_stations":0,"n_ports":0,"power_kw_site":0.0,"ports_per_10k_pop":0.0,"util_mean_port_weighted":null,"dist_station_m_pop_weighted":6658.546913920848}},{"type":"Feature","geometry":{"type":"Polygon","coordinates":[[[106.00186,10.53227],[106.00165,10.53229],[106.00165,10.53229],[106.00118,10.51659],[106.00099,10.50424],[106.00089,10.49716],[106.00073,10.481],[106.00056,10.4708],[106.00284,10.46789],[106.00496,10.46596],[106.00972,10.46164],[106.00864,10.45937],[106.01082,10.45623],[106.01745,10.44677],[106.0276,10.43231],[106.02845,10.43109],[106.03245,10.42533],[106.03536,10.4211],[106.03578,10.42043],[106.03582,10.42037],[106.034,10.41656],[106.03198,10.41103],[106.03444,10.40838],[106.04094,10.40158],[106.04446,10.39748],[106.04681,10.39514],[106.04681,10.39554],[106.04683,10.39586],[106.04695,10.39638],[106.04822,10.40165],[106.04843,10.40246],[106.04858,10.40287],[106.04879,10.40328],[106.04896,10.40352],[106.04924,10.40384],[106.04946,10.40405],[106.04993,10.40434],[106.05419,10.40668],[106.05834,10.40894],[106.0604,10.41005],[106.06116,10.41047],[106.0694,10.41492],[106.07101,10.41579],[106.07167,10.41611],[106.07329,10.41703],[106.07782,10.41984],[106.07798,10.42003],[106.07971,10.42265],[106.07953,10.4231],[106.07862,10.42507],[106.07847,10.42535],[106.07558,10.42896],[106.07447,10.43175],[106.07431,10.43499],[106.0744,10.44294],[106.07458,10.44552],[106.07552,10.44919],[106.0758,10.45002],[106.07585,10.45014],[106.0767,10.45161],[106.07679,10.45163],[106.07907,10.45179],[106.07944,10.45179],[106.0817,10.4518],[106.08258,10.45178],[106.09216,10.44984],[106.09272,10.45907],[106.08848,10.45966],[106.08656,10.45989],[106.07722,10.46089],[106.07386,10.46089],[106.06724,10.46013],[106.06335,10.4567],[106.05613,10.45208],[106.05353,10.45527],[106.04514,10.46395],[106.0416,10.46784],[106.02798,10.48946],[106.02212,10.49899],[106.02117,10.50058],[106.01852,10.50498],[106.01724,10.50708],[106.01404,10.51227],[106.01335,10.51337],[106.01232,10.51498],[106.01041,10.51795],[106.00991,10.51866],[106.00913,10.51987],[106.00549,10.52556],[106.00509,10.53197],[106.00509,10.53199],[106.00186,10.53227]]]},"properties":{"commune_code":"28456","commune_name":"Xã Mỹ Thành","commune_kind":"XA","province_code":"82","province_name":"Tỉnh Đồng Tháp","area_km2":52.3,"valid_from":"16/6/2025","published":"13/07/2025","area_km2_geom":52.88946740599449,"quality_flag":null,"population":35768.0,"population_wp":33130.18831987679,"anchor_ratio":1.0796195800233537,"pop_source":"WORLDPOP2025_ANCHORED_VNSDI","pop_density_ppkm2":676.2783169177094,"n_stations":0,"n_ports":0,"power_kw_site":0.0,"ports_per_10k_pop":0.0,"util_mean_port_weighted":null,"dist_station_m_pop_weighted":6994.441891841715}},{"type":"Feature","geometry":{"type":"Polygon","coordinates":[[[106.15022,10.48096],[106.14401,10.48257],[106.14389,10.48089],[106.14376,10.47773],[106.14372,10.47679],[106.1437,10.47643],[106.14366,10.47528],[106.1436,10.47341],[106.14381,10.47219],[106.14457,10.46793],[106.14468,10.46732],[106.14484,10.46651],[106.14543,10.46365],[106.14108,10.45961],[106.1385,10.45698],[106.14112,10.45013],[106.14113,10.44954],[106.14126,10.44838],[106.14217,10.44452],[106.14301,10.44197],[106.1433,10.44133],[106.14334,10.44125],[106.1438,10.44043],[106.14391,10.44029],[106.14623,10.4375],[106.14626,10.43746],[106.14798,10.43582],[106.1488,10.43505],[106.14958,10.43356],[106.14625,10.43172],[106.14612,10.43164],[106.14612,10.43162],[106.14617,10.43088],[106.14622,10.43028],[106.14629,10.42931],[106.14698,10.42093],[106.14813,10.41762],[106.14937,10.41406],[106.15046,10.41383],[106.15207,10.41347],[106.15321,10.4132],[106.15567,10.41235],[106.15618,10.41122],[106.15629,10.41061],[106.15629,10.4106],[106.15626,10.40992],[106.15757,10.40761],[106.15905,10.40523],[106.16019,10.40351],[106.16931,10.40312],[106.17333,10.40299],[106.17339,10.40299],[106.17357,10.403],[106.17377,10.403],[106.17427,10.40303],[106.17779,10.40327],[106.18625,10.40389],[106.18598,10.40515],[106.18396,10.4091],[106.18155,10.41379],[106.18103,10.41471],[106.18058,10.4152],[106.1795,10.41602],[106.17914,10.41653],[106.17884,10.41723],[106.17885,10.41786],[106.17903,10.41842],[106.17934,10.41882],[106.17973,10.41918],[106.18067,10.41974],[106.18157,10.42019],[106.18266,10.42047],[106.18334,10.42047],[106.18772,10.42027],[106.18913,10.42005],[106.19099,10.42029],[106.19375,10.421],[106.19429,10.42166],[106.19383,10.42402],[106.19277,10.43105],[106.19853,10.43306],[106.19784,10.43826],[106.19753,10.43984],[106.19566,10.44424],[106.1943,10.44578],[106.19355,10.44639],[106.19071,10.45159],[106.19077,10.45359],[106.1897,10.45425],[106.18896,10.45483],[106.18732,10.45638],[106.18718,10.45874],[106.18715,10.46031],[106.18719,10.46043],[106.187,10.46634],[106.1833,10.46925],[106.17991,10.47268],[106.17927,10.4736],[106.17849,10.47367],[106.17156,10.47547],[106.16351,10.47759],[106.15938,10.47867],[106.15022,10.48096]]]},"properties":{"commune_code":"28468","commune_name":"Xã Tân Phú","commune_kind":"XA","province_code":"82","province_name":"Tỉnh Đồng Tháp","area_km2":38.6,"valid_from":"16/6/2025","published":"13/07/2025","area_km2_geom":38.38759422924528,"quality_flag":null,"population":31360.0,"population_wp":22483.317137878388,"anchor_ratio":1.3948119758168056,"pop_source":"WORLDPOP2025_ANCHORED_VNSDI","pop_density_ppkm2":816.9305899380544,"n_stations":0,"n_ports":0,"power_kw_site":0.0,"ports_per_10k_pop":0.0,"util_mean_port_weighted":null,"dist_station_m_pop_weighted":5294.5664572119285}},{"type":"Feature","geometry":{"type":"Polygon","coordinates":[[[106.08258,10.45178],[106.0817,10.4518],[106.07944,10.45179],[106.07907,10.45179],[106.07679,10.45163],[106.0767,10.45161],[106.07585,10.45014],[106.0758,10.45002],[106.07552,10.44919],[106.07458,10.44552],[106.0744,10.44294],[106.07431,10.43499],[106.07447,10.43175],[106.07558,10.42896],[106.07847,10.42535],[106.07862,10.42507],[106.07953,10.4231],[106.07971,10.42265],[106.07798,10.42003],[106.07782,10.41984],[106.07329,10.41703],[106.07167,10.41611],[106.07101,10.41579],[106.0694,10.41492],[106.06116,10.41047],[106.0604,10.41005],[106.05834,10.40894],[106.05419,10.40668],[106.04993,10.40434],[106.04946,10.40405],[106.04924,10.40384],[106.04896,10.40352],[106.04879,10.40328],[106.04858,10.40287],[106.04843,10.40246],[106.04822,10.40165],[106.04695,10.39638],[106.04683,10.39586],[106.04681,10.39554],[106.04681,10.39514],[106.04651,10.39388],[106.04501,10.3875],[106.04125,10.37165],[106.04095,10.37046],[106.04038,10.36961],[106.04009,10.3693],[106.03977,10.36906],[106.03684,10.36606],[106.03577,10.3649],[106.03432,10.36105],[106.03387,10.35853],[106.03386,10.35826],[106.03383,10.3574],[106.03425,10.35547],[106.03628,10.35076],[106.04144,10.3485],[106.04759,10.34445],[106.05126,10.3456],[106.05456,10.34746],[106.05605,10.34835],[106.05648,10.34875],[106.05649,10.3488],[106.05741,10.35284],[106.0598,10.35818],[106.06088,10.35964],[106.06554,10.36655],[106.06569,10.3673],[106.06471,10.36818],[106.06325,10.3695],[106.06373,10.37021],[106.06425,10.37097],[106.06463,10.37149],[106.06522,10.37223],[106.06615,10.37336],[106.06758,10.37498],[106.06845,10.37582],[106.06904,10.37638],[106.07169,10.37399],[106.07172,10.37396],[106.07181,10.37387],[106.07185,10.37383],[106.0719,10.37376],[106.07192,10.37373],[106.07193,10.37372],[106.0721,10.37321],[106.07399,10.36481],[106.07377,10.36318],[106.07325,10.36179],[106.07331,10.35972],[106.07401,10.3593],[106.07477,10.35885],[106.07772,10.35713],[106.08016,10.35572],[106.08344,10.35329],[106.08598,10.35136],[106.08675,10.35073],[106.08839,10.34862],[106.08871,10.34777],[106.08871,10.34725],[106.08846,10.34663],[106.09043,10.34441],[106.09049,10.34436],[106.09138,10.34384],[106.09268,10.3431],[106.09304,10.3429],[106.0963,10.34238],[106.10037,10.34163],[106.10265,10.34318],[106.10268,10.3432],[106.10275,10.34324],[106.10283,10.3433],[106.10292,10.34336],[106.10303,10.34344],[106.10317,10.34353],[106.10324,10.34358],[106.10333,10.34365],[106.1035,10.34376],[106.10367,10.34388],[106.10384,10.344],[106.10401,10.34412],[106.10419,10.34424],[106.10441,10.34439],[106.1047,10.34459],[106.10503,10.34482],[106.10535,10.34505],[106.1056,10.34522],[106.10574,10.34532],[106.10581,10.34537],[106.10587,10.34541],[106.10592,10.34545],[106.10599,10.34549],[106.10606,10.34555],[106.10612,10.34559],[106.10619,10.34565],[106.10626,10.3457],[106.10631,10.34574],[106.10633,10.34576],[106.10634,10.34577],[106.10635,10.34579],[106.10636,10.34581],[106.10637,10.34584],[106.10638,10.34586],[106.10638,10.34589],[106.10447,10.35092],[106.10356,10.35133],[106.10125,10.35311],[106.10076,10.35368],[106.10001,10.3551],[106.09998,10.35583],[106.1,10.36819],[106.1001,10.369],[106.09987,10.37007],[106.09874,10.37339],[106.0984,10.37375],[106.0978,10.37383],[106.0972,10.3736],[106.09675,10.37335],[106.09617,10.37328],[106.09571,10.37342],[106.09559,10.37368],[106.09598,10.3761],[106.09283,10.37567],[106.09102,10.3751],[106.0904,10.37506],[106.08843,10.37565],[106.08703,10.37642],[106.08612,10.37735],[106.08544,10.37824],[106.08569,10.37842],[106.08657,10.3787],[106.08743,10.37879],[106.08899,10.37897],[106.0908,10.37925],[106.09019,10.38186],[106.08973,10.38274],[106.0879,10.38533],[106.08761,10.38546],[106.08715,10.38556],[106.08674,10.38587],[106.08424,10.38904],[106.08398,10.39212],[106.084,10.39215],[106.08457,10.39336],[106.08928,10.39738],[106.09266,10.39844],[106.09443,10.39939],[106.09609,10.40103],[106.09521,10.40243],[106.09208,10.40766],[106.09178,10.4086],[106.09193,10.4098],[106.0922,10.41031],[106.0949,10.41354],[106.09556,10.4143],[106.09659,10.4147],[106.09825,10.41466],[106.1018,10.4139],[106.102,10.41399],[106.10341,10.4161],[106.10369,10.41651],[106.10346,10.4169],[106.09859,10.423],[106.09797,10.42423],[106.09778,10.42488],[106.09904,10.42496],[106.10055,10.42502],[106.10129,10.42505],[106.10181,10.42526],[106.10363,10.42656],[106.10464,10.42728],[106.10338,10.43244],[106.10153,10.43989],[106.09462,10.43932],[106.09159,10.4396],[106.09145,10.43981],[106.09208,10.44831],[106.09216,10.44981],[106.09216,10.44984],[106.08258,10.45178]]]},"properties":{"commune_code":"28471","commune_name":"Xã Bình Phú","commune_kind":"XA","province_code":"82","province_name":"Tỉnh Đồng Tháp","area_km2":47.3,"valid_from":"16/6/2025","published":"13/07/2025","area_km2_geom":47.00304840951235,"quality_flag":null,"population":51081.0,"population_wp":46425.17951686308,"anchor_ratio":1.1002865369954204,"pop_source":"WORLDPOP2025_ANCHORED_VNSDI","pop_density_ppkm2":1086.7593002683282,"n_stations":0,"n_ports":0,"power_kw_site":0.0,"ports_per_10k_pop":0.0,"util_mean_port_weighted":null,"dist_station_m_pop_weighted":5413.241376762115}},{"type":"Feature","geometry":{"type":"Polygon","coordinates":[[[106.14958,10.43356],[106.1488,10.43505],[106.14407,10.43288],[106.13875,10.43037],[106.13803,10.42406],[106.1374,10.41682],[106.13432,10.41535],[106.13274,10.41492],[106.1327,10.41465],[106.13248,10.41136],[106.13437,10.40976],[106.1374,10.40981],[106.13845,10.40982],[106.13939,10.40982],[106.13965,10.40981],[106.13991,10.40618],[106.14021,10.40177],[106.1402,10.40108],[106.14022,10.39873],[106.14025,10.39828],[106.14028,10.39809],[106.14123,10.39807],[106.14212,10.39807],[106.14234,10.39807],[106.14257,10.39807],[106.14296,10.39806],[106.14322,10.39809],[106.14868,10.39859],[106.15055,10.39278],[106.14853,10.3914],[106.14725,10.38858],[106.14676,10.3861],[106.14705,10.38465],[106.14834,10.37998],[106.14709,10.3763],[106.14644,10.37331],[106.1465,10.37239],[106.1479,10.37222],[106.15607,10.37203],[106.15606,10.37299],[106.15865,10.37326],[106.15935,10.36863],[106.15927,10.36823],[106.1591,10.368],[106.15917,10.36796],[106.1618,10.36682],[106.16257,10.36658],[106.16304,10.36658],[106.16731,10.36893],[106.16781,10.3693],[106.16987,10.37167],[106.17099,10.37349],[106.1771,10.37371],[106.18222,10.37589],[106.18382,10.37864],[106.19026,10.38011],[106.19047,10.38377],[106.19543,10.38582],[106.19541,10.38721],[106.19528,10.39171],[106.19487,10.39898],[106.19063,10.40311],[106.18932,10.40408],[106.18758,10.40397],[106.18625,10.40389],[106.17779,10.40327],[106.17427,10.40303],[106.17377,10.403],[106.17357,10.403],[106.17339,10.40299],[106.17333,10.40299],[106.16931,10.40312],[106.16019,10.40351],[106.15905,10.40523],[106.15757,10.40761],[106.15626,10.40992],[106.15629,10.4106],[106.15629,10.41061],[106.15618,10.41122],[106.15567,10.41235],[106.15321,10.4132],[106.15207,10.41347],[106.15046,10.41383],[106.14937,10.41406],[106.14813,10.41762],[106.14698,10.42093],[106.14629,10.42931],[106.14622,10.43028],[106.14617,10.43088],[106.14612,10.43162],[106.14612,10.43164],[106.14625,10.43172],[106.14958,10.43356]]]},"properties":{"commune_code":"28477","commune_name":"Phường Nhị Quý","commune_kind":"PHUONG","province_code":"82","province_name":"Tỉnh Đồng Tháp","area_km2":21.4,"valid_from":"16/6/2025","published":"13/07/2025","area_km2_geom":21.752477314592028,"quality_flag":null,"population":27567.999999999996,"population_wp":22301.078132912517,"anchor_ratio":1.236173418867782,"pop_source":"WORLDPOP2025_ANCHORED_VNSDI","pop_density_ppkm2":1267.3499023261497,"n_stations":2,"n_ports":10,"power_kw_site":510.0,"ports_per_10k_pop":3.627394080092862,"util_mean_port_weighted":0.10026048603055951,"dist_station_m_pop_weighted":2997.890716931343}},{"type":"Feature","geometry":{"type":"Polygon","coordinates":[[[106.07169,10.37399],[106.06904,10.37638],[106.06845,10.37582],[106.06758,10.37498],[106.06615,10.37336],[106.06522,10.37223],[106.06463,10.37149],[106.06425,10.37097],[106.06373,10.37021],[106.06325,10.3695],[106.06471,10.36818],[106.06569,10.3673],[106.06554,10.36655],[106.06088,10.35964],[106.0598,10.35818],[106.05741,10.35284],[106.05649,10.3488],[106.05648,10.34875],[106.05605,10.34835],[106.05456,10.34746],[106.05126,10.3456],[106.04759,10.34445],[106.04743,10.34412],[106.04731,10.3436],[106.04711,10.34199],[106.04664,10.3366],[106.04672,10.33617],[106.0469,10.33591],[106.04943,10.33486],[106.0525,10.33462],[106.05383,10.33265],[106.05377,10.33102],[106.05316,10.32567],[106.05255,10.32246],[106.05217,10.32094],[106.04406,10.32371],[106.04021,10.32407],[106.0358,10.32449],[106.02885,10.32442],[106.02736,10.32404],[106.02134,10.32249],[106.00874,10.31977],[106.01143,10.31823],[106.01221,10.31778],[106.01872,10.31231],[106.01935,10.31175],[106.02553,10.30631],[106.02932,10.30299],[106.02973,10.30263],[106.03007,10.30233],[106.03327,10.30042],[106.03482,10.29949],[106.03541,10.29914],[106.03684,10.29823],[106.03875,10.29702],[106.04261,10.29509],[106.05131,10.29043],[106.05695,10.2873],[106.06806,10.28209],[106.07893,10.27774],[106.08682,10.27663],[106.09153,10.27695],[106.09893,10.27989],[106.10388,10.28319],[106.0885,10.29415],[106.08102,10.30123],[106.07754,10.30452],[106.07266,10.30918],[106.067,10.31389],[106.06615,10.31445],[106.06809,10.31747],[106.07499,10.31482],[106.08386,10.31168],[106.08429,10.31164],[106.08418,10.31167],[106.0845,10.31459],[106.08541,10.31635],[106.08764,10.31697],[106.08896,10.31705],[106.09389,10.31825],[106.09791,10.3214],[106.09713,10.32383],[106.09638,10.32618],[106.09492,10.33068],[106.09409,10.33257],[106.09408,10.3326],[106.09407,10.33327],[106.09421,10.3338],[106.09458,10.33476],[106.09526,10.33632],[106.09589,10.33733],[106.0967,10.33824],[106.10037,10.34163],[106.0963,10.34238],[106.09304,10.3429],[106.09268,10.3431],[106.09138,10.34384],[106.09049,10.34436],[106.09043,10.34441],[106.08846,10.34663],[106.08871,10.34725],[106.08871,10.34777],[106.08839,10.34862],[106.08675,10.35073],[106.08598,10.35136],[106.08344,10.35329],[106.08016,10.35572],[106.07772,10.35713],[106.07477,10.35885],[106.07401,10.3593],[106.07331,10.35972],[106.07325,10.36179],[106.07377,10.36318],[106.07399,10.36481],[106.0721,10.37321],[106.07193,10.37372],[106.07192,10.37373],[106.0719,10.37376],[106.07185,10.37383],[106.07181,10.37387],[106.07172,10.37396],[106.07169,10.37399]]]},"properties":{"commune_code":"28501","commune_name":"Xã Hiệp Đức","commune_kind":"XA","province_code":"82","province_name":"Tỉnh Đồng Tháp","area_km2":46.0,"valid_from":"16/6/2025","published":"13/07/2025","area_km2_geom":46.156555266036264,"quality_flag":null,"population":35734.0,"population_wp":23281.454967251047,"anchor_ratio":1.5348697085412133,"pop_source":"WORLDPOP2025_ANCHORED_VNSDI","pop_density_ppkm2":774.1912236309026,"n_stations":0,"n_ports":0,"power_kw_site":0.0,"ports_per_10k_pop":0.0,"util_mean_port_weighted":null,"dist_station_m_pop_weighted":5660.846562075831}},{"type":"Feature","geometry":{"type":"Polygon","coordinates":[[[106.19045,10.37478],[106.19026,10.38011],[106.18382,10.37864],[106.18222,10.37589],[106.1771,10.37371],[106.17099,10.37349],[106.16987,10.37167],[106.16781,10.3693],[106.16731,10.36893],[106.16304,10.36658],[106.16257,10.36658],[106.1618,10.36682],[106.15917,10.36796],[106.1591,10.368],[106.15927,10.36823],[106.15935,10.36863],[106.15865,10.37326],[106.15606,10.37299],[106.15607,10.37203],[106.1479,10.37222],[106.1465,10.37239],[106.14644,10.37331],[106.1464,10.37382],[106.14244,10.37347],[106.14121,10.36937],[106.14054,10.36338],[106.13968,10.36107],[106.13859,10.35983],[106.13767,10.35914],[106.13056,10.35694],[106.12762,10.35551],[106.12787,10.35401],[106.12448,10.35335],[106.12443,10.35341],[106.12178,10.35718],[106.12,10.35926],[106.1188,10.35988],[106.11812,10.35994],[106.11751,10.35973],[106.11084,10.35528],[106.11068,10.35505],[106.1109,10.35164],[106.11083,10.35135],[106.11024,10.35088],[106.10966,10.35059],[106.10797,10.35024],[106.10646,10.35051],[106.10458,10.35086],[106.10447,10.35092],[106.10638,10.34589],[106.10638,10.34586],[106.10637,10.34584],[106.10636,10.34581],[106.10635,10.34579],[106.10634,10.34577],[106.10633,10.34576],[106.10631,10.34574],[106.10626,10.3457],[106.10619,10.34565],[106.10612,10.34559],[106.10606,10.34555],[106.10599,10.34549],[106.10592,10.34545],[106.10587,10.34541],[106.10581,10.34537],[106.10574,10.34532],[106.1056,10.34522],[106.10535,10.34505],[106.10503,10.34482],[106.1047,10.34459],[106.10441,10.34439],[106.10419,10.34424],[106.10401,10.34412],[106.10384,10.344],[106.10367,10.34388],[106.1035,10.34376],[106.10333,10.34365],[106.10324,10.34358],[106.10317,10.34353],[106.10303,10.34344],[106.10292,10.34336],[106.10283,10.3433],[106.10275,10.34324],[106.10268,10.3432],[106.10265,10.34318],[106.10037,10.34163],[106.0967,10.33824],[106.09589,10.33733],[106.09526,10.33632],[106.09458,10.33476],[106.09421,10.3338],[106.09407,10.33327],[106.09408,10.3326],[106.09409,10.33257],[106.09492,10.33068],[106.09638,10.32618],[106.09713,10.32383],[106.09791,10.3214],[106.09389,10.31825],[106.08896,10.31705],[106.08764,10.31697],[106.08541,10.31635],[106.0845,10.31459],[106.08418,10.31167],[106.08429,10.31164],[106.08784,10.31133],[106.08962,10.31164],[106.09249,10.31214],[106.09913,10.31327],[106.10146,10.3131],[106.10701,10.30996],[106.10908,10.30879],[106.11471,10.30565],[106.11711,10.30524],[106.11739,10.30595],[106.11815,10.30806],[106.11818,10.30816],[106.11865,10.3095],[106.11912,10.31086],[106.11961,10.31225],[106.11967,10.31244],[106.1219,10.31891],[106.12375,10.32436],[106.12433,10.32609],[106.12482,10.32756],[106.12569,10.3301],[106.12597,10.33092],[106.1274,10.33049],[106.13114,10.32799],[106.14168,10.32751],[106.14789,10.32799],[106.14853,10.32805],[106.14895,10.32809],[106.15011,10.32822],[106.15018,10.32824],[106.15023,10.32827],[106.15029,10.32833],[106.15125,10.32944],[106.15504,10.33046],[106.15907,10.33083],[106.1616,10.33143],[106.1658,10.3326],[106.17151,10.33531],[106.17662,10.33733],[106.17718,10.33743],[106.17906,10.33781],[106.17967,10.33805],[106.18016,10.33828],[106.18255,10.34065],[106.18264,10.3414],[106.1834,10.34329],[106.18515,10.34524],[106.18974,10.35091],[106.19361,10.35593],[106.19637,10.35973],[106.19651,10.36105],[106.19653,10.36116],[106.19601,10.36386],[106.19528,10.36775],[106.19508,10.36876],[106.19345,10.37547],[106.19045,10.37478]]]},"properties":{"commune_code":"28504","commune_name":"Xã Long Tiên","commune_kind":"XA","province_code":"82","province_name":"Tỉnh Đồng Tháp","area_km2":44.6,"valid_from":"16/6/2025","published":"13/07/2025","area_km2_geom":44.42178691934005,"quality_flag":null,"population":43997.0,"population_wp":35286.347318891436,"anchor_ratio":1.2468561736466584,"pop_source":"WORLDPOP2025_ANCHORED_VNSDI","pop_density_ppkm2":990.4374193656062,"n_stations":2,"n_ports":5,"power_kw_site":93.5,"ports_per_10k_pop":1.1364411209855216,"util_mean_port_weighted":0.11536702967471157,"dist_station_m_pop_weighted":3881.8862697773834}},{"type":"Feature","geometry":{"type":"Polygon","coordinates":[[[106.1844,10.33795],[106.18255,10.34065],[106.18016,10.33828],[106.17967,10.33805],[106.17906,10.33781],[106.17718,10.33743],[106.17662,10.33733],[106.17151,10.33531],[106.1658,10.3326],[106.1616,10.33143],[106.15907,10.33083],[106.15504,10.33046],[106.15125,10.32944],[106.15029,10.32833],[106.15023,10.32827],[106.15018,10.32824],[106.15011,10.32822],[106.14895,10.32809],[106.14853,10.32805],[106.14789,10.32799],[106.14168,10.32751],[106.13114,10.32799],[106.1274,10.33049],[106.12597,10.33092],[106.12569,10.3301],[106.12482,10.32756],[106.12433,10.32609],[106.12375,10.32436],[106.1219,10.31891],[106.11967,10.31244],[106.11961,10.31225],[106.11912,10.31086],[106.11865,10.3095],[106.11818,10.30816],[106.11815,10.30806],[106.11739,10.30595],[106.11711,10.30524],[106.11471,10.30565],[106.10908,10.30879],[106.10701,10.30996],[106.10146,10.3131],[106.09913,10.31327],[106.09249,10.31214],[106.08962,10.31164],[106.08784,10.31133],[106.08429,10.31164],[106.08386,10.31168],[106.07499,10.31482],[106.06809,10.31747],[106.06615,10.31445],[106.067,10.31389],[106.07266,10.30918],[106.07754,10.30452],[106.08102,10.30123],[106.0885,10.29415],[106.10388,10.28319],[106.10582,10.28342],[106.10952,10.28387],[106.10971,10.28388],[106.11368,10.28404],[106.11727,10.28419],[106.12815,10.28381],[106.12872,10.28378],[106.13114,10.28365],[106.13118,10.28365],[106.13377,10.28361],[106.14504,10.28484],[106.15127,10.28756],[106.18001,10.3001],[106.1996,10.31265],[106.20296,10.3148],[106.20588,10.31535],[106.20471,10.32249],[106.20469,10.3225],[106.1984,10.32406],[106.19686,10.32442],[106.19502,10.32453],[106.19135,10.32469],[106.18867,10.3249],[106.18867,10.32843],[106.18859,10.33125],[106.18841,10.33415],[106.18766,10.33501],[106.1844,10.33795]]]},"properties":{"commune_code":"28516","commune_name":"Xã Ngũ Hiệp","commune_kind":"XA","province_code":"82","province_name":"Tỉnh Đồng Tháp","area_km2":47.9,"valid_from":"16/6/2025","published":"13/07/2025","area_km2_geom":47.901598582758645,"quality_flag":null,"population":40635.0,"population_wp":33567.83715773374,"anchor_ratio":1.2105337561385914,"pop_source":"WORLDPOP2025_ANCHORED_VNSDI","pop_density_ppkm2":848.3015432104153,"n_stations":0,"n_ports":0,"power_kw_site":0.0,"ports_per_10k_pop":0.0,"util_mean_port_weighted":null,"dist_station_m_pop_weighted":7292.921184519814}},{"type":"Feature","geometry":{"type":"Polygon","coordinates":[[[106.34235,10.47403],[106.34075,10.4754],[106.34022,10.47431],[106.33962,10.47255],[106.33775,10.46683],[106.3365,10.46103],[106.33633,10.46008],[106.33635,10.45968],[106.33654,10.45839],[106.33864,10.45847],[106.33996,10.45833],[106.34138,10.45694],[106.34239,10.45592],[106.34339,10.45479],[106.34398,10.45403],[106.34397,10.45369],[106.34321,10.45269],[106.34153,10.45054],[106.34144,10.45049],[106.34124,10.45042],[106.34107,10.45037],[106.33697,10.44984],[106.33681,10.44982],[106.3367,10.44981],[106.33658,10.44983],[106.33648,10.44986],[106.33564,10.45053],[106.33505,10.45102],[106.33364,10.4524],[106.33222,10.45358],[106.32971,10.45394],[106.32771,10.45131],[106.32687,10.447],[106.31632,10.44498],[106.31607,10.44493],[106.30754,10.44343],[106.30902,10.44201],[106.31381,10.43877],[106.3137,10.43861],[106.31328,10.43803],[106.31272,10.43725],[106.31215,10.43645],[106.31244,10.43535],[106.3181,10.42845],[106.32301,10.41883],[106.32392,10.41606],[106.32444,10.41386],[106.32425,10.41291],[106.32422,10.41281],[106.3239,10.41274],[106.32287,10.41261],[106.3224,10.41254],[106.31919,10.41139],[106.31888,10.41106],[106.31783,10.40972],[106.31771,10.40957],[106.31555,10.40535],[106.31556,10.40529],[106.32055,10.40276],[106.33249,10.39619],[106.34016,10.39129],[106.34009,10.39142],[106.3401,10.39295],[106.34147,10.39472],[106.3421,10.39543],[106.34427,10.39787],[106.34466,10.39842],[106.34517,10.40264],[106.34555,10.40582],[106.34694,10.41112],[106.34741,10.41164],[106.34775,10.41204],[106.34805,10.41243],[106.34828,10.41274],[106.34848,10.41306],[106.34893,10.4138],[106.35136,10.41911],[106.35057,10.41924],[106.35015,10.42031],[106.35013,10.42058],[106.3503,10.42223],[106.35094,10.42352],[106.3529,10.4243],[106.35301,10.42472],[106.3527,10.42575],[106.35082,10.4296],[106.3501,10.43037],[106.34952,10.43037],[106.34876,10.43011],[106.34859,10.43006],[106.34822,10.43017],[106.34755,10.43127],[106.34591,10.43445],[106.34543,10.43584],[106.34548,10.43675],[106.34603,10.43761],[106.34726,10.43896],[106.34754,10.43922],[106.34778,10.43954],[106.34783,10.43998],[106.34784,10.44034],[106.34746,10.44226],[106.34712,10.44569],[106.3457,10.45074],[106.34557,10.45114],[106.34571,10.45174],[106.34672,10.45357],[106.34711,10.4537],[106.35473,10.45522],[106.35633,10.45573],[106.35863,10.45607],[106.36141,10.45636],[106.36316,10.45629],[106.36442,10.45622],[106.36794,10.46043],[106.36799,10.46455],[106.35922,10.46691],[106.35086,10.46982],[106.34383,10.47165],[106.34235,10.47403]]]},"properties":{"commune_code":"28519","commune_name":"Xã Châu Thành","commune_kind":"XA","province_code":"82","province_name":"Tỉnh Đồng Tháp","area_km2":24.3,"valid_from":"16/6/2025","published":"13/07/2025","area_km2_geom":24.109463643895037,"quality_flag":null,"population":57070.0,"population_wp":59566.53567032516,"anchor_ratio":0.9580882849366564,"pop_source":"WORLDPOP2025_ANCHORED_VNSDI","pop_density_ppkm2":2367.1202662549144,"n_stations":1,"n_ports":6,"power_kw_site":120.0,"ports_per_10k_pop":1.051340459085334,"util_mean_port_weighted":0.2915691827771621,"dist_station_m_pop_weighted":2699.3583283344565}},{"type":"Feature","geometry":{"type":"Polygon","coordinates":[[[106.35346,10.52343],[106.35189,10.5241],[106.3475,10.5179],[106.34486,10.51658],[106.34279,10.51388],[106.34341,10.51137],[106.34359,10.5106],[106.34357,10.5106],[106.34162,10.51058],[106.34115,10.51061],[106.33653,10.511],[106.336,10.51111],[106.33567,10.51119],[106.33549,10.51123],[106.33388,10.5117],[106.33329,10.51189],[106.33282,10.51209],[106.33245,10.51229],[106.33204,10.51248],[106.33162,10.51267],[106.33135,10.51277],[106.33101,10.5129],[106.32992,10.51319],[106.32972,10.51323],[106.32952,10.51326],[106.32916,10.51294],[106.32906,10.51284],[106.32902,10.51279],[106.32613,10.5084],[106.32551,10.50734],[106.32562,10.50729],[106.32635,10.50706],[106.32815,10.5065],[106.33104,10.50541],[106.32926,10.50071],[106.32874,10.50072],[106.32146,10.50035],[106.31831,10.50001],[106.31408,10.49698],[106.31854,10.48834],[106.32315,10.47972],[106.3242,10.47085],[106.32517,10.46254],[106.32636,10.46028],[106.32622,10.46015],[106.31883,10.45997],[106.31894,10.45738],[106.31966,10.45497],[106.32172,10.45134],[106.32081,10.45071],[106.31806,10.45036],[106.31777,10.45176],[106.2986,10.44936],[106.30001,10.44206],[106.30754,10.44343],[106.31607,10.44493],[106.31632,10.44498],[106.32687,10.447],[106.32771,10.45131],[106.32971,10.45394],[106.33222,10.45358],[106.33364,10.4524],[106.33505,10.45102],[106.33564,10.45053],[106.33648,10.44986],[106.33658,10.44983],[106.3367,10.44981],[106.33681,10.44982],[106.33697,10.44984],[106.34107,10.45037],[106.34124,10.45042],[106.34144,10.45049],[106.34153,10.45054],[106.34321,10.45269],[106.34397,10.45369],[106.34398,10.45403],[106.34339,10.45479],[106.34239,10.45592],[106.34138,10.45694],[106.33996,10.45833],[106.33864,10.45847],[106.33654,10.45839],[106.33635,10.45968],[106.33633,10.46008],[106.3365,10.46103],[106.33775,10.46683],[106.33962,10.47255],[106.34022,10.47431],[106.34075,10.4754],[106.34235,10.47403],[106.34383,10.47165],[106.35086,10.46982],[106.35922,10.46691],[106.36799,10.46455],[106.3686,10.46442],[106.36942,10.46798],[106.3696,10.46932],[106.3705,10.47157],[106.37148,10.47335],[106.37191,10.47383],[106.37237,10.47409],[106.37365,10.47422],[106.37821,10.47372],[106.38752,10.47715],[106.38629,10.4779],[106.38393,10.47936],[106.37344,10.48634],[106.37147,10.48912],[106.37449,10.49421],[106.36937,10.49898],[106.37099,10.50136],[106.37178,10.50637],[106.37089,10.50721],[106.36854,10.5094],[106.36787,10.51406],[106.36912,10.51708],[106.36864,10.51873],[106.36647,10.52082],[106.36488,10.52154],[106.3641,10.52189],[106.36047,10.52267],[106.36019,10.52267],[106.35952,10.52266],[106.35781,10.52263],[106.35541,10.5226],[106.35346,10.52343]]]},"properties":{"commune_code":"28525","commune_name":"Xã Tân Hương","commune_kind":"XA","province_code":"82","province_name":"Tỉnh Đồng Tháp","area_km2":35.1,"valid_from":"16/6/2025","published":"13/07/2025","area_km2_geom":35.31039695182197,"quality_flag":null,"population":67210.0,"population_wp":48996.78357521817,"anchor_ratio":1.3717226947524326,"pop_source":"WORLDPOP2025_ANCHORED_VNSDI","pop_density_ppkm2":1903.4053933662178,"n_stations":4,"n_ports":25,"power_kw_site":734.5,"ports_per_10k_pop":3.7196845707484005,"util_mean_port_weighted":0.19896039671375973,"dist_station_m_pop_weighted":2065.542582783681}},{"type":"Feature","geometry":{"type":"Polygon","coordinates":[[[106.30902,10.44201],[106.30754,10.44343],[106.30001,10.44206],[106.28725,10.43978],[106.28898,10.43434],[106.29029,10.43022],[106.28863,10.43006],[106.28776,10.43038],[106.28671,10.43077],[106.28658,10.43103],[106.28646,10.43131],[106.28638,10.43138],[106.28575,10.43156],[106.28468,10.43183],[106.28338,10.43154],[106.2842,10.42742],[106.28523,10.42486],[106.28467,10.42484],[106.28043,10.42519],[106.27777,10.4257],[106.27312,10.41998],[106.27322,10.41957],[106.27332,10.41914],[106.27446,10.41586],[106.27664,10.40979],[106.28395,10.40703],[106.28825,10.40481],[106.29404,10.39547],[106.28703,10.3961],[106.2848,10.39659],[106.28105,10.39707],[106.27968,10.39724],[106.27101,10.3982],[106.26739,10.39857],[106.26427,10.39885],[106.2569,10.3995],[106.26224,10.38823],[106.26437,10.3838],[106.26326,10.38345],[106.2619,10.38329],[106.25987,10.38308],[106.25897,10.38283],[106.25851,10.38266],[106.25809,10.38243],[106.25816,10.38182],[106.25847,10.37921],[106.25884,10.37653],[106.25958,10.37436],[106.25863,10.36823],[106.25814,10.36689],[106.25721,10.36676],[106.25669,10.36582],[106.25666,10.36576],[106.2566,10.36538],[106.25646,10.36303],[106.25645,10.36268],[106.26057,10.36151],[106.26262,10.3625],[106.26275,10.36248],[106.26278,10.36244],[106.26321,10.36188],[106.26435,10.3603],[106.26441,10.36017],[106.26488,10.3592],[106.26568,10.35646],[106.26507,10.35574],[106.26461,10.35532],[106.26826,10.3508],[106.27739,10.34801],[106.2787,10.34791],[106.27994,10.34792],[106.28086,10.34793],[106.281,10.3482],[106.28187,10.35358],[106.28198,10.35446],[106.2827,10.35963],[106.28336,10.36333],[106.28355,10.36424],[106.28359,10.36431],[106.28371,10.36444],[106.29484,10.36265],[106.2973,10.36207],[106.2982,10.36033],[106.29821,10.36029],[106.29823,10.36021],[106.29823,10.3601],[106.29802,10.35935],[106.29782,10.35866],[106.29777,10.35858],[106.29772,10.35855],[106.29761,10.35853],[106.29752,10.35833],[106.29731,10.35745],[106.29717,10.35674],[106.29678,10.35322],[106.29764,10.3531],[106.30192,10.35282],[106.30383,10.3528],[106.30455,10.35301],[106.3067,10.35409],[106.3066,10.35704],[106.30618,10.36794],[106.3056,10.38245],[106.30536,10.38877],[106.30626,10.3917],[106.30987,10.39197],[106.3113,10.3969],[106.31608,10.3954],[106.31894,10.4032],[106.31894,10.4032],[106.32003,10.40297],[106.32055,10.40276],[106.31556,10.40529],[106.31555,10.40535],[106.31771,10.40957],[106.31783,10.40972],[106.31888,10.41106],[106.31919,10.41139],[106.3224,10.41254],[106.32287,10.41261],[106.3239,10.41274],[106.32422,10.41281],[106.32425,10.41291],[106.32444,10.41386],[106.32392,10.41606],[106.32301,10.41883],[106.3181,10.42845],[106.31244,10.43535],[106.31215,10.43645],[106.31272,10.43725],[106.31328,10.43803],[106.3137,10.43861],[106.31381,10.43877],[106.30902,10.44201]]]},"properties":{"commune_code":"28537","commune_name":"Xã Long Hưng","commune_kind":"XA","province_code":"82","province_name":"Tỉnh Đồng Tháp","area_km2":43.3,"valid_from":"16/6/2025","published":"13/07/2025","area_km2_geom":42.53813275281958,"quality_flag":null,"population":47304.0,"population_wp":36156.62572526187,"anchor_ratio":1.308307925619002,"pop_source":"WORLDPOP2025_ANCHORED_VNSDI","pop_density_ppkm2":1112.037528183804,"n_stations":2,"n_ports":21,"power_kw_site":1010.0,"ports_per_10k_pop":4.439370877727042,"util_mean_port_weighted":0.378328725849305,"dist_station_m_pop_weighted":3613.799715739637}},{"type":"Feature","geometry":{"type":"Polygon","coordinates":[[[106.21426,10.45445],[106.21372,10.45459],[106.2135,10.45451],[106.21184,10.44964],[106.21141,10.44823],[106.21073,10.44688],[106.20908,10.44612],[106.20724,10.4459],[106.20722,10.4459],[106.20706,10.44618],[106.2092,10.44162],[106.21422,10.43083],[106.21594,10.42689],[106.21748,10.42332],[106.21934,10.42004],[106.22115,10.41801],[106.2225,10.41639],[106.2227,10.41616],[106.22285,10.41597],[106.22274,10.41477],[106.2219,10.40742],[106.22135,10.40583],[106.22068,10.40601],[106.22004,10.40619],[106.21944,10.4062],[106.2168,10.406],[106.21265,10.40567],[106.21217,10.40092],[106.21236,10.39991],[106.21347,10.39446],[106.21358,10.39396],[106.21377,10.39304],[106.21397,10.39217],[106.21405,10.39214],[106.21662,10.39178],[106.2197,10.39029],[106.21978,10.39022],[106.22076,10.38925],[106.22108,10.38572],[106.22173,10.38252],[106.22206,10.38202],[106.22394,10.38224],[106.22524,10.38261],[106.23029,10.38546],[106.23312,10.3841],[106.2341,10.38406],[106.23451,10.38408],[106.23534,10.38413],[106.23592,10.38425],[106.23727,10.38454],[106.23778,10.38567],[106.23805,10.38649],[106.23882,10.38709],[106.23978,10.38778],[106.24142,10.38853],[106.24371,10.38744],[106.24384,10.38619],[106.24404,10.3825],[106.2443,10.37991],[106.24529,10.37059],[106.24658,10.35861],[106.24667,10.35761],[106.24673,10.35694],[106.24675,10.35682],[106.25037,10.35983],[106.25178,10.36059],[106.25534,10.36245],[106.25624,10.36267],[106.25643,10.36268],[106.25645,10.36268],[106.25646,10.36303],[106.2566,10.36538],[106.25666,10.36576],[106.25669,10.36582],[106.25721,10.36676],[106.25814,10.36689],[106.25863,10.36823],[106.25958,10.37436],[106.25884,10.37653],[106.25847,10.37921],[106.25816,10.38182],[106.25809,10.38243],[106.25851,10.38266],[106.25897,10.38283],[106.25987,10.38308],[106.2619,10.38329],[106.26326,10.38345],[106.26437,10.3838],[106.26224,10.38823],[106.2569,10.3995],[106.26427,10.39885],[106.26739,10.39857],[106.27101,10.3982],[106.27968,10.39724],[106.28105,10.39707],[106.2848,10.39659],[106.28703,10.3961],[106.29404,10.39547],[106.28825,10.40481],[106.28395,10.40703],[106.27664,10.40979],[106.27446,10.41586],[106.27332,10.41914],[106.27322,10.41957],[106.27312,10.41998],[106.27777,10.4257],[106.28043,10.42519],[106.28467,10.42484],[106.28523,10.42486],[106.2842,10.42742],[106.28338,10.43154],[106.28468,10.43183],[106.28575,10.43156],[106.28638,10.43138],[106.28646,10.43131],[106.28658,10.43103],[106.28671,10.43077],[106.28776,10.43038],[106.28863,10.43006],[106.29029,10.43022],[106.28898,10.43434],[106.28725,10.43978],[106.27226,10.43712],[106.27154,10.4409],[106.26705,10.43828],[106.2644,10.43661],[106.26227,10.43528],[106.26194,10.43509],[106.25322,10.43369],[106.24559,10.43216],[106.24209,10.43132],[106.23885,10.43095],[106.23497,10.44047],[106.23314,10.44306],[106.22873,10.44589],[106.21426,10.45445]]]},"properties":{"commune_code":"28543","commune_name":"Xã Long Định","commune_kind":"XA","province_code":"82","province_name":"Tỉnh Đồng Tháp","area_km2":43.8,"valid_from":"16/6/2025","published":"13/07/2025","area_km2_geom":44.72501294602499,"quality_flag":null,"population":48391.0,"population_wp":37818.50645750016,"anchor_ratio":1.2795587275341251,"pop_source":"WORLDPOP2025_ANCHORED_VNSDI","pop_density_ppkm2":1081.967266468971,"n_stations":0,"n_ports":0,"power_kw_site":0.0,"ports_per_10k_pop":0.0,"util_mean_port_weighted":null,"dist_station_m_pop_weighted":4301.9856828986685}},{"type":"Feature","geometry":{"type":"Polygon","coordinates":[[[106.20706,10.44618],[106.20295,10.45507],[106.19248,10.45438],[106.19175,10.45421],[106.19077,10.45359],[106.19071,10.45159],[106.19355,10.44639],[106.1943,10.44578],[106.19566,10.44424],[106.19753,10.43984],[106.19784,10.43826],[106.19853,10.43306],[106.19277,10.43105],[106.19383,10.42402],[106.19429,10.42166],[106.19375,10.421],[106.19099,10.42029],[106.18913,10.42005],[106.18772,10.42027],[106.18334,10.42047],[106.18266,10.42047],[106.18157,10.42019],[106.18067,10.41974],[106.17973,10.41918],[106.17934,10.41882],[106.17903,10.41842],[106.17885,10.41786],[106.17884,10.41723],[106.17914,10.41653],[106.1795,10.41602],[106.18058,10.4152],[106.18103,10.41471],[106.18155,10.41379],[106.18396,10.4091],[106.18598,10.40515],[106.18625,10.40389],[106.18758,10.40397],[106.18932,10.40408],[106.19063,10.40311],[106.19487,10.39898],[106.19528,10.39171],[106.19541,10.38721],[106.19543,10.38582],[106.19047,10.38377],[106.19026,10.38011],[106.19045,10.37478],[106.19345,10.37547],[106.19508,10.36876],[106.19528,10.36775],[106.20028,10.36807],[106.20582,10.3681],[106.21225,10.36942],[106.21637,10.37035],[106.21717,10.37046],[106.21765,10.368],[106.21817,10.36462],[106.21902,10.36361],[106.22512,10.36405],[106.2346,10.3649],[106.24295,10.36601],[106.24488,10.36405],[106.24498,10.36393],[106.24505,10.3638],[106.24508,10.36372],[106.24511,10.36339],[106.24515,10.36285],[106.24517,10.36225],[106.24517,10.36177],[106.24517,10.36173],[106.24517,10.36173],[106.24502,10.36075],[106.24492,10.36027],[106.2448,10.35968],[106.24472,10.3585],[106.24523,10.35851],[106.24658,10.35861],[106.24529,10.37059],[106.2443,10.37991],[106.24404,10.3825],[106.24384,10.38619],[106.24371,10.38744],[106.24142,10.38853],[106.23978,10.38778],[106.23882,10.38709],[106.23805,10.38649],[106.23778,10.38567],[106.23727,10.38454],[106.23592,10.38425],[106.23534,10.38413],[106.23451,10.38408],[106.2341,10.38406],[106.23312,10.3841],[106.23029,10.38546],[106.22524,10.38261],[106.22394,10.38224],[106.22206,10.38202],[106.22173,10.38252],[106.22108,10.38572],[106.22076,10.38925],[106.21978,10.39022],[106.2197,10.39029],[106.21662,10.39178],[106.21405,10.39214],[106.21397,10.39217],[106.21377,10.39304],[106.21358,10.39396],[106.21347,10.39446],[106.21236,10.39991],[106.21217,10.40092],[106.21265,10.40567],[106.2168,10.406],[106.21944,10.4062],[106.22004,10.40619],[106.22068,10.40601],[106.22135,10.40583],[106.2219,10.40742],[106.22274,10.41477],[106.22285,10.41597],[106.2227,10.41616],[106.2225,10.41639],[106.22115,10.41801],[106.21934,10.42004],[106.21748,10.42332],[106.21594,10.42689],[106.21422,10.43083],[106.2092,10.44162],[106.20706,10.44618]]]},"properties":{"commune_code":"28564","commune_name":"Xã Bình Trưng","commune_kind":"XA","province_code":"82","province_name":"Tỉnh Đồng Tháp","area_km2":31.2,"valid_from":"16/6/2025","published":"13/07/2025","area_km2_geom":31.132287801788642,"quality_flag":null,"population":34618.0,"population_wp":24440.25496943295,"anchor_ratio":1.4164336682778556,"pop_source":"WORLDPOP2025_ANCHORED_VNSDI","pop_density_ppkm2":1111.9645372805237,"n_stations":1,"n_ports":28,"power_kw_site":548.0,"ports_per_10k_pop":8.088277774568144,"util_mean_port_weighted":0.04539539998167324,"dist_station_m_pop_weighted":6363.718022206095}},{"type":"Feature","geometry":{"type":"Polygon","coordinates":[[[106.21765,10.368],[106.21717,10.37046],[106.21637,10.37035],[106.21225,10.36942],[106.20582,10.3681],[106.20028,10.36807],[106.19528,10.36775],[106.19601,10.36386],[106.19653,10.36116],[106.19651,10.36105],[106.19637,10.35973],[106.19361,10.35593],[106.18974,10.35091],[106.18515,10.34524],[106.1834,10.34329],[106.18264,10.3414],[106.18255,10.34065],[106.1844,10.33795],[106.18766,10.33501],[106.18841,10.33415],[106.18859,10.33125],[106.18867,10.32843],[106.18867,10.3249],[106.19135,10.32469],[106.19502,10.32453],[106.19686,10.32442],[106.1984,10.32406],[106.20469,10.3225],[106.20471,10.32249],[106.20588,10.31535],[106.2088,10.3159],[106.2126,10.31662],[106.21732,10.31693],[106.22183,10.31723],[106.22164,10.32361],[106.22186,10.32541],[106.22194,10.33061],[106.21904,10.33705],[106.21757,10.3399],[106.21763,10.34023],[106.219,10.3412],[106.2195,10.34147],[106.22,10.34173],[106.22131,10.34222],[106.22168,10.34134],[106.22203,10.34051],[106.22237,10.33981],[106.22602,10.34055],[106.22768,10.34132],[106.23037,10.34526],[106.23527,10.34808],[106.24087,10.35033],[106.24114,10.35043],[106.24141,10.35049],[106.24317,10.34854],[106.24441,10.34642],[106.24811,10.34583],[106.24839,10.34726],[106.24868,10.34869],[106.24902,10.34951],[106.25208,10.34926],[106.25357,10.34868],[106.25426,10.34948],[106.25575,10.35199],[106.25496,10.35407],[106.25525,10.35753],[106.2554,10.35782],[106.25578,10.35821],[106.25948,10.36086],[106.26025,10.36133],[106.26057,10.36151],[106.25645,10.36268],[106.25643,10.36268],[106.25624,10.36267],[106.25534,10.36245],[106.25178,10.36059],[106.25037,10.35983],[106.24675,10.35682],[106.24673,10.35694],[106.24667,10.35761],[106.24658,10.35861],[106.24523,10.35851],[106.24472,10.3585],[106.2448,10.35968],[106.24492,10.36027],[106.24502,10.36075],[106.24517,10.36173],[106.24517,10.36173],[106.24517,10.36177],[106.24517,10.36225],[106.24515,10.36285],[106.24511,10.36339],[106.24508,10.36372],[106.24505,10.3638],[106.24498,10.36393],[106.24488,10.36405],[106.24295,10.36601],[106.2346,10.3649],[106.22512,10.36405],[106.21902,10.36361],[106.21817,10.36462],[106.21765,10.368]]]},"properties":{"commune_code":"28576","commune_name":"Xã Vĩnh Kim","commune_kind":"XA","province_code":"82","province_name":"Tỉnh Đồng Tháp","area_km2":25.6,"valid_from":"16/6/2025","published":"13/07/2025","area_km2_geom":25.242990347501554,"quality_flag":null,"population":31466.0,"population_wp":16576.06578310579,"anchor_ratio":1.8982791460727626,"pop_source":"WORLDPOP2025_ANCHORED_VNSDI","pop_density_ppkm2":1246.5242654230296,"n_stations":0,"n_ports":0,"power_kw_site":0.0,"ports_per_10k_pop":0.0,"util_mean_port_weighted":null,"dist_station_m_pop_weighted":7872.420554117563}},{"type":"Feature","geometry":{"type":"Polygon","coordinates":[[[106.29484,10.36265],[106.28371,10.36444],[106.28359,10.36431],[106.28355,10.36424],[106.28336,10.36333],[106.2827,10.35963],[106.28198,10.35446],[106.28187,10.35358],[106.281,10.3482],[106.28086,10.34793],[106.27994,10.34792],[106.2787,10.34791],[106.27739,10.34801],[106.26826,10.3508],[106.26461,10.35532],[106.26507,10.35574],[106.26568,10.35646],[106.26488,10.3592],[106.26441,10.36017],[106.26435,10.3603],[106.26321,10.36188],[106.26278,10.36244],[106.26275,10.36248],[106.26262,10.3625],[106.26057,10.36151],[106.26025,10.36133],[106.25948,10.36086],[106.25578,10.35821],[106.2554,10.35782],[106.25525,10.35753],[106.25496,10.35407],[106.25575,10.35199],[106.25426,10.34948],[106.25357,10.34868],[106.25208,10.34926],[106.24902,10.34951],[106.24868,10.34869],[106.24839,10.34726],[106.24811,10.34583],[106.24441,10.34642],[106.24317,10.34854],[106.24141,10.35049],[106.24114,10.35043],[106.24087,10.35033],[106.23527,10.34808],[106.23037,10.34526],[106.22768,10.34132],[106.22602,10.34055],[106.22237,10.33981],[106.22203,10.34051],[106.22168,10.34134],[106.22131,10.34222],[106.22,10.34173],[106.2195,10.34147],[106.219,10.3412],[106.21763,10.34023],[106.21757,10.3399],[106.21904,10.33705],[106.22194,10.33061],[106.22186,10.32541],[106.22164,10.32361],[106.22183,10.31723],[106.23827,10.31833],[106.24888,10.32076],[106.24899,10.32079],[106.25289,10.32168],[106.25989,10.32329],[106.27745,10.32619],[106.27968,10.32567],[106.28985,10.33143],[106.29614,10.33346],[106.30133,10.33498],[106.31406,10.33747],[106.31306,10.3401],[106.31232,10.3416],[106.31094,10.34425],[106.30931,10.34733],[106.30804,10.34975],[106.30745,10.35139],[106.30723,10.35208],[106.30684,10.35356],[106.3067,10.35409],[106.30455,10.35301],[106.30383,10.3528],[106.30192,10.35282],[106.29764,10.3531],[106.29678,10.35322],[106.29717,10.35674],[106.29731,10.35745],[106.29752,10.35833],[106.29761,10.35853],[106.29772,10.35855],[106.29777,10.35858],[106.29782,10.35866],[106.29802,10.35935],[106.29823,10.3601],[106.29823,10.36021],[106.29821,10.36029],[106.2982,10.36033],[106.2973,10.36207],[106.29484,10.36265]]]},"properties":{"commune_code":"28582","commune_name":"Xã Kim Sơn","commune_kind":"XA","province_code":"82","province_name":"Tỉnh Đồng Tháp","area_km2":29.4,"valid_from":"16/6/2025","published":"13/07/2025","area_km2_geom":29.621183807214827,"quality_flag":null,"population":29382.000000000004,"population_wp":25419.905539233238,"anchor_ratio":1.1558658215567184,"pop_source":"WORLDPOP2025_ANCHORED_VNSDI","pop_density_ppkm2":991.9252448257464,"n_stations":1,"n_ports":4,"power_kw_site":47.0,"ports_per_10k_pop":1.3613777142468175,"util_mean_port_weighted":0.09902996070726916,"dist_station_m_pop_weighted":3485.573640441039}},{"type":"Feature","geometry":{"type":"Polygon","coordinates":[[[106.42424,10.39221],[106.42358,10.39247],[106.41717,10.39241],[106.41673,10.3896],[106.41199,10.38793],[106.40972,10.38661],[106.40628,10.38019],[106.40565,10.37971],[106.40464,10.37906],[106.40765,10.37197],[106.40811,10.37128],[106.40837,10.37087],[106.41094,10.36698],[106.41157,10.36546],[106.41288,10.35991],[106.41294,10.35962],[106.41363,10.35618],[106.41394,10.34986],[106.41325,10.34988],[106.41171,10.34991],[106.41155,10.34992],[106.41078,10.34994],[106.41017,10.34996],[106.41039,10.34785],[106.41089,10.34313],[106.41139,10.34324],[106.41379,10.34337],[106.41453,10.34341],[106.41693,10.3434],[106.41989,10.34265],[106.42023,10.34261],[106.42275,10.34227],[106.42663,10.3418],[106.42977,10.34178],[106.43356,10.34195],[106.43708,10.34294],[106.43894,10.34369],[106.44415,10.34568],[106.44976,10.34783],[106.4518,10.34837],[106.45456,10.34829],[106.45531,10.34826],[106.45725,10.34825],[106.45873,10.34843],[106.45947,10.34866],[106.46117,10.34838],[106.46196,10.34825],[106.46293,10.34804],[106.46499,10.34738],[106.4654,10.34724],[106.46731,10.34638],[106.47024,10.34505],[106.47277,10.34323],[106.47291,10.34313],[106.47966,10.34942],[106.47979,10.34955],[106.47988,10.34963],[106.48032,10.35008],[106.48016,10.356],[106.47669,10.3575],[106.47531,10.3579],[106.47303,10.35505],[106.46882,10.35453],[106.46816,10.35448],[106.46771,10.35451],[106.46744,10.35461],[106.46668,10.3554],[106.46476,10.35545],[106.45885,10.35619],[106.45828,10.35628],[106.45828,10.35676],[106.45828,10.35748],[106.45921,10.3599],[106.46038,10.36811],[106.46041,10.37005],[106.46045,10.37232],[106.45974,10.37529],[106.45971,10.37536],[106.45931,10.37534],[106.45714,10.37522],[106.45593,10.37485],[106.45538,10.37233],[106.45566,10.37116],[106.45567,10.3711],[106.45573,10.3707],[106.4558,10.37026],[106.45581,10.37004],[106.45587,10.36866],[106.45092,10.36892],[106.45094,10.3659],[106.44882,10.36535],[106.44787,10.36518],[106.44731,10.36651],[106.44717,10.36712],[106.44699,10.36833],[106.44665,10.37117],[106.44672,10.37421],[106.44511,10.37796],[106.44391,10.38071],[106.4435,10.38058],[106.44285,10.38038],[106.44194,10.38029],[106.44182,10.38028],[106.43787,10.38126],[106.43052,10.38642],[106.42832,10.38948],[106.4272,10.39033],[106.42586,10.39126],[106.42424,10.39221]]]},"properties":{"commune_code":"28594","commune_name":"Xã Chợ Gạo","commune_kind":"XA","province_code":"82","province_name":"Tỉnh Đồng Tháp","area_km2":25.2,"valid_from":"16/6/2025","published":"13/07/2025","area_km2_geom":24.92992276822412,"quality_flag":null,"population":33793.0,"population_wp":30989.44250207022,"anchor_ratio":1.0904681488782024,"pop_source":"WORLDPOP2025_ANCHORED_VNSDI","pop_density_ppkm2":1355.5196425667564,"n_stations":0,"n_ports":0,"power_kw_site":0.0,"ports_per_10k_pop":0.0,"util_mean_port_weighted":null,"dist_station_m_pop_weighted":2712.3426938604935}},{"type":"Feature","geometry":{"type":"Polygon","coordinates":[[[106.40387,10.49317],[106.40362,10.49329],[106.40241,10.49021],[106.40059,10.48532],[106.39791,10.48634],[106.3961,10.48677],[106.39608,10.48656],[106.39589,10.48476],[106.39484,10.48059],[106.39379,10.47843],[106.39183,10.47723],[106.39009,10.47677],[106.38957,10.47664],[106.38781,10.47707],[106.38752,10.47715],[106.37821,10.47372],[106.37365,10.47422],[106.37237,10.47409],[106.37191,10.47383],[106.37148,10.47335],[106.3705,10.47157],[106.3696,10.46932],[106.36942,10.46798],[106.3686,10.46442],[106.36799,10.46455],[106.36794,10.46043],[106.36442,10.45622],[106.36316,10.45629],[106.36141,10.45636],[106.35863,10.45607],[106.35633,10.45573],[106.35473,10.45522],[106.34711,10.4537],[106.34672,10.45357],[106.34571,10.45174],[106.34557,10.45114],[106.3457,10.45074],[106.34712,10.44569],[106.34746,10.44226],[106.34838,10.44262],[106.35224,10.44151],[106.35417,10.44057],[106.35769,10.44073],[106.36172,10.44166],[106.36287,10.442],[106.36333,10.44216],[106.36471,10.44268],[106.36485,10.44274],[106.36511,10.44288],[106.36527,10.443],[106.3654,10.44313],[106.36552,10.44325],[106.36608,10.44401],[106.36596,10.44425],[106.37032,10.44972],[106.3741,10.45353],[106.37491,10.45358],[106.37515,10.45355],[106.37564,10.45346],[106.37596,10.45333],[106.37614,10.45319],[106.37641,10.45295],[106.3764,10.45294],[106.37554,10.45131],[106.37509,10.45064],[106.37416,10.44934],[106.37679,10.4484],[106.38093,10.44754],[106.38502,10.4472],[106.38616,10.44606],[106.38729,10.44404],[106.38809,10.44245],[106.39122,10.44121],[106.39474,10.44003],[106.39394,10.43559],[106.39193,10.43485],[106.38883,10.43443],[106.38471,10.43385],[106.38324,10.42617],[106.3837,10.42586],[106.3849,10.42507],[106.38537,10.42484],[106.38572,10.42471],[106.38619,10.42457],[106.38662,10.42451],[106.38697,10.42452],[106.38815,10.42462],[106.38831,10.42464],[106.38847,10.42469],[106.38859,10.42475],[106.39004,10.42545],[106.39303,10.42692],[106.39573,10.42841],[106.39645,10.42919],[106.39652,10.42925],[106.40006,10.4278],[106.40103,10.42725],[106.40157,10.42685],[106.40321,10.4253],[106.40363,10.42491],[106.40683,10.42614],[106.40764,10.42652],[106.41105,10.42949],[106.41869,10.42903],[106.42105,10.43395],[106.42116,10.43404],[106.42664,10.4361],[106.4296,10.43721],[106.43404,10.44021],[106.43836,10.44312],[106.43914,10.44365],[106.44204,10.4455],[106.45183,10.45045],[106.45226,10.45057],[106.45266,10.45057],[106.45355,10.45055],[106.45324,10.45067],[106.45224,10.45135],[106.44705,10.45486],[106.44273,10.4578],[106.44252,10.45817],[106.44197,10.45914],[106.44186,10.45961],[106.44102,10.46345],[106.43949,10.46631],[106.43901,10.4667],[106.43872,10.46683],[106.4355,10.46834],[106.43477,10.46885],[106.4342,10.46925],[106.43413,10.46934],[106.4306,10.4735],[106.42343,10.47903],[106.41976,10.48114],[106.41716,10.48416],[106.41682,10.48729],[106.41288,10.48955],[106.40387,10.49317]]]},"properties":{"commune_code":"28603","commune_name":"Xã Mỹ Tịnh An","commune_kind":"XA","province_code":"82","province_name":"Tỉnh Đồng Tháp","area_km2":41.2,"valid_from":"16/6/2025","published":"13/07/2025","area_km2_geom":42.10241353308537,"quality_flag":null,"population":36958.0,"population_wp":35880.87863960862,"anchor_ratio":1.0300193696818325,"pop_source":"WORLDPOP2025_ANCHORED_VNSDI","pop_density_ppkm2":877.8119090716086,"n_stations":1,"n_ports":0,"power_kw_site":0.0,"ports_per_10k_pop":0.0,"util_mean_port_weighted":null,"dist_station_m_pop_weighted":4075.4116443773178}},{"type":"Feature","geometry":{"type":"Polygon","coordinates":[[[106.37515,10.45355],[106.37491,10.45358],[106.3741,10.45353],[106.37032,10.44972],[106.36596,10.44425],[106.36608,10.44401],[106.36552,10.44325],[106.3654,10.44313],[106.36527,10.443],[106.36511,10.44288],[106.36485,10.44274],[106.36471,10.44268],[106.36333,10.44216],[106.36287,10.442],[106.36172,10.44166],[106.35769,10.44073],[106.35417,10.44057],[106.35224,10.44151],[106.34838,10.44262],[106.34746,10.44226],[106.34784,10.44034],[106.34783,10.43998],[106.34778,10.43954],[106.34754,10.43922],[106.34726,10.43896],[106.34603,10.43761],[106.34548,10.43675],[106.34543,10.43584],[106.34591,10.43445],[106.34755,10.43127],[106.34822,10.43017],[106.34859,10.43006],[106.34876,10.43011],[106.34952,10.43037],[106.3501,10.43037],[106.35082,10.4296],[106.3527,10.42575],[106.35301,10.42472],[106.3529,10.4243],[106.35094,10.42352],[106.3503,10.42223],[106.35013,10.42058],[106.35015,10.42031],[106.35057,10.41924],[106.35136,10.41911],[106.34893,10.4138],[106.34848,10.41306],[106.34828,10.41274],[106.34805,10.41243],[106.34775,10.41204],[106.34741,10.41164],[106.34694,10.41112],[106.34555,10.40582],[106.34517,10.40264],[106.34601,10.40296],[106.34628,10.40292],[106.34773,10.40245],[106.34942,10.40123],[106.3509,10.39955],[106.35205,10.39807],[106.35333,10.39695],[106.35464,10.39634],[106.35517,10.39617],[106.35702,10.39624],[106.36573,10.39716],[106.36538,10.39812],[106.36456,10.40092],[106.37892,10.40493],[106.37956,10.4049],[106.38059,10.40485],[106.38282,10.4043],[106.3846,10.40333],[106.3873,10.39842],[106.39153,10.39617],[106.39748,10.39585],[106.39903,10.39713],[106.39948,10.39847],[106.40081,10.40052],[106.40132,10.4005],[106.40188,10.4001],[106.40248,10.39866],[106.40302,10.39668],[106.40343,10.39441],[106.40326,10.39311],[106.40285,10.39205],[106.4028,10.39123],[106.40304,10.39087],[106.40562,10.38892],[106.40972,10.38661],[106.41199,10.38793],[106.41673,10.3896],[106.41717,10.39241],[106.41768,10.3931],[106.41887,10.39474],[106.41791,10.39581],[106.41769,10.39597],[106.41727,10.39801],[106.41769,10.39982],[106.41802,10.40009],[106.41864,10.4006],[106.4194,10.40117],[106.41998,10.40149],[106.42017,10.40156],[106.42032,10.40155],[106.42046,10.40151],[106.42297,10.40273],[106.42508,10.40463],[106.42843,10.41181],[106.4259,10.41311],[106.42583,10.41321],[106.42354,10.41632],[106.42203,10.41878],[106.41821,10.42503],[106.41767,10.42694],[106.41849,10.42864],[106.41869,10.42903],[106.41105,10.42949],[106.40764,10.42652],[106.40683,10.42614],[106.40363,10.42491],[106.40321,10.4253],[106.40157,10.42685],[106.40103,10.42725],[106.40006,10.4278],[106.39652,10.42925],[106.39645,10.42919],[106.39573,10.42841],[106.39303,10.42692],[106.39004,10.42545],[106.38859,10.42475],[106.38847,10.42469],[106.38831,10.42464],[106.38815,10.42462],[106.38697,10.42452],[106.38662,10.42451],[106.38619,10.42457],[106.38572,10.42471],[106.38537,10.42484],[106.3849,10.42507],[106.3837,10.42586],[106.38324,10.42617],[106.38471,10.43385],[106.38883,10.43443],[106.39193,10.43485],[106.39394,10.43559],[106.39474,10.44003],[106.39122,10.44121],[106.38809,10.44245],[106.38729,10.44404],[106.38616,10.44606],[106.38502,10.4472],[106.38093,10.44754],[106.37679,10.4484],[106.37416,10.44934],[106.37509,10.45064],[106.37554,10.45131],[106.3764,10.45294],[106.37641,10.45295],[106.37614,10.45319],[106.37596,10.45333],[106.37564,10.45346],[106.37515,10.45355]]]},"properties":{"commune_code":"28615","commune_name":"Xã Lương Hòa Lạc","commune_kind":"XA","province_code":"82","province_name":"Tỉnh Đồng Tháp","area_km2":35.3,"valid_from":"16/6/2025","published":"13/07/2025","area_km2_geom":35.64760098379951,"quality_flag":null,"population":37661.0,"population_wp":36919.66686028242,"anchor_ratio":1.020079627005386,"pop_source":"WORLDPOP2025_ANCHORED_VNSDI","pop_density_ppkm2":1056.480631532975,"n_stations":0,"n_ports":0,"power_kw_site":0.0,"ports_per_10k_pop":0.0,"util_mean_port_weighted":null,"dist_station_m_pop_weighted":4140.131620471279}},{"type":"Feature","geometry":{"type":"Polygon","coordinates":[[[106.51934,10.42522],[106.51291,10.42882],[106.5097,10.42772],[106.5089,10.42498],[106.50766,10.42305],[106.50509,10.42125],[106.50418,10.42074],[106.50178,10.4194],[106.4865,10.40849],[106.4862,10.4079],[106.48595,10.40742],[106.4859,10.40682],[106.48636,10.40626],[106.48638,10.40623],[106.48663,10.40573],[106.48663,10.40545],[106.48663,10.40487],[106.48637,10.4039],[106.48568,10.40345],[106.48435,10.40284],[106.4786,10.40019],[106.47357,10.39868],[106.47211,10.39864],[106.47057,10.3986],[106.46679,10.39968],[106.46185,10.39966],[106.46147,10.39897],[106.46023,10.39719],[106.45872,10.39589],[106.45617,10.39496],[106.45567,10.39508],[106.45417,10.39547],[106.44784,10.39842],[106.44736,10.39975],[106.44688,10.40228],[106.44775,10.40408],[106.44797,10.40409],[106.44911,10.4041],[106.4501,10.40365],[106.45037,10.40353],[106.45126,10.40313],[106.45229,10.40266],[106.45377,10.40258],[106.45575,10.40247],[106.45706,10.40478],[106.45708,10.40489],[106.45711,10.40515],[106.45741,10.40764],[106.45408,10.41122],[106.45175,10.41234],[106.44965,10.41237],[106.44542,10.41243],[106.44538,10.41244],[106.44244,10.41227],[106.43923,10.41209],[106.43633,10.41192],[106.4306,10.41184],[106.42843,10.41181],[106.42508,10.40463],[106.42297,10.40273],[106.42046,10.40151],[106.42032,10.40155],[106.42017,10.40156],[106.41998,10.40149],[106.4194,10.40117],[106.41864,10.4006],[106.41802,10.40009],[106.41769,10.39982],[106.41727,10.39801],[106.41769,10.39597],[106.41791,10.39581],[106.41887,10.39474],[106.41768,10.3931],[106.41717,10.39241],[106.42358,10.39247],[106.42424,10.39221],[106.42586,10.39126],[106.4272,10.39033],[106.42832,10.38948],[106.43052,10.38642],[106.43787,10.38126],[106.44182,10.38028],[106.44194,10.38029],[106.44285,10.38038],[106.4435,10.38058],[106.44391,10.38071],[106.44511,10.37796],[106.44672,10.37421],[106.44665,10.37117],[106.44699,10.36833],[106.44717,10.36712],[106.44731,10.36651],[106.44787,10.36518],[106.44882,10.36535],[106.45094,10.3659],[106.45092,10.36892],[106.45587,10.36866],[106.45581,10.37004],[106.4558,10.37026],[106.45573,10.3707],[106.45567,10.3711],[106.45566,10.37116],[106.45538,10.37233],[106.45593,10.37485],[106.45714,10.37522],[106.45931,10.37534],[106.45971,10.37536],[106.45974,10.37529],[106.46045,10.37232],[106.46041,10.37005],[106.46038,10.36811],[106.45921,10.3599],[106.45828,10.35748],[106.45828,10.35676],[106.45828,10.35628],[106.45885,10.35619],[106.46476,10.35545],[106.46668,10.3554],[106.47098,10.35927],[106.48008,10.36757],[106.49055,10.37714],[106.49072,10.3773],[106.49233,10.37877],[106.51985,10.40421],[106.52423,10.40829],[106.52446,10.40851],[106.5229,10.40951],[106.52378,10.41097],[106.52487,10.41221],[106.5278,10.41461],[106.52817,10.41504],[106.528,10.41537],[106.52692,10.4171],[106.52565,10.41835],[106.5241,10.41984],[106.51934,10.42522]]]},"properties":{"commune_code":"28627","commune_name":"Xã Tân Thuận Bình","commune_kind":"XA","province_code":"82","province_name":"Tỉnh Đồng Tháp","area_km2":39.9,"valid_from":"16/6/2025","published":"13/07/2025","area_km2_geom":39.31545789849132,"quality_flag":null,"population":40031.0,"population_wp":33642.13855033368,"anchor_ratio":1.189906519768582,"pop_source":"WORLDPOP2025_ANCHORED_VNSDI","pop_density_ppkm2":1018.2000195280987,"n_stations":2,"n_ports":18,"power_kw_site":660.0,"ports_per_10k_pop":4.496515200719442,"util_mean_port_weighted":0.14274841762268264,"dist_station_m_pop_weighted":3887.2954029095604}},{"type":"Feature","geometry":{"type":"Polygon","coordinates":[[[106.54442,10.41333],[106.54334,10.41336],[106.5422,10.41318],[106.54123,10.41263],[106.54014,10.41151],[106.53839,10.40985],[106.53715,10.40921],[106.53609,10.40909],[106.53457,10.40978],[106.53348,10.41017],[106.53187,10.4105],[106.53081,10.41048],[106.5302,10.41032],[106.52629,10.4092],[106.52446,10.40851],[106.52423,10.40829],[106.51985,10.40421],[106.49233,10.37877],[106.49072,10.3773],[106.49055,10.37714],[106.48008,10.36757],[106.47098,10.35927],[106.46668,10.3554],[106.46744,10.35461],[106.46771,10.35451],[106.46816,10.35448],[106.46882,10.35453],[106.47303,10.35505],[106.47531,10.3579],[106.47669,10.3575],[106.48016,10.356],[106.48032,10.35008],[106.47988,10.34963],[106.47979,10.34955],[106.47966,10.34942],[106.47291,10.34313],[106.47298,10.34308],[106.47404,10.34201],[106.47552,10.34026],[106.47743,10.336],[106.4776,10.33549],[106.47802,10.33426],[106.47892,10.33163],[106.48027,10.32939],[106.48072,10.3289],[106.48105,10.32856],[106.48126,10.32836],[106.48378,10.32588],[106.48385,10.32581],[106.48489,10.32492],[106.48914,10.32249],[106.49162,10.32135],[106.49275,10.32142],[106.49352,10.32164],[106.49429,10.32186],[106.49547,10.32254],[106.49575,10.32279],[106.49602,10.32339],[106.49631,10.32413],[106.49653,10.32451],[106.49757,10.3251],[106.50065,10.32642],[106.50309,10.32695],[106.51365,10.32785],[106.51374,10.32785],[106.52357,10.32751],[106.52486,10.32776],[106.52383,10.33466],[106.5228,10.3372],[106.52148,10.33892],[106.52125,10.3403],[106.52161,10.34179],[106.52277,10.34317],[106.52558,10.34486],[106.52584,10.34504],[106.52664,10.34558],[106.52667,10.34611],[106.52671,10.34782],[106.5267,10.34863],[106.52665,10.34983],[106.52657,10.35026],[106.52166,10.35182],[106.52168,10.35506],[106.52168,10.3556],[106.51546,10.35466],[106.5151,10.3579],[106.515,10.35896],[106.51485,10.36128],[106.5149,10.36187],[106.51876,10.36407],[106.5206,10.36495],[106.52289,10.3657],[106.52317,10.36576],[106.52467,10.36622],[106.52791,10.36766],[106.53003,10.3686],[106.53548,10.37231],[106.53731,10.37544],[106.54055,10.38559],[106.54261,10.39214],[106.54295,10.39357],[106.54758,10.39765],[106.54896,10.39829],[106.54991,10.39858],[106.54943,10.403],[106.5491,10.40552],[106.54759,10.40955],[106.54723,10.41039],[106.54659,10.41184],[106.54604,10.41263],[106.54522,10.41309],[106.54442,10.41333]]]},"properties":{"commune_code":"28633","commune_name":"Xã An Thạnh Thủy","commune_kind":"XA","province_code":"82","province_name":"Tỉnh Đồng Tháp","area_km2":42.7,"valid_from":"16/6/2025","published":"13/07/2025","area_km2_geom":42.993201927721216,"quality_flag":null,"population":41198.0,"population_wp":26489.626013465226,"anchor_ratio":1.5552503451373079,"pop_source":"WORLDPOP2025_ANCHORED_VNSDI","pop_density_ppkm2":958.2445166391828,"n_stations":0,"n_ports":0,"power_kw_site":0.0,"ports_per_10k_pop":0.0,"util_mean_port_weighted":null,"dist_station_m_pop_weighted":4625.7970171676325}},{"type":"Feature","geometry":{"type":"Polygon","coordinates":[[[106.46117,10.34838],[106.45947,10.34866],[106.45873,10.34843],[106.45725,10.34825],[106.45531,10.34826],[106.45456,10.34829],[106.4518,10.34837],[106.44976,10.34783],[106.44415,10.34568],[106.43894,10.34369],[106.43708,10.34294],[106.43356,10.34195],[106.42977,10.34178],[106.42663,10.3418],[106.42275,10.34227],[106.42023,10.34261],[106.41989,10.34265],[106.41693,10.3434],[106.41453,10.34341],[106.41379,10.34337],[106.41139,10.34324],[106.41089,10.34313],[106.41086,10.34313],[106.40926,10.34279],[106.40491,10.34098],[106.40215,10.33972],[106.40207,10.33968],[106.40145,10.33724],[106.40073,10.33438],[106.39791,10.33548],[106.40403,10.33187],[106.43141,10.31633],[106.44292,10.30895],[106.44364,10.30889],[106.44364,10.30889],[106.46991,10.3069],[106.47252,10.30764],[106.48395,10.30839],[106.49117,10.308],[106.49247,10.30804],[106.50175,10.30754],[106.50177,10.30754],[106.50178,10.30754],[106.50178,10.30754],[106.50178,10.30754],[106.51008,10.30659],[106.51911,10.30555],[106.52288,10.30506],[106.52572,10.30462],[106.52786,10.30419],[106.53201,10.30317],[106.53959,10.29999],[106.54284,10.29815],[106.54496,10.29695],[106.54538,10.29979],[106.54708,10.30394],[106.54898,10.31131],[106.55075,10.31526],[106.55395,10.32133],[106.55729,10.32433],[106.56012,10.32613],[106.55931,10.32811],[106.5587,10.32925],[106.55834,10.32969],[106.55732,10.33054],[106.55681,10.33097],[106.5565,10.33114],[106.55623,10.33122],[106.5434,10.33149],[106.53486,10.3309],[106.53441,10.33055],[106.53435,10.33052],[106.53226,10.32957],[106.52872,10.32852],[106.52752,10.32819],[106.52488,10.32759],[106.52486,10.32776],[106.52357,10.32751],[106.51374,10.32785],[106.51365,10.32785],[106.50309,10.32695],[106.50065,10.32642],[106.49757,10.3251],[106.49653,10.32451],[106.49631,10.32413],[106.49602,10.32339],[106.49575,10.32279],[106.49547,10.32254],[106.49429,10.32186],[106.49352,10.32164],[106.49275,10.32142],[106.49162,10.32135],[106.48914,10.32249],[106.48489,10.32492],[106.48385,10.32581],[106.48378,10.32588],[106.48126,10.32836],[106.48105,10.32856],[106.48072,10.3289],[106.48027,10.32939],[106.47892,10.33163],[106.47802,10.33426],[106.4776,10.33549],[106.47743,10.336],[106.47552,10.34026],[106.47404,10.34201],[106.47298,10.34308],[106.47291,10.34313],[106.47277,10.34323],[106.47024,10.34505],[106.46731,10.34638],[106.4654,10.34724],[106.46499,10.34738],[106.46293,10.34804],[106.46196,10.34825],[106.46117,10.34838]]]},"properties":{"commune_code":"28648","commune_name":"Xã Bình Ninh","commune_kind":"XA","province_code":"82","province_name":"Tỉnh Đồng Tháp","area_km2":46.6,"valid_from":"16/6/2025","published":"13/07/2025","area_km2_geom":47.26462867900336,"quality_flag":null,"population":36131.0,"population_wp":18939.007746580988,"anchor_ratio":1.9077557010093436,"pop_source":"WORLDPOP2025_ANCHORED_VNSDI","pop_density_ppkm2":764.4405765965678,"n_stations":2,"n_ports":22,"power_kw_site":787.0,"ports_per_10k_pop":6.088954083750796,"util_mean_port_weighted":0.06035946680402167,"dist_station_m_pop_weighted":3340.8427393951206}},{"type":"Feature","geometry":{"type":"Polygon","coordinates":[[[106.61082,10.3745],[106.60902,10.37522],[106.60809,10.37302],[106.60493,10.37214],[106.60201,10.371],[106.60043,10.37012],[106.60066,10.36597],[106.60071,10.36499],[106.60101,10.36335],[106.601,10.36132],[106.59999,10.35901],[106.59851,10.35737],[106.58983,10.35702],[106.58921,10.357],[106.58906,10.35699],[106.58807,10.35699],[106.58802,10.35699],[106.58419,10.35705],[106.58383,10.35706],[106.58352,10.35708],[106.58269,10.35712],[106.58268,10.35712],[106.5823,10.35714],[106.58089,10.35723],[106.56878,10.35702],[106.56013,10.35675],[106.55845,10.3567],[106.55715,10.35666],[106.55649,10.35665],[106.55573,10.35663],[106.55513,10.35783],[106.54762,10.36431],[106.54598,10.36535],[106.5427,10.36515],[106.53743,10.36471],[106.53544,10.3644],[106.53418,10.36395],[106.53267,10.36372],[106.52925,10.36351],[106.52884,10.36426],[106.52829,10.3657],[106.52791,10.36766],[106.52467,10.36622],[106.52317,10.36576],[106.52289,10.3657],[106.5206,10.36495],[106.51876,10.36407],[106.5149,10.36187],[106.51485,10.36128],[106.515,10.35896],[106.5151,10.3579],[106.51546,10.35466],[106.52168,10.3556],[106.52168,10.35506],[106.52166,10.35182],[106.52657,10.35026],[106.52665,10.34983],[106.5267,10.34863],[106.52671,10.34782],[106.52667,10.34611],[106.52664,10.34558],[106.52584,10.34504],[106.52558,10.34486],[106.52277,10.34317],[106.52161,10.34179],[106.52125,10.3403],[106.52148,10.33892],[106.5228,10.3372],[106.52383,10.33466],[106.52486,10.32776],[106.52488,10.32759],[106.52752,10.32819],[106.52872,10.32852],[106.53226,10.32957],[106.53435,10.33052],[106.53441,10.33055],[106.53486,10.3309],[106.5434,10.33149],[106.55623,10.33122],[106.5565,10.33114],[106.55681,10.33097],[106.55732,10.33054],[106.55834,10.32969],[106.5587,10.32925],[106.55931,10.32811],[106.56012,10.32613],[106.56012,10.32614],[106.56167,10.32704],[106.56174,10.32709],[106.56629,10.33472],[106.56624,10.33534],[106.5666,10.3364],[106.56694,10.33684],[106.56722,10.33702],[106.56799,10.33751],[106.56812,10.33735],[106.56979,10.33529],[106.57326,10.3341],[106.57839,10.33289],[106.58029,10.33255],[106.58419,10.33187],[106.58859,10.332],[106.59103,10.33387],[106.59553,10.33247],[106.60012,10.33087],[106.60182,10.33026],[106.60931,10.33024],[106.60982,10.32794],[106.61173,10.32806],[106.61733,10.32827],[106.6203,10.32805],[106.6246,10.32758],[106.6274,10.32799],[106.62726,10.33001],[106.62718,10.33146],[106.62718,10.3326],[106.6272,10.33332],[106.6272,10.33333],[106.6273,10.33445],[106.62752,10.33846],[106.62757,10.33944],[106.62764,10.3407],[106.62765,10.3417],[106.62763,10.34264],[106.62763,10.34279],[106.62745,10.34275],[106.62712,10.34269],[106.62678,10.34264],[106.62636,10.34259],[106.62607,10.34256],[106.62513,10.3425],[106.62294,10.34238],[106.62246,10.34236],[106.62209,10.34236],[106.62209,10.34236],[106.62225,10.34823],[106.61997,10.35642],[106.61846,10.36483],[106.62066,10.36888],[106.61624,10.37289],[106.61192,10.37398],[106.61082,10.3745]]]},"properties":{"commune_code":"28651","commune_name":"Xã Vĩnh Bình","commune_kind":"XA","province_code":"82","province_name":"Tỉnh Đồng Tháp","area_km2":39.8,"valid_from":"16/6/2025","published":"13/07/2025","area_km2_geom":39.01504474819608,"quality_flag":null,"population":44540.00000000001,"population_wp":37068.56357512623,"anchor_ratio":1.2015572146390712,"pop_source":"WORLDPOP2025_ANCHORED_VNSDI","pop_density_ppkm2":1141.6108910668206,"n_stations":2,"n_ports":22,"power_kw_site":457.5,"ports_per_10k_pop":4.939380332285586,"util_mean_port_weighted":0.0700204915612523,"dist_station_m_pop_weighted":3787.7994885646985}},{"type":"Feature","geometry":{"type":"Polygon","coordinates":[[[106.52935,10.43257],[106.52927,10.4326],[106.52845,10.43259],[106.52754,10.43248],[106.52653,10.43218],[106.52602,10.43194],[106.52535,10.43162],[106.52519,10.43154],[106.5231,10.42945],[106.51934,10.42522],[106.5241,10.41984],[106.52565,10.41835],[106.52692,10.4171],[106.528,10.41537],[106.52817,10.41504],[106.5278,10.41461],[106.52487,10.41221],[106.52378,10.41097],[106.5229,10.40951],[106.52446,10.40851],[106.52629,10.4092],[106.5302,10.41032],[106.53081,10.41048],[106.53187,10.4105],[106.53348,10.41017],[106.53457,10.40978],[106.53609,10.40909],[106.53715,10.40921],[106.53839,10.40985],[106.54014,10.41151],[106.54123,10.41263],[106.5422,10.41318],[106.54334,10.41336],[106.54442,10.41333],[106.54522,10.41309],[106.54604,10.41263],[106.54659,10.41184],[106.54723,10.41039],[106.54759,10.40955],[106.5491,10.40552],[106.54943,10.403],[106.54991,10.39858],[106.54896,10.39829],[106.54758,10.39765],[106.54295,10.39357],[106.54261,10.39214],[106.54055,10.38559],[106.53731,10.37544],[106.53548,10.37231],[106.53003,10.3686],[106.52791,10.36766],[106.52829,10.3657],[106.52884,10.36426],[106.52925,10.36351],[106.53267,10.36372],[106.53418,10.36395],[106.53544,10.3644],[106.53743,10.36471],[106.5427,10.36515],[106.54598,10.36535],[106.54762,10.36431],[106.55513,10.35783],[106.55573,10.35663],[106.55649,10.35665],[106.55715,10.35666],[106.55845,10.3567],[106.56013,10.35675],[106.56878,10.35702],[106.58089,10.35723],[106.5823,10.35714],[106.58268,10.35712],[106.58269,10.35712],[106.58352,10.35708],[106.58383,10.35706],[106.58419,10.35705],[106.58802,10.35699],[106.58807,10.35699],[106.58906,10.35699],[106.58921,10.357],[106.58983,10.35702],[106.59851,10.35737],[106.59999,10.35901],[106.601,10.36132],[106.60101,10.36335],[106.60071,10.36499],[106.60066,10.36597],[106.60043,10.37012],[106.60201,10.371],[106.60493,10.37214],[106.60809,10.37302],[106.60902,10.37522],[106.60906,10.3753],[106.60909,10.37538],[106.60911,10.37545],[106.60914,10.37552],[106.60915,10.37558],[106.60917,10.37564],[106.60919,10.37572],[106.60921,10.37584],[106.60925,10.37599],[106.60928,10.37614],[106.60929,10.37618],[106.6093,10.37625],[106.60931,10.3763],[106.60932,10.37632],[106.60932,10.37635],[106.60934,10.37644],[106.60953,10.37744],[106.60957,10.37766],[106.60961,10.37788],[106.60965,10.37809],[106.60969,10.3783],[106.60973,10.37852],[106.60977,10.37873],[106.6098,10.3789],[106.60983,10.37902],[106.60984,10.3791],[106.60985,10.37918],[106.60987,10.37926],[106.60988,10.37935],[106.60989,10.37944],[106.6099,10.37953],[106.60991,10.3796],[106.60991,10.37961],[106.60991,10.37963],[106.60991,10.37964],[106.60991,10.37964],[106.60991,10.37965],[106.60991,10.37968],[106.60991,10.37969],[106.60992,10.37971],[106.60992,10.37973],[106.60992,10.37977],[106.60992,10.37978],[106.60991,10.37981],[106.6099,10.37984],[106.60989,10.37986],[106.60988,10.37989],[106.60987,10.37991],[106.60987,10.37993],[106.60986,10.37995],[106.60952,10.38081],[106.60762,10.38557],[106.59746,10.38863],[106.59456,10.38946],[106.59135,10.39032],[106.59064,10.3905],[106.58989,10.39341],[106.58988,10.39346],[106.5898,10.39486],[106.58968,10.3973],[106.59034,10.39891],[106.59121,10.39966],[106.59175,10.40073],[106.59175,10.40073],[106.59176,10.40191],[106.59049,10.40717],[106.58909,10.40921],[106.5879,10.41018],[106.58682,10.4103],[106.5854,10.4097],[106.5853,10.40966],[106.58346,10.40924],[106.58238,10.40914],[106.57966,10.41507],[106.57897,10.41484],[106.57531,10.41412],[106.5744,10.41423],[106.57406,10.41428],[106.57286,10.41448],[106.57214,10.4146],[106.57069,10.41463],[106.56855,10.4146],[106.56726,10.41451],[106.5632,10.41362],[106.56136,10.41313],[106.56036,10.41287],[106.56006,10.41286],[106.55938,10.41285],[106.55872,10.41338],[106.5587,10.41344],[106.55828,10.41427],[106.55815,10.41538],[106.55869,10.42004],[106.55892,10.42168],[106.55891,10.42228],[106.5589,10.42275],[106.55882,10.42323],[106.55877,10.42353],[106.55846,10.42412],[106.55724,10.42482],[106.54852,10.42828],[106.54676,10.42883],[106.54652,10.4289],[106.54593,10.42892],[106.54526,10.42894],[106.54519,10.42894],[106.54446,10.42875],[106.54423,10.42869],[106.54347,10.42818],[106.54298,10.42784],[106.54196,10.42641],[106.54126,10.42519],[106.54028,10.42348],[106.54006,10.4231],[106.53954,10.42233],[106.53882,10.42213],[106.53766,10.4225],[106.53615,10.42372],[106.53509,10.42559],[106.53428,10.42703],[106.53175,10.43111],[106.53123,10.43151],[106.53043,10.43214],[106.52936,10.43257],[106.52935,10.43257]]]},"properties":{"commune_code":"28660","commune_name":"Xã Đồng Sơn","commune_kind":"XA","province_code":"82","province_name":"Tỉnh Đồng Tháp","area_km2":44.3,"valid_from":"16/6/2025","published":"13/07/2025","area_km2_geom":44.438505902243634,"quality_flag":null,"population":40405.0,"population_wp":32765.980257317424,"anchor_ratio":1.233138751921716,"pop_source":"WORLDPOP2025_ANCHORED_VNSDI","pop_density_ppkm2":909.233989299357,"n_stations":0,"n_ports":0,"power_kw_site":0.0,"ports_per_10k_pop":0.0,"util_mean_port_weighted":null,"dist_station_m_pop_weighted":6147.816240549835}},{"type":"Feature","geometry":{"type":"Polygon","coordinates":[[[106.60113,10.42572],[106.60109,10.42673],[106.59947,10.42625],[106.59815,10.4258],[106.59668,10.42525],[106.58981,10.42489],[106.58681,10.42548],[106.5872,10.42469],[106.58783,10.42263],[106.58811,10.42169],[106.58778,10.41965],[106.58746,10.41878],[106.58675,10.41806],[106.58514,10.41725],[106.58002,10.4152],[106.57966,10.41507],[106.58238,10.40914],[106.58346,10.40924],[106.5853,10.40966],[106.5854,10.4097],[106.58682,10.4103],[106.5879,10.41018],[106.58909,10.40921],[106.59049,10.40717],[106.59176,10.40191],[106.59175,10.40073],[106.59175,10.40073],[106.59121,10.39966],[106.59034,10.39891],[106.58968,10.3973],[106.5898,10.39486],[106.58988,10.39346],[106.58989,10.39341],[106.59064,10.3905],[106.59135,10.39032],[106.59456,10.38946],[106.59746,10.38863],[106.60762,10.38557],[106.60952,10.38081],[106.60986,10.37995],[106.60987,10.37993],[106.60987,10.37991],[106.60988,10.37989],[106.60989,10.37986],[106.6099,10.37984],[106.60991,10.37981],[106.60992,10.37978],[106.60992,10.37977],[106.60992,10.37973],[106.60992,10.37971],[106.60991,10.37969],[106.60991,10.37968],[106.60991,10.37965],[106.60991,10.37964],[106.60991,10.37964],[106.60991,10.37963],[106.60991,10.37961],[106.60991,10.3796],[106.6099,10.37953],[106.60989,10.37944],[106.60988,10.37935],[106.60987,10.37926],[106.60985,10.37918],[106.60984,10.3791],[106.60983,10.37902],[106.6098,10.3789],[106.60977,10.37873],[106.60973,10.37852],[106.60969,10.3783],[106.60965,10.37809],[106.60961,10.37788],[106.60957,10.37766],[106.60953,10.37744],[106.60934,10.37644],[106.60932,10.37635],[106.60932,10.37632],[106.60931,10.3763],[106.6093,10.37625],[106.60929,10.37618],[106.60928,10.37614],[106.60925,10.37599],[106.60921,10.37584],[106.60919,10.37572],[106.60917,10.37564],[106.60915,10.37558],[106.60914,10.37552],[106.60911,10.37545],[106.60909,10.37538],[106.60906,10.3753],[106.60902,10.37522],[106.61082,10.3745],[106.61192,10.37398],[106.61624,10.37289],[106.62066,10.36888],[106.61846,10.36483],[106.61997,10.35642],[106.62225,10.34823],[106.62209,10.34236],[106.62209,10.34236],[106.62246,10.34236],[106.62294,10.34238],[106.62513,10.3425],[106.62607,10.34256],[106.62636,10.34259],[106.62678,10.34264],[106.62712,10.34269],[106.62745,10.34275],[106.62763,10.34279],[106.62763,10.34264],[106.62765,10.3417],[106.62764,10.3407],[106.62757,10.33944],[106.62752,10.33846],[106.6273,10.33445],[106.6272,10.33333],[106.6272,10.33332],[106.62718,10.3326],[106.62718,10.33146],[106.62726,10.33001],[106.6274,10.32799],[106.6274,10.32797],[106.62743,10.32749],[106.62752,10.32676],[106.62752,10.32671],[106.62754,10.32659],[106.63409,10.32848],[106.63426,10.32853],[106.63442,10.32858],[106.63458,10.32863],[106.63473,10.32867],[106.63488,10.32871],[106.63504,10.32876],[106.63524,10.32883],[106.63549,10.3289],[106.63575,10.32899],[106.63601,10.32907],[106.63624,10.32915],[106.63642,10.32921],[106.6366,10.32927],[106.63679,10.32934],[106.64807,10.3335],[106.64969,10.33411],[106.65046,10.33439],[106.65145,10.33477],[106.65123,10.33511],[106.65113,10.33527],[106.65113,10.33527],[106.65112,10.33531],[106.65111,10.33536],[106.65112,10.33548],[106.65167,10.34003],[106.65168,10.34247],[106.65112,10.34722],[106.65101,10.35291],[106.651,10.35326],[106.65101,10.35351],[106.65105,10.35413],[106.65133,10.3589],[106.64868,10.35873],[106.64794,10.35865],[106.64784,10.35864],[106.64745,10.35858],[106.64659,10.35846],[106.64476,10.36149],[106.64129,10.36748],[106.63492,10.37811],[106.63452,10.37857],[106.634,10.37924],[106.63362,10.37972],[106.63351,10.37986],[106.63325,10.38019],[106.63128,10.38411],[106.63057,10.38684],[106.62827,10.39015],[106.62678,10.39227],[106.62611,10.39322],[106.62522,10.39714],[106.62465,10.39997],[106.62139,10.40552],[106.61186,10.41627],[106.60232,10.42204],[106.60216,10.42201],[106.60202,10.42199],[106.60181,10.42201],[106.60158,10.42209],[106.60138,10.4222],[106.60123,10.42236],[106.6012,10.42242],[106.60114,10.42368],[106.60114,10.42451],[106.60113,10.42572]]]},"properties":{"commune_code":"28663","commune_name":"Xã Phú Thành","commune_kind":"XA","province_code":"82","province_name":"Tỉnh Đồng Tháp","area_km2":31.9,"valid_from":"16/6/2025","published":"13/07/2025","area_km2_geom":31.318470553435503,"quality_flag":null,"population":25134.999999999996,"population_wp":17940.532497201115,"anchor_ratio":1.4010175006745917,"pop_source":"WORLDPOP2025_ANCHORED_VNSDI","pop_density_ppkm2":802.561541347133,"n_stations":2,"n_ports":26,"power_kw_site":657.5,"ports_per_10k_pop":10.344141635170082,"util_mean_port_weighted":0.04707634403563114,"dist_station_m_pop_weighted":4911.737861787164}},{"type":"Feature","geometry":{"type":"Polygon","coordinates":[[[106.56812,10.33735],[106.56799,10.33751],[106.56722,10.33702],[106.56694,10.33684],[106.5666,10.3364],[106.56624,10.33534],[106.56629,10.33472],[106.56174,10.32709],[106.56167,10.32704],[106.56012,10.32614],[106.56012,10.32613],[106.55729,10.32433],[106.55395,10.32133],[106.55075,10.31526],[106.54898,10.31131],[106.54708,10.30394],[106.54538,10.29979],[106.54496,10.29695],[106.55044,10.29385],[106.55143,10.29329],[106.56624,10.28932],[106.57152,10.28852],[106.58085,10.28743],[106.58432,10.28716],[106.58786,10.28696],[106.59553,10.28699],[106.59739,10.28706],[106.61412,10.28729],[106.61498,10.28722],[106.615,10.28722],[106.61594,10.2871],[106.61689,10.29236],[106.61693,10.29674],[106.61633,10.29915],[106.61611,10.29999],[106.61605,10.3002],[106.61387,10.30748],[106.61161,10.30972],[106.60967,10.31162],[106.60871,10.31258],[106.6079,10.31409],[106.60767,10.31456],[106.60765,10.31692],[106.60828,10.31886],[106.60925,10.3231],[106.60982,10.32794],[106.60931,10.33024],[106.60182,10.33026],[106.60012,10.33087],[106.59553,10.33247],[106.59103,10.33387],[106.58859,10.332],[106.58419,10.33187],[106.58029,10.33255],[106.57839,10.33289],[106.57326,10.3341],[106.56979,10.33529],[106.56812,10.33735]]]},"properties":{"commune_code":"28678","commune_name":"Xã Vĩnh Hựu","commune_kind":"XA","province_code":"82","province_name":"Tỉnh Đồng Tháp","area_km2":31.9,"valid_from":"16/6/2025","published":"13/07/2025","area_km2_geom":32.30173619964554,"quality_flag":null,"population":24210.0,"population_wp":17436.79851923883,"anchor_ratio":1.388442951456254,"pop_source":"WORLDPOP2025_ANCHORED_VNSDI","pop_density_ppkm2":749.4953166098132,"n_stations":0,"n_ports":0,"power_kw_site":0.0,"ports_per_10k_pop":0.0,"util_mean_port_weighted":null,"dist_station_m_pop_weighted":6561.9900791273785}},{"type":"Feature","geometry":{"type":"Polygon","coordinates":[[[106.67426,10.34093],[106.67417,10.34095],[106.67373,10.34088],[106.66434,10.33877],[106.65519,10.3361],[106.65145,10.33477],[106.65046,10.33439],[106.64969,10.33411],[106.64807,10.3335],[106.63679,10.32934],[106.6366,10.32927],[106.63642,10.32921],[106.63624,10.32915],[106.63601,10.32907],[106.63575,10.32899],[106.63549,10.3289],[106.63524,10.32883],[106.63504,10.32876],[106.63488,10.32871],[106.63473,10.32867],[106.63458,10.32863],[106.63442,10.32858],[106.63426,10.32853],[106.63409,10.32848],[106.62754,10.32659],[106.62752,10.32671],[106.62752,10.32676],[106.62743,10.32749],[106.6274,10.32797],[106.6274,10.32799],[106.6246,10.32758],[106.6203,10.32805],[106.61733,10.32827],[106.61173,10.32806],[106.60982,10.32794],[106.60925,10.3231],[106.60828,10.31886],[106.60765,10.31692],[106.60767,10.31456],[106.6079,10.31409],[106.60871,10.31258],[106.60967,10.31162],[106.61161,10.30972],[106.61387,10.30748],[106.61605,10.3002],[106.61611,10.29999],[106.61633,10.29915],[106.61693,10.29674],[106.61689,10.29236],[106.61594,10.2871],[106.61601,10.28709],[106.62018,10.28642],[106.62119,10.28618],[106.63201,10.28156],[106.63452,10.28061],[106.6418,10.27784],[106.64682,10.27657],[106.65184,10.27626],[106.65703,10.27747],[106.66237,10.28175],[106.66863,10.28909],[106.66924,10.28959],[106.66756,10.29504],[106.66673,10.29769],[106.66591,10.29961],[106.66352,10.30341],[106.66332,10.30363],[106.663,10.30381],[106.66197,10.30413],[106.66168,10.3043],[106.66153,10.30444],[106.6598,10.30613],[106.65754,10.30925],[106.65754,10.30925],[106.66003,10.31096],[106.66072,10.31115],[106.6627,10.31168],[106.66636,10.31255],[106.66977,10.31397],[106.67413,10.31696],[106.67878,10.31952],[106.68387,10.32121],[106.6854,10.32419],[106.67817,10.33553],[106.67426,10.34093]]]},"properties":{"commune_code":"28687","commune_name":"Xã Long Bình","commune_kind":"XA","province_code":"82","province_name":"Tỉnh Đồng Tháp","area_km2":36.6,"valid_from":"16/6/2025","published":"13/07/2025","area_km2_geom":36.468920854958064,"quality_flag":null,"population":30787.999999999996,"population_wp":22922.68263201788,"anchor_ratio":1.3431237736981108,"pop_source":"WORLDPOP2025_ANCHORED_VNSDI","pop_density_ppkm2":844.2256935007242,"n_stations":0,"n_ports":0,"power_kw_site":0.0,"ports_per_10k_pop":0.0,"util_mean_port_weighted":null,"dist_station_m_pop_weighted":5654.961923362546}},{"type":"Feature","geometry":{"type":"Polygon","coordinates":[[[106.49117,10.308],[106.48395,10.30839],[106.47252,10.30764],[106.46991,10.3069],[106.47159,10.30677],[106.48812,10.29828],[106.49969,10.29234],[106.50244,10.29093],[106.50944,10.28733],[106.51886,10.28055],[106.53614,10.26813],[106.53823,10.26663],[106.54177,10.26573],[106.54179,10.26573],[106.54182,10.26572],[106.54559,10.26477],[106.5506,10.26351],[106.56254,10.2605],[106.56532,10.2598],[106.57272,10.25753],[106.57681,10.25615],[106.58068,10.25458],[106.58481,10.2528],[106.58815,10.25178],[106.59183,10.25087],[106.59433,10.25028],[106.61175,10.24673],[106.61206,10.24666],[106.61213,10.24665],[106.62547,10.24393],[106.63883,10.24102],[106.64201,10.2401],[106.64932,10.23966],[106.65448,10.23949],[106.65814,10.23937],[106.66952,10.23751],[106.67164,10.23708],[106.67428,10.23616],[106.67428,10.23616],[106.67461,10.23604],[106.66863,10.24476],[106.66827,10.2454],[106.66826,10.24549],[106.66588,10.24888],[106.66288,10.25108],[106.65881,10.25295],[106.65866,10.25301],[106.65759,10.25336],[106.651,10.2555],[106.64684,10.2566],[106.63967,10.25843],[106.63727,10.25917],[106.63904,10.26974],[106.6395,10.27175],[106.63957,10.27178],[106.63959,10.2718],[106.63962,10.27182],[106.63966,10.27186],[106.63972,10.27194],[106.63974,10.27197],[106.63986,10.27221],[106.63988,10.27228],[106.63989,10.27236],[106.63988,10.27252],[106.63988,10.27257],[106.63985,10.27266],[106.63894,10.27511],[106.6385,10.27583],[106.63607,10.27982],[106.63452,10.28061],[106.63201,10.28156],[106.62119,10.28618],[106.62018,10.28642],[106.61601,10.28709],[106.61594,10.2871],[106.615,10.28722],[106.61498,10.28722],[106.61412,10.28729],[106.59739,10.28706],[106.59553,10.28699],[106.58786,10.28696],[106.58432,10.28716],[106.58085,10.28743],[106.57152,10.28852],[106.56624,10.28932],[106.55143,10.29329],[106.55044,10.29385],[106.54496,10.29695],[106.54284,10.29815],[106.53959,10.29999],[106.53201,10.30317],[106.52786,10.30419],[106.52572,10.30462],[106.52288,10.30506],[106.51911,10.30555],[106.51008,10.30659],[106.50178,10.30754],[106.50178,10.30754],[106.50178,10.30754],[106.50177,10.30754],[106.50175,10.30754],[106.49247,10.30804],[106.49117,10.308]]]},"properties":{"commune_code":"28693","commune_name":"Xã Tân Thới","commune_kind":"XA","province_code":"82","province_name":"Tỉnh Đồng Tháp","area_km2":65.8,"valid_from":"16/6/2025","published":"13/07/2025","area_km2_geom":62.94126959141678,"quality_flag":null,"population":32116.0,"population_wp":22478.329411925748,"anchor_ratio":1.4287538638419028,"pop_source":"WORLDPOP2025_ANCHORED_VNSDI","pop_density_ppkm2":510.2534506927013,"n_stations":0,"n_ports":0,"power_kw_site":0.0,"ports_per_10k_pop":0.0,"util_mean_port_weighted":null,"dist_station_m_pop_weighted":13533.545965534653}},{"type":"Feature","geometry":{"type":"Polygon","coordinates":[[[106.68326,10.29491],[106.68223,10.29557],[106.67953,10.29553],[106.67924,10.29545],[106.67554,10.29437],[106.67473,10.29413],[106.66924,10.28959],[106.66863,10.28909],[106.66237,10.28175],[106.65703,10.27747],[106.65184,10.27626],[106.64682,10.27657],[106.6418,10.27784],[106.63452,10.28061],[106.63607,10.27982],[106.6385,10.27583],[106.63894,10.27511],[106.63985,10.27266],[106.63988,10.27257],[106.63988,10.27252],[106.63989,10.27236],[106.63988,10.27228],[106.63986,10.27221],[106.63974,10.27197],[106.63972,10.27194],[106.63966,10.27186],[106.63962,10.27182],[106.63959,10.2718],[106.63957,10.27178],[106.6395,10.27175],[106.63904,10.26974],[106.63727,10.25917],[106.63967,10.25843],[106.64684,10.2566],[106.651,10.2555],[106.65759,10.25336],[106.65866,10.25301],[106.65881,10.25295],[106.66288,10.25108],[106.66588,10.24888],[106.66826,10.24549],[106.66827,10.2454],[106.66863,10.24476],[106.67461,10.23604],[106.67529,10.23578],[106.67721,10.23506],[106.68139,10.23312],[106.68376,10.23192],[106.68969,10.22846],[106.69573,10.22392],[106.69887,10.22102],[106.70064,10.21906],[106.70171,10.21788],[106.704,10.21582],[106.70469,10.21524],[106.70551,10.21455],[106.71332,10.20928],[106.71552,10.2081],[106.7171,10.20726],[106.72249,10.20437],[106.7376,10.19719],[106.7414,10.19561],[106.74202,10.19535],[106.74644,10.1935],[106.74844,10.19279],[106.75581,10.19115],[106.75711,10.19091],[106.76025,10.19034],[106.76556,10.19031],[106.77913,10.19094],[106.7888,10.19142],[106.78976,10.19751],[106.79011,10.19995],[106.79055,10.20304],[106.79116,10.20362],[106.79193,10.20436],[106.79373,10.2061],[106.79395,10.20634],[106.79536,10.20829],[106.79583,10.21035],[106.79607,10.21241],[106.79471,10.21673],[106.79259,10.22028],[106.79235,10.22036],[106.79081,10.22217],[106.78892,10.23594],[106.78809,10.24203],[106.77164,10.24898],[106.76448,10.25418],[106.7559,10.26041],[106.75265,10.26266],[106.75179,10.26318],[106.7515,10.26336],[106.74936,10.26466],[106.74238,10.26734],[106.72728,10.27211],[106.72008,10.27417],[106.7145,10.27576],[106.71346,10.2762],[106.705,10.27983],[106.69392,10.28656],[106.69175,10.28839],[106.68631,10.29295],[106.68326,10.29491]]]},"properties":{"commune_code":"28696","commune_name":"Xã Tân Phú Đông","commune_kind":"XA","province_code":"82","province_name":"Tỉnh Đồng Tháp","area_km2":175.2,"valid_from":"16/6/2025","published":"13/07/2025","area_km2_geom":103.81858196193213,"quality_flag":"DIENTICH_LECH_HINH_HOC","population":23630.0,"population_wp":20589.694176485762,"anchor_ratio":1.147661533845723,"pop_source":"WORLDPOP2025_ANCHORED_VNSDI","pop_density_ppkm2":227.60857982691937,"n_stations":1,"n_ports":14,"power_kw_site":390.5,"ports_per_10k_pop":5.924672027084215,"util_mean_port_weighted":0.02678085563991604,"dist_station_m_pop_weighted":4051.4851862149044}},{"type":"Feature","geometry":{"type":"Polygon","coordinates":[[[106.71484,10.35905],[106.71471,10.35922],[106.71121,10.35732],[106.70842,10.35563],[106.70608,10.35421],[106.70585,10.35407],[106.69359,10.34663],[106.69161,10.34544],[106.69268,10.34406],[106.69228,10.3438],[106.68437,10.33916],[106.67817,10.33553],[106.6854,10.32419],[106.68387,10.32121],[106.67878,10.31952],[106.67413,10.31696],[106.66977,10.31397],[106.66636,10.31255],[106.6627,10.31168],[106.66072,10.31115],[106.66003,10.31096],[106.65754,10.30925],[106.65754,10.30925],[106.6598,10.30613],[106.66153,10.30444],[106.66168,10.3043],[106.66197,10.30413],[106.663,10.30381],[106.66332,10.30363],[106.66352,10.30341],[106.66591,10.29961],[106.66673,10.29769],[106.66756,10.29504],[106.66924,10.28959],[106.67473,10.29413],[106.67554,10.29437],[106.67924,10.29545],[106.67953,10.29553],[106.68223,10.29557],[106.68326,10.29491],[106.68631,10.29295],[106.69175,10.28839],[106.69392,10.28656],[106.705,10.27983],[106.71346,10.2762],[106.71486,10.27945],[106.71592,10.28184],[106.71825,10.284],[106.72136,10.28915],[106.72252,10.29238],[106.72059,10.29486],[106.71778,10.29849],[106.71828,10.29944],[106.71799,10.30077],[106.7152,10.3069],[106.71494,10.30688],[106.71403,10.30687],[106.71332,10.3069],[106.71312,10.30695],[106.71235,10.30846],[106.71298,10.31056],[106.71312,10.31068],[106.71446,10.3116],[106.71448,10.31161],[106.71589,10.31255],[106.71697,10.31326],[106.71934,10.31479],[106.72283,10.31705],[106.72675,10.31971],[106.72597,10.32082],[106.72527,10.32178],[106.72422,10.32197],[106.72345,10.3221],[106.72239,10.32228],[106.72182,10.32238],[106.72097,10.32254],[106.72092,10.32255],[106.72093,10.32255],[106.72095,10.3226],[106.72201,10.32396],[106.72219,10.32418],[106.72428,10.32615],[106.73245,10.32848],[106.7341,10.32762],[106.73467,10.32862],[106.73647,10.33179],[106.73711,10.33292],[106.7378,10.33419],[106.73886,10.3362],[106.73634,10.33739],[106.73248,10.3389],[106.73071,10.34103],[106.73091,10.34253],[106.72094,10.34882],[106.72073,10.34897],[106.72053,10.34916],[106.72049,10.3492],[106.71848,10.35218],[106.71817,10.3551],[106.71656,10.35738],[106.71634,10.35769],[106.71623,10.35784],[106.71594,10.35818],[106.71592,10.3582],[106.7159,10.35823],[106.71484,10.35905]]]},"properties":{"commune_code":"28702","commune_name":"Xã Tân Hòa","commune_kind":"XA","province_code":"82","province_name":"Tỉnh Đồng Tháp","area_km2":38.0,"valid_from":"16/6/2025","published":"13/07/2025","area_km2_geom":38.19422256292229,"quality_flag":null,"population":34149.0,"population_wp":28666.59561868757,"anchor_ratio":1.1912471384547136,"pop_source":"WORLDPOP2025_ANCHORED_VNSDI","pop_density_ppkm2":894.0881030826567,"n_stations":1,"n_ports":2,"power_kw_site":60.0,"ports_per_10k_pop":0.5856686872236376,"util_mean_port_weighted":0.004336349924585219,"dist_station_m_pop_weighted":3678.9885043869854}},{"type":"Feature","geometry":{"type":"Polygon","coordinates":[[[106.75328,10.46663],[106.74923,10.47322],[106.73855,10.46845],[106.73789,10.46795],[106.73038,10.46173],[106.72883,10.46042],[106.72841,10.46007],[106.72653,10.4582],[106.7248,10.45643],[106.72455,10.45608],[106.72249,10.45043],[106.72418,10.4489],[106.72467,10.4483],[106.72571,10.44612],[106.72385,10.44455],[106.71902,10.44048],[106.71577,10.43447],[106.71599,10.43403],[106.71676,10.43289],[106.71739,10.43197],[106.71861,10.43025],[106.72305,10.42433],[106.72592,10.42191],[106.72781,10.42101],[106.73046,10.42002],[106.73265,10.42019],[106.73349,10.42025],[106.73502,10.42035],[106.73633,10.42044],[106.73663,10.42046],[106.73663,10.42042],[106.73671,10.41978],[106.73678,10.41895],[106.73682,10.41833],[106.73687,10.41768],[106.7369,10.41468],[106.73638,10.40806],[106.7352,10.39426],[106.73471,10.38899],[106.73463,10.38868],[106.73408,10.38766],[106.73375,10.38706],[106.73335,10.38632],[106.73203,10.38373],[106.73065,10.38103],[106.73007,10.37984],[106.72999,10.37959],[106.72997,10.37933],[106.73022,10.37733],[106.73032,10.37649],[106.73044,10.37598],[106.73064,10.37536],[106.7316,10.37091],[106.7345,10.37077],[106.73989,10.37097],[106.74163,10.3713],[106.74217,10.37135],[106.74297,10.37133],[106.74481,10.37116],[106.74486,10.37116],[106.74519,10.37108],[106.74565,10.37096],[106.74606,10.37057],[106.74682,10.36963],[106.74896,10.36681],[106.74958,10.36595],[106.75118,10.36386],[106.75119,10.36388],[106.75129,10.3641],[106.75161,10.36487],[106.75178,10.36533],[106.7519,10.36576],[106.75227,10.36713],[106.7529,10.3696],[106.75372,10.37281],[106.75387,10.37342],[106.75399,10.37413],[106.75419,10.3756],[106.75991,10.37608],[106.76468,10.37578],[106.76913,10.37554],[106.77476,10.37547],[106.77618,10.37547],[106.77625,10.37547],[106.77627,10.37547],[106.77636,10.37547],[106.77649,10.37547],[106.77895,10.37553],[106.78098,10.37561],[106.78159,10.37564],[106.78231,10.37567],[106.78231,10.37614],[106.81397,10.38767],[106.81397,10.38767],[106.80555,10.40444],[106.79688,10.41518],[106.79273,10.41878],[106.78156,10.42847],[106.75328,10.46663]]]},"properties":{"commune_code":"28720","commune_name":"Xã Gia Thuận","commune_kind":"XA","province_code":"82","province_name":"Tỉnh Đồng Tháp","area_km2":67.4,"valid_from":"16/6/2025","published":"13/07/2025","area_km2_geom":65.55449611522502,"quality_flag":null,"population":45907.0,"population_wp":35503.35321840644,"anchor_ratio":1.2930327937643893,"pop_source":"WORLDPOP2025_ANCHORED_VNSDI","pop_density_ppkm2":700.2875885020815,"n_stations":0,"n_ports":0,"power_kw_site":0.0,"ports_per_10k_pop":0.0,"util_mean_port_weighted":null,"dist_station_m_pop_weighted":5874.313352493563}},{"type":"Feature","geometry":{"type":"Polygon","coordinates":[[[106.73613,10.49453],[106.73461,10.497],[106.73455,10.49693],[106.73244,10.49518],[106.72269,10.48739],[106.71891,10.48406],[106.71195,10.47902],[106.71172,10.47885],[106.7058,10.47259],[106.70021,10.46491],[106.69895,10.46277],[106.69465,10.45538],[106.69286,10.45198],[106.69114,10.44873],[106.68941,10.44631],[106.68884,10.44554],[106.68804,10.44454],[106.68735,10.44369],[106.6864,10.44269],[106.68455,10.44137],[106.68211,10.44006],[106.6781,10.43849],[106.67529,10.43798],[106.67674,10.43796],[106.68087,10.43874],[106.68621,10.4415],[106.68747,10.44305],[106.69211,10.43581],[106.69189,10.4347],[106.69145,10.43254],[106.69145,10.43251],[106.69112,10.43011],[106.69154,10.42843],[106.69225,10.42723],[106.6937,10.42603],[106.69485,10.42505],[106.69624,10.42387],[106.69807,10.42232],[106.6974,10.42084],[106.69606,10.41863],[106.69328,10.41464],[106.69283,10.41412],[106.69166,10.41258],[106.69068,10.41098],[106.68992,10.40972],[106.68932,10.40867],[106.68896,10.40747],[106.68888,10.40672],[106.68901,10.40617],[106.6896,10.40471],[106.69062,10.40285],[106.69171,10.40185],[106.69285,10.40115],[106.69374,10.40065],[106.69424,10.40015],[106.69462,10.39967],[106.69472,10.39917],[106.69458,10.39852],[106.69403,10.39709],[106.69366,10.3965],[106.69302,10.39593],[106.69189,10.39536],[106.68807,10.3934],[106.6905,10.39159],[106.69464,10.38799],[106.69668,10.38594],[106.69775,10.38354],[106.69957,10.37902],[106.70164,10.37398],[106.70367,10.3702],[106.70868,10.36593],[106.71483,10.36065],[106.71478,10.36072],[106.71461,10.36106],[106.71406,10.36237],[106.71363,10.36341],[106.71346,10.36387],[106.71337,10.36414],[106.7159,10.37033],[106.71655,10.37139],[106.71953,10.37406],[106.72053,10.37479],[106.72331,10.37605],[106.72356,10.37583],[106.72543,10.37398],[106.726,10.37333],[106.72612,10.37306],[106.72648,10.37222],[106.72661,10.3718],[106.72705,10.37152],[106.72747,10.37134],[106.72902,10.37094],[106.72976,10.37078],[106.73019,10.3707],[106.7311,10.37062],[106.73153,10.37059],[106.73158,10.37059],[106.7316,10.37091],[106.73064,10.37536],[106.73044,10.37598],[106.73032,10.37649],[106.73022,10.37733],[106.72997,10.37933],[106.72999,10.37959],[106.73007,10.37984],[106.73065,10.38103],[106.73203,10.38373],[106.73335,10.38632],[106.73375,10.38706],[106.73408,10.38766],[106.73463,10.38868],[106.73471,10.38899],[106.7352,10.39426],[106.73638,10.40806],[106.7369,10.41468],[106.73687,10.41768],[106.73682,10.41833],[106.73678,10.41895],[106.73671,10.41978],[106.73663,10.42042],[106.73663,10.42046],[106.73633,10.42044],[106.73502,10.42035],[106.73349,10.42025],[106.73265,10.42019],[106.73046,10.42002],[106.72781,10.42101],[106.72592,10.42191],[106.72305,10.42433],[106.71861,10.43025],[106.71739,10.43197],[106.71676,10.43289],[106.71599,10.43403],[106.71577,10.43447],[106.71902,10.44048],[106.72385,10.44455],[106.72571,10.44612],[106.72467,10.4483],[106.72418,10.4489],[106.72249,10.45043],[106.72455,10.45608],[106.7248,10.45643],[106.72653,10.4582],[106.72841,10.46007],[106.72883,10.46042],[106.73038,10.46173],[106.73789,10.46795],[106.73855,10.46845],[106.74923,10.47322],[106.73613,10.49453]]]},"properties":{"commune_code":"28723","commune_name":"Xã Tân Đông","commune_kind":"XA","province_code":"82","province_name":"Tỉnh Đồng Tháp","area_km2":50.4,"valid_from":"16/6/2025","published":"13/07/2025","area_km2_geom":50.39361897670451,"quality_flag":null,"population":51412.99999999999,"population_wp":33742.48043960333,"anchor_ratio":1.5236876284784593,"pop_source":"WORLDPOP2025_ANCHORED_VNSDI","pop_density_ppkm2":1020.2283750203912,"n_stations":2,"n_ports":18,"power_kw_site":600.0,"ports_per_10k_pop":3.501060043179741,"util_mean_port_weighted":0.03235562951086575,"dist_station_m_pop_weighted":2833.8739926523754}},{"type":"Feature","geometry":{"type":"Polygon","coordinates":[[[106.65163,10.48327],[106.64982,10.48375],[106.64786,10.48376],[106.64728,10.48376],[106.64457,10.48321],[106.64453,10.4832],[106.64249,10.48231],[106.6406,10.481],[106.64002,10.48046],[106.63853,10.47875],[106.63784,10.4775],[106.63641,10.47295],[106.63425,10.46388],[106.63294,10.46014],[106.63364,10.4597],[106.6318,10.45599],[106.62846,10.45234],[106.62743,10.45177],[106.63169,10.44178],[106.63257,10.43975],[106.63344,10.44047],[106.63494,10.4406],[106.63584,10.44049],[106.63606,10.43998],[106.63655,10.43672],[106.63658,10.43652],[106.63658,10.43637],[106.6365,10.436],[106.63633,10.43547],[106.63601,10.42507],[106.63748,10.42014],[106.63856,10.41787],[106.64148,10.4134],[106.64264,10.41217],[106.64483,10.41088],[106.64822,10.40944],[106.65008,10.40868],[106.65069,10.40858],[106.65126,10.40849],[106.65243,10.40831],[106.65312,10.4082],[106.65442,10.40717],[106.65494,10.40646],[106.65752,10.40292],[106.65854,10.40152],[106.65929,10.40005],[106.66103,10.3966],[106.66105,10.3953],[106.66089,10.39409],[106.66028,10.39202],[106.66013,10.39154],[106.65929,10.38897],[106.659,10.38586],[106.65926,10.38276],[106.65945,10.3821],[106.66,10.38139],[106.66153,10.38041],[106.66419,10.37842],[106.66839,10.37513],[106.66868,10.37477],[106.67047,10.37253],[106.67116,10.37092],[106.67122,10.37107],[106.67124,10.3711],[106.67125,10.37112],[106.67135,10.37136],[106.67137,10.37138],[106.67137,10.3714],[106.67176,10.37179],[106.67239,10.37242],[106.6728,10.37276],[106.67361,10.37292],[106.67709,10.37211],[106.67717,10.37208],[106.67966,10.37067],[106.67994,10.3705],[106.68022,10.37033],[106.68333,10.36808],[106.68662,10.36605],[106.69368,10.37272],[106.69488,10.37386],[106.69638,10.37536],[106.69802,10.37722],[106.69957,10.37902],[106.69775,10.38354],[106.69668,10.38594],[106.69464,10.38799],[106.6905,10.39159],[106.68807,10.3934],[106.69189,10.39536],[106.69302,10.39593],[106.69366,10.3965],[106.69403,10.39709],[106.69458,10.39852],[106.69472,10.39917],[106.69462,10.39967],[106.69424,10.40015],[106.69374,10.40065],[106.69285,10.40115],[106.69171,10.40185],[106.69062,10.40285],[106.6896,10.40471],[106.68901,10.40617],[106.68888,10.40672],[106.68896,10.40747],[106.68932,10.40867],[106.68992,10.40972],[106.69068,10.41098],[106.69166,10.41258],[106.69283,10.41412],[106.69328,10.41464],[106.69606,10.41863],[106.6974,10.42084],[106.69807,10.42232],[106.69624,10.42387],[106.69485,10.42505],[106.6937,10.42603],[106.69225,10.42723],[106.69154,10.42843],[106.69112,10.43011],[106.69145,10.43251],[106.69145,10.43254],[106.69189,10.4347],[106.69211,10.43581],[106.68747,10.44305],[106.68621,10.4415],[106.68087,10.43874],[106.67674,10.43796],[106.67529,10.43798],[106.67433,10.43781],[106.67033,10.43806],[106.67014,10.43815],[106.66541,10.44042],[106.6636,10.44206],[106.66248,10.44392],[106.66154,10.4471],[106.66074,10.45239],[106.66063,10.46905],[106.65951,10.47646],[106.65673,10.48038],[106.65533,10.48107],[106.65163,10.48327]]]},"properties":{"commune_code":"28729","commune_name":"Phường Sơn Qui","commune_kind":"PHUONG","province_code":"82","province_name":"Tỉnh Đồng Tháp","area_km2":49.0,"valid_from":"16/6/2025","published":"13/07/2025","area_km2_geom":49.75982299707954,"quality_flag":null,"population":46507.0,"population_wp":30954.933955591172,"anchor_ratio":1.502409924916017,"pop_source":"WORLDPOP2025_ANCHORED_VNSDI","pop_density_ppkm2":934.6295303889957,"n_stations":7,"n_ports":44,"power_kw_site":1740.0,"ports_per_10k_pop":9.460941363665684,"util_mean_port_weighted":0.06306351034082582,"dist_station_m_pop_weighted":1606.799434679108}},{"type":"Feature","geometry":{"type":"Polygon","coordinates":[[[106.76468,10.37578],[106.75991,10.37608],[106.75419,10.3756],[106.75399,10.37413],[106.75387,10.37342],[106.75372,10.37281],[106.7529,10.3696],[106.75227,10.36713],[106.7519,10.36576],[106.75178,10.36533],[106.75161,10.36487],[106.75129,10.3641],[106.75119,10.36388],[106.75118,10.36386],[106.74958,10.36595],[106.74896,10.36681],[106.74682,10.36963],[106.74606,10.37057],[106.74565,10.37096],[106.74519,10.37108],[106.74486,10.37116],[106.74481,10.37116],[106.74297,10.37133],[106.74217,10.37135],[106.74163,10.3713],[106.73989,10.37097],[106.7345,10.37077],[106.7316,10.37091],[106.73158,10.37059],[106.73153,10.37059],[106.7311,10.37062],[106.73019,10.3707],[106.72976,10.37078],[106.72902,10.37094],[106.72747,10.37134],[106.72705,10.37152],[106.72661,10.3718],[106.72648,10.37222],[106.72612,10.37306],[106.726,10.37333],[106.72543,10.37398],[106.72356,10.37583],[106.72331,10.37605],[106.72053,10.37479],[106.71953,10.37406],[106.71655,10.37139],[106.7159,10.37033],[106.71337,10.36414],[106.71346,10.36387],[106.71363,10.36341],[106.71406,10.36237],[106.71461,10.36106],[106.71478,10.36072],[106.71483,10.36065],[106.71471,10.35922],[106.71484,10.35905],[106.7159,10.35823],[106.71592,10.3582],[106.71594,10.35818],[106.71623,10.35784],[106.71634,10.35769],[106.71656,10.35738],[106.71817,10.3551],[106.71848,10.35218],[106.72049,10.3492],[106.72053,10.34916],[106.72073,10.34897],[106.72094,10.34882],[106.73091,10.34253],[106.73071,10.34103],[106.73248,10.3389],[106.73634,10.33739],[106.73886,10.3362],[106.73907,10.33613],[106.73964,10.33592],[106.74101,10.33549],[106.7428,10.33493],[106.74374,10.33534],[106.74502,10.33516],[106.74718,10.33422],[106.75033,10.3327],[106.75034,10.3327],[106.75022,10.33219],[106.75016,10.33189],[106.74996,10.33095],[106.74972,10.32984],[106.74966,10.32953],[106.75494,10.32839],[106.75627,10.32811],[106.76044,10.32722],[106.76479,10.3259],[106.77079,10.32369],[106.77084,10.32367],[106.77096,10.32363],[106.7713,10.32349],[106.77282,10.32284],[106.77515,10.32175],[106.77579,10.3214],[106.77832,10.31894],[106.78161,10.31669],[106.78231,10.37567],[106.78159,10.37564],[106.78098,10.37561],[106.77895,10.37553],[106.77649,10.37547],[106.77636,10.37547],[106.77627,10.37547],[106.77625,10.37547],[106.77618,10.37547],[106.77476,10.37547],[106.76913,10.37554],[106.76468,10.37578]]]},"properties":{"commune_code":"28738","commune_name":"Xã Tân Điền","commune_kind":"XA","province_code":"82","province_name":"Tỉnh Đồng Tháp","area_km2":39.0,"valid_from":"16/6/2025","published":"13/07/2025","area_km2_geom":31.96194269373864,"quality_flag":null,"population":22130.0,"population_wp":18411.500293347985,"anchor_ratio":1.2019661433020479,"pop_source":"WORLDPOP2025_ANCHORED_VNSDI","pop_density_ppkm2":692.385948252616,"n_stations":0,"n_ports":0,"power_kw_site":0.0,"ports_per_10k_pop":0.0,"util_mean_port_weighted":null,"dist_station_m_pop_weighted":5986.415678441457}},{"type":"Feature","geometry":{"type":"Polygon","coordinates":[[[106.73907,10.33613],[106.73886,10.3362],[106.7378,10.33419],[106.73711,10.33292],[106.73647,10.33179],[106.73467,10.32862],[106.7341,10.32762],[106.73245,10.32848],[106.72428,10.32615],[106.72219,10.32418],[106.72201,10.32396],[106.72095,10.3226],[106.72093,10.32255],[106.72092,10.32255],[106.72097,10.32254],[106.72182,10.32238],[106.72239,10.32228],[106.72345,10.3221],[106.72422,10.32197],[106.72527,10.32178],[106.72597,10.32082],[106.72675,10.31971],[106.72283,10.31705],[106.71934,10.31479],[106.71697,10.31326],[106.71589,10.31255],[106.71448,10.31161],[106.71446,10.3116],[106.71312,10.31068],[106.71298,10.31056],[106.71235,10.30846],[106.71312,10.30695],[106.71332,10.3069],[106.71403,10.30687],[106.71494,10.30688],[106.7152,10.3069],[106.71799,10.30077],[106.71828,10.29944],[106.71778,10.29849],[106.72059,10.29486],[106.72252,10.29238],[106.72136,10.28915],[106.71825,10.284],[106.71592,10.28184],[106.71486,10.27945],[106.71346,10.2762],[106.7145,10.27576],[106.72008,10.27417],[106.72728,10.27211],[106.74238,10.26734],[106.74936,10.26466],[106.7515,10.26336],[106.75179,10.26318],[106.75265,10.26266],[106.7559,10.26041],[106.76448,10.25418],[106.77164,10.24898],[106.78809,10.24203],[106.78892,10.23594],[106.79081,10.22217],[106.79235,10.22036],[106.79259,10.22028],[106.79471,10.21673],[106.79607,10.21241],[106.79583,10.21035],[106.79536,10.20829],[106.79395,10.20634],[106.79373,10.2061],[106.79193,10.20436],[106.79116,10.20362],[106.79055,10.20304],[106.79011,10.19995],[106.78976,10.19751],[106.78976,10.19751],[106.79505,10.19971],[106.79958,10.2034],[106.80058,10.20916],[106.79911,10.2164],[106.79427,10.2245],[106.78983,10.22932],[106.78136,10.29124],[106.78161,10.31669],[106.77832,10.31894],[106.77579,10.3214],[106.77515,10.32175],[106.77282,10.32284],[106.7713,10.32349],[106.77096,10.32363],[106.77084,10.32367],[106.77079,10.32369],[106.76479,10.3259],[106.76044,10.32722],[106.75627,10.32811],[106.75494,10.32839],[106.74966,10.32953],[106.74972,10.32984],[106.74996,10.33095],[106.75016,10.33189],[106.75022,10.33219],[106.75034,10.3327],[106.75033,10.3327],[106.74718,10.33422],[106.74502,10.33516],[106.74374,10.33534],[106.7428,10.33493],[106.74101,10.33549],[106.73964,10.33592],[106.73907,10.33613]]]},"properties":{"commune_code":"28747","commune_name":"Xã Gò Công Đông","commune_kind":"XA","province_code":"82","province_name":"Tỉnh Đồng Tháp","area_km2":106.4,"valid_from":"16/6/2025","published":"13/07/2025","area_km2_geom":53.6705934805487,"quality_flag":"DIENTICH_LECH_HINH_HOC","population":30104.000000000004,"population_wp":24554.41133144498,"anchor_ratio":1.226011880050575,"pop_source":"WORLDPOP2025_ANCHORED_VNSDI","pop_density_ppkm2":560.9030578525333,"n_stations":2,"n_ports":10,"power_kw_site":420.0,"ports_per_10k_pop":3.321817698644698,"util_mean_port_weighted":0.05945451818792591,"dist_station_m_pop_weighted":2956.2152771420347}},{"type":"Feature","geometry":{"type":"Polygon","coordinates":[[[105.57956,10.48443],[105.57866,10.48464],[105.57795,10.48459],[105.57782,10.48455],[105.57727,10.48426],[105.57673,10.48381],[105.57582,10.48263],[105.57089,10.47766],[105.57159,10.47553],[105.57166,10.4752],[105.57184,10.47441],[105.57287,10.46971],[105.57289,10.46963],[105.57386,10.46286],[105.57528,10.45196],[105.57567,10.44796],[105.57555,10.44521],[105.57522,10.44436],[105.57415,10.44245],[105.57365,10.44155],[105.57319,10.44002],[105.57295,10.43823],[105.57306,10.43588],[105.57338,10.43316],[105.57422,10.42895],[105.57614,10.42421],[105.57729,10.42216],[105.57832,10.42066],[105.5794,10.41936],[105.58185,10.41736],[105.58512,10.41531],[105.58576,10.41491],[105.58824,10.41359],[105.59132,10.41236],[105.59554,10.41108],[105.60015,10.40991],[105.60166,10.40969],[105.60425,10.40937],[105.60792,10.40902],[105.61138,10.40886],[105.61372,10.40893],[105.61628,10.40907],[105.61772,10.40934],[105.62337,10.41089],[105.62418,10.41117],[105.62527,10.41155],[105.62679,10.41199],[105.63049,10.41252],[105.63806,10.4131],[105.64102,10.41313],[105.64457,10.41296],[105.65804,10.41149],[105.66845,10.41025],[105.67003,10.41006],[105.67057,10.40998],[105.67178,10.40981],[105.6718,10.40981],[105.68929,10.40738],[105.68935,10.41112],[105.68947,10.41774],[105.68758,10.42944],[105.68676,10.43446],[105.68627,10.43592],[105.68597,10.43681],[105.68462,10.43943],[105.68319,10.4413],[105.68153,10.44265],[105.68006,10.44327],[105.67972,10.44341],[105.67918,10.44344],[105.67511,10.44371],[105.67504,10.44375],[105.66975,10.44708],[105.66828,10.44803],[105.666,10.44943],[105.66434,10.45043],[105.66384,10.45071],[105.66378,10.45074],[105.66268,10.45101],[105.6585,10.45163],[105.65528,10.45151],[105.65404,10.45142],[105.65355,10.45143],[105.65252,10.45148],[105.65159,10.45159],[105.65067,10.45182],[105.64973,10.45226],[105.64891,10.45323],[105.64439,10.45875],[105.64071,10.4637],[105.64063,10.46396],[105.64035,10.46486],[105.63992,10.46601],[105.63939,10.46713],[105.63935,10.4672],[105.63708,10.47011],[105.63646,10.47075],[105.63585,10.47124],[105.63521,10.47132],[105.63487,10.47135],[105.634,10.47112],[105.6338,10.47105],[105.63164,10.46926],[105.63056,10.46795],[105.62836,10.4613],[105.62677,10.46416],[105.62572,10.46606],[105.6243,10.46778],[105.62274,10.46905],[105.61981,10.47107],[105.61599,10.47243],[105.61076,10.47366],[105.60357,10.47469],[105.60015,10.47469],[105.59912,10.47473],[105.59789,10.47507],[105.59378,10.47649],[105.59008,10.47851],[105.58746,10.48038],[105.5852,10.48252],[105.58379,10.48332],[105.58182,10.48394],[105.57956,10.48443]]]},"properties":{"commune_code":"29869","commune_name":"Phường Cao Lãnh","commune_kind":"PHUONG","province_code":"82","province_name":"Tỉnh Đồng Tháp","area_km2":73.3,"valid_from":"16/6/2025","published":"13/07/2025","area_km2_geom":72.07143827811592,"quality_flag":null,"population":137387.0,"population_wp":105747.47946049087,"anchor_ratio":1.299198814959275,"pop_source":"WORLDPOP2025_ANCHORED_VNSDI","pop_density_ppkm2":1906.2613884551374,"n_stations":10,"n_ports":75,"power_kw_site":2028.5,"ports_per_10k_pop":5.459031786122413,"util_mean_port_weighted":0.1456928139836806,"dist_station_m_pop_weighted":1458.5021543205062}},{"type":"Feature","geometry":{"type":"Polygon","coordinates":[[[105.63321,10.56117],[105.6332,10.56123],[105.62422,10.56041],[105.61797,10.54906],[105.61784,10.54887],[105.61758,10.54844],[105.61749,10.54831],[105.61745,10.54824],[105.6174,10.54815],[105.61727,10.54795],[105.61703,10.54757],[105.61673,10.5471],[105.61643,10.54661],[105.61616,10.54619],[105.61466,10.54377],[105.61366,10.54214],[105.61345,10.54125],[105.61339,10.541],[105.61333,10.54074],[105.61327,10.54046],[105.61321,10.54017],[105.61302,10.53933],[105.61291,10.53885],[105.6128,10.53838],[105.61272,10.53801],[105.61266,10.53774],[105.61259,10.53741],[105.61248,10.53688],[105.61235,10.53624],[105.61155,10.53243],[105.61093,10.52949],[105.61081,10.52931],[105.60971,10.52889],[105.60903,10.52864],[105.60816,10.52832],[105.60812,10.5283],[105.6058,10.52743],[105.60282,10.5263],[105.60233,10.52611],[105.59631,10.52379],[105.59678,10.52226],[105.59748,10.52031],[105.59767,10.51633],[105.59658,10.51591],[105.59628,10.5158],[105.59596,10.51568],[105.5948,10.51525],[105.59436,10.51509],[105.59394,10.51493],[105.58902,10.51314],[105.58533,10.51179],[105.58421,10.51141],[105.58328,10.51117],[105.58286,10.51107],[105.58217,10.51098],[105.57007,10.50959],[105.5664,10.50917],[105.5585,10.50714],[105.55937,10.50472],[105.55955,10.50422],[105.55955,10.50422],[105.56175,10.49899],[105.56309,10.49604],[105.56428,10.49342],[105.56553,10.49066],[105.5656,10.4905],[105.57037,10.47924],[105.57066,10.47835],[105.57089,10.47766],[105.57582,10.48263],[105.57673,10.48381],[105.57727,10.48426],[105.57782,10.48455],[105.57795,10.48459],[105.57866,10.48464],[105.57956,10.48443],[105.58182,10.48394],[105.58379,10.48332],[105.5852,10.48252],[105.58746,10.48038],[105.59008,10.47851],[105.59378,10.47649],[105.59789,10.47507],[105.59912,10.47473],[105.60015,10.47469],[105.60357,10.47469],[105.61076,10.47366],[105.61599,10.47243],[105.61981,10.47107],[105.62274,10.46905],[105.6243,10.46778],[105.62572,10.46606],[105.62677,10.46416],[105.62836,10.4613],[105.63056,10.46795],[105.63164,10.46926],[105.6338,10.47105],[105.634,10.47112],[105.63487,10.47135],[105.63482,10.47135],[105.63304,10.47164],[105.63206,10.47179],[105.63133,10.47211],[105.62979,10.47279],[105.62971,10.47287],[105.62913,10.47344],[105.62909,10.47366],[105.62858,10.47631],[105.62875,10.47842],[105.62942,10.48039],[105.6303,10.48296],[105.63088,10.48467],[105.63093,10.48479],[105.63114,10.48533],[105.63118,10.48542],[105.63126,10.48557],[105.63148,10.48596],[105.63155,10.4861],[105.63158,10.48615],[105.63307,10.48849],[105.63336,10.48894],[105.63527,10.49204],[105.63529,10.49207],[105.63593,10.49322],[105.63607,10.49355],[105.63618,10.49432],[105.63626,10.49597],[105.6363,10.49681],[105.63637,10.49885],[105.6363,10.4995],[105.63732,10.50295],[105.6377,10.50415],[105.64182,10.51687],[105.6419,10.51685],[105.64318,10.51665],[105.64404,10.51654],[105.64465,10.51665],[105.64512,10.51695],[105.64776,10.52013],[105.64599,10.52784],[105.64417,10.53502],[105.64727,10.53903],[105.64763,10.53901],[105.64825,10.53923],[105.64909,10.5397],[105.6495,10.53997],[105.64967,10.54038],[105.64971,10.54083],[105.64964,10.54118],[105.64957,10.54154],[105.64935,10.5422],[105.6487,10.54358],[105.64834,10.54411],[105.64439,10.547],[105.63711,10.55268],[105.63645,10.55303],[105.63496,10.55456],[105.63464,10.5549],[105.63397,10.55624],[105.63337,10.55744],[105.6331,10.55953],[105.63316,10.56075],[105.63321,10.56117]]]},"properties":{"commune_code":"29884","commune_name":"Phường Mỹ Ngãi","commune_kind":"PHUONG","province_code":"82","province_name":"Tỉnh Đồng Tháp","area_km2":49.0,"valid_from":"16/6/2025","published":"13/07/2025","area_km2_geom":50.12734272891133,"quality_flag":null,"population":50504.0,"population_wp":43264.271045586094,"anchor_ratio":1.1673373612786784,"pop_source":"WORLDPOP2025_ANCHORED_VNSDI","pop_density_ppkm2":1007.514008335244,"n_stations":2,"n_ports":16,"power_kw_site":441.0,"ports_per_10k_pop":3.1680658957706322,"util_mean_port_weighted":0.06814916775291158,"dist_station_m_pop_weighted":3238.605010941461}},{"type":"Feature","geometry":{"type":"Polygon","coordinates":[[[105.69606,10.50867],[105.69479,10.50877],[105.68793,10.50766],[105.67958,10.50747],[105.67952,10.5075],[105.67946,10.50752],[105.67942,10.50753],[105.67938,10.50754],[105.67935,10.50755],[105.67934,10.50756],[105.67927,10.50758],[105.67924,10.50758],[105.67923,10.50759],[105.6792,10.50759],[105.67908,10.50761],[105.67903,10.50762],[105.67897,10.50763],[105.6789,10.50764],[105.6788,10.50765],[105.67787,10.50772],[105.67778,10.50773],[105.67769,10.50773],[105.6776,10.50774],[105.67752,10.50774],[105.67746,10.50774],[105.6774,10.50774],[105.67734,10.50774],[105.67729,10.50774],[105.67723,10.50774],[105.67718,10.50774],[105.67713,10.50773],[105.6771,10.50773],[105.67665,10.50767],[105.67495,10.50691],[105.67395,10.50642],[105.67126,10.5045],[105.66866,10.50201],[105.66666,10.49899],[105.66571,10.49734],[105.66568,10.49727],[105.66564,10.4972],[105.66554,10.49698],[105.66549,10.49689],[105.66544,10.49676],[105.66408,10.49367],[105.664,10.49349],[105.66372,10.49279],[105.66313,10.4908],[105.66308,10.49064],[105.66258,10.49005],[105.66191,10.48983],[105.65969,10.48973],[105.65919,10.48971],[105.65899,10.4897],[105.65894,10.48971],[105.65872,10.48975],[105.65853,10.48978],[105.6583,10.48982],[105.65623,10.49072],[105.65543,10.49131],[105.65472,10.49192],[105.65349,10.49327],[105.6524,10.49481],[105.65123,10.49686],[105.65035,10.49899],[105.65015,10.49953],[105.65006,10.49987],[105.64995,10.5006],[105.64979,10.50136],[105.64955,10.50224],[105.6495,10.50242],[105.64941,10.50255],[105.64921,10.50278],[105.64897,10.50293],[105.64838,10.50307],[105.64807,10.50312],[105.64787,10.50309],[105.64428,10.50246],[105.642,10.50103],[105.64157,10.50049],[105.64143,10.50034],[105.64109,10.50013],[105.63895,10.49909],[105.63867,10.49899],[105.63801,10.49879],[105.63735,10.49872],[105.63694,10.49876],[105.63668,10.49879],[105.63637,10.49885],[105.6363,10.49681],[105.63626,10.49597],[105.63618,10.49432],[105.63607,10.49355],[105.63593,10.49322],[105.63529,10.49207],[105.63527,10.49204],[105.63336,10.48894],[105.63307,10.48849],[105.63158,10.48615],[105.63155,10.4861],[105.63148,10.48596],[105.63126,10.48557],[105.63118,10.48542],[105.63114,10.48533],[105.63093,10.48479],[105.63088,10.48467],[105.6303,10.48296],[105.62942,10.48039],[105.62875,10.47842],[105.62858,10.47631],[105.62909,10.47366],[105.62913,10.47344],[105.62971,10.47287],[105.62979,10.47279],[105.63133,10.47211],[105.63206,10.47179],[105.63304,10.47164],[105.63482,10.47135],[105.63487,10.47135],[105.63521,10.47132],[105.63585,10.47124],[105.63646,10.47075],[105.63708,10.47011],[105.63935,10.4672],[105.63939,10.46713],[105.63992,10.46601],[105.64035,10.46486],[105.64063,10.46396],[105.64071,10.4637],[105.64439,10.45875],[105.64891,10.45323],[105.64973,10.45226],[105.65067,10.45182],[105.65159,10.45159],[105.65252,10.45148],[105.65355,10.45143],[105.65404,10.45142],[105.65528,10.45151],[105.6585,10.45163],[105.66268,10.45101],[105.66378,10.45074],[105.66384,10.45071],[105.66434,10.45043],[105.666,10.44943],[105.66828,10.44803],[105.66975,10.44708],[105.67504,10.44375],[105.67511,10.44371],[105.67918,10.44344],[105.67972,10.44341],[105.68021,10.44472],[105.6795,10.44719],[105.67867,10.44865],[105.67837,10.44958],[105.67826,10.45018],[105.6783,10.45108],[105.67838,10.4514],[105.67863,10.45237],[105.67919,10.45349],[105.67972,10.45412],[105.68015,10.45444],[105.68033,10.45457],[105.68133,10.45486],[105.68135,10.45487],[105.6829,10.45498],[105.68433,10.45486],[105.68573,10.45456],[105.6881,10.45411],[105.68893,10.45403],[105.68999,10.45421],[105.6912,10.4547],[105.70018,10.45941],[105.70895,10.46882],[105.70951,10.46951],[105.71329,10.47454],[105.71369,10.47512],[105.71385,10.47536],[105.71421,10.47592],[105.71568,10.47843],[105.71432,10.47907],[105.71424,10.47911],[105.71414,10.47963],[105.7145,10.48158],[105.71455,10.48186],[105.71462,10.48219],[105.71715,10.4947],[105.71826,10.50017],[105.71833,10.50051],[105.71866,10.50222],[105.71854,10.50306],[105.71823,10.50411],[105.71379,10.50636],[105.71293,10.5068],[105.71291,10.50681],[105.71288,10.50682],[105.71282,10.50684],[105.71272,10.50687],[105.71239,10.50698],[105.71229,10.50701],[105.71222,10.50703],[105.71216,10.50705],[105.71204,10.50707],[105.71038,10.50743],[105.70983,10.50753],[105.70658,10.50811],[105.70643,10.50814],[105.7063,10.50816],[105.70617,10.50818],[105.70607,10.50819],[105.706,10.5082],[105.7059,10.50821],[105.70567,10.50822],[105.70535,10.50824],[105.7051,10.50826],[105.7035,10.50835],[105.70322,10.50836],[105.70273,10.50838],[105.70151,10.50842],[105.69884,10.50852],[105.69747,10.50859],[105.69606,10.50867]]]},"properties":{"commune_code":"29888","commune_name":"Phường Mỹ Trà","commune_kind":"PHUONG","province_code":"82","province_name":"Tỉnh Đồng Tháp","area_km2":46.3,"valid_from":"16/6/2025","published":"13/07/2025","area_km2_geom":46.4443504327098,"quality_flag":null,"population":46756.99999999999,"population_wp":42946.95502969809,"anchor_ratio":1.0887151363272958,"pop_source":"WORLDPOP2025_ANCHORED_VNSDI","pop_density_ppkm2":1006.7317028740272,"n_stations":6,"n_ports":34,"power_kw_site":905.5,"ports_per_10k_pop":7.271638471244948,"util_mean_port_weighted":0.19196536245713636,"dist_station_m_pop_weighted":2476.327674307503}},{"type":"Feature","geometry":{"type":"Polygon","coordinates":[[[105.7241,10.38246],[105.72227,10.38394],[105.72231,10.38263],[105.71996,10.38201],[105.7131,10.37641],[105.71275,10.37601],[105.71254,10.37576],[105.71175,10.37412],[105.71101,10.36991],[105.71023,10.36588],[105.70911,10.36159],[105.70636,10.35694],[105.70467,10.35452],[105.70869,10.35165],[105.70902,10.3514],[105.711,10.34986],[105.71106,10.34981],[105.71117,10.3497],[105.71598,10.3446],[105.7163,10.34416],[105.71733,10.3426],[105.71745,10.34238],[105.71752,10.34221],[105.71763,10.34193],[105.7178,10.34145],[105.71789,10.34117],[105.71796,10.33612],[105.72006,10.32983],[105.71418,10.3243],[105.71693,10.31561],[105.71975,10.30618],[105.71977,10.30516],[105.71979,10.30469],[105.71979,10.30469],[105.71982,10.30443],[105.72003,10.3036],[105.7202,10.30298],[105.72248,10.29712],[105.7225,10.2971],[105.72252,10.29707],[105.72411,10.29717],[105.73025,10.29487],[105.73489,10.29167],[105.73526,10.29086],[105.73574,10.29004],[105.739,10.28504],[105.73987,10.28568],[105.74499,10.28958],[105.75,10.28888],[105.75793,10.28695],[105.76008,10.28718],[105.76116,10.28729],[105.76249,10.2873],[105.76333,10.28728],[105.76794,10.28659],[105.76976,10.28618],[105.77054,10.28497],[105.77184,10.28299],[105.77413,10.27951],[105.77521,10.27888],[105.77896,10.27825],[105.78123,10.2812],[105.77668,10.28491],[105.77654,10.28504],[105.77624,10.28542],[105.77648,10.2856],[105.78279,10.29033],[105.77977,10.29268],[105.77305,10.29983],[105.76925,10.30491],[105.76771,10.30696],[105.76127,10.3232],[105.75488,10.33797],[105.7492,10.3523],[105.74783,10.35437],[105.74034,10.36568],[105.7329,10.37514],[105.7241,10.38246]]]},"properties":{"commune_code":"29905","commune_name":"Phường Sa Đéc","commune_kind":"PHUONG","province_code":"82","province_name":"Tỉnh Đồng Tháp","area_km2":46.9,"valid_from":"16/6/2025","published":"13/07/2025","area_km2_geom":45.270671910644126,"quality_flag":null,"population":104508.99999999999,"population_wp":88573.69530591182,"anchor_ratio":1.1799101261277576,"pop_source":"WORLDPOP2025_ANCHORED_VNSDI","pop_density_ppkm2":2308.536533459925,"n_stations":6,"n_ports":58,"power_kw_site":2410.0,"ports_per_10k_pop":5.549761264580085,"util_mean_port_weighted":0.11948859595655416,"dist_station_m_pop_weighted":2072.419503584679}},{"type":"Feature","geometry":{"type":"Polygon","coordinates":[[[105.40568,10.93013],[105.40523,10.93195],[105.40465,10.93107],[105.40423,10.93071],[105.40359,10.93017],[105.4032,10.92996],[105.40223,10.92942],[105.4005,10.92884],[105.39897,10.92838],[105.39747,10.92737],[105.39625,10.92655],[105.39578,10.92624],[105.39382,10.92475],[105.39265,10.92386],[105.39246,10.92372],[105.39089,10.92252],[105.38926,10.92107],[105.38765,10.91962],[105.38729,10.91931],[105.38723,10.91925],[105.38717,10.91918],[105.38561,10.91748],[105.38429,10.91605],[105.38423,10.91596],[105.38352,10.91204],[105.38342,10.91068],[105.38289,10.91021],[105.38176,10.91062],[105.3813,10.91084],[105.38113,10.91093],[105.38088,10.91104],[105.38045,10.91064],[105.38017,10.91007],[105.38016,10.9098],[105.38015,10.90849],[105.3802,10.90831],[105.38072,10.90659],[105.38079,10.90383],[105.38029,10.90282],[105.37954,10.90224],[105.37802,10.90222],[105.37597,10.90295],[105.37465,10.90386],[105.37386,10.90393],[105.37326,10.9034],[105.3728,10.90285],[105.37241,10.90235],[105.37205,10.90187],[105.37065,10.90006],[105.37064,10.90003],[105.37161,10.89783],[105.37569,10.89224],[105.38015,10.88662],[105.3819,10.8845],[105.38849,10.87624],[105.39674,10.86585],[105.40698,10.8531],[105.41084,10.84835],[105.41781,10.83946],[105.41841,10.83863],[105.41895,10.83774],[105.42006,10.83573],[105.42129,10.83363],[105.42267,10.83158],[105.42713,10.82575],[105.43386,10.81743],[105.4364,10.81438],[105.43656,10.81419],[105.43657,10.81418],[105.43925,10.81441],[105.4482,10.81529],[105.45187,10.81567],[105.45784,10.81639],[105.47424,10.81803],[105.48107,10.81871],[105.49163,10.81981],[105.51235,10.82197],[105.51274,10.82339],[105.51172,10.82916],[105.51165,10.82954],[105.5116,10.82976],[105.51157,10.82992],[105.51153,10.83011],[105.51145,10.83049],[105.51131,10.83114],[105.51113,10.83195],[105.51095,10.83276],[105.51082,10.83337],[105.51074,10.83371],[105.51069,10.83399],[105.51046,10.83513],[105.51024,10.83619],[105.51015,10.83669],[105.51011,10.83688],[105.51006,10.83711],[105.51,10.83751],[105.50993,10.83791],[105.50981,10.83867],[105.50972,10.83923],[105.50967,10.83953],[105.50958,10.84006],[105.50957,10.84013],[105.50955,10.84022],[105.50952,10.84031],[105.50948,10.8404],[105.50944,10.8405],[105.50938,10.84063],[105.50929,10.84081],[105.50919,10.841],[105.50908,10.84119],[105.50895,10.84141],[105.50879,10.84168],[105.50757,10.84369],[105.50737,10.84401],[105.50725,10.8442],[105.50686,10.84483],[105.50538,10.84717],[105.50511,10.84759],[105.50483,10.84803],[105.50351,10.85005],[105.50339,10.85024],[105.50326,10.85041],[105.50323,10.85045],[105.50306,10.85068],[105.50287,10.85093],[105.50266,10.8512],[105.5024,10.85153],[105.50179,10.8523],[105.50079,10.85333],[105.4999,10.85425],[105.49968,10.85447],[105.4995,10.85465],[105.4993,10.85484],[105.49838,10.8557],[105.49812,10.85595],[105.49795,10.8561],[105.49785,10.85619],[105.49775,10.85628],[105.4976,10.85641],[105.49617,10.85766],[105.49576,10.85799],[105.4953,10.85835],[105.49501,10.85857],[105.49422,10.859],[105.49256,10.8599],[105.47347,10.87064],[105.47328,10.87075],[105.47309,10.87087],[105.47288,10.871],[105.47266,10.87114],[105.47243,10.87128],[105.47222,10.87142],[105.47204,10.87155],[105.47187,10.87167],[105.4717,10.8718],[105.47153,10.87193],[105.47138,10.87209],[105.47123,10.87226],[105.4711,10.87242],[105.47098,10.87256],[105.47091,10.87265],[105.47064,10.873],[105.46334,10.88254],[105.46014,10.88677],[105.45636,10.89183],[105.45043,10.8998],[105.44563,10.90612],[105.43716,10.91728],[105.43695,10.91755],[105.43674,10.91782],[105.43653,10.91808],[105.43634,10.9183],[105.43621,10.91844],[105.43606,10.9186],[105.43602,10.91864],[105.43597,10.91868],[105.4359,10.91872],[105.43583,10.91875],[105.43547,10.91891],[105.43527,10.919],[105.43505,10.91909],[105.43476,10.9192],[105.43285,10.9199],[105.43045,10.92079],[105.42522,10.92272],[105.41799,10.92538],[105.40602,10.92981],[105.40581,10.92993],[105.40574,10.93],[105.40568,10.93012],[105.40568,10.93013]]]},"properties":{"commune_code":"29926","commune_name":"Xã Tân Hồng","commune_kind":"XA","province_code":"82","province_name":"Tỉnh Đồng Tháp","area_km2":102.8,"valid_from":"16/6/2025","published":"13/07/2025","area_km2_geom":102.84754218378698,"quality_flag":null,"population":39974.0,"population_wp":22118.04624934867,"anchor_ratio":1.8073024872699663,"pop_source":"WORLDPOP2025_ANCHORED_VNSDI","pop_density_ppkm2":388.6723897452705,"n_stations":3,"n_ports":12,"power_kw_site":443.5,"ports_per_10k_pop":3.0019512683244107,"util_mean_port_weighted":0.06093337083755237,"dist_station_m_pop_weighted":3981.283933672074}},{"type":"Feature","geometry":{"type":"Polygon","coordinates":[[[105.43216,10.97302],[105.43117,10.97307],[105.42985,10.97298],[105.42945,10.97296],[105.42831,10.97281],[105.42809,10.97274],[105.42777,10.97263],[105.4277,10.97259],[105.42639,10.97188],[105.42553,10.97066],[105.42536,10.97042],[105.42534,10.97039],[105.42041,10.96067],[105.42001,10.95987],[105.41767,10.95567],[105.41247,10.94633],[105.41237,10.94616],[105.41157,10.94481],[105.41097,10.94378],[105.41052,10.94303],[105.40947,10.94125],[105.40713,10.93685],[105.40683,10.93615],[105.40634,10.93497],[105.40633,10.93496],[105.4061,10.93418],[105.40557,10.93247],[105.40523,10.93195],[105.40568,10.93013],[105.40568,10.93012],[105.40574,10.93],[105.40581,10.92993],[105.40602,10.92981],[105.41799,10.92538],[105.42522,10.92272],[105.43045,10.92079],[105.43285,10.9199],[105.43476,10.9192],[105.43505,10.91909],[105.43527,10.919],[105.43547,10.91891],[105.43583,10.91875],[105.4359,10.91872],[105.43597,10.91868],[105.43602,10.91864],[105.43606,10.9186],[105.43621,10.91844],[105.43634,10.9183],[105.43653,10.91808],[105.43674,10.91782],[105.43695,10.91755],[105.43716,10.91728],[105.44563,10.90612],[105.45043,10.8998],[105.45636,10.89183],[105.46014,10.88677],[105.46334,10.88254],[105.47064,10.873],[105.47091,10.87265],[105.47098,10.87256],[105.4711,10.87242],[105.47123,10.87226],[105.47138,10.87209],[105.47153,10.87193],[105.4717,10.8718],[105.47187,10.87167],[105.47204,10.87155],[105.47222,10.87142],[105.47243,10.87128],[105.47266,10.87114],[105.47288,10.871],[105.47309,10.87087],[105.47328,10.87075],[105.47347,10.87064],[105.49256,10.8599],[105.49422,10.859],[105.49501,10.85857],[105.4953,10.85835],[105.49576,10.85799],[105.49617,10.85766],[105.4976,10.85641],[105.49775,10.85628],[105.49785,10.85619],[105.49795,10.8561],[105.49812,10.85595],[105.49838,10.8557],[105.4993,10.85484],[105.4995,10.85465],[105.49968,10.85447],[105.4999,10.85425],[105.50079,10.85333],[105.50179,10.8523],[105.5024,10.85153],[105.50266,10.8512],[105.50287,10.85093],[105.50306,10.85068],[105.50323,10.85045],[105.50326,10.85041],[105.50339,10.85024],[105.50351,10.85005],[105.50483,10.84803],[105.50511,10.84759],[105.50538,10.84717],[105.50686,10.84483],[105.50725,10.8442],[105.50737,10.84401],[105.50757,10.84369],[105.50879,10.84168],[105.50895,10.84141],[105.50908,10.84119],[105.50919,10.841],[105.50929,10.84081],[105.50938,10.84063],[105.50944,10.8405],[105.50948,10.8404],[105.50952,10.84031],[105.50955,10.84022],[105.50957,10.84013],[105.50958,10.84006],[105.50967,10.83953],[105.50972,10.83923],[105.50981,10.83867],[105.51075,10.83904],[105.51231,10.83714],[105.51314,10.83614],[105.51336,10.83598],[105.51511,10.83493],[105.51799,10.83345],[105.5204,10.83226],[105.52161,10.83175],[105.52192,10.83169],[105.52228,10.83176],[105.52279,10.832],[105.52399,10.83304],[105.52888,10.83743],[105.53377,10.84179],[105.53571,10.84345],[105.53584,10.84357],[105.5347,10.84662],[105.53302,10.85118],[105.52975,10.86007],[105.52753,10.8662],[105.52539,10.87201],[105.51989,10.8869],[105.51984,10.88704],[105.5198,10.8871],[105.51978,10.88716],[105.51975,10.8872],[105.5197,10.88728],[105.51966,10.88733],[105.51959,10.88742],[105.51815,10.88899],[105.51152,10.8962],[105.50974,10.89813],[105.50695,10.90111],[105.49871,10.90996],[105.49475,10.91421],[105.48235,10.92757],[105.48184,10.92813],[105.4814,10.92861],[105.47919,10.931],[105.47886,10.93136],[105.47603,10.9344],[105.47578,10.93467],[105.47552,10.93494],[105.47521,10.93527],[105.4748,10.9357],[105.47434,10.93616],[105.47396,10.93654],[105.47369,10.93681],[105.47338,10.93712],[105.47294,10.93755],[105.47251,10.93797],[105.47215,10.93832],[105.47181,10.93865],[105.4715,10.93894],[105.47121,10.93922],[105.4709,10.93952],[105.47059,10.93982],[105.47027,10.94012],[105.47002,10.94037],[105.46985,10.94053],[105.46948,10.94089],[105.46801,10.94233],[105.46764,10.94269],[105.46344,10.94685],[105.46004,10.95024],[105.45971,10.95056],[105.4592,10.95106],[105.45894,10.95133],[105.45774,10.95252],[105.4574,10.95286],[105.45706,10.9532],[105.45648,10.95379],[105.45625,10.95402],[105.45603,10.95424],[105.45588,10.9544],[105.45581,10.95447],[105.45571,10.95456],[105.45568,10.95459],[105.45562,10.95466],[105.45508,10.95523],[105.45494,10.9554],[105.4542,10.95698],[105.45301,10.95661],[105.45196,10.95655],[105.45024,10.95683],[105.44995,10.95697],[105.44928,10.95728],[105.44918,10.95735],[105.44782,10.95825],[105.44391,10.96158],[105.44018,10.96546],[105.43957,10.9661],[105.43946,10.96622],[105.43455,10.97163],[105.43453,10.97165],[105.43372,10.97241],[105.43362,10.97249],[105.43349,10.97259],[105.43341,10.97263],[105.43258,10.973],[105.43216,10.97302]]]},"properties":{"commune_code":"29929","commune_name":"Xã Tân Hộ Cơ","commune_kind":"XA","province_code":"82","province_name":"Tỉnh Đồng Tháp","area_km2":77.5,"valid_from":"16/6/2025","published":"13/07/2025","area_km2_geom":78.01221098207836,"quality_flag":null,"population":25026.0,"population_wp":14447.782644605264,"anchor_ratio":1.7321689158539906,"pop_source":"WORLDPOP2025_ANCHORED_VNSDI","pop_density_ppkm2":320.7959329052882,"n_stations":1,"n_ports":6,"power_kw_site":180.0,"ports_per_10k_pop":2.397506593143131,"util_mean_port_weighted":0.020111207394569612,"dist_station_m_pop_weighted":10355.73971007377}},{"type":"Feature","geometry":{"type":"Polygon","coordinates":[[[105.47261,10.96438],[105.47165,10.96454],[105.47161,10.96454],[105.46976,10.9645],[105.46793,10.96441],[105.46734,10.96439],[105.46622,10.96433],[105.46574,10.96424],[105.46415,10.96396],[105.46409,10.96395],[105.46402,10.96393],[105.46271,10.96299],[105.46102,10.96173],[105.46072,10.96142],[105.46056,10.96127],[105.45894,10.95963],[105.45808,10.95902],[105.45799,10.95895],[105.45594,10.95752],[105.45563,10.95742],[105.4542,10.95698],[105.45494,10.9554],[105.45508,10.95523],[105.45562,10.95466],[105.45568,10.95459],[105.45571,10.95456],[105.45581,10.95447],[105.45588,10.9544],[105.45603,10.95424],[105.45625,10.95402],[105.45648,10.95379],[105.45706,10.9532],[105.4574,10.95286],[105.45774,10.95252],[105.45894,10.95133],[105.4592,10.95106],[105.45971,10.95056],[105.46004,10.95024],[105.46344,10.94685],[105.46764,10.94269],[105.46801,10.94233],[105.46948,10.94089],[105.46985,10.94053],[105.47002,10.94037],[105.47027,10.94012],[105.47059,10.93982],[105.4709,10.93952],[105.47121,10.93922],[105.4715,10.93894],[105.47181,10.93865],[105.47215,10.93832],[105.47251,10.93797],[105.47294,10.93755],[105.47338,10.93712],[105.47369,10.93681],[105.47396,10.93654],[105.47434,10.93616],[105.4748,10.9357],[105.47521,10.93527],[105.47552,10.93494],[105.47578,10.93467],[105.47603,10.9344],[105.47886,10.93136],[105.47919,10.931],[105.4814,10.92861],[105.48184,10.92813],[105.48235,10.92757],[105.49475,10.91421],[105.49871,10.90996],[105.50695,10.90111],[105.50974,10.89813],[105.51152,10.8962],[105.51815,10.88899],[105.51959,10.88742],[105.51966,10.88733],[105.5197,10.88728],[105.51975,10.8872],[105.51978,10.88716],[105.5198,10.8871],[105.51984,10.88704],[105.51989,10.8869],[105.52539,10.87201],[105.52753,10.8662],[105.52975,10.86007],[105.53302,10.85118],[105.5347,10.84662],[105.53584,10.84357],[105.5387,10.83594],[105.54124,10.83104],[105.5471,10.83169],[105.55424,10.83412],[105.5589,10.83896],[105.55924,10.83944],[105.55938,10.8397],[105.56048,10.84275],[105.56109,10.84469],[105.56167,10.84798],[105.56634,10.85283],[105.56919,10.85557],[105.56959,10.85576],[105.56989,10.85595],[105.57107,10.85704],[105.57245,10.85875],[105.57333,10.86049],[105.57457,10.86414],[105.57766,10.87035],[105.58062,10.87399],[105.58279,10.87545],[105.58932,10.87983],[105.58891,10.88057],[105.58886,10.88065],[105.58755,10.88296],[105.58411,10.88907],[105.58292,10.89118],[105.58222,10.89241],[105.58215,10.89255],[105.58157,10.8928],[105.58066,10.89321],[105.5566,10.90393],[105.52487,10.91807],[105.52315,10.91884],[105.52039,10.92007],[105.51632,10.92188],[105.51654,10.92335],[105.51696,10.92626],[105.5138,10.92878],[105.51173,10.93043],[105.51159,10.93055],[105.5112,10.9313],[105.50821,10.93701],[105.50283,10.94727],[105.50152,10.94978],[105.50151,10.95159],[105.50151,10.95163],[105.50143,10.95169],[105.50095,10.95203],[105.50069,10.95222],[105.50063,10.95226],[105.50053,10.95233],[105.50014,10.9526],[105.49993,10.95275],[105.4998,10.95285],[105.4997,10.95293],[105.49963,10.95299],[105.49956,10.95304],[105.49923,10.95326],[105.49905,10.95339],[105.49876,10.9533],[105.49856,10.95325],[105.49828,10.95318],[105.49824,10.95317],[105.4982,10.95316],[105.4982,10.95315],[105.49804,10.95308],[105.49785,10.953],[105.49757,10.95274],[105.49737,10.95233],[105.49736,10.95229],[105.49736,10.95228],[105.49728,10.95178],[105.49721,10.95087],[105.49719,10.95035],[105.49718,10.95032],[105.49717,10.95012],[105.49717,10.95008],[105.49717,10.95006],[105.49668,10.94839],[105.49648,10.9483],[105.49598,10.94809],[105.49596,10.94808],[105.49543,10.94822],[105.49445,10.94874],[105.49384,10.94907],[105.49362,10.94912],[105.49093,10.95027],[105.48879,10.9512],[105.48854,10.9514],[105.48689,10.95274],[105.48575,10.9539],[105.48349,10.95747],[105.48341,10.95757],[105.48259,10.95855],[105.48246,10.95866],[105.4807,10.9602],[105.47925,10.96124],[105.47908,10.96137],[105.47783,10.96227],[105.47736,10.96255],[105.47581,10.9635],[105.47556,10.96365],[105.47397,10.96411],[105.47369,10.9642],[105.47261,10.96438]]]},"properties":{"commune_code":"29938","commune_name":"Xã Tân Thành","commune_kind":"XA","province_code":"82","province_name":"Tỉnh Đồng Tháp","area_km2":64.8,"valid_from":"16/6/2025","published":"13/07/2025","area_km2_geom":65.30603460102556,"quality_flag":null,"population":30611.0,"population_wp":8451.052669029683,"anchor_ratio":3.6221523162646005,"pop_source":"WORLDPOP2025_ANCHORED_VNSDI","pop_density_ppkm2":468.7315680244853,"n_stations":0,"n_ports":0,"power_kw_site":0.0,"ports_per_10k_pop":0.0,"util_mean_port_weighted":null,"dist_station_m_pop_weighted":12244.201196843045}},{"type":"Feature","geometry":{"type":"Polygon","coordinates":[[[105.58995,10.87872],[105.58932,10.87983],[105.58279,10.87545],[105.58062,10.87399],[105.57766,10.87035],[105.57457,10.86414],[105.57333,10.86049],[105.57245,10.85875],[105.57107,10.85704],[105.56989,10.85595],[105.56959,10.85576],[105.56919,10.85557],[105.56634,10.85283],[105.56167,10.84798],[105.56109,10.84469],[105.56048,10.84275],[105.55938,10.8397],[105.55924,10.83944],[105.5589,10.83896],[105.55424,10.83412],[105.5471,10.83169],[105.54124,10.83104],[105.5387,10.83594],[105.53584,10.84357],[105.53571,10.84345],[105.53377,10.84179],[105.52888,10.83743],[105.52399,10.83304],[105.52279,10.832],[105.52228,10.83176],[105.52192,10.83169],[105.52161,10.83175],[105.5204,10.83226],[105.51799,10.83345],[105.51511,10.83493],[105.51336,10.83598],[105.51314,10.83614],[105.51231,10.83714],[105.51075,10.83904],[105.50981,10.83867],[105.50993,10.83791],[105.51,10.83751],[105.51006,10.83711],[105.51011,10.83688],[105.51015,10.83669],[105.51024,10.83619],[105.51046,10.83513],[105.51069,10.83399],[105.51074,10.83371],[105.51082,10.83337],[105.51095,10.83276],[105.51113,10.83195],[105.51131,10.83114],[105.51145,10.83049],[105.51153,10.83011],[105.51157,10.82992],[105.5116,10.82976],[105.51165,10.82954],[105.51172,10.82916],[105.51274,10.82339],[105.51235,10.82197],[105.49163,10.81981],[105.48107,10.81871],[105.47424,10.81803],[105.45784,10.81639],[105.45187,10.81567],[105.4482,10.81529],[105.43925,10.81441],[105.43657,10.81418],[105.4372,10.81344],[105.44324,10.79964],[105.44822,10.78877],[105.45004,10.78478],[105.45306,10.78528],[105.45945,10.78704],[105.46515,10.78855],[105.46724,10.7891],[105.46976,10.78976],[105.47053,10.78995],[105.47095,10.79005],[105.47404,10.7909],[105.4811,10.793],[105.4815,10.79323],[105.48178,10.79337],[105.48317,10.79379],[105.48725,10.79502],[105.49253,10.79591],[105.49604,10.7967],[105.51219,10.80037],[105.53784,10.80616],[105.54834,10.80856],[105.55225,10.8095],[105.5534,10.80976],[105.56277,10.81178],[105.56486,10.81223],[105.5819,10.81716],[105.58297,10.81638],[105.5915,10.81878],[105.6039,10.82353],[105.6014,10.8259],[105.60034,10.82679],[105.59888,10.82804],[105.59711,10.83153],[105.60056,10.8318],[105.6009,10.83183],[105.6114,10.83265],[105.61087,10.83379],[105.60996,10.83574],[105.6023,10.85211],[105.60342,10.85494],[105.60374,10.85574],[105.60195,10.85927],[105.59643,10.87016],[105.59338,10.87304],[105.59289,10.8735],[105.58995,10.87872]]]},"properties":{"commune_code":"29944","commune_name":"Xã An Phước","commune_kind":"XA","province_code":"82","province_name":"Tỉnh Đồng Tháp","area_km2":64.9,"valid_from":"16/6/2025","published":"13/07/2025","area_km2_geom":65.1586752587051,"quality_flag":null,"population":23788.0,"population_wp":7258.919645421207,"anchor_ratio":3.2770716803574254,"pop_source":"WORLDPOP2025_ANCHORED_VNSDI","pop_density_ppkm2":365.07801770911476,"n_stations":3,"n_ports":12,"power_kw_site":527.0,"ports_per_10k_pop":5.044560282495376,"util_mean_port_weighted":0.059341346789300066,"dist_station_m_pop_weighted":6769.701605528143}},{"type":"Feature","geometry":{"type":"Polygon","coordinates":[[[105.43657,10.81418],[105.43656,10.81419],[105.43633,10.81413],[105.43613,10.81409],[105.43582,10.81405],[105.43532,10.81398],[105.43504,10.81395],[105.43341,10.81376],[105.43302,10.81371],[105.43258,10.81366],[105.43213,10.81361],[105.43169,10.81356],[105.43128,10.81352],[105.4309,10.81348],[105.4286,10.81326],[105.4257,10.813],[105.41964,10.81243],[105.4174,10.81219],[105.41505,10.81194],[105.40943,10.81132],[105.38526,10.80883],[105.37831,10.80812],[105.37137,10.80737],[105.3678,10.80697],[105.36482,10.80663],[105.35935,10.80606],[105.35385,10.80552],[105.35237,10.80557],[105.3495,10.80532],[105.34574,10.80481],[105.34056,10.80366],[105.34037,10.80361],[105.3402,10.80357],[105.33714,10.80242],[105.33727,10.80195],[105.34125,10.7907],[105.34426,10.78388],[105.34713,10.77823],[105.35175,10.76987],[105.35392,10.76388],[105.35561,10.75778],[105.3562,10.75117],[105.3613,10.75219],[105.36558,10.75321],[105.36843,10.75408],[105.36815,10.75471],[105.37344,10.75742],[105.37679,10.75905],[105.37753,10.75939],[105.37807,10.75959],[105.37981,10.75995],[105.3844,10.7629],[105.38687,10.76474],[105.38763,10.76526],[105.3887,10.76584],[105.38995,10.76644],[105.39283,10.76783],[105.39634,10.76948],[105.39773,10.77011],[105.39854,10.77035],[105.39924,10.77054],[105.41112,10.77374],[105.42104,10.77641],[105.42408,10.77723],[105.42825,10.77839],[105.43077,10.7791],[105.43331,10.77982],[105.43678,10.78085],[105.44342,10.78284],[105.45004,10.78478],[105.44822,10.78877],[105.44324,10.79964],[105.4372,10.81344],[105.43657,10.81418]]]},"properties":{"commune_code":"29954","commune_name":"Phường An Bình","commune_kind":"PHUONG","province_code":"82","province_name":"Tỉnh Đồng Tháp","area_km2":50.1,"valid_from":"16/6/2025","published":"13/07/2025","area_km2_geom":50.12798887971395,"quality_flag":null,"population":33341.0,"population_wp":20652.960153268185,"anchor_ratio":1.614344856745585,"pop_source":"WORLDPOP2025_ANCHORED_VNSDI","pop_density_ppkm2":665.1174472609374,"n_stations":1,"n_ports":4,"power_kw_site":47.0,"ports_per_10k_pop":1.199724063465403,"util_mean_port_weighted":0.06605914214609866,"dist_station_m_pop_weighted":2695.9097210370587}},{"type":"Feature","geometry":{"type":"Polygon","coordinates":[[[105.37161,10.89783],[105.37064,10.90003],[105.37011,10.89864],[105.36969,10.89711],[105.36969,10.8971],[105.36957,10.89541],[105.36957,10.89503],[105.36957,10.89493],[105.36957,10.89433],[105.36957,10.89406],[105.36957,10.89393],[105.36916,10.89113],[105.36913,10.89087],[105.36878,10.8898],[105.36838,10.88855],[105.36764,10.88763],[105.36739,10.88749],[105.36737,10.88748],[105.36677,10.88714],[105.36612,10.88696],[105.36566,10.88683],[105.36509,10.8868],[105.36508,10.8868],[105.36455,10.88677],[105.36299,10.88691],[105.36298,10.88691],[105.36227,10.88697],[105.36216,10.88698],[105.36111,10.88697],[105.36081,10.88694],[105.36005,10.88674],[105.35952,10.88642],[105.35929,10.88607],[105.35927,10.88605],[105.35931,10.88583],[105.35948,10.88492],[105.35951,10.88473],[105.36026,10.88277],[105.36039,10.88183],[105.36042,10.88162],[105.35985,10.88057],[105.35962,10.88045],[105.35856,10.87987],[105.35743,10.87986],[105.35644,10.88031],[105.35621,10.88038],[105.35543,10.88058],[105.35528,10.88062],[105.35514,10.88052],[105.35441,10.87998],[105.35434,10.87993],[105.35428,10.87986],[105.35421,10.87977],[105.35394,10.87922],[105.3539,10.87913],[105.35384,10.87879],[105.35384,10.87878],[105.35383,10.87877],[105.35158,10.87659],[105.35097,10.876],[105.35097,10.876],[105.35093,10.87591],[105.35091,10.87589],[105.35091,10.87588],[105.3507,10.87547],[105.34987,10.87383],[105.34938,10.87107],[105.34907,10.87074],[105.34861,10.87025],[105.34818,10.86979],[105.34344,10.86812],[105.34246,10.86773],[105.34209,10.86738],[105.34191,10.8672],[105.34166,10.86682],[105.34104,10.86587],[105.34043,10.86494],[105.34025,10.86467],[105.33987,10.86403],[105.33956,10.8635],[105.33933,10.86311],[105.33716,10.86021],[105.33818,10.85978],[105.3383,10.85971],[105.33878,10.85945],[105.33924,10.85911],[105.33955,10.85888],[105.33969,10.85867],[105.33974,10.85858],[105.34,10.85803],[105.34013,10.85764],[105.34013,10.85727],[105.34001,10.85703],[105.33961,10.8565],[105.33839,10.8554],[105.3382,10.85509],[105.33795,10.85462],[105.33791,10.85453],[105.33782,10.85411],[105.33782,10.8539],[105.33787,10.85346],[105.33816,10.85272],[105.3389,10.85143],[105.33994,10.84958],[105.34087,10.84744],[105.34109,10.84689],[105.34133,10.84629],[105.34237,10.84272],[105.34253,10.8414],[105.34253,10.83985],[105.34243,10.8382],[105.3422,10.83673],[105.342,10.83581],[105.34181,10.83552],[105.3415,10.83531],[105.34101,10.835],[105.34012,10.82871],[105.34042,10.82196],[105.34027,10.81982],[105.33892,10.81272],[105.33636,10.80699],[105.33607,10.80634],[105.33714,10.80242],[105.3402,10.80357],[105.34037,10.80361],[105.34056,10.80366],[105.34574,10.80481],[105.3495,10.80532],[105.35237,10.80557],[105.35385,10.80552],[105.35935,10.80606],[105.36482,10.80663],[105.3678,10.80697],[105.37137,10.80737],[105.37831,10.80812],[105.38526,10.80883],[105.40943,10.81132],[105.41505,10.81194],[105.4174,10.81219],[105.41964,10.81243],[105.4257,10.813],[105.4286,10.81326],[105.4309,10.81348],[105.43128,10.81352],[105.43169,10.81356],[105.43213,10.81361],[105.43258,10.81366],[105.43302,10.81371],[105.43341,10.81376],[105.43504,10.81395],[105.43532,10.81398],[105.43582,10.81405],[105.43613,10.81409],[105.43633,10.81413],[105.43656,10.81419],[105.4364,10.81438],[105.43386,10.81743],[105.42713,10.82575],[105.42267,10.83158],[105.42129,10.83363],[105.42006,10.83573],[105.41895,10.83774],[105.41841,10.83863],[105.41781,10.83946],[105.41084,10.84835],[105.40698,10.8531],[105.39674,10.86585],[105.38849,10.87624],[105.3819,10.8845],[105.38015,10.88662],[105.37569,10.89224],[105.37161,10.89783]]]},"properties":{"commune_code":"29955","commune_name":"Phường Hồng Ngự","commune_kind":"PHUONG","province_code":"82","province_name":"Tỉnh Đồng Tháp","area_km2":64.2,"valid_from":"16/6/2025","published":"13/07/2025","area_km2_geom":64.06302524766363,"quality_flag":null,"population":53945.0,"population_wp":39894.53467060253,"anchor_ratio":1.3521902296995827,"pop_source":"WORLDPOP2025_ANCHORED_VNSDI","pop_density_ppkm2":842.0613886317734,"n_stations":4,"n_ports":9,"power_kw_site":453.5,"ports_per_10k_pop":1.668365928260265,"util_mean_port_weighted":0.30425088658973704,"dist_station_m_pop_weighted":1773.8383211939552}},{"type":"Feature","geometry":{"type":"Polygon","coordinates":[[[105.18821,10.91154],[105.18821,10.91154],[105.18965,10.89934],[105.19062,10.89403],[105.19111,10.89132],[105.19114,10.89129],[105.19219,10.89001],[105.19127,10.88343],[105.18973,10.87238],[105.18906,10.85958],[105.19197,10.85005],[105.19492,10.84638],[105.20445,10.83969],[105.21283,10.83636],[105.21315,10.83557],[105.21461,10.8328],[105.21564,10.83085],[105.21673,10.82955],[105.21939,10.82759],[105.21953,10.82749],[105.21964,10.82739],[105.22052,10.82664],[105.22054,10.82662],[105.22057,10.8266],[105.22448,10.81941],[105.22532,10.81788],[105.22548,10.81758],[105.22593,10.81675],[105.22756,10.81376],[105.22756,10.81376],[105.2288,10.81149],[105.23243,10.8087],[105.23451,10.80711],[105.23632,10.80607],[105.23653,10.80599],[105.23696,10.80582],[105.23776,10.80552],[105.23905,10.80525],[105.23927,10.80522],[105.23927,10.80522],[105.23941,10.80519],[105.24176,10.80483],[105.24295,10.80464],[105.24898,10.8037],[105.25179,10.80326],[105.2545,10.80259],[105.25714,10.80195],[105.25947,10.80122],[105.26042,10.80069],[105.26096,10.80016],[105.26116,10.79996],[105.27164,10.80327],[105.27805,10.80538],[105.279,10.80569],[105.28606,10.81054],[105.28978,10.81408],[105.29481,10.81887],[105.29595,10.81956],[105.29585,10.82127],[105.29347,10.84085],[105.29191,10.85381],[105.2917,10.85391],[105.29007,10.85441],[105.28697,10.85536],[105.28249,10.8567],[105.2759,10.85871],[105.26744,10.86129],[105.2645,10.86282],[105.25754,10.86959],[105.25668,10.87124],[105.25591,10.87416],[105.25578,10.8759],[105.25599,10.87704],[105.25549,10.87985],[105.25419,10.88411],[105.25168,10.88948],[105.25163,10.88958],[105.2515,10.88986],[105.25143,10.89],[105.25064,10.89159],[105.25045,10.89195],[105.24864,10.89332],[105.24345,10.89207],[105.24162,10.89215],[105.24141,10.89215],[105.23897,10.89225],[105.23759,10.89267],[105.22997,10.89496],[105.22451,10.89661],[105.22117,10.89778],[105.22026,10.8981],[105.21782,10.89895],[105.21572,10.89969],[105.21564,10.89972],[105.21156,10.9025],[105.20597,10.90632],[105.20594,10.90634],[105.2055,10.90664],[105.20493,10.90698],[105.2049,10.90701],[105.20316,10.9083],[105.20209,10.90909],[105.20006,10.91059],[105.19961,10.9108],[105.19901,10.91109],[105.19879,10.91119],[105.19709,10.91125],[105.19503,10.91131],[105.18989,10.91148],[105.18906,10.91151],[105.18866,10.91153],[105.18824,10.91154],[105.18821,10.91154]]]},"properties":{"commune_code":"29971","commune_name":"Xã Thường Phước","commune_kind":"XA","province_code":"82","province_name":"Tỉnh Đồng Tháp","area_km2":80.7,"valid_from":"16/6/2025","published":"13/07/2025","area_km2_geom":85.38088056790804,"quality_flag":null,"population":59864.0,"population_wp":30623.53207804449,"anchor_ratio":1.954836556653092,"pop_source":"WORLDPOP2025_ANCHORED_VNSDI","pop_density_ppkm2":701.140578567668,"n_stations":0,"n_ports":0,"power_kw_site":0.0,"ports_per_10k_pop":0.0,"util_mean_port_weighted":null,"dist_station_m_pop_weighted":15805.292733085771}},{"type":"Feature","geometry":{"type":"Polygon","coordinates":[[[105.2653,10.89614],[105.26498,10.89643],[105.26498,10.89643],[105.26498,10.89643],[105.26498,10.89643],[105.26351,10.89617],[105.26276,10.89603],[105.26236,10.89599],[105.25972,10.89567],[105.25708,10.89536],[105.25615,10.89514],[105.25444,10.89472],[105.25434,10.8947],[105.24864,10.89332],[105.25045,10.89195],[105.25064,10.89159],[105.25143,10.89],[105.2515,10.88986],[105.25163,10.88958],[105.25168,10.88948],[105.25419,10.88411],[105.25549,10.87985],[105.25599,10.87704],[105.25578,10.8759],[105.25591,10.87416],[105.25668,10.87124],[105.25754,10.86959],[105.2645,10.86282],[105.26744,10.86129],[105.2759,10.85871],[105.28249,10.8567],[105.28697,10.85536],[105.29007,10.85441],[105.2917,10.85391],[105.29191,10.85381],[105.29347,10.84085],[105.29585,10.82127],[105.29595,10.81956],[105.2988,10.82129],[105.30739,10.8228],[105.31336,10.82296],[105.32494,10.81847],[105.32905,10.81572],[105.33219,10.81272],[105.33473,10.80889],[105.33606,10.80638],[105.33607,10.80634],[105.33636,10.80699],[105.33892,10.81272],[105.34027,10.81982],[105.34042,10.82196],[105.34012,10.82871],[105.34101,10.835],[105.3415,10.83531],[105.34181,10.83552],[105.342,10.83581],[105.3422,10.83673],[105.34243,10.8382],[105.34253,10.83985],[105.34253,10.8414],[105.34237,10.84272],[105.34133,10.84629],[105.34109,10.84689],[105.34087,10.84744],[105.33994,10.84958],[105.3389,10.85143],[105.33816,10.85272],[105.33787,10.85346],[105.33782,10.8539],[105.33782,10.85411],[105.33791,10.85453],[105.33795,10.85462],[105.3382,10.85509],[105.33839,10.8554],[105.33961,10.8565],[105.34001,10.85703],[105.34013,10.85727],[105.34013,10.85764],[105.34,10.85803],[105.33974,10.85858],[105.33969,10.85867],[105.33955,10.85888],[105.33924,10.85911],[105.33878,10.85945],[105.3383,10.85971],[105.33818,10.85978],[105.33716,10.86021],[105.33661,10.86044],[105.3358,10.86078],[105.33504,10.86115],[105.33401,10.86164],[105.33401,10.86164],[105.33362,10.8619],[105.33161,10.86324],[105.33159,10.86325],[105.33092,10.86363],[105.32843,10.86522],[105.32764,10.86573],[105.32612,10.86652],[105.32479,10.8672],[105.32424,10.86748],[105.31955,10.8698],[105.31691,10.87099],[105.30992,10.87437],[105.30421,10.87694],[105.29897,10.87951],[105.29803,10.87998],[105.296,10.88097],[105.29253,10.88267],[105.29047,10.88397],[105.28874,10.88489],[105.28874,10.88489],[105.28553,10.8866],[105.28348,10.88768],[105.28266,10.88811],[105.28264,10.88812],[105.28226,10.88832],[105.28004,10.88871],[105.27678,10.88907],[105.27412,10.88991],[105.26906,10.89359],[105.26663,10.89493],[105.2653,10.89614]]]},"properties":{"commune_code":"29978","commune_name":"Phường Thường Lạc","commune_kind":"PHUONG","province_code":"82","province_name":"Tỉnh Đồng Tháp","area_km2":43.7,"valid_from":"16/6/2025","published":"13/07/2025","area_km2_geom":43.86636610179921,"quality_flag":null,"population":38225.0,"population_wp":12353.999973993748,"anchor_ratio":3.094139556456773,"pop_source":"WORLDPOP2025_ANCHORED_VNSDI","pop_density_ppkm2":871.3965481273858,"n_stations":0,"n_ports":0,"power_kw_site":0.0,"ports_per_10k_pop":0.0,"util_mean_port_weighted":null,"dist_station_m_pop_weighted":5172.187332193259}},{"type":"Feature","geometry":{"type":"Polygon","coordinates":[[[105.32494,10.81847],[105.31336,10.82296],[105.30739,10.8228],[105.2988,10.82129],[105.29595,10.81956],[105.29481,10.81887],[105.28978,10.81408],[105.28606,10.81054],[105.279,10.80569],[105.27805,10.80538],[105.27164,10.80327],[105.26116,10.79996],[105.26197,10.79583],[105.26885,10.79379],[105.2798,10.78867],[105.28833,10.784],[105.29393,10.78262],[105.29686,10.7819],[105.29811,10.78168],[105.31113,10.78056],[105.31208,10.78048],[105.31709,10.78103],[105.32439,10.78183],[105.33407,10.78195],[105.3462,10.77993],[105.34713,10.77823],[105.34426,10.78388],[105.34125,10.7907],[105.33727,10.80195],[105.33714,10.80242],[105.33607,10.80634],[105.33606,10.80638],[105.33473,10.80889],[105.33219,10.81272],[105.32905,10.81572],[105.32494,10.81847]]]},"properties":{"commune_code":"29983","commune_name":"Xã Long Khánh","commune_kind":"XA","province_code":"82","province_name":"Tỉnh Đồng Tháp","area_km2":29.0,"valid_from":"16/6/2025","published":"13/07/2025","area_km2_geom":27.479221988562198,"quality_flag":null,"population":35884.0,"population_wp":17613.90506627783,"anchor_ratio":2.037254082213752,"pop_source":"WORLDPOP2025_ANCHORED_VNSDI","pop_density_ppkm2":1305.8593876833982,"n_stations":0,"n_ports":0,"power_kw_site":0.0,"ports_per_10k_pop":0.0,"util_mean_port_weighted":null,"dist_station_m_pop_weighted":3114.1033751549658}},{"type":"Feature","geometry":{"type":"Polygon","coordinates":[[[105.26885,10.79379],[105.26197,10.79583],[105.26142,10.79202],[105.25894,10.78589],[105.25841,10.78473],[105.25815,10.7835],[105.25809,10.78253],[105.25812,10.78192],[105.25917,10.7765],[105.25947,10.77521],[105.25983,10.77412],[105.26031,10.77312],[105.26078,10.77223],[105.2609,10.772],[105.26154,10.77125],[105.26168,10.77109],[105.26182,10.77095],[105.26247,10.77027],[105.26335,10.76963],[105.26489,10.76856],[105.26645,10.76757],[105.26764,10.76691],[105.26764,10.76691],[105.26768,10.76689],[105.26799,10.76672],[105.2692,10.76606],[105.27079,10.76532],[105.27103,10.76522],[105.27179,10.76491],[105.27372,10.76427],[105.27467,10.76402],[105.27607,10.76382],[105.2777,10.76363],[105.27845,10.76357],[105.27953,10.76351],[105.28131,10.76344],[105.28219,10.76344],[105.28304,10.76354],[105.28474,10.76356],[105.28795,10.76355],[105.28841,10.76354],[105.29448,10.76329],[105.29648,10.76318],[105.29793,10.76291],[105.29816,10.76287],[105.29943,10.76246],[105.30055,10.76192],[105.30104,10.76159],[105.30194,10.7609],[105.30289,10.7601],[105.30324,10.75969],[105.3035,10.75933],[105.30378,10.75875],[105.30401,10.75817],[105.30424,10.75747],[105.30434,10.7569],[105.30436,10.75623],[105.30425,10.7549],[105.30424,10.7548],[105.30412,10.75346],[105.30366,10.75177],[105.3034,10.75109],[105.30317,10.75064],[105.30271,10.74987],[105.30212,10.74899],[105.30119,10.74799],[105.30018,10.74719],[105.29886,10.74631],[105.29307,10.74317],[105.2863,10.73948],[105.28304,10.73752],[105.28056,10.73562],[105.28012,10.73523],[105.27876,10.73402],[105.27797,10.73307],[105.27751,10.73252],[105.27661,10.73085],[105.27656,10.73076],[105.27626,10.73018],[105.27606,10.7296],[105.27588,10.72904],[105.27586,10.7282],[105.27586,10.7279],[105.27586,10.72744],[105.27604,10.72648],[105.27658,10.7255],[105.277,10.72484],[105.27775,10.72382],[105.27845,10.72312],[105.2786,10.72297],[105.27971,10.72215],[105.27985,10.72208],[105.28189,10.72101],[105.28729,10.71866],[105.2901,10.71774],[105.29217,10.71707],[105.29465,10.71662],[105.29632,10.71632],[105.29867,10.71614],[105.30155,10.71608],[105.30276,10.71615],[105.30424,10.71634],[105.30512,10.71648],[105.30749,10.71702],[105.30999,10.71774],[105.31429,10.71904],[105.31429,10.71904],[105.31442,10.71908],[105.31583,10.71956],[105.3189,10.72057],[105.32325,10.72175],[105.32601,10.72231],[105.32747,10.72257],[105.32863,10.72278],[105.33224,10.72313],[105.33448,10.72311],[105.33615,10.72309],[105.33867,10.72286],[105.341,10.72238],[105.34221,10.72205],[105.34221,10.72205],[105.34367,10.72141],[105.34452,10.72091],[105.34452,10.7209],[105.34453,10.7209],[105.34554,10.72014],[105.34703,10.71867],[105.34946,10.71583],[105.35108,10.71387],[105.35152,10.71303],[105.35152,10.71303],[105.35154,10.71217],[105.36186,10.72248],[105.36054,10.72657],[105.35993,10.72846],[105.35812,10.73612],[105.35728,10.74007],[105.35698,10.74312],[105.3562,10.75117],[105.35561,10.75778],[105.35392,10.76388],[105.35175,10.76987],[105.34713,10.77823],[105.3462,10.77993],[105.33407,10.78195],[105.32439,10.78183],[105.31709,10.78103],[105.31208,10.78048],[105.31113,10.78056],[105.29811,10.78168],[105.29686,10.7819],[105.29393,10.78262],[105.28833,10.784],[105.2798,10.78867],[105.26885,10.79379]]]},"properties":{"commune_code":"29992","commune_name":"Xã Long Phú Thuận","commune_kind":"XA","province_code":"82","province_name":"Tỉnh Đồng Tháp","area_km2":56.6,"valid_from":"16/6/2025","published":"13/07/2025","area_km2_geom":58.43617658714158,"quality_flag":null,"population":61107.00000000001,"population_wp":28624.438427943736,"anchor_ratio":2.134784238783394,"pop_source":"WORLDPOP2025_ANCHORED_VNSDI","pop_density_ppkm2":1045.7049651233706,"n_stations":0,"n_ports":0,"power_kw_site":0.0,"ports_per_10k_pop":0.0,"util_mean_port_weighted":null,"dist_station_m_pop_weighted":14010.567853640803}},{"type":"Feature","geometry":{"type":"Polygon","coordinates":[[[105.58452,10.8145],[105.5819,10.81716],[105.56486,10.81223],[105.56733,10.80937],[105.56793,10.80832],[105.56317,10.80545],[105.55551,10.80083],[105.55541,10.80077],[105.5549,10.80046],[105.55432,10.80011],[105.5533,10.79949],[105.5529,10.79925],[105.55256,10.79904],[105.55251,10.79901],[105.55219,10.79882],[105.55192,10.79866],[105.55133,10.79829],[105.55101,10.79809],[105.55066,10.79788],[105.55058,10.79783],[105.55039,10.79771],[105.55026,10.79762],[105.55021,10.79759],[105.55019,10.79756],[105.55018,10.79754],[105.55017,10.79752],[105.55016,10.7975],[105.55016,10.79748],[105.55016,10.79745],[105.55018,10.79741],[105.55021,10.79736],[105.55021,10.79735],[105.55026,10.79729],[105.55039,10.79713],[105.5556,10.79089],[105.55875,10.78739],[105.56801,10.77848],[105.5781,10.76879],[105.57845,10.76815],[105.57887,10.76684],[105.5818,10.76301],[105.58206,10.76266],[105.58229,10.76237],[105.58257,10.762],[105.58292,10.76155],[105.58332,10.76104],[105.58473,10.75923],[105.58512,10.75873],[105.59342,10.74806],[105.59255,10.7471],[105.58678,10.7421],[105.57728,10.73382],[105.57642,10.73306],[105.57611,10.73271],[105.57326,10.72809],[105.57301,10.72768],[105.57133,10.72493],[105.56272,10.71129],[105.56002,10.70592],[105.55473,10.69161],[105.55349,10.68809],[105.55223,10.68747],[105.55695,10.68028],[105.55666,10.67729],[105.55548,10.67733],[105.54757,10.678],[105.54509,10.67836],[105.54258,10.67594],[105.54243,10.67411],[105.54225,10.67223],[105.54143,10.66587],[105.54003,10.65811],[105.53947,10.655],[105.53949,10.655],[105.5418,10.65464],[105.54785,10.65332],[105.5486,10.65317],[105.56248,10.65112],[105.56826,10.65039],[105.5733,10.64977],[105.57281,10.65326],[105.57257,10.65608],[105.57424,10.66962],[105.5746,10.67223],[105.57641,10.67596],[105.57725,10.67701],[105.57787,10.67778],[105.57882,10.67896],[105.5796,10.67993],[105.58326,10.68447],[105.58337,10.68443],[105.58403,10.68424],[105.58546,10.68397],[105.5866,10.68408],[105.59107,10.68836],[105.59408,10.68909],[105.59445,10.68997],[105.59609,10.69404],[105.59831,10.69974],[105.59844,10.70064],[105.59845,10.70093],[105.59851,10.70172],[105.60072,10.69875],[105.60122,10.69808],[105.60175,10.69736],[105.60189,10.69717],[105.60215,10.69682],[105.60259,10.69621],[105.60304,10.69557],[105.60308,10.69552],[105.6035,10.69493],[105.60353,10.69489],[105.60392,10.69433],[105.60421,10.6939],[105.60482,10.69301],[105.60801,10.69732],[105.60981,10.69988],[105.61242,10.70377],[105.61611,10.71053],[105.62707,10.72421],[105.63368,10.73183],[105.63925,10.73817],[105.64424,10.74381],[105.64841,10.74845],[105.64874,10.74879],[105.64858,10.74899],[105.6485,10.74908],[105.64777,10.74993],[105.64632,10.75162],[105.64567,10.75238],[105.64501,10.75314],[105.64485,10.75333],[105.64429,10.75397],[105.64418,10.7541],[105.64399,10.75432],[105.64377,10.75456],[105.6436,10.75476],[105.64343,10.75495],[105.64325,10.75515],[105.6431,10.75532],[105.64298,10.75546],[105.64275,10.75572],[105.64264,10.75584],[105.64253,10.75596],[105.64243,10.75607],[105.6377,10.76071],[105.63749,10.76091],[105.63728,10.76111],[105.63585,10.76249],[105.63433,10.76394],[105.63191,10.76626],[105.63145,10.7667],[105.63099,10.76715],[105.6305,10.76761],[105.62995,10.76812],[105.62937,10.76866],[105.62781,10.77012],[105.61827,10.77979],[105.60033,10.79817],[105.59016,10.80866],[105.58452,10.8145]]]},"properties":{"commune_code":"30001","commune_name":"Xã Tràm Chim","commune_kind":"XA","province_code":"82","province_name":"Tỉnh Đồng Tháp","area_km2":90.2,"valid_from":"16/6/2025","published":"13/07/2025","area_km2_geom":90.20488383742388,"quality_flag":null,"population":22725.000000000004,"population_wp":18009.111853849143,"anchor_ratio":1.2618612280506725,"pop_source":"WORLDPOP2025_ANCHORED_VNSDI","pop_density_ppkm2":251.9264925938737,"n_stations":2,"n_ports":5,"power_kw_site":332.0,"ports_per_10k_pop":2.2002200220022,"util_mean_port_weighted":0.1637240514716747,"dist_station_m_pop_weighted":3884.2051381683773}},{"type":"Feature","geometry":{"type":"Polygon","coordinates":[[[105.56733,10.80937],[105.56486,10.81223],[105.56277,10.81178],[105.5534,10.80976],[105.55225,10.8095],[105.54834,10.80856],[105.53784,10.80616],[105.51219,10.80037],[105.49604,10.7967],[105.49253,10.79591],[105.48725,10.79502],[105.48317,10.79379],[105.48178,10.79337],[105.4815,10.79323],[105.4811,10.793],[105.47404,10.7909],[105.47095,10.79005],[105.4735,10.78467],[105.47718,10.77766],[105.47768,10.7767],[105.48034,10.77141],[105.48063,10.77082],[105.48096,10.77015],[105.48129,10.76947],[105.48284,10.76629],[105.4831,10.76576],[105.48346,10.765],[105.48357,10.76479],[105.48698,10.75773],[105.48555,10.75692],[105.48627,10.75086],[105.49428,10.73276],[105.49503,10.73109],[105.49717,10.72633],[105.49769,10.72518],[105.50015,10.71968],[105.50131,10.71701],[105.50179,10.71595],[105.50186,10.71581],[105.51174,10.71047],[105.52062,10.70551],[105.53118,10.69948],[105.54122,10.6938],[105.54239,10.69314],[105.55069,10.68844],[105.55223,10.68747],[105.55349,10.68809],[105.55473,10.69161],[105.56002,10.70592],[105.56272,10.71129],[105.57133,10.72493],[105.57301,10.72768],[105.57326,10.72809],[105.57611,10.73271],[105.57642,10.73306],[105.57728,10.73382],[105.58678,10.7421],[105.59255,10.7471],[105.59342,10.74806],[105.58512,10.75873],[105.58473,10.75923],[105.58332,10.76104],[105.58292,10.76155],[105.58257,10.762],[105.58229,10.76237],[105.58206,10.76266],[105.5818,10.76301],[105.57887,10.76684],[105.57845,10.76815],[105.5781,10.76879],[105.56801,10.77848],[105.55875,10.78739],[105.5556,10.79089],[105.55039,10.79713],[105.55026,10.79729],[105.55021,10.79735],[105.55021,10.79736],[105.55018,10.79741],[105.55016,10.79745],[105.55016,10.79748],[105.55016,10.7975],[105.55017,10.79752],[105.55018,10.79754],[105.55019,10.79756],[105.55021,10.79759],[105.55026,10.79762],[105.55039,10.79771],[105.55058,10.79783],[105.55066,10.79788],[105.55101,10.79809],[105.55133,10.79829],[105.55192,10.79866],[105.55219,10.79882],[105.55251,10.79901],[105.55256,10.79904],[105.5529,10.79925],[105.5533,10.79949],[105.55432,10.80011],[105.5549,10.80046],[105.55541,10.80077],[105.55551,10.80083],[105.56317,10.80545],[105.56793,10.80832],[105.56733,10.80937]]]},"properties":{"commune_code":"30010","commune_name":"Xã Tam Nông","commune_kind":"XA","province_code":"82","province_name":"Tỉnh Đồng Tháp","area_km2":102.7,"valid_from":"16/6/2025","published":"13/07/2025","area_km2_geom":102.89859756012456,"quality_flag":null,"population":21031.0,"population_wp":11995.894796732813,"anchor_ratio":1.7531830977484044,"pop_source":"WORLDPOP2025_ANCHORED_VNSDI","pop_density_ppkm2":204.38568161933793,"n_stations":2,"n_ports":9,"power_kw_site":224.5,"ports_per_10k_pop":4.279397080500214,"util_mean_port_weighted":0.02179363334753922,"dist_station_m_pop_weighted":6319.784036546864}},{"type":"Feature","geometry":{"type":"Polygon","coordinates":[[[105.4735,10.78467],[105.47095,10.79005],[105.47053,10.78995],[105.46976,10.78976],[105.46724,10.7891],[105.46515,10.78855],[105.45945,10.78704],[105.45306,10.78528],[105.45004,10.78478],[105.44342,10.78284],[105.43678,10.78085],[105.43331,10.77982],[105.43077,10.7791],[105.42825,10.77839],[105.42408,10.77723],[105.42104,10.77641],[105.41112,10.77374],[105.39924,10.77054],[105.39854,10.77035],[105.39773,10.77011],[105.39634,10.76948],[105.39283,10.76783],[105.38995,10.76644],[105.3887,10.76584],[105.38763,10.76526],[105.38687,10.76474],[105.3844,10.7629],[105.37981,10.75995],[105.37807,10.75959],[105.37753,10.75939],[105.37679,10.75905],[105.37344,10.75742],[105.36815,10.75471],[105.36843,10.75408],[105.36558,10.75321],[105.3613,10.75219],[105.3562,10.75117],[105.35698,10.74312],[105.35728,10.74007],[105.35812,10.73612],[105.35993,10.72846],[105.36054,10.72657],[105.36186,10.72248],[105.36813,10.71256],[105.36959,10.71027],[105.36884,10.71216],[105.37816,10.71663],[105.38037,10.71766],[105.38106,10.71793],[105.38166,10.71816],[105.3832,10.71866],[105.38628,10.71943],[105.38805,10.71976],[105.39148,10.72073],[105.39278,10.72121],[105.39298,10.72129],[105.39299,10.72129],[105.39651,10.7259],[105.40566,10.73461],[105.41061,10.73855],[105.41765,10.74496],[105.41932,10.74679],[105.4195,10.74692],[105.41971,10.74703],[105.42004,10.74717],[105.42041,10.74679],[105.4215,10.74649],[105.42793,10.74596],[105.43012,10.73905],[105.43054,10.73487],[105.4271,10.73298],[105.42662,10.73173],[105.42737,10.73046],[105.42928,10.7291],[105.43131,10.72704],[105.43324,10.72414],[105.43314,10.72357],[105.43118,10.72338],[105.4307,10.72233],[105.43242,10.71968],[105.43358,10.71904],[105.43823,10.7166],[105.43962,10.71593],[105.43983,10.7158],[105.44026,10.7156],[105.44037,10.71554],[105.44048,10.71549],[105.44059,10.71545],[105.44068,10.71541],[105.44077,10.71537],[105.44099,10.71529],[105.4411,10.71525],[105.44123,10.71521],[105.44136,10.71517],[105.44148,10.71514],[105.44158,10.71512],[105.44168,10.7151],[105.44177,10.71509],[105.44186,10.71508],[105.44195,10.71508],[105.44204,10.7151],[105.44213,10.71511],[105.46791,10.71952],[105.47117,10.72008],[105.47677,10.72108],[105.48844,10.72346],[105.49769,10.72518],[105.49717,10.72633],[105.49503,10.73109],[105.49428,10.73276],[105.48627,10.75086],[105.48555,10.75692],[105.48698,10.75773],[105.48357,10.76479],[105.48346,10.765],[105.4831,10.76576],[105.48284,10.76629],[105.48129,10.76947],[105.48096,10.77015],[105.48063,10.77082],[105.48034,10.77141],[105.47768,10.7767],[105.47718,10.77766],[105.4735,10.78467]]]},"properties":{"commune_code":"30019","commune_name":"Xã An Hòa","commune_kind":"XA","province_code":"82","province_name":"Tỉnh Đồng Tháp","area_km2":77.9,"valid_from":"16/6/2025","published":"13/07/2025","area_km2_geom":78.17046691787218,"quality_flag":null,"population":19033.0,"population_wp":10615.063344080001,"anchor_ratio":1.7930180332475043,"pop_source":"WORLDPOP2025_ANCHORED_VNSDI","pop_density_ppkm2":243.4806999425568,"n_stations":0,"n_ports":0,"power_kw_site":0.0,"ports_per_10k_pop":0.0,"util_mean_port_weighted":null,"dist_station_m_pop_weighted":6115.419357909635}},{"type":"Feature","geometry":{"type":"Polygon","coordinates":[[[105.60409,10.82334],[105.6039,10.82353],[105.5915,10.81878],[105.58297,10.81638],[105.5819,10.81716],[105.58452,10.8145],[105.59016,10.80866],[105.60033,10.79817],[105.61827,10.77979],[105.62781,10.77012],[105.62937,10.76866],[105.62995,10.76812],[105.6305,10.76761],[105.63099,10.76715],[105.63145,10.7667],[105.63191,10.76626],[105.63433,10.76394],[105.63585,10.76249],[105.63728,10.76111],[105.63749,10.76091],[105.6377,10.76071],[105.64243,10.75607],[105.64253,10.75596],[105.64264,10.75584],[105.64275,10.75572],[105.64298,10.75546],[105.6431,10.75532],[105.64325,10.75515],[105.64343,10.75495],[105.6436,10.75476],[105.64377,10.75456],[105.64399,10.75432],[105.64418,10.7541],[105.64429,10.75397],[105.64485,10.75333],[105.64501,10.75314],[105.64567,10.75238],[105.64632,10.75162],[105.64777,10.74993],[105.6485,10.74908],[105.64858,10.74899],[105.64874,10.74879],[105.64841,10.74845],[105.64424,10.74381],[105.63925,10.73817],[105.63368,10.73183],[105.62707,10.72421],[105.61611,10.71053],[105.61242,10.70377],[105.60981,10.69988],[105.60801,10.69732],[105.60482,10.69301],[105.60421,10.6939],[105.60392,10.69433],[105.60353,10.69489],[105.6035,10.69493],[105.60308,10.69552],[105.60304,10.69557],[105.60259,10.69621],[105.60215,10.69682],[105.60189,10.69717],[105.60175,10.69736],[105.60122,10.69808],[105.60072,10.69875],[105.59851,10.70172],[105.59845,10.70093],[105.59844,10.70064],[105.59831,10.69974],[105.59609,10.69404],[105.59445,10.68997],[105.59408,10.68909],[105.59107,10.68836],[105.5866,10.68408],[105.58546,10.68397],[105.58403,10.68424],[105.58337,10.68443],[105.58326,10.68447],[105.5796,10.67993],[105.57882,10.67896],[105.57787,10.67778],[105.57725,10.67701],[105.57641,10.67596],[105.5746,10.67223],[105.57424,10.66962],[105.57257,10.65608],[105.57281,10.65326],[105.5733,10.64977],[105.58991,10.64802],[105.59588,10.64827],[105.61177,10.64895],[105.62344,10.64953],[105.62376,10.64954],[105.62457,10.64948],[105.6242,10.64898],[105.62117,10.64638],[105.62052,10.64597],[105.61805,10.64368],[105.61782,10.64314],[105.61767,10.64165],[105.62408,10.63885],[105.62732,10.63726],[105.63385,10.63266],[105.6353,10.63166],[105.63556,10.63322],[105.63606,10.63591],[105.63618,10.63658],[105.6363,10.63714],[105.63772,10.64406],[105.63782,10.64453],[105.6379,10.64492],[105.63799,10.64535],[105.63809,10.64582],[105.63817,10.6462],[105.63823,10.64646],[105.63828,10.64667],[105.63833,10.64686],[105.63838,10.64706],[105.63844,10.64731],[105.63852,10.64756],[105.63861,10.64783],[105.63968,10.65094],[105.64358,10.66148],[105.64509,10.66556],[105.64552,10.66675],[105.64825,10.67122],[105.64095,10.67189],[105.63592,10.67234],[105.63589,10.67262],[105.63721,10.68162],[105.64057,10.68139],[105.64227,10.68335],[105.64634,10.68806],[105.64657,10.68839],[105.64724,10.68935],[105.64768,10.69006],[105.6484,10.69175],[105.65206,10.69913],[105.65337,10.70167],[105.6585,10.71036],[105.65813,10.71079],[105.66019,10.71555],[105.66294,10.72193],[105.66615,10.72863],[105.67203,10.7417],[105.67277,10.74112],[105.68197,10.75087],[105.6771,10.75541],[105.67065,10.76152],[105.66968,10.76246],[105.66435,10.76743],[105.66349,10.76821],[105.66112,10.7704],[105.66022,10.77121],[105.65942,10.77193],[105.65898,10.77233],[105.6507,10.77995],[105.63496,10.79455],[105.62628,10.80268],[105.62143,10.80743],[105.60967,10.81821],[105.60409,10.82334]]]},"properties":{"commune_code":"30025","commune_name":"Xã Phú Cường","commune_kind":"XA","province_code":"82","province_name":"Tỉnh Đồng Tháp","area_km2":89.9,"valid_from":"16/6/2025","published":"13/07/2025","area_km2_geom":89.96453292115068,"quality_flag":null,"population":21122.0,"population_wp":12451.814693462104,"anchor_ratio":1.6962989347319974,"pop_source":"WORLDPOP2025_ANCHORED_VNSDI","pop_density_ppkm2":234.78141123138332,"n_stations":2,"n_ports":16,"power_kw_site":497.5,"ports_per_10k_pop":7.575040242401288,"util_mean_port_weighted":0.05008362451290954,"dist_station_m_pop_weighted":5582.528639737058}},{"type":"Feature","geometry":{"type":"Polygon","coordinates":[[[105.42041,10.74679],[105.42004,10.74717],[105.41971,10.74703],[105.4195,10.74692],[105.41932,10.74679],[105.41765,10.74496],[105.41061,10.73855],[105.40566,10.73461],[105.39651,10.7259],[105.39299,10.72129],[105.39298,10.72129],[105.39278,10.72121],[105.39148,10.72073],[105.38805,10.71976],[105.38628,10.71943],[105.3832,10.71866],[105.38166,10.71816],[105.38106,10.71793],[105.38037,10.71766],[105.37816,10.71663],[105.36884,10.71216],[105.36959,10.71027],[105.37188,10.7056],[105.37395,10.70157],[105.37465,10.70021],[105.37617,10.69575],[105.37755,10.69171],[105.38225,10.6801],[105.38755,10.66502],[105.38988,10.65996],[105.39331,10.64954],[105.39441,10.64637],[105.4043,10.62614],[105.40712,10.6185],[105.41136,10.60914],[105.41403,10.60471],[105.41821,10.59777],[105.42601,10.58336],[105.43145,10.57368],[105.43165,10.57342],[105.43821,10.5773],[105.4383,10.57738],[105.43847,10.57759],[105.43957,10.57924],[105.43967,10.57943],[105.43722,10.58151],[105.43599,10.58715],[105.43794,10.60063],[105.43838,10.6036],[105.4384,10.60375],[105.43851,10.60431],[105.4386,10.60471],[105.43879,10.6056],[105.43908,10.60692],[105.44054,10.61367],[105.44111,10.61628],[105.44164,10.61627],[105.4419,10.61626],[105.44257,10.61623],[105.44318,10.61621],[105.44792,10.616],[105.45117,10.61585],[105.45176,10.61583],[105.45179,10.6162],[105.45182,10.61663],[105.45183,10.61669],[105.45183,10.61674],[105.45182,10.61679],[105.45182,10.61684],[105.45181,10.61689],[105.4518,10.61694],[105.45139,10.6186],[105.4508,10.61969],[105.44654,10.62634],[105.44339,10.63142],[105.4436,10.63273],[105.44451,10.63358],[105.44625,10.63575],[105.44903,10.63963],[105.44771,10.6471],[105.44769,10.64727],[105.4483,10.64764],[105.44943,10.64833],[105.45027,10.64884],[105.45362,10.65122],[105.45362,10.65123],[105.44752,10.65874],[105.44235,10.66542],[105.44075,10.66586],[105.43945,10.66528],[105.43491,10.66164],[105.42531,10.65809],[105.41964,10.66448],[105.4184,10.66589],[105.41643,10.66915],[105.40956,10.68099],[105.40959,10.68248],[105.40993,10.68791],[105.4087,10.69116],[105.40896,10.69338],[105.40945,10.69579],[105.41382,10.69886],[105.42132,10.70545],[105.42443,10.70858],[105.42581,10.70957],[105.42743,10.71068],[105.4299,10.71219],[105.43485,10.71257],[105.43754,10.71276],[105.43974,10.71293],[105.43963,10.71568],[105.43962,10.71593],[105.43823,10.7166],[105.43358,10.71904],[105.43242,10.71968],[105.4307,10.72233],[105.43118,10.72338],[105.43314,10.72357],[105.43324,10.72414],[105.43131,10.72704],[105.42928,10.7291],[105.42737,10.73046],[105.42662,10.73173],[105.4271,10.73298],[105.43054,10.73487],[105.43012,10.73905],[105.42793,10.74596],[105.4215,10.74649],[105.42041,10.74679]]]},"properties":{"commune_code":"30028","commune_name":"Xã An Long","commune_kind":"XA","province_code":"82","province_name":"Tỉnh Đồng Tháp","area_km2":72.2,"valid_from":"16/6/2025","published":"13/07/2025","area_km2_geom":72.34998789404935,"quality_flag":null,"population":50050.0,"population_wp":27142.414713405073,"anchor_ratio":1.8439774253129124,"pop_source":"WORLDPOP2025_ANCHORED_VNSDI","pop_density_ppkm2":691.7762042102086,"n_stations":4,"n_ports":16,"power_kw_site":660.0,"ports_per_10k_pop":3.196803196803197,"util_mean_port_weighted":0.07410309303070829,"dist_station_m_pop_weighted":13066.526009094217}},{"type":"Feature","geometry":{"type":"Polygon","coordinates":[[[105.50015,10.71968],[105.49769,10.72518],[105.48844,10.72346],[105.47677,10.72108],[105.47117,10.72008],[105.46791,10.71952],[105.44213,10.71511],[105.44204,10.7151],[105.44195,10.71508],[105.44186,10.71508],[105.44177,10.71509],[105.44168,10.7151],[105.44158,10.71512],[105.44148,10.71514],[105.44136,10.71517],[105.44123,10.71521],[105.4411,10.71525],[105.44099,10.71529],[105.44077,10.71537],[105.44068,10.71541],[105.44059,10.71545],[105.44048,10.71549],[105.44037,10.71554],[105.44026,10.7156],[105.43983,10.7158],[105.43962,10.71593],[105.43963,10.71568],[105.43974,10.71293],[105.43754,10.71276],[105.43485,10.71257],[105.4299,10.71219],[105.42743,10.71068],[105.42581,10.70957],[105.42443,10.70858],[105.42132,10.70545],[105.41382,10.69886],[105.40945,10.69579],[105.40896,10.69338],[105.4087,10.69116],[105.40993,10.68791],[105.40959,10.68248],[105.40956,10.68099],[105.41643,10.66915],[105.4184,10.66589],[105.41964,10.66448],[105.42531,10.65809],[105.43491,10.66164],[105.43945,10.66528],[105.44075,10.66586],[105.44235,10.66542],[105.44752,10.65874],[105.45362,10.65123],[105.45425,10.65046],[105.45563,10.6488],[105.45617,10.64862],[105.45686,10.64883],[105.4589,10.65098],[105.46114,10.65299],[105.46243,10.65131],[105.46265,10.65169],[105.46368,10.65353],[105.46572,10.65718],[105.46621,10.65811],[105.467,10.65959],[105.46812,10.66188],[105.46877,10.66326],[105.46899,10.66369],[105.46928,10.66423],[105.46942,10.66443],[105.46949,10.66451],[105.47494,10.6642],[105.48722,10.66362],[105.488,10.66359],[105.49027,10.6635],[105.49448,10.66342],[105.49582,10.66341],[105.49586,10.66341],[105.49607,10.6634],[105.49632,10.66335],[105.49689,10.66318],[105.49872,10.66258],[105.50179,10.66158],[105.50277,10.66126],[105.50526,10.6605],[105.50647,10.66018],[105.50791,10.65989],[105.50814,10.65985],[105.51179,10.65927],[105.53229,10.65609],[105.53947,10.655],[105.54003,10.65811],[105.54143,10.66587],[105.54225,10.67223],[105.54243,10.67411],[105.54258,10.67594],[105.54509,10.67836],[105.54757,10.678],[105.55548,10.67733],[105.55666,10.67729],[105.55695,10.68028],[105.55223,10.68747],[105.55069,10.68844],[105.54239,10.69314],[105.54122,10.6938],[105.53118,10.69948],[105.52062,10.70551],[105.51174,10.71047],[105.50186,10.71581],[105.50179,10.71595],[105.50131,10.71701],[105.50015,10.71968]]]},"properties":{"commune_code":"30034","commune_name":"Xã Phú Thọ","commune_kind":"XA","province_code":"82","province_name":"Tỉnh Đồng Tháp","area_km2":84.9,"valid_from":"16/6/2025","published":"13/07/2025","area_km2_geom":84.69448227458102,"quality_flag":null,"population":30372.0,"population_wp":13736.339084982872,"anchor_ratio":2.2110694714288113,"pop_source":"WORLDPOP2025_ANCHORED_VNSDI","pop_density_ppkm2":358.6065961361383,"n_stations":0,"n_ports":0,"power_kw_site":0.0,"ports_per_10k_pop":0.0,"util_mean_port_weighted":null,"dist_station_m_pop_weighted":13428.922581833798}},{"type":"Feature","geometry":{"type":"Polygon","coordinates":[[[105.81938,10.61278],[105.81833,10.61382],[105.81551,10.61275],[105.80942,10.6099],[105.8022,10.60653],[105.7982,10.60486],[105.79513,10.60368],[105.7951,10.60369],[105.79477,10.60356],[105.79246,10.60265],[105.78919,10.60133],[105.78796,10.60084],[105.78066,10.59766],[105.78027,10.5963],[105.78037,10.59293],[105.78038,10.59048],[105.78028,10.58751],[105.78038,10.58385],[105.78057,10.57952],[105.78068,10.57956],[105.78246,10.58019],[105.78756,10.58196],[105.78945,10.57609],[105.78906,10.57312],[105.78853,10.56993],[105.78813,10.56771],[105.78688,10.55922],[105.78714,10.55915],[105.79084,10.55841],[105.79431,10.55773],[105.79779,10.55702],[105.79886,10.5568],[105.80008,10.55655],[105.80014,10.55653],[105.81072,10.55434],[105.81523,10.5532],[105.82953,10.54698],[105.82746,10.5329],[105.82693,10.52551],[105.82686,10.52486],[105.82686,10.52485],[105.82673,10.52389],[105.82505,10.52403],[105.82391,10.52413],[105.82389,10.524],[105.82389,10.52378],[105.824,10.52057],[105.82416,10.51765],[105.82473,10.5089],[105.82494,10.50571],[105.82495,10.5056],[105.82535,10.50558],[105.82542,10.50558],[105.82573,10.50532],[105.82606,10.50504],[105.83028,10.50136],[105.83409,10.49789],[105.83872,10.49369],[105.84794,10.48539],[105.8553,10.4788],[105.85901,10.47548],[105.86132,10.47343],[105.86142,10.47335],[105.86147,10.47333],[105.8615,10.47334],[105.86152,10.47337],[105.86157,10.47352],[105.86226,10.47894],[105.86276,10.48315],[105.86296,10.48488],[105.86307,10.48571],[105.86316,10.48639],[105.86324,10.48632],[105.86474,10.48491],[105.86508,10.48462],[105.86511,10.48465],[105.86588,10.4854],[105.87136,10.49103],[105.87442,10.49418],[105.88376,10.50279],[105.88571,10.50445],[105.88955,10.50761],[105.89049,10.50651],[105.89049,10.50651],[105.89057,10.50702],[105.89129,10.5118],[105.89146,10.51294],[105.89185,10.51626],[105.89178,10.51649],[105.89151,10.51685],[105.89105,10.51741],[105.88915,10.51961],[105.88721,10.52184],[105.8785,10.53164],[105.87454,10.53323],[105.87393,10.53299],[105.87298,10.53264],[105.87281,10.53259],[105.8718,10.53229],[105.87077,10.53206],[105.86984,10.53188],[105.86931,10.5318],[105.86884,10.53176],[105.86817,10.5317],[105.86725,10.53167],[105.86513,10.53168],[105.86493,10.53168],[105.86011,10.53173],[105.8598,10.5321],[105.85724,10.53523],[105.85672,10.53589],[105.85618,10.5366],[105.85567,10.53732],[105.84955,10.54583],[105.84751,10.5487],[105.84389,10.55384],[105.84373,10.55407],[105.84274,10.55554],[105.84673,10.55899],[105.85032,10.56199],[105.85469,10.56581],[105.85461,10.5659],[105.8485,10.57277],[105.83425,10.58866],[105.83022,10.59058],[105.82499,10.59152],[105.81749,10.59378],[105.81752,10.59391],[105.8176,10.59435],[105.81765,10.59448],[105.81768,10.59458],[105.81774,10.59474],[105.81779,10.59489],[105.81787,10.59511],[105.81803,10.59552],[105.81808,10.59566],[105.82258,10.60776],[105.82148,10.60871],[105.82119,10.60955],[105.82182,10.61031],[105.82037,10.61179],[105.81938,10.61278]]]},"properties":{"commune_code":"30037","commune_name":"Xã Tháp Mười","commune_kind":"XA","province_code":"82","province_name":"Tỉnh Đồng Tháp","area_km2":70.4,"valid_from":"16/6/2025","published":"13/07/2025","area_km2_geom":70.25728727879796,"quality_flag":null,"population":44427.0,"population_wp":32422.80496461317,"anchor_ratio":1.3702392513074801,"pop_source":"WORLDPOP2025_ANCHORED_VNSDI","pop_density_ppkm2":632.3472157941835,"n_stations":3,"n_ports":11,"power_kw_site":450.0,"ports_per_10k_pop":2.4759718189389335,"util_mean_port_weighted":0.29033291777085524,"dist_station_m_pop_weighted":2978.0890588445254}},{"type":"Feature","geometry":{"type":"Polygon","coordinates":[[[105.66186,10.70675],[105.6585,10.71036],[105.65337,10.70167],[105.65206,10.69913],[105.6484,10.69175],[105.64768,10.69006],[105.64724,10.68935],[105.64657,10.68839],[105.64634,10.68806],[105.64227,10.68335],[105.64057,10.68139],[105.63721,10.68162],[105.63589,10.67262],[105.63592,10.67234],[105.64095,10.67189],[105.64825,10.67122],[105.64552,10.66675],[105.64509,10.66556],[105.65077,10.66273],[105.65258,10.66217],[105.65325,10.66187],[105.65474,10.66112],[105.66012,10.65835],[105.65625,10.64024],[105.65619,10.64],[105.65609,10.63954],[105.65589,10.63867],[105.65565,10.63759],[105.65528,10.63592],[105.65512,10.63522],[105.65501,10.63473],[105.65493,10.63438],[105.65481,10.63388],[105.65228,10.62362],[105.65095,10.6184],[105.65084,10.6171],[105.65062,10.6132],[105.65061,10.61295],[105.65058,10.61231],[105.65056,10.61205],[105.65055,10.61173],[105.65053,10.61138],[105.65052,10.61111],[105.65052,10.61094],[105.65051,10.61084],[105.65051,10.61065],[105.65051,10.61039],[105.65051,10.61035],[105.65051,10.61027],[105.65073,10.60797],[105.651,10.60612],[105.65078,10.60385],[105.64573,10.58345],[105.641,10.56404],[105.63785,10.55656],[105.63782,10.55649],[105.63741,10.55543],[105.63732,10.55519],[105.63725,10.55501],[105.63721,10.55492],[105.63719,10.55486],[105.63717,10.55479],[105.63715,10.55471],[105.63712,10.55462],[105.6371,10.55454],[105.63709,10.55447],[105.63708,10.55442],[105.63708,10.55438],[105.63708,10.55433],[105.63711,10.55268],[105.64439,10.547],[105.64438,10.54703],[105.6444,10.54724],[105.64454,10.54739],[105.64476,10.54753],[105.64627,10.54847],[105.65343,10.55249],[105.67108,10.56238],[105.67156,10.56264],[105.67433,10.56023],[105.67682,10.55835],[105.67861,10.56077],[105.68067,10.56377],[105.68198,10.57007],[105.68439,10.58008],[105.68475,10.58131],[105.68548,10.58431],[105.68619,10.58913],[105.68674,10.59314],[105.68726,10.59768],[105.68754,10.60011],[105.68778,10.60213],[105.68784,10.60258],[105.68852,10.60669],[105.68895,10.60926],[105.68992,10.61487],[105.69044,10.61532],[105.69429,10.61518],[105.69448,10.61869],[105.69456,10.62054],[105.69637,10.62135],[105.70974,10.6267],[105.71871,10.63028],[105.72539,10.63293],[105.74358,10.64026],[105.74425,10.63916],[105.74804,10.64053],[105.75862,10.64467],[105.7631,10.64643],[105.76366,10.65565],[105.7644,10.66015],[105.76442,10.66027],[105.76348,10.66039],[105.76116,10.66065],[105.76065,10.6607],[105.75866,10.66091],[105.75833,10.66094],[105.75775,10.661],[105.7497,10.66179],[105.74372,10.66237],[105.7371,10.66299],[105.73335,10.66333],[105.73149,10.67109],[105.73135,10.67183],[105.73117,10.67277],[105.73098,10.6737],[105.73084,10.67445],[105.73075,10.67492],[105.73066,10.67533],[105.73057,10.67578],[105.73056,10.67586],[105.72099,10.67951],[105.69664,10.6888],[105.69625,10.68894],[105.6949,10.68943],[105.69421,10.68961],[105.69248,10.68995],[105.69227,10.68999],[105.692,10.69004],[105.69152,10.69012],[105.69089,10.69023],[105.69026,10.69034],[105.68941,10.69048],[105.689,10.69055],[105.68828,10.69067],[105.68735,10.69083],[105.68638,10.691],[105.68544,10.69115],[105.68456,10.6913],[105.68036,10.69197],[105.67971,10.69207],[105.67881,10.6922],[105.67775,10.69236],[105.67589,10.69264],[105.67485,10.69277],[105.67466,10.69294],[105.67462,10.69299],[105.67457,10.69304],[105.6745,10.69311],[105.67439,10.69323],[105.67425,10.69338],[105.67406,10.69358],[105.66923,10.69877],[105.66186,10.70675]]]},"properties":{"commune_code":"30043","commune_name":"Xã Phương Thịnh","commune_kind":"XA","province_code":"82","province_name":"Tỉnh Đồng Tháp","area_km2":104.7,"valid_from":"16/6/2025","published":"13/07/2025","area_km2_geom":104.72240600233783,"quality_flag":null,"population":21675.0,"population_wp":12030.631617283449,"anchor_ratio":1.8016510428979686,"pop_source":"WORLDPOP2025_ANCHORED_VNSDI","pop_density_ppkm2":206.97576409308363,"n_stations":1,"n_ports":2,"power_kw_site":150.0,"ports_per_10k_pop":0.922722029988466,"util_mean_port_weighted":0.1289275956284153,"dist_station_m_pop_weighted":8376.895745503645}},{"type":"Feature","geometry":{"type":"Polygon","coordinates":[[[105.68254,10.75034],[105.68197,10.75087],[105.67277,10.74112],[105.67203,10.7417],[105.66615,10.72863],[105.66294,10.72193],[105.66019,10.71555],[105.65813,10.71079],[105.6585,10.71036],[105.66186,10.70675],[105.66923,10.69877],[105.67406,10.69358],[105.67425,10.69338],[105.67439,10.69323],[105.6745,10.69311],[105.67457,10.69304],[105.67462,10.69299],[105.67466,10.69294],[105.67485,10.69277],[105.67589,10.69264],[105.67775,10.69236],[105.67881,10.6922],[105.67971,10.69207],[105.68036,10.69197],[105.68456,10.6913],[105.68544,10.69115],[105.68638,10.691],[105.68735,10.69083],[105.68828,10.69067],[105.689,10.69055],[105.68941,10.69048],[105.69026,10.69034],[105.69089,10.69023],[105.69152,10.69012],[105.692,10.69004],[105.69227,10.68999],[105.69248,10.68995],[105.69421,10.68961],[105.6949,10.68943],[105.69625,10.68894],[105.69664,10.6888],[105.72099,10.67951],[105.73056,10.67586],[105.73057,10.67578],[105.73066,10.67533],[105.73075,10.67492],[105.73084,10.67445],[105.73098,10.6737],[105.73117,10.67277],[105.73135,10.67183],[105.73149,10.67109],[105.73335,10.66333],[105.7371,10.66299],[105.74372,10.66237],[105.7497,10.66179],[105.75775,10.661],[105.75833,10.66094],[105.75866,10.66091],[105.76065,10.6607],[105.76116,10.66065],[105.76348,10.66039],[105.76442,10.66027],[105.7644,10.66015],[105.76366,10.65565],[105.7631,10.64643],[105.75862,10.64467],[105.74804,10.64053],[105.74425,10.63916],[105.74358,10.64026],[105.72539,10.63293],[105.71871,10.63028],[105.70974,10.6267],[105.69637,10.62135],[105.6977,10.6157],[105.70461,10.6081],[105.70611,10.60768],[105.7106,10.60619],[105.71296,10.60407],[105.71341,10.6039],[105.71638,10.60339],[105.72088,10.60393],[105.7248,10.60449],[105.72497,10.60418],[105.72701,10.59991],[105.72702,10.59989],[105.72734,10.59985],[105.728,10.59981],[105.73024,10.59968],[105.73045,10.59967],[105.73067,10.59966],[105.73149,10.5996],[105.73189,10.59957],[105.73683,10.59924],[105.74462,10.59869],[105.74846,10.59838],[105.75131,10.59816],[105.75889,10.59762],[105.76077,10.59749],[105.76482,10.59725],[105.76993,10.59695],[105.77472,10.59666],[105.78027,10.5963],[105.78066,10.59766],[105.78796,10.60084],[105.78919,10.60133],[105.79246,10.60265],[105.79477,10.60356],[105.7951,10.60369],[105.79513,10.60368],[105.7982,10.60486],[105.8022,10.60653],[105.80942,10.6099],[105.81551,10.61275],[105.81833,10.61382],[105.81938,10.61278],[105.82037,10.61179],[105.82182,10.61031],[105.82119,10.60955],[105.82148,10.60871],[105.82258,10.60776],[105.82261,10.60786],[105.82266,10.60798],[105.82273,10.60816],[105.82278,10.60829],[105.82283,10.60839],[105.82287,10.60847],[105.8229,10.60852],[105.82293,10.60857],[105.82298,10.60864],[105.82303,10.60872],[105.82308,10.60881],[105.82314,10.60889],[105.82685,10.61431],[105.83069,10.61992],[105.83028,10.62049],[105.82897,10.62183],[105.82799,10.62285],[105.82381,10.62722],[105.82508,10.62902],[105.83308,10.63864],[105.82044,10.64624],[105.81526,10.6489],[105.81202,10.65056],[105.81121,10.65098],[105.80889,10.65336],[105.80828,10.65399],[105.80714,10.65516],[105.80557,10.65508],[105.80465,10.65502],[105.80372,10.65495],[105.80247,10.65499],[105.80154,10.65505],[105.78759,10.65744],[105.78111,10.65863],[105.77986,10.65942],[105.77706,10.66212],[105.76993,10.66876],[105.76368,10.67457],[105.75055,10.68677],[105.73894,10.69759],[105.72642,10.70922],[105.71652,10.71854],[105.71337,10.72149],[105.71036,10.7243],[105.70394,10.73025],[105.69459,10.73903],[105.69392,10.73968],[105.69203,10.7415],[105.68972,10.7437],[105.68682,10.74643],[105.68254,10.75034]]]},"properties":{"commune_code":"30046","commune_name":"Xã Trường Xuân","commune_kind":"XA","province_code":"82","province_name":"Tỉnh Đồng Tháp","area_km2":113.8,"valid_from":"16/6/2025","published":"13/07/2025","area_km2_geom":113.45999083713866,"quality_flag":null,"population":18124.0,"population_wp":11666.903533371165,"anchor_ratio":1.5534541747224895,"pop_source":"WORLDPOP2025_ANCHORED_VNSDI","pop_density_ppkm2":159.7391280069406,"n_stations":2,"n_ports":12,"power_kw_site":420.0,"ports_per_10k_pop":6.621054954756125,"util_mean_port_weighted":0.04304857949847165,"dist_station_m_pop_weighted":5486.114600093938}},{"type":"Feature","geometry":{"type":"Polygon","coordinates":[[[105.72734,10.59985],[105.72702,10.59989],[105.73241,10.58829],[105.73375,10.5854],[105.73476,10.58317],[105.73482,10.58302],[105.7348,10.58233],[105.73445,10.58044],[105.733,10.57317],[105.72521,10.53495],[105.72451,10.53186],[105.72351,10.52848],[105.72326,10.52819],[105.72313,10.52819],[105.72297,10.52777],[105.72096,10.51905],[105.72018,10.51477],[105.71823,10.50411],[105.719,10.50377],[105.71964,10.50345],[105.72267,10.50187],[105.72618,10.4999],[105.73038,10.49783],[105.7335,10.49633],[105.73476,10.49573],[105.73808,10.49482],[105.74158,10.49395],[105.75179,10.49174],[105.75819,10.49031],[105.76753,10.48994],[105.76608,10.47025],[105.77461,10.4702],[105.78151,10.47021],[105.78634,10.47021],[105.79942,10.47018],[105.80974,10.47015],[105.81824,10.47009],[105.82276,10.47007],[105.82275,10.47019],[105.82274,10.47049],[105.82278,10.47133],[105.82286,10.47259],[105.82288,10.47285],[105.82307,10.47552],[105.82502,10.47721],[105.82569,10.48785],[105.82585,10.49126],[105.82582,10.49232],[105.82581,10.4928],[105.82572,10.49443],[105.82553,10.49729],[105.82495,10.5056],[105.82494,10.50571],[105.82473,10.5089],[105.82416,10.51765],[105.824,10.52057],[105.82389,10.52378],[105.82389,10.524],[105.82391,10.52413],[105.82505,10.52403],[105.82673,10.52389],[105.82686,10.52485],[105.82686,10.52486],[105.82693,10.52551],[105.82746,10.5329],[105.82953,10.54698],[105.81523,10.5532],[105.81072,10.55434],[105.80014,10.55653],[105.80008,10.55655],[105.79886,10.5568],[105.79779,10.55702],[105.79431,10.55773],[105.79084,10.55841],[105.78714,10.55915],[105.78688,10.55922],[105.78813,10.56771],[105.78853,10.56993],[105.78906,10.57312],[105.78945,10.57609],[105.78756,10.58196],[105.78246,10.58019],[105.78068,10.57956],[105.78057,10.57952],[105.78038,10.58385],[105.78028,10.58751],[105.78038,10.59048],[105.78037,10.59293],[105.78027,10.5963],[105.77472,10.59666],[105.76993,10.59695],[105.76482,10.59725],[105.76077,10.59749],[105.75889,10.59762],[105.75131,10.59816],[105.74846,10.59838],[105.74462,10.59869],[105.73683,10.59924],[105.73189,10.59957],[105.73149,10.5996],[105.73067,10.59966],[105.73045,10.59967],[105.73024,10.59968],[105.728,10.59981],[105.72734,10.59985]]]},"properties":{"commune_code":"30055","commune_name":"Xã Mỹ Quí","commune_kind":"XA","province_code":"82","province_name":"Tỉnh Đồng Tháp","area_km2":119.9,"valid_from":"16/6/2025","published":"13/07/2025","area_km2_geom":120.14555574901256,"quality_flag":null,"population":36223.0,"population_wp":22622.301426000893,"anchor_ratio":1.6012075569980326,"pop_source":"WORLDPOP2025_ANCHORED_VNSDI","pop_density_ppkm2":301.4926334493043,"n_stations":0,"n_ports":0,"power_kw_site":0.0,"ports_per_10k_pop":0.0,"util_mean_port_weighted":null,"dist_station_m_pop_weighted":9641.724050075682}},{"type":"Feature","geometry":{"type":"Polygon","coordinates":[[[105.8344,10.63785],[105.83308,10.63864],[105.82508,10.62902],[105.82381,10.62722],[105.82799,10.62285],[105.82897,10.62183],[105.83028,10.62049],[105.83069,10.61992],[105.82685,10.61431],[105.82314,10.60889],[105.82308,10.60881],[105.82303,10.60872],[105.82298,10.60864],[105.82293,10.60857],[105.8229,10.60852],[105.82287,10.60847],[105.82283,10.60839],[105.82278,10.60829],[105.82273,10.60816],[105.82266,10.60798],[105.82261,10.60786],[105.82258,10.60776],[105.81808,10.59566],[105.81803,10.59552],[105.81787,10.59511],[105.81779,10.59489],[105.81774,10.59474],[105.81768,10.59458],[105.81765,10.59448],[105.8176,10.59435],[105.81752,10.59391],[105.81749,10.59378],[105.82499,10.59152],[105.83022,10.59058],[105.83425,10.58866],[105.8485,10.57277],[105.85461,10.5659],[105.85469,10.56581],[105.85032,10.56199],[105.84673,10.55899],[105.84274,10.55554],[105.84373,10.55407],[105.84389,10.55384],[105.84751,10.5487],[105.84955,10.54583],[105.85567,10.53732],[105.85618,10.5366],[105.85672,10.53589],[105.85724,10.53523],[105.8598,10.5321],[105.86011,10.53173],[105.86493,10.53168],[105.86513,10.53168],[105.86725,10.53167],[105.86817,10.5317],[105.86884,10.53176],[105.86931,10.5318],[105.86984,10.53188],[105.87077,10.53206],[105.8718,10.53229],[105.87281,10.53259],[105.87298,10.53264],[105.87393,10.53299],[105.87454,10.53323],[105.8785,10.53164],[105.88721,10.52184],[105.88915,10.51961],[105.89105,10.51741],[105.89151,10.51685],[105.89178,10.51649],[105.89185,10.51626],[105.89146,10.51294],[105.89129,10.5118],[105.89057,10.50702],[105.89049,10.50651],[105.89049,10.50651],[105.8925,10.50409],[105.89877,10.49665],[105.89852,10.495],[105.89835,10.49292],[105.89873,10.49248],[105.90313,10.4874],[105.90445,10.48667],[105.90457,10.48667],[105.9097,10.48637],[105.9138,10.48611],[105.91484,10.48601],[105.91769,10.48338],[105.92482,10.4768],[105.93888,10.49163],[105.94022,10.49303],[105.94161,10.49565],[105.94169,10.49815],[105.94178,10.50396],[105.94183,10.50808],[105.9419,10.51552],[105.94189,10.51634],[105.94185,10.52001],[105.94171,10.53344],[105.94168,10.53654],[105.94094,10.53659],[105.94079,10.5366],[105.91068,10.53872],[105.91065,10.53872],[105.90916,10.5391],[105.90566,10.54368],[105.89216,10.56141],[105.8901,10.5641],[105.86899,10.59229],[105.83525,10.63733],[105.8344,10.63785]]]},"properties":{"commune_code":"30061","commune_name":"Xã Đốc Binh Kiều","commune_kind":"XA","province_code":"82","province_name":"Tỉnh Đồng Tháp","area_km2":77.8,"valid_from":"16/6/2025","published":"13/07/2025","area_km2_geom":77.93433615465483,"quality_flag":null,"population":28797.0,"population_wp":19373.65658993274,"anchor_ratio":1.4863998371357514,"pop_source":"WORLDPOP2025_ANCHORED_VNSDI","pop_density_ppkm2":369.50337195218447,"n_stations":0,"n_ports":0,"power_kw_site":0.0,"ports_per_10k_pop":0.0,"util_mean_port_weighted":null,"dist_station_m_pop_weighted":6652.0446844945045}},{"type":"Feature","geometry":{"type":"Polygon","coordinates":[[[105.89049,10.50651],[105.88955,10.50761],[105.88571,10.50445],[105.88376,10.50279],[105.87442,10.49418],[105.87136,10.49103],[105.86588,10.4854],[105.86511,10.48465],[105.86508,10.48462],[105.86474,10.48491],[105.86324,10.48632],[105.86316,10.48639],[105.86307,10.48571],[105.86296,10.48488],[105.86276,10.48315],[105.86226,10.47894],[105.86157,10.47352],[105.86152,10.47337],[105.8615,10.47334],[105.86147,10.47333],[105.86142,10.47335],[105.86132,10.47343],[105.85901,10.47548],[105.8553,10.4788],[105.84794,10.48539],[105.83872,10.49369],[105.83409,10.49789],[105.83028,10.50136],[105.82606,10.50504],[105.82573,10.50532],[105.82542,10.50558],[105.82535,10.50558],[105.82495,10.5056],[105.82553,10.49729],[105.82572,10.49443],[105.82581,10.4928],[105.82582,10.49232],[105.82585,10.49126],[105.82569,10.48785],[105.82502,10.47721],[105.82307,10.47552],[105.82288,10.47285],[105.82286,10.47259],[105.82278,10.47133],[105.82274,10.47049],[105.82275,10.47019],[105.82276,10.47007],[105.82458,10.47006],[105.82446,10.46814],[105.8244,10.46745],[105.82419,10.465],[105.82395,10.46283],[105.82327,10.45796],[105.82208,10.44961],[105.82133,10.44515],[105.82084,10.43883],[105.82064,10.43607],[105.82022,10.43112],[105.81884,10.41126],[105.81725,10.38872],[105.81682,10.38275],[105.81673,10.38206],[105.81659,10.38172],[105.81651,10.38152],[105.81646,10.38138],[105.81623,10.37855],[105.81575,10.37036],[105.83492,10.36947],[105.83614,10.36942],[105.83782,10.36884],[105.83921,10.36836],[105.83977,10.36816],[105.84055,10.36799],[105.84234,10.3676],[105.84357,10.36734],[105.8444,10.36741],[105.84497,10.36746],[105.8457,10.36943],[105.84572,10.36951],[105.84574,10.36955],[105.84602,10.37032],[105.84667,10.3721],[105.85774,10.40227],[105.85861,10.40474],[105.8596,10.40752],[105.86105,10.40914],[105.8656,10.41402],[105.87066,10.41946],[105.87073,10.41953],[105.87229,10.4212],[105.87474,10.4238],[105.87626,10.42542],[105.88038,10.4298],[105.88633,10.43606],[105.89109,10.4411],[105.89583,10.44612],[105.89637,10.44669],[105.89834,10.44882],[105.89868,10.44919],[105.90112,10.45178],[105.90217,10.45289],[105.90349,10.45429],[105.90546,10.45637],[105.92101,10.47277],[105.92482,10.4768],[105.91769,10.48338],[105.91484,10.48601],[105.9138,10.48611],[105.9097,10.48637],[105.90457,10.48667],[105.90445,10.48667],[105.90313,10.4874],[105.89873,10.49248],[105.89835,10.49292],[105.89852,10.495],[105.89877,10.49665],[105.8925,10.50409],[105.89049,10.50651]]]},"properties":{"commune_code":"30073","commune_name":"Xã Thanh Mỹ","commune_kind":"XA","province_code":"82","province_name":"Tỉnh Đồng Tháp","area_km2":93.1,"valid_from":"16/6/2025","published":"13/07/2025","area_km2_geom":92.7819998527288,"quality_flag":null,"population":33096.0,"population_wp":20367.122247084975,"anchor_ratio":1.6249718344346282,"pop_source":"WORLDPOP2025_ANCHORED_VNSDI","pop_density_ppkm2":356.70712048169565,"n_stations":1,"n_ports":6,"power_kw_site":240.0,"ports_per_10k_pop":1.8129079042784626,"util_mean_port_weighted":0.03810982093488154,"dist_station_m_pop_weighted":9884.65077167271}},{"type":"Feature","geometry":{"type":"Polygon","coordinates":[[[105.719,10.50377],[105.71823,10.50411],[105.71854,10.50306],[105.71866,10.50222],[105.71833,10.50051],[105.71826,10.50017],[105.71715,10.4947],[105.71462,10.48219],[105.71455,10.48186],[105.7145,10.48158],[105.71414,10.47963],[105.71424,10.47911],[105.71432,10.47907],[105.71568,10.47843],[105.71421,10.47592],[105.71385,10.47536],[105.71369,10.47512],[105.71329,10.47454],[105.70951,10.46951],[105.70895,10.46882],[105.70018,10.45941],[105.6912,10.4547],[105.68999,10.45421],[105.68893,10.45403],[105.6881,10.45411],[105.68573,10.45456],[105.68433,10.45486],[105.6829,10.45498],[105.68135,10.45487],[105.68133,10.45486],[105.68033,10.45457],[105.68015,10.45444],[105.67972,10.45412],[105.67919,10.45349],[105.67863,10.45237],[105.67838,10.4514],[105.6783,10.45108],[105.67826,10.45018],[105.67837,10.44958],[105.67867,10.44865],[105.6795,10.44719],[105.68021,10.44472],[105.67972,10.44341],[105.68006,10.44327],[105.68153,10.44265],[105.68319,10.4413],[105.68462,10.43943],[105.68597,10.43681],[105.68627,10.43592],[105.68676,10.43446],[105.68758,10.42944],[105.68947,10.41774],[105.68935,10.41112],[105.68929,10.40738],[105.69522,10.40524],[105.69522,10.40524],[105.69747,10.40404],[105.72227,10.38394],[105.7241,10.38246],[105.7329,10.37514],[105.74034,10.36568],[105.74783,10.35437],[105.75043,10.35634],[105.74969,10.35842],[105.7496,10.35859],[105.74626,10.36521],[105.73848,10.37678],[105.73787,10.37764],[105.73538,10.37983],[105.7313,10.38388],[105.73159,10.39125],[105.73128,10.39255],[105.73086,10.39845],[105.73092,10.39851],[105.7313,10.39886],[105.73166,10.39916],[105.73284,10.40007],[105.73293,10.40013],[105.73318,10.40025],[105.73463,10.40091],[105.73489,10.40099],[105.73566,10.40117],[105.73579,10.4012],[105.73593,10.40123],[105.73733,10.40135],[105.74061,10.40221],[105.7424,10.40542],[105.7421,10.40567],[105.74136,10.40618],[105.73862,10.40805],[105.73765,10.40942],[105.74235,10.41803],[105.74268,10.41898],[105.74482,10.42268],[105.74577,10.42406],[105.74835,10.42657],[105.74841,10.42662],[105.74849,10.42669],[105.74912,10.42725],[105.74917,10.4273],[105.74923,10.42734],[105.74928,10.42738],[105.74929,10.42739],[105.74939,10.42744],[105.75079,10.42822],[105.75201,10.42884],[105.75221,10.42989],[105.75271,10.43477],[105.75286,10.43649],[105.75115,10.43675],[105.75064,10.43682],[105.74983,10.43697],[105.74955,10.43703],[105.74938,10.43708],[105.74668,10.43796],[105.74655,10.43801],[105.74569,10.43835],[105.74507,10.43863],[105.74335,10.43965],[105.74311,10.44041],[105.74269,10.44303],[105.74296,10.44452],[105.73726,10.44518],[105.73041,10.44494],[105.72843,10.44488],[105.72846,10.44492],[105.73688,10.45175],[105.74368,10.45648],[105.74909,10.46376],[105.74989,10.46936],[105.75039,10.47322],[105.75082,10.4758],[105.75425,10.47739],[105.75526,10.4778],[105.75621,10.47821],[105.75668,10.47842],[105.75706,10.47867],[105.75742,10.48246],[105.75781,10.48692],[105.75819,10.49031],[105.75179,10.49174],[105.74158,10.49395],[105.73808,10.49482],[105.73476,10.49573],[105.7335,10.49633],[105.73038,10.49783],[105.72618,10.4999],[105.72267,10.50187],[105.71964,10.50345],[105.719,10.50377]]]},"properties":{"commune_code":"30076","commune_name":"Xã Mỹ Thọ","commune_kind":"XA","province_code":"82","province_name":"Tỉnh Đồng Tháp","area_km2":61.5,"valid_from":"16/6/2025","published":"13/07/2025","area_km2_geom":63.65289857228607,"quality_flag":null,"population":51191.0,"population_wp":42296.96109636314,"anchor_ratio":1.2102760735782885,"pop_source":"WORLDPOP2025_ANCHORED_VNSDI","pop_density_ppkm2":804.2210354626038,"n_stations":3,"n_ports":10,"power_kw_site":154.0,"ports_per_10k_pop":1.9534683831142192,"util_mean_port_weighted":0.04408387819733026,"dist_station_m_pop_weighted":5713.865725154793}},{"type":"Feature","geometry":{"type":"Polygon","coordinates":[[[105.6977,10.6157],[105.69637,10.62135],[105.69456,10.62054],[105.69448,10.61869],[105.69429,10.61518],[105.69044,10.61532],[105.68992,10.61487],[105.68895,10.60926],[105.68852,10.60669],[105.68784,10.60258],[105.68778,10.60213],[105.68754,10.60011],[105.68726,10.59768],[105.68674,10.59314],[105.68619,10.58913],[105.68548,10.58431],[105.68475,10.58131],[105.68439,10.58008],[105.68198,10.57007],[105.68067,10.56377],[105.67861,10.56077],[105.67682,10.55835],[105.67433,10.56023],[105.67156,10.56264],[105.67108,10.56238],[105.65343,10.55249],[105.64627,10.54847],[105.64476,10.54753],[105.64454,10.54739],[105.6444,10.54724],[105.64438,10.54703],[105.64439,10.547],[105.64834,10.54411],[105.6487,10.54358],[105.64935,10.5422],[105.64957,10.54154],[105.64964,10.54118],[105.64971,10.54083],[105.64967,10.54038],[105.6495,10.53997],[105.64909,10.5397],[105.64825,10.53923],[105.64763,10.53901],[105.64727,10.53903],[105.64417,10.53502],[105.64599,10.52784],[105.64776,10.52013],[105.64512,10.51695],[105.64465,10.51665],[105.64404,10.51654],[105.64318,10.51665],[105.6419,10.51685],[105.64182,10.51687],[105.6377,10.50415],[105.63732,10.50295],[105.6363,10.4995],[105.63637,10.49885],[105.63668,10.49879],[105.63694,10.49876],[105.63735,10.49872],[105.63801,10.49879],[105.63867,10.49899],[105.63895,10.49909],[105.64109,10.50013],[105.64143,10.50034],[105.64157,10.50049],[105.642,10.50103],[105.64428,10.50246],[105.64787,10.50309],[105.64807,10.50312],[105.64838,10.50307],[105.64897,10.50293],[105.64921,10.50278],[105.64941,10.50255],[105.6495,10.50242],[105.64955,10.50224],[105.64979,10.50136],[105.64995,10.5006],[105.65006,10.49987],[105.65015,10.49953],[105.65035,10.49899],[105.65123,10.49686],[105.6524,10.49481],[105.65349,10.49327],[105.65472,10.49192],[105.65543,10.49131],[105.65623,10.49072],[105.6583,10.48982],[105.65853,10.48978],[105.65872,10.48975],[105.65894,10.48971],[105.65899,10.4897],[105.65919,10.48971],[105.65969,10.48973],[105.66191,10.48983],[105.66258,10.49005],[105.66308,10.49064],[105.66313,10.4908],[105.66372,10.49279],[105.664,10.49349],[105.66408,10.49367],[105.66544,10.49676],[105.66549,10.49689],[105.66554,10.49698],[105.66564,10.4972],[105.66568,10.49727],[105.66571,10.49734],[105.66666,10.49899],[105.66866,10.50201],[105.67126,10.5045],[105.67395,10.50642],[105.67495,10.50691],[105.67665,10.50767],[105.6771,10.50773],[105.67713,10.50773],[105.67718,10.50774],[105.67723,10.50774],[105.67729,10.50774],[105.67734,10.50774],[105.6774,10.50774],[105.67746,10.50774],[105.67752,10.50774],[105.6776,10.50774],[105.67769,10.50773],[105.67778,10.50773],[105.67787,10.50772],[105.6788,10.50765],[105.6789,10.50764],[105.67897,10.50763],[105.67903,10.50762],[105.67908,10.50761],[105.6792,10.50759],[105.67923,10.50759],[105.67924,10.50758],[105.67927,10.50758],[105.67934,10.50756],[105.67935,10.50755],[105.67938,10.50754],[105.67942,10.50753],[105.67946,10.50752],[105.67952,10.5075],[105.67958,10.50747],[105.68793,10.50766],[105.69479,10.50877],[105.69606,10.50867],[105.69747,10.50859],[105.69884,10.50852],[105.70151,10.50842],[105.70273,10.50838],[105.70322,10.50836],[105.7035,10.50835],[105.7051,10.50826],[105.70535,10.50824],[105.70567,10.50822],[105.7059,10.50821],[105.706,10.5082],[105.70607,10.50819],[105.70617,10.50818],[105.7063,10.50816],[105.70643,10.50814],[105.70658,10.50811],[105.70983,10.50753],[105.71038,10.50743],[105.71204,10.50707],[105.71216,10.50705],[105.71222,10.50703],[105.71229,10.50701],[105.71239,10.50698],[105.71272,10.50687],[105.71282,10.50684],[105.71288,10.50682],[105.71291,10.50681],[105.71293,10.5068],[105.71379,10.50636],[105.71823,10.50411],[105.72018,10.51477],[105.72096,10.51905],[105.72297,10.52777],[105.72313,10.52819],[105.72326,10.52819],[105.72351,10.52848],[105.72451,10.53186],[105.72521,10.53495],[105.733,10.57317],[105.73445,10.58044],[105.7348,10.58233],[105.73482,10.58302],[105.73476,10.58317],[105.73375,10.5854],[105.73241,10.58829],[105.72702,10.59989],[105.72701,10.59991],[105.72497,10.60418],[105.7248,10.60449],[105.72088,10.60393],[105.71638,10.60339],[105.71341,10.6039],[105.71296,10.60407],[105.7106,10.60619],[105.70611,10.60768],[105.70461,10.6081],[105.6977,10.6157]]]},"properties":{"commune_code":"30085","commune_name":"Xã Ba Sao","commune_kind":"XA","province_code":"82","province_name":"Tỉnh Đồng Tháp","area_km2":81.1,"valid_from":"16/6/2025","published":"13/07/2025","area_km2_geom":80.51254795340084,"quality_flag":null,"population":28463.0,"population_wp":15903.92910541594,"anchor_ratio":1.7896835311160424,"pop_source":"WORLDPOP2025_ANCHORED_VNSDI","pop_density_ppkm2":353.52253435668007,"n_stations":0,"n_ports":0,"power_kw_site":0.0,"ports_per_10k_pop":0.0,"util_mean_port_weighted":null,"dist_station_m_pop_weighted":10723.333986858854}},{"type":"Feature","geometry":{"type":"Polygon","coordinates":[[[105.65077,10.66273],[105.64509,10.66556],[105.64358,10.66148],[105.63968,10.65094],[105.63861,10.64783],[105.63852,10.64756],[105.63844,10.64731],[105.63838,10.64706],[105.63833,10.64686],[105.63828,10.64667],[105.63823,10.64646],[105.63817,10.6462],[105.63809,10.64582],[105.63799,10.64535],[105.6379,10.64492],[105.63782,10.64453],[105.63772,10.64406],[105.6363,10.63714],[105.63618,10.63658],[105.63606,10.63591],[105.63556,10.63322],[105.6353,10.63166],[105.63385,10.63266],[105.62732,10.63726],[105.62408,10.63885],[105.61767,10.64165],[105.6174,10.63948],[105.6171,10.63458],[105.6171,10.63432],[105.61699,10.63343],[105.61668,10.6325],[105.61625,10.63144],[105.61564,10.63017],[105.61494,10.62893],[105.61396,10.62724],[105.61157,10.62361],[105.61078,10.62227],[105.60962,10.62008],[105.60845,10.61782],[105.5989,10.59929],[105.59054,10.58366],[105.58483,10.5728],[105.58053,10.56432],[105.5704,10.54497],[105.56398,10.53303],[105.56265,10.53057],[105.56117,10.52767],[105.5607,10.52495],[105.561,10.52444],[105.56041,10.52312],[105.56011,10.52259],[105.5535,10.51658],[105.5562,10.5124],[105.55728,10.5102],[105.55806,10.50826],[105.55844,10.50731],[105.55847,10.50722],[105.5585,10.50714],[105.5664,10.50917],[105.57007,10.50959],[105.58217,10.51098],[105.58286,10.51107],[105.58328,10.51117],[105.58421,10.51141],[105.58533,10.51179],[105.58902,10.51314],[105.59394,10.51493],[105.59436,10.51509],[105.5948,10.51525],[105.59596,10.51568],[105.59628,10.5158],[105.59658,10.51591],[105.59767,10.51633],[105.59748,10.52031],[105.59678,10.52226],[105.59631,10.52379],[105.60233,10.52611],[105.60282,10.5263],[105.6058,10.52743],[105.60812,10.5283],[105.60816,10.52832],[105.60903,10.52864],[105.60971,10.52889],[105.61081,10.52931],[105.61093,10.52949],[105.61155,10.53243],[105.61235,10.53624],[105.61248,10.53688],[105.61259,10.53741],[105.61266,10.53774],[105.61272,10.53801],[105.6128,10.53838],[105.61291,10.53885],[105.61302,10.53933],[105.61321,10.54017],[105.61327,10.54046],[105.61333,10.54074],[105.61339,10.541],[105.61345,10.54125],[105.61366,10.54214],[105.61466,10.54377],[105.61616,10.54619],[105.61643,10.54661],[105.61673,10.5471],[105.61703,10.54757],[105.61727,10.54795],[105.6174,10.54815],[105.61745,10.54824],[105.61749,10.54831],[105.61758,10.54844],[105.61784,10.54887],[105.61797,10.54906],[105.62422,10.56041],[105.6332,10.56123],[105.63321,10.56117],[105.63316,10.56075],[105.6331,10.55953],[105.63337,10.55744],[105.63397,10.55624],[105.63464,10.5549],[105.63496,10.55456],[105.63645,10.55303],[105.63711,10.55268],[105.63708,10.55433],[105.63708,10.55438],[105.63708,10.55442],[105.63709,10.55447],[105.6371,10.55454],[105.63712,10.55462],[105.63715,10.55471],[105.63717,10.55479],[105.63719,10.55486],[105.63721,10.55492],[105.63725,10.55501],[105.63732,10.55519],[105.63741,10.55543],[105.63782,10.55649],[105.63785,10.55656],[105.641,10.56404],[105.64573,10.58345],[105.65078,10.60385],[105.651,10.60612],[105.65073,10.60797],[105.65051,10.61027],[105.65051,10.61035],[105.65051,10.61039],[105.65051,10.61065],[105.65051,10.61084],[105.65052,10.61094],[105.65052,10.61111],[105.65053,10.61138],[105.65055,10.61173],[105.65056,10.61205],[105.65058,10.61231],[105.65061,10.61295],[105.65062,10.6132],[105.65084,10.6171],[105.65095,10.6184],[105.65228,10.62362],[105.65481,10.63388],[105.65493,10.63438],[105.65501,10.63473],[105.65512,10.63522],[105.65528,10.63592],[105.65565,10.63759],[105.65589,10.63867],[105.65609,10.63954],[105.65619,10.64],[105.65625,10.64024],[105.66012,10.65835],[105.65474,10.66112],[105.65325,10.66187],[105.65258,10.66217],[105.65077,10.66273]]]},"properties":{"commune_code":"30088","commune_name":"Xã Phong Mỹ","commune_kind":"XA","province_code":"82","province_name":"Tỉnh Đồng Tháp","area_km2":78.6,"valid_from":"16/6/2025","published":"13/07/2025","area_km2_geom":78.65284831131312,"quality_flag":null,"population":31182.0,"population_wp":17326.559667563066,"anchor_ratio":1.799664826617347,"pop_source":"WORLDPOP2025_ANCHORED_VNSDI","pop_density_ppkm2":396.4509953483134,"n_stations":1,"n_ports":0,"power_kw_site":0.0,"ports_per_10k_pop":0.0,"util_mean_port_weighted":null,"dist_station_m_pop_weighted":5434.874209238}},{"type":"Feature","geometry":{"type":"Polygon","coordinates":[[[105.80338,10.43755],[105.7933,10.43797],[105.7933,10.4379],[105.7933,10.43756],[105.79292,10.41648],[105.79276,10.40614],[105.79269,10.40246],[105.79265,10.40206],[105.7924,10.4011],[105.79205,10.39976],[105.79159,10.39809],[105.79095,10.39585],[105.79087,10.3957],[105.7868,10.39021],[105.78162,10.38246],[105.77749,10.37224],[105.77824,10.36734],[105.77649,10.36454],[105.76844,10.35945],[105.76362,10.3565],[105.76268,10.35708],[105.76084,10.35822],[105.75878,10.35938],[105.75844,10.35954],[105.75739,10.36005],[105.75633,10.36016],[105.7557,10.36009],[105.75508,10.35988],[105.75291,10.35823],[105.75043,10.35634],[105.74783,10.35437],[105.7492,10.3523],[105.75488,10.33797],[105.76127,10.3232],[105.76771,10.30696],[105.76925,10.30491],[105.77305,10.29983],[105.77977,10.29268],[105.78279,10.29033],[105.78328,10.28995],[105.79047,10.28766],[105.79598,10.28749],[105.8018,10.28839],[105.80732,10.29095],[105.81575,10.29593],[105.82166,10.29774],[105.8231,10.29819],[105.83706,10.29843],[105.83605,10.30373],[105.83605,10.30385],[105.836,10.30401],[105.83585,10.3045],[105.83335,10.30616],[105.83164,10.30684],[105.83005,10.30705],[105.82826,10.30728],[105.82542,10.30766],[105.82375,10.30843],[105.8224,10.30931],[105.82173,10.31031],[105.82159,10.31086],[105.82156,10.31098],[105.82156,10.31104],[105.82163,10.31144],[105.82171,10.31194],[105.82243,10.31284],[105.82326,10.31388],[105.8248,10.31508],[105.82578,10.31584],[105.82797,10.31754],[105.8288,10.31865],[105.82853,10.31947],[105.82323,10.32036],[105.82306,10.32039],[105.82228,10.32045],[105.8165,10.32155],[105.81809,10.33146],[105.81886,10.33623],[105.81894,10.33999],[105.81898,10.34205],[105.81856,10.34668],[105.81783,10.35142],[105.81739,10.35425],[105.81716,10.35567],[105.81708,10.35637],[105.81633,10.36376],[105.81621,10.36498],[105.81601,10.3672],[105.81579,10.36957],[105.81572,10.37036],[105.81572,10.37036],[105.81575,10.37036],[105.81623,10.37855],[105.81646,10.38138],[105.81651,10.38152],[105.81659,10.38172],[105.81673,10.38206],[105.81682,10.38275],[105.81725,10.38872],[105.81884,10.41126],[105.82022,10.43112],[105.82064,10.43607],[105.81949,10.43619],[105.81617,10.43675],[105.81422,10.43707],[105.81412,10.43709],[105.81195,10.43746],[105.80338,10.43755]]]},"properties":{"commune_code":"30112","commune_name":"Xã Mỹ Hiệp","commune_kind":"XA","province_code":"82","province_name":"Tỉnh Đồng Tháp","area_km2":79.4,"valid_from":"16/6/2025","published":"13/07/2025","area_km2_geom":79.34701195241767,"quality_flag":null,"population":54577.0,"population_wp":37503.88847289793,"anchor_ratio":1.455235769470675,"pop_source":"WORLDPOP2025_ANCHORED_VNSDI","pop_density_ppkm2":687.8267833542162,"n_stations":1,"n_ports":4,"power_kw_site":240.0,"ports_per_10k_pop":0.7329094673580446,"util_mean_port_weighted":0.3580801104972376,"dist_station_m_pop_weighted":4287.267561582205}},{"type":"Feature","geometry":{"type":"Polygon","coordinates":[[[105.76753,10.48994],[105.75819,10.49031],[105.75781,10.48692],[105.75742,10.48246],[105.75706,10.47867],[105.75668,10.47842],[105.75621,10.47821],[105.75526,10.4778],[105.75425,10.47739],[105.75082,10.4758],[105.75039,10.47322],[105.74989,10.46936],[105.74909,10.46376],[105.74368,10.45648],[105.73688,10.45175],[105.72846,10.44492],[105.72843,10.44488],[105.73041,10.44494],[105.73726,10.44518],[105.74296,10.44452],[105.74269,10.44303],[105.74311,10.44041],[105.74335,10.43965],[105.74507,10.43863],[105.74569,10.43835],[105.74655,10.43801],[105.74668,10.43796],[105.74938,10.43708],[105.74955,10.43703],[105.74983,10.43697],[105.75064,10.43682],[105.75115,10.43675],[105.75286,10.43649],[105.75271,10.43477],[105.75221,10.42989],[105.75201,10.42884],[105.75079,10.42822],[105.74939,10.42744],[105.74929,10.42739],[105.74928,10.42738],[105.74923,10.42734],[105.74917,10.4273],[105.74912,10.42725],[105.74849,10.42669],[105.74841,10.42662],[105.74835,10.42657],[105.74577,10.42406],[105.74482,10.42268],[105.74268,10.41898],[105.74235,10.41803],[105.73765,10.40942],[105.73862,10.40805],[105.74136,10.40618],[105.7421,10.40567],[105.7424,10.40542],[105.74061,10.40221],[105.73733,10.40135],[105.73593,10.40123],[105.73579,10.4012],[105.73566,10.40117],[105.73489,10.40099],[105.73463,10.40091],[105.73318,10.40025],[105.73293,10.40013],[105.73284,10.40007],[105.73166,10.39916],[105.7313,10.39886],[105.73092,10.39851],[105.73086,10.39845],[105.73128,10.39255],[105.73159,10.39125],[105.7313,10.38388],[105.73538,10.37983],[105.73787,10.37764],[105.73848,10.37678],[105.74626,10.36521],[105.7496,10.35859],[105.74969,10.35842],[105.75043,10.35634],[105.75291,10.35823],[105.75508,10.35988],[105.7557,10.36009],[105.75633,10.36016],[105.75739,10.36005],[105.75844,10.35954],[105.75878,10.35938],[105.76084,10.35822],[105.76268,10.35708],[105.76362,10.3565],[105.76844,10.35945],[105.77649,10.36454],[105.77824,10.36734],[105.77749,10.37224],[105.78162,10.38246],[105.7868,10.39021],[105.79087,10.3957],[105.79095,10.39585],[105.79159,10.39809],[105.79205,10.39976],[105.7924,10.4011],[105.79265,10.40206],[105.79269,10.40246],[105.79276,10.40614],[105.79292,10.41648],[105.7933,10.43756],[105.7933,10.4379],[105.7933,10.43797],[105.80338,10.43755],[105.81195,10.43746],[105.81412,10.43709],[105.81422,10.43707],[105.81617,10.43675],[105.81949,10.43619],[105.82064,10.43607],[105.82084,10.43883],[105.82133,10.44515],[105.82208,10.44961],[105.82327,10.45796],[105.82395,10.46283],[105.82419,10.465],[105.8244,10.46745],[105.82446,10.46814],[105.82458,10.47006],[105.82276,10.47007],[105.81824,10.47009],[105.80974,10.47015],[105.79942,10.47018],[105.78634,10.47021],[105.78151,10.47021],[105.77461,10.4702],[105.76608,10.47025],[105.76753,10.48994]]]},"properties":{"commune_code":"30118","commune_name":"Xã Bình Hàng Trung","commune_kind":"XA","province_code":"82","province_name":"Tỉnh Đồng Tháp","area_km2":78.2,"valid_from":"16/6/2025","published":"13/07/2025","area_km2_geom":78.56973632516353,"quality_flag":null,"population":39533.0,"population_wp":28743.613702343777,"anchor_ratio":1.3753663825775828,"pop_source":"WORLDPOP2025_ANCHORED_VNSDI","pop_density_ppkm2":503.158109585494,"n_stations":1,"n_ports":10,"power_kw_site":280.0,"ports_per_10k_pop":2.529532289479675,"util_mean_port_weighted":0.07706019116507362,"dist_station_m_pop_weighted":6390.35443269136}},{"type":"Feature","geometry":{"type":"Polygon","coordinates":[[[105.49586,10.66341],[105.49582,10.66341],[105.49817,10.65134],[105.4984,10.65018],[105.49969,10.6438],[105.5007,10.63866],[105.50473,10.61785],[105.505,10.61642],[105.50505,10.61619],[105.50515,10.61566],[105.50516,10.61562],[105.50516,10.6156],[105.50547,10.61394],[105.50548,10.61386],[105.50549,10.61383],[105.50552,10.61352],[105.50336,10.61362],[105.50049,10.61374],[105.50026,10.61244],[105.50023,10.61073],[105.50037,10.60987],[105.50049,10.6086],[105.50059,10.60756],[105.50061,10.60701],[105.50053,10.60681],[105.49986,10.60548],[105.4981,10.60321],[105.49717,10.60225],[105.49665,10.60193],[105.49485,10.6027],[105.49284,10.60382],[105.49127,10.6049],[105.48941,10.60651],[105.48797,10.60736],[105.48782,10.6074],[105.48755,10.60697],[105.48745,10.6068],[105.48734,10.60661],[105.48722,10.6064],[105.4871,10.6062],[105.487,10.60602],[105.48693,10.60588],[105.48685,10.60573],[105.48679,10.60561],[105.48672,10.60546],[105.48663,10.60529],[105.48654,10.6051],[105.48559,10.60304],[105.48556,10.60294],[105.48553,10.60284],[105.4855,10.60273],[105.48547,10.60262],[105.48545,10.60248],[105.48542,10.60229],[105.48538,10.60207],[105.48535,10.60185],[105.48095,10.59341],[105.47711,10.588],[105.47493,10.58362],[105.47689,10.58202],[105.47688,10.58199],[105.47688,10.58197],[105.47684,10.58189],[105.47651,10.58142],[105.47118,10.57464],[105.46631,10.56816],[105.46566,10.56624],[105.46187,10.56213],[105.46179,10.56204],[105.459,10.56104],[105.45681,10.55934],[105.45675,10.55804],[105.46123,10.55679],[105.46703,10.5545],[105.46485,10.54272],[105.47011,10.53964],[105.47638,10.54422],[105.48157,10.547],[105.49226,10.54957],[105.49413,10.54956],[105.49754,10.54955],[105.50125,10.54953],[105.51011,10.54806],[105.51139,10.54766],[105.51217,10.54741],[105.51252,10.5473],[105.51597,10.55565],[105.51643,10.55642],[105.51969,10.56192],[105.52267,10.56675],[105.52679,10.57166],[105.52766,10.57269],[105.52995,10.57439],[105.53206,10.57589],[105.53236,10.57609],[105.53262,10.57626],[105.53286,10.57643],[105.5331,10.5766],[105.53333,10.57676],[105.53356,10.57692],[105.53382,10.5771],[105.53406,10.57727],[105.53428,10.57743],[105.53449,10.57758],[105.53471,10.57774],[105.53495,10.57792],[105.53522,10.57811],[105.5355,10.57832],[105.53577,10.57854],[105.53602,10.57873],[105.53622,10.5789],[105.53639,10.57905],[105.53655,10.5792],[105.53669,10.57933],[105.53678,10.57942],[105.53684,10.57949],[105.5369,10.57956],[105.53696,10.57963],[105.53702,10.5797],[105.53705,10.57975],[105.53712,10.57984],[105.53715,10.57987],[105.54873,10.59543],[105.55076,10.59938],[105.55073,10.60048],[105.55072,10.60107],[105.55064,10.60496],[105.55062,10.60563],[105.55061,10.60624],[105.5506,10.60696],[105.55059,10.60782],[105.55057,10.61058],[105.55057,10.61078],[105.55057,10.61099],[105.55057,10.61116],[105.55057,10.61156],[105.55057,10.61157],[105.5506,10.61221],[105.55076,10.61379],[105.55224,10.61585],[105.55394,10.61818],[105.55641,10.61757],[105.56341,10.62025],[105.56438,10.62399],[105.56486,10.62868],[105.56418,10.63008],[105.57226,10.6353],[105.57824,10.63912],[105.57959,10.64001],[105.58218,10.64272],[105.58715,10.64293],[105.58974,10.64578],[105.58988,10.64594],[105.58991,10.64802],[105.5733,10.64977],[105.56826,10.65039],[105.56248,10.65112],[105.5486,10.65317],[105.54785,10.65332],[105.5418,10.65464],[105.53949,10.655],[105.53947,10.655],[105.53229,10.65609],[105.51179,10.65927],[105.50814,10.65985],[105.50791,10.65989],[105.50647,10.66018],[105.50526,10.6605],[105.50277,10.66126],[105.50179,10.66158],[105.49872,10.66258],[105.49689,10.66318],[105.49632,10.66335],[105.49607,10.6634],[105.49586,10.66341]]]},"properties":{"commune_code":"30130","commune_name":"Xã Thanh Bình","commune_kind":"XA","province_code":"82","province_name":"Tỉnh Đồng Tháp","area_km2":86.0,"valid_from":"16/6/2025","published":"13/07/2025","area_km2_geom":82.7012290554955,"quality_flag":null,"population":47410.0,"population_wp":22128.24348816648,"anchor_ratio":2.1425107702449786,"pop_source":"WORLDPOP2025_ANCHORED_VNSDI","pop_density_ppkm2":573.2683847804267,"n_stations":2,"n_ports":8,"power_kw_site":360.0,"ports_per_10k_pop":1.6874077198903186,"util_mean_port_weighted":0.10753598874131412,"dist_station_m_pop_weighted":10659.932790416638}},{"type":"Feature","geometry":{"type":"Polygon","coordinates":[[[105.36813,10.71256],[105.36186,10.72248],[105.35154,10.71217],[105.3513,10.71111],[105.34892,10.70469],[105.3485,10.70358],[105.34819,10.70275],[105.34779,10.70129],[105.3464,10.69627],[105.34552,10.69248],[105.34417,10.68649],[105.34417,10.68649],[105.34135,10.68184],[105.34135,10.68184],[105.34122,10.68162],[105.33891,10.67601],[105.33805,10.67212],[105.33822,10.66786],[105.33825,10.66755],[105.33838,10.66657],[105.33923,10.65987],[105.33944,10.65819],[105.33983,10.65135],[105.33983,10.64832],[105.33997,10.64606],[105.34069,10.64231],[105.3417,10.63948],[105.34172,10.63943],[105.34302,10.63618],[105.34351,10.63496],[105.34554,10.62868],[105.34574,10.62805],[105.34704,10.62399],[105.34704,10.62399],[105.34725,10.62333],[105.34975,10.6166],[105.35128,10.61317],[105.35146,10.61277],[105.35147,10.61273],[105.35151,10.61267],[105.3528,10.60997],[105.35469,10.60605],[105.35753,10.60058],[105.36035,10.5945],[105.36335,10.5879],[105.36676,10.58015],[105.36725,10.57913],[105.36806,10.57747],[105.3687,10.5762],[105.36912,10.57571],[105.36992,10.57478],[105.3715,10.57296],[105.37206,10.5725],[105.37266,10.57216],[105.37268,10.57215],[105.37292,10.57206],[105.37364,10.57181],[105.37377,10.57176],[105.37555,10.57145],[105.37679,10.57127],[105.37713,10.57121],[105.37833,10.57126],[105.37893,10.57132],[105.38002,10.57153],[105.38113,10.57164],[105.38215,10.57169],[105.38631,10.57126],[105.38671,10.57119],[105.38781,10.5709],[105.3906,10.57003],[105.39433,10.56826],[105.39579,10.56745],[105.39677,10.56668],[105.39738,10.56619],[105.39844,10.5652],[105.40005,10.56363],[105.40091,10.56266],[105.40932,10.5537],[105.40983,10.55326],[105.41073,10.55267],[105.4108,10.55263],[105.41101,10.55253],[105.41313,10.55143],[105.41527,10.55057],[105.41647,10.55009],[105.41698,10.54998],[105.41814,10.54973],[105.41895,10.54969],[105.42266,10.55012],[105.42318,10.55018],[105.42318,10.55018],[105.43683,10.55216],[105.43924,10.55241],[105.43929,10.55241],[105.44073,10.55267],[105.44115,10.55275],[105.44257,10.55311],[105.44371,10.55351],[105.44552,10.55426],[105.4409,10.55968],[105.44038,10.5603],[105.43181,10.57304],[105.43145,10.57368],[105.42601,10.58336],[105.41821,10.59777],[105.41403,10.60471],[105.41136,10.60914],[105.40712,10.6185],[105.4043,10.62614],[105.39441,10.64637],[105.39331,10.64954],[105.38988,10.65996],[105.38755,10.66502],[105.38225,10.6801],[105.37755,10.69171],[105.37617,10.69575],[105.37465,10.70021],[105.37395,10.70157],[105.37188,10.7056],[105.36959,10.71027],[105.36813,10.71256]]]},"properties":{"commune_code":"30154","commune_name":"Xã Tân Long","commune_kind":"XA","province_code":"82","province_name":"Tỉnh Đồng Tháp","area_km2":94.9,"valid_from":"16/6/2025","published":"13/07/2025","area_km2_geom":94.91075604502656,"quality_flag":null,"population":76717.0,"population_wp":41639.86729452945,"anchor_ratio":1.8423929994147434,"pop_source":"WORLDPOP2025_ANCHORED_VNSDI","pop_density_ppkm2":808.3066998602849,"n_stations":0,"n_ports":0,"power_kw_site":0.0,"ports_per_10k_pop":0.0,"util_mean_port_weighted":null,"dist_station_m_pop_weighted":11427.26127608644}},{"type":"Feature","geometry":{"type":"Polygon","coordinates":[[[105.47494,10.6642],[105.46949,10.66451],[105.46942,10.66443],[105.46928,10.66423],[105.46899,10.66369],[105.46877,10.66326],[105.46812,10.66188],[105.467,10.65959],[105.46621,10.65811],[105.46572,10.65718],[105.46368,10.65353],[105.46265,10.65169],[105.46243,10.65131],[105.46114,10.65299],[105.4589,10.65098],[105.45686,10.64883],[105.45617,10.64862],[105.45563,10.6488],[105.45425,10.65046],[105.45362,10.65123],[105.45362,10.65122],[105.45027,10.64884],[105.44943,10.64833],[105.4483,10.64764],[105.44769,10.64727],[105.44771,10.6471],[105.44903,10.63963],[105.44625,10.63575],[105.44451,10.63358],[105.4436,10.63273],[105.44339,10.63142],[105.44654,10.62634],[105.4508,10.61969],[105.45139,10.6186],[105.4518,10.61694],[105.45181,10.61689],[105.45182,10.61684],[105.45182,10.61679],[105.45183,10.61674],[105.45183,10.61669],[105.45182,10.61663],[105.45179,10.6162],[105.45176,10.61583],[105.45117,10.61585],[105.44792,10.616],[105.44318,10.61621],[105.44257,10.61623],[105.4419,10.61626],[105.44164,10.61627],[105.44111,10.61628],[105.44054,10.61367],[105.43908,10.60692],[105.43879,10.6056],[105.4386,10.60471],[105.43851,10.60431],[105.4384,10.60375],[105.43838,10.6036],[105.43794,10.60063],[105.43599,10.58715],[105.43722,10.58151],[105.43967,10.57943],[105.43957,10.57924],[105.43847,10.57759],[105.4383,10.57738],[105.43821,10.5773],[105.43165,10.57342],[105.43145,10.57368],[105.43181,10.57304],[105.44038,10.5603],[105.4409,10.55968],[105.44552,10.55426],[105.4475,10.55211],[105.4475,10.55211],[105.44945,10.55073],[105.4507,10.54984],[105.45404,10.5481],[105.45646,10.54684],[105.46433,10.54302],[105.46485,10.54272],[105.46703,10.5545],[105.46123,10.55679],[105.45675,10.55804],[105.45681,10.55934],[105.459,10.56104],[105.46179,10.56204],[105.46187,10.56213],[105.46566,10.56624],[105.46631,10.56816],[105.47118,10.57464],[105.47651,10.58142],[105.47684,10.58189],[105.47688,10.58197],[105.47688,10.58199],[105.47689,10.58202],[105.47493,10.58362],[105.47711,10.588],[105.48095,10.59341],[105.48535,10.60185],[105.48538,10.60207],[105.48542,10.60229],[105.48545,10.60248],[105.48547,10.60262],[105.4855,10.60273],[105.48553,10.60284],[105.48556,10.60294],[105.48559,10.60304],[105.48654,10.6051],[105.48663,10.60529],[105.48672,10.60546],[105.48679,10.60561],[105.48685,10.60573],[105.48693,10.60588],[105.487,10.60602],[105.4871,10.6062],[105.48722,10.6064],[105.48734,10.60661],[105.48745,10.6068],[105.48755,10.60697],[105.48782,10.6074],[105.48797,10.60736],[105.48941,10.60651],[105.49127,10.6049],[105.49284,10.60382],[105.49485,10.6027],[105.49665,10.60193],[105.49717,10.60225],[105.4981,10.60321],[105.49986,10.60548],[105.50053,10.60681],[105.50061,10.60701],[105.50059,10.60756],[105.50049,10.6086],[105.50037,10.60987],[105.50023,10.61073],[105.50026,10.61244],[105.50049,10.61374],[105.50336,10.61362],[105.50552,10.61352],[105.50549,10.61383],[105.50548,10.61386],[105.50547,10.61394],[105.50516,10.6156],[105.50516,10.61562],[105.50515,10.61566],[105.50505,10.61619],[105.505,10.61642],[105.50473,10.61785],[105.5007,10.63866],[105.49969,10.6438],[105.4984,10.65018],[105.49817,10.65134],[105.49582,10.66341],[105.49448,10.66342],[105.49027,10.6635],[105.488,10.66359],[105.48722,10.66362],[105.47494,10.6642]]]},"properties":{"commune_code":"30157","commune_name":"Xã Tân Thạnh","commune_kind":"XA","province_code":"82","province_name":"Tỉnh Đồng Tháp","area_km2":59.5,"valid_from":"16/6/2025","published":"13/07/2025","area_km2_geom":59.420769571256535,"quality_flag":null,"population":25863.000000000004,"population_wp":11721.541999168694,"anchor_ratio":2.206450311898745,"pop_source":"WORLDPOP2025_ANCHORED_VNSDI","pop_density_ppkm2":435.25185194691,"n_stations":0,"n_ports":0,"power_kw_site":0.0,"ports_per_10k_pop":0.0,"util_mean_port_weighted":null,"dist_station_m_pop_weighted":15402.206844102699}},{"type":"Feature","geometry":{"type":"Polygon","coordinates":[[[105.62457,10.64948],[105.62376,10.64954],[105.62344,10.64953],[105.61177,10.64895],[105.59588,10.64827],[105.58991,10.64802],[105.58988,10.64594],[105.58974,10.64578],[105.58715,10.64293],[105.58218,10.64272],[105.57959,10.64001],[105.57824,10.63912],[105.57226,10.6353],[105.56418,10.63008],[105.56486,10.62868],[105.56438,10.62399],[105.56341,10.62025],[105.55641,10.61757],[105.55394,10.61818],[105.55224,10.61585],[105.55076,10.61379],[105.5506,10.61221],[105.55057,10.61157],[105.55057,10.61156],[105.55057,10.61116],[105.55057,10.61099],[105.55057,10.61078],[105.55057,10.61058],[105.55059,10.60782],[105.5506,10.60696],[105.55061,10.60624],[105.55062,10.60563],[105.55064,10.60496],[105.55072,10.60107],[105.55073,10.60048],[105.55076,10.59938],[105.54873,10.59543],[105.53715,10.57987],[105.53712,10.57984],[105.53705,10.57975],[105.53702,10.5797],[105.53696,10.57963],[105.5369,10.57956],[105.53684,10.57949],[105.53678,10.57942],[105.53669,10.57933],[105.53655,10.5792],[105.53639,10.57905],[105.53622,10.5789],[105.53602,10.57873],[105.53577,10.57854],[105.5355,10.57832],[105.53522,10.57811],[105.53495,10.57792],[105.53471,10.57774],[105.53449,10.57758],[105.53428,10.57743],[105.53406,10.57727],[105.53382,10.5771],[105.53356,10.57692],[105.53333,10.57676],[105.5331,10.5766],[105.53286,10.57643],[105.53262,10.57626],[105.53236,10.57609],[105.53206,10.57589],[105.52995,10.57439],[105.52766,10.57269],[105.52679,10.57166],[105.52267,10.56675],[105.51969,10.56192],[105.51643,10.55642],[105.51597,10.55565],[105.51252,10.5473],[105.52102,10.5446],[105.52143,10.54425],[105.52527,10.54093],[105.52544,10.54075],[105.52953,10.53639],[105.53073,10.53498],[105.53348,10.53314],[105.53784,10.53227],[105.54162,10.53038],[105.54185,10.53024],[105.54302,10.52948],[105.54497,10.52772],[105.54497,10.52772],[105.5471,10.52535],[105.54957,10.52228],[105.55265,10.51792],[105.55265,10.51792],[105.5535,10.51658],[105.56011,10.52259],[105.56041,10.52312],[105.561,10.52444],[105.5607,10.52495],[105.56117,10.52767],[105.56265,10.53057],[105.56398,10.53303],[105.5704,10.54497],[105.58053,10.56432],[105.58483,10.5728],[105.59054,10.58366],[105.5989,10.59929],[105.60845,10.61782],[105.60962,10.62008],[105.61078,10.62227],[105.61157,10.62361],[105.61396,10.62724],[105.61494,10.62893],[105.61564,10.63017],[105.61625,10.63144],[105.61668,10.6325],[105.61699,10.63343],[105.6171,10.63432],[105.6171,10.63458],[105.6174,10.63948],[105.61767,10.64165],[105.61782,10.64314],[105.61805,10.64368],[105.62052,10.64597],[105.62117,10.64638],[105.6242,10.64898],[105.62457,10.64948]]]},"properties":{"commune_code":"30163","commune_name":"Xã Bình Thành","commune_kind":"XA","province_code":"82","province_name":"Tỉnh Đồng Tháp","area_km2":72.1,"valid_from":"16/6/2025","published":"13/07/2025","area_km2_geom":72.38860151533572,"quality_flag":null,"population":32182.0,"population_wp":16923.76721070148,"anchor_ratio":1.9015860711940196,"pop_source":"WORLDPOP2025_ANCHORED_VNSDI","pop_density_ppkm2":444.5727549133845,"n_stations":0,"n_ports":0,"power_kw_site":0.0,"ports_per_10k_pop":0.0,"util_mean_port_weighted":null,"dist_station_m_pop_weighted":6183.726356762611}},{"type":"Feature","geometry":{"type":"Polygon","coordinates":[[[105.57361,10.39504],[105.57171,10.39798],[105.56646,10.39532],[105.55877,10.39381],[105.54987,10.39179],[105.54907,10.39391],[105.54882,10.39455],[105.54878,10.39454],[105.5461,10.39432],[105.54496,10.3942],[105.54237,10.39388],[105.53721,10.38654],[105.53821,10.38165],[105.53697,10.37954],[105.53579,10.37851],[105.53395,10.37722],[105.53361,10.37709],[105.52525,10.37719],[105.51978,10.37158],[105.5191,10.37087],[105.51898,10.36781],[105.51889,10.36556],[105.51882,10.3638],[105.51002,10.35803],[105.50535,10.35498],[105.50431,10.35429],[105.50357,10.35384],[105.49642,10.34944],[105.49453,10.34853],[105.49423,10.34839],[105.49239,10.3473],[105.49201,10.34685],[105.49162,10.34638],[105.49102,10.34565],[105.49048,10.34475],[105.4904,10.34451],[105.4904,10.3445],[105.49049,10.34323],[105.4905,10.34303],[105.49071,10.34191],[105.49073,10.34183],[105.49094,10.34121],[105.49113,10.34065],[105.49083,10.33768],[105.48964,10.33248],[105.49242,10.32959],[105.49243,10.32959],[105.50005,10.33363],[105.50518,10.33328],[105.50841,10.33307],[105.51337,10.33299],[105.51347,10.33319],[105.51347,10.33328],[105.51347,10.3333],[105.51305,10.33401],[105.51365,10.33631],[105.51678,10.34],[105.51685,10.34003],[105.52522,10.34157],[105.52538,10.3416],[105.52554,10.34163],[105.5257,10.34166],[105.52584,10.34168],[105.52593,10.34169],[105.52603,10.3417],[105.52615,10.34172],[105.52631,10.34174],[105.52648,10.34175],[105.52666,10.34176],[105.52684,10.34177],[105.52702,10.34178],[105.5272,10.34178],[105.52752,10.34179],[105.52766,10.3418],[105.5278,10.3418],[105.52794,10.3418],[105.52811,10.3418],[105.52968,10.34165],[105.53387,10.34151],[105.54472,10.34131],[105.55679,10.34089],[105.5682,10.34047],[105.56917,10.33607],[105.57108,10.33362],[105.57308,10.33131],[105.57335,10.33101],[105.57362,10.33069],[105.57825,10.32532],[105.57935,10.32401],[105.57938,10.32396],[105.57909,10.32375],[105.57893,10.32362],[105.57842,10.32324],[105.57819,10.32307],[105.57791,10.32286],[105.57787,10.32283],[105.57764,10.32266],[105.57749,10.32255],[105.57716,10.32231],[105.57687,10.32211],[105.57598,10.32148],[105.57466,10.32051],[105.57395,10.31915],[105.5737,10.3186],[105.57713,10.31344],[105.58299,10.31444],[105.59386,10.31444],[105.59593,10.31505],[105.59671,10.316],[105.59751,10.31676],[105.598,10.31719],[105.60105,10.3194],[105.60147,10.31971],[105.60166,10.31983],[105.60184,10.31988],[105.60248,10.31993],[105.60866,10.31785],[105.61403,10.31554],[105.61917,10.31325],[105.62066,10.31236],[105.62601,10.30916],[105.62725,10.30896],[105.6347,10.30814],[105.63606,10.3117],[105.63682,10.31635],[105.63714,10.31812],[105.63721,10.31833],[105.6385,10.32034],[105.63741,10.32165],[105.63846,10.32847],[105.63823,10.33137],[105.63822,10.33141],[105.63608,10.33304],[105.63379,10.33644],[105.63326,10.33726],[105.63728,10.34412],[105.64001,10.35077],[105.64212,10.35392],[105.64244,10.3544],[105.64251,10.3545],[105.64279,10.35485],[105.64316,10.35517],[105.6432,10.3552],[105.64346,10.3554],[105.64367,10.35549],[105.64421,10.35557],[105.64444,10.35561],[105.64458,10.35556],[105.64604,10.35491],[105.6484,10.35418],[105.65088,10.35575],[105.65077,10.35595],[105.64883,10.35975],[105.64879,10.35984],[105.65025,10.36054],[105.65047,10.36064],[105.65068,10.36074],[105.65071,10.36075],[105.65092,10.36084],[105.65117,10.36095],[105.65142,10.36106],[105.65368,10.36207],[105.65375,10.3621],[105.65387,10.36216],[105.65396,10.36222],[105.654,10.36225],[105.65339,10.36339],[105.6533,10.36355],[105.6532,10.36372],[105.65311,10.36387],[105.65303,10.36398],[105.65295,10.36408],[105.65286,10.36419],[105.65261,10.3645],[105.65255,10.36456],[105.65004,10.3675],[105.64667,10.37153],[105.64475,10.37341],[105.63279,10.36865],[105.62573,10.36581],[105.62235,10.36575],[105.61765,10.36668],[105.61524,10.36873],[105.61465,10.37006],[105.61383,10.37184],[105.6111,10.37266],[105.60642,10.37021],[105.60613,10.36932],[105.60595,10.36841],[105.60051,10.36896],[105.58876,10.37326],[105.58855,10.37334],[105.58836,10.37341],[105.58824,10.37346],[105.58798,10.37356],[105.5875,10.37376],[105.58741,10.3738],[105.58729,10.37388],[105.58713,10.37399],[105.57996,10.38333],[105.57619,10.39033],[105.57361,10.39504]]]},"properties":{"commune_code":"30169","commune_name":"Xã Lấp Vò","commune_kind":"XA","province_code":"82","province_name":"Tỉnh Đồng Tháp","area_km2":85.2,"valid_from":"16/6/2025","published":"13/07/2025","area_km2_geom":85.85624459268273,"quality_flag":null,"population":73883.0,"population_wp":67771.09003399685,"anchor_ratio":1.0901846194732467,"pop_source":"WORLDPOP2025_ANCHORED_VNSDI","pop_density_ppkm2":860.5431130899572,"n_stations":1,"n_ports":4,"power_kw_site":240.0,"ports_per_10k_pop":0.5413965323552102,"util_mean_port_weighted":0.35026648900732843,"dist_station_m_pop_weighted":4621.964049111711}},{"type":"Feature","geometry":{"type":"Polygon","coordinates":[[[105.56481,10.42977],[105.55449,10.43434],[105.55443,10.43429],[105.55402,10.43395],[105.55162,10.43195],[105.55108,10.43085],[105.54969,10.42804],[105.54677,10.42214],[105.54514,10.41882],[105.54379,10.41611],[105.54288,10.41606],[105.53717,10.41575],[105.53204,10.4116],[105.53161,10.41116],[105.52969,10.40919],[105.52966,10.40512],[105.52965,10.4031],[105.52674,10.40361],[105.52399,10.40408],[105.52196,10.40308],[105.52066,10.39841],[105.52108,10.3972],[105.52408,10.38846],[105.52425,10.38796],[105.5251,10.3788],[105.52525,10.37719],[105.53361,10.37709],[105.53395,10.37722],[105.53579,10.37851],[105.53697,10.37954],[105.53821,10.38165],[105.53721,10.38654],[105.54237,10.39388],[105.54496,10.3942],[105.5461,10.39432],[105.54878,10.39454],[105.54882,10.39455],[105.54907,10.39391],[105.54987,10.39179],[105.55877,10.39381],[105.56646,10.39532],[105.57171,10.39798],[105.57361,10.39504],[105.57619,10.39033],[105.57996,10.38333],[105.58713,10.37399],[105.58729,10.37388],[105.58741,10.3738],[105.5875,10.37376],[105.58798,10.37356],[105.58824,10.37346],[105.58836,10.37341],[105.58855,10.37334],[105.58876,10.37326],[105.60051,10.36896],[105.60595,10.36841],[105.60613,10.36932],[105.60642,10.37021],[105.6111,10.37266],[105.61383,10.37184],[105.61465,10.37006],[105.61524,10.36873],[105.61765,10.36668],[105.62235,10.36575],[105.62573,10.36581],[105.63279,10.36865],[105.64475,10.37341],[105.64667,10.37153],[105.65004,10.3675],[105.65054,10.36785],[105.65098,10.36819],[105.65555,10.37212],[105.66135,10.37719],[105.66389,10.37974],[105.66431,10.3811],[105.66525,10.38252],[105.66967,10.38626],[105.67871,10.39311],[105.68383,10.39715],[105.68388,10.39777],[105.68378,10.39868],[105.68306,10.39916],[105.68206,10.39929],[105.67986,10.39965],[105.67893,10.39982],[105.67768,10.40011],[105.67762,10.40012],[105.67757,10.40013],[105.67752,10.40014],[105.67746,10.40016],[105.677,10.40029],[105.67694,10.40031],[105.67687,10.40033],[105.67678,10.40036],[105.67667,10.40039],[105.67656,10.40043],[105.67647,10.40046],[105.67639,10.40048],[105.67583,10.40066],[105.67568,10.40071],[105.67551,10.40077],[105.67534,10.40082],[105.6752,10.40087],[105.67519,10.40088],[105.67507,10.40093],[105.67496,10.40098],[105.67495,10.40098],[105.67471,10.40108],[105.67461,10.40112],[105.67451,10.40117],[105.67443,10.4012],[105.67435,10.40123],[105.67429,10.40126],[105.67427,10.40127],[105.67425,10.40128],[105.67419,10.40131],[105.67412,10.40135],[105.67401,10.4014],[105.6739,10.40145],[105.67379,10.40151],[105.67369,10.40157],[105.67361,10.40162],[105.67353,10.40166],[105.67318,10.40191],[105.67295,10.40207],[105.67288,10.40213],[105.67281,10.40218],[105.67273,10.40224],[105.67266,10.40229],[105.6726,10.40234],[105.6726,10.40235],[105.67254,10.4024],[105.67248,10.40245],[105.67242,10.40252],[105.67235,10.40258],[105.6723,10.40263],[105.67225,10.40268],[105.67221,10.40273],[105.67217,10.40277],[105.67214,10.40281],[105.67211,10.40285],[105.67208,10.40289],[105.67206,10.40294],[105.67202,10.403],[105.67197,10.40309],[105.67192,10.40319],[105.67186,10.4033],[105.67181,10.40342],[105.67178,10.40349],[105.67176,10.40353],[105.67171,10.40364],[105.67167,10.40375],[105.67163,10.40386],[105.67159,10.40396],[105.67157,10.40402],[105.67157,10.40404],[105.67155,10.40409],[105.67154,10.40412],[105.67154,10.40413],[105.67153,10.40417],[105.67153,10.40422],[105.67152,10.40427],[105.67152,10.40433],[105.67151,10.40438],[105.67151,10.40443],[105.67151,10.40446],[105.67178,10.40981],[105.67057,10.40998],[105.67003,10.41006],[105.66845,10.41025],[105.65804,10.41149],[105.64457,10.41296],[105.64102,10.41313],[105.63806,10.4131],[105.63049,10.41252],[105.62679,10.41199],[105.62527,10.41155],[105.62418,10.41117],[105.62337,10.41089],[105.61772,10.40934],[105.61628,10.40907],[105.61372,10.40893],[105.61138,10.40886],[105.60792,10.40902],[105.60425,10.40937],[105.60166,10.40969],[105.60015,10.40991],[105.59554,10.41108],[105.59132,10.41236],[105.58824,10.41359],[105.58576,10.41491],[105.58512,10.41531],[105.58185,10.41736],[105.5794,10.41936],[105.57832,10.42066],[105.57729,10.42216],[105.57614,10.42421],[105.57422,10.42895],[105.57119,10.42852],[105.56766,10.42891],[105.56481,10.42977]]]},"properties":{"commune_code":"30178","commune_name":"Xã Mỹ An Hưng","commune_kind":"XA","province_code":"82","province_name":"Tỉnh Đồng Tháp","area_km2":65.3,"valid_from":"16/6/2025","published":"13/07/2025","area_km2_geom":67.35358465944732,"quality_flag":null,"population":55371.0,"population_wp":49460.68746226467,"anchor_ratio":1.1194951554655304,"pop_source":"WORLDPOP2025_ANCHORED_VNSDI","pop_density_ppkm2":822.0943292026167,"n_stations":2,"n_ports":21,"power_kw_site":680.5,"ports_per_10k_pop":3.7925990139242565,"util_mean_port_weighted":0.12151188292808165,"dist_station_m_pop_weighted":5794.405896974612}},{"type":"Feature","geometry":{"type":"Polygon","coordinates":[[[105.6718,10.40981],[105.67178,10.40981],[105.67151,10.40446],[105.67151,10.40443],[105.67151,10.40438],[105.67152,10.40433],[105.67152,10.40427],[105.67153,10.40422],[105.67153,10.40417],[105.67154,10.40413],[105.67154,10.40412],[105.67155,10.40409],[105.67157,10.40404],[105.67157,10.40402],[105.67159,10.40396],[105.67163,10.40386],[105.67167,10.40375],[105.67171,10.40364],[105.67176,10.40353],[105.67178,10.40349],[105.67181,10.40342],[105.67186,10.4033],[105.67192,10.40319],[105.67197,10.40309],[105.67202,10.403],[105.67206,10.40294],[105.67208,10.40289],[105.67211,10.40285],[105.67214,10.40281],[105.67217,10.40277],[105.67221,10.40273],[105.67225,10.40268],[105.6723,10.40263],[105.67235,10.40258],[105.67242,10.40252],[105.67248,10.40245],[105.67254,10.4024],[105.6726,10.40235],[105.6726,10.40234],[105.67266,10.40229],[105.67273,10.40224],[105.67281,10.40218],[105.67288,10.40213],[105.67295,10.40207],[105.67318,10.40191],[105.67353,10.40166],[105.67361,10.40162],[105.67369,10.40157],[105.67379,10.40151],[105.6739,10.40145],[105.67401,10.4014],[105.67412,10.40135],[105.67419,10.40131],[105.67425,10.40128],[105.67427,10.40127],[105.67429,10.40126],[105.67435,10.40123],[105.67443,10.4012],[105.67451,10.40117],[105.67461,10.40112],[105.67471,10.40108],[105.67495,10.40098],[105.67496,10.40098],[105.67507,10.40093],[105.67519,10.40088],[105.6752,10.40087],[105.67534,10.40082],[105.67551,10.40077],[105.67568,10.40071],[105.67583,10.40066],[105.67639,10.40048],[105.67647,10.40046],[105.67656,10.40043],[105.67667,10.40039],[105.67678,10.40036],[105.67687,10.40033],[105.67694,10.40031],[105.677,10.40029],[105.67746,10.40016],[105.67752,10.40014],[105.67757,10.40013],[105.67762,10.40012],[105.67768,10.40011],[105.67893,10.39982],[105.67986,10.39965],[105.68206,10.39929],[105.68306,10.39916],[105.68378,10.39868],[105.68388,10.39777],[105.68383,10.39715],[105.67871,10.39311],[105.66967,10.38626],[105.66525,10.38252],[105.66431,10.3811],[105.66389,10.37974],[105.66135,10.37719],[105.65555,10.37212],[105.65098,10.36819],[105.65054,10.36785],[105.65004,10.3675],[105.65255,10.36456],[105.65261,10.3645],[105.65286,10.36419],[105.65295,10.36408],[105.65303,10.36398],[105.65311,10.36387],[105.6532,10.36372],[105.6533,10.36355],[105.65339,10.36339],[105.654,10.36225],[105.65396,10.36222],[105.65387,10.36216],[105.65375,10.3621],[105.65368,10.36207],[105.65142,10.36106],[105.65117,10.36095],[105.65092,10.36084],[105.65071,10.36075],[105.65068,10.36074],[105.65047,10.36064],[105.65025,10.36054],[105.64879,10.35984],[105.64883,10.35975],[105.65077,10.35595],[105.65088,10.35575],[105.6484,10.35418],[105.64604,10.35491],[105.64458,10.35556],[105.64444,10.35561],[105.64421,10.35557],[105.64367,10.35549],[105.64346,10.3554],[105.6432,10.3552],[105.64316,10.35517],[105.64279,10.35485],[105.64251,10.3545],[105.64244,10.3544],[105.64212,10.35392],[105.64001,10.35077],[105.63728,10.34412],[105.63326,10.33726],[105.63379,10.33644],[105.63608,10.33304],[105.63822,10.33141],[105.63823,10.33137],[105.63846,10.32847],[105.63741,10.32165],[105.6385,10.32034],[105.63975,10.3196],[105.64046,10.31873],[105.64062,10.31853],[105.64427,10.31278],[105.65035,10.30321],[105.65073,10.30262],[105.65073,10.30262],[105.65091,10.30293],[105.65127,10.30387],[105.65394,10.30287],[105.6591,10.29922],[105.65904,10.29874],[105.65903,10.29842],[105.65903,10.29841],[105.65971,10.29848],[105.66027,10.29854],[105.66133,10.29865],[105.66167,10.30102],[105.66168,10.30112],[105.68218,10.31208],[105.68616,10.31399],[105.68637,10.31408],[105.68665,10.3148],[105.68718,10.31614],[105.68791,10.31795],[105.68439,10.32075],[105.67995,10.32429],[105.69036,10.33264],[105.69046,10.33463],[105.69315,10.33758],[105.69556,10.33734],[105.69573,10.33733],[105.69614,10.33898],[105.69696,10.34232],[105.69567,10.34305],[105.69523,10.3433],[105.70068,10.35163],[105.70214,10.35156],[105.70383,10.35329],[105.70467,10.35452],[105.70636,10.35694],[105.70911,10.36159],[105.71023,10.36588],[105.71101,10.36991],[105.71175,10.37412],[105.71254,10.37576],[105.71275,10.37601],[105.7131,10.37641],[105.71996,10.38201],[105.72231,10.38263],[105.72227,10.38394],[105.69747,10.40404],[105.69522,10.40524],[105.69522,10.40524],[105.68929,10.40738],[105.6718,10.40981]]]},"properties":{"commune_code":"30184","commune_name":"Xã Tân Khánh Trung","commune_kind":"XA","province_code":"82","province_name":"Tỉnh Đồng Tháp","area_km2":60.1,"valid_from":"16/6/2025","published":"13/07/2025","area_km2_geom":59.65194040706977,"quality_flag":null,"population":46858.0,"population_wp":36941.19496346824,"anchor_ratio":1.2684484095963504,"pop_source":"WORLDPOP2025_ANCHORED_VNSDI","pop_density_ppkm2":785.5234830625313,"n_stations":0,"n_ports":0,"power_kw_site":0.0,"ports_per_10k_pop":0.0,"util_mean_port_weighted":null,"dist_station_m_pop_weighted":5034.293324217586}},{"type":"Feature","geometry":{"type":"Polygon","coordinates":[[[105.63975,10.3196],[105.6385,10.32034],[105.63721,10.31833],[105.63714,10.31812],[105.63682,10.31635],[105.63606,10.3117],[105.6347,10.30814],[105.62725,10.30896],[105.62601,10.30916],[105.62066,10.31236],[105.61917,10.31325],[105.61403,10.31554],[105.60866,10.31785],[105.60248,10.31993],[105.60184,10.31988],[105.60166,10.31983],[105.60147,10.31971],[105.60105,10.3194],[105.598,10.31719],[105.59751,10.31676],[105.59671,10.316],[105.59593,10.31505],[105.59575,10.31375],[105.59532,10.31014],[105.59572,10.30629],[105.60131,10.30164],[105.60711,10.29572],[105.60995,10.28907],[105.61323,10.28394],[105.6138,10.28284],[105.61375,10.28278],[105.61368,10.28269],[105.6135,10.28248],[105.61309,10.282],[105.61265,10.28158],[105.61257,10.2815],[105.61228,10.28145],[105.61193,10.28134],[105.61081,10.2804],[105.60875,10.27864],[105.60871,10.27859],[105.60765,10.27178],[105.60771,10.27084],[105.60777,10.27027],[105.60798,10.26908],[105.60812,10.26873],[105.60822,10.26848],[105.60949,10.26589],[105.61426,10.2645],[105.62507,10.25917],[105.63037,10.25578],[105.63078,10.25552],[105.63085,10.25543],[105.63086,10.25533],[105.63066,10.25485],[105.62943,10.25225],[105.62938,10.25216],[105.62929,10.25196],[105.63146,10.25109],[105.63156,10.25105],[105.63527,10.24961],[105.63535,10.24958],[105.63579,10.25105],[105.63609,10.25209],[105.63656,10.25412],[105.63719,10.25857],[105.63786,10.26031],[105.64064,10.2658],[105.64429,10.26521],[105.64437,10.26519],[105.64443,10.26515],[105.64463,10.26498],[105.64531,10.26437],[105.64544,10.26421],[105.64787,10.26053],[105.64998,10.25472],[105.6531,10.24615],[105.65507,10.24152],[105.65862,10.23411],[105.65994,10.23196],[105.66095,10.2299],[105.66334,10.22477],[105.66583,10.21943],[105.66733,10.21616],[105.66959,10.21126],[105.66968,10.21116],[105.67013,10.21151],[105.67048,10.21179],[105.6713,10.21245],[105.67412,10.21475],[105.67692,10.21703],[105.67704,10.21713],[105.67778,10.21772],[105.67782,10.21774],[105.67784,10.21776],[105.67792,10.21782],[105.67795,10.21784],[105.67798,10.21786],[105.67801,10.21788],[105.67821,10.21798],[105.67829,10.21802],[105.67838,10.21802],[105.67844,10.21791],[105.6786,10.21696],[105.67906,10.21494],[105.69159,10.21682],[105.696,10.21786],[105.69675,10.21818],[105.69689,10.2182],[105.697,10.21822],[105.70413,10.21896],[105.7057,10.21911],[105.70733,10.22164],[105.70939,10.22567],[105.71205,10.22685],[105.71592,10.2272],[105.71687,10.22729],[105.7173,10.2274],[105.72276,10.23251],[105.72481,10.23503],[105.72406,10.23995],[105.72359,10.2423],[105.72259,10.2459],[105.72237,10.24636],[105.72074,10.24743],[105.7195,10.24814],[105.71856,10.24842],[105.71663,10.24987],[105.71232,10.25365],[105.71148,10.25441],[105.71155,10.25506],[105.71199,10.25827],[105.71292,10.26447],[105.71582,10.26512],[105.71745,10.26523],[105.71809,10.26515],[105.71852,10.2651],[105.71947,10.26764],[105.72029,10.26993],[105.72032,10.27003],[105.72036,10.27015],[105.72037,10.27025],[105.72037,10.27042],[105.72035,10.27048],[105.71743,10.27367],[105.71738,10.27372],[105.71732,10.27373],[105.71717,10.27372],[105.71611,10.27364],[105.71596,10.27362],[105.71547,10.27353],[105.71482,10.27313],[105.71426,10.27273],[105.70823,10.26843],[105.708,10.26818],[105.70734,10.26746],[105.7066,10.26697],[105.70545,10.26636],[105.70536,10.26634],[105.70532,10.26634],[105.7052,10.26631],[105.70487,10.26631],[105.70325,10.2664],[105.69985,10.26658],[105.69897,10.26665],[105.6981,10.26672],[105.69808,10.26672],[105.6979,10.26674],[105.69755,10.26679],[105.69745,10.26684],[105.69149,10.27008],[105.68832,10.27271],[105.68877,10.27325],[105.6956,10.28148],[105.68761,10.28287],[105.68719,10.2851],[105.68694,10.28786],[105.68627,10.29332],[105.68601,10.29352],[105.67898,10.29538],[105.67332,10.29701],[105.66631,10.2991],[105.66401,10.30029],[105.66167,10.30102],[105.66133,10.29865],[105.66027,10.29854],[105.65971,10.29848],[105.65903,10.29841],[105.65903,10.29842],[105.65904,10.29874],[105.6591,10.29922],[105.65394,10.30287],[105.65127,10.30387],[105.65091,10.30293],[105.65073,10.30262],[105.65073,10.30262],[105.65035,10.30321],[105.64427,10.31278],[105.64062,10.31853],[105.64046,10.31873],[105.63975,10.3196]]]},"properties":{"commune_code":"30208","commune_name":"Xã Hòa Long","commune_kind":"XA","province_code":"82","province_name":"Tỉnh Đồng Tháp","area_km2":81.3,"valid_from":"16/6/2025","published":"13/07/2025","area_km2_geom":81.01695686594911,"quality_flag":null,"population":68886.0,"population_wp":61604.32682174444,"anchor_ratio":1.1182006776784605,"pop_source":"WORLDPOP2025_ANCHORED_VNSDI","pop_density_ppkm2":850.2664462450616,"n_stations":3,"n_ports":8,"power_kw_site":284.0,"ports_per_10k_pop":1.1613390238945505,"util_mean_port_weighted":0.19555853106212673,"dist_station_m_pop_weighted":3881.4761504841867}},{"type":"Feature","geometry":{"type":"Polygon","coordinates":[[[105.70869,10.35165],[105.70467,10.35452],[105.70383,10.35329],[105.70214,10.35156],[105.70068,10.35163],[105.69523,10.3433],[105.69567,10.34305],[105.69696,10.34232],[105.69614,10.33898],[105.69573,10.33733],[105.69556,10.33734],[105.69315,10.33758],[105.69046,10.33463],[105.69036,10.33264],[105.67995,10.32429],[105.68439,10.32075],[105.68791,10.31795],[105.68718,10.31614],[105.68665,10.3148],[105.68637,10.31408],[105.68616,10.31399],[105.68218,10.31208],[105.66168,10.30112],[105.66167,10.30102],[105.66401,10.30029],[105.66631,10.2991],[105.67332,10.29701],[105.67898,10.29538],[105.68601,10.29352],[105.68627,10.29332],[105.68694,10.28786],[105.68719,10.2851],[105.68761,10.28287],[105.6956,10.28148],[105.68877,10.27325],[105.68832,10.27271],[105.69149,10.27008],[105.69745,10.26684],[105.69755,10.26679],[105.6979,10.26674],[105.69808,10.26672],[105.6981,10.26672],[105.69897,10.26665],[105.69985,10.26658],[105.70325,10.2664],[105.70487,10.26631],[105.7052,10.26631],[105.70532,10.26634],[105.70536,10.26634],[105.70545,10.26636],[105.7066,10.26697],[105.70734,10.26746],[105.708,10.26818],[105.70823,10.26843],[105.71426,10.27273],[105.71482,10.27313],[105.71547,10.27353],[105.71596,10.27362],[105.71611,10.27364],[105.71717,10.27372],[105.71732,10.27373],[105.71738,10.27372],[105.71743,10.27367],[105.72035,10.27048],[105.72037,10.27042],[105.72037,10.27025],[105.72036,10.27015],[105.72032,10.27003],[105.72029,10.26993],[105.71947,10.26764],[105.71852,10.2651],[105.72106,10.26429],[105.72741,10.26268],[105.73142,10.26232],[105.7317,10.26278],[105.73221,10.26335],[105.73298,10.26411],[105.73335,10.26432],[105.73356,10.26443],[105.73519,10.26521],[105.73546,10.2653],[105.73603,10.26545],[105.73638,10.26554],[105.73698,10.26565],[105.73958,10.26555],[105.74228,10.26637],[105.7448,10.26802],[105.7507,10.27095],[105.76156,10.27322],[105.76301,10.27328],[105.76972,10.2728],[105.77168,10.27226],[105.77555,10.2709],[105.77874,10.27618],[105.77925,10.27717],[105.77898,10.27818],[105.77896,10.27825],[105.77521,10.27888],[105.77413,10.27951],[105.77184,10.28299],[105.77054,10.28497],[105.76976,10.28618],[105.76794,10.28659],[105.76333,10.28728],[105.76249,10.2873],[105.76116,10.28729],[105.76008,10.28718],[105.75793,10.28695],[105.75,10.28888],[105.74499,10.28958],[105.73987,10.28568],[105.739,10.28504],[105.73574,10.29004],[105.73526,10.29086],[105.73489,10.29167],[105.73025,10.29487],[105.72411,10.29717],[105.72252,10.29707],[105.7225,10.2971],[105.72248,10.29712],[105.7202,10.30298],[105.72003,10.3036],[105.71982,10.30443],[105.71979,10.30469],[105.71979,10.30469],[105.71977,10.30516],[105.71975,10.30618],[105.71693,10.31561],[105.71418,10.3243],[105.72006,10.32983],[105.71796,10.33612],[105.71789,10.34117],[105.7178,10.34145],[105.71763,10.34193],[105.71752,10.34221],[105.71745,10.34238],[105.71733,10.3426],[105.7163,10.34416],[105.71598,10.3446],[105.71117,10.3497],[105.71106,10.34981],[105.711,10.34986],[105.70902,10.3514],[105.70869,10.35165]]]},"properties":{"commune_code":"30214","commune_name":"Xã Tân Dương","commune_kind":"XA","province_code":"82","province_name":"Tỉnh Đồng Tháp","area_km2":46.7,"valid_from":"16/6/2025","published":"13/07/2025","area_km2_geom":46.54097248890239,"quality_flag":null,"population":46069.0,"population_wp":39714.10103946179,"anchor_ratio":1.1600161855413442,"pop_source":"WORLDPOP2025_ANCHORED_VNSDI","pop_density_ppkm2":989.8589895384131,"n_stations":3,"n_ports":22,"power_kw_site":780.0,"ports_per_10k_pop":4.775445527361132,"util_mean_port_weighted":0.05622304242024257,"dist_station_m_pop_weighted":3756.372043489634}},{"type":"Feature","geometry":{"type":"Polygon","coordinates":[[[105.52811,10.3418],[105.52794,10.3418],[105.5278,10.3418],[105.52766,10.3418],[105.52752,10.34179],[105.5272,10.34178],[105.52702,10.34178],[105.52684,10.34177],[105.52666,10.34176],[105.52648,10.34175],[105.52631,10.34174],[105.52615,10.34172],[105.52603,10.3417],[105.52593,10.34169],[105.52584,10.34168],[105.5257,10.34166],[105.52554,10.34163],[105.52538,10.3416],[105.52522,10.34157],[105.51685,10.34003],[105.51678,10.34],[105.51365,10.33631],[105.51305,10.33401],[105.51347,10.3333],[105.51347,10.33328],[105.51347,10.33319],[105.51337,10.33299],[105.50841,10.33307],[105.50518,10.33328],[105.50005,10.33363],[105.49243,10.32959],[105.49242,10.32959],[105.49689,10.32501],[105.50179,10.3194],[105.51481,10.30629],[105.51636,10.30536],[105.52402,10.30243],[105.52575,10.30176],[105.53029,10.29961],[105.53111,10.29911],[105.53849,10.29456],[105.54856,10.28785],[105.55357,10.28359],[105.55456,10.28272],[105.5563,10.28121],[105.55935,10.27847],[105.55937,10.27845],[105.56748,10.27101],[105.57622,10.26259],[105.57929,10.25963],[105.58196,10.25697],[105.58672,10.25221],[105.59046,10.24847],[105.59653,10.24211],[105.59954,10.23879],[105.60545,10.24356],[105.60743,10.24456],[105.60994,10.24735],[105.61037,10.24966],[105.61045,10.25155],[105.61047,10.2518],[105.61051,10.2519],[105.61102,10.25278],[105.61408,10.25272],[105.61427,10.25259],[105.6151,10.25192],[105.61505,10.25162],[105.61466,10.24952],[105.61348,10.24628],[105.6147,10.24358],[105.61744,10.23976],[105.618,10.23978],[105.61863,10.24022],[105.62671,10.24628],[105.62929,10.25196],[105.62938,10.25216],[105.62943,10.25225],[105.63066,10.25485],[105.63086,10.25533],[105.63085,10.25543],[105.63078,10.25552],[105.63037,10.25578],[105.62507,10.25917],[105.61426,10.2645],[105.60949,10.26589],[105.60822,10.26848],[105.60812,10.26873],[105.60798,10.26908],[105.60777,10.27027],[105.60771,10.27084],[105.60765,10.27178],[105.60871,10.27859],[105.60875,10.27864],[105.61081,10.2804],[105.61193,10.28134],[105.61228,10.28145],[105.61257,10.2815],[105.61265,10.28158],[105.61309,10.282],[105.6135,10.28248],[105.61368,10.28269],[105.61375,10.28278],[105.6138,10.28284],[105.61323,10.28394],[105.60995,10.28907],[105.60711,10.29572],[105.60131,10.30164],[105.59572,10.30629],[105.59532,10.31014],[105.59575,10.31375],[105.59593,10.31505],[105.59386,10.31444],[105.58299,10.31444],[105.57713,10.31344],[105.5737,10.3186],[105.57395,10.31915],[105.57466,10.32051],[105.57598,10.32148],[105.57687,10.32211],[105.57716,10.32231],[105.57749,10.32255],[105.57764,10.32266],[105.57787,10.32283],[105.57791,10.32286],[105.57819,10.32307],[105.57842,10.32324],[105.57893,10.32362],[105.57909,10.32375],[105.57938,10.32396],[105.57935,10.32401],[105.57825,10.32532],[105.57362,10.33069],[105.57335,10.33101],[105.57308,10.33131],[105.57108,10.33362],[105.56917,10.33607],[105.5682,10.34047],[105.55679,10.34089],[105.54472,10.34131],[105.53387,10.34151],[105.52968,10.34165],[105.52811,10.3418]]]},"properties":{"commune_code":"30226","commune_name":"Xã Lai Vung","commune_kind":"XA","province_code":"82","province_name":"Tỉnh Đồng Tháp","area_km2":71.2,"valid_from":"16/6/2025","published":"13/07/2025","area_km2_geom":70.89340136417688,"quality_flag":null,"population":80649.0,"population_wp":61936.1423872523,"anchor_ratio":1.3021314678551756,"pop_source":"WORLDPOP2025_ANCHORED_VNSDI","pop_density_ppkm2":1137.6094029641624,"n_stations":1,"n_ports":12,"power_kw_site":320.0,"ports_per_10k_pop":1.4879291745712904,"util_mean_port_weighted":0.1042869441912286,"dist_station_m_pop_weighted":6150.038691751086}},{"type":"Feature","geometry":{"type":"Polygon","coordinates":[[[105.64429,10.26521],[105.64064,10.2658],[105.63786,10.26031],[105.63719,10.25857],[105.63656,10.25412],[105.63609,10.25209],[105.63579,10.25105],[105.63535,10.24958],[105.63527,10.24961],[105.63156,10.25105],[105.63146,10.25109],[105.62929,10.25196],[105.62671,10.24628],[105.61863,10.24022],[105.618,10.23978],[105.61744,10.23976],[105.6147,10.24358],[105.61348,10.24628],[105.61466,10.24952],[105.61505,10.25162],[105.6151,10.25192],[105.61427,10.25259],[105.61408,10.25272],[105.61102,10.25278],[105.61051,10.2519],[105.61047,10.2518],[105.61045,10.25155],[105.61037,10.24966],[105.60994,10.24735],[105.60743,10.24456],[105.60545,10.24356],[105.59954,10.23879],[105.60325,10.23455],[105.6047,10.23258],[105.61161,10.22265],[105.61411,10.21843],[105.61452,10.21773],[105.61638,10.21378],[105.61666,10.21301],[105.61712,10.21175],[105.61837,10.20831],[105.61963,10.20485],[105.62202,10.1966],[105.62427,10.18869],[105.62486,10.18637],[105.63621,10.17562],[105.63631,10.17553],[105.63958,10.17265],[105.64498,10.16815],[105.64653,10.16662],[105.64792,10.16484],[105.64914,10.16295],[105.65019,10.16112],[105.65435,10.15649],[105.65505,10.15571],[105.66194,10.1482],[105.66543,10.14519],[105.66609,10.14472],[105.66625,10.14461],[105.66989,10.14206],[105.67743,10.13743],[105.68247,10.13434],[105.68274,10.13416],[105.68439,10.13643],[105.68606,10.13874],[105.68643,10.13932],[105.68573,10.14011],[105.68391,10.14218],[105.72779,10.20521],[105.71727,10.21341],[105.71696,10.21364],[105.7157,10.21459],[105.71554,10.21471],[105.7154,10.21479],[105.71524,10.21487],[105.71436,10.21528],[105.7057,10.21911],[105.70413,10.21896],[105.697,10.21822],[105.69689,10.2182],[105.69675,10.21818],[105.696,10.21786],[105.69159,10.21682],[105.67906,10.21494],[105.6786,10.21696],[105.67844,10.21791],[105.67838,10.21802],[105.67829,10.21802],[105.67821,10.21798],[105.67801,10.21788],[105.67798,10.21786],[105.67795,10.21784],[105.67792,10.21782],[105.67784,10.21776],[105.67782,10.21774],[105.67778,10.21772],[105.67704,10.21713],[105.67692,10.21703],[105.67412,10.21475],[105.6713,10.21245],[105.67048,10.21179],[105.67013,10.21151],[105.66968,10.21116],[105.66959,10.21126],[105.66733,10.21616],[105.66583,10.21943],[105.66334,10.22477],[105.66095,10.2299],[105.65994,10.23196],[105.65862,10.23411],[105.65507,10.24152],[105.6531,10.24615],[105.64998,10.25472],[105.64787,10.26053],[105.64544,10.26421],[105.64531,10.26437],[105.64463,10.26498],[105.64443,10.26515],[105.64437,10.26519],[105.64429,10.26521]]]},"properties":{"commune_code":"30235","commune_name":"Xã Phong Hòa","commune_kind":"XA","province_code":"82","province_name":"Tỉnh Đồng Tháp","area_km2":87.9,"valid_from":"16/6/2025","published":"13/07/2025","area_km2_geom":87.5844507042747,"quality_flag":null,"population":71537.0,"population_wp":55454.47328302264,"anchor_ratio":1.290013154302216,"pop_source":"WORLDPOP2025_ANCHORED_VNSDI","pop_density_ppkm2":816.7774008372986,"n_stations":1,"n_ports":2,"power_kw_site":22.0,"ports_per_10k_pop":0.27957560423277467,"util_mean_port_weighted":0.5246353961371699,"dist_station_m_pop_weighted":5434.512463920653}},{"type":"Feature","geometry":{"type":"Polygon","coordinates":[[[105.83706,10.29843],[105.83706,10.29843],[105.8231,10.29819],[105.82166,10.29774],[105.81575,10.29593],[105.80732,10.29095],[105.8018,10.28839],[105.79598,10.28749],[105.79047,10.28766],[105.78328,10.28995],[105.78279,10.29033],[105.77648,10.2856],[105.77624,10.28542],[105.77654,10.28504],[105.77668,10.28491],[105.78123,10.2812],[105.78166,10.28085],[105.7827,10.28],[105.78376,10.27943],[105.78704,10.27788],[105.79625,10.275],[105.79906,10.27444],[105.8071,10.27418],[105.80781,10.27423],[105.80891,10.27434],[105.81116,10.27465],[105.8144,10.27532],[105.81792,10.27608],[105.82663,10.27844],[105.83275,10.27985],[105.83787,10.28078],[105.84238,10.28094],[105.84593,10.28024],[105.84889,10.27903],[105.84874,10.27873],[105.84813,10.27751],[105.84762,10.27664],[105.84728,10.2761],[105.84676,10.2754],[105.84659,10.2753],[105.84584,10.2751],[105.84066,10.27328],[105.83981,10.27049],[105.83872,10.26713],[105.838,10.26491],[105.83562,10.26112],[105.83091,10.25041],[105.83086,10.25042],[105.83081,10.25043],[105.83077,10.25044],[105.83072,10.25045],[105.83067,10.25045],[105.83038,10.2505],[105.82995,10.24893],[105.82978,10.24824],[105.82976,10.24762],[105.8368,10.2396],[105.8418,10.23824],[105.84568,10.23325],[105.84722,10.22985],[105.8486,10.22671],[105.84836,10.22603],[105.8483,10.22588],[105.84826,10.22575],[105.84824,10.22566],[105.84822,10.22557],[105.8482,10.22549],[105.8482,10.22543],[105.84819,10.22538],[105.84819,10.22532],[105.84819,10.22527],[105.8482,10.22521],[105.84821,10.22516],[105.84822,10.22511],[105.84824,10.22503],[105.84856,10.22386],[105.84893,10.22345],[105.85101,10.22117],[105.854,10.21927],[105.85537,10.21862],[105.85968,10.21744],[105.86086,10.21917],[105.8621,10.22113],[105.86442,10.22488],[105.86554,10.22671],[105.86563,10.22733],[105.86557,10.22737],[105.86552,10.22742],[105.86545,10.22748],[105.86537,10.22754],[105.8653,10.22759],[105.86524,10.22764],[105.86521,10.22768],[105.86519,10.22769],[105.86518,10.2277],[105.86528,10.22778],[105.86916,10.22965],[105.87065,10.2296],[105.87249,10.22947],[105.87263,10.22944],[105.87274,10.22938],[105.87277,10.22933],[105.87278,10.22926],[105.87421,10.22486],[105.87604,10.21942],[105.87854,10.20972],[105.87991,10.20971],[105.88113,10.20963],[105.88239,10.2095],[105.88243,10.20915],[105.88246,10.20893],[105.88248,10.20873],[105.8825,10.20853],[105.88254,10.2081],[105.88257,10.20785],[105.88259,10.20759],[105.88262,10.20733],[105.88296,10.20385],[105.88308,10.20265],[105.8831,10.20243],[105.88316,10.20178],[105.88323,10.20101],[105.88333,10.19993],[105.88335,10.19966],[105.88336,10.19955],[105.88336,10.1995],[105.88335,10.19933],[105.88314,10.19927],[105.88287,10.1992],[105.88276,10.19918],[105.88264,10.19916],[105.88242,10.19913],[105.88232,10.19912],[105.88223,10.19911],[105.88203,10.1991],[105.88192,10.1991],[105.88171,10.18889],[105.8821,10.18884],[105.88264,10.18873],[105.88798,10.18766],[105.88956,10.18735],[105.8906,10.1871],[105.89304,10.18652],[105.89431,10.18635],[105.91286,10.19239],[105.91293,10.19242],[105.9173,10.20534],[105.91919,10.21094],[105.91922,10.21128],[105.91871,10.21286],[105.91817,10.21386],[105.91705,10.21566],[105.91623,10.21715],[105.91479,10.22092],[105.91465,10.22129],[105.9128,10.22612],[105.91259,10.22665],[105.91227,10.22688],[105.90552,10.23166],[105.9019,10.23404],[105.90194,10.24204],[105.89923,10.24468],[105.89851,10.24465],[105.89703,10.24459],[105.89369,10.24445],[105.89265,10.24448],[105.89142,10.24466],[105.89064,10.24479],[105.89015,10.2451],[105.88914,10.24619],[105.88855,10.24681],[105.88665,10.24933],[105.88631,10.25086],[105.88162,10.25817],[105.88142,10.25836],[105.88035,10.25933],[105.87758,10.26298],[105.877,10.26432],[105.8767,10.26501],[105.87901,10.26534],[105.87934,10.26538],[105.88047,10.26554],[105.88412,10.26699],[105.88578,10.26844],[105.88786,10.27025],[105.88977,10.27308],[105.89258,10.27721],[105.89154,10.27797],[105.88861,10.28048],[105.88724,10.28167],[105.8864,10.28241],[105.88548,10.28314],[105.88196,10.28597],[105.8794,10.28803],[105.87833,10.28889],[105.87508,10.29089],[105.87362,10.29179],[105.87165,10.29266],[105.8707,10.29307],[105.86987,10.29343],[105.86691,10.29441],[105.86658,10.29452],[105.86277,10.29551],[105.86056,10.29608],[105.85683,10.2968],[105.85594,10.29697],[105.85275,10.29728],[105.83706,10.29843]]]},"properties":{"commune_code":"30244","commune_name":"Xã Phú Hựu","commune_kind":"XA","province_code":"82","province_name":"Tỉnh Đồng Tháp","area_km2":71.3,"valid_from":"16/6/2025","published":"13/07/2025","area_km2_geom":71.22742133106065,"quality_flag":null,"population":68475.0,"population_wp":43542.97870443389,"anchor_ratio":1.5725841923861617,"pop_source":"WORLDPOP2025_ANCHORED_VNSDI","pop_density_ppkm2":961.3572795473309,"n_stations":1,"n_ports":2,"power_kw_site":180.0,"ports_per_10k_pop":0.29207740051113545,"util_mean_port_weighted":0.2609306301905227,"dist_station_m_pop_weighted":4231.141443478178}},{"type":"Feature","geometry":{"type":"Polygon","coordinates":[[[105.84593,10.28024],[105.84238,10.28094],[105.83787,10.28078],[105.83275,10.27985],[105.82663,10.27844],[105.81792,10.27608],[105.8144,10.27532],[105.81506,10.27278],[105.8132,10.26808],[105.8125,10.26704],[105.81056,10.26512],[105.80664,10.26246],[105.80194,10.26165],[105.79837,10.26116],[105.79324,10.25472],[105.79426,10.25046],[105.7953,10.24968],[105.79543,10.2496],[105.797,10.24892],[105.79786,10.24865],[105.8003,10.24944],[105.80277,10.24821],[105.80282,10.24818],[105.80295,10.2481],[105.80378,10.24755],[105.80386,10.2475],[105.80386,10.24749],[105.80392,10.24736],[105.80397,10.24712],[105.80419,10.24503],[105.80403,10.24431],[105.80372,10.24353],[105.80458,10.24192],[105.80733,10.23777],[105.8102,10.23418],[105.81101,10.23355],[105.81185,10.23299],[105.8119,10.23296],[105.81191,10.23298],[105.81196,10.23307],[105.81201,10.23317],[105.81207,10.23328],[105.81212,10.23338],[105.81216,10.23348],[105.81257,10.23442],[105.81498,10.23253],[105.81501,10.2325],[105.81541,10.22884],[105.81542,10.22874],[105.81544,10.22853],[105.81542,10.22834],[105.81531,10.22796],[105.8149,10.227],[105.81484,10.2269],[105.8147,10.22684],[105.81417,10.22666],[105.81376,10.22663],[105.81304,10.22612],[105.81182,10.22504],[105.81083,10.224],[105.8101,10.22316],[105.81007,10.22311],[105.80977,10.22256],[105.80954,10.22177],[105.80797,10.2157],[105.8087,10.21176],[105.80758,10.21015],[105.80755,10.2101],[105.80672,10.20896],[105.80658,10.2088],[105.80206,10.20594],[105.79208,10.19805],[105.7919,10.19794],[105.79172,10.19783],[105.79153,10.19771],[105.79133,10.19759],[105.79114,10.19747],[105.79098,10.19736],[105.79084,10.19728],[105.79073,10.1972],[105.79061,10.19711],[105.79047,10.19701],[105.79032,10.19689],[105.79014,10.19675],[105.78778,10.1949],[105.78765,10.1948],[105.78754,10.19471],[105.78743,10.19462],[105.78734,10.19453],[105.78388,10.19138],[105.78353,10.19106],[105.78384,10.18843],[105.78031,10.18211],[105.78736,10.17313],[105.79178,10.16749],[105.79853,10.15888],[105.8006,10.15625],[105.80139,10.15541],[105.80478,10.15464],[105.81327,10.15253],[105.81675,10.15133],[105.81815,10.15085],[105.82708,10.14986],[105.82958,10.14969],[105.84142,10.14999],[105.84913,10.15044],[105.85161,10.16022],[105.85162,10.16022],[105.85416,10.15904],[105.86131,10.15571],[105.86289,10.15503],[105.8639,10.1546],[105.86809,10.15315],[105.87007,10.15475],[105.87115,10.1564],[105.87194,10.15872],[105.87265,10.16093],[105.87439,10.16633],[105.87104,10.16829],[105.871,10.17064],[105.87594,10.18912],[105.87594,10.18961],[105.88171,10.18889],[105.88192,10.1991],[105.88203,10.1991],[105.88223,10.19911],[105.88232,10.19912],[105.88242,10.19913],[105.88264,10.19916],[105.88276,10.19918],[105.88287,10.1992],[105.88314,10.19927],[105.88335,10.19933],[105.88336,10.1995],[105.88336,10.19955],[105.88335,10.19966],[105.88333,10.19993],[105.88323,10.20101],[105.88316,10.20178],[105.8831,10.20243],[105.88308,10.20265],[105.88296,10.20385],[105.88262,10.20733],[105.88259,10.20759],[105.88257,10.20785],[105.88254,10.2081],[105.8825,10.20853],[105.88248,10.20873],[105.88246,10.20893],[105.88243,10.20915],[105.88239,10.2095],[105.88113,10.20963],[105.87991,10.20971],[105.87854,10.20972],[105.87604,10.21942],[105.87421,10.22486],[105.87278,10.22926],[105.87277,10.22933],[105.87274,10.22938],[105.87263,10.22944],[105.87249,10.22947],[105.87065,10.2296],[105.86916,10.22965],[105.86528,10.22778],[105.86518,10.2277],[105.86519,10.22769],[105.86521,10.22768],[105.86524,10.22764],[105.8653,10.22759],[105.86537,10.22754],[105.86545,10.22748],[105.86552,10.22742],[105.86557,10.22737],[105.86563,10.22733],[105.86554,10.22671],[105.86442,10.22488],[105.8621,10.22113],[105.86086,10.21917],[105.85968,10.21744],[105.85537,10.21862],[105.854,10.21927],[105.85101,10.22117],[105.84893,10.22345],[105.84856,10.22386],[105.84824,10.22503],[105.84822,10.22511],[105.84821,10.22516],[105.8482,10.22521],[105.84819,10.22527],[105.84819,10.22532],[105.84819,10.22538],[105.8482,10.22543],[105.8482,10.22549],[105.84822,10.22557],[105.84824,10.22566],[105.84826,10.22575],[105.8483,10.22588],[105.84836,10.22603],[105.8486,10.22671],[105.84722,10.22985],[105.84568,10.23325],[105.8418,10.23824],[105.8368,10.2396],[105.82976,10.24762],[105.82978,10.24824],[105.82995,10.24893],[105.83038,10.2505],[105.83067,10.25045],[105.83072,10.25045],[105.83077,10.25044],[105.83081,10.25043],[105.83086,10.25042],[105.83091,10.25041],[105.83562,10.26112],[105.838,10.26491],[105.83872,10.26713],[105.83981,10.27049],[105.84066,10.27328],[105.84584,10.2751],[105.84659,10.2753],[105.84676,10.2754],[105.84728,10.2761],[105.84762,10.27664],[105.84813,10.27751],[105.84874,10.27873],[105.84889,10.27903],[105.84593,10.28024]]]},"properties":{"commune_code":"30253","commune_name":"Xã Tân Nhuận Đông","commune_kind":"XA","province_code":"82","province_name":"Tỉnh Đồng Tháp","area_km2":92.0,"valid_from":"16/6/2025","published":"13/07/2025","area_km2_geom":91.48931996410018,"quality_flag":null,"population":59576.0,"population_wp":38121.61204154417,"anchor_ratio":1.5627880566822638,"pop_source":"WORLDPOP2025_ANCHORED_VNSDI","pop_density_ppkm2":651.1798319560933,"n_stations":0,"n_ports":0,"power_kw_site":0.0,"ports_per_10k_pop":0.0,"util_mean_port_weighted":null,"dist_station_m_pop_weighted":8229.394527318254}},{"type":"Feature","geometry":{"type":"Polygon","coordinates":[[[105.78166,10.28085],[105.78123,10.2812],[105.77896,10.27825],[105.77898,10.27818],[105.77925,10.27717],[105.77874,10.27618],[105.77555,10.2709],[105.77168,10.27226],[105.76972,10.2728],[105.76301,10.27328],[105.76156,10.27322],[105.7507,10.27095],[105.7448,10.26802],[105.74228,10.26637],[105.73958,10.26555],[105.73698,10.26565],[105.73638,10.26554],[105.73603,10.26545],[105.73546,10.2653],[105.73519,10.26521],[105.73356,10.26443],[105.73335,10.26432],[105.73298,10.26411],[105.73221,10.26335],[105.7317,10.26278],[105.73142,10.26232],[105.72741,10.26268],[105.72106,10.26429],[105.71852,10.2651],[105.71809,10.26515],[105.71745,10.26523],[105.71582,10.26512],[105.71292,10.26447],[105.71199,10.25827],[105.71155,10.25506],[105.71148,10.25441],[105.71232,10.25365],[105.71663,10.24987],[105.71856,10.24842],[105.7195,10.24814],[105.72074,10.24743],[105.72237,10.24636],[105.72259,10.2459],[105.72359,10.2423],[105.72406,10.23995],[105.72481,10.23503],[105.72276,10.23251],[105.7173,10.2274],[105.71687,10.22729],[105.71592,10.2272],[105.71205,10.22685],[105.70939,10.22567],[105.70733,10.22164],[105.7057,10.21911],[105.71436,10.21528],[105.71524,10.21487],[105.7154,10.21479],[105.71554,10.21471],[105.7157,10.21459],[105.71696,10.21364],[105.71727,10.21341],[105.72779,10.20521],[105.74679,10.19741],[105.74689,10.19729],[105.75812,10.18426],[105.76439,10.17839],[105.76445,10.17833],[105.76953,10.18299],[105.77539,10.18837],[105.78031,10.18211],[105.78384,10.18843],[105.78353,10.19106],[105.78388,10.19138],[105.78734,10.19453],[105.78743,10.19462],[105.78754,10.19471],[105.78765,10.1948],[105.78778,10.1949],[105.79014,10.19675],[105.79032,10.19689],[105.79047,10.19701],[105.79061,10.19711],[105.79073,10.1972],[105.79084,10.19728],[105.79098,10.19736],[105.79114,10.19747],[105.79133,10.19759],[105.79153,10.19771],[105.79172,10.19783],[105.7919,10.19794],[105.79208,10.19805],[105.80206,10.20594],[105.80658,10.2088],[105.80672,10.20896],[105.80755,10.2101],[105.80758,10.21015],[105.8087,10.21176],[105.80797,10.2157],[105.80954,10.22177],[105.80977,10.22256],[105.81007,10.22311],[105.8101,10.22316],[105.81083,10.224],[105.81182,10.22504],[105.81304,10.22612],[105.81376,10.22663],[105.81417,10.22666],[105.8147,10.22684],[105.81484,10.2269],[105.8149,10.227],[105.81531,10.22796],[105.81542,10.22834],[105.81544,10.22853],[105.81542,10.22874],[105.81541,10.22884],[105.81501,10.2325],[105.81498,10.23253],[105.81257,10.23442],[105.81216,10.23348],[105.81212,10.23338],[105.81207,10.23328],[105.81201,10.23317],[105.81196,10.23307],[105.81191,10.23298],[105.8119,10.23296],[105.81185,10.23299],[105.81101,10.23355],[105.8102,10.23418],[105.80733,10.23777],[105.80458,10.24192],[105.80372,10.24353],[105.80403,10.24431],[105.80419,10.24503],[105.80397,10.24712],[105.80392,10.24736],[105.80386,10.24749],[105.80386,10.2475],[105.80378,10.24755],[105.80295,10.2481],[105.80282,10.24818],[105.80277,10.24821],[105.8003,10.24944],[105.79786,10.24865],[105.797,10.24892],[105.79543,10.2496],[105.7953,10.24968],[105.79426,10.25046],[105.79324,10.25472],[105.79837,10.26116],[105.80194,10.26165],[105.80664,10.26246],[105.81056,10.26512],[105.8125,10.26704],[105.8132,10.26808],[105.81506,10.27278],[105.8144,10.27532],[105.81116,10.27465],[105.80891,10.27434],[105.80781,10.27423],[105.8071,10.27418],[105.79906,10.27444],[105.79625,10.275],[105.78704,10.27788],[105.78376,10.27943],[105.7827,10.28],[105.78166,10.28085]]]},"properties":{"commune_code":"30259","commune_name":"Xã Tân Phú Trung","commune_kind":"XA","province_code":"82","province_name":"Tỉnh Đồng Tháp","area_km2":82.6,"valid_from":"16/6/2025","published":"13/07/2025","area_km2_geom":82.64019703837558,"quality_flag":null,"population":62831.00000000001,"population_wp":45031.33850032464,"anchor_ratio":1.3952727609806013,"pop_source":"WORLDPOP2025_ANCHORED_VNSDI","pop_density_ppkm2":760.2958638980884,"n_stations":1,"n_ports":4,"power_kw_site":240.0,"ports_per_10k_pop":0.636628415909344,"util_mean_port_weighted":0.19745418767679251,"dist_station_m_pop_weighted":6470.236426943777}}]}