{"type":"FeatureCollection","features":[{"type":"Feature","geometry":{"type":"Polygon","coordinates":[[[105.66074,18.69672],[105.6601,18.69792],[105.65874,18.6974],[105.65925,18.69631],[105.65907,18.69553],[105.65868,18.69435],[105.65804,18.69408],[105.65711,18.69369],[105.65544,18.69337],[105.65403,18.6937],[105.65379,18.69409],[105.64698,18.69109],[105.64402,18.68874],[105.64525,18.68646],[105.64002,18.68445],[105.63807,18.67978],[105.63966,18.66772],[105.63986,18.66646],[105.6401,18.66528],[105.64055,18.66447],[105.64619,18.65767],[105.64737,18.65625],[105.64919,18.65525],[105.65233,18.6544],[105.65559,18.65439],[105.65784,18.65414],[105.65972,18.65211],[105.66015,18.65081],[105.66107,18.65181],[105.66129,18.65293],[105.66147,18.65813],[105.66023,18.65987],[105.65796,18.66093],[105.65617,18.66148],[105.65487,18.66277],[105.6543,18.66385],[105.65436,18.66395],[105.65501,18.66454],[105.65591,18.66493],[105.65775,18.66493],[105.65837,18.66481],[105.65969,18.66448],[105.66524,18.66348],[105.66864,18.66343],[105.66963,18.66341],[105.66976,18.66591],[105.67405,18.66584],[105.67613,18.6658],[105.68239,18.66565],[105.68793,18.66625],[105.68745,18.67399],[105.68699,18.67613],[105.68677,18.67653],[105.68519,18.67941],[105.68412,18.68131],[105.6833,18.68282],[105.68192,18.68542],[105.68181,18.68565],[105.68146,18.68634],[105.68135,18.68655],[105.67473,18.68657],[105.66876,18.68726],[105.66485,18.6871],[105.66447,18.69272],[105.66418,18.69435],[105.66095,18.69472],[105.66074,18.69672]]]},"properties":{"commune_code":"16681","commune_name":"Phường Thành Vinh","commune_kind":"PHUONG","province_code":"40","province_name":"Tỉnh Nghệ An","area_km2":15.54,"valid_from":"16/6/2025","published":"13/07/2025","area_km2_geom":15.142866312327447,"quality_flag":null,"population":123507.0,"population_wp":98028.81556219608,"anchor_ratio":1.2599050523224862,"pop_source":"WORLDPOP2025_ANCHORED_VNSDI","pop_density_ppkm2":8156.117702726854,"n_stations":9,"n_ports":107,"power_kw_site":2725.5,"ports_per_10k_pop":8.663476564081389,"util_mean_port_weighted":0.20858904497783348,"dist_station_m_pop_weighted":1145.4508519998517}},{"type":"Feature","geometry":{"type":"Polygon","coordinates":[[[105.74733,18.70375],[105.7466,18.70401],[105.74628,18.70277],[105.74566,18.69948],[105.74521,18.69637],[105.74516,18.6952],[105.74507,18.69286],[105.74479,18.69061],[105.74438,18.68917],[105.74397,18.68825],[105.74325,18.68778],[105.74271,18.6876],[105.74161,18.6874],[105.74125,18.68756],[105.7358,18.69023],[105.73208,18.69353],[105.73073,18.69513],[105.73069,18.69515],[105.72721,18.69716],[105.72454,18.69811],[105.72206,18.69855],[105.72146,18.69854],[105.72013,18.69835],[105.71933,18.69795],[105.71811,18.69727],[105.71989,18.69566],[105.71874,18.69319],[105.71606,18.68795],[105.71454,18.68498],[105.71427,18.68495],[105.71367,18.68496],[105.71327,18.68498],[105.70483,18.68568],[105.70022,18.68633],[105.69708,18.68656],[105.68135,18.68655],[105.68146,18.68634],[105.68181,18.68565],[105.68192,18.68542],[105.6833,18.68282],[105.68412,18.68131],[105.68519,18.67941],[105.68677,18.67653],[105.68699,18.67613],[105.68745,18.67399],[105.68793,18.66625],[105.68239,18.66565],[105.67613,18.6658],[105.67405,18.66584],[105.66976,18.66591],[105.66963,18.66341],[105.66864,18.66343],[105.66524,18.66348],[105.65969,18.66448],[105.65837,18.66481],[105.65775,18.66493],[105.65591,18.66493],[105.65501,18.66454],[105.65436,18.66395],[105.6543,18.66385],[105.65487,18.66277],[105.65617,18.66148],[105.65796,18.66093],[105.66023,18.65987],[105.66147,18.65813],[105.66129,18.65293],[105.66107,18.65181],[105.66015,18.65081],[105.66047,18.64982],[105.66085,18.6488],[105.66374,18.648],[105.67282,18.64585],[105.68288,18.644],[105.6802,18.65018],[105.67998,18.65068],[105.68006,18.65125],[105.68094,18.65208],[105.68321,18.6533],[105.68366,18.65305],[105.687,18.65001],[105.69294,18.64462],[105.6968,18.64284],[105.70489,18.64015],[105.70517,18.64022],[105.70687,18.64076],[105.70777,18.6443],[105.7079,18.64481],[105.71093,18.6501],[105.712,18.65396],[105.71232,18.65706],[105.71265,18.65951],[105.71341,18.66256],[105.71436,18.66495],[105.71613,18.66739],[105.71796,18.66908],[105.71858,18.66965],[105.72163,18.67142],[105.72166,18.67144],[105.72468,18.6725],[105.72807,18.67303],[105.73108,18.67254],[105.73352,18.6716],[105.73565,18.67078],[105.74091,18.66885],[105.74385,18.66806],[105.74671,18.66773],[105.74918,18.66744],[105.75096,18.66745],[105.75195,18.66745],[105.75637,18.66872],[105.75933,18.66957],[105.76528,18.67178],[105.76582,18.67198],[105.76625,18.67246],[105.76884,18.67527],[105.76976,18.67928],[105.76873,18.68359],[105.76559,18.68992],[105.76487,18.69129],[105.76317,18.69423],[105.76109,18.69718],[105.75872,18.70085],[105.75791,18.7024],[105.7508,18.70167],[105.74736,18.7026],[105.74733,18.70375]]]},"properties":{"commune_code":"16690","commune_name":"Phường Trường Vinh","commune_kind":"PHUONG","province_code":"40","province_name":"Tỉnh Nghệ An","area_km2":34.22,"valid_from":"16/6/2025","published":"13/07/2025","area_km2_geom":34.58420017656202,"quality_flag":null,"population":141477.0,"population_wp":119851.10800356045,"anchor_ratio":1.1804396501348748,"pop_source":"WORLDPOP2025_ANCHORED_VNSDI","pop_density_ppkm2":4090.7986675337384,"n_stations":8,"n_ports":56,"power_kw_site":1762.3,"ports_per_10k_pop":3.9582405620701597,"util_mean_port_weighted":0.3257151050004524,"dist_station_m_pop_weighted":1363.8248704491402}},{"type":"Feature","geometry":{"type":"Polygon","coordinates":[[[105.67681,18.75114],[105.6729,18.76009],[105.66982,18.75929],[105.67153,18.75498],[105.66879,18.75383],[105.66841,18.75441],[105.66891,18.75309],[105.6716,18.74705],[105.67308,18.74346],[105.6733,18.74283],[105.6733,18.7423],[105.67247,18.74183],[105.6718,18.7412],[105.67163,18.74041],[105.67203,18.73668],[105.67318,18.72673],[105.67323,18.72611],[105.67323,18.7259],[105.67324,18.72522],[105.67288,18.7252],[105.66892,18.72506],[105.67077,18.71787],[105.66848,18.71508],[105.66799,18.71458],[105.66759,18.7143],[105.6683,18.71237],[105.6683,18.71237],[105.6683,18.71236],[105.66975,18.70926],[105.67198,18.70465],[105.67199,18.70461],[105.67361,18.70145],[105.67471,18.69933],[105.67493,18.69305],[105.67473,18.68657],[105.68135,18.68655],[105.69708,18.68656],[105.6956,18.68808],[105.69362,18.69066],[105.69253,18.6935],[105.69622,18.70306],[105.69816,18.70509],[105.70136,18.70764],[105.7022,18.70798],[105.7034,18.70782],[105.70433,18.70768],[105.70839,18.70666],[105.7087,18.70636],[105.70914,18.70724],[105.7101,18.70914],[105.71186,18.71268],[105.71257,18.7148],[105.71323,18.71679],[105.71259,18.71752],[105.70743,18.72337],[105.70672,18.72289],[105.70625,18.72247],[105.70614,18.72238],[105.70291,18.72664],[105.70123,18.72885],[105.69924,18.73173],[105.69864,18.73259],[105.69678,18.73561],[105.69642,18.73681],[105.69526,18.7406],[105.6952,18.7408],[105.69514,18.74128],[105.69538,18.74472],[105.69629,18.74611],[105.69724,18.74608],[105.69539,18.75058],[105.69358,18.75425],[105.69205,18.75565],[105.69072,18.75734],[105.68962,18.75888],[105.68908,18.75886],[105.68412,18.75665],[105.68338,18.75612],[105.68394,18.75488],[105.67874,18.75186],[105.67681,18.75114]]]},"properties":{"commune_code":"16702","commune_name":"Phường Vinh Phú","commune_kind":"PHUONG","province_code":"40","province_name":"Tỉnh Nghệ An","area_km2":23.04,"valid_from":"16/6/2025","published":"13/07/2025","area_km2_geom":22.671251785466815,"quality_flag":null,"population":74473.0,"population_wp":70430.56175263226,"anchor_ratio":1.0573960812859293,"pop_source":"WORLDPOP2025_ANCHORED_VNSDI","pop_density_ppkm2":3284.909042726092,"n_stations":6,"n_ports":46,"power_kw_site":1517.5,"ports_per_10k_pop":6.176735192620145,"util_mean_port_weighted":0.3058574645530233,"dist_station_m_pop_weighted":1376.4615178477488}},{"type":"Feature","geometry":{"type":"Polygon","coordinates":[[[105.72843,18.76068],[105.72463,18.76737],[105.71688,18.76203],[105.71668,18.762],[105.7159,18.76191],[105.7135,18.76233],[105.71336,18.76321],[105.71291,18.76317],[105.71135,18.76214],[105.71188,18.75833],[105.71231,18.75576],[105.71231,18.75557],[105.71204,18.75491],[105.70978,18.75413],[105.70909,18.75394],[105.70866,18.75486],[105.706,18.75938],[105.70062,18.76454],[105.69891,18.76733],[105.69849,18.76706],[105.69565,18.7652],[105.69423,18.76423],[105.69225,18.76208],[105.68962,18.75888],[105.69072,18.75734],[105.69205,18.75565],[105.69358,18.75425],[105.69539,18.75058],[105.69724,18.74608],[105.69629,18.74611],[105.69538,18.74472],[105.69514,18.74128],[105.6952,18.7408],[105.69526,18.7406],[105.69642,18.73681],[105.69678,18.73561],[105.69864,18.73259],[105.69924,18.73173],[105.70123,18.72885],[105.70291,18.72664],[105.70614,18.72238],[105.70625,18.72247],[105.70672,18.72289],[105.70743,18.72337],[105.71259,18.71752],[105.71323,18.71679],[105.71257,18.7148],[105.71186,18.71268],[105.7101,18.70914],[105.70914,18.70724],[105.7087,18.70636],[105.70839,18.70666],[105.70433,18.70768],[105.7034,18.70782],[105.7022,18.70798],[105.70136,18.70764],[105.69816,18.70509],[105.69622,18.70306],[105.69253,18.6935],[105.69362,18.69066],[105.6956,18.68808],[105.69708,18.68656],[105.70022,18.68633],[105.70483,18.68568],[105.71327,18.68498],[105.71367,18.68496],[105.71427,18.68495],[105.71454,18.68498],[105.71606,18.68795],[105.71874,18.69319],[105.71989,18.69566],[105.71811,18.69727],[105.71933,18.69795],[105.72013,18.69835],[105.72146,18.69854],[105.72206,18.69855],[105.72454,18.69811],[105.72721,18.69716],[105.73069,18.69515],[105.73073,18.69513],[105.73208,18.69353],[105.7358,18.69023],[105.74125,18.68756],[105.74161,18.6874],[105.74271,18.6876],[105.74325,18.68778],[105.74397,18.68825],[105.74438,18.68917],[105.74479,18.69061],[105.74507,18.69286],[105.74516,18.6952],[105.74521,18.69637],[105.74566,18.69948],[105.74628,18.70277],[105.7466,18.70401],[105.74733,18.70375],[105.74736,18.7026],[105.7508,18.70167],[105.75791,18.7024],[105.75686,18.70444],[105.75648,18.70516],[105.75471,18.71277],[105.7539,18.71522],[105.75188,18.72139],[105.748,18.72944],[105.74419,18.73623],[105.74397,18.73663],[105.74327,18.73948],[105.74264,18.74209],[105.74266,18.74646],[105.74266,18.74654],[105.74379,18.74875],[105.73715,18.74877],[105.73557,18.74877],[105.7328,18.75323],[105.73106,18.75611],[105.73062,18.75687],[105.72863,18.76033],[105.72843,18.76068]]]},"properties":{"commune_code":"16708","commune_name":"Phường Vinh Lộc","commune_kind":"PHUONG","province_code":"40","province_name":"Tỉnh Nghệ An","area_km2":38.86,"valid_from":"16/6/2025","published":"13/07/2025","area_km2_geom":38.96570680463086,"quality_flag":null,"population":68086.0,"population_wp":63228.87324832566,"anchor_ratio":1.0768181766041982,"pop_source":"WORLDPOP2025_ANCHORED_VNSDI","pop_density_ppkm2":1747.3313224208819,"n_stations":4,"n_ports":17,"power_kw_site":800.0,"ports_per_10k_pop":2.496842228945745,"util_mean_port_weighted":0.36364139197492307,"dist_station_m_pop_weighted":2395.3529169570043}},{"type":"Feature","geometry":{"type":"MultiPolygon","coordinates":[[[[105.98936,18.78957],[105.98969,18.78993],[105.98973,18.79025],[105.98971,18.79059],[105.9896,18.79084],[105.98955,18.79095],[105.98909,18.79137],[105.98857,18.7915],[105.98826,18.79143],[105.98792,18.79123],[105.98776,18.79082],[105.98778,18.79044],[105.98779,18.79035],[105.98815,18.7898],[105.98882,18.78955],[105.98936,18.78957]]],[[[105.96541,18.79013],[105.96588,18.79044],[105.9661,18.79088],[105.96615,18.79454],[105.96615,18.79501],[105.96606,18.79532],[105.96599,18.79548],[105.96581,18.7959],[105.96573,18.79605],[105.96538,18.79646],[105.96457,18.7973],[105.96373,18.79804],[105.96342,18.79829],[105.96201,18.79938],[105.96113,18.80002],[105.95691,18.80309],[105.95323,18.80543],[105.95273,18.8057],[105.95264,18.80572],[105.95255,18.80573],[105.95248,18.80571],[105.95243,18.80563],[105.95241,18.80552],[105.9524,18.80526],[105.95264,18.80461],[105.95813,18.79511],[105.9584,18.79466],[105.95864,18.79431],[105.95884,18.79405],[105.95901,18.79387],[105.96032,18.79276],[105.96133,18.79199],[105.96405,18.79033],[105.96473,18.79009],[105.96541,18.79013]]],[[[105.78224,18.80277],[105.78227,18.80334],[105.78226,18.80359],[105.78221,18.80375],[105.78204,18.80396],[105.78187,18.80412],[105.77894,18.80579],[105.77866,18.80593],[105.7783,18.80598],[105.77786,18.80586],[105.77753,18.80513],[105.77407,18.80272],[105.77359,18.803],[105.77336,18.80307],[105.7731,18.80308],[105.77285,18.80304],[105.77248,18.80284],[105.76987,18.80073],[105.76974,18.80036],[105.76991,18.79972],[105.77003,18.7993],[105.77049,18.79818],[105.77172,18.79632],[105.77189,18.79614],[105.77205,18.79608],[105.77245,18.79603],[105.77291,18.79601],[105.77335,18.79603],[105.77364,18.79608],[105.77387,18.79626],[105.77409,18.79657],[105.77853,18.7993],[105.78188,18.80125],[105.782,18.80141],[105.78211,18.80174],[105.78224,18.80277]]],[[[105.72222,18.81927],[105.72256,18.81967],[105.72304,18.82013],[105.72317,18.82045],[105.72327,18.82052],[105.72324,18.8208],[105.72317,18.82088],[105.72311,18.82096],[105.7228,18.82107],[105.72219,18.82119],[105.72172,18.82119],[105.72156,18.82105],[105.72147,18.82094],[105.72113,18.82044],[105.72103,18.81985],[105.72102,18.81978],[105.72123,18.81948],[105.72168,18.81928],[105.72194,18.81918],[105.72222,18.81927]]],[[[105.71581,18.83005],[105.71632,18.83164],[105.71692,18.83228],[105.71316,18.83234],[105.71267,18.83223],[105.7109,18.83185],[105.70898,18.83092],[105.70895,18.83091],[105.70838,18.83064],[105.70758,18.83025],[105.70573,18.82975],[105.70268,18.82937],[105.70057,18.82941],[105.69902,18.82949],[105.69819,18.8297],[105.69669,18.83007],[105.69538,18.83076],[105.69524,18.83088],[105.69037,18.82538],[105.69046,18.82534],[105.70712,18.8179],[105.71235,18.81607],[105.71246,18.81566],[105.71245,18.81469],[105.70956,18.80778],[105.70492,18.80497],[105.70382,18.80486],[105.70283,18.80445],[105.70252,18.80426],[105.70099,18.80326],[105.70062,18.80302],[105.70037,18.80176],[105.69933,18.79664],[105.69898,18.79455],[105.69896,18.79443],[105.69875,18.79322],[105.69838,18.79106],[105.69943,18.78965],[105.69991,18.78928],[105.70073,18.78943],[105.70161,18.7897],[105.70221,18.7899],[105.70271,18.78996],[105.70305,18.78993],[105.70437,18.78803],[105.70504,18.78702],[105.70691,18.78337],[105.70934,18.77891],[105.7096,18.77899],[105.71177,18.77987],[105.71306,18.78052],[105.71764,18.78016],[105.72158,18.77784],[105.72491,18.77524],[105.72496,18.77209],[105.72467,18.76997],[105.72342,18.76951],[105.72463,18.76737],[105.72843,18.76068],[105.72863,18.76033],[105.73062,18.75687],[105.73106,18.75611],[105.7328,18.75323],[105.73557,18.74877],[105.73715,18.74877],[105.74379,18.74875],[105.74494,18.75097],[105.74977,18.75526],[105.75687,18.75925],[105.76276,18.76195],[105.76593,18.76409],[105.76802,18.7668],[105.7655,18.76844],[105.76325,18.76928],[105.75906,18.77085],[105.75405,18.77344],[105.75105,18.77557],[105.74745,18.77954],[105.74567,18.78151],[105.73625,18.79128],[105.73507,18.79267],[105.72985,18.79892],[105.72878,18.80052],[105.72605,18.80504],[105.72488,18.807],[105.72395,18.80872],[105.72363,18.80934],[105.72281,18.8109],[105.72147,18.81356],[105.72035,18.81649],[105.71833,18.82206],[105.7162,18.82748],[105.71595,18.82819],[105.71585,18.82857],[105.71581,18.83005]]]]},"properties":{"commune_code":"16732","commune_name":"Phường Cửa Lò","commune_kind":"PHUONG","province_code":"40","province_name":"Tỉnh Nghệ An","area_km2":29.09,"valid_from":"16/6/2025","published":"13/07/2025","area_km2_geom":26.79252926043293,"quality_flag":null,"population":64759.99999999999,"population_wp":64009.40509945899,"anchor_ratio":1.011726322083055,"pop_source":"WORLDPOP2025_ANCHORED_VNSDI","pop_density_ppkm2":2417.091696364674,"n_stations":6,"n_ports":273,"power_kw_site":5564.5,"ports_per_10k_pop":42.155651636812856,"util_mean_port_weighted":0.03764874041120466,"dist_station_m_pop_weighted":2080.115093569463}},{"type":"Feature","geometry":{"type":"Polygon","coordinates":[[[104.73083,19.75621],[104.73063,19.75629],[104.73029,19.75625],[104.72961,19.75618],[104.72882,19.75609],[104.72618,19.75556],[104.72549,19.75521],[104.72375,19.75431],[104.72023,19.75161],[104.71834,19.74997],[104.70938,19.74234],[104.70787,19.74092],[104.70362,19.73695],[104.7032,19.73658],[104.70092,19.73458],[104.70005,19.73281],[104.6969,19.72643],[104.69489,19.72419],[104.6942,19.72402],[104.69469,19.72325],[104.6959,19.72113],[104.69916,19.71767],[104.70204,19.71519],[104.70434,19.71094],[104.70609,19.7077],[104.7107,19.70508],[104.71292,19.69962],[104.71815,19.69787],[104.73094,19.69217],[104.73235,19.69192],[104.73271,19.69184],[104.7329,19.69176],[104.73619,19.6902],[104.73737,19.6892],[104.73766,19.6882],[104.73837,19.68712],[104.73915,19.68636],[104.74136,19.68473],[104.7424,19.68404],[104.74353,19.68359],[104.74892,19.68003],[104.75091,19.67734],[104.75294,19.6754],[104.755,19.67382],[104.76626,19.66584],[104.76965,19.66535],[104.77003,19.66559],[104.77089,19.66535],[104.77103,19.66531],[104.77332,19.66412],[104.77455,19.66332],[104.77684,19.66118],[104.778,19.65769],[104.77784,19.65733],[104.77774,19.65696],[104.77776,19.65647],[104.77783,19.65604],[104.77795,19.65568],[104.77881,19.6538],[104.78046,19.65177],[104.78112,19.65099],[104.78172,19.65055],[104.78268,19.64986],[104.78375,19.64912],[104.78423,19.64874],[104.78441,19.64853],[104.78453,19.6483],[104.78493,19.64746],[104.78573,19.64567],[104.78583,19.6454],[104.78722,19.64122],[104.7873,19.64091],[104.78739,19.64056],[104.78739,19.64034],[104.78733,19.64008],[104.78721,19.63967],[104.78709,19.63916],[104.78708,19.63898],[104.78711,19.63879],[104.78732,19.63829],[104.78819,19.63627],[104.78836,19.63598],[104.7891,19.63521],[104.79122,19.63485],[104.79148,19.63488],[104.79157,19.63508],[104.79595,19.63712],[104.80213,19.63529],[104.80363,19.63245],[104.80571,19.62775],[104.80427,19.6257],[104.80204,19.6248],[104.80124,19.6236],[104.80401,19.62229],[104.8046,19.62231],[104.80485,19.62232],[104.80505,19.62229],[104.80516,19.62222],[104.80534,19.62205],[104.81155,19.61403],[104.81186,19.61271],[104.81205,19.61083],[104.81374,19.60877],[104.81575,19.60753],[104.81794,19.608],[104.81931,19.60857],[104.8202,19.60932],[104.82108,19.61039],[104.82285,19.60879],[104.82692,19.60258],[104.82759,19.59418],[104.8277,19.58907],[104.82652,19.58535],[104.8298,19.58379],[104.83075,19.58296],[104.83211,19.5811],[104.83225,19.57986],[104.83242,19.5774],[104.83122,19.57453],[104.83111,19.57255],[104.83536,19.57239],[104.83755,19.57286],[104.84005,19.57442],[104.84236,19.57588],[104.84247,19.57593],[104.84275,19.57602],[104.84338,19.57623],[104.84362,19.57629],[104.84451,19.57649],[104.8447,19.5765],[104.84491,19.57645],[104.84893,19.57507],[104.85132,19.57259],[104.85291,19.56805],[104.85177,19.56635],[104.84836,19.56069],[104.84659,19.55439],[104.84654,19.55416],[104.84655,19.55376],[104.8469,19.55175],[104.84724,19.55127],[104.84922,19.55023],[104.85025,19.54989],[104.85212,19.54934],[104.85309,19.54921],[104.85475,19.54957],[104.85512,19.54965],[104.85563,19.54981],[104.85585,19.54991],[104.85597,19.54997],[104.85617,19.55012],[104.85626,19.55018],[104.85633,19.55024],[104.85644,19.55031],[104.85653,19.55034],[104.85675,19.55037],[104.85702,19.55036],[104.85726,19.55035],[104.85997,19.54974],[104.86017,19.5497],[104.86025,19.54967],[104.86038,19.54962],[104.86054,19.54951],[104.86061,19.54946],[104.86099,19.54915],[104.86101,19.54913],[104.8623,19.54773],[104.86313,19.54675],[104.87339,19.54103],[104.87805,19.54228],[104.87839,19.54487],[104.8787,19.54539],[104.87982,19.5469],[104.88377,19.55202],[104.88592,19.55312],[104.8874,19.55519],[104.88777,19.55619],[104.88866,19.55876],[104.89088,19.56109],[104.89094,19.56115],[104.89102,19.56121],[104.89111,19.56128],[104.89118,19.56132],[104.89128,19.56137],[104.89139,19.5614],[104.89188,19.56152],[104.89198,19.56154],[104.89258,19.56161],[104.89291,19.56161],[104.89308,19.56161],[104.89335,19.56158],[104.89363,19.56151],[104.89392,19.5614],[104.89411,19.56128],[104.89422,19.5612],[104.89448,19.56097],[104.89473,19.56072],[104.89483,19.56062],[104.89498,19.56045],[104.90033,19.56174],[104.91008,19.56497],[104.91529,19.56519],[104.91582,19.56465],[104.91651,19.56408],[104.91669,19.56394],[104.9168,19.56387],[104.91695,19.56382],[104.91704,19.5638],[104.9171,19.56379],[104.91723,19.56377],[104.92036,19.56342],[104.92331,19.56373],[104.92662,19.56405],[104.92924,19.56318],[104.93206,19.56089],[104.93329,19.55873],[104.93517,19.55481],[104.9339,19.55094],[104.93323,19.54941],[104.93226,19.54762],[104.93179,19.54717],[104.93127,19.54635],[104.93111,19.54605],[104.93103,19.54584],[104.93076,19.54444],[104.93075,19.54428],[104.93066,19.54076],[104.93188,19.53998],[104.93799,19.53771],[104.94,19.53651],[104.94271,19.53491],[104.94477,19.5341],[104.94702,19.53393],[104.95513,19.53733],[104.95807,19.53923],[104.97114,19.54806],[104.97274,19.55322],[104.97369,19.55754],[104.97363,19.55846],[104.97362,19.55861],[104.97377,19.56028],[104.9738,19.56059],[104.97405,19.56146],[104.97408,19.56156],[104.97451,19.56203],[104.97539,19.56245],[104.97687,19.56295],[104.9779,19.56318],[104.9786,19.56372],[104.97924,19.56463],[104.97956,19.5652],[104.97949,19.5656],[104.97694,19.56751],[104.97574,19.56855],[104.97443,19.56986],[104.97439,19.56992],[104.97418,19.57033],[104.97418,19.57103],[104.9744,19.57169],[104.97443,19.57177],[104.9757,19.57331],[104.97635,19.57408],[104.97666,19.57445],[104.97674,19.57501],[104.97638,19.57605],[104.97378,19.57822],[104.97274,19.57908],[104.97271,19.57911],[104.97235,19.57961],[104.9721,19.58003],[104.97227,19.58174],[104.97228,19.58179],[104.97253,19.58371],[104.97265,19.58456],[104.97277,19.58504],[104.97312,19.58645],[104.97333,19.58731],[104.97355,19.58789],[104.97387,19.58876],[104.97438,19.58937],[104.9751,19.58972],[104.97557,19.58972],[104.97591,19.58951],[104.97638,19.58899],[104.97946,19.5879],[104.9844,19.58764],[104.98485,19.58762],[104.98609,19.58772],[104.987,19.58815],[104.99024,19.59173],[104.99048,19.59523],[104.99003,19.59676],[104.99008,19.59762],[104.99083,19.59815],[104.99391,19.5992],[104.99516,19.59954],[104.99434,19.59949],[104.99249,19.60187],[104.98953,19.60681],[104.98476,19.61084],[104.98141,19.6118],[104.97731,19.6161],[104.97573,19.61767],[104.97539,19.61794],[104.97519,19.61808],[104.97489,19.61825],[104.97481,19.61829],[104.9747,19.61835],[104.97458,19.6184],[104.97275,19.61914],[104.97238,19.61914],[104.97213,19.6191],[104.97194,19.61904],[104.97185,19.61897],[104.97173,19.61885],[104.96427,19.6128],[104.95879,19.61005],[104.95827,19.60981],[104.95786,19.60964],[104.95772,19.60962],[104.95762,19.60962],[104.95756,19.60963],[104.95756,19.60963],[104.9572,19.60992],[104.95705,19.61006],[104.95701,19.61011],[104.95696,19.61022],[104.94843,19.60897],[104.94332,19.60843],[104.93907,19.60823],[104.932,19.60889],[104.92828,19.61458],[104.92887,19.61726],[104.92923,19.6173],[104.93092,19.61748],[104.9312,19.61751],[104.93132,19.61755],[104.93192,19.61858],[104.93201,19.61912],[104.93025,19.62102],[104.92742,19.62352],[104.92471,19.62681],[104.92276,19.6301],[104.9208,19.63365],[104.91528,19.63819],[104.91055,19.6376],[104.90881,19.63701],[104.90763,19.63557],[104.90399,19.63546],[104.89795,19.63729],[104.89368,19.63891],[104.89051,19.64159],[104.88886,19.64324],[104.88543,19.64685],[104.88427,19.64888],[104.88371,19.65047],[104.87903,19.66068],[104.8787,19.66096],[104.87638,19.66175],[104.87505,19.66188],[104.87007,19.66045],[104.86072,19.66087],[104.85715,19.66216],[104.85685,19.66232],[104.85668,19.66248],[104.85624,19.66297],[104.85578,19.6636],[104.85388,19.66593],[104.85137,19.66898],[104.85132,19.66904],[104.85128,19.66907],[104.84875,19.67035],[104.84719,19.6711],[104.8406,19.67522],[104.83439,19.68049],[104.83368,19.68187],[104.83351,19.68344],[104.83479,19.68457],[104.83528,19.68483],[104.83553,19.685],[104.83574,19.68521],[104.83635,19.686],[104.83633,19.68604],[104.83564,19.68877],[104.83439,19.69351],[104.83282,19.69516],[104.83129,19.69554],[104.82997,19.69588],[104.82672,19.69782],[104.82651,19.69795],[104.82514,19.69907],[104.82512,19.69911],[104.82509,19.69921],[104.82511,19.69942],[104.82565,19.70101],[104.825,19.70485],[104.82222,19.70956],[104.82172,19.70982],[104.82128,19.71012],[104.82121,19.71019],[104.82119,19.71025],[104.82119,19.71037],[104.8214,19.71262],[104.82149,19.71323],[104.82185,19.71507],[104.82217,19.71593],[104.82268,19.71728],[104.82278,19.71755],[104.82336,19.7192],[104.8234,19.7194],[104.82343,19.71983],[104.82343,19.72],[104.82339,19.72007],[104.82333,19.72016],[104.82158,19.72207],[104.81581,19.72599],[104.81215,19.7261],[104.81048,19.72601],[104.80758,19.72663],[104.80637,19.72691],[104.80624,19.72694],[104.80548,19.72722],[104.80403,19.72803],[104.80371,19.7283],[104.79829,19.73254],[104.79812,19.73266],[104.79784,19.73282],[104.7976,19.73289],[104.79718,19.73293],[104.79702,19.73292],[104.79686,19.73289],[104.79454,19.73196],[104.79147,19.73003],[104.78866,19.72918],[104.78634,19.72909],[104.78264,19.73114],[104.7824,19.73134],[104.78204,19.73168],[104.78059,19.73329],[104.77476,19.73733],[104.76876,19.74116],[104.76862,19.74188],[104.76833,19.74284],[104.76811,19.7435],[104.76795,19.7439],[104.76778,19.74419],[104.76763,19.74438],[104.76757,19.74443],[104.76738,19.7446],[104.76646,19.74533],[104.7637,19.74714],[104.76339,19.74732],[104.76266,19.74758],[104.7608,19.7481],[104.75853,19.74876],[104.7579,19.74902],[104.75737,19.74951],[104.75662,19.75066],[104.75511,19.75022],[104.7534,19.75026],[104.74927,19.75034],[104.74262,19.74937],[104.74246,19.74935],[104.73871,19.74941],[104.73669,19.75124],[104.73265,19.75544],[104.73129,19.75601],[104.73083,19.75621]]]},"properties":{"commune_code":"16738","commune_name":"Xã Quế Phong","commune_kind":"XA","province_code":"40","province_name":"Tỉnh Nghệ An","area_km2":276.57,"valid_from":"16/6/2025","published":"13/07/2025","area_km2_geom":265.82044318576254,"quality_flag":null,"population":22834.0,"population_wp":23236.3233300969,"anchor_ratio":0.982685585650472,"pop_source":"WORLDPOP2025_ANCHORED_VNSDI","pop_density_ppkm2":85.9000900244643,"n_stations":0,"n_ports":0,"power_kw_site":0.0,"ports_per_10k_pop":0.0,"util_mean_port_weighted":null,"dist_station_m_pop_weighted":8858.94843692487}},{"type":"Feature","geometry":{"type":"Polygon","coordinates":[[[104.92083,19.99608],[104.92055,19.99634],[104.92044,19.99544],[104.91943,19.99401],[104.91233,19.98653],[104.91156,19.98568],[104.91053,19.98314],[104.91015,19.98219],[104.90895,19.9761],[104.90865,19.97458],[104.9083,19.97419],[104.90751,19.97295],[104.90751,19.97295],[104.90323,19.96621],[104.89556,19.95884],[104.88958,19.95442],[104.88267,19.95228],[104.87708,19.95055],[104.87058,19.9479],[104.86249,19.94384],[104.86226,19.94373],[104.85225,19.93439],[104.85169,19.93393],[104.85071,19.93313],[104.85041,19.93289],[104.84744,19.93046],[104.84697,19.92939],[104.84301,19.92032],[104.84271,19.91896],[104.84266,19.91879],[104.84262,19.91757],[104.84442,19.91462],[104.84448,19.91452],[104.84699,19.91308],[104.84845,19.91209],[104.84863,19.91067],[104.84873,19.90993],[104.84805,19.90891],[104.84637,19.90638],[104.84574,19.90434],[104.84495,19.8967],[104.84485,19.89574],[104.84297,19.89042],[104.84235,19.88714],[104.84426,19.88325],[104.84563,19.88064],[104.84579,19.88037],[104.84727,19.87785],[104.84855,19.87566],[104.84967,19.87198],[104.84954,19.87091],[104.84943,19.87007],[104.84933,19.86922],[104.84766,19.8662],[104.84736,19.86587],[104.8446,19.86285],[104.84154,19.86107],[104.83737,19.85956],[104.83508,19.85772],[104.83427,19.85523],[104.83409,19.85382],[104.83404,19.85345],[104.83439,19.85247],[104.83599,19.85102],[104.84246,19.84867],[104.84309,19.84837],[104.84367,19.84809],[104.84657,19.8467],[104.84797,19.84449],[104.84866,19.84342],[104.84887,19.84099],[104.8472,19.83744],[104.84511,19.83551],[104.84435,19.83482],[104.84088,19.83219],[104.83796,19.82818],[104.83643,19.82365],[104.83563,19.81868],[104.83557,19.81787],[104.83533,19.81544],[104.83542,19.81512],[104.83603,19.81295],[104.837,19.81111],[104.83812,19.80901],[104.83862,19.80764],[104.83902,19.80651],[104.83868,19.80258],[104.8375,19.7987],[104.83473,19.79371],[104.83342,19.79234],[104.83263,19.7915],[104.83205,19.79089],[104.83835,19.79119],[104.84004,19.79029],[104.84321,19.78817],[104.84858,19.78877],[104.8593,19.78766],[104.86395,19.79018],[104.86417,19.79034],[104.86435,19.79044],[104.86461,19.79054],[104.86492,19.79062],[104.86537,19.79053],[104.86796,19.78883],[104.86821,19.78865],[104.86866,19.78831],[104.87004,19.78684],[104.87157,19.78475],[104.8747,19.78229],[104.87497,19.7822],[104.87529,19.78219],[104.87687,19.78245],[104.87712,19.78249],[104.8842,19.78284],[104.89354,19.78119],[104.89382,19.78116],[104.89402,19.78116],[104.89421,19.78117],[104.89462,19.78123],[104.89532,19.78134],[104.897,19.78172],[104.89727,19.78178],[104.89814,19.77877],[104.89852,19.77714],[104.8986,19.77667],[104.89865,19.77624],[104.8986,19.77549],[104.89857,19.77502],[104.89849,19.77398],[104.89823,19.7731],[104.89784,19.7722],[104.89606,19.76868],[104.89531,19.76731],[104.89335,19.76474],[104.89252,19.76378],[104.89162,19.76328],[104.89113,19.76293],[104.89083,19.76254],[104.89048,19.76178],[104.89002,19.75885],[104.8899,19.75676],[104.88986,19.75308],[104.89018,19.75083],[104.8908,19.74731],[104.89263,19.73881],[104.89467,19.73677],[104.89601,19.73644],[104.89883,19.73639],[104.89921,19.73664],[104.89949,19.73698],[104.89978,19.73736],[104.9006,19.73867],[104.90075,19.73896],[104.90085,19.73925],[104.90095,19.73975],[104.90334,19.74706],[104.90812,19.75329],[104.90847,19.75371],[104.90867,19.7537],[104.9091,19.75342],[104.91173,19.75169],[104.91184,19.75161],[104.91317,19.75036],[104.91416,19.74903],[104.91435,19.74867],[104.91835,19.74898],[104.92359,19.75026],[104.92437,19.74903],[104.92456,19.74893],[104.92534,19.74883],[104.92641,19.74872],[104.92703,19.74869],[104.92798,19.74871],[104.9286,19.74874],[104.92958,19.74881],[104.9304,19.74903],[104.93158,19.74969],[104.93713,19.75315],[104.93752,19.7534],[104.93855,19.75412],[104.93937,19.75471],[104.94437,19.75367],[104.94922,19.75219],[104.9587,19.74946],[104.95901,19.74941],[104.95938,19.74943],[104.95974,19.74957],[104.96013,19.74988],[104.96044,19.75041],[104.96068,19.75101],[104.96089,19.75164],[104.96109,19.75265],[104.96109,19.75326],[104.96097,19.75525],[104.96051,19.75707],[104.96017,19.75773],[104.95999,19.75838],[104.95995,19.7585],[104.95989,19.75879],[104.95957,19.76128],[104.95951,19.7619],[104.9596,19.76218],[104.95981,19.76248],[104.96044,19.76285],[104.96259,19.76407],[104.96319,19.7644],[104.96413,19.7649],[104.96474,19.76522],[104.96532,19.76551],[104.96565,19.76564],[104.96585,19.76565],[104.96757,19.75949],[104.96768,19.75899],[104.96826,19.75602],[104.96887,19.75258],[104.96889,19.74724],[104.9686,19.74237],[104.96839,19.74223],[104.9682,19.74197],[104.9682,19.74169],[104.9689,19.7397],[104.96996,19.73759],[104.97175,19.73542],[104.97286,19.7349],[104.98169,19.73228],[104.98233,19.73227],[104.98393,19.7328],[104.98524,19.73383],[104.98651,19.73472],[104.99031,19.73621],[104.9917,19.73623],[104.9941,19.73523],[104.9953,19.7347],[104.99734,19.73647],[104.99864,19.73882],[105.00041,19.74289],[105.0014,19.74482],[105.00754,19.75324],[105.01132,19.75586],[105.02105,19.76131],[105.02376,19.76166],[105.03218,19.76045],[105.0353,19.75884],[105.03764,19.75652],[105.04236,19.75474],[105.04249,19.75472],[105.04475,19.75442],[105.04677,19.75432],[105.0489,19.75466],[105.05062,19.75562],[105.05426,19.7567],[105.0588,19.75541],[105.0611,19.75472],[105.06175,19.75427],[105.06292,19.75324],[105.06306,19.75316],[105.06342,19.75295],[105.06483,19.75213],[105.0658,19.75237],[105.06866,19.75362],[105.07207,19.75517],[105.0759,19.75442],[105.08157,19.75154],[105.08228,19.75116],[105.08262,19.75093],[105.08268,19.75087],[105.08287,19.75063],[105.08311,19.7503],[105.08325,19.75001],[105.08354,19.74937],[105.0836,19.7492],[105.08368,19.74901],[105.0858,19.74797],[105.08785,19.74836],[105.08988,19.74854],[105.09382,19.74821],[105.09449,19.74815],[105.09545,19.7478],[105.09626,19.74737],[105.09659,19.74719],[105.09683,19.74684],[105.10429,19.74744],[105.10515,19.74763],[105.10945,19.74829],[105.1102,19.74818],[105.11105,19.7478],[105.11217,19.74705],[105.11291,19.74626],[105.11593,19.7437],[105.11871,19.74137],[105.11924,19.74098],[105.11991,19.74081],[105.12057,19.74073],[105.12182,19.74104],[105.12586,19.74275],[105.13328,19.74372],[105.13472,19.74618],[105.13529,19.74841],[105.13526,19.75043],[105.13516,19.75747],[105.13511,19.76085],[105.13499,19.7691],[105.13287,19.77599],[105.13017,19.79173],[105.12928,19.79668],[105.1288,19.8035],[105.1309,19.8133],[105.13051,19.82421],[105.13105,19.82456],[105.13759,19.8288],[105.13803,19.82945],[105.14155,19.8346],[105.14603,19.83992],[105.14603,19.83993],[105.14694,19.84664],[105.1494,19.85146],[105.15443,19.85392],[105.15789,19.85437],[105.16523,19.85534],[105.16641,19.85549],[105.17513,19.85658],[105.18017,19.85808],[105.18621,19.86055],[105.18768,19.86392],[105.18658,19.87013],[105.18357,19.87697],[105.18267,19.87902],[105.18239,19.87965],[105.17379,19.90901],[105.17357,19.91163],[105.17275,19.91382],[105.17215,19.9148],[105.16996,19.91727],[105.16798,19.91868],[105.16568,19.91924],[105.15981,19.92134],[105.15925,19.92167],[105.15249,19.9222],[105.14851,19.92101],[105.14824,19.92093],[105.14697,19.92055],[105.14514,19.92075],[105.14265,19.92151],[105.14076,19.92214],[105.13458,19.92186],[105.13307,19.92258],[105.12951,19.92426],[105.12564,19.92632],[105.12073,19.9297],[105.12049,19.92982],[105.11458,19.93279],[105.11257,19.9338],[105.10382,19.93637],[105.10351,19.9364],[105.09409,19.93739],[105.08598,19.93663],[105.08026,19.93574],[105.07666,19.93526],[105.07212,19.9349],[105.06858,19.93397],[105.06603,19.93324],[105.06345,19.9325],[105.05228,19.93327],[105.04617,19.93582],[105.04614,19.93584],[105.03955,19.94084],[105.03874,19.94146],[105.01793,19.95284],[105.01777,19.95293],[105.01554,19.95345],[105.01307,19.95363],[105.01276,19.95366],[105.00757,19.95314],[105.00461,19.9518],[105.00442,19.95177],[105.00413,19.95193],[105.00341,19.95243],[105.00187,19.95381],[105.00066,19.9551],[105.00006,19.95623],[105.00028,19.95782],[105.00044,19.95838],[105.00073,19.9594],[105.0004,19.96078],[104.99911,19.96226],[104.99233,19.96632],[104.98724,19.96908],[104.98352,19.97151],[104.9796,19.975],[104.9773,19.97637],[104.9764,19.97658],[104.97289,19.97593],[104.97137,19.97547],[104.97043,19.97517],[104.96918,19.97495],[104.96834,19.97507],[104.96653,19.97591],[104.96535,19.97731],[104.96485,19.97843],[104.96478,19.97871],[104.96463,19.98211],[104.96463,19.98608],[104.96404,19.98872],[104.96286,19.99088],[104.96116,19.99268],[104.95939,19.99324],[104.95923,19.99321],[104.95748,19.99296],[104.95429,19.99217],[104.95202,19.99135],[104.9516,19.99115],[104.94954,19.99027],[104.94619,19.98924],[104.94506,19.98905],[104.93682,19.9891],[104.92981,19.98937],[104.92913,19.9894],[104.92796,19.98947],[104.9255,19.99035],[104.92477,19.99073],[104.92325,19.99261],[104.92319,19.99269],[104.92083,19.99608]]]},"properties":{"commune_code":"16744","commune_name":"Xã Thông Thụ","commune_kind":"XA","province_code":"40","province_name":"Tỉnh Nghệ An","area_km2":706.75,"valid_from":"16/6/2025","published":"13/07/2025","area_km2_geom":708.6969295076133,"quality_flag":"DANSO_CONG_BO_QUA_THAP","population":11263.302672483027,"population_wp":11263.302672483027,"anchor_ratio":0.7529763024765044,"pop_source":"WORLDPOP2025_UNANCHORED_OFFICIAL_IMPLAUSIBLE","pop_density_ppkm2":15.892975125923739,"n_stations":0,"n_ports":0,"power_kw_site":0.0,"ports_per_10k_pop":0.0,"util_mean_port_weighted":null,"dist_station_m_pop_weighted":32146.715249159246}},{"type":"Feature","geometry":{"type":"Polygon","coordinates":[[[104.84004,19.79029],[104.83835,19.79119],[104.83205,19.79089],[104.83098,19.78977],[104.82688,19.78668],[104.82264,19.78529],[104.82072,19.78502],[104.81944,19.78483],[104.81708,19.78463],[104.81482,19.78564],[104.81339,19.78627],[104.81151,19.78659],[104.8112,19.78659],[104.80796,19.78659],[104.80504,19.78659],[104.80268,19.78757],[104.79976,19.78993],[104.79958,19.78996],[104.79881,19.79009],[104.79781,19.79026],[104.7951,19.78927],[104.78961,19.78631],[104.7866,19.78499],[104.78509,19.78433],[104.78051,19.78019],[104.77892,19.77885],[104.77732,19.7775],[104.77294,19.77605],[104.77043,19.77558],[104.76793,19.77571],[104.76557,19.77584],[104.76528,19.77569],[104.7648,19.77544],[104.76411,19.77459],[104.7646,19.77291],[104.76474,19.77242],[104.76736,19.76792],[104.76746,19.76774],[104.7684,19.76585],[104.76843,19.7658],[104.76857,19.76481],[104.76831,19.76451],[104.76796,19.7641],[104.76732,19.76337],[104.76302,19.76106],[104.76031,19.75922],[104.75878,19.75686],[104.75851,19.75423],[104.7585,19.7541],[104.7583,19.752],[104.75761,19.75095],[104.75662,19.75066],[104.75737,19.74951],[104.7579,19.74902],[104.75853,19.74876],[104.7608,19.7481],[104.76266,19.74758],[104.76339,19.74732],[104.7637,19.74714],[104.76646,19.74533],[104.76738,19.7446],[104.76757,19.74443],[104.76763,19.74438],[104.76778,19.74419],[104.76795,19.7439],[104.76811,19.7435],[104.76833,19.74284],[104.76862,19.74188],[104.76876,19.74116],[104.77476,19.73733],[104.78059,19.73329],[104.78204,19.73168],[104.7824,19.73134],[104.78264,19.73114],[104.78634,19.72909],[104.78866,19.72918],[104.79147,19.73003],[104.79454,19.73196],[104.79686,19.73289],[104.79702,19.73292],[104.79718,19.73293],[104.7976,19.73289],[104.79784,19.73282],[104.79812,19.73266],[104.79829,19.73254],[104.80371,19.7283],[104.80403,19.72803],[104.80548,19.72722],[104.80624,19.72694],[104.80637,19.72691],[104.80758,19.72663],[104.81048,19.72601],[104.81215,19.7261],[104.81581,19.72599],[104.82158,19.72207],[104.82333,19.72016],[104.82339,19.72007],[104.82343,19.72],[104.82343,19.71983],[104.8234,19.7194],[104.82336,19.7192],[104.82278,19.71755],[104.82268,19.71728],[104.82217,19.71593],[104.82185,19.71507],[104.82149,19.71323],[104.8214,19.71262],[104.82119,19.71037],[104.82119,19.71025],[104.82121,19.71019],[104.82128,19.71012],[104.82172,19.70982],[104.82222,19.70956],[104.825,19.70485],[104.82565,19.70101],[104.82511,19.69942],[104.82509,19.69921],[104.82512,19.69911],[104.82514,19.69907],[104.82651,19.69795],[104.82672,19.69782],[104.82997,19.69588],[104.83129,19.69554],[104.83282,19.69516],[104.83439,19.69351],[104.83564,19.68877],[104.83633,19.68604],[104.83635,19.686],[104.83574,19.68521],[104.83553,19.685],[104.83528,19.68483],[104.83479,19.68457],[104.83351,19.68344],[104.83368,19.68187],[104.83439,19.68049],[104.8406,19.67522],[104.84719,19.6711],[104.84875,19.67035],[104.85128,19.66907],[104.85132,19.66904],[104.85137,19.66898],[104.85388,19.66593],[104.85578,19.6636],[104.85624,19.66297],[104.85668,19.66248],[104.85685,19.66232],[104.85715,19.66216],[104.86072,19.66087],[104.87007,19.66045],[104.87505,19.66188],[104.87638,19.66175],[104.8787,19.66096],[104.87903,19.66068],[104.88371,19.65047],[104.88427,19.64888],[104.88543,19.64685],[104.88886,19.64324],[104.89051,19.64159],[104.89368,19.63891],[104.89795,19.63729],[104.90399,19.63546],[104.90763,19.63557],[104.90881,19.63701],[104.91055,19.6376],[104.91528,19.63819],[104.9208,19.63365],[104.92276,19.6301],[104.92471,19.62681],[104.92742,19.62352],[104.93025,19.62102],[104.93201,19.61912],[104.93192,19.61858],[104.93132,19.61755],[104.9312,19.61751],[104.93092,19.61748],[104.92923,19.6173],[104.92887,19.61726],[104.92828,19.61458],[104.932,19.60889],[104.93907,19.60823],[104.94332,19.60843],[104.94843,19.60897],[104.95696,19.61022],[104.95701,19.61011],[104.95705,19.61006],[104.9572,19.60992],[104.95756,19.60963],[104.95756,19.60963],[104.95762,19.60962],[104.95772,19.60962],[104.95786,19.60964],[104.95827,19.60981],[104.95879,19.61005],[104.96427,19.6128],[104.97173,19.61885],[104.97185,19.61897],[104.97194,19.61904],[104.97213,19.6191],[104.97238,19.61914],[104.97275,19.61914],[104.97458,19.6184],[104.9747,19.61835],[104.97481,19.61829],[104.97489,19.61825],[104.97519,19.61808],[104.97539,19.61794],[104.97573,19.61767],[104.97731,19.6161],[104.98141,19.6118],[104.98476,19.61084],[104.98953,19.60681],[104.99249,19.60187],[104.99434,19.59949],[104.99516,19.59954],[104.99881,19.59982],[105.00002,19.6004],[105.00595,19.60388],[105.00187,19.60509],[104.9999,19.61059],[104.9966,19.61499],[104.9936,19.61701],[104.99354,19.61708],[104.99245,19.61825],[104.99188,19.61973],[104.99172,19.62105],[104.99253,19.62346],[104.99336,19.63132],[104.99431,19.63699],[104.99559,19.63825],[104.9973,19.64008],[104.99796,19.64092],[104.99887,19.64208],[104.99954,19.64301],[105.00198,19.64722],[105.00204,19.64826],[105.00198,19.64963],[105.00141,19.65045],[104.9949,19.65662],[104.99438,19.6571],[104.99291,19.6583],[104.99102,19.65961],[104.98988,19.66071],[104.98985,19.66077],[104.98969,19.66115],[104.98963,19.66134],[104.9897,19.66359],[104.9899,19.6674],[104.99002,19.6696],[104.9902,19.66982],[104.99084,19.66985],[104.9929,19.67322],[104.99468,19.67914],[104.99495,19.68439],[104.99506,19.69122],[105.00135,19.6962],[105.00597,19.69644],[105.0133,19.69358],[105.01428,19.6932],[105.01508,19.693],[105.01537,19.69301],[105.01554,19.69303],[105.01875,19.69453],[105.01943,19.69505],[105.0199,19.69548],[105.02012,19.69604],[105.02282,19.709],[105.02486,19.71424],[105.02637,19.7203],[105.02829,19.72239],[105.03036,19.72321],[105.03084,19.72325],[105.03132,19.7232],[105.03179,19.72287],[105.03229,19.72239],[105.03286,19.72209],[105.03363,19.72195],[105.03453,19.7218],[105.04133,19.72118],[105.04188,19.72113],[105.04246,19.72113],[105.04316,19.72124],[105.04427,19.72178],[105.04462,19.72216],[105.04533,19.72314],[105.04983,19.72443],[105.05587,19.72409],[105.06012,19.72254],[105.0607,19.72185],[105.0632,19.71945],[105.06352,19.71937],[105.06375,19.71944],[105.06844,19.72217],[105.06879,19.72456],[105.06886,19.72513],[105.06898,19.72546],[105.06921,19.72585],[105.06962,19.72618],[105.07031,19.7265],[105.07293,19.72712],[105.07544,19.72723],[105.07613,19.72735],[105.07643,19.72752],[105.07856,19.72916],[105.07871,19.72932],[105.07989,19.7327],[105.07994,19.73287],[105.07996,19.73306],[105.07982,19.73362],[105.0787,19.73675],[105.0786,19.73698],[105.07828,19.73727],[105.07777,19.73762],[105.07745,19.73803],[105.07729,19.73859],[105.07683,19.74063],[105.07775,19.74286],[105.08222,19.74799],[105.08305,19.74877],[105.0835,19.74898],[105.08368,19.74901],[105.0836,19.7492],[105.08354,19.74937],[105.08325,19.75001],[105.08311,19.7503],[105.08287,19.75063],[105.08268,19.75087],[105.08262,19.75093],[105.08228,19.75116],[105.08157,19.75154],[105.0759,19.75442],[105.07207,19.75517],[105.06866,19.75362],[105.0658,19.75237],[105.06483,19.75213],[105.06342,19.75295],[105.06306,19.75316],[105.06292,19.75324],[105.06175,19.75427],[105.0611,19.75472],[105.0588,19.75541],[105.05426,19.7567],[105.05062,19.75562],[105.0489,19.75466],[105.04677,19.75432],[105.04475,19.75442],[105.04249,19.75472],[105.04236,19.75474],[105.03764,19.75652],[105.0353,19.75884],[105.03218,19.76045],[105.02376,19.76166],[105.02105,19.76131],[105.01132,19.75586],[105.00754,19.75324],[105.0014,19.74482],[105.00041,19.74289],[104.99864,19.73882],[104.99734,19.73647],[104.9953,19.7347],[104.9941,19.73523],[104.9917,19.73623],[104.99031,19.73621],[104.98651,19.73472],[104.98524,19.73383],[104.98393,19.7328],[104.98233,19.73227],[104.98169,19.73228],[104.97286,19.7349],[104.97175,19.73542],[104.96996,19.73759],[104.9689,19.7397],[104.9682,19.74169],[104.9682,19.74197],[104.96839,19.74223],[104.9686,19.74237],[104.96889,19.74724],[104.96887,19.75258],[104.96826,19.75602],[104.96768,19.75899],[104.96757,19.75949],[104.96585,19.76565],[104.96565,19.76564],[104.96532,19.76551],[104.96474,19.76522],[104.96413,19.7649],[104.96319,19.7644],[104.96259,19.76407],[104.96044,19.76285],[104.95981,19.76248],[104.9596,19.76218],[104.95951,19.7619],[104.95957,19.76128],[104.95989,19.75879],[104.95995,19.7585],[104.95999,19.75838],[104.96017,19.75773],[104.96051,19.75707],[104.96097,19.75525],[104.96109,19.75326],[104.96109,19.75265],[104.96089,19.75164],[104.96068,19.75101],[104.96044,19.75041],[104.96013,19.74988],[104.95974,19.74957],[104.95938,19.74943],[104.95901,19.74941],[104.9587,19.74946],[104.94922,19.75219],[104.94437,19.75367],[104.93937,19.75471],[104.93855,19.75412],[104.93752,19.7534],[104.93713,19.75315],[104.93158,19.74969],[104.9304,19.74903],[104.92958,19.74881],[104.9286,19.74874],[104.92798,19.74871],[104.92703,19.74869],[104.92641,19.74872],[104.92534,19.74883],[104.92456,19.74893],[104.92437,19.74903],[104.92359,19.75026],[104.91835,19.74898],[104.91435,19.74867],[104.91416,19.74903],[104.91317,19.75036],[104.91184,19.75161],[104.91173,19.75169],[104.9091,19.75342],[104.90867,19.7537],[104.90847,19.75371],[104.90812,19.75329],[104.90334,19.74706],[104.90095,19.73975],[104.90085,19.73925],[104.90075,19.73896],[104.9006,19.73867],[104.89978,19.73736],[104.89949,19.73698],[104.89921,19.73664],[104.89883,19.73639],[104.89601,19.73644],[104.89467,19.73677],[104.89263,19.73881],[104.8908,19.74731],[104.89018,19.75083],[104.88986,19.75308],[104.8899,19.75676],[104.89002,19.75885],[104.89048,19.76178],[104.89083,19.76254],[104.89113,19.76293],[104.89162,19.76328],[104.89252,19.76378],[104.89335,19.76474],[104.89531,19.76731],[104.89606,19.76868],[104.89784,19.7722],[104.89823,19.7731],[104.89849,19.77398],[104.89857,19.77502],[104.8986,19.77549],[104.89865,19.77624],[104.8986,19.77667],[104.89852,19.77714],[104.89814,19.77877],[104.89727,19.78178],[104.897,19.78172],[104.89532,19.78134],[104.89462,19.78123],[104.89421,19.78117],[104.89402,19.78116],[104.89382,19.78116],[104.89354,19.78119],[104.8842,19.78284],[104.87712,19.78249],[104.87687,19.78245],[104.87529,19.78219],[104.87497,19.7822],[104.8747,19.78229],[104.87157,19.78475],[104.87004,19.78684],[104.86866,19.78831],[104.86821,19.78865],[104.86796,19.78883],[104.86537,19.79053],[104.86492,19.79062],[104.86461,19.79054],[104.86435,19.79044],[104.86417,19.79034],[104.86395,19.79018],[104.8593,19.78766],[104.84858,19.78877],[104.84321,19.78817],[104.84004,19.79029]]]},"properties":{"commune_code":"16750","commune_name":"Xã Tiền Phong","commune_kind":"XA","province_code":"40","province_name":"Tỉnh Nghệ An","area_km2":319.02,"valid_from":"16/6/2025","published":"13/07/2025","area_km2_geom":323.6857045853798,"quality_flag":null,"population":14494.0,"population_wp":17310.41309505701,"anchor_ratio":0.8372994867545225,"pop_source":"WORLDPOP2025_ANCHORED_VNSDI","pop_density_ppkm2":44.778004696147654,"n_stations":1,"n_ports":8,"power_kw_site":203.5,"ports_per_10k_pop":5.519525320822409,"util_mean_port_weighted":0.14751838235294118,"dist_station_m_pop_weighted":7910.284520971228}},{"type":"Feature","geometry":{"type":"Polygon","coordinates":[[[104.69469,19.72325],[104.6942,19.72402],[104.69225,19.72353],[104.69169,19.72352],[104.68919,19.72346],[104.6869,19.72261],[104.6851,19.7209],[104.68444,19.7197],[104.68337,19.71774],[104.68239,19.71596],[104.67789,19.71051],[104.67387,19.70715],[104.66838,19.70406],[104.66734,19.70361],[104.6638,19.70208],[104.66309,19.7015],[104.66283,19.70129],[104.66318,19.69991],[104.66799,19.69053],[104.67096,19.68575],[104.67102,19.68515],[104.671,19.68378],[104.67016,19.68299],[104.66787,19.68187],[104.66593,19.68081],[104.66496,19.67943],[104.66525,19.67735],[104.66531,19.67694],[104.66511,19.67575],[104.66314,19.67453],[104.66289,19.67437],[104.66215,19.67389],[104.66039,19.67273],[104.66018,19.67217],[104.66004,19.67181],[104.6602,19.6685],[104.66073,19.66644],[104.6618,19.66229],[104.66148,19.66011],[104.65934,19.65886],[104.65376,19.65823],[104.65336,19.65811],[104.64966,19.65481],[104.6472,19.65201],[104.64731,19.6507],[104.64753,19.64813],[104.65119,19.6411],[104.65166,19.63975],[104.65222,19.63558],[104.6522,19.63535],[104.64854,19.62721],[104.64678,19.62458],[104.64432,19.62283],[104.6393,19.62187],[104.63554,19.62228],[104.63497,19.62279],[104.63479,19.62252],[104.63248,19.61861],[104.63151,19.61694],[104.63105,19.61551],[104.631,19.61258],[104.63153,19.60809],[104.63235,19.60431],[104.63311,19.6002],[104.63249,19.59224],[104.63204,19.59087],[104.63108,19.58848],[104.63372,19.5875],[104.63484,19.5865],[104.6363,19.58535],[104.63721,19.58493],[104.64645,19.58215],[104.65177,19.5813],[104.65478,19.57929],[104.65658,19.57588],[104.65972,19.57287],[104.66217,19.57129],[104.66558,19.56874],[104.66494,19.56588],[104.66558,19.56205],[104.66736,19.56155],[104.66934,19.56121],[104.671,19.56115],[104.67202,19.56108],[104.67315,19.561],[104.67422,19.56044],[104.67737,19.55616],[104.67817,19.55358],[104.68253,19.54678],[104.68514,19.54033],[104.68588,19.53833],[104.68611,19.53799],[104.68626,19.53783],[104.68816,19.53623],[104.68953,19.53518],[104.69223,19.53399],[104.69268,19.5337],[104.69321,19.53315],[104.69381,19.53242],[104.69377,19.53208],[104.69364,19.53137],[104.69322,19.5307],[104.69267,19.53004],[104.69234,19.52574],[104.69507,19.52404],[104.70035,19.51822],[104.7005,19.51699],[104.70042,19.51628],[104.70008,19.51533],[104.69974,19.51507],[104.6993,19.51464],[104.69852,19.51342],[104.69769,19.51191],[104.69709,19.51059],[104.69713,19.51024],[104.69728,19.51006],[104.69751,19.50992],[104.698,19.50965],[104.69816,19.50957],[104.70023,19.50928],[104.70096,19.50912],[104.70123,19.50903],[104.7016,19.50884],[104.70233,19.50839],[104.70291,19.50799],[104.70314,19.50783],[104.70349,19.50748],[104.70373,19.50717],[104.7039,19.50692],[104.70423,19.50638],[104.70441,19.50614],[104.70454,19.50597],[104.7047,19.50576],[104.70514,19.50537],[104.70534,19.5052],[104.70553,19.50506],[104.70729,19.50392],[104.71029,19.50234],[104.71654,19.50426],[104.72691,19.50203],[104.72832,19.501],[104.7291,19.50038],[104.74399,19.49963],[104.75013,19.50422],[104.75209,19.50578],[104.75361,19.507],[104.75476,19.50786],[104.75517,19.50808],[104.75729,19.50923],[104.75758,19.50939],[104.75774,19.50946],[104.7582,19.50964],[104.75868,19.50978],[104.75885,19.50982],[104.75902,19.50985],[104.75917,19.50986],[104.75956,19.50983],[104.75979,19.5098],[104.76011,19.50973],[104.7605,19.50961],[104.76146,19.50925],[104.76172,19.50911],[104.76196,19.50891],[104.76207,19.50882],[104.76213,19.50875],[104.76219,19.50867],[104.76226,19.50852],[104.76229,19.50839],[104.76552,19.50709],[104.77024,19.5091],[104.77085,19.50977],[104.7716,19.51153],[104.77183,19.51284],[104.77165,19.51308],[104.77146,19.51335],[104.7709,19.51438],[104.77085,19.51449],[104.77124,19.51804],[104.7716,19.52093],[104.77197,19.52219],[104.77247,19.5238],[104.77293,19.52412],[104.77707,19.52419],[104.78077,19.52587],[104.78409,19.52877],[104.78563,19.53094],[104.78844,19.53753],[104.78793,19.54203],[104.7855,19.54336],[104.78358,19.54583],[104.7825,19.54737],[104.78249,19.54739],[104.78249,19.54741],[104.78249,19.54748],[104.7825,19.54755],[104.78427,19.55882],[104.78439,19.55903],[104.78464,19.55955],[104.78472,19.55974],[104.78478,19.55993],[104.7851,19.56133],[104.78511,19.56155],[104.78481,19.56371],[104.78478,19.56377],[104.78462,19.56405],[104.78452,19.56418],[104.78442,19.56427],[104.78425,19.56431],[104.78411,19.56432],[104.77942,19.56445],[104.77628,19.56347],[104.77339,19.56207],[104.77327,19.56197],[104.77308,19.56186],[104.77286,19.56173],[104.77284,19.56172],[104.77269,19.5619],[104.77184,19.56295],[104.77079,19.56442],[104.76996,19.56606],[104.76995,19.56702],[104.77005,19.56782],[104.77019,19.56859],[104.77048,19.57003],[104.77052,19.57239],[104.77046,19.57337],[104.77022,19.57474],[104.7699,19.5757],[104.76983,19.57592],[104.76971,19.57616],[104.76956,19.57639],[104.76917,19.5769],[104.76833,19.57962],[104.7677,19.58324],[104.76716,19.5869],[104.76534,19.59194],[104.76523,19.59221],[104.7651,19.5924],[104.76492,19.59257],[104.76324,19.59354],[104.76046,19.59455],[104.75903,19.59515],[104.75778,19.59605],[104.7588,19.59835],[104.75951,19.60087],[104.75878,19.60248],[104.75702,19.60435],[104.75517,19.60613],[104.75443,19.60664],[104.75333,19.60768],[104.75308,19.60795],[104.75293,19.60811],[104.75261,19.60855],[104.75249,19.60885],[104.75245,19.60907],[104.75242,19.60937],[104.75243,19.60946],[104.75249,19.60967],[104.75259,19.60977],[104.75688,19.61288],[104.76652,19.61256],[104.77422,19.61192],[104.77684,19.60978],[104.77827,19.60784],[104.78422,19.60935],[104.79053,19.61259],[104.79148,19.61859],[104.7915,19.61882],[104.79152,19.61899],[104.79157,19.61917],[104.79176,19.61977],[104.79269,19.62015],[104.79375,19.62058],[104.79673,19.62164],[104.7971,19.62177],[104.79962,19.62217],[104.80124,19.6236],[104.80204,19.6248],[104.80427,19.6257],[104.80571,19.62775],[104.80363,19.63245],[104.80213,19.63529],[104.79595,19.63712],[104.79157,19.63508],[104.79148,19.63488],[104.79122,19.63485],[104.7891,19.63521],[104.78836,19.63598],[104.78819,19.63627],[104.78732,19.63829],[104.78711,19.63879],[104.78708,19.63898],[104.78709,19.63916],[104.78721,19.63967],[104.78733,19.64008],[104.78739,19.64034],[104.78739,19.64056],[104.7873,19.64091],[104.78722,19.64122],[104.78583,19.6454],[104.78573,19.64567],[104.78493,19.64746],[104.78453,19.6483],[104.78441,19.64853],[104.78423,19.64874],[104.78375,19.64912],[104.78268,19.64986],[104.78172,19.65055],[104.78112,19.65099],[104.78046,19.65177],[104.77881,19.6538],[104.77795,19.65568],[104.77783,19.65604],[104.77776,19.65647],[104.77774,19.65696],[104.77784,19.65733],[104.778,19.65769],[104.77684,19.66118],[104.77455,19.66332],[104.77332,19.66412],[104.77103,19.66531],[104.77089,19.66535],[104.77003,19.66559],[104.76965,19.66535],[104.76626,19.66584],[104.755,19.67382],[104.75294,19.6754],[104.75091,19.67734],[104.74892,19.68003],[104.74353,19.68359],[104.7424,19.68404],[104.74136,19.68473],[104.73915,19.68636],[104.73837,19.68712],[104.73766,19.6882],[104.73737,19.6892],[104.73619,19.6902],[104.7329,19.69176],[104.73271,19.69184],[104.73235,19.69192],[104.73094,19.69217],[104.71815,19.69787],[104.71292,19.69962],[104.7107,19.70508],[104.70609,19.7077],[104.70434,19.71094],[104.70204,19.71519],[104.69916,19.71767],[104.6959,19.72113],[104.69469,19.72325]]]},"properties":{"commune_code":"16756","commune_name":"Xã Tri Lễ","commune_kind":"XA","province_code":"40","province_name":"Tỉnh Nghệ An","area_km2":243.95,"valid_from":"16/6/2025","published":"13/07/2025","area_km2_geom":257.3189255188246,"quality_flag":null,"population":14432.0,"population_wp":13891.553053189069,"anchor_ratio":1.03890471747411,"pop_source":"WORLDPOP2025_ANCHORED_VNSDI","pop_density_ppkm2":56.08604175111171,"n_stations":0,"n_ports":0,"power_kw_site":0.0,"ports_per_10k_pop":0.0,"util_mean_port_weighted":null,"dist_station_m_pop_weighted":37051.72806357244}},{"type":"Feature","geometry":{"type":"Polygon","coordinates":[[[104.80401,19.62229],[104.80124,19.6236],[104.79962,19.62217],[104.7971,19.62177],[104.79673,19.62164],[104.79375,19.62058],[104.79269,19.62015],[104.79176,19.61977],[104.79157,19.61917],[104.79152,19.61899],[104.7915,19.61882],[104.79148,19.61859],[104.79053,19.61259],[104.78422,19.60935],[104.77827,19.60784],[104.77684,19.60978],[104.77422,19.61192],[104.76652,19.61256],[104.75688,19.61288],[104.75259,19.60977],[104.75249,19.60967],[104.75243,19.60946],[104.75242,19.60937],[104.75245,19.60907],[104.75249,19.60885],[104.75261,19.60855],[104.75293,19.60811],[104.75308,19.60795],[104.75333,19.60768],[104.75443,19.60664],[104.75517,19.60613],[104.75702,19.60435],[104.75878,19.60248],[104.75951,19.60087],[104.7588,19.59835],[104.75778,19.59605],[104.75903,19.59515],[104.76046,19.59455],[104.76324,19.59354],[104.76492,19.59257],[104.7651,19.5924],[104.76523,19.59221],[104.76534,19.59194],[104.76716,19.5869],[104.7677,19.58324],[104.76833,19.57962],[104.76917,19.5769],[104.76956,19.57639],[104.76971,19.57616],[104.76983,19.57592],[104.7699,19.5757],[104.77022,19.57474],[104.77046,19.57337],[104.77052,19.57239],[104.77048,19.57003],[104.77019,19.56859],[104.77005,19.56782],[104.76995,19.56702],[104.76996,19.56606],[104.77079,19.56442],[104.77184,19.56295],[104.77269,19.5619],[104.77284,19.56172],[104.77286,19.56173],[104.77308,19.56186],[104.77327,19.56197],[104.77339,19.56207],[104.77628,19.56347],[104.77942,19.56445],[104.78411,19.56432],[104.78425,19.56431],[104.78442,19.56427],[104.78452,19.56418],[104.78462,19.56405],[104.78478,19.56377],[104.78481,19.56371],[104.78511,19.56155],[104.7851,19.56133],[104.78478,19.55993],[104.78472,19.55974],[104.78464,19.55955],[104.78439,19.55903],[104.78427,19.55882],[104.7825,19.54755],[104.78249,19.54748],[104.78249,19.54741],[104.78249,19.54739],[104.7825,19.54737],[104.78358,19.54583],[104.7855,19.54336],[104.78793,19.54203],[104.78844,19.53753],[104.78563,19.53094],[104.78409,19.52877],[104.78077,19.52587],[104.77707,19.52419],[104.77293,19.52412],[104.77247,19.5238],[104.77197,19.52219],[104.7716,19.52093],[104.77124,19.51804],[104.77085,19.51449],[104.7709,19.51438],[104.77146,19.51335],[104.77165,19.51308],[104.77183,19.51284],[104.7716,19.51153],[104.77085,19.50977],[104.77024,19.5091],[104.76552,19.50709],[104.76229,19.50839],[104.76226,19.50852],[104.76219,19.50867],[104.76213,19.50875],[104.76207,19.50882],[104.76196,19.50891],[104.76172,19.50911],[104.76146,19.50925],[104.7605,19.50961],[104.76011,19.50973],[104.75979,19.5098],[104.75956,19.50983],[104.75917,19.50986],[104.75902,19.50985],[104.75885,19.50982],[104.75868,19.50978],[104.7582,19.50964],[104.75774,19.50946],[104.75758,19.50939],[104.75729,19.50923],[104.75517,19.50808],[104.75476,19.50786],[104.75361,19.507],[104.75209,19.50578],[104.75013,19.50422],[104.74399,19.49963],[104.7291,19.50038],[104.72832,19.501],[104.72691,19.50203],[104.71654,19.50426],[104.71029,19.50234],[104.70729,19.50392],[104.70553,19.50506],[104.70534,19.5052],[104.70514,19.50537],[104.7047,19.50576],[104.70454,19.50597],[104.70441,19.50614],[104.70423,19.50638],[104.7039,19.50692],[104.70373,19.50717],[104.70349,19.50748],[104.70314,19.50783],[104.70291,19.50799],[104.70233,19.50839],[104.7016,19.50884],[104.70123,19.50903],[104.70096,19.50912],[104.70023,19.50928],[104.69816,19.50957],[104.69832,19.50949],[104.69841,19.50933],[104.69841,19.50889],[104.69826,19.50693],[104.69772,19.50523],[104.69705,19.50368],[104.69551,19.50128],[104.69521,19.50067],[104.69486,19.49991],[104.69467,19.49944],[104.69451,19.49902],[104.6946,19.49891],[104.69476,19.49884],[104.69688,19.49812],[104.69786,19.4979],[104.70078,19.49569],[104.70173,19.4904],[104.70174,19.49016],[104.70137,19.48903],[104.7012,19.48879],[104.70062,19.48802],[104.7002,19.48769],[104.69954,19.48469],[104.70177,19.47896],[104.70444,19.47607],[104.70478,19.47591],[104.70509,19.47561],[104.70532,19.47528],[104.70605,19.47379],[104.70626,19.47322],[104.70694,19.47052],[104.70734,19.46856],[104.70722,19.46653],[104.70725,19.46541],[104.70737,19.464],[104.70776,19.46337],[104.70866,19.46244],[104.71012,19.46213],[104.715,19.46223],[104.71734,19.46082],[104.71776,19.46084],[104.71804,19.46083],[104.71841,19.46075],[104.71887,19.4606],[104.71957,19.46033],[104.72007,19.45997],[104.72468,19.4565],[104.7251,19.45603],[104.72533,19.45578],[104.72558,19.45565],[104.72697,19.45496],[104.72726,19.45486],[104.73816,19.45186],[104.74058,19.45177],[104.75187,19.4541],[104.75796,19.45535],[104.7591,19.45552],[104.75987,19.45512],[104.76137,19.454],[104.76674,19.44986],[104.77174,19.44522],[104.77334,19.44248],[104.7742,19.44072],[104.77619,19.43805],[104.78044,19.43327],[104.78147,19.43239],[104.78226,19.43221],[104.7835,19.43206],[104.78687,19.42997],[104.78815,19.42746],[104.78829,19.42732],[104.78874,19.42715],[104.79173,19.42656],[104.79244,19.42662],[104.79311,19.42696],[104.79619,19.42866],[104.79937,19.42665],[104.80203,19.42502],[104.8052,19.4243],[104.80799,19.42247],[104.81361,19.41866],[104.81574,19.41701],[104.81686,19.4156],[104.81796,19.41269],[104.82201,19.41546],[104.82541,19.41829],[104.82674,19.41895],[104.82969,19.41978],[104.83274,19.42031],[104.83508,19.42122],[104.83602,19.42176],[104.83805,19.42354],[104.83914,19.42443],[104.84012,19.42501],[104.84204,19.42576],[104.8437,19.42606],[104.84643,19.42607],[104.84981,19.42861],[104.8528,19.43111],[104.85371,19.43182],[104.8545,19.43206],[104.85522,19.43224],[104.85607,19.43226],[104.85686,19.43216],[104.8588,19.43172],[104.85946,19.4315],[104.86029,19.43136],[104.86258,19.43183],[104.8635,19.43233],[104.86503,19.43335],[104.86608,19.43405],[104.86716,19.43532],[104.86729,19.43596],[104.86908,19.4378],[104.87192,19.43976],[104.87489,19.44087],[104.87576,19.44085],[104.87792,19.4422],[104.88366,19.44664],[104.88601,19.45039],[104.88874,19.44975],[104.88979,19.44935],[104.89139,19.4485],[104.892,19.44846],[104.89479,19.44899],[104.8956,19.44933],[104.89591,19.44969],[104.89914,19.45393],[104.9025,19.45848],[104.90363,19.46231],[104.90678,19.47073],[104.90681,19.47078],[104.90701,19.47107],[104.90799,19.47167],[104.90878,19.47184],[104.9098,19.47186],[104.91118,19.47176],[104.91574,19.47369],[104.92151,19.47642],[104.9221,19.4767],[104.92301,19.4769],[104.92738,19.47785],[104.92884,19.47699],[104.92985,19.47568],[104.93241,19.47426],[104.93424,19.4739],[104.93818,19.47633],[104.94217,19.47891],[104.94782,19.48466],[104.94952,19.4867],[104.95163,19.49231],[104.95699,19.4996],[104.95886,19.50148],[104.95929,19.50191],[104.95971,19.50204],[104.9605,19.5021],[104.96393,19.50195],[104.96903,19.50401],[104.97452,19.50793],[104.97452,19.51061],[104.97523,19.51419],[104.97553,19.51501],[104.97593,19.51582],[104.97659,19.51625],[104.9773,19.51625],[104.97984,19.51779],[104.9812,19.52091],[104.98256,19.52435],[104.98305,19.52565],[104.98375,19.52676],[104.98436,19.52737],[104.98484,19.5276],[104.98557,19.52772],[104.98727,19.52757],[104.98887,19.52721],[104.98993,19.52715],[104.9922,19.52731],[104.99256,19.52756],[104.99345,19.52827],[104.99431,19.52973],[104.99431,19.53014],[104.9941,19.53133],[104.99347,19.53427],[104.99326,19.5349],[104.99277,19.53566],[104.99457,19.53843],[105.00004,19.54111],[105.00342,19.542],[105.0041,19.54205],[105.00423,19.54212],[105.0045,19.54229],[105.00544,19.54352],[105.00656,19.545],[105.00687,19.54553],[105.00691,19.54603],[105.00678,19.54681],[105.0063,19.54859],[105.0059,19.54946],[105.00499,19.55028],[105.00378,19.55131],[105.00327,19.55154],[105.00262,19.55152],[105.00139,19.55113],[105.00049,19.55077],[104.99808,19.55053],[104.99269,19.55113],[104.99259,19.55114],[104.99208,19.55139],[104.99154,19.55185],[104.98956,19.55377],[104.9889,19.5545],[104.98452,19.55962],[104.98174,19.56356],[104.97949,19.5656],[104.97956,19.5652],[104.97924,19.56463],[104.9786,19.56372],[104.9779,19.56318],[104.97687,19.56295],[104.97539,19.56245],[104.97451,19.56203],[104.97408,19.56156],[104.97405,19.56146],[104.9738,19.56059],[104.97377,19.56028],[104.97362,19.55861],[104.97363,19.55846],[104.97369,19.55754],[104.97274,19.55322],[104.97114,19.54806],[104.95807,19.53923],[104.95513,19.53733],[104.94702,19.53393],[104.94477,19.5341],[104.94271,19.53491],[104.94,19.53651],[104.93799,19.53771],[104.93188,19.53998],[104.93066,19.54076],[104.93075,19.54428],[104.93076,19.54444],[104.93103,19.54584],[104.93111,19.54605],[104.93127,19.54635],[104.93179,19.54717],[104.93226,19.54762],[104.93323,19.54941],[104.9339,19.55094],[104.93517,19.55481],[104.93329,19.55873],[104.93206,19.56089],[104.92924,19.56318],[104.92662,19.56405],[104.92331,19.56373],[104.92036,19.56342],[104.91723,19.56377],[104.9171,19.56379],[104.91704,19.5638],[104.91695,19.56382],[104.9168,19.56387],[104.91669,19.56394],[104.91651,19.56408],[104.91582,19.56465],[104.91529,19.56519],[104.91008,19.56497],[104.90033,19.56174],[104.89498,19.56045],[104.89483,19.56062],[104.89473,19.56072],[104.89448,19.56097],[104.89422,19.5612],[104.89411,19.56128],[104.89392,19.5614],[104.89363,19.56151],[104.89335,19.56158],[104.89308,19.56161],[104.89291,19.56161],[104.89258,19.56161],[104.89198,19.56154],[104.89188,19.56152],[104.89139,19.5614],[104.89128,19.56137],[104.89118,19.56132],[104.89111,19.56128],[104.89102,19.56121],[104.89094,19.56115],[104.89088,19.56109],[104.88866,19.55876],[104.88777,19.55619],[104.8874,19.55519],[104.88592,19.55312],[104.88377,19.55202],[104.87982,19.5469],[104.8787,19.54539],[104.87839,19.54487],[104.87805,19.54228],[104.87339,19.54103],[104.86313,19.54675],[104.8623,19.54773],[104.86101,19.54913],[104.86099,19.54915],[104.86061,19.54946],[104.86054,19.54951],[104.86038,19.54962],[104.86025,19.54967],[104.86017,19.5497],[104.85997,19.54974],[104.85726,19.55035],[104.85702,19.55036],[104.85675,19.55037],[104.85653,19.55034],[104.85644,19.55031],[104.85633,19.55024],[104.85626,19.55018],[104.85617,19.55012],[104.85597,19.54997],[104.85585,19.54991],[104.85563,19.54981],[104.85512,19.54965],[104.85475,19.54957],[104.85309,19.54921],[104.85212,19.54934],[104.85025,19.54989],[104.84922,19.55023],[104.84724,19.55127],[104.8469,19.55175],[104.84655,19.55376],[104.84654,19.55416],[104.84659,19.55439],[104.84836,19.56069],[104.85177,19.56635],[104.85291,19.56805],[104.85132,19.57259],[104.84893,19.57507],[104.84491,19.57645],[104.8447,19.5765],[104.84451,19.57649],[104.84362,19.57629],[104.84338,19.57623],[104.84275,19.57602],[104.84247,19.57593],[104.84236,19.57588],[104.84005,19.57442],[104.83755,19.57286],[104.83536,19.57239],[104.83111,19.57255],[104.83122,19.57453],[104.83242,19.5774],[104.83225,19.57986],[104.83211,19.5811],[104.83075,19.58296],[104.8298,19.58379],[104.82652,19.58535],[104.8277,19.58907],[104.82759,19.59418],[104.82692,19.60258],[104.82285,19.60879],[104.82108,19.61039],[104.8202,19.60932],[104.81931,19.60857],[104.81794,19.608],[104.81575,19.60753],[104.81374,19.60877],[104.81205,19.61083],[104.81186,19.61271],[104.81155,19.61403],[104.80534,19.62205],[104.80516,19.62222],[104.80505,19.62229],[104.80485,19.62232],[104.8046,19.62231],[104.80401,19.62229]]]},"properties":{"commune_code":"16774","commune_name":"Xã Mường Quàng","commune_kind":"XA","province_code":"40","province_name":"Tỉnh Nghệ An","area_km2":342.15,"valid_from":"16/6/2025","published":"13/07/2025","area_km2_geom":330.1833963977858,"quality_flag":null,"population":17917.0,"population_wp":14049.694701101631,"anchor_ratio":1.2752590274146764,"pop_source":"WORLDPOP2025_ANCHORED_VNSDI","pop_density_ppkm2":54.26378247807057,"n_stations":0,"n_ports":0,"power_kw_site":0.0,"ports_per_10k_pop":0.0,"util_mean_port_weighted":null,"dist_station_m_pop_weighted":21617.419113296684}},{"type":"Feature","geometry":{"type":"Polygon","coordinates":[[[105.18092,19.67931],[105.17566,19.68013],[105.17168,19.67996],[105.17192,19.67598],[105.17268,19.67214],[105.17301,19.66684],[105.17184,19.66571],[105.17139,19.66608],[105.17034,19.66674],[105.16987,19.66702],[105.16984,19.66703],[105.16958,19.66715],[105.16753,19.66801],[105.1657,19.66782],[105.16413,19.66761],[105.16404,19.66758],[105.1637,19.66733],[105.16361,19.66723],[105.15632,19.65641],[105.15375,19.65289],[105.15123,19.65118],[105.151,19.6512],[105.15076,19.65114],[105.14972,19.65077],[105.14956,19.6507],[105.14825,19.64991],[105.14718,19.64911],[105.14354,19.64551],[105.14072,19.64171],[105.14059,19.64084],[105.14039,19.63987],[105.13998,19.63813],[105.13993,19.63799],[105.13983,19.63785],[105.13331,19.63178],[105.12969,19.63183],[105.12733,19.63245],[105.12405,19.63325],[105.1238,19.63331],[105.12358,19.63332],[105.12328,19.6333],[105.11707,19.63296],[105.11321,19.63139],[105.10934,19.63431],[105.1093,19.6344],[105.10924,19.63441],[105.10903,19.63445],[105.10864,19.63449],[105.10585,19.63466],[105.10508,19.63468],[105.10387,19.63411],[105.10364,19.63399],[105.10351,19.63391],[105.10342,19.6338],[105.1022,19.63188],[105.10193,19.62976],[105.10154,19.62893],[105.09996,19.6275],[105.099,19.62683],[105.09871,19.62664],[105.09781,19.62752],[105.09643,19.62889],[105.09591,19.62929],[105.09097,19.62812],[105.08784,19.62579],[105.08637,19.62474],[105.08564,19.62435],[105.08539,19.62425],[105.08522,19.62424],[105.08502,19.62425],[105.08479,19.62427],[105.08459,19.62431],[105.08327,19.62474],[105.0802,19.62494],[105.07565,19.62488],[105.07456,19.62466],[105.07259,19.62322],[105.07161,19.62237],[105.0694,19.62046],[105.06838,19.61925],[105.06824,19.61814],[105.06711,19.61586],[105.06605,19.61483],[105.06575,19.61465],[105.06525,19.61449],[105.05728,19.61201],[105.05366,19.61076],[105.05342,19.60757],[105.05335,19.60641],[105.05345,19.60563],[105.05359,19.60538],[105.05421,19.60403],[105.05428,19.60384],[105.05426,19.60355],[105.05418,19.60293],[105.05398,19.60221],[105.05355,19.6013],[105.05341,19.60103],[105.05321,19.60063],[105.05284,19.59993],[105.05274,19.59987],[105.05022,19.59873],[105.04529,19.59682],[105.04375,19.59632],[105.04241,19.59626],[105.04008,19.59616],[105.03967,19.59615],[105.03934,19.59606],[105.03899,19.59596],[105.03869,19.5957],[105.0386,19.59551],[105.03851,19.59528],[105.03853,19.59483],[105.03875,19.59189],[105.03963,19.58625],[105.0412,19.58183],[105.04142,19.58124],[105.04164,19.5808],[105.04353,19.57835],[105.04431,19.57751],[105.04458,19.57733],[105.04468,19.5773],[105.04622,19.57722],[105.04724,19.57647],[105.04918,19.57418],[105.04927,19.57398],[105.04933,19.57356],[105.04933,19.5726],[105.04921,19.57047],[105.04901,19.56943],[105.04891,19.56911],[105.04791,19.56662],[105.05069,19.56319],[105.05491,19.55816],[105.05755,19.55536],[105.05851,19.5544],[105.05952,19.5532],[105.05965,19.55246],[105.05927,19.55117],[105.05767,19.54879],[105.05508,19.5464],[105.05099,19.54424],[105.05056,19.54424],[105.04976,19.54314],[105.04934,19.54248],[105.04922,19.5422],[105.04916,19.54191],[105.04898,19.53983],[105.04898,19.53966],[105.04903,19.53948],[105.0492,19.53905],[105.05122,19.53457],[105.05551,19.53274],[105.05651,19.53242],[105.05705,19.53207],[105.05964,19.53035],[105.05986,19.53019],[105.05992,19.53006],[105.05992,19.52988],[105.05853,19.52295],[105.05647,19.51893],[105.05713,19.51282],[105.05738,19.51152],[105.05807,19.51022],[105.05817,19.51018],[105.0585,19.51004],[105.05857,19.51001],[105.05862,19.51],[105.05905,19.50994],[105.0592,19.50995],[105.05945,19.51002],[105.06034,19.51036],[105.06411,19.50985],[105.06994,19.50495],[105.07582,19.50284],[105.08109,19.5],[105.08149,19.49992],[105.08187,19.49993],[105.08218,19.50007],[105.08226,19.50014],[105.08357,19.5019],[105.08431,19.50362],[105.08448,19.5042],[105.08453,19.50431],[105.08472,19.50445],[105.08597,19.50507],[105.08602,19.50509],[105.0863,19.50507],[105.08688,19.50494],[105.08736,19.50474],[105.08937,19.50345],[105.09074,19.50212],[105.09183,19.50082],[105.0934,19.49747],[105.09821,19.49495],[105.10462,19.49368],[105.10608,19.4931],[105.10871,19.49073],[105.10914,19.4903],[105.10915,19.49027],[105.10924,19.4901],[105.1099,19.48843],[105.1105,19.4864],[105.11169,19.48416],[105.11282,19.48253],[105.11443,19.48067],[105.11635,19.47874],[105.1179,19.47728],[105.11961,19.47701],[105.11987,19.47707],[105.12004,19.47707],[105.12021,19.47704],[105.12029,19.47696],[105.12038,19.47678],[105.12081,19.47597],[105.12089,19.47581],[105.12105,19.47543],[105.12109,19.47527],[105.12133,19.47414],[105.12137,19.47388],[105.12131,19.47358],[105.12114,19.47301],[105.12054,19.47096],[105.12451,19.47486],[105.12885,19.47413],[105.1289,19.47666],[105.12905,19.48407],[105.12965,19.48618],[105.13072,19.48788],[105.1323,19.49012],[105.13362,19.49234],[105.13385,19.4931],[105.13507,19.49854],[105.13628,19.50652],[105.13568,19.50783],[105.13535,19.50836],[105.13498,19.50883],[105.13416,19.51693],[105.13194,19.52292],[105.13011,19.52783],[105.12974,19.535],[105.12979,19.53548],[105.12995,19.53635],[105.13049,19.53831],[105.13171,19.53806],[105.13568,19.54207],[105.13579,19.54535],[105.13658,19.546],[105.14136,19.54454],[105.14357,19.54256],[105.14633,19.53716],[105.15266,19.53115],[105.15892,19.53074],[105.16354,19.53334],[105.16828,19.53312],[105.17117,19.5337],[105.17233,19.53436],[105.17284,19.53457],[105.17314,19.53464],[105.17342,19.53467],[105.17364,19.53467],[105.17396,19.53463],[105.17425,19.53454],[105.17643,19.53379],[105.17666,19.53371],[105.17762,19.53317],[105.17782,19.53288],[105.1781,19.53215],[105.17837,19.53163],[105.17841,19.53156],[105.17875,19.53131],[105.1789,19.53121],[105.17945,19.53091],[105.17986,19.53072],[105.18072,19.53048],[105.18181,19.53018],[105.18257,19.52999],[105.18282,19.52997],[105.18304,19.52999],[105.18345,19.5301],[105.18408,19.53029],[105.18516,19.5306],[105.18557,19.53073],[105.1859,19.5309],[105.18622,19.53122],[105.18633,19.53137],[105.18639,19.53162],[105.19202,19.53258],[105.204,19.5314],[105.20521,19.53092],[105.20543,19.53086],[105.20775,19.53016],[105.20936,19.52972],[105.2095,19.52972],[105.2097,19.52975],[105.21012,19.52994],[105.21156,19.53057],[105.21321,19.53161],[105.21437,19.53959],[105.2163,19.54562],[105.21833,19.54312],[105.2193,19.54146],[105.22209,19.53904],[105.22646,19.53653],[105.22893,19.53549],[105.23291,19.53051],[105.23306,19.52919],[105.23351,19.52822],[105.23486,19.52746],[105.23502,19.52744],[105.23628,19.52725],[105.23763,19.52746],[105.23876,19.52773],[105.24026,19.52773],[105.24409,19.52717],[105.24694,19.52648],[105.24904,19.52544],[105.24927,19.5252],[105.25024,19.52419],[105.25047,19.52343],[105.2501,19.52256],[105.25009,19.52254],[105.25002,19.52178],[105.25039,19.52095],[105.25196,19.51984],[105.25489,19.51866],[105.25894,19.51803],[105.26412,19.51854],[105.2661,19.51879],[105.27201,19.51943],[105.27289,19.51859],[105.27358,19.51793],[105.27066,19.52419],[105.26911,19.52705],[105.26907,19.52992],[105.27014,19.53355],[105.27027,19.53401],[105.27276,19.54538],[105.27265,19.54983],[105.27231,19.55104],[105.27201,19.55462],[105.2727,19.5584],[105.27271,19.55846],[105.27662,19.56174],[105.27818,19.56174],[105.27921,19.56242],[105.28092,19.56446],[105.28182,19.57046],[105.28183,19.57176],[105.28138,19.57401],[105.28065,19.57585],[105.27925,19.58117],[105.27574,19.58707],[105.27645,19.59031],[105.27995,19.59256],[105.28143,19.59473],[105.2814,19.59737],[105.28085,19.60071],[105.28029,19.60406],[105.27721,19.60634],[105.27393,19.60757],[105.27187,19.60994],[105.27183,19.61001],[105.27032,19.61232],[105.26968,19.61418],[105.26875,19.61685],[105.26639,19.62233],[105.26249,19.63066],[105.26093,19.63459],[105.25841,19.64097],[105.25707,19.64435],[105.25585,19.64583],[105.24921,19.65434],[105.24835,19.6555],[105.24752,19.65629],[105.24647,19.65694],[105.24509,19.65737],[105.24144,19.65586],[105.24107,19.65501],[105.23877,19.64993],[105.23573,19.64625],[105.23472,19.64623],[105.23269,19.64693],[105.22431,19.64945],[105.22422,19.64953],[105.21997,19.65275],[105.21537,19.65652],[105.21408,19.6579],[105.21049,19.66173],[105.20384,19.66585],[105.20086,19.66801],[105.19564,19.67181],[105.18711,19.67627],[105.18092,19.67931]]]},"properties":{"commune_code":"16777","commune_name":"Xã Quỳ Châu","commune_kind":"XA","province_code":"40","province_name":"Tỉnh Nghệ An","area_km2":327.53,"valid_from":"16/6/2025","published":"13/07/2025","area_km2_geom":327.0263432511821,"quality_flag":null,"population":23094.0,"population_wp":19884.54078681767,"anchor_ratio":1.161404743895822,"pop_source":"WORLDPOP2025_ANCHORED_VNSDI","pop_density_ppkm2":70.61816418337278,"n_stations":1,"n_ports":4,"power_kw_site":120.0,"ports_per_10k_pop":1.732051615138131,"util_mean_port_weighted":0.12285353535353535,"dist_station_m_pop_weighted":5319.400501925188}},{"type":"Feature","geometry":{"type":"Polygon","coordinates":[[[105.0858,19.74797],[105.08368,19.74901],[105.0835,19.74898],[105.08305,19.74877],[105.08222,19.74799],[105.07775,19.74286],[105.07683,19.74063],[105.07729,19.73859],[105.07745,19.73803],[105.07777,19.73762],[105.07828,19.73727],[105.0786,19.73698],[105.0787,19.73675],[105.07982,19.73362],[105.07996,19.73306],[105.07994,19.73287],[105.07989,19.7327],[105.07871,19.72932],[105.07856,19.72916],[105.07643,19.72752],[105.07613,19.72735],[105.07544,19.72723],[105.07293,19.72712],[105.07031,19.7265],[105.06962,19.72618],[105.06921,19.72585],[105.06898,19.72546],[105.06886,19.72513],[105.06879,19.72456],[105.06844,19.72217],[105.06375,19.71944],[105.06352,19.71937],[105.0632,19.71945],[105.0607,19.72185],[105.06012,19.72254],[105.05587,19.72409],[105.04983,19.72443],[105.04533,19.72314],[105.04462,19.72216],[105.04427,19.72178],[105.04316,19.72124],[105.04246,19.72113],[105.04188,19.72113],[105.04133,19.72118],[105.03453,19.7218],[105.03363,19.72195],[105.03286,19.72209],[105.03229,19.72239],[105.03179,19.72287],[105.03132,19.7232],[105.03084,19.72325],[105.03036,19.72321],[105.02829,19.72239],[105.02637,19.7203],[105.02486,19.71424],[105.02282,19.709],[105.02012,19.69604],[105.0199,19.69548],[105.01943,19.69505],[105.01875,19.69453],[105.01554,19.69303],[105.01537,19.69301],[105.01508,19.693],[105.01428,19.6932],[105.0133,19.69358],[105.00597,19.69644],[105.00135,19.6962],[104.99506,19.69122],[104.99495,19.68439],[104.99468,19.67914],[104.9929,19.67322],[104.99084,19.66985],[104.9902,19.66982],[104.99002,19.6696],[104.9899,19.6674],[104.9897,19.66359],[104.98963,19.66134],[104.98969,19.66115],[104.98985,19.66077],[104.98988,19.66071],[104.99102,19.65961],[104.99291,19.6583],[104.99438,19.6571],[104.9949,19.65662],[105.00141,19.65045],[105.00198,19.64963],[105.00204,19.64826],[105.00198,19.64722],[104.99954,19.64301],[104.99887,19.64208],[104.99796,19.64092],[104.9973,19.64008],[104.99559,19.63825],[104.99431,19.63699],[104.99336,19.63132],[104.99253,19.62346],[104.99172,19.62105],[104.99188,19.61973],[104.99245,19.61825],[104.99354,19.61708],[104.9936,19.61701],[104.9966,19.61499],[104.9999,19.61059],[105.00187,19.60509],[105.00595,19.60388],[105.00002,19.6004],[104.99881,19.59982],[104.99516,19.59954],[104.99391,19.5992],[104.99083,19.59815],[104.99008,19.59762],[104.99003,19.59676],[104.99048,19.59523],[104.99024,19.59173],[104.987,19.58815],[104.98609,19.58772],[104.98485,19.58762],[104.9844,19.58764],[104.97946,19.5879],[104.97638,19.58899],[104.97591,19.58951],[104.97557,19.58972],[104.9751,19.58972],[104.97438,19.58937],[104.97387,19.58876],[104.97355,19.58789],[104.97333,19.58731],[104.97312,19.58645],[104.97277,19.58504],[104.97265,19.58456],[104.97253,19.58371],[104.97228,19.58179],[104.97227,19.58174],[104.9721,19.58003],[104.97235,19.57961],[104.97271,19.57911],[104.97274,19.57908],[104.97378,19.57822],[104.97638,19.57605],[104.97674,19.57501],[104.97666,19.57445],[104.97635,19.57408],[104.9757,19.57331],[104.97443,19.57177],[104.9744,19.57169],[104.97418,19.57103],[104.97418,19.57033],[104.97439,19.56992],[104.97443,19.56986],[104.97574,19.56855],[104.97694,19.56751],[104.97949,19.5656],[104.98174,19.56356],[104.98452,19.55962],[104.9889,19.5545],[104.98956,19.55377],[104.99154,19.55185],[104.99208,19.55139],[104.99259,19.55114],[104.99269,19.55113],[104.99808,19.55053],[105.00049,19.55077],[105.00139,19.55113],[105.00262,19.55152],[105.00327,19.55154],[105.00378,19.55131],[105.00499,19.55028],[105.0059,19.54946],[105.0063,19.54859],[105.00678,19.54681],[105.00691,19.54603],[105.00687,19.54553],[105.00656,19.545],[105.00544,19.54352],[105.0045,19.54229],[105.00423,19.54212],[105.0041,19.54205],[105.00555,19.5402],[105.00557,19.54017],[105.00598,19.53992],[105.00677,19.53959],[105.00784,19.53922],[105.00879,19.53907],[105.00926,19.53909],[105.00988,19.53933],[105.01028,19.53955],[105.01793,19.5438],[105.02193,19.54839],[105.02396,19.55035],[105.02867,19.55068],[105.03026,19.55034],[105.03134,19.54998],[105.03563,19.54961],[105.04049,19.55036],[105.0429,19.55066],[105.04324,19.55061],[105.0436,19.55049],[105.04417,19.55022],[105.04973,19.54661],[105.05011,19.54626],[105.05068,19.5444],[105.05056,19.54424],[105.05099,19.54424],[105.05508,19.5464],[105.05767,19.54879],[105.05927,19.55117],[105.05965,19.55246],[105.05952,19.5532],[105.05851,19.5544],[105.05755,19.55536],[105.05491,19.55816],[105.05069,19.56319],[105.04791,19.56662],[105.04891,19.56911],[105.04901,19.56943],[105.04921,19.57047],[105.04933,19.5726],[105.04933,19.57356],[105.04927,19.57398],[105.04918,19.57418],[105.04724,19.57647],[105.04622,19.57722],[105.04468,19.5773],[105.04458,19.57733],[105.04431,19.57751],[105.04353,19.57835],[105.04164,19.5808],[105.04142,19.58124],[105.0412,19.58183],[105.03963,19.58625],[105.03875,19.59189],[105.03853,19.59483],[105.03851,19.59528],[105.0386,19.59551],[105.03869,19.5957],[105.03899,19.59596],[105.03934,19.59606],[105.03967,19.59615],[105.04008,19.59616],[105.04241,19.59626],[105.04375,19.59632],[105.04529,19.59682],[105.05022,19.59873],[105.05274,19.59987],[105.05284,19.59993],[105.05321,19.60063],[105.05341,19.60103],[105.05355,19.6013],[105.05398,19.60221],[105.05418,19.60293],[105.05426,19.60355],[105.05428,19.60384],[105.05421,19.60403],[105.05359,19.60538],[105.05345,19.60563],[105.05335,19.60641],[105.05342,19.60757],[105.05366,19.61076],[105.05728,19.61201],[105.06525,19.61449],[105.06575,19.61465],[105.06605,19.61483],[105.06711,19.61586],[105.06824,19.61814],[105.06838,19.61925],[105.0694,19.62046],[105.07161,19.62237],[105.07259,19.62322],[105.07456,19.62466],[105.07565,19.62488],[105.0802,19.62494],[105.08327,19.62474],[105.08459,19.62431],[105.08479,19.62427],[105.08502,19.62425],[105.08522,19.62424],[105.08539,19.62425],[105.08564,19.62435],[105.08637,19.62474],[105.08784,19.62579],[105.09097,19.62812],[105.09591,19.62929],[105.09643,19.62889],[105.09781,19.62752],[105.09871,19.62664],[105.099,19.62683],[105.09996,19.6275],[105.10154,19.62893],[105.10193,19.62976],[105.1022,19.63188],[105.10342,19.6338],[105.10351,19.63391],[105.10364,19.63399],[105.10387,19.63411],[105.10508,19.63468],[105.10585,19.63466],[105.10864,19.63449],[105.10903,19.63445],[105.10924,19.63441],[105.1093,19.6344],[105.10934,19.63431],[105.11321,19.63139],[105.11707,19.63296],[105.12328,19.6333],[105.12358,19.63332],[105.1238,19.63331],[105.12405,19.63325],[105.12733,19.63245],[105.12969,19.63183],[105.13331,19.63178],[105.13983,19.63785],[105.13993,19.63799],[105.13998,19.63813],[105.14039,19.63987],[105.14059,19.64084],[105.14072,19.64171],[105.14354,19.64551],[105.14718,19.64911],[105.14825,19.64991],[105.14956,19.6507],[105.14972,19.65077],[105.15076,19.65114],[105.151,19.6512],[105.15123,19.65118],[105.15375,19.65289],[105.15632,19.65641],[105.16361,19.66723],[105.1637,19.66733],[105.16404,19.66758],[105.16413,19.66761],[105.1657,19.66782],[105.16753,19.66801],[105.16958,19.66715],[105.16984,19.66703],[105.16987,19.66702],[105.17034,19.66674],[105.17139,19.66608],[105.17184,19.66571],[105.17301,19.66684],[105.17268,19.67214],[105.17192,19.67598],[105.17168,19.67996],[105.17566,19.68013],[105.17382,19.68042],[105.1672,19.68368],[105.16457,19.68676],[105.16388,19.69042],[105.16383,19.69288],[105.16393,19.69504],[105.16412,19.69758],[105.16397,19.69849],[105.16336,19.69898],[105.15989,19.70151],[105.15465,19.70693],[105.15414,19.70749],[105.15381,19.70784],[105.15358,19.70876],[105.15404,19.71009],[105.15565,19.71192],[105.1594,19.71493],[105.16093,19.71662],[105.16193,19.71901],[105.16232,19.72077],[105.16233,19.72134],[105.16212,19.72245],[105.16188,19.72276],[105.16083,19.72342],[105.15926,19.72397],[105.15866,19.72404],[105.15825,19.72393],[105.15808,19.72382],[105.15763,19.72351],[105.15715,19.72347],[105.15567,19.72336],[105.15531,19.7234],[105.15117,19.72722],[105.14902,19.73082],[105.14734,19.73251],[105.14489,19.73448],[105.14268,19.7361],[105.13579,19.74038],[105.13534,19.74541],[105.13529,19.74841],[105.13472,19.74618],[105.13328,19.74372],[105.12586,19.74275],[105.12182,19.74104],[105.12057,19.74073],[105.11991,19.74081],[105.11924,19.74098],[105.11871,19.74137],[105.11593,19.7437],[105.11291,19.74626],[105.11217,19.74705],[105.11105,19.7478],[105.1102,19.74818],[105.10945,19.74829],[105.10515,19.74763],[105.10429,19.74744],[105.09683,19.74684],[105.09659,19.74719],[105.09626,19.74737],[105.09545,19.7478],[105.09449,19.74815],[105.09382,19.74821],[105.08988,19.74854],[105.08785,19.74836],[105.0858,19.74797]]]},"properties":{"commune_code":"16792","commune_name":"Xã Châu Tiến","commune_kind":"XA","province_code":"40","province_name":"Tỉnh Nghệ An","area_km2":247.16,"valid_from":"16/6/2025","published":"13/07/2025","area_km2_geom":246.804415359682,"quality_flag":null,"population":18060.0,"population_wp":19274.566479042172,"anchor_ratio":0.9369860546351169,"pop_source":"WORLDPOP2025_ANCHORED_VNSDI","pop_density_ppkm2":73.17535212520467,"n_stations":0,"n_ports":0,"power_kw_site":0.0,"ports_per_10k_pop":0.0,"util_mean_port_weighted":null,"dist_station_m_pop_weighted":13396.6125279355}},{"type":"Feature","geometry":{"type":"Polygon","coordinates":[[[105.03026,19.55034],[105.02867,19.55068],[105.02396,19.55035],[105.02193,19.54839],[105.01793,19.5438],[105.01028,19.53955],[105.00988,19.53933],[105.00926,19.53909],[105.00879,19.53907],[105.00784,19.53922],[105.00677,19.53959],[105.00598,19.53992],[105.00557,19.54017],[105.00555,19.5402],[105.0041,19.54205],[105.00342,19.542],[105.00004,19.54111],[104.99457,19.53843],[104.99277,19.53566],[104.99326,19.5349],[104.99347,19.53427],[104.9941,19.53133],[104.99431,19.53014],[104.99431,19.52973],[104.99345,19.52827],[104.99256,19.52756],[104.9922,19.52731],[104.98993,19.52715],[104.98887,19.52721],[104.98727,19.52757],[104.98557,19.52772],[104.98484,19.5276],[104.98436,19.52737],[104.98375,19.52676],[104.98305,19.52565],[104.98256,19.52435],[104.9812,19.52091],[104.97984,19.51779],[104.9773,19.51625],[104.97659,19.51625],[104.97593,19.51582],[104.97553,19.51501],[104.97523,19.51419],[104.97452,19.51061],[104.97452,19.50793],[104.96903,19.50401],[104.96393,19.50195],[104.9605,19.5021],[104.95971,19.50204],[104.95929,19.50191],[104.95886,19.50148],[104.95699,19.4996],[104.95163,19.49231],[104.94952,19.4867],[104.94782,19.48466],[104.94217,19.47891],[104.93818,19.47633],[104.93424,19.4739],[104.93241,19.47426],[104.92985,19.47568],[104.92884,19.47699],[104.92738,19.47785],[104.92301,19.4769],[104.9221,19.4767],[104.92151,19.47642],[104.91574,19.47369],[104.91118,19.47176],[104.9098,19.47186],[104.90878,19.47184],[104.90799,19.47167],[104.90701,19.47107],[104.90681,19.47078],[104.90678,19.47073],[104.90363,19.46231],[104.9025,19.45848],[104.89914,19.45393],[104.89591,19.44969],[104.8956,19.44933],[104.89479,19.44899],[104.892,19.44846],[104.89139,19.4485],[104.88979,19.44935],[104.88874,19.44975],[104.88601,19.45039],[104.88366,19.44664],[104.87792,19.4422],[104.87576,19.44085],[104.87489,19.44087],[104.87192,19.43976],[104.86908,19.4378],[104.86729,19.43596],[104.86716,19.43532],[104.86608,19.43405],[104.86503,19.43335],[104.8635,19.43233],[104.86258,19.43183],[104.86029,19.43136],[104.85946,19.4315],[104.8588,19.43172],[104.85686,19.43216],[104.85607,19.43226],[104.85522,19.43224],[104.8545,19.43206],[104.85371,19.43182],[104.8528,19.43111],[104.84981,19.42861],[104.84643,19.42607],[104.8437,19.42606],[104.84204,19.42576],[104.84012,19.42501],[104.83914,19.42443],[104.83805,19.42354],[104.83602,19.42176],[104.83508,19.42122],[104.83274,19.42031],[104.82969,19.41978],[104.82674,19.41895],[104.82541,19.41829],[104.82201,19.41546],[104.81796,19.41269],[104.82014,19.41179],[104.82329,19.40996],[104.82736,19.40522],[104.82867,19.40328],[104.82946,19.40152],[104.83066,19.39899],[104.83298,19.3972],[104.83551,19.39548],[104.83618,19.39515],[104.83694,19.39513],[104.83806,19.39504],[104.83926,19.39494],[104.84303,19.39441],[104.8459,19.39287],[104.84707,19.39214],[104.84757,19.39144],[104.84908,19.38842],[104.84984,19.38579],[104.85042,19.38345],[104.85261,19.38115],[104.85539,19.38026],[104.85649,19.37953],[104.85751,19.37826],[104.86014,19.37438],[104.86203,19.37136],[104.86432,19.36877],[104.8687,19.36858],[104.87113,19.36865],[104.87235,19.36898],[104.87304,19.36889],[104.87423,19.36832],[104.87507,19.36766],[104.87899,19.36347],[104.88686,19.35496],[104.88902,19.35212],[104.89127,19.34826],[104.89182,19.34769],[104.89337,19.34641],[104.89473,19.34544],[104.89686,19.34441],[104.89774,19.34421],[104.90316,19.34311],[104.90884,19.34106],[104.91285,19.33888],[104.92883,19.32493],[104.93083,19.32349],[104.93179,19.32349],[104.93228,19.32355],[104.9326,19.32373],[104.93287,19.32398],[104.93329,19.32483],[104.93348,19.32554],[104.93362,19.32612],[104.93385,19.32659],[104.9343,19.32727],[104.93477,19.32785],[104.93672,19.32869],[104.93878,19.32953],[104.94138,19.3303],[104.94329,19.33057],[104.94488,19.33065],[104.94625,19.33059],[104.94739,19.33027],[104.94842,19.33011],[104.95087,19.33003],[104.95216,19.33013],[104.9527,19.33025],[104.95365,19.33084],[104.95516,19.33201],[104.96391,19.33955],[104.96658,19.34316],[104.96675,19.34396],[104.96695,19.34444],[104.96804,19.34592],[104.96866,19.34672],[104.97119,19.34896],[104.97248,19.34994],[104.97488,19.35142],[104.97652,19.35181],[104.97818,19.35169],[104.98108,19.35221],[104.98209,19.354],[104.98481,19.35949],[104.98469,19.36154],[104.98546,19.36243],[104.98758,19.36463],[104.98889,19.36554],[104.98957,19.36573],[104.99035,19.36626],[104.99183,19.36737],[104.99225,19.368],[104.99249,19.36851],[104.99252,19.36873],[104.99217,19.36962],[104.99213,19.37064],[104.99247,19.37156],[104.99613,19.37526],[104.99798,19.37703],[104.99939,19.37769],[105.00029,19.37802],[105.00186,19.37884],[105.00206,19.37898],[105.00215,19.37905],[105.00222,19.37911],[105.00226,19.37917],[105.00362,19.38102],[105.00397,19.38176],[105.00538,19.3868],[105.0054,19.38898],[105.00566,19.39056],[105.00619,19.39252],[105.00707,19.39388],[105.00844,19.39562],[105.00879,19.39651],[105.00904,19.40094],[105.00898,19.40178],[105.00877,19.40229],[105.00847,19.40273],[105.0084,19.40291],[105.00848,19.40319],[105.01221,19.40679],[105.01437,19.40798],[105.01593,19.40879],[105.01674,19.40933],[105.01744,19.41032],[105.01776,19.41109],[105.01768,19.4116],[105.01734,19.4122],[105.01612,19.41319],[105.01571,19.41399],[105.01572,19.41463],[105.01586,19.41521],[105.01782,19.41921],[105.01817,19.42164],[105.01771,19.42368],[105.01781,19.42723],[105.01796,19.42747],[105.01831,19.42752],[105.02351,19.42736],[105.02809,19.42711],[105.03107,19.42676],[105.03288,19.42682],[105.03386,19.42718],[105.03501,19.42786],[105.03719,19.43017],[105.03761,19.43091],[105.03885,19.43295],[105.04151,19.43609],[105.04241,19.43688],[105.04411,19.4383],[105.04511,19.43887],[105.05181,19.44227],[105.05229,19.44238],[105.05536,19.44206],[105.057,19.44187],[105.05819,19.44167],[105.05941,19.4404],[105.06078,19.43951],[105.06222,19.43871],[105.06441,19.438],[105.06573,19.43771],[105.07158,19.43741],[105.08432,19.44083],[105.09245,19.44273],[105.09914,19.44382],[105.10525,19.44617],[105.11061,19.44813],[105.11146,19.44822],[105.11225,19.44846],[105.11604,19.45049],[105.11648,19.45075],[105.11708,19.45167],[105.11906,19.4571],[105.11998,19.45988],[105.11946,19.46447],[105.11841,19.46973],[105.11837,19.47],[105.11861,19.47034],[105.1193,19.47076],[105.12054,19.47096],[105.12114,19.47301],[105.12131,19.47358],[105.12137,19.47388],[105.12133,19.47414],[105.12109,19.47527],[105.12105,19.47543],[105.12089,19.47581],[105.12081,19.47597],[105.12038,19.47678],[105.12029,19.47696],[105.12021,19.47704],[105.12004,19.47707],[105.11987,19.47707],[105.11961,19.47701],[105.1179,19.47728],[105.11635,19.47874],[105.11443,19.48067],[105.11282,19.48253],[105.11169,19.48416],[105.1105,19.4864],[105.1099,19.48843],[105.10924,19.4901],[105.10915,19.49027],[105.10914,19.4903],[105.10871,19.49073],[105.10608,19.4931],[105.10462,19.49368],[105.09821,19.49495],[105.0934,19.49747],[105.09183,19.50082],[105.09074,19.50212],[105.08937,19.50345],[105.08736,19.50474],[105.08688,19.50494],[105.0863,19.50507],[105.08602,19.50509],[105.08597,19.50507],[105.08472,19.50445],[105.08453,19.50431],[105.08448,19.5042],[105.08431,19.50362],[105.08357,19.5019],[105.08226,19.50014],[105.08218,19.50007],[105.08187,19.49993],[105.08149,19.49992],[105.08109,19.5],[105.07582,19.50284],[105.06994,19.50495],[105.06411,19.50985],[105.06034,19.51036],[105.05945,19.51002],[105.0592,19.50995],[105.05905,19.50994],[105.05862,19.51],[105.05857,19.51001],[105.0585,19.51004],[105.05817,19.51018],[105.05807,19.51022],[105.05738,19.51152],[105.05713,19.51282],[105.05647,19.51893],[105.05853,19.52295],[105.05992,19.52988],[105.05992,19.53006],[105.05986,19.53019],[105.05964,19.53035],[105.05705,19.53207],[105.05651,19.53242],[105.05551,19.53274],[105.05122,19.53457],[105.0492,19.53905],[105.04903,19.53948],[105.04898,19.53966],[105.04898,19.53983],[105.04916,19.54191],[105.04922,19.5422],[105.04934,19.54248],[105.04976,19.54314],[105.05056,19.54424],[105.05068,19.5444],[105.05011,19.54626],[105.04973,19.54661],[105.04417,19.55022],[105.0436,19.55049],[105.04324,19.55061],[105.0429,19.55066],[105.04049,19.55036],[105.03563,19.54961],[105.03134,19.54998],[105.03026,19.55034]]]},"properties":{"commune_code":"16801","commune_name":"Xã Hùng Chân","commune_kind":"XA","province_code":"40","province_name":"Tỉnh Nghệ An","area_km2":351.87,"valid_from":"16/6/2025","published":"13/07/2025","area_km2_geom":351.30974127049444,"quality_flag":null,"population":12664.0,"population_wp":12927.040853843093,"anchor_ratio":0.9796518896461217,"pop_source":"WORLDPOP2025_ANCHORED_VNSDI","pop_density_ppkm2":36.04796142060071,"n_stations":1,"n_ports":4,"power_kw_site":120.0,"ports_per_10k_pop":3.158559696778269,"util_mean_port_weighted":0.01917236142748671,"dist_station_m_pop_weighted":7975.7661457459935}},{"type":"Feature","geometry":{"type":"Polygon","coordinates":[[[105.14136,19.54454],[105.13658,19.546],[105.13579,19.54535],[105.13568,19.54207],[105.13171,19.53806],[105.13049,19.53831],[105.12995,19.53635],[105.12979,19.53548],[105.12974,19.535],[105.13011,19.52783],[105.13194,19.52292],[105.13416,19.51693],[105.13498,19.50883],[105.13535,19.50836],[105.13568,19.50783],[105.13628,19.50652],[105.13507,19.49854],[105.13385,19.4931],[105.13362,19.49234],[105.1323,19.49012],[105.13072,19.48788],[105.12965,19.48618],[105.12905,19.48407],[105.1289,19.47666],[105.12885,19.47413],[105.13133,19.474],[105.1342,19.47358],[105.13562,19.47322],[105.13649,19.47284],[105.13819,19.47101],[105.13863,19.46997],[105.13954,19.46555],[105.14138,19.4621],[105.15161,19.45309],[105.15274,19.45274],[105.15516,19.45136],[105.15708,19.44921],[105.15937,19.44627],[105.16021,19.44498],[105.16369,19.43973],[105.16937,19.43179],[105.1708,19.43003],[105.17235,19.42923],[105.17758,19.42743],[105.18001,19.42694],[105.18225,19.42671],[105.18689,19.42938],[105.18838,19.42936],[105.18915,19.42951],[105.19199,19.43126],[105.19278,19.43204],[105.1935,19.43296],[105.19353,19.43367],[105.19376,19.43519],[105.1952,19.43938],[105.19807,19.44659],[105.19857,19.44738],[105.20085,19.4496],[105.20454,19.45226],[105.20762,19.45379],[105.21159,19.45498],[105.21715,19.45976],[105.21748,19.46006],[105.21767,19.46059],[105.22049,19.47009],[105.22034,19.47076],[105.22048,19.47148],[105.22126,19.47247],[105.2218,19.47276],[105.2229,19.47287],[105.22599,19.47253],[105.22796,19.47213],[105.22956,19.4711],[105.23148,19.46975],[105.23396,19.46652],[105.23533,19.46413],[105.24184,19.46217],[105.24787,19.46561],[105.25323,19.4674],[105.25686,19.46911],[105.2571,19.47083],[105.25685,19.47206],[105.25687,19.4728],[105.25723,19.47414],[105.25867,19.47666],[105.25931,19.47751],[105.25999,19.47781],[105.26058,19.4779],[105.26117,19.47792],[105.26169,19.47765],[105.26669,19.4739],[105.26907,19.47175],[105.2716,19.4689],[105.27213,19.46773],[105.27278,19.46697],[105.27352,19.46633],[105.27623,19.46516],[105.27666,19.46509],[105.27693,19.46518],[105.27792,19.46639],[105.27909,19.46749],[105.27987,19.46781],[105.28072,19.46787],[105.28136,19.46778],[105.2821,19.46757],[105.28311,19.46669],[105.28599,19.46464],[105.28691,19.46409],[105.28763,19.46399],[105.28959,19.46446],[105.28995,19.46457],[105.29026,19.465],[105.29339,19.46872],[105.29478,19.47],[105.29341,19.47486],[105.29221,19.48004],[105.2905,19.48785],[105.28975,19.48993],[105.28848,19.49145],[105.28631,19.49263],[105.28443,19.49305],[105.28389,19.49308],[105.2818,19.49319],[105.28022,19.49295],[105.2791,19.49278],[105.27767,19.49271],[105.27707,19.49313],[105.27687,19.49369],[105.27677,19.49396],[105.27685,19.49527],[105.27776,19.49796],[105.27911,19.50107],[105.27926,19.50135],[105.27979,19.50231],[105.27987,19.5037],[105.27935,19.50494],[105.27837,19.50553],[105.27717,19.50626],[105.27552,19.50681],[105.27402,19.50681],[105.27267,19.50682],[105.27162,19.50737],[105.27146,19.50769],[105.27109,19.50841],[105.27109,19.50951],[105.27155,19.5109],[105.2725,19.51357],[105.2739,19.51643],[105.27358,19.51793],[105.27289,19.51859],[105.27201,19.51943],[105.2661,19.51879],[105.26412,19.51854],[105.25894,19.51803],[105.25489,19.51866],[105.25196,19.51984],[105.25039,19.52095],[105.25002,19.52178],[105.25009,19.52254],[105.2501,19.52256],[105.25047,19.52343],[105.25024,19.52419],[105.24927,19.5252],[105.24904,19.52544],[105.24694,19.52648],[105.24409,19.52717],[105.24026,19.52773],[105.23876,19.52773],[105.23763,19.52746],[105.23628,19.52725],[105.23502,19.52744],[105.23486,19.52746],[105.23351,19.52822],[105.23306,19.52919],[105.23291,19.53051],[105.22893,19.53549],[105.22646,19.53653],[105.22209,19.53904],[105.2193,19.54146],[105.21833,19.54312],[105.2163,19.54562],[105.21437,19.53959],[105.21321,19.53161],[105.21156,19.53057],[105.21012,19.52994],[105.2097,19.52975],[105.2095,19.52972],[105.20936,19.52972],[105.20775,19.53016],[105.20543,19.53086],[105.20521,19.53092],[105.204,19.5314],[105.19202,19.53258],[105.18639,19.53162],[105.18633,19.53137],[105.18622,19.53122],[105.1859,19.5309],[105.18557,19.53073],[105.18516,19.5306],[105.18408,19.53029],[105.18345,19.5301],[105.18304,19.52999],[105.18282,19.52997],[105.18257,19.52999],[105.18181,19.53018],[105.18072,19.53048],[105.17986,19.53072],[105.17945,19.53091],[105.1789,19.53121],[105.17875,19.53131],[105.17841,19.53156],[105.17837,19.53163],[105.1781,19.53215],[105.17782,19.53288],[105.17762,19.53317],[105.17666,19.53371],[105.17643,19.53379],[105.17425,19.53454],[105.17396,19.53463],[105.17364,19.53467],[105.17342,19.53467],[105.17314,19.53464],[105.17284,19.53457],[105.17233,19.53436],[105.17117,19.5337],[105.16828,19.53312],[105.16354,19.53334],[105.15892,19.53074],[105.15266,19.53115],[105.14633,19.53716],[105.14357,19.54256],[105.14136,19.54454]]]},"properties":{"commune_code":"16804","commune_name":"Xã Châu Bình","commune_kind":"XA","province_code":"40","province_name":"Tỉnh Nghệ An","area_km2":130.91,"valid_from":"16/6/2025","published":"13/07/2025","area_km2_geom":130.82314565353937,"quality_flag":null,"population":11038.0,"population_wp":7978.090128093958,"anchor_ratio":1.383539145682362,"pop_source":"WORLDPOP2025_ANCHORED_VNSDI","pop_density_ppkm2":84.3734489402363,"n_stations":0,"n_ports":0,"power_kw_site":0.0,"ports_per_10k_pop":0.0,"util_mean_port_weighted":null,"dist_station_m_pop_weighted":8636.35529736589}},{"type":"Feature","geometry":{"type":"Polygon","coordinates":[[[104.10772,19.42765],[104.10758,19.42772],[104.10757,19.42772],[104.10757,19.42771],[104.10757,19.42769],[104.10731,19.42573],[104.10729,19.42555],[104.10729,19.42545],[104.10731,19.42538],[104.10748,19.42487],[104.1076,19.42463],[104.10766,19.42452],[104.10817,19.42373],[104.10827,19.42362],[104.11038,19.42156],[104.11114,19.42097],[104.11122,19.42089],[104.11227,19.41927],[104.11234,19.41832],[104.11233,19.41814],[104.11228,19.41805],[104.11221,19.41798],[104.1116,19.41768],[104.11143,19.41761],[104.1097,19.41707],[104.10703,19.41829],[104.10086,19.41914],[104.09886,19.41932],[104.09871,19.41931],[104.09839,19.4193],[104.09763,19.41926],[104.09714,19.41912],[104.09559,19.4184],[104.09545,19.41828],[104.09534,19.41815],[104.09476,19.41741],[104.09148,19.41656],[104.09111,19.41647],[104.09075,19.41643],[104.08841,19.41621],[104.08797,19.41624],[104.08613,19.4164],[104.08566,19.41649],[104.08525,19.41658],[104.07611,19.41556],[104.07231,19.41531],[104.07063,19.41574],[104.069,19.41667],[104.06885,19.41672],[104.06743,19.41723],[104.06732,19.41726],[104.06728,19.41726],[104.06657,19.4172],[104.06537,19.4166],[104.06515,19.41657],[104.06442,19.41645],[104.06406,19.41639],[104.0633,19.41638],[104.06244,19.4166],[104.06057,19.4171],[104.05858,19.41763],[104.05503,19.41809],[104.05433,19.41818],[104.05419,19.41833],[104.05369,19.41885],[104.05335,19.41921],[104.05328,19.41942],[104.05277,19.42094],[104.05206,19.42307],[104.05188,19.42405],[104.05188,19.42406],[104.05171,19.42503],[104.05145,19.4256],[104.05089,19.42573],[104.04985,19.42558],[104.04936,19.4254],[104.04682,19.42381],[104.04509,19.42273],[104.04347,19.42137],[104.04002,19.42011],[104.03723,19.41963],[104.0365,19.41951],[104.03602,19.41914],[104.03488,19.41828],[104.03402,19.41707],[104.03311,19.41561],[104.0323,19.4153],[104.0321,19.41523],[104.03148,19.41499],[104.03102,19.41507],[104.02837,19.41553],[104.02828,19.41554],[104.02445,19.41606],[104.02418,19.41603],[104.0235,19.41598],[104.02342,19.41592],[104.02326,19.41579],[104.02304,19.41562],[104.02294,19.41555],[104.02291,19.41546],[104.02258,19.41448],[104.02455,19.41366],[104.02604,19.41228],[104.02753,19.41042],[104.02765,19.41023],[104.02777,19.40997],[104.02808,19.40854],[104.02941,19.4022],[104.02821,19.39797],[104.0284,19.39093],[104.02483,19.3899],[104.0202,19.38821],[104.01734,19.38632],[104.01544,19.38488],[104.01369,19.38262],[104.01269,19.38023],[104.01231,19.37759],[104.01169,19.37142],[104.01033,19.36305],[104.01017,19.36216],[104.0095,19.3585],[104.00924,19.35737],[104.00876,19.35531],[104.0082,19.35342],[104.00748,19.35088],[104.00668,19.34789],[104.00625,19.34543],[104.00601,19.34334],[104.00602,19.34303],[104.00602,19.34155],[104.00654,19.33994],[104.00749,19.33905],[104.00796,19.33866],[104.00856,19.33816],[104.01064,19.33775],[104.01323,19.3377],[104.01719,19.33778],[104.0216,19.33715],[104.02389,19.3364],[104.0252,19.33597],[104.02764,19.33448],[104.03055,19.33179],[104.0311,19.33124],[104.03322,19.33003],[104.03417,19.32962],[104.03441,19.32964],[104.03499,19.3297],[104.03602,19.33027],[104.04091,19.33317],[104.04227,19.33411],[104.04454,19.33524],[104.04962,19.33455],[104.05273,19.33197],[104.05257,19.33143],[104.05245,19.33087],[104.0522,19.32945],[104.05217,19.32916],[104.05231,19.32777],[104.05261,19.32614],[104.05336,19.32284],[104.05342,19.32263],[104.05446,19.32144],[104.05505,19.32104],[104.05608,19.3205],[104.05663,19.32032],[104.05695,19.32033],[104.05751,19.32034],[104.05827,19.32028],[104.05932,19.31992],[104.06042,19.31945],[104.06339,19.31796],[104.06462,19.31716],[104.06621,19.31587],[104.06706,19.31398],[104.06716,19.31353],[104.06713,19.31301],[104.06688,19.30929],[104.07086,19.3039],[104.077,19.30208],[104.08116,19.30187],[104.08675,19.29878],[104.08865,19.2962],[104.09236,19.29799],[104.09421,19.29892],[104.09767,19.30115],[104.0988,19.30294],[104.09876,19.30308],[104.09875,19.30319],[104.09883,19.30337],[104.09904,19.3036],[104.09956,19.3041],[104.10005,19.30442],[104.10006,19.30442],[104.10022,19.30447],[104.10033,19.30448],[104.10069,19.30441],[104.10172,19.30407],[104.10419,19.30323],[104.10644,19.30197],[104.11297,19.3011],[104.12446,19.30331],[104.12924,19.30434],[104.13455,19.3054],[104.14272,19.30547],[104.14517,19.30505],[104.14602,19.30491],[104.14635,19.30487],[104.14669,19.30486],[104.14734,19.30488],[104.1477,19.3049],[104.14832,19.30494],[104.14903,19.30502],[104.14943,19.30511],[104.15105,19.30552],[104.15154,19.30565],[104.15217,19.30598],[104.15218,19.30599],[104.15887,19.30825],[104.1617,19.30823],[104.16354,19.3083],[104.16397,19.30832],[104.16439,19.30841],[104.16591,19.30879],[104.16645,19.30937],[104.16825,19.31289],[104.16917,19.31587],[104.17055,19.32048],[104.17204,19.32716],[104.1743,19.33212],[104.17821,19.33509],[104.17868,19.33523],[104.17887,19.33533],[104.17913,19.33554],[104.18008,19.33632],[104.18054,19.33676],[104.18255,19.33865],[104.18277,19.33918],[104.18284,19.33951],[104.18284,19.33973],[104.17732,19.34633],[104.17174,19.34853],[104.16548,19.34883],[104.15952,19.35047],[104.15423,19.35273],[104.14338,19.35806],[104.14375,19.35887],[104.14388,19.35912],[104.14417,19.35952],[104.14461,19.36001],[104.14509,19.3605],[104.1455,19.36083],[104.14921,19.36511],[104.15146,19.36778],[104.15376,19.37064],[104.15663,19.37422],[104.15671,19.37449],[104.15686,19.37486],[104.15705,19.37522],[104.15729,19.37551],[104.1576,19.37577],[104.15804,19.37605],[104.15843,19.37628],[104.16054,19.37712],[104.16109,19.3773],[104.16289,19.37783],[104.16467,19.37832],[104.16486,19.37838],[104.16495,19.37847],[104.16525,19.37902],[104.16738,19.38414],[104.16799,19.38642],[104.16842,19.38819],[104.17068,19.39664],[104.17077,19.39687],[104.17089,19.3971],[104.17104,19.3973],[104.17323,19.40012],[104.17427,19.40129],[104.17555,19.40282],[104.17632,19.40383],[104.17654,19.40414],[104.1767,19.40439],[104.17679,19.40462],[104.17681,19.40484],[104.17684,19.40526],[104.17681,19.40579],[104.17667,19.40673],[104.17282,19.40841],[104.17047,19.40901],[104.169,19.40925],[104.16743,19.4095],[104.16719,19.40954],[104.16674,19.40957],[104.16654,19.40954],[104.16613,19.40947],[104.16596,19.40943],[104.16567,19.40932],[104.16537,19.40912],[104.16336,19.40827],[104.15999,19.40725],[104.15962,19.40721],[104.15599,19.40735],[104.15579,19.40736],[104.15546,19.40738],[104.15519,19.40742],[104.15404,19.40782],[104.15388,19.40793],[104.14793,19.4126],[104.15096,19.41527],[104.15126,19.41536],[104.15138,19.41559],[104.15138,19.41565],[104.1507,19.41636],[104.14854,19.41791],[104.14733,19.41792],[104.14586,19.41723],[104.14556,19.41708],[104.14356,19.41592],[104.14228,19.41517],[104.13684,19.41346],[104.13506,19.41354],[104.13285,19.41372],[104.12653,19.41639],[104.1251,19.41773],[104.12402,19.41926],[104.12052,19.42101],[104.11753,19.42154],[104.11654,19.42121],[104.11559,19.4208],[104.11443,19.42079],[104.11427,19.42081],[104.11403,19.4209],[104.11372,19.42109],[104.10914,19.42411],[104.1085,19.42464],[104.10772,19.42765]]]},"properties":{"commune_code":"16813","commune_name":"Xã Mường Xén","commune_kind":"XA","province_code":"40","province_name":"Tỉnh Nghệ An","area_km2":182.49,"valid_from":"16/6/2025","published":"13/07/2025","area_km2_geom":181.81785094941355,"quality_flag":null,"population":10396.0,"population_wp":9757.439675331116,"anchor_ratio":1.0654434304403952,"pop_source":"WORLDPOP2025_ANCHORED_VNSDI","pop_density_ppkm2":57.17810405146873,"n_stations":0,"n_ports":0,"power_kw_site":0.0,"ports_per_10k_pop":0.0,"util_mean_port_weighted":null,"dist_station_m_pop_weighted":52657.77187566326}},{"type":"Feature","geometry":{"type":"Polygon","coordinates":[[[104.24351,19.706],[104.23805,19.70724],[104.23623,19.70723],[104.23505,19.70706],[104.23299,19.70678],[104.23,19.70601],[104.22801,19.70555],[104.22627,19.70552],[104.22549,19.70551],[104.22169,19.70528],[104.21487,19.70393],[104.21275,19.70316],[104.21172,19.70272],[104.21001,19.70197],[104.20852,19.70102],[104.20783,19.70014],[104.21021,19.69937],[104.22045,19.69611],[104.23489,19.69155],[104.24965,19.68695],[104.2505,19.68166],[104.25027,19.68034],[104.26292,19.67134],[104.27072,19.66637],[104.27475,19.66393],[104.27491,19.66395],[104.27513,19.66394],[104.27651,19.66357],[104.27712,19.6634],[104.2777,19.66323],[104.27851,19.6628],[104.27886,19.66255],[104.27907,19.6624],[104.27921,19.66223],[104.27973,19.6616],[104.28031,19.66081],[104.28761,19.6495],[104.28761,19.64922],[104.28496,19.64373],[104.27994,19.63343],[104.27926,19.63224],[104.27894,19.63202],[104.27853,19.6319],[104.27731,19.63154],[104.27678,19.63152],[104.27518,19.63101],[104.27286,19.62922],[104.27238,19.62884],[104.2722,19.62866],[104.2719,19.62833],[104.27188,19.62829],[104.2719,19.62823],[104.27198,19.62809],[104.27207,19.62794],[104.2734,19.62595],[104.27611,19.6219],[104.28086,19.61472],[104.28352,19.61047],[104.28488,19.60894],[104.28539,19.60837],[104.2869,19.60822],[104.28849,19.60802],[104.28885,19.60789],[104.28906,19.60677],[104.28916,19.60612],[104.28918,19.60567],[104.28916,19.60524],[104.28913,19.60491],[104.2889,19.60357],[104.28851,19.60184],[104.28819,19.60071],[104.28802,19.60013],[104.29158,19.59462],[104.29749,19.58954],[104.30259,19.58366],[104.30346,19.58293],[104.30675,19.58305],[104.31751,19.58151],[104.32045,19.58113],[104.32087,19.58106],[104.32119,19.58091],[104.32132,19.58085],[104.3216,19.58068],[104.32181,19.58049],[104.32187,19.58041],[104.32201,19.58022],[104.3221,19.5801],[104.3222,19.57986],[104.32256,19.57899],[104.32262,19.57874],[104.32265,19.57859],[104.32269,19.57835],[104.3228,19.5774],[104.3227,19.57616],[104.32265,19.57575],[104.3226,19.57563],[104.32255,19.57556],[104.32237,19.57543],[104.32228,19.5754],[104.32216,19.57538],[104.31899,19.57129],[104.3187,19.57015],[104.32281,19.57014],[104.32879,19.56962],[104.33523,19.56839],[104.33789,19.56778],[104.34013,19.56652],[104.34631,19.56263],[104.35415,19.55671],[104.35751,19.55397],[104.36097,19.55046],[104.36494,19.54799],[104.37333,19.54664],[104.3738,19.5467],[104.37596,19.54717],[104.38183,19.54852],[104.38437,19.54993],[104.38598,19.55142],[104.38899,19.55307],[104.38943,19.5533],[104.39041,19.55378],[104.39448,19.55575],[104.39695,19.55778],[104.40301,19.56715],[104.40248,19.57168],[104.40241,19.57184],[104.4023,19.57236],[104.40228,19.57256],[104.40225,19.57277],[104.40228,19.57309],[104.4028,19.57474],[104.40344,19.57623],[104.40555,19.57971],[104.4041,19.58056],[104.40269,19.58134],[104.40216,19.58164],[104.4007,19.58227],[104.39972,19.58259],[104.39403,19.58339],[104.39369,19.58349],[104.39362,19.58447],[104.39334,19.59246],[104.3938,19.59612],[104.39577,19.59979],[104.39593,19.60015],[104.396,19.60031],[104.39591,19.60059],[104.39554,19.60098],[104.39467,19.60155],[104.39382,19.60207],[104.39279,19.60254],[104.39241,19.60266],[104.39197,19.60275],[104.38945,19.60455],[104.38341,19.60952],[104.38318,19.60975],[104.38199,19.61196],[104.38188,19.61244],[104.3821,19.61388],[104.38497,19.61838],[104.38516,19.61851],[104.38546,19.61854],[104.38568,19.61852],[104.38634,19.61818],[104.38824,19.61716],[104.38889,19.6167],[104.38965,19.61607],[104.39011,19.61561],[104.39082,19.61486],[104.39135,19.61423],[104.39181,19.61365],[104.3922,19.61317],[104.39318,19.61303],[104.39374,19.61303],[104.39416,19.61307],[104.39456,19.61318],[104.39477,19.61329],[104.39713,19.61462],[104.39776,19.61543],[104.39847,19.61633],[104.3989,19.61692],[104.39945,19.61753],[104.40077,19.6189],[104.40128,19.61935],[104.40185,19.6197],[104.40214,19.61979],[104.40253,19.6198],[104.40285,19.61975],[104.40331,19.61966],[104.40389,19.61949],[104.40429,19.61937],[104.40462,19.6192],[104.4051,19.61892],[104.40626,19.61802],[104.40713,19.61735],[104.40743,19.61722],[104.40778,19.61718],[104.40832,19.61718],[104.41041,19.61737],[104.41163,19.61758],[104.41355,19.618],[104.41413,19.6183],[104.41433,19.6185],[104.41469,19.61891],[104.41485,19.61913],[104.41499,19.61961],[104.41507,19.62],[104.4151,19.62044],[104.41511,19.62092],[104.41507,19.62178],[104.41506,19.62327],[104.41507,19.62358],[104.41514,19.62388],[104.41539,19.62434],[104.41617,19.62547],[104.41706,19.62661],[104.41735,19.62686],[104.41772,19.62718],[104.42019,19.62905],[104.42288,19.63106],[104.42501,19.63277],[104.42615,19.63697],[104.42797,19.64111],[104.42859,19.64215],[104.42885,19.64243],[104.43029,19.64319],[104.43308,19.64457],[104.43492,19.64493],[104.43704,19.64955],[104.43749,19.65325],[104.44079,19.65766],[104.44109,19.65791],[104.44163,19.65813],[104.44261,19.65849],[104.4433,19.65848],[104.44503,19.65838],[104.4447,19.65893],[104.44465,19.65941],[104.44463,19.65958],[104.44553,19.66156],[104.44753,19.66445],[104.44788,19.66651],[104.44798,19.66755],[104.44782,19.66913],[104.44738,19.67023],[104.44647,19.67147],[104.44464,19.67239],[104.44438,19.67252],[104.44174,19.6727],[104.43792,19.67263],[104.43112,19.67168],[104.42875,19.67188],[104.4268,19.67312],[104.42559,19.67477],[104.42533,19.67515],[104.42489,19.6759],[104.42282,19.67941],[104.42197,19.68216],[104.42218,19.68387],[104.42224,19.68408],[104.42254,19.68504],[104.42307,19.68671],[104.42329,19.6876],[104.42334,19.68781],[104.42334,19.68958],[104.42257,19.69096],[104.42159,19.69207],[104.4211,19.69319],[104.42117,19.69444],[104.42176,19.69615],[104.42184,19.69637],[104.42186,19.69644],[104.42199,19.69667],[104.42272,19.69823],[104.42295,19.70002],[104.42263,19.7012],[104.42037,19.70382],[104.41979,19.70436],[104.41879,19.7053],[104.41821,19.70585],[104.41584,19.70676],[104.4125,19.70662],[104.40924,19.70628],[104.40584,19.70528],[104.40536,19.70488],[104.40397,19.7037],[104.40314,19.7012],[104.40306,19.70056],[104.40287,19.69904],[104.40209,19.69821],[104.39974,19.69735],[104.3976,19.69725],[104.39557,19.69766],[104.39487,19.69795],[104.39405,19.69829],[104.39193,19.69902],[104.39129,19.69912],[104.38942,19.69935],[104.38845,19.69923],[104.38756,19.69889],[104.38625,19.69803],[104.38584,19.69773],[104.38455,19.69665],[104.3837,19.69614],[104.38222,19.69568],[104.38077,19.69543],[104.37986,19.6954],[104.3795,19.69541],[104.37873,19.6954],[104.37714,19.69553],[104.37586,19.69563],[104.3752,19.69572],[104.37478,19.69576],[104.37469,19.69576],[104.37419,19.69576],[104.37236,19.69567],[104.3703,19.69558],[104.36697,19.69452],[104.36444,19.69327],[104.3635,19.69256],[104.36184,19.69161],[104.36003,19.6918],[104.35709,19.69254],[104.35474,19.6927],[104.35169,19.69205],[104.35014,19.6915],[104.35014,19.6915],[104.34865,19.69084],[104.34841,19.6907],[104.34754,19.69024],[104.34537,19.68865],[104.34291,19.68627],[104.34261,19.68585],[104.34236,19.68516],[104.34229,19.68498],[104.34186,19.68221],[104.34178,19.68172],[104.34096,19.68026],[104.34036,19.67957],[104.33938,19.67845],[104.33874,19.67768],[104.33668,19.67576],[104.33434,19.67476],[104.33265,19.67404],[104.32375,19.66977],[104.32319,19.66946],[104.3228,19.66924],[104.3215,19.66844],[104.32019,19.66733],[104.32014,19.66739],[104.32005,19.66754],[104.31914,19.66896],[104.31872,19.6701],[104.31885,19.6722],[104.3193,19.67388],[104.3203,19.67577],[104.3217,19.67865],[104.32241,19.68035],[104.3228,19.68205],[104.3228,19.68315],[104.32249,19.6842],[104.32169,19.68563],[104.32059,19.68697],[104.31901,19.68818],[104.31669,19.69018],[104.31284,19.69289],[104.31254,19.6931],[104.30802,19.69592],[104.3054,19.69683],[104.30499,19.69698],[104.30352,19.69749],[104.30173,19.6976],[104.29995,19.69742],[104.29858,19.69709],[104.29541,19.69612],[104.29342,19.69556],[104.29212,19.69521],[104.28837,19.69416],[104.28353,19.69461],[104.28353,19.69461],[104.28018,19.69492],[104.2744,19.69589],[104.2744,19.69589],[104.27041,19.69657],[104.26778,19.69824],[104.2663,19.69993],[104.26588,19.70041],[104.26356,19.70199],[104.26177,19.70278],[104.25988,19.70297],[104.25494,19.70289],[104.25388,19.70304],[104.25322,19.70325],[104.2527,19.70356],[104.25221,19.70385],[104.25043,19.70478],[104.24888,19.70516],[104.24696,19.70545],[104.24351,19.706]]]},"properties":{"commune_code":"16816","commune_name":"Xã Mỹ Lý","commune_kind":"XA","province_code":"40","province_name":"Tỉnh Nghệ An","area_km2":211.03,"valid_from":"16/6/2025","published":"13/07/2025","area_km2_geom":210.84917268533025,"quality_flag":null,"population":5861.0,"population_wp":5560.374933123589,"anchor_ratio":1.0540656107712385,"pop_source":"WORLDPOP2025_ANCHORED_VNSDI","pop_density_ppkm2":27.79712116180277,"n_stations":0,"n_ports":0,"power_kw_site":0.0,"ports_per_10k_pop":0.0,"util_mean_port_weighted":null,"dist_station_m_pop_weighted":85426.27578224312}},{"type":"Feature","geometry":{"type":"Polygon","coordinates":[[[104.20783,19.70014],[104.20852,19.70102],[104.20627,19.6996],[104.20597,19.6994],[104.2052,19.69878],[104.20371,19.69674],[104.20144,19.69353],[104.20135,19.6934],[104.20105,19.69313],[104.19927,19.69265],[104.19871,19.69268],[104.19694,19.69298],[104.1966,19.69303],[104.19096,19.69404],[104.18831,19.69437],[104.18707,19.69452],[104.18581,19.69451],[104.1836,19.69402],[104.18322,19.69385],[104.18162,19.69311],[104.17935,19.69104],[104.17851,19.69027],[104.17765,19.68952],[104.17597,19.68892],[104.17481,19.68911],[104.17358,19.68983],[104.17229,19.69058],[104.16783,19.69423],[104.16775,19.69429],[104.16649,19.69535],[104.16533,19.69618],[104.16465,19.69648],[104.16386,19.69658],[104.16316,19.69649],[104.16225,19.69605],[104.16127,19.69554],[104.16068,19.69476],[104.16045,19.69435],[104.16045,19.69432],[104.15906,19.69112],[104.15885,19.69049],[104.15747,19.68525],[104.15711,19.68258],[104.15719,19.68029],[104.15719,19.67981],[104.15739,19.67696],[104.15754,19.67588],[104.15795,19.67301],[104.15792,19.67289],[104.16475,19.67047],[104.16867,19.66776],[104.16967,19.66555],[104.16871,19.66322],[104.1718,19.66096],[104.17517,19.66089],[104.17655,19.65661],[104.17674,19.65414],[104.17755,19.654],[104.17832,19.65395],[104.18346,19.65519],[104.18597,19.6543],[104.19185,19.65114],[104.19685,19.65054],[104.20228,19.65229],[104.20283,19.65246],[104.20495,19.65293],[104.20548,19.65299],[104.20584,19.6529],[104.20639,19.65265],[104.20681,19.65234],[104.20704,19.65202],[104.20816,19.65007],[104.20821,19.64991],[104.20821,19.64982],[104.20818,19.64959],[104.20798,19.64856],[104.20794,19.64836],[104.20861,19.64313],[104.211,19.63806],[104.21155,19.63664],[104.21031,19.63504],[104.20994,19.63455],[104.20974,19.63426],[104.20959,19.63394],[104.20859,19.6315],[104.20849,19.6312],[104.20814,19.63],[104.20808,19.62956],[104.20805,19.62914],[104.20797,19.62742],[104.20812,19.62647],[104.20969,19.62527],[104.21358,19.62239],[104.21742,19.62041],[104.22081,19.61907],[104.22534,19.61553],[104.2298,19.6108],[104.23345,19.60774],[104.23899,19.60343],[104.23887,19.60085],[104.2377,19.60027],[104.23618,19.59898],[104.23519,19.5978],[104.2349,19.59739],[104.23438,19.59613],[104.2325,19.58966],[104.23244,19.58933],[104.23243,19.58901],[104.23247,19.58855],[104.23257,19.58792],[104.23275,19.58696],[104.2332,19.58594],[104.2333,19.58578],[104.2334,19.5857],[104.23203,19.58121],[104.23121,19.58058],[104.23018,19.57615],[104.23026,19.57613],[104.23867,19.57346],[104.24289,19.57167],[104.2472,19.569],[104.24733,19.56893],[104.24769,19.5688],[104.24799,19.56876],[104.25338,19.56851],[104.25698,19.56877],[104.25881,19.56934],[104.2651,19.57022],[104.26728,19.56687],[104.27258,19.56796],[104.28019,19.56793],[104.2813,19.56732],[104.28264,19.56672],[104.28366,19.56643],[104.28786,19.56685],[104.28982,19.56749],[104.29188,19.56825],[104.29741,19.57172],[104.29831,19.5734],[104.29729,19.57634],[104.29862,19.57888],[104.30184,19.58308],[104.30202,19.5833],[104.30218,19.58343],[104.30235,19.58355],[104.30243,19.58359],[104.30259,19.58366],[104.29749,19.58954],[104.29158,19.59462],[104.28802,19.60013],[104.28819,19.60071],[104.28851,19.60184],[104.2889,19.60357],[104.28913,19.60491],[104.28916,19.60524],[104.28918,19.60567],[104.28916,19.60612],[104.28906,19.60677],[104.28885,19.60789],[104.28849,19.60802],[104.2869,19.60822],[104.28539,19.60837],[104.28488,19.60894],[104.28352,19.61047],[104.28086,19.61472],[104.27611,19.6219],[104.2734,19.62595],[104.27207,19.62794],[104.27198,19.62809],[104.2719,19.62823],[104.27188,19.62829],[104.2719,19.62833],[104.2722,19.62866],[104.27238,19.62884],[104.27286,19.62922],[104.27518,19.63101],[104.27678,19.63152],[104.27731,19.63154],[104.27853,19.6319],[104.27894,19.63202],[104.27926,19.63224],[104.27994,19.63343],[104.28496,19.64373],[104.28761,19.64922],[104.28761,19.6495],[104.28031,19.66081],[104.27973,19.6616],[104.27921,19.66223],[104.27907,19.6624],[104.27886,19.66255],[104.27851,19.6628],[104.2777,19.66323],[104.27712,19.6634],[104.27651,19.66357],[104.27513,19.66394],[104.27491,19.66395],[104.27475,19.66393],[104.27072,19.66637],[104.26292,19.67134],[104.25027,19.68034],[104.2505,19.68166],[104.24965,19.68695],[104.23489,19.69155],[104.22045,19.69611],[104.21021,19.69937],[104.20783,19.70014]]]},"properties":{"commune_code":"16819","commune_name":"Xã Bắc Lý","commune_kind":"XA","province_code":"40","province_name":"Tỉnh Nghệ An","area_km2":109.17,"valid_from":"16/6/2025","published":"13/07/2025","area_km2_geom":109.04502187032008,"quality_flag":null,"population":5552.000000000001,"population_wp":5056.985502123833,"anchor_ratio":1.0978872685453165,"pop_source":"WORLDPOP2025_ANCHORED_VNSDI","pop_density_ppkm2":50.91474974990258,"n_stations":0,"n_ports":0,"power_kw_site":0.0,"ports_per_10k_pop":0.0,"util_mean_port_weighted":null,"dist_station_m_pop_weighted":84263.9745121464}},{"type":"Feature","geometry":{"type":"Polygon","coordinates":[[[104.07523,19.68085],[104.07433,19.68113],[104.07197,19.68092],[104.07106,19.68016],[104.071,19.67788],[104.07135,19.67694],[104.07202,19.67513],[104.07225,19.67357],[104.07219,19.67307],[104.07204,19.67163],[104.07111,19.66802],[104.07044,19.66603],[104.07008,19.66524],[104.06898,19.66305],[104.06865,19.6624],[104.06836,19.66195],[104.06724,19.66016],[104.06724,19.66016],[104.06617,19.65889],[104.06596,19.65873],[104.06517,19.65814],[104.06409,19.65751],[104.06359,19.65722],[104.06196,19.65611],[104.06142,19.65566],[104.0614,19.65564],[104.05767,19.65216],[104.05754,19.65195],[104.05753,19.65178],[104.05752,19.65165],[104.05754,19.65099],[104.05808,19.64969],[104.0582,19.64939],[104.05852,19.64861],[104.0589,19.64769],[104.05955,19.64662],[104.0601,19.64603],[104.06082,19.64565],[104.06181,19.64545],[104.06215,19.64533],[104.06489,19.64376],[104.06701,19.64188],[104.06837,19.639],[104.06886,19.63766],[104.06923,19.63589],[104.06917,19.63548],[104.06811,19.63393],[104.06808,19.63389],[104.06518,19.63143],[104.06379,19.62905],[104.06226,19.62609],[104.06207,19.62544],[104.06195,19.62497],[104.06129,19.62154],[104.06113,19.62052],[104.06118,19.61947],[104.06145,19.6187],[104.06242,19.61723],[104.06246,19.61712],[104.06257,19.61687],[104.06388,19.61398],[104.06611,19.61084],[104.06829,19.60861],[104.07039,19.60647],[104.07365,19.6018],[104.07376,19.60161],[104.07603,19.59759],[104.08002,19.59145],[104.08189,19.58858],[104.08387,19.58554],[104.08747,19.58132],[104.09,19.58018],[104.09322,19.57887],[104.09361,19.57872],[104.09697,19.57705],[104.09944,19.57552],[104.10076,19.57458],[104.10493,19.57159],[104.1066,19.57043],[104.10682,19.57027],[104.10711,19.57002],[104.10748,19.56969],[104.10788,19.56933],[104.10817,19.56933],[104.10876,19.56938],[104.10923,19.56944],[104.11241,19.57001],[104.11402,19.57057],[104.11435,19.57098],[104.11455,19.57109],[104.11472,19.57115],[104.11507,19.5712],[104.11682,19.57143],[104.12146,19.57141],[104.12456,19.57139],[104.12563,19.57129],[104.12575,19.57124],[104.12598,19.57109],[104.12633,19.57075],[104.12673,19.57038],[104.127,19.57005],[104.12724,19.56985],[104.12833,19.56931],[104.129,19.56905],[104.12946,19.56892],[104.12987,19.5688],[104.13003,19.56877],[104.13012,19.56877],[104.13017,19.5688],[104.13025,19.56883],[104.13037,19.56889],[104.13055,19.56903],[104.13098,19.56941],[104.13512,19.57334],[104.1364,19.57495],[104.13635,19.57532],[104.13636,19.57548],[104.13639,19.5758],[104.13644,19.57616],[104.13669,19.57817],[104.13676,19.57857],[104.13687,19.57917],[104.13699,19.57945],[104.13718,19.57966],[104.13746,19.5799],[104.13768,19.58002],[104.13895,19.58065],[104.13943,19.58085],[104.13988,19.58103],[104.1484,19.5841],[104.14979,19.58446],[104.15197,19.58348],[104.15669,19.58368],[104.15914,19.58395],[104.16757,19.58625],[104.16777,19.58648],[104.1678,19.58651],[104.16788,19.58681],[104.16789,19.58685],[104.1679,19.58699],[104.1679,19.58712],[104.16782,19.58772],[104.16768,19.5882],[104.16601,19.59248],[104.1658,19.59286],[104.16569,19.59301],[104.16419,19.59488],[104.16385,19.59528],[104.16332,19.59577],[104.16309,19.59593],[104.16253,19.59616],[104.16246,19.59618],[104.16208,19.59628],[104.16189,19.59631],[104.15992,19.59709],[104.15652,19.60002],[104.15469,19.60173],[104.15359,19.60692],[104.15227,19.61203],[104.15021,19.61753],[104.14594,19.61971],[104.14484,19.62112],[104.14508,19.62573],[104.14509,19.62579],[104.14516,19.62601],[104.1452,19.62614],[104.14535,19.62639],[104.14567,19.62695],[104.14584,19.62724],[104.14595,19.62734],[104.14638,19.6275],[104.14976,19.6288],[104.16173,19.63322],[104.17042,19.63643],[104.17585,19.63953],[104.18508,19.64249],[104.18609,19.64284],[104.18622,19.64508],[104.18619,19.64647],[104.18543,19.64839],[104.18527,19.6487],[104.18505,19.64912],[104.1849,19.64934],[104.18475,19.64951],[104.18464,19.64959],[104.18416,19.64981],[104.1837,19.64998],[104.18356,19.65002],[104.18231,19.65006],[104.18218,19.65004],[104.17861,19.65006],[104.17819,19.65011],[104.17745,19.65028],[104.17721,19.65037],[104.17398,19.6522],[104.17543,19.65346],[104.17674,19.65414],[104.17655,19.65661],[104.17517,19.66089],[104.1718,19.66096],[104.16871,19.66322],[104.16967,19.66555],[104.16867,19.66776],[104.16475,19.67047],[104.15792,19.67289],[104.15759,19.67142],[104.15618,19.66959],[104.15454,19.66797],[104.15261,19.66672],[104.15057,19.66574],[104.15027,19.66568],[104.14592,19.66466],[104.14292,19.66356],[104.14274,19.66346],[104.14135,19.66292],[104.13892,19.66204],[104.13863,19.66193],[104.13506,19.66133],[104.13373,19.66152],[104.13179,19.66238],[104.13143,19.66241],[104.13077,19.66247],[104.12773,19.66223],[104.12366,19.66155],[104.12241,19.66136],[104.11994,19.66064],[104.118,19.66033],[104.11157,19.66011],[104.11151,19.66011],[104.11006,19.66018],[104.10796,19.66056],[104.10724,19.661],[104.10601,19.66243],[104.10554,19.66288],[104.10501,19.66309],[104.10036,19.66451],[104.0972,19.66539],[104.09693,19.66544],[104.09589,19.66539],[104.09409,19.66513],[104.09346,19.66514],[104.09273,19.66545],[104.09131,19.66662],[104.08847,19.66897],[104.08638,19.67082],[104.08528,19.67233],[104.08349,19.6744],[104.08289,19.67522],[104.08229,19.67563],[104.07744,19.67948],[104.07719,19.67968],[104.0757,19.68063],[104.07523,19.68085]]]},"properties":{"commune_code":"16822","commune_name":"Xã Keng Đu","commune_kind":"XA","province_code":"40","province_name":"Tỉnh Nghệ An","area_km2":98.24,"valid_from":"16/6/2025","published":"13/07/2025","area_km2_geom":98.24011526309137,"quality_flag":null,"population":5098.0,"population_wp":4666.183258377016,"anchor_ratio":1.092541745086364,"pop_source":"WORLDPOP2025_ANCHORED_VNSDI","pop_density_ppkm2":51.89326159021018,"n_stations":0,"n_ports":0,"power_kw_site":0.0,"ports_per_10k_pop":0.0,"util_mean_port_weighted":null,"dist_station_m_pop_weighted":114121.25652169368}},{"type":"Feature","geometry":{"type":"Polygon","coordinates":[[[104.30346,19.58293],[104.30259,19.58366],[104.30243,19.58359],[104.30235,19.58355],[104.30218,19.58343],[104.30202,19.5833],[104.30184,19.58308],[104.29862,19.57888],[104.29729,19.57634],[104.29831,19.5734],[104.29741,19.57172],[104.29188,19.56825],[104.28982,19.56749],[104.28786,19.56685],[104.28366,19.56643],[104.28264,19.56672],[104.2813,19.56732],[104.28019,19.56793],[104.27258,19.56796],[104.26728,19.56687],[104.2651,19.57022],[104.25881,19.56934],[104.25698,19.56877],[104.25338,19.56851],[104.24799,19.56876],[104.24769,19.5688],[104.24733,19.56893],[104.2472,19.569],[104.24289,19.57167],[104.23867,19.57346],[104.23026,19.57613],[104.23018,19.57615],[104.22998,19.57547],[104.22991,19.57524],[104.22977,19.57497],[104.2282,19.57201],[104.22613,19.56987],[104.22406,19.56813],[104.22287,19.56735],[104.22166,19.5667],[104.21625,19.5626],[104.21611,19.56243],[104.21546,19.56147],[104.21561,19.56037],[104.21567,19.55942],[104.21491,19.55865],[104.21391,19.55797],[104.2122,19.55758],[104.21095,19.55762],[104.21068,19.55762],[104.20891,19.55568],[104.20988,19.55185],[104.21146,19.5503],[104.22091,19.54636],[104.22395,19.54527],[104.22761,19.54457],[104.22898,19.54341],[104.23036,19.54155],[104.23055,19.54103],[104.23064,19.54062],[104.23067,19.54013],[104.23068,19.54],[104.22992,19.5384],[104.22796,19.53151],[104.22809,19.52639],[104.2281,19.52156],[104.22809,19.52071],[104.22808,19.5204],[104.22802,19.52015],[104.22799,19.52006],[104.22795,19.52],[104.22753,19.5196],[104.22664,19.5191],[104.21905,19.51506],[104.21852,19.51482],[104.21837,19.51476],[104.21592,19.51394],[104.20937,19.51454],[104.20584,19.51549],[104.19687,19.51596],[104.19678,19.51595],[104.19668,19.51591],[104.1893,19.51187],[104.18904,19.51171],[104.18331,19.50697],[104.18014,19.49927],[104.18037,19.49827],[104.18329,19.49321],[104.18431,19.4917],[104.18682,19.49017],[104.19362,19.48879],[104.19904,19.48705],[104.20207,19.48492],[104.20926,19.48475],[104.21429,19.48541],[104.21453,19.48562],[104.21472,19.48576],[104.21516,19.48589],[104.21562,19.48596],[104.21602,19.48601],[104.21631,19.48602],[104.21651,19.48599],[104.21679,19.48593],[104.2169,19.48587],[104.21699,19.48571],[104.21753,19.48473],[104.21906,19.48181],[104.21908,19.48169],[104.21929,19.48049],[104.21925,19.47833],[104.21898,19.47722],[104.21962,19.47519],[104.22123,19.47068],[104.22357,19.46752],[104.22926,19.46247],[104.23424,19.4611],[104.24128,19.46242],[104.24252,19.46323],[104.2439,19.46604],[104.24401,19.46661],[104.24411,19.46706],[104.24434,19.46762],[104.24524,19.46938],[104.24547,19.46981],[104.24599,19.47056],[104.24663,19.47137],[104.25004,19.47509],[104.25032,19.47532],[104.25141,19.4759],[104.2517,19.47604],[104.25187,19.47611],[104.253,19.47659],[104.25624,19.47788],[104.25864,19.47879],[104.26406,19.48314],[104.2635,19.48445],[104.26278,19.48815],[104.26241,19.49016],[104.26293,19.49066],[104.26365,19.49116],[104.26387,19.49125],[104.26694,19.49221],[104.27237,19.49415],[104.27985,19.50127],[104.2841,19.50656],[104.28464,19.50796],[104.2859,19.50888],[104.28756,19.50959],[104.28959,19.51018],[104.29031,19.50998],[104.2927,19.50834],[104.2945,19.50589],[104.29581,19.50423],[104.29678,19.50385],[104.29875,19.50453],[104.30353,19.50527],[104.30503,19.50543],[104.30523,19.50545],[104.3054,19.50544],[104.30616,19.50536],[104.30658,19.50528],[104.30706,19.50518],[104.3106,19.50442],[104.31288,19.50362],[104.31379,19.50311],[104.31714,19.5086],[104.32128,19.51569],[104.32139,19.51717],[104.3216,19.51925],[104.32286,19.52145],[104.32369,19.52271],[104.32779,19.52723],[104.32956,19.52832],[104.33179,19.52961],[104.33212,19.53075],[104.33144,19.53275],[104.33135,19.53301],[104.33102,19.5334],[104.32958,19.53459],[104.32398,19.54031],[104.32151,19.54291],[104.32038,19.54734],[104.32007,19.54941],[104.32,19.55009],[104.32,19.55035],[104.32002,19.55042],[104.32031,19.55124],[104.32042,19.55142],[104.32195,19.55286],[104.32344,19.5543],[104.32362,19.55449],[104.32362,19.55458],[104.32358,19.55473],[104.32323,19.55541],[104.3228,19.55602],[104.31975,19.55941],[104.31771,19.5591],[104.31379,19.55915],[104.30791,19.56188],[104.30802,19.56405],[104.31122,19.56807],[104.31624,19.56949],[104.3187,19.57015],[104.31899,19.57129],[104.32216,19.57538],[104.32228,19.5754],[104.32237,19.57543],[104.32255,19.57556],[104.3226,19.57563],[104.32265,19.57575],[104.3227,19.57616],[104.3228,19.5774],[104.32269,19.57835],[104.32265,19.57859],[104.32262,19.57874],[104.32256,19.57899],[104.3222,19.57986],[104.3221,19.5801],[104.32201,19.58022],[104.32187,19.58041],[104.32181,19.58049],[104.3216,19.58068],[104.32132,19.58085],[104.32119,19.58091],[104.32087,19.58106],[104.32045,19.58113],[104.31751,19.58151],[104.30675,19.58305],[104.30346,19.58293]]]},"properties":{"commune_code":"16828","commune_name":"Xã Huồi Tụ","commune_kind":"XA","province_code":"40","province_name":"Tỉnh Nghệ An","area_km2":109.03,"valid_from":"16/6/2025","published":"13/07/2025","area_km2_geom":108.89131133528626,"quality_flag":null,"population":5177.0,"population_wp":5110.486542522907,"anchor_ratio":1.0130150929708264,"pop_source":"WORLDPOP2025_ANCHORED_VNSDI","pop_density_ppkm2":47.54281986796491,"n_stations":0,"n_ports":0,"power_kw_site":0.0,"ports_per_10k_pop":0.0,"util_mean_port_weighted":null,"dist_station_m_pop_weighted":72405.75863031842}},{"type":"Feature","geometry":{"type":"Polygon","coordinates":[[[104.40762,19.57849],[104.40555,19.57971],[104.40344,19.57623],[104.4028,19.57474],[104.40228,19.57309],[104.40225,19.57277],[104.40228,19.57256],[104.4023,19.57236],[104.40241,19.57184],[104.40248,19.57168],[104.40301,19.56715],[104.39695,19.55778],[104.39448,19.55575],[104.39041,19.55378],[104.38943,19.5533],[104.38899,19.55307],[104.38598,19.55142],[104.38437,19.54993],[104.38183,19.54852],[104.37596,19.54717],[104.3738,19.5467],[104.37333,19.54664],[104.36494,19.54799],[104.36097,19.55046],[104.35751,19.55397],[104.35415,19.55671],[104.34631,19.56263],[104.34013,19.56652],[104.33789,19.56778],[104.33523,19.56839],[104.32879,19.56962],[104.32281,19.57014],[104.3187,19.57015],[104.31624,19.56949],[104.31122,19.56807],[104.30802,19.56405],[104.30791,19.56188],[104.31379,19.55915],[104.31771,19.5591],[104.31975,19.55941],[104.3228,19.55602],[104.32323,19.55541],[104.32358,19.55473],[104.32362,19.55458],[104.32362,19.55449],[104.32344,19.5543],[104.32195,19.55286],[104.32042,19.55142],[104.32031,19.55124],[104.32002,19.55042],[104.32,19.55035],[104.32,19.55009],[104.32007,19.54941],[104.32038,19.54734],[104.32151,19.54291],[104.32398,19.54031],[104.32958,19.53459],[104.33102,19.5334],[104.33135,19.53301],[104.33144,19.53275],[104.33212,19.53075],[104.33179,19.52961],[104.32956,19.52832],[104.32779,19.52723],[104.32369,19.52271],[104.32286,19.52145],[104.3216,19.51925],[104.32139,19.51717],[104.32128,19.51569],[104.31714,19.5086],[104.31379,19.50311],[104.31298,19.50172],[104.31229,19.50056],[104.31118,19.49747],[104.31119,19.49532],[104.3112,19.4934],[104.31123,19.49028],[104.3117,19.48832],[104.31302,19.4862],[104.31318,19.48418],[104.3133,19.48245],[104.31323,19.47919],[104.31299,19.47808],[104.31296,19.47799],[104.31283,19.4778],[104.31096,19.47508],[104.31004,19.47412],[104.30575,19.47405],[104.30026,19.47112],[104.29292,19.46462],[104.29267,19.46431],[104.29235,19.46384],[104.29223,19.46361],[104.29205,19.46317],[104.29161,19.46179],[104.29084,19.45969],[104.28988,19.45777],[104.28921,19.45666],[104.2888,19.45612],[104.2872,19.45466],[104.29337,19.44701],[104.29483,19.44603],[104.29681,19.44496],[104.30224,19.44275],[104.30535,19.44427],[104.3056,19.44443],[104.30577,19.44458],[104.30591,19.44482],[104.30617,19.44532],[104.30649,19.446],[104.30673,19.44638],[104.30697,19.44677],[104.30716,19.44702],[104.30867,19.44832],[104.31457,19.44902],[104.31895,19.45067],[104.32078,19.45015],[104.32286,19.44855],[104.32395,19.44722],[104.32482,19.44599],[104.32538,19.44508],[104.32693,19.44211],[104.32755,19.44044],[104.33693,19.43657],[104.34141,19.43839],[104.34316,19.43836],[104.3458,19.43537],[104.34687,19.4341],[104.34765,19.43122],[104.34774,19.42986],[104.34749,19.42764],[104.34833,19.42629],[104.35277,19.42985],[104.35314,19.43007],[104.35334,19.43014],[104.35589,19.43032],[104.35966,19.43225],[104.36312,19.43547],[104.36616,19.43973],[104.37012,19.44315],[104.37687,19.45001],[104.37929,19.45051],[104.38251,19.45041],[104.38592,19.45047],[104.38657,19.45121],[104.3867,19.45153],[104.3868,19.45181],[104.38686,19.45214],[104.38689,19.45238],[104.38702,19.45339],[104.39465,19.45602],[104.39679,19.45595],[104.39695,19.45475],[104.39711,19.45358],[104.39722,19.45339],[104.39753,19.45304],[104.3978,19.4528],[104.39858,19.45213],[104.39886,19.45201],[104.39908,19.45195],[104.4007,19.45156],[104.40104,19.45156],[104.40111,19.45158],[104.40119,19.45163],[104.40122,19.45168],[104.40119,19.45189],[104.40537,19.45395],[104.41339,19.45409],[104.41751,19.45937],[104.41752,19.45947],[104.41756,19.45981],[104.41757,19.46],[104.41769,19.46052],[104.41778,19.46084],[104.41807,19.46188],[104.4185,19.46342],[104.41871,19.46388],[104.41884,19.46397],[104.41902,19.46399],[104.42488,19.46271],[104.42639,19.46133],[104.42706,19.46103],[104.42805,19.46073],[104.42836,19.46121],[104.42858,19.4617],[104.42952,19.46187],[104.42975,19.46191],[104.43001,19.46193],[104.43151,19.46201],[104.43263,19.462],[104.43659,19.46193],[104.43835,19.46142],[104.44251,19.45803],[104.44605,19.45496],[104.45397,19.45211],[104.45486,19.45046],[104.45536,19.4503],[104.45556,19.45025],[104.45664,19.45016],[104.45726,19.45011],[104.45757,19.45011],[104.46055,19.45032],[104.46081,19.45062],[104.46096,19.4508],[104.46149,19.45147],[104.462,19.45212],[104.46434,19.45586],[104.46539,19.45882],[104.4654,19.46516],[104.46254,19.46905],[104.46362,19.47278],[104.46522,19.47725],[104.46728,19.47963],[104.4667,19.47997],[104.46504,19.48059],[104.46473,19.48054],[104.46457,19.48047],[104.46445,19.48041],[104.4641,19.48012],[104.46392,19.47997],[104.46382,19.47987],[104.46376,19.47971],[104.46368,19.47871],[104.46364,19.47771],[104.4635,19.47701],[104.46223,19.47582],[104.46084,19.47574],[104.45709,19.47562],[104.45323,19.47618],[104.44722,19.47854],[104.44316,19.48225],[104.436,19.48528],[104.43362,19.48672],[104.43126,19.48821],[104.43049,19.48919],[104.4317,19.49375],[104.43227,19.49484],[104.43337,19.49621],[104.43449,19.49721],[104.43601,19.49902],[104.43621,19.49939],[104.4362,19.49951],[104.43578,19.50124],[104.43569,19.50134],[104.4351,19.50159],[104.43495,19.50163],[104.43359,19.50153],[104.42117,19.50345],[104.42109,19.50346],[104.42101,19.50348],[104.421,19.50348],[104.42076,19.50354],[104.41975,19.50388],[104.41974,19.50389],[104.41949,19.50397],[104.41949,19.50397],[104.41845,19.5044],[104.41821,19.50455],[104.418,19.50511],[104.41826,19.50776],[104.41834,19.50838],[104.4184,19.50869],[104.41842,19.50879],[104.41848,19.50909],[104.41885,19.51017],[104.41692,19.51421],[104.4145,19.51857],[104.41563,19.52012],[104.41591,19.52274],[104.41561,19.53054],[104.41419,19.53364],[104.41263,19.53668],[104.4123,19.53767],[104.41623,19.53915],[104.42182,19.54063],[104.42613,19.54213],[104.42664,19.54245],[104.4267,19.54251],[104.42726,19.54308],[104.42754,19.5435],[104.42769,19.54378],[104.42789,19.54431],[104.42794,19.54455],[104.42796,19.54489],[104.42796,19.54497],[104.42796,19.54498],[104.42789,19.54536],[104.42786,19.54541],[104.42771,19.54571],[104.42708,19.54654],[104.42676,19.5471],[104.42672,19.54736],[104.42666,19.5478],[104.42667,19.54816],[104.42703,19.55012],[104.42808,19.55395],[104.42833,19.55728],[104.42685,19.56351],[104.42393,19.56421],[104.4227,19.56402],[104.42147,19.56395],[104.42044,19.56422],[104.41993,19.56451],[104.41855,19.56547],[104.41637,19.56709],[104.41561,19.56781],[104.41461,19.56909],[104.41301,19.57152],[104.41225,19.57288],[104.41112,19.57525],[104.41058,19.57619],[104.41021,19.57671],[104.41017,19.57676],[104.41009,19.57682],[104.40944,19.57731],[104.40762,19.57849]]]},"properties":{"commune_code":"16831","commune_name":"Xã Mường Lống","commune_kind":"XA","province_code":"40","province_name":"Tỉnh Nghệ An","area_km2":148.31,"valid_from":"16/6/2025","published":"13/07/2025","area_km2_geom":159.81211430656637,"quality_flag":null,"population":5649.000000000001,"population_wp":4633.842546284199,"anchor_ratio":1.2190746542585569,"pop_source":"WORLDPOP2025_ANCHORED_VNSDI","pop_density_ppkm2":35.347758363071065,"n_stations":0,"n_ports":0,"power_kw_site":0.0,"ports_per_10k_pop":0.0,"util_mean_port_weighted":null,"dist_station_m_pop_weighted":66273.79650838028}},{"type":"Feature","geometry":{"type":"Polygon","coordinates":[[[104.18597,19.6543],[104.18346,19.65519],[104.17832,19.65395],[104.17755,19.654],[104.17674,19.65414],[104.17543,19.65346],[104.17398,19.6522],[104.17721,19.65037],[104.17745,19.65028],[104.17819,19.65011],[104.17861,19.65006],[104.18218,19.65004],[104.18231,19.65006],[104.18356,19.65002],[104.1837,19.64998],[104.18416,19.64981],[104.18464,19.64959],[104.18475,19.64951],[104.1849,19.64934],[104.18505,19.64912],[104.18527,19.6487],[104.18543,19.64839],[104.18619,19.64647],[104.18622,19.64508],[104.18609,19.64284],[104.18508,19.64249],[104.17585,19.63953],[104.17042,19.63643],[104.16173,19.63322],[104.14976,19.6288],[104.14638,19.6275],[104.14595,19.62734],[104.14584,19.62724],[104.14567,19.62695],[104.14535,19.62639],[104.1452,19.62614],[104.14516,19.62601],[104.14509,19.62579],[104.14508,19.62573],[104.14484,19.62112],[104.14594,19.61971],[104.15021,19.61753],[104.15227,19.61203],[104.15359,19.60692],[104.15469,19.60173],[104.15652,19.60002],[104.15992,19.59709],[104.16189,19.59631],[104.16208,19.59628],[104.16246,19.59618],[104.16253,19.59616],[104.16309,19.59593],[104.16332,19.59577],[104.16385,19.59528],[104.16419,19.59488],[104.16569,19.59301],[104.1658,19.59286],[104.16601,19.59248],[104.16768,19.5882],[104.16782,19.58772],[104.1679,19.58712],[104.1679,19.58699],[104.16789,19.58685],[104.16788,19.58681],[104.1678,19.58651],[104.16777,19.58648],[104.16757,19.58625],[104.15914,19.58395],[104.15669,19.58368],[104.15197,19.58348],[104.14979,19.58446],[104.1484,19.5841],[104.13988,19.58103],[104.13943,19.58085],[104.13895,19.58065],[104.13768,19.58002],[104.13746,19.5799],[104.13718,19.57966],[104.13699,19.57945],[104.13687,19.57917],[104.13676,19.57857],[104.13669,19.57817],[104.13644,19.57616],[104.13639,19.5758],[104.13636,19.57548],[104.13635,19.57532],[104.1364,19.57495],[104.13512,19.57334],[104.13098,19.56941],[104.13055,19.56903],[104.13037,19.56889],[104.13025,19.56883],[104.13017,19.5688],[104.13012,19.56877],[104.13003,19.56877],[104.12987,19.5688],[104.12946,19.56892],[104.129,19.56905],[104.12833,19.56931],[104.12724,19.56985],[104.127,19.57005],[104.12673,19.57038],[104.12633,19.57075],[104.12598,19.57109],[104.12575,19.57124],[104.12563,19.57129],[104.12456,19.57139],[104.12146,19.57141],[104.11682,19.57143],[104.11507,19.5712],[104.11472,19.57115],[104.11455,19.57109],[104.11435,19.57098],[104.11402,19.57057],[104.11241,19.57001],[104.10923,19.56944],[104.10876,19.56938],[104.10817,19.56933],[104.10788,19.56933],[104.10819,19.56905],[104.10879,19.56773],[104.10861,19.56697],[104.10818,19.56638],[104.10812,19.56635],[104.10775,19.5661],[104.10715,19.56588],[104.10632,19.5655],[104.1058,19.56491],[104.10551,19.56361],[104.10549,19.56335],[104.10528,19.55969],[104.10516,19.55644],[104.10505,19.55448],[104.10521,19.55324],[104.10533,19.55275],[104.10618,19.5514],[104.10646,19.55081],[104.10665,19.55017],[104.10667,19.54963],[104.10632,19.54898],[104.106,19.54857],[104.10571,19.54812],[104.10559,19.54794],[104.10537,19.54753],[104.10535,19.54742],[104.10532,19.54722],[104.1053,19.54699],[104.10532,19.54695],[104.10534,19.54689],[104.10549,19.54652],[104.10599,19.54577],[104.10692,19.54469],[104.10721,19.54435],[104.10775,19.54377],[104.10856,19.54288],[104.10902,19.54242],[104.10927,19.54212],[104.10946,19.54189],[104.10994,19.54104],[104.10992,19.54094],[104.11083,19.54049],[104.11106,19.54028],[104.11285,19.53824],[104.11571,19.5348],[104.11761,19.53161],[104.118,19.52881],[104.11972,19.52297],[104.12001,19.52224],[104.12013,19.52199],[104.1204,19.52179],[104.12212,19.52104],[104.12249,19.52092],[104.12275,19.52087],[104.12303,19.52083],[104.12373,19.52075],[104.12427,19.52077],[104.12453,19.52077],[104.1248,19.52077],[104.12508,19.5207],[104.12687,19.52003],[104.12985,19.51801],[104.13068,19.51721],[104.13118,19.51647],[104.13565,19.51405],[104.14049,19.51194],[104.14417,19.51048],[104.14699,19.51061],[104.15064,19.50951],[104.15093,19.50943],[104.15151,19.50917],[104.15185,19.50899],[104.15213,19.50881],[104.15239,19.50863],[104.15266,19.50838],[104.15283,19.50821],[104.15389,19.50691],[104.15581,19.50436],[104.15804,19.49904],[104.16072,19.49371],[104.16465,19.49209],[104.1669,19.49146],[104.17302,19.49012],[104.17977,19.48942],[104.18431,19.4917],[104.18329,19.49321],[104.18037,19.49827],[104.18014,19.49927],[104.18331,19.50697],[104.18904,19.51171],[104.1893,19.51187],[104.19668,19.51591],[104.19678,19.51595],[104.19687,19.51596],[104.20584,19.51549],[104.20937,19.51454],[104.21592,19.51394],[104.21837,19.51476],[104.21852,19.51482],[104.21905,19.51506],[104.22664,19.5191],[104.22753,19.5196],[104.22795,19.52],[104.22799,19.52006],[104.22802,19.52015],[104.22808,19.5204],[104.22809,19.52071],[104.2281,19.52156],[104.22809,19.52639],[104.22796,19.53151],[104.22992,19.5384],[104.23068,19.54],[104.23067,19.54013],[104.23064,19.54062],[104.23055,19.54103],[104.23036,19.54155],[104.22898,19.54341],[104.22761,19.54457],[104.22395,19.54527],[104.22091,19.54636],[104.21146,19.5503],[104.20988,19.55185],[104.20891,19.55568],[104.21068,19.55762],[104.21095,19.55762],[104.2122,19.55758],[104.21391,19.55797],[104.21491,19.55865],[104.21567,19.55942],[104.21561,19.56037],[104.21546,19.56147],[104.21611,19.56243],[104.21625,19.5626],[104.22166,19.5667],[104.22287,19.56735],[104.22406,19.56813],[104.22613,19.56987],[104.2282,19.57201],[104.22977,19.57497],[104.22991,19.57524],[104.22998,19.57547],[104.23018,19.57615],[104.23121,19.58058],[104.23203,19.58121],[104.2334,19.5857],[104.2333,19.58578],[104.2332,19.58594],[104.23275,19.58696],[104.23257,19.58792],[104.23247,19.58855],[104.23243,19.58901],[104.23244,19.58933],[104.2325,19.58966],[104.23438,19.59613],[104.2349,19.59739],[104.23519,19.5978],[104.23618,19.59898],[104.2377,19.60027],[104.23887,19.60085],[104.23899,19.60343],[104.23345,19.60774],[104.2298,19.6108],[104.22534,19.61553],[104.22081,19.61907],[104.21742,19.62041],[104.21358,19.62239],[104.20969,19.62527],[104.20812,19.62647],[104.20797,19.62742],[104.20805,19.62914],[104.20808,19.62956],[104.20814,19.63],[104.20849,19.6312],[104.20859,19.6315],[104.20959,19.63394],[104.20974,19.63426],[104.20994,19.63455],[104.21031,19.63504],[104.21155,19.63664],[104.211,19.63806],[104.20861,19.64313],[104.20794,19.64836],[104.20798,19.64856],[104.20818,19.64959],[104.20821,19.64982],[104.20821,19.64991],[104.20816,19.65007],[104.20704,19.65202],[104.20681,19.65234],[104.20639,19.65265],[104.20584,19.6529],[104.20548,19.65299],[104.20495,19.65293],[104.20283,19.65246],[104.20228,19.65229],[104.19685,19.65054],[104.19185,19.65114],[104.18597,19.6543]]]},"properties":{"commune_code":"16834","commune_name":"Xã Na Loi","commune_kind":"XA","province_code":"40","province_name":"Tỉnh Nghệ An","area_km2":141.86,"valid_from":"16/6/2025","published":"13/07/2025","area_km2_geom":141.31345345827043,"quality_flag":null,"population":4321.0,"population_wp":5149.457131206989,"anchor_ratio":0.839117578785862,"pop_source":"WORLDPOP2025_ANCHORED_VNSDI","pop_density_ppkm2":30.57741421113866,"n_stations":0,"n_ports":0,"power_kw_site":0.0,"ports_per_10k_pop":0.0,"util_mean_port_weighted":null,"dist_station_m_pop_weighted":93764.15765281496}},{"type":"Feature","geometry":{"type":"Polygon","coordinates":[[[104.11083,19.54049],[104.10992,19.54094],[104.10943,19.53826],[104.10948,19.536],[104.1095,19.53521],[104.10978,19.53411],[104.10982,19.53382],[104.10979,19.53269],[104.10966,19.53188],[104.10962,19.53164],[104.10943,19.53062],[104.10912,19.52953],[104.10805,19.52742],[104.10719,19.52595],[104.10685,19.52537],[104.10574,19.52456],[104.10544,19.52449],[104.10421,19.52415],[104.10399,19.52388],[104.10388,19.5235],[104.10417,19.52287],[104.10472,19.52229],[104.10476,19.52225],[104.10486,19.52215],[104.10512,19.52187],[104.10661,19.51982],[104.10683,19.51919],[104.10749,19.51785],[104.10778,19.51727],[104.10804,19.51706],[104.10865,19.51684],[104.10962,19.51679],[104.11012,19.51676],[104.11147,19.51624],[104.11241,19.51539],[104.11282,19.51492],[104.11285,19.51488],[104.11293,19.51349],[104.11294,19.51322],[104.11298,19.51221],[104.11331,19.51146],[104.11337,19.51132],[104.11403,19.51047],[104.1154,19.50936],[104.11566,19.50928],[104.1162,19.50912],[104.11728,19.50895],[104.11751,19.50873],[104.11767,19.50862],[104.1183,19.50807],[104.1183,19.50807],[104.12205,19.50487],[104.12254,19.50452],[104.12283,19.5042],[104.12304,19.50397],[104.12339,19.50332],[104.1234,19.5033],[104.12347,19.503],[104.12346,19.50267],[104.12341,19.50236],[104.12324,19.50204],[104.12297,19.50165],[104.12274,19.50129],[104.12233,19.50106],[104.12127,19.50048],[104.11926,19.50022],[104.11894,19.5001],[104.11822,19.49984],[104.11772,19.49932],[104.1176,19.4992],[104.11751,19.49899],[104.11721,19.49833],[104.11722,19.49773],[104.11769,19.49645],[104.11693,19.49496],[104.11675,19.4946],[104.11657,19.49418],[104.11569,19.49204],[104.11534,19.49148],[104.11508,19.49107],[104.11432,19.49068],[104.11208,19.48952],[104.11129,19.48942],[104.11129,19.48942],[104.11041,19.48958],[104.10977,19.48963],[104.10918,19.4895],[104.10808,19.48903],[104.10726,19.48896],[104.10591,19.48944],[104.10568,19.4895],[104.10566,19.4895],[104.10342,19.49055],[104.10212,19.49077],[104.10157,19.49078],[104.1009,19.49105],[104.09979,19.49172],[104.09853,19.49248],[104.09828,19.49259],[104.09798,19.49244],[104.09786,19.49219],[104.09761,19.4917],[104.09672,19.4909],[104.09481,19.49018],[104.09436,19.48943],[104.09422,19.48932],[104.09387,19.48927],[104.09356,19.48925],[104.09318,19.48922],[104.09251,19.48932],[104.0926,19.48898],[104.09242,19.48792],[104.09221,19.48715],[104.09161,19.48576],[104.09158,19.4857],[104.09096,19.48502],[104.09044,19.48462],[104.08982,19.48414],[104.08875,19.48341],[104.0884,19.48296],[104.08767,19.4819],[104.08696,19.48085],[104.08627,19.48043],[104.08603,19.48029],[104.08566,19.47975],[104.0854,19.47896],[104.08529,19.47843],[104.0853,19.4778],[104.08579,19.47705],[104.08598,19.47684],[104.08652,19.47627],[104.08678,19.47577],[104.08671,19.47539],[104.08639,19.475],[104.08587,19.47434],[104.08577,19.47398],[104.08554,19.47319],[104.08531,19.47191],[104.0856,19.4704],[104.0856,19.47039],[104.08598,19.46898],[104.08618,19.46757],[104.0862,19.46697],[104.08597,19.4668],[104.0856,19.46662],[104.084,19.46682],[104.0837,19.46686],[104.08302,19.46682],[104.08219,19.46663],[104.0817,19.46644],[104.08128,19.4661],[104.08082,19.46549],[104.08038,19.46475],[104.08025,19.46427],[104.07978,19.46356],[104.07946,19.4633],[104.07902,19.4632],[104.07842,19.46311],[104.07797,19.46303],[104.07727,19.46284],[104.07645,19.46204],[104.07562,19.45995],[104.07559,19.45986],[104.07545,19.4597],[104.07448,19.45855],[104.07194,19.45628],[104.0683,19.45419],[104.06768,19.45383],[104.06594,19.45337],[104.06543,19.45264],[104.06582,19.45193],[104.06674,19.45144],[104.06902,19.45091],[104.07199,19.45046],[104.07328,19.45027],[104.07502,19.45001],[104.07557,19.44923],[104.07581,19.44866],[104.07576,19.44715],[104.07532,19.44601],[104.07505,19.44531],[104.07475,19.44454],[104.07433,19.4427],[104.07315,19.43754],[104.07302,19.43294],[104.07276,19.42309],[104.07249,19.42163],[104.07228,19.4205],[104.07062,19.4173],[104.07063,19.41607],[104.07063,19.41574],[104.07231,19.41531],[104.07611,19.41556],[104.08525,19.41658],[104.08566,19.41649],[104.08613,19.4164],[104.08797,19.41624],[104.08841,19.41621],[104.09075,19.41643],[104.09111,19.41647],[104.09148,19.41656],[104.09476,19.41741],[104.09534,19.41815],[104.09545,19.41828],[104.09559,19.4184],[104.09714,19.41912],[104.09763,19.41926],[104.09839,19.4193],[104.09871,19.41931],[104.09886,19.41932],[104.10086,19.41914],[104.10703,19.41829],[104.1097,19.41707],[104.11143,19.41761],[104.1116,19.41768],[104.11221,19.41798],[104.11228,19.41805],[104.11233,19.41814],[104.11234,19.41832],[104.11227,19.41927],[104.11122,19.42089],[104.11114,19.42097],[104.11038,19.42156],[104.10827,19.42362],[104.10817,19.42373],[104.10766,19.42452],[104.1076,19.42463],[104.10748,19.42487],[104.10731,19.42538],[104.10729,19.42545],[104.10729,19.42555],[104.10731,19.42573],[104.10757,19.42769],[104.10757,19.42771],[104.10757,19.42772],[104.10758,19.42772],[104.10772,19.42765],[104.1085,19.42464],[104.10914,19.42411],[104.11372,19.42109],[104.11403,19.4209],[104.11427,19.42081],[104.11443,19.42079],[104.11559,19.4208],[104.11654,19.42121],[104.11753,19.42154],[104.12052,19.42101],[104.12402,19.41926],[104.1251,19.41773],[104.12653,19.41639],[104.13285,19.41372],[104.13506,19.41354],[104.13684,19.41346],[104.14228,19.41517],[104.14356,19.41592],[104.14556,19.41708],[104.14586,19.41723],[104.14733,19.41792],[104.14854,19.41791],[104.1507,19.41636],[104.15138,19.41565],[104.15138,19.41559],[104.15126,19.41536],[104.15096,19.41527],[104.14793,19.4126],[104.15388,19.40793],[104.15404,19.40782],[104.15519,19.40742],[104.15546,19.40738],[104.15579,19.40736],[104.15599,19.40735],[104.15962,19.40721],[104.15999,19.40725],[104.16336,19.40827],[104.16537,19.40912],[104.16567,19.40932],[104.16596,19.40943],[104.16613,19.40947],[104.16654,19.40954],[104.16674,19.40957],[104.16719,19.40954],[104.16743,19.4095],[104.169,19.40925],[104.17047,19.40901],[104.17282,19.40841],[104.17667,19.40673],[104.17903,19.40633],[104.1871,19.40668],[104.18758,19.40671],[104.18987,19.40687],[104.19349,19.40772],[104.19553,19.40853],[104.20201,19.40983],[104.20866,19.4124],[104.21294,19.41581],[104.2134,19.41615],[104.21406,19.41663],[104.21482,19.41706],[104.21545,19.41739],[104.21569,19.41749],[104.21599,19.41757],[104.21622,19.4176],[104.21634,19.4176],[104.21665,19.41759],[104.2172,19.41753],[104.2176,19.41743],[104.21793,19.41734],[104.21869,19.41711],[104.22067,19.41647],[104.22242,19.4158],[104.22286,19.41557],[104.22382,19.41523],[104.22397,19.41521],[104.22407,19.41522],[104.22498,19.41547],[104.22653,19.41604],[104.22668,19.41611],[104.22675,19.41622],[104.22746,19.41763],[104.22818,19.41963],[104.23295,19.42362],[104.23464,19.42419],[104.23539,19.42448],[104.23556,19.42463],[104.23573,19.42559],[104.23579,19.42639],[104.23625,19.43329],[104.23639,19.43903],[104.23627,19.43937],[104.23602,19.44021],[104.23582,19.44119],[104.23575,19.44202],[104.23572,19.4427],[104.23589,19.44577],[104.23669,19.44972],[104.23998,19.45731],[104.24128,19.46242],[104.23424,19.4611],[104.22926,19.46247],[104.22357,19.46752],[104.22123,19.47068],[104.21962,19.47519],[104.21898,19.47722],[104.21925,19.47833],[104.21929,19.48049],[104.21908,19.48169],[104.21906,19.48181],[104.21753,19.48473],[104.21699,19.48571],[104.2169,19.48587],[104.21679,19.48593],[104.21651,19.48599],[104.21631,19.48602],[104.21602,19.48601],[104.21562,19.48596],[104.21516,19.48589],[104.21472,19.48576],[104.21453,19.48562],[104.21429,19.48541],[104.20926,19.48475],[104.20207,19.48492],[104.19904,19.48705],[104.19362,19.48879],[104.18682,19.49017],[104.18431,19.4917],[104.17977,19.48942],[104.17302,19.49012],[104.1669,19.49146],[104.16465,19.49209],[104.16072,19.49371],[104.15804,19.49904],[104.15581,19.50436],[104.15389,19.50691],[104.15283,19.50821],[104.15266,19.50838],[104.15239,19.50863],[104.15213,19.50881],[104.15185,19.50899],[104.15151,19.50917],[104.15093,19.50943],[104.15064,19.50951],[104.14699,19.51061],[104.14417,19.51048],[104.14049,19.51194],[104.13565,19.51405],[104.13118,19.51647],[104.13068,19.51721],[104.12985,19.51801],[104.12687,19.52003],[104.12508,19.5207],[104.1248,19.52077],[104.12453,19.52077],[104.12427,19.52077],[104.12373,19.52075],[104.12303,19.52083],[104.12275,19.52087],[104.12249,19.52092],[104.12212,19.52104],[104.1204,19.52179],[104.12013,19.52199],[104.12001,19.52224],[104.11972,19.52297],[104.118,19.52881],[104.11761,19.53161],[104.11571,19.5348],[104.11285,19.53824],[104.11106,19.54028],[104.11083,19.54049]]]},"properties":{"commune_code":"16837","commune_name":"Xã Nậm Cắn","commune_kind":"XA","province_code":"40","province_name":"Tỉnh Nghệ An","area_km2":147.7,"valid_from":"16/6/2025","published":"13/07/2025","area_km2_geom":147.86697258773995,"quality_flag":null,"population":8694.0,"population_wp":8644.694172672927,"anchor_ratio":1.0057035941749026,"pop_source":"WORLDPOP2025_ANCHORED_VNSDI","pop_density_ppkm2":58.796091161203925,"n_stations":0,"n_ports":0,"power_kw_site":0.0,"ports_per_10k_pop":0.0,"util_mean_port_weighted":null,"dist_station_m_pop_weighted":65061.39342263178}},{"type":"Feature","geometry":{"type":"Polygon","coordinates":[[[104.29031,19.50998],[104.28959,19.51018],[104.28756,19.50959],[104.2859,19.50888],[104.28464,19.50796],[104.2841,19.50656],[104.27985,19.50127],[104.27237,19.49415],[104.26694,19.49221],[104.26387,19.49125],[104.26365,19.49116],[104.26293,19.49066],[104.26241,19.49016],[104.26278,19.48815],[104.2635,19.48445],[104.26406,19.48314],[104.25864,19.47879],[104.25624,19.47788],[104.253,19.47659],[104.25187,19.47611],[104.2517,19.47604],[104.25141,19.4759],[104.25032,19.47532],[104.25004,19.47509],[104.24663,19.47137],[104.24599,19.47056],[104.24547,19.46981],[104.24524,19.46938],[104.24434,19.46762],[104.24411,19.46706],[104.24401,19.46661],[104.2439,19.46604],[104.24252,19.46323],[104.24128,19.46242],[104.23998,19.45731],[104.23669,19.44972],[104.23589,19.44577],[104.23572,19.4427],[104.23575,19.44202],[104.23582,19.44119],[104.23602,19.44021],[104.23627,19.43937],[104.23639,19.43903],[104.23625,19.43329],[104.23579,19.42639],[104.23573,19.42559],[104.23556,19.42463],[104.23539,19.42448],[104.23464,19.42419],[104.23295,19.42362],[104.22818,19.41963],[104.22746,19.41763],[104.22675,19.41622],[104.22668,19.41611],[104.22653,19.41604],[104.22498,19.41547],[104.22407,19.41522],[104.22397,19.41521],[104.22382,19.41523],[104.22286,19.41557],[104.22242,19.4158],[104.22067,19.41647],[104.21869,19.41711],[104.21793,19.41734],[104.2176,19.41743],[104.2172,19.41753],[104.21665,19.41759],[104.21634,19.4176],[104.21622,19.4176],[104.21599,19.41757],[104.21569,19.41749],[104.21545,19.41739],[104.21482,19.41706],[104.21406,19.41663],[104.2134,19.41615],[104.21294,19.41581],[104.20866,19.4124],[104.20201,19.40983],[104.19553,19.40853],[104.19349,19.40772],[104.18987,19.40687],[104.18758,19.40671],[104.1871,19.40668],[104.17903,19.40633],[104.17667,19.40673],[104.17681,19.40579],[104.17684,19.40526],[104.17681,19.40484],[104.17679,19.40462],[104.1767,19.40439],[104.17654,19.40414],[104.17632,19.40383],[104.17555,19.40282],[104.17427,19.40129],[104.17323,19.40012],[104.17104,19.3973],[104.17089,19.3971],[104.17077,19.39687],[104.17068,19.39664],[104.16842,19.38819],[104.16799,19.38642],[104.16738,19.38414],[104.16525,19.37902],[104.16495,19.37847],[104.16486,19.37838],[104.16467,19.37832],[104.16289,19.37783],[104.16109,19.3773],[104.16054,19.37712],[104.15843,19.37628],[104.15804,19.37605],[104.1576,19.37577],[104.15729,19.37551],[104.15705,19.37522],[104.15686,19.37486],[104.15671,19.37449],[104.15663,19.37422],[104.15376,19.37064],[104.15146,19.36778],[104.14921,19.36511],[104.1455,19.36083],[104.14509,19.3605],[104.14461,19.36001],[104.14417,19.35952],[104.14388,19.35912],[104.14375,19.35887],[104.14338,19.35806],[104.15423,19.35273],[104.15952,19.35047],[104.16548,19.34883],[104.17174,19.34853],[104.17732,19.34633],[104.18284,19.33973],[104.18284,19.33951],[104.18277,19.33918],[104.18255,19.33865],[104.18054,19.33676],[104.18008,19.33632],[104.17913,19.33554],[104.17887,19.33533],[104.17868,19.33523],[104.17821,19.33509],[104.1743,19.33212],[104.17204,19.32716],[104.17055,19.32048],[104.16917,19.31587],[104.16825,19.31289],[104.17003,19.31246],[104.17049,19.31236],[104.17128,19.31225],[104.17245,19.31216],[104.17332,19.31213],[104.17382,19.31213],[104.17979,19.31021],[104.18404,19.30756],[104.1876,19.30576],[104.19051,19.30629],[104.19253,19.30633],[104.19549,19.30623],[104.19648,19.30613],[104.19663,19.3061],[104.19698,19.30599],[104.19699,19.30599],[104.19712,19.30591],[104.19725,19.30581],[104.19729,19.30574],[104.19731,19.3057],[104.19735,19.30558],[104.19734,19.30553],[104.19732,19.30512],[104.19731,19.30489],[104.19736,19.30466],[104.19743,19.30436],[104.19755,19.30405],[104.19764,19.3039],[104.19771,19.30381],[104.19781,19.30376],[104.1988,19.30339],[104.20096,19.30264],[104.20336,19.3022],[104.20575,19.30214],[104.20892,19.30267],[104.21369,19.30243],[104.21619,19.30137],[104.21795,19.30068],[104.21881,19.3005],[104.21986,19.30081],[104.22066,19.3013],[104.22195,19.30252],[104.22282,19.30359],[104.22345,19.31125],[104.22706,19.31511],[104.22917,19.31559],[104.22992,19.31576],[104.23257,19.31541],[104.23994,19.31338],[104.2435,19.31374],[104.24434,19.31405],[104.24441,19.31699],[104.2444,19.31717],[104.24436,19.31762],[104.24434,19.31779],[104.24433,19.31794],[104.24431,19.3181],[104.24424,19.31825],[104.24414,19.31839],[104.24276,19.31982],[104.24167,19.3214],[104.24143,19.32181],[104.24114,19.3224],[104.24102,19.32272],[104.24097,19.323],[104.24214,19.33082],[104.24298,19.33368],[104.24563,19.34051],[104.246,19.34112],[104.24793,19.34399],[104.24841,19.34461],[104.24921,19.34561],[104.25018,19.34666],[104.24828,19.35242],[104.24677,19.35434],[104.24615,19.3552],[104.24543,19.35749],[104.2444,19.3628],[104.24647,19.36494],[104.24677,19.36531],[104.24718,19.36593],[104.24743,19.36639],[104.24757,19.36681],[104.24847,19.36965],[104.24874,19.37141],[104.25007,19.3743],[104.25289,19.37752],[104.25591,19.38433],[104.25796,19.38978],[104.25838,19.39236],[104.26037,19.39568],[104.2652,19.39807],[104.2739,19.40275],[104.27426,19.40287],[104.27592,19.40331],[104.27627,19.40339],[104.27674,19.40336],[104.27716,19.4033],[104.27744,19.4032],[104.28317,19.40108],[104.28776,19.40063],[104.29174,19.40235],[104.29391,19.40418],[104.29685,19.40337],[104.29939,19.40194],[104.30322,19.39976],[104.30629,19.39904],[104.30974,19.39845],[104.31851,19.39556],[104.32403,19.39451],[104.33653,19.39931],[104.33734,19.40004],[104.33999,19.40402],[104.34275,19.40744],[104.34604,19.41093],[104.34729,19.4133],[104.3474,19.41351],[104.34722,19.41388],[104.34705,19.4142],[104.34684,19.4145],[104.34455,19.41927],[104.34704,19.42423],[104.34833,19.42629],[104.34749,19.42764],[104.34774,19.42986],[104.34765,19.43122],[104.34687,19.4341],[104.3458,19.43537],[104.34316,19.43836],[104.34141,19.43839],[104.33693,19.43657],[104.32755,19.44044],[104.32693,19.44211],[104.32538,19.44508],[104.32482,19.44599],[104.32395,19.44722],[104.32286,19.44855],[104.32078,19.45015],[104.31895,19.45067],[104.31457,19.44902],[104.30867,19.44832],[104.30716,19.44702],[104.30697,19.44677],[104.30673,19.44638],[104.30649,19.446],[104.30617,19.44532],[104.30591,19.44482],[104.30577,19.44458],[104.3056,19.44443],[104.30535,19.44427],[104.30224,19.44275],[104.29681,19.44496],[104.29483,19.44603],[104.29337,19.44701],[104.2872,19.45466],[104.2888,19.45612],[104.28921,19.45666],[104.28988,19.45777],[104.29084,19.45969],[104.29161,19.46179],[104.29205,19.46317],[104.29223,19.46361],[104.29235,19.46384],[104.29267,19.46431],[104.29292,19.46462],[104.30026,19.47112],[104.30575,19.47405],[104.31004,19.47412],[104.31096,19.47508],[104.31283,19.4778],[104.31296,19.47799],[104.31299,19.47808],[104.31323,19.47919],[104.3133,19.48245],[104.31318,19.48418],[104.31302,19.4862],[104.3117,19.48832],[104.31123,19.49028],[104.3112,19.4934],[104.31119,19.49532],[104.31118,19.49747],[104.31229,19.50056],[104.31298,19.50172],[104.31379,19.50311],[104.31288,19.50362],[104.3106,19.50442],[104.30706,19.50518],[104.30658,19.50528],[104.30616,19.50536],[104.3054,19.50544],[104.30523,19.50545],[104.30503,19.50543],[104.30353,19.50527],[104.29875,19.50453],[104.29678,19.50385],[104.29581,19.50423],[104.2945,19.50589],[104.2927,19.50834],[104.29031,19.50998]]]},"properties":{"commune_code":"16849","commune_name":"Xã Hữu Kiệm","commune_kind":"XA","province_code":"40","province_name":"Tỉnh Nghệ An","area_km2":188.97,"valid_from":"16/6/2025","published":"13/07/2025","area_km2_geom":188.21996311724325,"quality_flag":null,"population":12608.999999999998,"population_wp":12088.191462926567,"anchor_ratio":1.0430840741289304,"pop_source":"WORLDPOP2025_ANCHORED_VNSDI","pop_density_ppkm2":66.9907686260983,"n_stations":0,"n_ports":0,"power_kw_site":0.0,"ports_per_10k_pop":0.0,"util_mean_port_weighted":null,"dist_station_m_pop_weighted":45972.0208167562}},{"type":"Feature","geometry":{"type":"Polygon","coordinates":[[[104.42488,19.46271],[104.41902,19.46399],[104.41884,19.46397],[104.41871,19.46388],[104.4185,19.46342],[104.41807,19.46188],[104.41778,19.46084],[104.41769,19.46052],[104.41757,19.46],[104.41756,19.45981],[104.41752,19.45947],[104.41751,19.45937],[104.41339,19.45409],[104.40537,19.45395],[104.40119,19.45189],[104.40122,19.45168],[104.40119,19.45163],[104.40111,19.45158],[104.40104,19.45156],[104.4007,19.45156],[104.39908,19.45195],[104.39886,19.45201],[104.39858,19.45213],[104.3978,19.4528],[104.39753,19.45304],[104.39722,19.45339],[104.39711,19.45358],[104.39695,19.45475],[104.39679,19.45595],[104.39465,19.45602],[104.38702,19.45339],[104.38689,19.45238],[104.38686,19.45214],[104.3868,19.45181],[104.3867,19.45153],[104.38657,19.45121],[104.38592,19.45047],[104.38251,19.45041],[104.37929,19.45051],[104.37687,19.45001],[104.37012,19.44315],[104.36616,19.43973],[104.36312,19.43547],[104.35966,19.43225],[104.35589,19.43032],[104.35334,19.43014],[104.35314,19.43007],[104.35277,19.42985],[104.34833,19.42629],[104.34704,19.42423],[104.34455,19.41927],[104.34684,19.4145],[104.34705,19.4142],[104.34722,19.41388],[104.3474,19.41351],[104.34729,19.4133],[104.34604,19.41093],[104.34275,19.40744],[104.33999,19.40402],[104.33734,19.40004],[104.33653,19.39931],[104.32403,19.39451],[104.31851,19.39556],[104.30974,19.39845],[104.30629,19.39904],[104.30322,19.39976],[104.29939,19.40194],[104.29685,19.40337],[104.29391,19.40418],[104.29174,19.40235],[104.28776,19.40063],[104.28317,19.40108],[104.27744,19.4032],[104.27716,19.4033],[104.27674,19.40336],[104.27627,19.40339],[104.27592,19.40331],[104.27426,19.40287],[104.2739,19.40275],[104.2652,19.39807],[104.26037,19.39568],[104.25838,19.39236],[104.25796,19.38978],[104.25591,19.38433],[104.25289,19.37752],[104.25007,19.3743],[104.24874,19.37141],[104.24847,19.36965],[104.24757,19.36681],[104.24743,19.36639],[104.24718,19.36593],[104.24677,19.36531],[104.24647,19.36494],[104.2444,19.3628],[104.24543,19.35749],[104.24615,19.3552],[104.24677,19.35434],[104.24828,19.35242],[104.25018,19.34666],[104.24921,19.34561],[104.24841,19.34461],[104.24793,19.34399],[104.246,19.34112],[104.24563,19.34051],[104.24298,19.33368],[104.24214,19.33082],[104.24097,19.323],[104.24102,19.32272],[104.24114,19.3224],[104.24143,19.32181],[104.24167,19.3214],[104.24276,19.31982],[104.24414,19.31839],[104.24424,19.31825],[104.24431,19.3181],[104.24433,19.31794],[104.24434,19.31779],[104.24436,19.31762],[104.2444,19.31717],[104.24441,19.31699],[104.24434,19.31405],[104.2435,19.31374],[104.23994,19.31338],[104.24853,19.31259],[104.25111,19.30941],[104.25541,19.30689],[104.25723,19.30676],[104.25998,19.30648],[104.2604,19.30549],[104.26142,19.30302],[104.26126,19.30196],[104.26352,19.29793],[104.26907,19.2917],[104.2695,19.29122],[104.26986,19.29089],[104.2707,19.29041],[104.27514,19.28947],[104.27556,19.28945],[104.27601,19.28948],[104.27677,19.28961],[104.28091,19.28946],[104.28127,19.28941],[104.28199,19.28926],[104.28287,19.28898],[104.28335,19.28875],[104.28581,19.28757],[104.28659,19.28716],[104.28696,19.2869],[104.29001,19.28449],[104.29231,19.28563],[104.29298,19.28613],[104.29756,19.28993],[104.29958,19.29219],[104.30618,19.2976],[104.30661,19.29769],[104.30769,19.29781],[104.32138,19.30199],[104.32574,19.30585],[104.32654,19.30781],[104.32788,19.31025],[104.33155,19.31271],[104.32912,19.31764],[104.33345,19.32178],[104.33538,19.32198],[104.34038,19.32374],[104.34946,19.32816],[104.35297,19.33488],[104.3531,19.33516],[104.35331,19.3367],[104.35333,19.33684],[104.35338,19.33847],[104.35305,19.34046],[104.35297,19.34081],[104.35262,19.3423],[104.35256,19.34306],[104.35254,19.34464],[104.35265,19.34644],[104.35276,19.34668],[104.35325,19.3469],[104.35402,19.34708],[104.35433,19.34715],[104.3549,19.3475],[104.35614,19.34946],[104.35638,19.35029],[104.35657,19.35124],[104.35667,19.35203],[104.3556,19.36331],[104.35401,19.3642],[104.3536,19.36415],[104.35285,19.36422],[104.35121,19.3644],[104.34981,19.36461],[104.34971,19.36463],[104.34909,19.36476],[104.34878,19.36503],[104.34917,19.36625],[104.35249,19.37072],[104.35503,19.3741],[104.35781,19.37806],[104.35967,19.38103],[104.35822,19.3819],[104.35476,19.38369],[104.35213,19.38714],[104.35225,19.3873],[104.35255,19.38769],[104.35259,19.38775],[104.35268,19.38788],[104.35309,19.38854],[104.3534,19.38931],[104.35342,19.38938],[104.35356,19.39009],[104.35363,19.39227],[104.35356,19.39296],[104.35353,19.39324],[104.35349,19.39366],[104.35327,19.39455],[104.35276,19.39575],[104.35212,19.39709],[104.35211,19.39711],[104.35176,19.39766],[104.35143,19.39795],[104.35085,19.39813],[104.35024,19.39842],[104.3504,19.39942],[104.35131,19.40257],[104.35327,19.40654],[104.35478,19.40892],[104.35586,19.41027],[104.35641,19.4106],[104.3597,19.40788],[104.36266,19.40478],[104.36455,19.40277],[104.36812,19.39681],[104.36867,19.39118],[104.37032,19.38524],[104.37162,19.38092],[104.37206,19.3773],[104.37096,19.3754],[104.37025,19.37394],[104.37171,19.37297],[104.37417,19.37141],[104.37894,19.36861],[104.37967,19.36833],[104.38125,19.36794],[104.38244,19.36768],[104.38299,19.36768],[104.38363,19.36782],[104.3838,19.36803],[104.38381,19.36804],[104.3842,19.36896],[104.3844,19.36938],[104.38488,19.37042],[104.38692,19.37462],[104.38774,19.37518],[104.38982,19.37619],[104.39263,19.37721],[104.39533,19.37819],[104.39666,19.37861],[104.39811,19.37873],[104.3987,19.3787],[104.39899,19.37864],[104.3992,19.37848],[104.40115,19.37643],[104.40356,19.37348],[104.40774,19.36915],[104.40813,19.36936],[104.40835,19.36949],[104.40846,19.36966],[104.40914,19.37173],[104.40939,19.37334],[104.40925,19.37394],[104.40967,19.37499],[104.4098,19.37515],[104.41009,19.3753],[104.41058,19.37543],[104.41124,19.37554],[104.41521,19.37614],[104.41678,19.3754],[104.41759,19.37502],[104.41847,19.37477],[104.4186,19.37474],[104.41884,19.37469],[104.41988,19.37454],[104.42077,19.37451],[104.42124,19.3745],[104.4218,19.37463],[104.422,19.3747],[104.42242,19.37495],[104.42318,19.37543],[104.4307,19.37798],[104.43598,19.3792],[104.4364,19.37947],[104.43655,19.37964],[104.43817,19.38167],[104.44084,19.38509],[104.4414,19.3862],[104.44166,19.38724],[104.44159,19.38735],[104.44148,19.38747],[104.44111,19.38836],[104.44091,19.38888],[104.44077,19.38955],[104.44065,19.39083],[104.44066,19.39708],[104.4411,19.39981],[104.44156,19.40685],[104.44124,19.40774],[104.44079,19.4095],[104.44076,19.41007],[104.4409,19.41128],[104.44126,19.41268],[104.44148,19.41308],[104.44161,19.41331],[104.44203,19.41378],[104.44211,19.41386],[104.44251,19.41413],[104.44255,19.41416],[104.44338,19.42048],[104.44365,19.42779],[104.44726,19.43868],[104.44737,19.43893],[104.44774,19.43947],[104.44994,19.44227],[104.45227,19.4452],[104.45353,19.44692],[104.45486,19.45046],[104.45397,19.45211],[104.44605,19.45496],[104.44251,19.45803],[104.43835,19.46142],[104.43659,19.46193],[104.43263,19.462],[104.43151,19.46201],[104.43001,19.46193],[104.42975,19.46191],[104.42952,19.46187],[104.42858,19.4617],[104.42836,19.46121],[104.42805,19.46073],[104.42706,19.46103],[104.42639,19.46133],[104.42488,19.46271]]]},"properties":{"commune_code":"16855","commune_name":"Xã Chiêu Lưu","commune_kind":"XA","province_code":"40","province_name":"Tỉnh Nghệ An","area_km2":196.93,"valid_from":"16/6/2025","published":"13/07/2025","area_km2_geom":195.95464847296338,"quality_flag":null,"population":9797.0,"population_wp":8766.755751311779,"anchor_ratio":1.1175171611840633,"pop_source":"WORLDPOP2025_ANCHORED_VNSDI","pop_density_ppkm2":49.99626227979853,"n_stations":0,"n_ports":0,"power_kw_site":0.0,"ports_per_10k_pop":0.0,"util_mean_port_weighted":null,"dist_station_m_pop_weighted":31716.220773111694}},{"type":"Feature","geometry":{"type":"Polygon","coordinates":[[[104.02455,19.41366],[104.02258,19.41448],[104.02254,19.41434],[104.02206,19.41293],[104.02149,19.41042],[104.02092,19.40897],[104.0199,19.40751],[104.01894,19.40688],[104.01758,19.4072],[104.01607,19.4073],[104.01529,19.40633],[104.01519,19.40562],[104.01492,19.40375],[104.01441,19.40277],[104.013,19.40224],[104.0106,19.40197],[104.00807,19.40209],[104.00528,19.40271],[104.00401,19.40348],[104.00363,19.40365],[103.99937,19.4048],[103.99774,19.40517],[103.99705,19.40528],[103.99688,19.4053],[103.99683,19.4053],[103.99469,19.40553],[103.99319,19.40541],[103.993,19.40529],[103.9929,19.40523],[103.99198,19.4047],[103.99154,19.40399],[103.99133,19.40343],[103.99133,19.40343],[103.99091,19.40236],[103.9908,19.40208],[103.99003,19.4007],[103.98862,19.39927],[103.98765,19.39893],[103.98733,19.39893],[103.98712,19.39894],[103.98674,19.39895],[103.98453,19.3993],[103.98197,19.39917],[103.97675,19.39855],[103.9763,19.39845],[103.97499,19.39726],[103.97476,19.3956],[103.9747,19.39545],[103.97426,19.39433],[103.97411,19.39397],[103.97271,19.3924],[103.97261,19.39233],[103.97181,19.39173],[103.97088,19.39104],[103.97052,19.39097],[103.96926,19.39072],[103.96803,19.39075],[103.96725,19.39065],[103.96653,19.3906],[103.96597,19.3903],[103.96526,19.38978],[103.96433,19.38905],[103.96416,19.38883],[103.96321,19.38764],[103.96258,19.38585],[103.96176,19.38519],[103.96018,19.38477],[103.95878,19.38457],[103.95844,19.38452],[103.95799,19.38437],[103.95751,19.38378],[103.95726,19.38288],[103.95735,19.38216],[103.95751,19.38174],[103.95839,19.38128],[103.95872,19.3812],[103.95961,19.38095],[103.96007,19.38063],[103.96028,19.37967],[103.96028,19.37962],[103.96023,19.37834],[103.9607,19.377],[103.9608,19.37673],[103.96086,19.37576],[103.96083,19.37493],[103.96055,19.37396],[103.96038,19.37365],[103.95982,19.37265],[103.95939,19.37156],[103.95945,19.37042],[103.9594,19.36923],[103.95859,19.36796],[103.95768,19.36655],[103.95635,19.3645],[103.95605,19.36436],[103.9556,19.36416],[103.95466,19.36422],[103.95351,19.36459],[103.9531,19.36459],[103.95276,19.36422],[103.95251,19.36357],[103.95242,19.3627],[103.9526,19.36157],[103.95268,19.36109],[103.95299,19.35949],[103.95311,19.35851],[103.9531,19.3585],[103.95267,19.35768],[103.95196,19.35723],[103.95076,19.35689],[103.94998,19.35667],[103.94843,19.35622],[103.94648,19.35494],[103.9403,19.35056],[103.94011,19.35043],[103.93982,19.35019],[103.93425,19.34628],[103.93105,19.34427],[103.92871,19.34342],[103.92729,19.3429],[103.92502,19.34262],[103.92125,19.34245],[103.92086,19.34245],[103.91981,19.3422],[103.91927,19.34173],[103.91871,19.3406],[103.9181,19.33787],[103.91747,19.33652],[103.91707,19.33581],[103.91695,19.33562],[103.91631,19.3345],[103.9142,19.33283],[103.91233,19.33174],[103.90951,19.33035],[103.90764,19.32976],[103.90643,19.32967],[103.90397,19.33004],[103.90101,19.33069],[103.89942,19.33087],[103.89594,19.33086],[103.8947,19.33068],[103.89325,19.32999],[103.89178,19.32915],[103.89031,19.32863],[103.88916,19.32811],[103.88909,19.32802],[103.88798,19.32672],[103.88726,19.3261],[103.88629,19.32594],[103.88505,19.32603],[103.88422,19.32585],[103.88351,19.32515],[103.88305,19.32413],[103.88283,19.32249],[103.88266,19.32198],[103.88217,19.32153],[103.88121,19.32104],[103.87852,19.32016],[103.87688,19.31959],[103.87618,19.31898],[103.87549,19.3176],[103.87533,19.31664],[103.8755,19.31423],[103.87476,19.31176],[103.87471,19.31086],[103.87541,19.30694],[103.876,19.30573],[103.87766,19.30525],[103.87798,19.30518],[103.87867,19.30507],[103.88178,19.30467],[103.88393,19.30334],[103.8844,19.30139],[103.88483,19.30084],[103.8855,19.30041],[103.88682,19.3001],[103.88721,19.30004],[103.88794,19.30013],[103.88841,19.30025],[103.88966,19.30066],[103.89049,19.30108],[103.89095,19.30146],[103.89144,19.30199],[103.8916,19.30224],[103.89171,19.30252],[103.89172,19.30277],[103.89169,19.30403],[103.89184,19.30451],[103.89242,19.30576],[103.89258,19.30604],[103.89289,19.3063],[103.89354,19.30674],[103.89391,19.30693],[103.89486,19.30734],[103.89553,19.30734],[103.89577,19.30739],[103.89637,19.30764],[103.89684,19.30794],[103.89702,19.30804],[103.89943,19.30876],[103.89997,19.30884],[103.90352,19.30731],[103.90465,19.30686],[103.90643,19.30582],[103.90693,19.30553],[103.90819,19.30518],[103.91037,19.30457],[103.91332,19.30358],[103.91481,19.30289],[103.91569,19.30248],[103.91595,19.30236],[103.91598,19.30234],[103.91861,19.29946],[103.91767,19.29775],[103.9169,19.29635],[103.91799,19.29528],[103.92171,19.29165],[103.92405,19.28542],[103.92414,19.28517],[103.92735,19.28267],[103.93706,19.27439],[103.94548,19.26771],[103.94647,19.26697],[103.94745,19.26573],[103.95238,19.26049],[103.95363,19.25926],[103.95587,19.25702],[103.95789,19.25479],[103.9608,19.25227],[103.96197,19.25113],[103.9633,19.25055],[103.96491,19.25005],[103.96679,19.24873],[103.96817,19.24783],[103.97179,19.24569],[103.97429,19.24473],[103.97684,19.2436],[103.97768,19.24361],[103.97924,19.24408],[103.98098,19.24401],[103.98276,19.2433],[103.98606,19.24175],[103.98995,19.23984],[103.99115,19.23941],[103.99334,19.23887],[103.99472,19.23803],[103.9954,19.23672],[103.99697,19.2339],[103.99783,19.2317],[103.99837,19.23086],[103.99983,19.23044],[104.00207,19.22938],[104.00265,19.22919],[104.00306,19.22966],[104.00378,19.23047],[104.00706,19.23193],[104.00994,19.23368],[104.01181,19.23422],[104.01521,19.23468],[104.01703,19.2354],[104.01927,19.23648],[104.02114,19.23662],[104.0238,19.23655],[104.02488,19.23673],[104.02567,19.23691],[104.02623,19.23701],[104.02662,19.23707],[104.02683,19.23706],[104.02861,19.23702],[104.02987,19.23738],[104.0321,19.23828],[104.03691,19.23973],[104.03961,19.24027],[104.04195,19.24024],[104.04382,19.24025],[104.04587,19.24111],[104.04685,19.24174],[104.04773,19.24231],[104.04821,19.24297],[104.04999,19.24238],[104.0512,19.24104],[104.05192,19.24098],[104.05191,19.24171],[104.0519,19.24215],[104.05279,19.24273],[104.05408,19.24266],[104.05591,19.24191],[104.05807,19.24033],[104.05994,19.23962],[104.06115,19.2403],[104.06222,19.24203],[104.0651,19.24418],[104.06771,19.24535],[104.07022,19.24687],[104.07087,19.24711],[104.0713,19.24697],[104.07157,19.24672],[104.07313,19.24856],[104.07696,19.25153],[104.07987,19.25393],[104.08206,19.25749],[104.08587,19.26519],[104.0858,19.2692],[104.0853,19.27232],[104.08509,19.27398],[104.08482,19.27788],[104.08454,19.28286],[104.08457,19.28463],[104.08532,19.28619],[104.08662,19.28856],[104.08838,19.29349],[104.08865,19.2962],[104.08675,19.29878],[104.08116,19.30187],[104.077,19.30208],[104.07086,19.3039],[104.06688,19.30929],[104.06713,19.31301],[104.06716,19.31353],[104.06706,19.31398],[104.06621,19.31587],[104.06462,19.31716],[104.06339,19.31796],[104.06042,19.31945],[104.05932,19.31992],[104.05827,19.32028],[104.05751,19.32034],[104.05695,19.32033],[104.05663,19.32032],[104.05608,19.3205],[104.05505,19.32104],[104.05446,19.32144],[104.05342,19.32263],[104.05336,19.32284],[104.05261,19.32614],[104.05231,19.32777],[104.05217,19.32916],[104.0522,19.32945],[104.05245,19.33087],[104.05257,19.33143],[104.05273,19.33197],[104.04962,19.33455],[104.04454,19.33524],[104.04227,19.33411],[104.04091,19.33317],[104.03602,19.33027],[104.03499,19.3297],[104.03441,19.32964],[104.03417,19.32962],[104.03322,19.33003],[104.0311,19.33124],[104.03055,19.33179],[104.02764,19.33448],[104.0252,19.33597],[104.02389,19.3364],[104.0216,19.33715],[104.01719,19.33778],[104.01323,19.3377],[104.01064,19.33775],[104.00856,19.33816],[104.00796,19.33866],[104.00749,19.33905],[104.00654,19.33994],[104.00602,19.34155],[104.00602,19.34303],[104.00601,19.34334],[104.00625,19.34543],[104.00668,19.34789],[104.00748,19.35088],[104.0082,19.35342],[104.00876,19.35531],[104.00924,19.35737],[104.0095,19.3585],[104.01017,19.36216],[104.01033,19.36305],[104.01169,19.37142],[104.01231,19.37759],[104.01269,19.38023],[104.01369,19.38262],[104.01544,19.38488],[104.01734,19.38632],[104.0202,19.38821],[104.02483,19.3899],[104.0284,19.39093],[104.02821,19.39797],[104.02941,19.4022],[104.02808,19.40854],[104.02777,19.40997],[104.02765,19.41023],[104.02753,19.41042],[104.02604,19.41228],[104.02455,19.41366]]]},"properties":{"commune_code":"16858","commune_name":"Xã Mường Típ","commune_kind":"XA","province_code":"40","province_name":"Tỉnh Nghệ An","area_km2":217.66,"valid_from":"16/6/2025","published":"13/07/2025","area_km2_geom":217.51480337645478,"quality_flag":null,"population":6412.0,"population_wp":6832.6541063040495,"anchor_ratio":0.9384347429623374,"pop_source":"WORLDPOP2025_ANCHORED_VNSDI","pop_density_ppkm2":29.478453422329583,"n_stations":0,"n_ports":0,"power_kw_site":0.0,"ports_per_10k_pop":0.0,"util_mean_port_weighted":null,"dist_station_m_pop_weighted":75027.65784950687}},{"type":"Feature","geometry":{"type":"Polygon","coordinates":[[[104.23257,19.31541],[104.22992,19.31576],[104.22917,19.31559],[104.22706,19.31511],[104.22345,19.31125],[104.22282,19.30359],[104.22195,19.30252],[104.22066,19.3013],[104.21986,19.30081],[104.21881,19.3005],[104.21795,19.30068],[104.21619,19.30137],[104.21369,19.30243],[104.20892,19.30267],[104.20575,19.30214],[104.20336,19.3022],[104.20096,19.30264],[104.1988,19.30339],[104.19781,19.30376],[104.19771,19.30381],[104.19764,19.3039],[104.19755,19.30405],[104.19743,19.30436],[104.19736,19.30466],[104.19731,19.30489],[104.19732,19.30512],[104.19734,19.30553],[104.19735,19.30558],[104.19731,19.3057],[104.19729,19.30574],[104.19725,19.30581],[104.19712,19.30591],[104.19699,19.30599],[104.19698,19.30599],[104.19663,19.3061],[104.19648,19.30613],[104.19549,19.30623],[104.19253,19.30633],[104.19051,19.30629],[104.1876,19.30576],[104.18404,19.30756],[104.17979,19.31021],[104.17382,19.31213],[104.17332,19.31213],[104.17245,19.31216],[104.17128,19.31225],[104.17049,19.31236],[104.17003,19.31246],[104.16825,19.31289],[104.16645,19.30937],[104.16591,19.30879],[104.16439,19.30841],[104.16397,19.30832],[104.16354,19.3083],[104.1617,19.30823],[104.15887,19.30825],[104.15218,19.30599],[104.15217,19.30598],[104.15154,19.30565],[104.15105,19.30552],[104.14943,19.30511],[104.14903,19.30502],[104.14832,19.30494],[104.1477,19.3049],[104.14734,19.30488],[104.14669,19.30486],[104.14635,19.30487],[104.14602,19.30491],[104.14517,19.30505],[104.14272,19.30547],[104.13455,19.3054],[104.12924,19.30434],[104.12446,19.30331],[104.11297,19.3011],[104.10644,19.30197],[104.10419,19.30323],[104.10172,19.30407],[104.10069,19.30441],[104.10033,19.30448],[104.10022,19.30447],[104.10006,19.30442],[104.10005,19.30442],[104.09956,19.3041],[104.09904,19.3036],[104.09883,19.30337],[104.09875,19.30319],[104.09876,19.30308],[104.0988,19.30294],[104.09767,19.30115],[104.09421,19.29892],[104.09236,19.29799],[104.08865,19.2962],[104.08838,19.29349],[104.08662,19.28856],[104.08532,19.28619],[104.08457,19.28463],[104.08454,19.28286],[104.08482,19.27788],[104.08509,19.27398],[104.0853,19.27232],[104.0858,19.2692],[104.08587,19.26519],[104.08206,19.25749],[104.07987,19.25393],[104.07696,19.25153],[104.07313,19.24856],[104.07157,19.24672],[104.07224,19.24613],[104.07285,19.2444],[104.07347,19.24342],[104.07473,19.24272],[104.07599,19.24147],[104.07624,19.24117],[104.07685,19.23993],[104.0777,19.23852],[104.07896,19.23786],[104.07944,19.23776],[104.08126,19.23738],[104.08257,19.23668],[104.08333,19.23544],[104.0836,19.23499],[104.08427,19.23362],[104.08684,19.23345],[104.08857,19.2328],[104.09035,19.23134],[104.0919,19.23046],[104.09401,19.22927],[104.09509,19.22728],[104.09581,19.2248],[104.09694,19.22271],[104.09898,19.21935],[104.09941,19.21904],[104.10131,19.21768],[104.10096,19.21639],[104.1009,19.21617],[104.10125,19.21499],[104.10333,19.21203],[104.10468,19.21515],[104.10743,19.21806],[104.11076,19.22142],[104.11273,19.22346],[104.11285,19.22331],[104.11407,19.22184],[104.11546,19.22182],[104.11625,19.22181],[104.11802,19.21962],[104.12065,19.21701],[104.12197,19.21533],[104.12319,19.21343],[104.12395,19.21245],[104.12452,19.21072],[104.12532,19.209],[104.12673,19.2074],[104.12936,19.20502],[104.13011,19.20427],[104.13123,19.20365],[104.13282,19.20459],[104.13496,19.20505],[104.13707,19.20497],[104.13898,19.20435],[104.14151,19.20334],[104.14418,19.20154],[104.14783,19.20035],[104.15115,19.19957],[104.15484,19.19928],[104.15909,19.19898],[104.16316,19.19896],[104.1647,19.19892],[104.16723,19.19822],[104.17279,19.197],[104.17475,19.19697],[104.17732,19.19689],[104.17984,19.19752],[104.18161,19.19793],[104.1841,19.19532],[104.18678,19.19263],[104.18831,19.1895],[104.18871,19.18855],[104.19041,19.18576],[104.19215,19.18341],[104.19393,19.18173],[104.19459,19.18054],[104.19494,19.1757],[104.19537,19.17321],[104.19693,19.17111],[104.19749,19.16949],[104.19792,19.16754],[104.19812,19.16581],[104.19831,19.16443],[104.19902,19.16328],[104.20089,19.16125],[104.20272,19.16099],[104.2044,19.1606],[104.20655,19.16034],[104.20865,19.15982],[104.21385,19.16014],[104.22448,19.15682],[104.22622,19.15314],[104.22649,19.14814],[104.21997,19.1423],[104.21919,19.14046],[104.21955,19.13894],[104.21927,19.13617],[104.21775,19.13475],[104.21827,19.13362],[104.21934,19.13204],[104.21938,19.13037],[104.21736,19.12623],[104.2134,19.12333],[104.21419,19.12028],[104.21558,19.11966],[104.21788,19.11848],[104.22548,19.11476],[104.22885,19.11363],[104.23208,19.11275],[104.234,19.11192],[104.23521,19.11223],[104.23702,19.11344],[104.23996,19.11421],[104.24155,19.1143],[104.24365,19.11369],[104.24613,19.11272],[104.24777,19.11242],[104.24877,19.1115],[104.2503,19.11012],[104.25165,19.11092],[104.25346,19.11231],[104.25649,19.11423],[104.25905,19.11557],[104.2605,19.11571],[104.26259,19.11612],[104.26441,19.11622],[104.266,19.11684],[104.26842,19.1181],[104.27084,19.11926],[104.27299,19.11971],[104.27687,19.11997],[104.27882,19.12005],[104.28125,19.11992],[104.28613,19.11754],[104.29031,19.11681],[104.29561,19.11219],[104.30021,19.11342],[104.30126,19.11219],[104.30316,19.11351],[104.30345,19.11379],[104.30392,19.11432],[104.3042,19.11488],[104.3043,19.11539],[104.30465,19.12015],[104.30424,19.12291],[104.30394,19.12366],[104.30363,19.12458],[104.3035,19.12553],[104.30347,19.12583],[104.30351,19.1261],[104.30366,19.12642],[104.30446,19.12737],[104.30696,19.12977],[104.3073,19.13008],[104.31026,19.13288],[104.31732,19.13927],[104.32224,19.14466],[104.32494,19.14855],[104.33145,19.15963],[104.3332,19.16483],[104.33575,19.16897],[104.3358,19.16901],[104.33716,19.17171],[104.33722,19.17182],[104.33725,19.17188],[104.33725,19.1719],[104.33727,19.17202],[104.33722,19.17212],[104.33714,19.1723],[104.33671,19.17283],[104.33357,19.17581],[104.33319,19.17608],[104.3327,19.17629],[104.33124,19.1845],[104.32848,19.18664],[104.31765,19.1932],[104.31335,19.19697],[104.31342,19.19729],[104.31342,19.19731],[104.31342,19.19759],[104.3134,19.19792],[104.31329,19.1982],[104.31321,19.19838],[104.31293,19.19896],[104.3122,19.1997],[104.31124,19.20047],[104.31105,19.20058],[104.31091,19.2006],[104.31071,19.20063],[104.30443,19.20108],[104.30022,19.20142],[104.30009,19.20198],[104.29986,19.2024],[104.29949,19.20306],[104.2982,19.20481],[104.29818,19.20483],[104.29744,19.20574],[104.29437,19.20622],[104.29275,19.20665],[104.29056,19.2076],[104.28892,19.20833],[104.28665,19.20943],[104.28445,19.21044],[104.27657,19.21272],[104.27121,19.21425],[104.27073,19.21446],[104.27061,19.21481],[104.27111,19.22398],[104.27143,19.2268],[104.26944,19.22912],[104.26792,19.23078],[104.26948,19.23701],[104.26979,19.23891],[104.26981,19.23925],[104.26976,19.23957],[104.26951,19.23984],[104.2687,19.24003],[104.26814,19.24018],[104.26786,19.24043],[104.26766,19.24087],[104.26661,19.24325],[104.26661,19.24346],[104.26815,19.24505],[104.26841,19.24508],[104.27004,19.24517],[104.27593,19.24739],[104.28043,19.25283],[104.28063,19.25631],[104.28074,19.25933],[104.28116,19.26193],[104.28189,19.26454],[104.28296,19.26724],[104.28618,19.27027],[104.28955,19.28211],[104.29001,19.28449],[104.28696,19.2869],[104.28659,19.28716],[104.28581,19.28757],[104.28335,19.28875],[104.28287,19.28898],[104.28199,19.28926],[104.28127,19.28941],[104.28091,19.28946],[104.27677,19.28961],[104.27601,19.28948],[104.27556,19.28945],[104.27514,19.28947],[104.2707,19.29041],[104.26986,19.29089],[104.2695,19.29122],[104.26907,19.2917],[104.26352,19.29793],[104.26126,19.30196],[104.26142,19.30302],[104.2604,19.30549],[104.25998,19.30648],[104.25723,19.30676],[104.25541,19.30689],[104.25111,19.30941],[104.24853,19.31259],[104.23994,19.31338],[104.23257,19.31541]]]},"properties":{"commune_code":"16870","commune_name":"Xã Na Ngoi","commune_kind":"XA","province_code":"40","province_name":"Tỉnh Nghệ An","area_km2":341.25,"valid_from":"16/6/2025","published":"13/07/2025","area_km2_geom":341.479171852035,"quality_flag":null,"population":9536.0,"population_wp":12339.566395804286,"anchor_ratio":0.7727986295565816,"pop_source":"WORLDPOP2025_ANCHORED_VNSDI","pop_density_ppkm2":27.92556848571721,"n_stations":0,"n_ports":0,"power_kw_site":0.0,"ports_per_10k_pop":0.0,"util_mean_port_weighted":null,"dist_station_m_pop_weighted":45464.39980954946}},{"type":"Feature","geometry":{"type":"Polygon","coordinates":[[[104.3547,19.34651],[104.35402,19.34708],[104.35325,19.3469],[104.35276,19.34668],[104.35265,19.34644],[104.35254,19.34464],[104.35256,19.34306],[104.35262,19.3423],[104.35297,19.34081],[104.35305,19.34046],[104.35338,19.33847],[104.35333,19.33684],[104.35331,19.3367],[104.3531,19.33516],[104.35297,19.33488],[104.34946,19.32816],[104.34038,19.32374],[104.33538,19.32198],[104.33345,19.32178],[104.32912,19.31764],[104.33155,19.31271],[104.32788,19.31025],[104.32654,19.30781],[104.32574,19.30585],[104.32138,19.30199],[104.30769,19.29781],[104.30661,19.29769],[104.30618,19.2976],[104.29958,19.29219],[104.29756,19.28993],[104.29298,19.28613],[104.29231,19.28563],[104.29001,19.28449],[104.28955,19.28211],[104.28618,19.27027],[104.28296,19.26724],[104.28189,19.26454],[104.28116,19.26193],[104.28074,19.25933],[104.28063,19.25631],[104.28043,19.25283],[104.27593,19.24739],[104.27004,19.24517],[104.26841,19.24508],[104.26815,19.24505],[104.26661,19.24346],[104.26661,19.24325],[104.26766,19.24087],[104.26786,19.24043],[104.26814,19.24018],[104.2687,19.24003],[104.26951,19.23984],[104.26976,19.23957],[104.26981,19.23925],[104.26979,19.23891],[104.26948,19.23701],[104.26792,19.23078],[104.26944,19.22912],[104.27143,19.2268],[104.27111,19.22398],[104.27061,19.21481],[104.27073,19.21446],[104.27121,19.21425],[104.27657,19.21272],[104.28445,19.21044],[104.28665,19.20943],[104.28892,19.20833],[104.29056,19.2076],[104.29275,19.20665],[104.29437,19.20622],[104.29744,19.20574],[104.29818,19.20483],[104.2982,19.20481],[104.29949,19.20306],[104.29986,19.2024],[104.30009,19.20198],[104.30022,19.20142],[104.30443,19.20108],[104.31071,19.20063],[104.31091,19.2006],[104.31105,19.20058],[104.31124,19.20047],[104.3122,19.1997],[104.31293,19.19896],[104.31321,19.19838],[104.31329,19.1982],[104.3134,19.19792],[104.31342,19.19759],[104.31342,19.19731],[104.31342,19.19729],[104.31335,19.19697],[104.31765,19.1932],[104.32848,19.18664],[104.33124,19.1845],[104.3327,19.17629],[104.33319,19.17608],[104.33357,19.17581],[104.33671,19.17283],[104.33714,19.1723],[104.33722,19.17212],[104.33727,19.17202],[104.33725,19.1719],[104.33725,19.17188],[104.33722,19.17182],[104.33716,19.17171],[104.3358,19.16901],[104.33575,19.16897],[104.3332,19.16483],[104.33145,19.15963],[104.32494,19.14855],[104.32224,19.14466],[104.31732,19.13927],[104.31026,19.13288],[104.3073,19.13008],[104.30857,19.12872],[104.3121,19.12721],[104.31567,19.12607],[104.31615,19.12591],[104.31875,19.12569],[104.32539,19.12643],[104.33157,19.12894],[104.3319,19.12923],[104.33202,19.12932],[104.3373,19.13189],[104.3382,19.13185],[104.33981,19.13156],[104.34176,19.13129],[104.34204,19.13128],[104.34229,19.13131],[104.34486,19.13175],[104.34524,19.13187],[104.34564,19.13206],[104.34609,19.13229],[104.347,19.13284],[104.3484,19.13382],[104.34849,19.13392],[104.35187,19.14092],[104.35241,19.14205],[104.35254,19.14231],[104.35394,19.14687],[104.35421,19.14986],[104.35435,19.15025],[104.35447,19.15057],[104.3547,19.15115],[104.35501,19.15173],[104.35506,19.15181],[104.35922,19.15798],[104.36192,19.16002],[104.36231,19.15976],[104.36271,19.15962],[104.36316,19.15953],[104.36643,19.15934],[104.36701,19.15931],[104.36783,19.15932],[104.36812,19.15937],[104.36831,19.15944],[104.36851,19.15959],[104.36903,19.16003],[104.37108,19.16205],[104.37889,19.1648],[104.38529,19.16737],[104.38572,19.16916],[104.38614,19.17056],[104.38681,19.17229],[104.38692,19.17255],[104.38704,19.17273],[104.38717,19.17291],[104.38731,19.17308],[104.38739,19.17313],[104.38865,19.17362],[104.38909,19.17378],[104.38934,19.17385],[104.38972,19.17394],[104.39889,19.17457],[104.40238,19.17371],[104.40845,19.17551],[104.40873,19.17562],[104.40887,19.17576],[104.40889,19.17589],[104.40887,19.17603],[104.4082,19.17893],[104.40807,19.17945],[104.40795,19.1798],[104.40785,19.17996],[104.40775,19.18014],[104.4074,19.18076],[104.40703,19.18155],[104.4069,19.18195],[104.40671,19.18257],[104.40668,19.1828],[104.40669,19.18288],[104.40678,19.18313],[104.40685,19.18332],[104.40691,19.18346],[104.40724,19.18413],[104.40872,19.18691],[104.40993,19.18799],[104.41173,19.18931],[104.41629,19.19156],[104.41841,19.19239],[104.42158,19.19309],[104.42406,19.19335],[104.42446,19.19329],[104.4246,19.1933],[104.4247,19.19332],[104.42502,19.19345],[104.4254,19.19365],[104.42674,19.19437],[104.42702,19.19452],[104.42714,19.19462],[104.4283,19.19675],[104.42936,19.19914],[104.42945,19.19944],[104.4308,19.20444],[104.43043,19.20634],[104.43012,19.20777],[104.4336,19.21058],[104.4343,19.2109],[104.44009,19.21125],[104.4403,19.21125],[104.44044,19.21123],[104.44054,19.21119],[104.44108,19.21079],[104.44185,19.2101],[104.4427,19.20922],[104.44334,19.20874],[104.44441,19.20815],[104.44483,19.20793],[104.44543,19.20769],[104.44588,19.20753],[104.44946,19.20634],[104.45155,19.20665],[104.46097,19.20944],[104.46345,19.21048],[104.46363,19.21057],[104.46702,19.21281],[104.46878,19.21422],[104.4716,19.21748],[104.47217,19.21887],[104.47205,19.21947],[104.47202,19.21988],[104.47205,19.22011],[104.4721,19.22031],[104.47223,19.22089],[104.4723,19.22102],[104.47242,19.22117],[104.47265,19.2213],[104.47283,19.22138],[104.47591,19.22279],[104.4787,19.22384],[104.48284,19.22526],[104.48648,19.22647],[104.48673,19.22647],[104.48691,19.22645],[104.48727,19.22635],[104.48959,19.22556],[104.49178,19.2248],[104.49304,19.22444],[104.49323,19.22443],[104.49537,19.22451],[104.4955,19.22455],[104.49565,19.22459],[104.50086,19.22825],[104.50186,19.23016],[104.50251,19.23111],[104.50253,19.23114],[104.50254,19.23115],[104.50254,19.23116],[104.50255,19.23116],[104.50261,19.23117],[104.50276,19.23118],[104.50401,19.23109],[104.50802,19.23049],[104.51134,19.23021],[104.51461,19.23001],[104.52031,19.22985],[104.52208,19.22987],[104.52247,19.22997],[104.52269,19.23007],[104.52412,19.23081],[104.52473,19.2313],[104.52604,19.23271],[104.52625,19.23299],[104.52652,19.23348],[104.5267,19.23388],[104.52674,19.23409],[104.53303,19.24279],[104.53396,19.24925],[104.53425,19.2502],[104.53472,19.25137],[104.53488,19.25155],[104.53507,19.25167],[104.53706,19.25253],[104.53868,19.257],[104.53938,19.26067],[104.53868,19.26426],[104.53612,19.26943],[104.53554,19.27041],[104.53473,19.27155],[104.53364,19.27243],[104.53285,19.27298],[104.53188,19.27711],[104.53258,19.28009],[104.53257,19.28027],[104.53244,19.28189],[104.53233,19.2828],[104.532,19.28417],[104.53129,19.28634],[104.53109,19.28676],[104.5309,19.287],[104.53013,19.28773],[104.5291,19.28863],[104.52888,19.29363],[104.52988,19.29661],[104.53052,19.29774],[104.53122,19.29939],[104.53135,19.29974],[104.53133,19.30143],[104.52952,19.30208],[104.52617,19.30317],[104.52534,19.30334],[104.52448,19.30334],[104.52343,19.30321],[104.52288,19.30303],[104.51892,19.30178],[104.51733,19.3013],[104.51494,19.30058],[104.51431,19.3005],[104.51352,19.30053],[104.51289,19.30059],[104.51167,19.30083],[104.50251,19.30001],[104.50057,19.29961],[104.49979,19.2995],[104.49895,19.29948],[104.49827,19.29951],[104.49758,19.29968],[104.49483,19.30079],[104.48725,19.30399],[104.48676,19.30421],[104.4867,19.30424],[104.48579,19.30487],[104.48414,19.30612],[104.48299,19.30702],[104.48232,19.30755],[104.4778,19.30996],[104.47245,19.31129],[104.46863,19.3119],[104.46637,19.31514],[104.46673,19.31569],[104.46713,19.31641],[104.46735,19.31686],[104.46776,19.31845],[104.46725,19.31923],[104.46523,19.32109],[104.46473,19.32144],[104.46414,19.32166],[104.46259,19.32214],[104.46223,19.32223],[104.45552,19.32508],[104.45319,19.3261],[104.45074,19.32545],[104.44824,19.32443],[104.44807,19.32436],[104.44757,19.3241],[104.44716,19.32379],[104.44697,19.32354],[104.44621,19.32229],[104.44534,19.32114],[104.44524,19.32102],[104.44404,19.31977],[104.44353,19.31935],[104.44308,19.3191],[104.44156,19.3183],[104.43756,19.31678],[104.43387,19.3159],[104.43275,19.31569],[104.43191,19.31569],[104.43138,19.3158],[104.43062,19.3162],[104.42979,19.31604],[104.42814,19.31562],[104.42793,19.31553],[104.42773,19.31537],[104.42756,19.31509],[104.42645,19.31318],[104.42488,19.31038],[104.42123,19.30341],[104.42102,19.30229],[104.42129,19.30165],[104.42315,19.30115],[104.42467,19.30054],[104.42473,19.30037],[104.42428,19.30012],[104.42228,19.29914],[104.42147,19.29897],[104.42017,19.2988],[104.41561,19.29821],[104.41312,19.29864],[104.41001,19.29971],[104.40891,19.30015],[104.40859,19.30028],[104.40742,19.30078],[104.4073,19.30084],[104.40702,19.30123],[104.40204,19.30109],[104.39821,19.29925],[104.39273,19.30084],[104.3891,19.30214],[104.38721,19.3033],[104.38627,19.30451],[104.38605,19.30467],[104.38425,19.3055],[104.38366,19.30576],[104.38342,19.30585],[104.37859,19.3075],[104.37418,19.30862],[104.37097,19.30912],[104.36947,19.30945],[104.36837,19.31076],[104.36619,19.31351],[104.36608,19.31366],[104.36606,19.31373],[104.36607,19.31395],[104.36616,19.31487],[104.36622,19.31508],[104.3663,19.31526],[104.36649,19.31543],[104.3716,19.32006],[104.37375,19.32154],[104.37493,19.32259],[104.3752,19.32283],[104.37532,19.32297],[104.3754,19.32316],[104.37563,19.3246],[104.37567,19.32504],[104.37566,19.32513],[104.37563,19.32527],[104.37552,19.32541],[104.37398,19.3269],[104.36959,19.3319],[104.36682,19.33602],[104.35921,19.34269],[104.3547,19.34651]]]},"properties":{"commune_code":"16876","commune_name":"Xã Tương Dương","commune_kind":"XA","province_code":"40","province_name":"Tỉnh Nghệ An","area_km2":330.95,"valid_from":"16/6/2025","published":"13/07/2025","area_km2_geom":342.74524786560943,"quality_flag":null,"population":18478.999999999996,"population_wp":18400.964022554457,"anchor_ratio":1.004240863541165,"pop_source":"WORLDPOP2025_ANCHORED_VNSDI","pop_density_ppkm2":53.91467894908822,"n_stations":1,"n_ports":4,"power_kw_site":120.0,"ports_per_10k_pop":2.1646192975810385,"util_mean_port_weighted":0.0776173285198556,"dist_station_m_pop_weighted":9752.849953782317}},{"type":"Feature","geometry":{"type":"Polygon","coordinates":[[[104.4433,19.65848],[104.44261,19.65849],[104.44163,19.65813],[104.44109,19.65791],[104.44079,19.65766],[104.43749,19.65325],[104.43704,19.64955],[104.43492,19.64493],[104.43308,19.64457],[104.43029,19.64319],[104.42885,19.64243],[104.42859,19.64215],[104.42797,19.64111],[104.42615,19.63697],[104.42501,19.63277],[104.42288,19.63106],[104.42019,19.62905],[104.41772,19.62718],[104.41735,19.62686],[104.41706,19.62661],[104.41617,19.62547],[104.41539,19.62434],[104.41514,19.62388],[104.41507,19.62358],[104.41506,19.62327],[104.41507,19.62178],[104.41511,19.62092],[104.4151,19.62044],[104.41507,19.62],[104.41499,19.61961],[104.41485,19.61913],[104.41469,19.61891],[104.41433,19.6185],[104.41413,19.6183],[104.41355,19.618],[104.41163,19.61758],[104.41041,19.61737],[104.40832,19.61718],[104.40778,19.61718],[104.40743,19.61722],[104.40713,19.61735],[104.40626,19.61802],[104.4051,19.61892],[104.40462,19.6192],[104.40429,19.61937],[104.40389,19.61949],[104.40331,19.61966],[104.40285,19.61975],[104.40253,19.6198],[104.40214,19.61979],[104.40185,19.6197],[104.40128,19.61935],[104.40077,19.6189],[104.39945,19.61753],[104.3989,19.61692],[104.39847,19.61633],[104.39776,19.61543],[104.39713,19.61462],[104.39477,19.61329],[104.39456,19.61318],[104.39416,19.61307],[104.39374,19.61303],[104.39318,19.61303],[104.3922,19.61317],[104.39181,19.61365],[104.39135,19.61423],[104.39082,19.61486],[104.39011,19.61561],[104.38965,19.61607],[104.38889,19.6167],[104.38824,19.61716],[104.38634,19.61818],[104.38568,19.61852],[104.38546,19.61854],[104.38516,19.61851],[104.38497,19.61838],[104.3821,19.61388],[104.38188,19.61244],[104.38199,19.61196],[104.38318,19.60975],[104.38341,19.60952],[104.38945,19.60455],[104.39197,19.60275],[104.39241,19.60266],[104.39279,19.60254],[104.39382,19.60207],[104.39467,19.60155],[104.39554,19.60098],[104.39591,19.60059],[104.396,19.60031],[104.39593,19.60015],[104.39577,19.59979],[104.3938,19.59612],[104.39334,19.59246],[104.39362,19.58447],[104.39369,19.58349],[104.39403,19.58339],[104.39972,19.58259],[104.4007,19.58227],[104.40216,19.58164],[104.40269,19.58134],[104.4041,19.58056],[104.40555,19.57971],[104.40762,19.57849],[104.40944,19.57731],[104.41009,19.57682],[104.41017,19.57676],[104.41021,19.57671],[104.41058,19.57619],[104.41112,19.57525],[104.41225,19.57288],[104.41301,19.57152],[104.41461,19.56909],[104.41561,19.56781],[104.41637,19.56709],[104.41855,19.56547],[104.41993,19.56451],[104.42044,19.56422],[104.42147,19.56395],[104.4227,19.56402],[104.42393,19.56421],[104.42685,19.56351],[104.42833,19.55728],[104.42808,19.55395],[104.42703,19.55012],[104.42667,19.54816],[104.42666,19.5478],[104.42672,19.54736],[104.42676,19.5471],[104.42708,19.54654],[104.42771,19.54571],[104.42786,19.54541],[104.42789,19.54536],[104.42796,19.54498],[104.42796,19.54497],[104.42796,19.54489],[104.42794,19.54455],[104.42789,19.54431],[104.42769,19.54378],[104.42754,19.5435],[104.42726,19.54308],[104.4267,19.54251],[104.42664,19.54245],[104.42613,19.54213],[104.42182,19.54063],[104.41623,19.53915],[104.4123,19.53767],[104.41263,19.53668],[104.41419,19.53364],[104.41561,19.53054],[104.41591,19.52274],[104.41563,19.52012],[104.4145,19.51857],[104.41692,19.51421],[104.41885,19.51017],[104.41848,19.50909],[104.41842,19.50879],[104.4184,19.50869],[104.41834,19.50838],[104.41826,19.50776],[104.418,19.50511],[104.41821,19.50455],[104.41845,19.5044],[104.41949,19.50397],[104.41949,19.50397],[104.41974,19.50389],[104.41975,19.50388],[104.42076,19.50354],[104.421,19.50348],[104.42101,19.50348],[104.42109,19.50346],[104.42117,19.50345],[104.43359,19.50153],[104.43495,19.50163],[104.4351,19.50159],[104.43569,19.50134],[104.43578,19.50124],[104.4362,19.49951],[104.43621,19.49939],[104.43601,19.49902],[104.43449,19.49721],[104.43337,19.49621],[104.43227,19.49484],[104.4317,19.49375],[104.43049,19.48919],[104.43126,19.48821],[104.43362,19.48672],[104.436,19.48528],[104.44316,19.48225],[104.44722,19.47854],[104.45323,19.47618],[104.45709,19.47562],[104.46084,19.47574],[104.46223,19.47582],[104.4635,19.47701],[104.46364,19.47771],[104.46368,19.47871],[104.46376,19.47971],[104.46382,19.47987],[104.46392,19.47997],[104.4641,19.48012],[104.46445,19.48041],[104.46457,19.48047],[104.46473,19.48054],[104.46504,19.48059],[104.4667,19.47997],[104.46728,19.47963],[104.46969,19.47979],[104.47281,19.48372],[104.47336,19.48448],[104.47528,19.48811],[104.4763,19.49054],[104.47642,19.49098],[104.47646,19.49151],[104.47647,19.49193],[104.47614,19.49305],[104.47602,19.49334],[104.47589,19.49359],[104.47582,19.49371],[104.47568,19.49389],[104.47559,19.49399],[104.4755,19.49404],[104.47524,19.49419],[104.47406,19.49505],[104.47087,19.4979],[104.47079,19.49798],[104.47066,19.49812],[104.47056,19.49826],[104.47039,19.49856],[104.4713,19.49836],[104.47143,19.49832],[104.47167,19.49825],[104.47564,19.49689],[104.47566,19.49688],[104.47581,19.4968],[104.47588,19.49677],[104.47642,19.49636],[104.47802,19.49492],[104.48037,19.49214],[104.48067,19.4901],[104.48068,19.48967],[104.4807,19.48951],[104.4808,19.4892],[104.48094,19.48898],[104.48116,19.48874],[104.48253,19.48766],[104.48377,19.48684],[104.48556,19.48578],[104.48563,19.48576],[104.48576,19.48573],[104.4862,19.4857],[104.48634,19.48569],[104.48645,19.48569],[104.48785,19.48574],[104.49262,19.48662],[104.49728,19.48502],[104.50569,19.47949],[104.50775,19.47808],[104.51073,19.47572],[104.51159,19.47466],[104.51492,19.47222],[104.52287,19.46976],[104.54216,19.47121],[104.54643,19.47295],[104.54784,19.47366],[104.551,19.48098],[104.55532,19.48736],[104.55594,19.488],[104.557,19.48927],[104.55756,19.48996],[104.55857,19.49126],[104.56022,19.4937],[104.56043,19.49404],[104.56061,19.49453],[104.56069,19.49479],[104.56073,19.49509],[104.56084,19.49595],[104.56084,19.49604],[104.56036,19.49823],[104.55893,19.4998],[104.55487,19.50529],[104.55402,19.50627],[104.55336,19.50661],[104.55324,19.50667],[104.55317,19.50666],[104.55227,19.50661],[104.55082,19.50586],[104.54973,19.5031],[104.54926,19.50075],[104.54829,19.5],[104.54666,19.50022],[104.54544,19.50159],[104.54416,19.5043],[104.54412,19.50502],[104.5448,19.51048],[104.54607,19.51257],[104.54619,19.51261],[104.54634,19.51267],[104.54642,19.51273],[104.54661,19.51289],[104.54681,19.51308],[104.54701,19.5133],[104.54713,19.51343],[104.54749,19.51395],[104.54806,19.51546],[104.54851,19.51674],[104.54822,19.52463],[104.54723,19.52787],[104.54619,19.53492],[104.5473,19.53831],[104.54839,19.53993],[104.54857,19.54016],[104.54889,19.54049],[104.54903,19.54061],[104.55211,19.54286],[104.55368,19.54341],[104.5546,19.54333],[104.55569,19.54321],[104.55588,19.54315],[104.55625,19.54305],[104.55665,19.54301],[104.55784,19.54296],[104.55836,19.54295],[104.55872,19.54294],[104.55925,19.54297],[104.56162,19.54323],[104.56193,19.54334],[104.56214,19.54345],[104.56252,19.54368],[104.56274,19.54386],[104.56296,19.54411],[104.56329,19.54456],[104.56352,19.54494],[104.56361,19.54522],[104.56435,19.54656],[104.56538,19.54827],[104.56726,19.55066],[104.56962,19.55294],[104.57179,19.55458],[104.57339,19.55556],[104.5736,19.55568],[104.57378,19.55574],[104.57579,19.55703],[104.57959,19.55967],[104.58094,19.561],[104.58389,19.56414],[104.58545,19.56649],[104.58558,19.56766],[104.5857,19.56805],[104.58582,19.56835],[104.58756,19.57242],[104.58772,19.57272],[104.58852,19.57363],[104.59151,19.57402],[104.59482,19.57396],[104.59708,19.57446],[104.59857,19.57495],[104.6008,19.57583],[104.60263,19.5768],[104.60593,19.58014],[104.61317,19.58476],[104.61767,19.58656],[104.61783,19.58661],[104.61812,19.58669],[104.61839,19.58672],[104.61952,19.58685],[104.62283,19.58712],[104.62601,19.58688],[104.62867,19.58758],[104.63108,19.58848],[104.63204,19.59087],[104.63249,19.59224],[104.63311,19.6002],[104.63235,19.60431],[104.63153,19.60809],[104.631,19.61258],[104.63105,19.61551],[104.63151,19.61694],[104.63248,19.61861],[104.63479,19.62252],[104.63497,19.62279],[104.63396,19.6237],[104.63032,19.62714],[104.62866,19.62761],[104.62645,19.62815],[104.62271,19.62823],[104.6206,19.62796],[104.6189,19.62837],[104.6189,19.62837],[104.61434,19.63237],[104.614,19.63249],[104.61234,19.63307],[104.61206,19.63317],[104.60914,19.6331],[104.604,19.63131],[104.60081,19.62973],[104.59748,19.62979],[104.59623,19.63004],[104.59594,19.63008],[104.59185,19.63063],[104.58921,19.6303],[104.5844,19.62883],[104.57908,19.62643],[104.57681,19.62422],[104.5743,19.62094],[104.57244,19.61706],[104.57188,19.61611],[104.5701,19.61433],[104.56883,19.6137],[104.56852,19.61367],[104.56834,19.61365],[104.56696,19.6135],[104.56516,19.61292],[104.56384,19.61212],[104.56127,19.61067],[104.55954,19.61046],[104.55724,19.61164],[104.55362,19.61472],[104.55349,19.61481],[104.55049,19.61707],[104.5484,19.61845],[104.54814,19.61849],[104.54611,19.61883],[104.54463,19.61829],[104.54396,19.61804],[104.54229,19.61633],[104.54006,19.61401],[104.53931,19.61324],[104.5371,19.61231],[104.53328,19.61184],[104.53071,19.61216],[104.52862,19.61249],[104.52647,19.61347],[104.52417,19.6153],[104.52223,19.61729],[104.52194,19.61759],[104.51923,19.61922],[104.51533,19.62099],[104.51323,19.62138],[104.51283,19.62151],[104.50894,19.62136],[104.50748,19.62228],[104.50671,19.62366],[104.50622,19.62575],[104.50621,19.62586],[104.50598,19.6287],[104.5053,19.63141],[104.50511,19.63185],[104.50502,19.63205],[104.50399,19.633],[104.50373,19.63326],[104.5011,19.63504],[104.50028,19.63539],[104.49875,19.6367],[104.49729,19.63925],[104.49621,19.64146],[104.49553,19.6438],[104.49512,19.64641],[104.49508,19.64798],[104.49433,19.65041],[104.49278,19.65251],[104.49099,19.65384],[104.49091,19.65386],[104.48842,19.65459],[104.48529,19.65504],[104.4814,19.65536],[104.47799,19.65496],[104.47576,19.65385],[104.47238,19.6515],[104.47103,19.65062],[104.4678,19.64902],[104.46562,19.64872],[104.46558,19.64872],[104.46256,19.6488],[104.46092,19.64919],[104.4587,19.64998],[104.45657,19.65161],[104.45445,19.65325],[104.45125,19.65526],[104.45062,19.65566],[104.44707,19.65711],[104.44621,19.65746],[104.44574,19.65762],[104.4454,19.65775],[104.44503,19.65838],[104.4433,19.65848]]]},"properties":{"commune_code":"16882","commune_name":"Xã Nhôn Mai","commune_kind":"XA","province_code":"40","province_name":"Tỉnh Nghệ An","area_km2":310.26,"valid_from":"16/6/2025","published":"13/07/2025","area_km2_geom":304.41189912484504,"quality_flag":null,"population":7060.0,"population_wp":5844.094000868499,"anchor_ratio":1.208057228194961,"pop_source":"WORLDPOP2025_ANCHORED_VNSDI","pop_density_ppkm2":23.192260290405276,"n_stations":0,"n_ports":0,"power_kw_site":0.0,"ports_per_10k_pop":0.0,"util_mean_port_weighted":null,"dist_station_m_pop_weighted":69546.80558638336}},{"type":"Feature","geometry":{"type":"Polygon","coordinates":[[[104.63372,19.5875],[104.63108,19.58848],[104.62867,19.58758],[104.62601,19.58688],[104.62283,19.58712],[104.61952,19.58685],[104.61839,19.58672],[104.61812,19.58669],[104.61783,19.58661],[104.61767,19.58656],[104.61317,19.58476],[104.60593,19.58014],[104.60263,19.5768],[104.6008,19.57583],[104.59857,19.57495],[104.59708,19.57446],[104.59482,19.57396],[104.59151,19.57402],[104.58852,19.57363],[104.58772,19.57272],[104.58756,19.57242],[104.58582,19.56835],[104.5857,19.56805],[104.58558,19.56766],[104.58545,19.56649],[104.58389,19.56414],[104.58094,19.561],[104.57959,19.55967],[104.57579,19.55703],[104.57378,19.55574],[104.5736,19.55568],[104.57339,19.55556],[104.57179,19.55458],[104.56962,19.55294],[104.56726,19.55066],[104.56538,19.54827],[104.56435,19.54656],[104.56361,19.54522],[104.56352,19.54494],[104.56329,19.54456],[104.56296,19.54411],[104.56274,19.54386],[104.56252,19.54368],[104.56214,19.54345],[104.56193,19.54334],[104.56162,19.54323],[104.55925,19.54297],[104.55872,19.54294],[104.55836,19.54295],[104.55784,19.54296],[104.55665,19.54301],[104.55625,19.54305],[104.55588,19.54315],[104.55569,19.54321],[104.5546,19.54333],[104.55368,19.54341],[104.55211,19.54286],[104.54903,19.54061],[104.54889,19.54049],[104.54857,19.54016],[104.54839,19.53993],[104.5473,19.53831],[104.54619,19.53492],[104.54723,19.52787],[104.54822,19.52463],[104.54851,19.51674],[104.54806,19.51546],[104.54749,19.51395],[104.54713,19.51343],[104.54701,19.5133],[104.54681,19.51308],[104.54661,19.51289],[104.54642,19.51273],[104.54634,19.51267],[104.54619,19.51261],[104.54607,19.51257],[104.5448,19.51048],[104.54412,19.50502],[104.54416,19.5043],[104.54544,19.50159],[104.54666,19.50022],[104.54829,19.5],[104.54926,19.50075],[104.54973,19.5031],[104.55082,19.50586],[104.55227,19.50661],[104.55317,19.50666],[104.55324,19.50667],[104.55336,19.50661],[104.55402,19.50627],[104.55487,19.50529],[104.55893,19.4998],[104.56036,19.49823],[104.56084,19.49604],[104.56084,19.49595],[104.56073,19.49509],[104.56069,19.49479],[104.56061,19.49453],[104.56043,19.49404],[104.56022,19.4937],[104.55857,19.49126],[104.55756,19.48996],[104.557,19.48927],[104.55594,19.488],[104.55532,19.48736],[104.551,19.48098],[104.54784,19.47366],[104.54804,19.47351],[104.54823,19.47339],[104.54864,19.47319],[104.54927,19.47302],[104.54947,19.47298],[104.54977,19.47295],[104.55015,19.47292],[104.55047,19.47291],[104.55094,19.47292],[104.55108,19.47295],[104.55145,19.47305],[104.55166,19.47314],[104.55194,19.47326],[104.55216,19.47337],[104.55245,19.47353],[104.55271,19.47371],[104.55314,19.47408],[104.55336,19.47425],[104.55367,19.47445],[104.55488,19.47512],[104.55508,19.47522],[104.55535,19.47532],[104.55554,19.47533],[104.55735,19.47539],[104.56006,19.4753],[104.56214,19.47497],[104.56317,19.47462],[104.56468,19.47428],[104.56686,19.47406],[104.57206,19.4753],[104.5737,19.4756],[104.58362,19.47476],[104.58618,19.47312],[104.58821,19.47099],[104.58831,19.47084],[104.58957,19.4696],[104.59026,19.46895],[104.59128,19.46817],[104.59189,19.46771],[104.59298,19.46762],[104.59893,19.46806],[104.60054,19.46856],[104.60123,19.46962],[104.60671,19.47207],[104.61477,19.47224],[104.61491,19.47224],[104.61505,19.47221],[104.61513,19.47218],[104.61513,19.47217],[104.61527,19.47086],[104.61527,19.4696],[104.61521,19.46857],[104.61461,19.46719],[104.61051,19.46098],[104.60762,19.45696],[104.6031,19.44834],[104.59962,19.44585],[104.59286,19.44461],[104.5913,19.44404],[104.58677,19.44403],[104.5825,19.44523],[104.58071,19.44595],[104.57813,19.44744],[104.57592,19.44857],[104.5739,19.44904],[104.57355,19.44891],[104.57283,19.44862],[104.57057,19.44736],[104.56962,19.44586],[104.56881,19.44329],[104.56872,19.43994],[104.5687,19.43923],[104.56946,19.43589],[104.56953,19.43194],[104.56961,19.42811],[104.56932,19.42723],[104.56861,19.425],[104.56802,19.42366],[104.56729,19.42201],[104.56534,19.42003],[104.56479,19.41977],[104.5629,19.41847],[104.5608,19.41698],[104.55874,19.41492],[104.55532,19.40821],[104.55691,19.40798],[104.55967,19.4075],[104.56364,19.40643],[104.56568,19.40236],[104.56601,19.4009],[104.56672,19.39632],[104.57722,19.38587],[104.57998,19.38371],[104.58552,19.38039],[104.59011,19.37716],[104.59027,19.3769],[104.59057,19.37643],[104.59063,19.37632],[104.59078,19.37602],[104.59159,19.37355],[104.59168,19.37317],[104.59171,19.37288],[104.59174,19.37147],[104.59167,19.37057],[104.59126,19.36851],[104.59134,19.36661],[104.59137,19.36596],[104.59148,19.36561],[104.59156,19.36549],[104.59165,19.36536],[104.59175,19.36526],[104.59187,19.36519],[104.59212,19.36516],[104.59261,19.36528],[104.5929,19.36538],[104.59307,19.36546],[104.59322,19.36555],[104.59344,19.36572],[104.59369,19.36593],[104.59443,19.36663],[104.60348,19.37151],[104.60528,19.37107],[104.60571,19.37061],[104.60603,19.37043],[104.60621,19.37039],[104.60818,19.37042],[104.61025,19.37046],[104.61453,19.37065],[104.61463,19.37066],[104.61466,19.37067],[104.61469,19.37069],[104.62536,19.37656],[104.63295,19.38318],[104.63617,19.38722],[104.63627,19.38753],[104.63635,19.38796],[104.6357,19.39005],[104.63495,19.39191],[104.63383,19.3937],[104.63254,19.39511],[104.63281,19.39701],[104.63572,19.40072],[104.63801,19.40352],[104.64099,19.40563],[104.64103,19.40564],[104.64179,19.40578],[104.64207,19.40578],[104.64295,19.40578],[104.64421,19.40674],[104.64651,19.41125],[104.64725,19.41276],[104.64868,19.41387],[104.65201,19.41493],[104.65286,19.41512],[104.65367,19.41513],[104.65589,19.4147],[104.65795,19.41413],[104.65927,19.41389],[104.66017,19.41394],[104.66224,19.41438],[104.66355,19.41481],[104.66682,19.41773],[104.67286,19.42431],[104.6742,19.43047],[104.67405,19.43247],[104.67404,19.43338],[104.67404,19.43448],[104.67455,19.43525],[104.67554,19.43569],[104.67575,19.43578],[104.68119,19.4366],[104.68568,19.43721],[104.6881,19.43695],[104.69171,19.43768],[104.69374,19.43844],[104.69972,19.44179],[104.70227,19.44493],[104.7038,19.44746],[104.70869,19.45372],[104.71006,19.45461],[104.71424,19.45798],[104.71467,19.45837],[104.71486,19.45858],[104.71504,19.45885],[104.7156,19.45987],[104.71568,19.4601],[104.71569,19.46027],[104.71566,19.4605],[104.7156,19.46098],[104.71553,19.46126],[104.71541,19.46163],[104.715,19.46223],[104.71012,19.46213],[104.70866,19.46244],[104.70776,19.46337],[104.70737,19.464],[104.70725,19.46541],[104.70722,19.46653],[104.70734,19.46856],[104.70694,19.47052],[104.70626,19.47322],[104.70605,19.47379],[104.70532,19.47528],[104.70509,19.47561],[104.70478,19.47591],[104.70444,19.47607],[104.70177,19.47896],[104.69954,19.48469],[104.7002,19.48769],[104.70062,19.48802],[104.7012,19.48879],[104.70137,19.48903],[104.70174,19.49016],[104.70173,19.4904],[104.70078,19.49569],[104.69786,19.4979],[104.69688,19.49812],[104.69476,19.49884],[104.6946,19.49891],[104.69451,19.49902],[104.69467,19.49944],[104.69486,19.49991],[104.69521,19.50067],[104.69551,19.50128],[104.69705,19.50368],[104.69772,19.50523],[104.69826,19.50693],[104.69841,19.50889],[104.69841,19.50933],[104.69832,19.50949],[104.69816,19.50957],[104.698,19.50965],[104.69751,19.50992],[104.69728,19.51006],[104.69713,19.51024],[104.69709,19.51059],[104.69769,19.51191],[104.69852,19.51342],[104.6993,19.51464],[104.69974,19.51507],[104.70008,19.51533],[104.70042,19.51628],[104.7005,19.51699],[104.70035,19.51822],[104.69507,19.52404],[104.69234,19.52574],[104.69267,19.53004],[104.69322,19.5307],[104.69364,19.53137],[104.69377,19.53208],[104.69381,19.53242],[104.69321,19.53315],[104.69268,19.5337],[104.69223,19.53399],[104.68953,19.53518],[104.68816,19.53623],[104.68626,19.53783],[104.68611,19.53799],[104.68588,19.53833],[104.68514,19.54033],[104.68253,19.54678],[104.67817,19.55358],[104.67737,19.55616],[104.67422,19.56044],[104.67315,19.561],[104.67202,19.56108],[104.671,19.56115],[104.66934,19.56121],[104.66736,19.56155],[104.66558,19.56205],[104.66494,19.56588],[104.66558,19.56874],[104.66217,19.57129],[104.65972,19.57287],[104.65658,19.57588],[104.65478,19.57929],[104.65177,19.5813],[104.64645,19.58215],[104.63721,19.58493],[104.6363,19.58535],[104.63484,19.5865],[104.63372,19.5875]]]},"properties":{"commune_code":"16885","commune_name":"Xã Hữu Khuông","commune_kind":"XA","province_code":"40","province_name":"Tỉnh Nghệ An","area_km2":263.79,"valid_from":"16/6/2025","published":"13/07/2025","area_km2_geom":263.7810786878115,"quality_flag":"DANSO_CONG_BO_QUA_THAP","population":4265.394249983132,"population_wp":4265.394249983132,"anchor_ratio":0.6890336104362739,"pop_source":"WORLDPOP2025_UNANCHORED_OFFICIAL_IMPLAUSIBLE","pop_density_ppkm2":16.170205502234996,"n_stations":0,"n_ports":0,"power_kw_site":0.0,"ports_per_10k_pop":0.0,"util_mean_port_weighted":null,"dist_station_m_pop_weighted":63172.32292956949}},{"type":"Feature","geometry":{"type":"Polygon","coordinates":[[[104.79937,19.42665],[104.79619,19.42866],[104.79311,19.42696],[104.79244,19.42662],[104.79173,19.42656],[104.78874,19.42715],[104.78829,19.42732],[104.78815,19.42746],[104.78751,19.42663],[104.78731,19.42636],[104.78712,19.42611],[104.78697,19.42584],[104.78681,19.42555],[104.78596,19.42328],[104.78538,19.4216],[104.78556,19.41881],[104.78399,19.4132],[104.78382,19.41282],[104.78365,19.41245],[104.78355,19.41229],[104.78316,19.41204],[104.78037,19.41041],[104.7787,19.40947],[104.77616,19.40815],[104.77291,19.40404],[104.77175,19.40201],[104.76932,19.39879],[104.76608,19.39582],[104.75783,19.38919],[104.75351,19.38704],[104.74846,19.38467],[104.74798,19.38474],[104.7474,19.38463],[104.7474,19.38463],[104.74702,19.38449],[104.74673,19.38428],[104.74647,19.38405],[104.74505,19.38269],[104.74461,19.38216],[104.74174,19.37718],[104.74171,19.37713],[104.7417,19.37709],[104.7417,19.37697],[104.74174,19.37682],[104.74199,19.37632],[104.74284,19.37477],[104.74313,19.37436],[104.74339,19.37402],[104.7435,19.37389],[104.74379,19.37358],[104.74425,19.37311],[104.74436,19.37303],[104.74485,19.37017],[104.74493,19.37003],[104.74583,19.36869],[104.74603,19.3685],[104.74953,19.36615],[104.75102,19.36491],[104.75238,19.36329],[104.75321,19.35927],[104.75326,19.35719],[104.75312,19.35528],[104.753,19.35495],[104.75292,19.35474],[104.75287,19.35443],[104.7529,19.35296],[104.75303,19.35229],[104.75314,19.35171],[104.75328,19.35123],[104.75377,19.35053],[104.7591,19.34615],[104.76146,19.34522],[104.76454,19.3443],[104.76522,19.34418],[104.76642,19.34423],[104.76669,19.34426],[104.76758,19.34449],[104.76813,19.34408],[104.76931,19.34304],[104.76916,19.34104],[104.76905,19.34048],[104.76895,19.34034],[104.76633,19.33745],[104.76245,19.33327],[104.75919,19.33026],[104.75898,19.33007],[104.75861,19.32924],[104.7585,19.3288],[104.75916,19.32382],[104.76119,19.31905],[104.76117,19.31885],[104.76085,19.31838],[104.75935,19.31727],[104.75885,19.31706],[104.75848,19.31694],[104.7567,19.31661],[104.75531,19.31645],[104.75367,19.31621],[104.75057,19.31547],[104.75018,19.31535],[104.74998,19.31527],[104.74987,19.31523],[104.74973,19.31502],[104.74649,19.30996],[104.74358,19.30532],[104.7412,19.30157],[104.73804,19.29757],[104.74003,19.29583],[104.74393,19.28687],[104.74425,19.28341],[104.74383,19.27838],[104.74268,19.27606],[104.74246,19.27558],[104.74231,19.27512],[104.74216,19.27448],[104.74217,19.27435],[104.7422,19.27197],[104.74302,19.26988],[104.74507,19.25976],[104.74535,19.26],[104.74563,19.26022],[104.7458,19.26029],[104.74737,19.26075],[104.74786,19.26081],[104.7493,19.26066],[104.75043,19.26048],[104.75073,19.26042],[104.75114,19.26029],[104.75145,19.26019],[104.75168,19.26011],[104.75186,19.26],[104.75193,19.25994],[104.75197,19.25987],[104.752,19.25978],[104.75203,19.25964],[104.75204,19.25945],[104.75206,19.25926],[104.75691,19.25137],[104.7571,19.25106],[104.7592,19.24593],[104.75942,19.24536],[104.7594,19.24472],[104.75927,19.24408],[104.75817,19.23948],[104.75784,19.23835],[104.75678,19.23507],[104.75551,19.22991],[104.75386,19.22209],[104.754,19.22128],[104.75481,19.21997],[104.76215,19.21366],[104.7622,19.21362],[104.76462,19.21349],[104.76816,19.21339],[104.76909,19.21081],[104.76878,19.20955],[104.76878,19.20771],[104.76878,19.20734],[104.76883,19.2063],[104.76885,19.20585],[104.76916,19.20519],[104.76967,19.20447],[104.77042,19.20394],[104.7733,19.20199],[104.77705,19.20214],[104.78726,19.20296],[104.7908,19.20385],[104.79595,19.20676],[104.79946,19.20901],[104.80269,19.21052],[104.80686,19.21112],[104.80912,19.21092],[104.81473,19.21233],[104.81836,19.21435],[104.81922,19.21449],[104.82042,19.21451],[104.82137,19.21408],[104.82343,19.21083],[104.82395,19.21022],[104.82473,19.21016],[104.83003,19.21021],[104.83717,19.21004],[104.83855,19.20929],[104.84251,19.2099],[104.84653,19.20933],[104.84686,19.20924],[104.84753,19.20947],[104.84824,19.2101],[104.84875,19.21292],[104.84858,19.21467],[104.84756,19.21678],[104.84691,19.21835],[104.84647,19.22127],[104.84647,19.22206],[104.84694,19.22249],[104.84725,19.22267],[104.84938,19.22347],[104.85187,19.22711],[104.85286,19.23373],[104.85452,19.24001],[104.85765,19.24409],[104.85813,19.24445],[104.859,19.24468],[104.86277,19.24498],[104.86401,19.24496],[104.86591,19.2444],[104.86707,19.24383],[104.86751,19.24394],[104.87004,19.24484],[104.87142,19.2455],[104.87226,19.24832],[104.87231,19.24902],[104.87212,19.24979],[104.87105,19.25035],[104.87044,19.25078],[104.86904,19.25293],[104.87205,19.2553],[104.87532,19.25778],[104.8779,19.25642],[104.87962,19.25501],[104.88095,19.25384],[104.88229,19.25344],[104.88458,19.25289],[104.88849,19.25206],[104.89088,19.25173],[104.89112,19.2525],[104.89124,19.25358],[104.89143,19.25442],[104.89226,19.25596],[104.89295,19.25652],[104.89522,19.258],[104.89593,19.25839],[104.89693,19.25857],[104.89753,19.25895],[104.90178,19.26173],[104.90275,19.26287],[104.90287,19.26367],[104.90168,19.26753],[104.90053,19.26911],[104.90017,19.27295],[104.90055,19.27783],[104.89811,19.28713],[104.89691,19.2962],[104.89968,19.30151],[104.90392,19.30306],[104.90757,19.30478],[104.90903,19.30599],[104.91141,19.30767],[104.91294,19.3084],[104.91561,19.30919],[104.91752,19.31014],[104.91919,19.31098],[104.92337,19.31403],[104.93105,19.32003],[104.93083,19.32349],[104.92883,19.32493],[104.91285,19.33888],[104.90884,19.34106],[104.90316,19.34311],[104.89774,19.34421],[104.89686,19.34441],[104.89473,19.34544],[104.89337,19.34641],[104.89182,19.34769],[104.89127,19.34826],[104.88902,19.35212],[104.88686,19.35496],[104.87899,19.36347],[104.87507,19.36766],[104.87423,19.36832],[104.87304,19.36889],[104.87235,19.36898],[104.87113,19.36865],[104.8687,19.36858],[104.86432,19.36877],[104.86203,19.37136],[104.86014,19.37438],[104.85751,19.37826],[104.85649,19.37953],[104.85539,19.38026],[104.85261,19.38115],[104.85042,19.38345],[104.84984,19.38579],[104.84908,19.38842],[104.84757,19.39144],[104.84707,19.39214],[104.8459,19.39287],[104.84303,19.39441],[104.83926,19.39494],[104.83806,19.39504],[104.83694,19.39513],[104.83618,19.39515],[104.83551,19.39548],[104.83298,19.3972],[104.83066,19.39899],[104.82946,19.40152],[104.82867,19.40328],[104.82736,19.40522],[104.82329,19.40996],[104.82014,19.41179],[104.81796,19.41269],[104.81686,19.4156],[104.81574,19.41701],[104.81361,19.41866],[104.80799,19.42247],[104.8052,19.4243],[104.80203,19.42502],[104.79937,19.42665]]]},"properties":{"commune_code":"16903","commune_name":"Xã Nga My","commune_kind":"XA","province_code":"40","province_name":"Tỉnh Nghệ An","area_km2":302.52,"valid_from":"16/6/2025","published":"13/07/2025","area_km2_geom":301.8881957836767,"quality_flag":null,"population":8467.0,"population_wp":7330.258471876383,"anchor_ratio":1.1550752313148156,"pop_source":"WORLDPOP2025_ANCHORED_VNSDI","pop_density_ppkm2":28.04680712347951,"n_stations":0,"n_ports":0,"power_kw_site":0.0,"ports_per_10k_pop":0.0,"util_mean_port_weighted":null,"dist_station_m_pop_weighted":48043.10097713463}},{"type":"Feature","geometry":{"type":"Polygon","coordinates":[[[104.4713,19.49836],[104.47039,19.49856],[104.47056,19.49826],[104.47066,19.49812],[104.47079,19.49798],[104.47087,19.4979],[104.47406,19.49505],[104.47524,19.49419],[104.4755,19.49404],[104.47559,19.49399],[104.47568,19.49389],[104.47582,19.49371],[104.47589,19.49359],[104.47602,19.49334],[104.47614,19.49305],[104.47647,19.49193],[104.47646,19.49151],[104.47642,19.49098],[104.4763,19.49054],[104.47528,19.48811],[104.47336,19.48448],[104.47281,19.48372],[104.46969,19.47979],[104.46728,19.47963],[104.46522,19.47725],[104.46362,19.47278],[104.46254,19.46905],[104.4654,19.46516],[104.46539,19.45882],[104.46434,19.45586],[104.462,19.45212],[104.46149,19.45147],[104.46096,19.4508],[104.46081,19.45062],[104.46055,19.45032],[104.45757,19.45011],[104.45726,19.45011],[104.45664,19.45016],[104.45556,19.45025],[104.45536,19.4503],[104.45486,19.45046],[104.45353,19.44692],[104.45227,19.4452],[104.44994,19.44227],[104.44774,19.43947],[104.44737,19.43893],[104.44726,19.43868],[104.44365,19.42779],[104.44338,19.42048],[104.44255,19.41416],[104.44251,19.41413],[104.44211,19.41386],[104.44203,19.41378],[104.44161,19.41331],[104.44148,19.41308],[104.44126,19.41268],[104.4409,19.41128],[104.44076,19.41007],[104.44079,19.4095],[104.44124,19.40774],[104.44156,19.40685],[104.4411,19.39981],[104.44066,19.39708],[104.44065,19.39083],[104.44077,19.38955],[104.44091,19.38888],[104.44111,19.38836],[104.44148,19.38747],[104.44159,19.38735],[104.44166,19.38724],[104.4414,19.3862],[104.44084,19.38509],[104.43817,19.38167],[104.43655,19.37964],[104.4364,19.37947],[104.43598,19.3792],[104.4307,19.37798],[104.42318,19.37543],[104.42242,19.37495],[104.422,19.3747],[104.4218,19.37463],[104.42124,19.3745],[104.42077,19.37451],[104.41988,19.37454],[104.41884,19.37469],[104.4186,19.37474],[104.41847,19.37477],[104.41759,19.37502],[104.41678,19.3754],[104.41521,19.37614],[104.41124,19.37554],[104.41058,19.37543],[104.41009,19.3753],[104.4098,19.37515],[104.40967,19.37499],[104.40925,19.37394],[104.40939,19.37334],[104.40914,19.37173],[104.40846,19.36966],[104.40835,19.36949],[104.40813,19.36936],[104.40774,19.36915],[104.40356,19.37348],[104.40115,19.37643],[104.3992,19.37848],[104.39899,19.37864],[104.3987,19.3787],[104.39811,19.37873],[104.39666,19.37861],[104.39533,19.37819],[104.39263,19.37721],[104.38982,19.37619],[104.38774,19.37518],[104.38692,19.37462],[104.38488,19.37042],[104.3844,19.36938],[104.3842,19.36896],[104.38381,19.36804],[104.3838,19.36803],[104.38363,19.36782],[104.38299,19.36768],[104.38244,19.36768],[104.38125,19.36794],[104.37967,19.36833],[104.37894,19.36861],[104.37417,19.37141],[104.37171,19.37297],[104.37025,19.37394],[104.37096,19.3754],[104.37206,19.3773],[104.37162,19.38092],[104.37032,19.38524],[104.36867,19.39118],[104.36812,19.39681],[104.36455,19.40277],[104.36266,19.40478],[104.3597,19.40788],[104.35641,19.4106],[104.35586,19.41027],[104.35478,19.40892],[104.35327,19.40654],[104.35131,19.40257],[104.3504,19.39942],[104.35024,19.39842],[104.35085,19.39813],[104.35143,19.39795],[104.35176,19.39766],[104.35211,19.39711],[104.35212,19.39709],[104.35276,19.39575],[104.35327,19.39455],[104.35349,19.39366],[104.35353,19.39324],[104.35356,19.39296],[104.35363,19.39227],[104.35356,19.39009],[104.35342,19.38938],[104.3534,19.38931],[104.35309,19.38854],[104.35268,19.38788],[104.35259,19.38775],[104.35255,19.38769],[104.35225,19.3873],[104.35213,19.38714],[104.35476,19.38369],[104.35822,19.3819],[104.35967,19.38103],[104.35781,19.37806],[104.35503,19.3741],[104.35249,19.37072],[104.34917,19.36625],[104.34878,19.36503],[104.34909,19.36476],[104.34971,19.36463],[104.34981,19.36461],[104.35121,19.3644],[104.35285,19.36422],[104.3536,19.36415],[104.35401,19.3642],[104.3556,19.36331],[104.35667,19.35203],[104.35657,19.35124],[104.35638,19.35029],[104.35614,19.34946],[104.3549,19.3475],[104.35433,19.34715],[104.35402,19.34708],[104.3547,19.34651],[104.35921,19.34269],[104.36682,19.33602],[104.36959,19.3319],[104.37398,19.3269],[104.37552,19.32541],[104.37563,19.32527],[104.37566,19.32513],[104.37567,19.32504],[104.37563,19.3246],[104.3754,19.32316],[104.37532,19.32297],[104.3752,19.32283],[104.37493,19.32259],[104.37375,19.32154],[104.3716,19.32006],[104.36649,19.31543],[104.3663,19.31526],[104.36622,19.31508],[104.36616,19.31487],[104.36607,19.31395],[104.36606,19.31373],[104.36608,19.31366],[104.36619,19.31351],[104.36837,19.31076],[104.36947,19.30945],[104.37097,19.30912],[104.37418,19.30862],[104.37859,19.3075],[104.38342,19.30585],[104.38366,19.30576],[104.38425,19.3055],[104.38605,19.30467],[104.38627,19.30451],[104.38721,19.3033],[104.3891,19.30214],[104.39273,19.30084],[104.39821,19.29925],[104.40204,19.30109],[104.40702,19.30123],[104.4073,19.30084],[104.40742,19.30078],[104.40859,19.30028],[104.40891,19.30015],[104.41001,19.29971],[104.41312,19.29864],[104.41561,19.29821],[104.42017,19.2988],[104.42147,19.29897],[104.42228,19.29914],[104.42428,19.30012],[104.42473,19.30037],[104.42467,19.30054],[104.42315,19.30115],[104.42129,19.30165],[104.42102,19.30229],[104.42123,19.30341],[104.42488,19.31038],[104.42645,19.31318],[104.42756,19.31509],[104.42773,19.31537],[104.42793,19.31553],[104.42814,19.31562],[104.42979,19.31604],[104.43062,19.3162],[104.43138,19.3158],[104.43191,19.31569],[104.43275,19.31569],[104.43387,19.3159],[104.43756,19.31678],[104.44156,19.3183],[104.44308,19.3191],[104.44353,19.31935],[104.44404,19.31977],[104.44524,19.32102],[104.44534,19.32114],[104.44621,19.32229],[104.44697,19.32354],[104.44716,19.32379],[104.44757,19.3241],[104.44807,19.32436],[104.44824,19.32443],[104.45074,19.32545],[104.45319,19.3261],[104.45358,19.32686],[104.4561,19.33534],[104.45648,19.33669],[104.45679,19.33844],[104.45703,19.33984],[104.45688,19.34154],[104.45498,19.34234],[104.45442,19.34254],[104.45445,19.34536],[104.45485,19.35182],[104.45493,19.3522],[104.45501,19.35249],[104.45545,19.35387],[104.4557,19.35461],[104.45684,19.35638],[104.45771,19.35749],[104.45973,19.35856],[104.45998,19.35863],[104.46312,19.35939],[104.46341,19.35945],[104.46369,19.35945],[104.46423,19.35935],[104.46615,19.35881],[104.47109,19.35724],[104.47598,19.35741],[104.48055,19.35952],[104.48259,19.36019],[104.48318,19.3602],[104.48345,19.36009],[104.48472,19.35874],[104.48527,19.35802],[104.48538,19.35749],[104.48545,19.3572],[104.48575,19.3568],[104.48598,19.35654],[104.48659,19.3559],[104.48729,19.35529],[104.48766,19.35501],[104.49016,19.35702],[104.49034,19.35733],[104.49172,19.35967],[104.49346,19.36317],[104.49515,19.36536],[104.49714,19.36674],[104.50011,19.36854],[104.50329,19.37047],[104.50978,19.37451],[104.51365,19.37839],[104.51636,19.38189],[104.51932,19.38639],[104.52124,19.38994],[104.52221,19.39205],[104.52445,19.39691],[104.52613,19.39942],[104.52854,19.40064],[104.53512,19.4017],[104.53654,19.40187],[104.54256,19.40259],[104.54993,19.40403],[104.55287,19.4054],[104.55498,19.40756],[104.55532,19.40821],[104.55874,19.41492],[104.5608,19.41698],[104.5629,19.41847],[104.56479,19.41977],[104.56534,19.42003],[104.56729,19.42201],[104.56802,19.42366],[104.56861,19.425],[104.56932,19.42723],[104.56961,19.42811],[104.56953,19.43194],[104.56946,19.43589],[104.5687,19.43923],[104.56872,19.43994],[104.56881,19.44329],[104.56962,19.44586],[104.57057,19.44736],[104.57283,19.44862],[104.57355,19.44891],[104.5739,19.44904],[104.57592,19.44857],[104.57813,19.44744],[104.58071,19.44595],[104.5825,19.44523],[104.58677,19.44403],[104.5913,19.44404],[104.59286,19.44461],[104.59962,19.44585],[104.6031,19.44834],[104.60762,19.45696],[104.61051,19.46098],[104.61461,19.46719],[104.61521,19.46857],[104.61527,19.4696],[104.61527,19.47086],[104.61513,19.47217],[104.61513,19.47218],[104.61505,19.47221],[104.61491,19.47224],[104.61477,19.47224],[104.60671,19.47207],[104.60123,19.46962],[104.60054,19.46856],[104.59893,19.46806],[104.59298,19.46762],[104.59189,19.46771],[104.59128,19.46817],[104.59026,19.46895],[104.58957,19.4696],[104.58831,19.47084],[104.58821,19.47099],[104.58618,19.47312],[104.58362,19.47476],[104.5737,19.4756],[104.57206,19.4753],[104.56686,19.47406],[104.56468,19.47428],[104.56317,19.47462],[104.56214,19.47497],[104.56006,19.4753],[104.55735,19.47539],[104.55554,19.47533],[104.55535,19.47532],[104.55508,19.47522],[104.55488,19.47512],[104.55367,19.47445],[104.55336,19.47425],[104.55314,19.47408],[104.55271,19.47371],[104.55245,19.47353],[104.55216,19.47337],[104.55194,19.47326],[104.55166,19.47314],[104.55145,19.47305],[104.55108,19.47295],[104.55094,19.47292],[104.55047,19.47291],[104.55015,19.47292],[104.54977,19.47295],[104.54947,19.47298],[104.54927,19.47302],[104.54864,19.47319],[104.54823,19.47339],[104.54804,19.47351],[104.54784,19.47366],[104.54643,19.47295],[104.54216,19.47121],[104.52287,19.46976],[104.51492,19.47222],[104.51159,19.47466],[104.51073,19.47572],[104.50775,19.47808],[104.50569,19.47949],[104.49728,19.48502],[104.49262,19.48662],[104.48785,19.48574],[104.48645,19.48569],[104.48634,19.48569],[104.4862,19.4857],[104.48576,19.48573],[104.48563,19.48576],[104.48556,19.48578],[104.48377,19.48684],[104.48253,19.48766],[104.48116,19.48874],[104.48094,19.48898],[104.4808,19.4892],[104.4807,19.48951],[104.48068,19.48967],[104.48067,19.4901],[104.48037,19.49214],[104.47802,19.49492],[104.47642,19.49636],[104.47588,19.49677],[104.47581,19.4968],[104.47566,19.49688],[104.47564,19.49689],[104.47167,19.49825],[104.47143,19.49832],[104.4713,19.49836]]]},"properties":{"commune_code":"16906","commune_name":"Xã Lượng Minh","commune_kind":"XA","province_code":"40","province_name":"Tỉnh Nghệ An","area_km2":227.97,"valid_from":"16/6/2025","published":"13/07/2025","area_km2_geom":223.0689094694563,"quality_flag":null,"population":5322.0,"population_wp":3022.76280798018,"anchor_ratio":1.7606409559988527,"pop_source":"WORLDPOP2025_ANCHORED_VNSDI","pop_density_ppkm2":23.858098435401708,"n_stations":0,"n_ports":0,"power_kw_site":0.0,"ports_per_10k_pop":0.0,"util_mean_port_weighted":null,"dist_station_m_pop_weighted":21856.922087946226}},{"type":"Feature","geometry":{"type":"Polygon","coordinates":[[[104.74485,19.37017],[104.74436,19.37303],[104.74429,19.37126],[104.74424,19.37096],[104.74417,19.37073],[104.74398,19.37045],[104.74283,19.3692],[104.7425,19.36891],[104.73904,19.36662],[104.73354,19.36637],[104.72904,19.36648],[104.7226,19.36341],[104.7222,19.3632],[104.71997,19.36144],[104.71951,19.36054],[104.71943,19.36037],[104.71939,19.36021],[104.71934,19.35961],[104.71804,19.35843],[104.71417,19.35531],[104.71047,19.35409],[104.71041,19.35409],[104.71026,19.35418],[104.70955,19.35459],[104.70914,19.35484],[104.70122,19.35774],[104.69453,19.35936],[104.69147,19.35944],[104.68927,19.35949],[104.68568,19.36008],[104.68454,19.36191],[104.68316,19.36155],[104.6803,19.36064],[104.67959,19.36041],[104.67358,19.35799],[104.66906,19.35417],[104.66521,19.35262],[104.65978,19.34872],[104.65211,19.34437],[104.64514,19.34209],[104.64501,19.342],[104.64298,19.33954],[104.64346,19.3394],[104.64421,19.33918],[104.64499,19.33943],[104.64572,19.33979],[104.64612,19.33992],[104.64614,19.33914],[104.64613,19.33675],[104.64604,19.33647],[104.64598,19.33635],[104.64588,19.33615],[104.64532,19.33518],[104.64304,19.33166],[104.64205,19.33027],[104.63885,19.32889],[104.63615,19.32573],[104.63548,19.32435],[104.63517,19.3227],[104.63591,19.32081],[104.63474,19.31767],[104.63298,19.31339],[104.62939,19.3095],[104.62741,19.30351],[104.62726,19.30037],[104.62706,19.29613],[104.62636,19.29482],[104.62526,19.29305],[104.62467,19.29244],[104.62336,19.29129],[104.62275,19.29095],[104.62215,19.29066],[104.62185,19.29056],[104.61867,19.28799],[104.61571,19.28551],[104.61561,19.28542],[104.61556,19.28533],[104.61542,19.28504],[104.6154,19.28496],[104.6144,19.27993],[104.61429,19.27852],[104.61446,19.27672],[104.6154,19.27496],[104.61724,19.27178],[104.61743,19.27162],[104.61995,19.2685],[104.62433,19.26205],[104.62578,19.25675],[104.6253,19.25466],[104.62509,19.25453],[104.62467,19.2541],[104.62459,19.25393],[104.62457,19.25373],[104.62457,19.25353],[104.62473,19.25042],[104.62475,19.25017],[104.62511,19.24841],[104.62522,19.24814],[104.62535,19.2479],[104.62556,19.24756],[104.62588,19.24721],[104.62662,19.24651],[104.62895,19.23917],[104.62988,19.23476],[104.62994,19.23454],[104.63004,19.2342],[104.63093,19.23261],[104.63116,19.23227],[104.63128,19.23215],[104.63136,19.23212],[104.63153,19.23208],[104.63182,19.23206],[104.63466,19.23213],[104.63533,19.23215],[104.63561,19.23214],[104.63581,19.23208],[104.63602,19.23195],[104.63614,19.23187],[104.6398,19.22934],[104.63991,19.22924],[104.64,19.22911],[104.64065,19.22774],[104.64072,19.2276],[104.64076,19.22749],[104.64302,19.21965],[104.64329,19.21347],[104.64347,19.21119],[104.64393,19.21097],[104.64629,19.2112],[104.65069,19.21172],[104.65421,19.21265],[104.65717,19.21367],[104.65835,19.2144],[104.65976,19.21547],[104.66,19.21567],[104.66026,19.21592],[104.66054,19.21621],[104.66071,19.21643],[104.66095,19.21678],[104.66109,19.21705],[104.66126,19.21752],[104.66137,19.21786],[104.66143,19.21808],[104.66148,19.21846],[104.66186,19.22086],[104.66239,19.22359],[104.66243,19.22379],[104.66252,19.22398],[104.66273,19.22423],[104.66287,19.22438],[104.66326,19.22473],[104.6639,19.2253],[104.66409,19.22544],[104.66452,19.22572],[104.66652,19.2269],[104.66666,19.22697],[104.66706,19.22709],[104.6671,19.2271],[104.66749,19.22713],[104.66768,19.2271],[104.67127,19.22641],[104.67213,19.22589],[104.67392,19.22404],[104.67529,19.22227],[104.67614,19.22112],[104.67631,19.22087],[104.67709,19.21962],[104.67724,19.21934],[104.67779,19.21793],[104.67789,19.21753],[104.67794,19.21725],[104.67802,19.21683],[104.67807,19.21637],[104.67816,19.21597],[104.67828,19.21561],[104.67946,19.21367],[104.67975,19.21326],[104.68037,19.21236],[104.68063,19.21203],[104.68114,19.21148],[104.68131,19.21131],[104.68328,19.20978],[104.68456,19.2089],[104.6882,19.20775],[104.69138,19.20692],[104.69696,19.20626],[104.70659,19.20671],[104.7109,19.20412],[104.71144,19.20252],[104.71219,19.20147],[104.71313,19.20078],[104.7152,19.20042],[104.71682,19.20019],[104.73118,19.19899],[104.73199,19.19917],[104.73401,19.19983],[104.73665,19.20055],[104.73818,19.2007],[104.73974,19.20086],[104.74108,19.20086],[104.74269,19.20086],[104.74572,19.20069],[104.74779,19.20111],[104.75452,19.20327],[104.75521,19.20363],[104.75559,19.20423],[104.75578,19.20494],[104.75578,19.20506],[104.75578,19.20572],[104.76003,19.21253],[104.76122,19.21321],[104.7622,19.21362],[104.76215,19.21366],[104.75481,19.21997],[104.754,19.22128],[104.75386,19.22209],[104.75551,19.22991],[104.75678,19.23507],[104.75784,19.23835],[104.75817,19.23948],[104.75927,19.24408],[104.7594,19.24472],[104.75942,19.24536],[104.7592,19.24593],[104.7571,19.25106],[104.75691,19.25137],[104.75206,19.25926],[104.75204,19.25945],[104.75203,19.25964],[104.752,19.25978],[104.75197,19.25987],[104.75193,19.25994],[104.75186,19.26],[104.75168,19.26011],[104.75145,19.26019],[104.75114,19.26029],[104.75073,19.26042],[104.75043,19.26048],[104.7493,19.26066],[104.74786,19.26081],[104.74737,19.26075],[104.7458,19.26029],[104.74563,19.26022],[104.74535,19.26],[104.74507,19.25976],[104.74302,19.26988],[104.7422,19.27197],[104.74217,19.27435],[104.74216,19.27448],[104.74231,19.27512],[104.74246,19.27558],[104.74268,19.27606],[104.74383,19.27838],[104.74425,19.28341],[104.74393,19.28687],[104.74003,19.29583],[104.73804,19.29757],[104.7412,19.30157],[104.74358,19.30532],[104.74649,19.30996],[104.74973,19.31502],[104.74987,19.31523],[104.74998,19.31527],[104.75018,19.31535],[104.75057,19.31547],[104.75367,19.31621],[104.75531,19.31645],[104.7567,19.31661],[104.75848,19.31694],[104.75885,19.31706],[104.75935,19.31727],[104.76085,19.31838],[104.76117,19.31885],[104.76119,19.31905],[104.75916,19.32382],[104.7585,19.3288],[104.75861,19.32924],[104.75898,19.33007],[104.75919,19.33026],[104.76245,19.33327],[104.76633,19.33745],[104.76895,19.34034],[104.76905,19.34048],[104.76916,19.34104],[104.76931,19.34304],[104.76813,19.34408],[104.76758,19.34449],[104.76669,19.34426],[104.76642,19.34423],[104.76522,19.34418],[104.76454,19.3443],[104.76146,19.34522],[104.7591,19.34615],[104.75377,19.35053],[104.75328,19.35123],[104.75314,19.35171],[104.75303,19.35229],[104.7529,19.35296],[104.75287,19.35443],[104.75292,19.35474],[104.753,19.35495],[104.75312,19.35528],[104.75326,19.35719],[104.75321,19.35927],[104.75238,19.36329],[104.75102,19.36491],[104.74953,19.36615],[104.74603,19.3685],[104.74583,19.36869],[104.74493,19.37003],[104.74485,19.37017]]]},"properties":{"commune_code":"16909","commune_name":"Xã Yên Hòa","commune_kind":"XA","province_code":"40","province_name":"Tỉnh Nghệ An","area_km2":211.01,"valid_from":"16/6/2025","published":"13/07/2025","area_km2_geom":210.5425207545168,"quality_flag":null,"population":8418.0,"population_wp":9046.35909821093,"anchor_ratio":0.9305401110668712,"pop_source":"WORLDPOP2025_ANCHORED_VNSDI","pop_density_ppkm2":39.98242240965193,"n_stations":0,"n_ports":0,"power_kw_site":0.0,"ports_per_10k_pop":0.0,"util_mean_port_weighted":null,"dist_station_m_pop_weighted":41733.21109077938}},{"type":"Feature","geometry":{"type":"Polygon","coordinates":[[[104.71734,19.46082],[104.715,19.46223],[104.71541,19.46163],[104.71553,19.46126],[104.7156,19.46098],[104.71566,19.4605],[104.71569,19.46027],[104.71568,19.4601],[104.7156,19.45987],[104.71504,19.45885],[104.71486,19.45858],[104.71467,19.45837],[104.71424,19.45798],[104.71006,19.45461],[104.70869,19.45372],[104.7038,19.44746],[104.70227,19.44493],[104.69972,19.44179],[104.69374,19.43844],[104.69171,19.43768],[104.6881,19.43695],[104.68568,19.43721],[104.68119,19.4366],[104.67575,19.43578],[104.67554,19.43569],[104.67455,19.43525],[104.67404,19.43448],[104.67404,19.43338],[104.67405,19.43247],[104.6742,19.43047],[104.67286,19.42431],[104.66682,19.41773],[104.66355,19.41481],[104.66224,19.41438],[104.66017,19.41394],[104.65927,19.41389],[104.65795,19.41413],[104.65589,19.4147],[104.65367,19.41513],[104.65286,19.41512],[104.65201,19.41493],[104.64868,19.41387],[104.64725,19.41276],[104.64651,19.41125],[104.64421,19.40674],[104.64295,19.40578],[104.64207,19.40578],[104.64179,19.40578],[104.64103,19.40564],[104.64099,19.40563],[104.63801,19.40352],[104.63572,19.40072],[104.63281,19.39701],[104.63254,19.39511],[104.63383,19.3937],[104.63495,19.39191],[104.6357,19.39005],[104.63635,19.38796],[104.63627,19.38753],[104.63617,19.38722],[104.63295,19.38318],[104.62536,19.37656],[104.61469,19.37069],[104.61466,19.37067],[104.61463,19.37066],[104.61453,19.37065],[104.61025,19.37046],[104.60818,19.37042],[104.60621,19.37039],[104.60603,19.37043],[104.60571,19.37061],[104.60528,19.37107],[104.60348,19.37151],[104.59443,19.36663],[104.59369,19.36593],[104.59344,19.36572],[104.59322,19.36555],[104.59307,19.36546],[104.5929,19.36538],[104.59261,19.36528],[104.59212,19.36516],[104.59187,19.36519],[104.59175,19.36526],[104.59165,19.36536],[104.59156,19.36549],[104.59148,19.36561],[104.59137,19.36596],[104.59134,19.36661],[104.59126,19.36851],[104.59167,19.37057],[104.59174,19.37147],[104.59171,19.37288],[104.59168,19.37317],[104.59159,19.37355],[104.59078,19.37602],[104.59063,19.37632],[104.59057,19.37643],[104.59027,19.3769],[104.59011,19.37716],[104.58552,19.38039],[104.57998,19.38371],[104.57722,19.38587],[104.56672,19.39632],[104.56601,19.4009],[104.56568,19.40236],[104.56364,19.40643],[104.55967,19.4075],[104.55691,19.40798],[104.55532,19.40821],[104.55498,19.40756],[104.55287,19.4054],[104.54993,19.40403],[104.54256,19.40259],[104.53654,19.40187],[104.53512,19.4017],[104.52854,19.40064],[104.52613,19.39942],[104.52445,19.39691],[104.52221,19.39205],[104.52124,19.38994],[104.51932,19.38639],[104.51636,19.38189],[104.51365,19.37839],[104.50978,19.37451],[104.50329,19.37047],[104.50011,19.36854],[104.49714,19.36674],[104.49515,19.36536],[104.49346,19.36317],[104.49172,19.35967],[104.49034,19.35733],[104.49016,19.35702],[104.48766,19.35501],[104.48729,19.35529],[104.48659,19.3559],[104.48598,19.35654],[104.48575,19.3568],[104.48545,19.3572],[104.48538,19.35749],[104.48527,19.35802],[104.48472,19.35874],[104.48345,19.36009],[104.48318,19.3602],[104.48259,19.36019],[104.48055,19.35952],[104.47598,19.35741],[104.47109,19.35724],[104.46615,19.35881],[104.46423,19.35935],[104.46369,19.35945],[104.46341,19.35945],[104.46312,19.35939],[104.45998,19.35863],[104.45973,19.35856],[104.45771,19.35749],[104.45684,19.35638],[104.4557,19.35461],[104.45545,19.35387],[104.45501,19.35249],[104.45493,19.3522],[104.45485,19.35182],[104.45445,19.34536],[104.45442,19.34254],[104.45498,19.34234],[104.45688,19.34154],[104.45703,19.33984],[104.45679,19.33844],[104.45648,19.33669],[104.4561,19.33534],[104.45358,19.32686],[104.45319,19.3261],[104.45552,19.32508],[104.46223,19.32223],[104.46259,19.32214],[104.46414,19.32166],[104.46473,19.32144],[104.46523,19.32109],[104.46725,19.31923],[104.46776,19.31845],[104.46735,19.31686],[104.46713,19.31641],[104.46673,19.31569],[104.46637,19.31514],[104.46863,19.3119],[104.47245,19.31129],[104.4778,19.30996],[104.48232,19.30755],[104.48299,19.30702],[104.48414,19.30612],[104.48579,19.30487],[104.4867,19.30424],[104.48676,19.30421],[104.48725,19.30399],[104.49483,19.30079],[104.49758,19.29968],[104.49827,19.29951],[104.49895,19.29948],[104.49979,19.2995],[104.50057,19.29961],[104.50251,19.30001],[104.51167,19.30083],[104.51289,19.30059],[104.51352,19.30053],[104.51431,19.3005],[104.51494,19.30058],[104.51733,19.3013],[104.51892,19.30178],[104.52288,19.30303],[104.52343,19.30321],[104.52448,19.30334],[104.52534,19.30334],[104.52617,19.30317],[104.52952,19.30208],[104.53133,19.30143],[104.53791,19.30164],[104.54061,19.30058],[104.54221,19.30029],[104.54533,19.29925],[104.55295,19.29616],[104.55331,19.29596],[104.55543,19.29416],[104.55573,19.29388],[104.55789,19.2907],[104.55888,19.2891],[104.55924,19.28815],[104.55939,19.28768],[104.55967,19.28717],[104.56053,19.28625],[104.56163,19.28533],[104.56192,19.28512],[104.56227,19.28497],[104.56252,19.2849],[104.56303,19.28489],[104.5633,19.285],[104.56378,19.28515],[104.56486,19.28537],[104.56561,19.28547],[104.56612,19.28541],[104.56666,19.28531],[104.56709,19.28518],[104.56838,19.28472],[104.57421,19.28608],[104.58011,19.2886],[104.58123,19.28887],[104.58314,19.28843],[104.58579,19.28756],[104.58797,19.28769],[104.59086,19.2872],[104.59245,19.28683],[104.59489,19.2862],[104.59644,19.28545],[104.59659,19.28504],[104.59681,19.28448],[104.59706,19.2842],[104.59728,19.28398],[104.59949,19.28276],[104.59973,19.28262],[104.60009,19.28258],[104.602,19.28302],[104.60328,19.28335],[104.60355,19.28345],[104.60387,19.28354],[104.60414,19.2836],[104.60441,19.28364],[104.60478,19.28365],[104.60512,19.28365],[104.60569,19.28352],[104.60609,19.28329],[104.60849,19.28146],[104.60941,19.28036],[104.60951,19.28008],[104.60967,19.27993],[104.61058,19.27944],[104.61089,19.27932],[104.61207,19.27894],[104.61332,19.27858],[104.61429,19.27852],[104.6144,19.27993],[104.6154,19.28496],[104.61542,19.28504],[104.61556,19.28533],[104.61561,19.28542],[104.61571,19.28551],[104.61867,19.28799],[104.62185,19.29056],[104.62215,19.29066],[104.62275,19.29095],[104.62336,19.29129],[104.62467,19.29244],[104.62526,19.29305],[104.62636,19.29482],[104.62706,19.29613],[104.62726,19.30037],[104.62741,19.30351],[104.62939,19.3095],[104.63298,19.31339],[104.63474,19.31767],[104.63591,19.32081],[104.63517,19.3227],[104.63548,19.32435],[104.63615,19.32573],[104.63885,19.32889],[104.64205,19.33027],[104.64304,19.33166],[104.64532,19.33518],[104.64588,19.33615],[104.64598,19.33635],[104.64604,19.33647],[104.64613,19.33675],[104.64614,19.33914],[104.64612,19.33992],[104.64572,19.33979],[104.64499,19.33943],[104.64421,19.33918],[104.64346,19.3394],[104.64298,19.33954],[104.64501,19.342],[104.64514,19.34209],[104.65211,19.34437],[104.65978,19.34872],[104.66521,19.35262],[104.66906,19.35417],[104.67358,19.35799],[104.67959,19.36041],[104.6803,19.36064],[104.68316,19.36155],[104.68454,19.36191],[104.68568,19.36008],[104.68927,19.35949],[104.69147,19.35944],[104.69453,19.35936],[104.70122,19.35774],[104.70914,19.35484],[104.70955,19.35459],[104.71026,19.35418],[104.71041,19.35409],[104.71047,19.35409],[104.71417,19.35531],[104.71804,19.35843],[104.71934,19.35961],[104.71939,19.36021],[104.71943,19.36037],[104.71951,19.36054],[104.71997,19.36144],[104.7222,19.3632],[104.7226,19.36341],[104.72904,19.36648],[104.73354,19.36637],[104.73904,19.36662],[104.7425,19.36891],[104.74283,19.3692],[104.74398,19.37045],[104.74417,19.37073],[104.74424,19.37096],[104.74429,19.37126],[104.74436,19.37303],[104.74425,19.37311],[104.74379,19.37358],[104.7435,19.37389],[104.74339,19.37402],[104.74313,19.37436],[104.74284,19.37477],[104.74199,19.37632],[104.74174,19.37682],[104.7417,19.37697],[104.7417,19.37709],[104.74171,19.37713],[104.74174,19.37718],[104.74461,19.38216],[104.74505,19.38269],[104.74647,19.38405],[104.74673,19.38428],[104.74702,19.38449],[104.7474,19.38463],[104.7474,19.38463],[104.74798,19.38474],[104.74846,19.38467],[104.75351,19.38704],[104.75783,19.38919],[104.76608,19.39582],[104.76932,19.39879],[104.77175,19.40201],[104.77291,19.40404],[104.77616,19.40815],[104.7787,19.40947],[104.78037,19.41041],[104.78316,19.41204],[104.78355,19.41229],[104.78365,19.41245],[104.78382,19.41282],[104.78399,19.4132],[104.78556,19.41881],[104.78538,19.4216],[104.78596,19.42328],[104.78681,19.42555],[104.78697,19.42584],[104.78712,19.42611],[104.78731,19.42636],[104.78751,19.42663],[104.78815,19.42746],[104.78687,19.42997],[104.7835,19.43206],[104.78226,19.43221],[104.78147,19.43239],[104.78044,19.43327],[104.77619,19.43805],[104.7742,19.44072],[104.77334,19.44248],[104.77174,19.44522],[104.76674,19.44986],[104.76137,19.454],[104.75987,19.45512],[104.7591,19.45552],[104.75796,19.45535],[104.75187,19.4541],[104.74058,19.45177],[104.73816,19.45186],[104.72726,19.45486],[104.72697,19.45496],[104.72558,19.45565],[104.72533,19.45578],[104.7251,19.45603],[104.72468,19.4565],[104.72007,19.45997],[104.71957,19.46033],[104.71887,19.4606],[104.71841,19.46075],[104.71804,19.46083],[104.71776,19.46084],[104.71734,19.46082]]]},"properties":{"commune_code":"16912","commune_name":"Xã Yên Na","commune_kind":"XA","province_code":"40","province_name":"Tỉnh Nghệ An","area_km2":297.32,"valid_from":"16/6/2025","published":"13/07/2025","area_km2_geom":296.58427111657596,"quality_flag":null,"population":9530.0,"population_wp":10622.57039514929,"anchor_ratio":0.8971463257472783,"pop_source":"WORLDPOP2025_ANCHORED_VNSDI","pop_density_ppkm2":32.13251992130803,"n_stations":0,"n_ports":0,"power_kw_site":0.0,"ports_per_10k_pop":0.0,"util_mean_port_weighted":null,"dist_station_m_pop_weighted":37953.55124679773}},{"type":"Feature","geometry":{"type":"Polygon","coordinates":[[[104.58314,19.28843],[104.58123,19.28887],[104.58011,19.2886],[104.57421,19.28608],[104.56838,19.28472],[104.56709,19.28518],[104.56666,19.28531],[104.56612,19.28541],[104.56561,19.28547],[104.56486,19.28537],[104.56378,19.28515],[104.5633,19.285],[104.56303,19.28489],[104.56361,19.28272],[104.56469,19.28072],[104.56503,19.27919],[104.56545,19.27698],[104.56584,19.27101],[104.56582,19.26806],[104.56519,19.26777],[104.56482,19.26749],[104.56347,19.26632],[104.56318,19.26593],[104.56223,19.26437],[104.56221,19.26417],[104.56236,19.26358],[104.56288,19.26197],[104.56515,19.25603],[104.56675,19.25408],[104.56848,19.25215],[104.57114,19.24901],[104.57335,19.24628],[104.57394,19.24517],[104.57417,19.24451],[104.5744,19.24357],[104.57459,19.24271],[104.57459,19.2424],[104.57459,19.24214],[104.57443,19.2415],[104.57141,19.23599],[104.56698,19.23208],[104.56575,19.22975],[104.56512,19.22667],[104.56613,19.22609],[104.56716,19.22571],[104.56793,19.22549],[104.56882,19.22534],[104.56988,19.22528],[104.57097,19.22527],[104.57148,19.22458],[104.57165,19.22417],[104.57183,19.22348],[104.57202,19.22263],[104.57209,19.2223],[104.57211,19.22203],[104.5721,19.22187],[104.5719,19.21867],[104.57187,19.21849],[104.57184,19.21839],[104.57089,19.2169],[104.57059,19.21654],[104.56953,19.21542],[104.56856,19.21451],[104.56776,19.21369],[104.56766,19.21354],[104.56763,19.2134],[104.56766,19.21332],[104.56879,19.2111],[104.56911,19.21067],[104.57025,19.20957],[104.57367,19.20742],[104.57453,19.2046],[104.56708,19.19983],[104.56342,19.19694],[104.5633,19.19677],[104.55441,19.18378],[104.55261,19.18116],[104.55115,19.17992],[104.54972,19.17911],[104.54937,19.17895],[104.54829,19.17841],[104.54801,19.17822],[104.54784,19.17798],[104.54684,19.17658],[104.54673,19.17631],[104.54671,19.17618],[104.5467,19.17594],[104.54658,19.16689],[104.54708,19.16332],[104.54757,19.15989],[104.54748,19.15658],[104.54574,19.15504],[104.54458,19.15487],[104.5443,19.15481],[104.54423,19.15479],[104.54411,19.15474],[104.54311,19.15423],[104.5409,19.15309],[104.53984,19.15199],[104.53847,19.1498],[104.53764,19.14791],[104.53664,19.14657],[104.53501,19.14483],[104.53463,19.14451],[104.53441,19.14438],[104.534,19.14416],[104.53385,19.14413],[104.53318,19.14402],[104.53286,19.14395],[104.53228,19.14375],[104.53219,19.14369],[104.53205,19.14353],[104.53184,19.14323],[104.53168,19.14281],[104.5313,19.14162],[104.53115,19.14082],[104.53088,19.13875],[104.53078,19.13777],[104.53078,19.13758],[104.53081,19.13742],[104.53102,19.13679],[104.53118,19.1364],[104.5323,19.13397],[104.53524,19.12909],[104.53625,19.12775],[104.53713,19.12679],[104.54045,19.12073],[104.54127,19.11396],[104.54136,19.11341],[104.54152,19.11297],[104.54179,19.1124],[104.5422,19.11158],[104.5424,19.1113],[104.54327,19.11024],[104.54357,19.10991],[104.54393,19.10955],[104.54421,19.10919],[104.54439,19.10884],[104.54441,19.10857],[104.54433,19.10828],[104.54423,19.10809],[104.5441,19.1079],[104.54219,19.1054],[104.54197,19.10524],[104.54069,19.10428],[104.5393,19.10338],[104.53713,19.1004],[104.53581,19.09728],[104.53418,19.09391],[104.53323,19.09229],[104.53127,19.08927],[104.53101,19.08901],[104.53079,19.08892],[104.52993,19.08859],[104.52932,19.08843],[104.52889,19.08839],[104.52856,19.08842],[104.52828,19.0885],[104.52461,19.08967],[104.52022,19.09009],[104.51255,19.08797],[104.50673,19.08611],[104.50352,19.08496],[104.50086,19.08199],[104.49621,19.08099],[104.49461,19.08228],[104.49232,19.08515],[104.48876,19.08753],[104.48801,19.08737],[104.48777,19.08727],[104.4872,19.08694],[104.48677,19.08663],[104.4863,19.08627],[104.48594,19.08578],[104.48556,19.08504],[104.4852,19.0842],[104.48479,19.08321],[104.48442,19.08258],[104.48398,19.08201],[104.48357,19.08166],[104.48058,19.07989],[104.48044,19.07984],[104.48005,19.07981],[104.479,19.07981],[104.47848,19.07984],[104.47748,19.08006],[104.47502,19.08081],[104.47337,19.08138],[104.47154,19.08104],[104.46596,19.07893],[104.46001,19.07685],[104.45714,19.07635],[104.45466,19.07646],[104.45071,19.0767],[104.44721,19.07699],[104.44691,19.07706],[104.44657,19.07716],[104.44612,19.07732],[104.44459,19.07793],[104.44427,19.07811],[104.44402,19.07824],[104.44304,19.07849],[104.44052,19.07843],[104.43858,19.07767],[104.43441,19.07582],[104.43136,19.07407],[104.42763,19.07072],[104.42558,19.06828],[104.42036,19.06368],[104.41996,19.06342],[104.41871,19.06262],[104.4183,19.06239],[104.41804,19.06236],[104.41447,19.06108],[104.408,19.05733],[104.40362,19.05419],[104.40404,19.05304],[104.40396,19.05148],[104.40112,19.04774],[104.40155,19.04574],[104.40151,19.0433],[104.40264,19.04144],[104.40237,19.03952],[104.40142,19.03915],[104.40077,19.0389],[104.40233,19.03726],[104.40404,19.03646],[104.40616,19.03577],[104.40783,19.0338],[104.40808,19.03351],[104.40972,19.03231],[104.41234,19.03064],[104.4136,19.02971],[104.41547,19.02758],[104.41688,19.02559],[104.41903,19.02265],[104.42297,19.01886],[104.42428,19.01739],[104.42615,19.01531],[104.42611,19.0146],[104.42423,19.01111],[104.42324,19.0086],[104.42282,19.00744],[104.42311,19.00624],[104.42507,19.00496],[104.42698,19.00457],[104.42981,19.00478],[104.43105,19.00508],[104.43207,19.00401],[104.43374,19.00188],[104.43517,18.99909],[104.43517,18.99909],[104.43521,18.99902],[104.43559,18.99838],[104.43583,18.9981],[104.43628,18.99773],[104.43866,18.99674],[104.43924,18.99636],[104.44023,18.9957],[104.44233,18.99431],[104.4433,18.99376],[104.44404,18.99345],[104.44509,18.99324],[104.44571,18.99313],[104.44604,18.99304],[104.44622,18.99292],[104.44627,18.9927],[104.44623,18.99233],[104.446,18.99187],[104.44596,18.9918],[104.44562,18.99129],[104.44542,18.99088],[104.44542,18.99056],[104.44556,18.99013],[104.44695,18.98782],[104.44768,18.98677],[104.44817,18.98607],[104.44835,18.98586],[104.44855,18.98566],[104.44857,18.98564],[104.44888,18.98553],[104.44939,18.98546],[104.45222,18.98512],[104.45317,18.98508],[104.45363,18.98512],[104.45409,18.98521],[104.45454,18.98552],[104.45586,18.98698],[104.45692,18.98819],[104.45715,18.98857],[104.45756,18.9893],[104.45778,18.98939],[104.45798,18.98942],[104.45841,18.98938],[104.45879,18.98923],[104.45896,18.98914],[104.4594,18.9889],[104.45973,18.98883],[104.46021,18.98885],[104.46071,18.98906],[104.46131,18.98942],[104.46155,18.98985],[104.46168,18.99041],[104.46169,18.99042],[104.46177,18.99078],[104.4619,18.991],[104.46203,18.99105],[104.46225,18.99108],[104.46253,18.99103],[104.46274,18.99091],[104.46355,18.99047],[104.4649,18.98992],[104.46687,18.98934],[104.46968,18.98823],[104.47037,18.98791],[104.47144,18.98757],[104.47193,18.98754],[104.47246,18.98755],[104.47283,18.98761],[104.47323,18.98777],[104.47352,18.98795],[104.47367,18.98812],[104.47399,18.98866],[104.47458,18.98991],[104.47497,18.99075],[104.47519,18.99173],[104.4752,18.99192],[104.47519,18.99273],[104.47524,18.9934],[104.47534,18.99369],[104.47548,18.99403],[104.47612,18.99525],[104.47636,18.99584],[104.4764,18.99617],[104.47651,18.9974],[104.47659,18.99822],[104.47662,18.99831],[104.47666,18.99843],[104.4767,18.9985],[104.47676,18.99854],[104.47681,18.99857],[104.47694,18.99863],[104.47788,18.99904],[104.47807,18.99912],[104.47809,18.99915],[104.47902,18.9994],[104.47992,18.99963],[104.48093,19.00088],[104.48134,19.00157],[104.48138,19.00201],[104.48143,19.00261],[104.48151,19.00338],[104.4817,19.00391],[104.48182,19.0041],[104.48227,19.00449],[104.48472,19.00539],[104.48658,19.00357],[104.48713,19.0031],[104.4877,19.00274],[104.48839,19.00257],[104.48878,19.00257],[104.48943,19.00272],[104.49022,19.00292],[104.49091,19.00297],[104.49181,19.00299],[104.49202,19.00302],[104.49726,19.0038],[104.49795,19.00198],[104.4985,19.0013],[104.49917,19.00093],[104.50114,18.99914],[104.50167,18.9988],[104.50189,18.99858],[104.50215,18.99839],[104.50233,18.99832],[104.50307,18.99817],[104.50364,18.9981],[104.50373,18.99809],[104.50432,18.99803],[104.50477,18.99791],[104.50526,18.99771],[104.5055,18.9975],[104.50566,18.99725],[104.50569,18.99705],[104.50566,18.99685],[104.50553,18.99656],[104.50516,18.9957],[104.50505,18.99531],[104.50499,18.995],[104.50499,18.99477],[104.50501,18.9945],[104.50501,18.99445],[104.50504,18.99417],[104.50514,18.99325],[104.50519,18.993],[104.50528,18.99275],[104.50552,18.99231],[104.50591,18.99177],[104.50638,18.9912],[104.50699,18.99039],[104.50735,18.98984],[104.50818,18.98857],[104.50835,18.9883],[104.50948,18.98622],[104.50958,18.98604],[104.51076,18.9838],[104.51093,18.98354],[104.51104,18.98336],[104.51167,18.98259],[104.5125,18.98177],[104.5129,18.98154],[104.51327,18.98144],[104.51365,18.98143],[104.51431,18.98156],[104.51632,18.98194],[104.5169,18.98205],[104.51722,18.98207],[104.51736,18.98204],[104.51757,18.98192],[104.51806,18.9816],[104.51912,18.98095],[104.51936,18.98081],[104.51985,18.9805],[104.52027,18.98029],[104.52047,18.98024],[104.52059,18.98024],[104.52073,18.98028],[104.52105,18.98045],[104.52239,18.98114],[104.52328,18.9815],[104.52357,18.98162],[104.52563,18.98252],[104.52629,18.98284],[104.52681,18.98313],[104.528,18.98406],[104.52835,18.98438],[104.52841,18.98445],[104.52937,18.98548],[104.52939,18.9855],[104.52941,18.98552],[104.52946,18.9856],[104.52948,18.98562],[104.52949,18.98562],[104.5324,18.98808],[104.53633,18.9919],[104.54331,18.99643],[104.54687,19.00031],[104.54644,19.00124],[104.54637,19.00177],[104.5465,19.00218],[104.54722,19.00323],[104.54777,19.00367],[104.5517,19.00632],[104.55562,19.00905],[104.55702,19.01017],[104.55805,19.01107],[104.55912,19.0124],[104.56158,19.01605],[104.56183,19.01918],[104.56124,19.02242],[104.56124,19.02316],[104.56259,19.02502],[104.56408,19.02605],[104.56464,19.0262],[104.56521,19.02609],[104.5679,19.02532],[104.57192,19.02365],[104.57501,19.02245],[104.57588,19.02224],[104.57669,19.02233],[104.57835,19.02314],[104.57899,19.02348],[104.57971,19.02404],[104.58046,19.02416],[104.58162,19.02426],[104.58275,19.02426],[104.58343,19.02403],[104.58468,19.02338],[104.58894,19.021],[104.59247,19.01953],[104.59414,19.01964],[104.59458,19.01978],[104.59475,19.01993],[104.59595,19.02139],[104.59832,19.02441],[104.59893,19.02495],[104.60154,19.0261],[104.606,19.02795],[104.6076,19.02823],[104.611,19.02878],[104.61618,19.03073],[104.62074,19.03435],[104.62495,19.03514],[104.62677,19.03577],[104.62807,19.0367],[104.62946,19.03793],[104.63508,19.03866],[104.63893,19.0376],[104.64004,19.03776],[104.64039,19.03807],[104.64057,19.03823],[104.64089,19.03916],[104.64105,19.04034],[104.64221,19.04223],[104.64536,19.04651],[104.64869,19.05062],[104.64948,19.05224],[104.64998,19.05622],[104.6504,19.05708],[104.65582,19.06125],[104.65642,19.06166],[104.65734,19.0617],[104.65838,19.06164],[104.66154,19.06323],[104.66418,19.06623],[104.66537,19.06793],[104.66632,19.07059],[104.66641,19.07281],[104.66581,19.0742],[104.66618,19.07491],[104.66719,19.0758],[104.67141,19.07634],[104.67372,19.07715],[104.67514,19.07773],[104.67566,19.07827],[104.6791,19.08369],[104.67995,19.08596],[104.67902,19.08875],[104.67898,19.08943],[104.67908,19.08996],[104.6806,19.09268],[104.68161,19.09417],[104.68615,19.09823],[104.69357,19.10402],[104.69915,19.10825],[104.70224,19.10867],[104.70264,19.10873],[104.70364,19.11164],[104.70387,19.11241],[104.70395,19.11532],[104.70728,19.1178],[104.71014,19.11845],[104.71062,19.11893],[104.71331,19.12361],[104.71763,19.12808],[104.71801,19.12845],[104.71825,19.12885],[104.71851,19.12931],[104.71861,19.12958],[104.71865,19.13],[104.71855,19.13063],[104.71774,19.1338],[104.71689,19.13607],[104.71652,19.13622],[104.71606,19.13641],[104.71541,19.13693],[104.71506,19.13749],[104.71479,19.13823],[104.71471,19.13918],[104.71477,19.13975],[104.71494,19.1403],[104.71536,19.14099],[104.71616,19.14182],[104.71621,19.14607],[104.71626,19.14706],[104.71846,19.15086],[104.72066,19.15385],[104.72237,19.15645],[104.72287,19.15723],[104.72328,19.15813],[104.72346,19.1588],[104.72374,19.1604],[104.72324,19.16109],[104.72244,19.16218],[104.72011,19.16645],[104.7196,19.17217],[104.71929,19.17671],[104.71995,19.17809],[104.72128,19.18038],[104.72236,19.18245],[104.72327,19.18463],[104.72345,19.18549],[104.72344,19.18739],[104.7264,19.18911],[104.72815,19.19003],[104.72936,19.1905],[104.73038,19.19113],[104.73099,19.1917],[104.73147,19.19268],[104.73185,19.19477],[104.73189,19.19526],[104.73199,19.19917],[104.73118,19.19899],[104.71682,19.20019],[104.7152,19.20042],[104.71313,19.20078],[104.71219,19.20147],[104.71144,19.20252],[104.7109,19.20412],[104.70659,19.20671],[104.69696,19.20626],[104.69138,19.20692],[104.6882,19.20775],[104.68456,19.2089],[104.68328,19.20978],[104.68131,19.21131],[104.68114,19.21148],[104.68063,19.21203],[104.68037,19.21236],[104.67975,19.21326],[104.67946,19.21367],[104.67828,19.21561],[104.67816,19.21597],[104.67807,19.21637],[104.67802,19.21683],[104.67794,19.21725],[104.67789,19.21753],[104.67779,19.21793],[104.67724,19.21934],[104.67709,19.21962],[104.67631,19.22087],[104.67614,19.22112],[104.67529,19.22227],[104.67392,19.22404],[104.67213,19.22589],[104.67127,19.22641],[104.66768,19.2271],[104.66749,19.22713],[104.6671,19.2271],[104.66706,19.22709],[104.66666,19.22697],[104.66652,19.2269],[104.66452,19.22572],[104.66409,19.22544],[104.6639,19.2253],[104.66326,19.22473],[104.66287,19.22438],[104.66273,19.22423],[104.66252,19.22398],[104.66243,19.22379],[104.66239,19.22359],[104.66186,19.22086],[104.66148,19.21846],[104.66143,19.21808],[104.66137,19.21786],[104.66126,19.21752],[104.66109,19.21705],[104.66095,19.21678],[104.66071,19.21643],[104.66054,19.21621],[104.66026,19.21592],[104.66,19.21567],[104.65976,19.21547],[104.65835,19.2144],[104.65717,19.21367],[104.65421,19.21265],[104.65069,19.21172],[104.64629,19.2112],[104.64393,19.21097],[104.64347,19.21119],[104.64329,19.21347],[104.64302,19.21965],[104.64076,19.22749],[104.64072,19.2276],[104.64065,19.22774],[104.64,19.22911],[104.63991,19.22924],[104.6398,19.22934],[104.63614,19.23187],[104.63602,19.23195],[104.63581,19.23208],[104.63561,19.23214],[104.63533,19.23215],[104.63466,19.23213],[104.63182,19.23206],[104.63153,19.23208],[104.63136,19.23212],[104.63128,19.23215],[104.63116,19.23227],[104.63093,19.23261],[104.63004,19.2342],[104.62994,19.23454],[104.62988,19.23476],[104.62895,19.23917],[104.62662,19.24651],[104.62588,19.24721],[104.62556,19.24756],[104.62535,19.2479],[104.62522,19.24814],[104.62511,19.24841],[104.62475,19.25017],[104.62473,19.25042],[104.62457,19.25353],[104.62457,19.25373],[104.62459,19.25393],[104.62467,19.2541],[104.62509,19.25453],[104.6253,19.25466],[104.62578,19.25675],[104.62433,19.26205],[104.61995,19.2685],[104.61743,19.27162],[104.61724,19.27178],[104.6154,19.27496],[104.61446,19.27672],[104.61429,19.27852],[104.61332,19.27858],[104.61207,19.27894],[104.61089,19.27932],[104.61058,19.27944],[104.60967,19.27993],[104.60951,19.28008],[104.60941,19.28036],[104.60849,19.28146],[104.60609,19.28329],[104.60569,19.28352],[104.60512,19.28365],[104.60478,19.28365],[104.60441,19.28364],[104.60414,19.2836],[104.60387,19.28354],[104.60355,19.28345],[104.60328,19.28335],[104.602,19.28302],[104.60009,19.28258],[104.59973,19.28262],[104.59949,19.28276],[104.59728,19.28398],[104.59706,19.2842],[104.59681,19.28448],[104.59659,19.28504],[104.59644,19.28545],[104.59489,19.2862],[104.59245,19.28683],[104.59086,19.2872],[104.58797,19.28769],[104.58579,19.28756],[104.58314,19.28843]]]},"properties":{"commune_code":"16933","commune_name":"Xã Tam Quang","commune_kind":"XA","province_code":"40","province_name":"Tỉnh Nghệ An","area_km2":507.95,"valid_from":"16/6/2025","published":"13/07/2025","area_km2_geom":506.9838862022915,"quality_flag":null,"population":13013.0,"population_wp":14959.940365195274,"anchor_ratio":0.8698564086709272,"pop_source":"WORLDPOP2025_ANCHORED_VNSDI","pop_density_ppkm2":25.66748244698193,"n_stations":0,"n_ports":0,"power_kw_site":0.0,"ports_per_10k_pop":0.0,"util_mean_port_weighted":null,"dist_station_m_pop_weighted":25323.126031924498}},{"type":"Feature","geometry":{"type":"Polygon","coordinates":[[[104.54061,19.30058],[104.53791,19.30164],[104.53133,19.30143],[104.53135,19.29974],[104.53122,19.29939],[104.53052,19.29774],[104.52988,19.29661],[104.52888,19.29363],[104.5291,19.28863],[104.53013,19.28773],[104.5309,19.287],[104.53109,19.28676],[104.53129,19.28634],[104.532,19.28417],[104.53233,19.2828],[104.53244,19.28189],[104.53257,19.28027],[104.53258,19.28009],[104.53188,19.27711],[104.53285,19.27298],[104.53364,19.27243],[104.53473,19.27155],[104.53554,19.27041],[104.53612,19.26943],[104.53868,19.26426],[104.53938,19.26067],[104.53868,19.257],[104.53706,19.25253],[104.53507,19.25167],[104.53488,19.25155],[104.53472,19.25137],[104.53425,19.2502],[104.53396,19.24925],[104.53303,19.24279],[104.52674,19.23409],[104.5267,19.23388],[104.52652,19.23348],[104.52625,19.23299],[104.52604,19.23271],[104.52473,19.2313],[104.52412,19.23081],[104.52269,19.23007],[104.52247,19.22997],[104.52208,19.22987],[104.52031,19.22985],[104.51461,19.23001],[104.51134,19.23021],[104.50802,19.23049],[104.50401,19.23109],[104.50276,19.23118],[104.50261,19.23117],[104.50255,19.23116],[104.50254,19.23116],[104.50254,19.23115],[104.50253,19.23114],[104.50251,19.23111],[104.50186,19.23016],[104.50086,19.22825],[104.49565,19.22459],[104.4955,19.22455],[104.49537,19.22451],[104.49323,19.22443],[104.49304,19.22444],[104.49178,19.2248],[104.48959,19.22556],[104.48727,19.22635],[104.48691,19.22645],[104.48673,19.22647],[104.48648,19.22647],[104.48284,19.22526],[104.4787,19.22384],[104.47591,19.22279],[104.47283,19.22138],[104.47265,19.2213],[104.47242,19.22117],[104.4723,19.22102],[104.47223,19.22089],[104.4721,19.22031],[104.47205,19.22011],[104.47202,19.21988],[104.47205,19.21947],[104.47217,19.21887],[104.4716,19.21748],[104.46878,19.21422],[104.46702,19.21281],[104.46363,19.21057],[104.46345,19.21048],[104.46097,19.20944],[104.45155,19.20665],[104.44946,19.20634],[104.44588,19.20753],[104.44543,19.20769],[104.44483,19.20793],[104.44441,19.20815],[104.44334,19.20874],[104.4427,19.20922],[104.44185,19.2101],[104.44108,19.21079],[104.44054,19.21119],[104.44044,19.21123],[104.4403,19.21125],[104.44009,19.21125],[104.4343,19.2109],[104.4336,19.21058],[104.43012,19.20777],[104.43043,19.20634],[104.4308,19.20444],[104.42945,19.19944],[104.42936,19.19914],[104.4283,19.19675],[104.42714,19.19462],[104.42702,19.19452],[104.42674,19.19437],[104.4254,19.19365],[104.42502,19.19345],[104.4247,19.19332],[104.4246,19.1933],[104.42446,19.19329],[104.42406,19.19335],[104.42158,19.19309],[104.41841,19.19239],[104.41629,19.19156],[104.41173,19.18931],[104.40993,19.18799],[104.40872,19.18691],[104.40724,19.18413],[104.40691,19.18346],[104.40685,19.18332],[104.40678,19.18313],[104.40669,19.18288],[104.40668,19.1828],[104.40671,19.18257],[104.4069,19.18195],[104.40703,19.18155],[104.4074,19.18076],[104.40775,19.18014],[104.40785,19.17996],[104.40795,19.1798],[104.40807,19.17945],[104.4082,19.17893],[104.40887,19.17603],[104.40889,19.17589],[104.40887,19.17576],[104.40873,19.17562],[104.40845,19.17551],[104.40238,19.17371],[104.39889,19.17457],[104.38972,19.17394],[104.38934,19.17385],[104.38909,19.17378],[104.38865,19.17362],[104.38739,19.17313],[104.38731,19.17308],[104.38717,19.17291],[104.38704,19.17273],[104.38692,19.17255],[104.38681,19.17229],[104.38614,19.17056],[104.38572,19.16916],[104.38529,19.16737],[104.37889,19.1648],[104.37108,19.16205],[104.36903,19.16003],[104.36851,19.15959],[104.36831,19.15944],[104.36812,19.15937],[104.36783,19.15932],[104.36701,19.15931],[104.36643,19.15934],[104.36316,19.15953],[104.36271,19.15962],[104.36231,19.15976],[104.36192,19.16002],[104.35922,19.15798],[104.35506,19.15181],[104.35501,19.15173],[104.3547,19.15115],[104.35447,19.15057],[104.35435,19.15025],[104.35421,19.14986],[104.35394,19.14687],[104.35254,19.14231],[104.35241,19.14205],[104.35187,19.14092],[104.34849,19.13392],[104.3484,19.13382],[104.347,19.13284],[104.34609,19.13229],[104.34564,19.13206],[104.34524,19.13187],[104.34486,19.13175],[104.34229,19.13131],[104.34204,19.13128],[104.34176,19.13129],[104.33981,19.13156],[104.3382,19.13185],[104.3373,19.13189],[104.33202,19.12932],[104.3319,19.12923],[104.33157,19.12894],[104.32539,19.12643],[104.31875,19.12569],[104.31615,19.12591],[104.31567,19.12607],[104.3121,19.12721],[104.30857,19.12872],[104.3073,19.13008],[104.30696,19.12977],[104.30446,19.12737],[104.30366,19.12642],[104.30351,19.1261],[104.30347,19.12583],[104.3035,19.12553],[104.30363,19.12458],[104.30394,19.12366],[104.30424,19.12291],[104.30465,19.12015],[104.3043,19.11539],[104.3042,19.11488],[104.30392,19.11432],[104.30345,19.11379],[104.30316,19.11351],[104.30126,19.11219],[104.30217,19.11112],[104.30597,19.09934],[104.30531,19.09508],[104.31028,19.08922],[104.31317,19.08777],[104.31397,19.08814],[104.31444,19.08836],[104.31753,19.0871],[104.32805,19.08164],[104.33034,19.08089],[104.33249,19.07944],[104.33586,19.07763],[104.33763,19.07666],[104.33856,19.0756],[104.33983,19.07556],[104.34174,19.07618],[104.34311,19.07617],[104.34852,19.07368],[104.34941,19.07266],[104.351,19.07126],[104.35114,19.07115],[104.35217,19.0708],[104.35385,19.07072],[104.3553,19.07144],[104.35772,19.07247],[104.36178,19.0727],[104.36346,19.0728],[104.36546,19.0736],[104.36677,19.07361],[104.36855,19.07299],[104.37051,19.07193],[104.37382,19.06961],[104.37524,19.06862],[104.37721,19.06596],[104.37885,19.06445],[104.38142,19.06326],[104.38277,19.06247],[104.38357,19.06114],[104.38442,19.06003],[104.38577,19.05982],[104.38792,19.06005],[104.3889,19.06],[104.39053,19.06005],[104.39217,19.05957],[104.39473,19.059],[104.39632,19.05843],[104.39866,19.05799],[104.40175,19.05609],[104.40348,19.05459],[104.40362,19.05419],[104.408,19.05733],[104.41447,19.06108],[104.41804,19.06236],[104.4183,19.06239],[104.41871,19.06262],[104.41996,19.06342],[104.42036,19.06368],[104.42558,19.06828],[104.42763,19.07072],[104.43136,19.07407],[104.43441,19.07582],[104.43858,19.07767],[104.44052,19.07843],[104.44304,19.07849],[104.44402,19.07824],[104.44427,19.07811],[104.44459,19.07793],[104.44612,19.07732],[104.44657,19.07716],[104.44691,19.07706],[104.44721,19.07699],[104.45071,19.0767],[104.45466,19.07646],[104.45714,19.07635],[104.46001,19.07685],[104.46596,19.07893],[104.47154,19.08104],[104.47337,19.08138],[104.47502,19.08081],[104.47748,19.08006],[104.47848,19.07984],[104.479,19.07981],[104.48005,19.07981],[104.48044,19.07984],[104.48058,19.07989],[104.48357,19.08166],[104.48398,19.08201],[104.48442,19.08258],[104.48479,19.08321],[104.4852,19.0842],[104.48556,19.08504],[104.48594,19.08578],[104.4863,19.08627],[104.48677,19.08663],[104.4872,19.08694],[104.48777,19.08727],[104.48801,19.08737],[104.48876,19.08753],[104.49232,19.08515],[104.49461,19.08228],[104.49621,19.08099],[104.50086,19.08199],[104.50352,19.08496],[104.50673,19.08611],[104.51255,19.08797],[104.52022,19.09009],[104.52461,19.08967],[104.52828,19.0885],[104.52856,19.08842],[104.52889,19.08839],[104.52932,19.08843],[104.52993,19.08859],[104.53079,19.08892],[104.53101,19.08901],[104.53127,19.08927],[104.53323,19.09229],[104.53418,19.09391],[104.53581,19.09728],[104.53713,19.1004],[104.5393,19.10338],[104.54069,19.10428],[104.54197,19.10524],[104.54219,19.1054],[104.5441,19.1079],[104.54423,19.10809],[104.54433,19.10828],[104.54441,19.10857],[104.54439,19.10884],[104.54421,19.10919],[104.54393,19.10955],[104.54357,19.10991],[104.54327,19.11024],[104.5424,19.1113],[104.5422,19.11158],[104.54179,19.1124],[104.54152,19.11297],[104.54136,19.11341],[104.54127,19.11396],[104.54045,19.12073],[104.53713,19.12679],[104.53625,19.12775],[104.53524,19.12909],[104.5323,19.13397],[104.53118,19.1364],[104.53102,19.13679],[104.53081,19.13742],[104.53078,19.13758],[104.53078,19.13777],[104.53088,19.13875],[104.53115,19.14082],[104.5313,19.14162],[104.53168,19.14281],[104.53184,19.14323],[104.53205,19.14353],[104.53219,19.14369],[104.53228,19.14375],[104.53286,19.14395],[104.53318,19.14402],[104.53385,19.14413],[104.534,19.14416],[104.53441,19.14438],[104.53463,19.14451],[104.53501,19.14483],[104.53664,19.14657],[104.53764,19.14791],[104.53847,19.1498],[104.53984,19.15199],[104.5409,19.15309],[104.54311,19.15423],[104.54411,19.15474],[104.54423,19.15479],[104.5443,19.15481],[104.54458,19.15487],[104.54574,19.15504],[104.54748,19.15658],[104.54757,19.15989],[104.54708,19.16332],[104.54658,19.16689],[104.5467,19.17594],[104.54671,19.17618],[104.54673,19.17631],[104.54684,19.17658],[104.54784,19.17798],[104.54801,19.17822],[104.54829,19.17841],[104.54937,19.17895],[104.54972,19.17911],[104.55115,19.17992],[104.55261,19.18116],[104.55441,19.18378],[104.5633,19.19677],[104.56342,19.19694],[104.56708,19.19983],[104.57453,19.2046],[104.57367,19.20742],[104.57025,19.20957],[104.56911,19.21067],[104.56879,19.2111],[104.56766,19.21332],[104.56763,19.2134],[104.56766,19.21354],[104.56776,19.21369],[104.56856,19.21451],[104.56953,19.21542],[104.57059,19.21654],[104.57089,19.2169],[104.57184,19.21839],[104.57187,19.21849],[104.5719,19.21867],[104.5721,19.22187],[104.57211,19.22203],[104.57209,19.2223],[104.57202,19.22263],[104.57183,19.22348],[104.57165,19.22417],[104.57148,19.22458],[104.57097,19.22527],[104.56988,19.22528],[104.56882,19.22534],[104.56793,19.22549],[104.56716,19.22571],[104.56613,19.22609],[104.56512,19.22667],[104.56575,19.22975],[104.56698,19.23208],[104.57141,19.23599],[104.57443,19.2415],[104.57459,19.24214],[104.57459,19.2424],[104.57459,19.24271],[104.5744,19.24357],[104.57417,19.24451],[104.57394,19.24517],[104.57335,19.24628],[104.57114,19.24901],[104.56848,19.25215],[104.56675,19.25408],[104.56515,19.25603],[104.56288,19.26197],[104.56236,19.26358],[104.56221,19.26417],[104.56223,19.26437],[104.56318,19.26593],[104.56347,19.26632],[104.56482,19.26749],[104.56519,19.26777],[104.56582,19.26806],[104.56584,19.27101],[104.56545,19.27698],[104.56503,19.27919],[104.56469,19.28072],[104.56361,19.28272],[104.56303,19.28489],[104.56252,19.2849],[104.56227,19.28497],[104.56192,19.28512],[104.56163,19.28533],[104.56053,19.28625],[104.55967,19.28717],[104.55939,19.28768],[104.55924,19.28815],[104.55888,19.2891],[104.55789,19.2907],[104.55573,19.29388],[104.55543,19.29416],[104.55331,19.29596],[104.55295,19.29616],[104.54533,19.29925],[104.54221,19.30029],[104.54061,19.30058]]]},"properties":{"commune_code":"16936","commune_name":"Xã Tam Thái","commune_kind":"XA","province_code":"40","province_name":"Tỉnh Nghệ An","area_km2":356.01,"valid_from":"16/6/2025","published":"13/07/2025","area_km2_geom":342.8380785528784,"quality_flag":null,"population":7730.0,"population_wp":7067.616473391652,"anchor_ratio":1.0937209212047805,"pop_source":"WORLDPOP2025_ANCHORED_VNSDI","pop_density_ppkm2":22.547087046539218,"n_stations":0,"n_ports":0,"power_kw_site":0.0,"ports_per_10k_pop":0.0,"util_mean_port_weighted":null,"dist_station_m_pop_weighted":16717.37012945335}},{"type":"Feature","geometry":{"type":"Polygon","coordinates":[[[105.40542,19.35992],[105.40509,19.35998],[105.4048,19.35977],[105.40469,19.35969],[105.40398,19.35879],[105.40073,19.35412],[105.40005,19.35261],[105.3996,19.35153],[105.40053,19.35131],[105.40183,19.35062],[105.40277,19.34969],[105.40328,19.34861],[105.40368,19.34446],[105.40394,19.34356],[105.40427,19.34287],[105.40497,19.34179],[105.40631,19.3403],[105.40812,19.33861],[105.40982,19.33747],[105.41045,19.33721],[105.41149,19.33678],[105.41343,19.33639],[105.41524,19.33615],[105.41702,19.3362],[105.41943,19.33627],[105.42096,19.33614],[105.42218,19.33565],[105.4235,19.33478],[105.42504,19.33334],[105.42649,19.33151],[105.42692,19.33067],[105.42719,19.32941],[105.42718,19.3279],[105.42693,19.32654],[105.42526,19.32045],[105.42361,19.31576],[105.42329,19.31463],[105.42315,19.3135],[105.42312,19.31253],[105.42317,19.31178],[105.42338,19.31091],[105.42371,19.30999],[105.42422,19.30924],[105.42503,19.3087],[105.42573,19.30845],[105.42589,19.30842],[105.42713,19.30826],[105.42961,19.30787],[105.4304,19.30764],[105.43093,19.30731],[105.43115,19.30692],[105.4312,19.30643],[105.43011,19.30249],[105.42678,19.29706],[105.42228,19.29334],[105.42215,19.29321],[105.42124,19.29232],[105.42087,19.29117],[105.42097,19.29002],[105.42228,19.28817],[105.42336,19.28624],[105.4239,19.28429],[105.42399,19.2832],[105.42382,19.28215],[105.4235,19.28123],[105.42325,19.28097],[105.42287,19.28082],[105.42182,19.28087],[105.42094,19.28111],[105.42039,19.28126],[105.41931,19.28144],[105.4184,19.28145],[105.4175,19.28114],[105.41704,19.28065],[105.41689,19.28037],[105.41661,19.27986],[105.4162,19.27873],[105.41595,19.27729],[105.41593,19.27717],[105.4156,19.27381],[105.41546,19.27202],[105.41546,19.27189],[105.41551,19.27087],[105.41586,19.26989],[105.41688,19.26832],[105.41746,19.26765],[105.41887,19.26599],[105.41924,19.2655],[105.4204,19.26401],[105.4208,19.26301],[105.4211,19.26186],[105.42123,19.26047],[105.42115,19.25934],[105.42101,19.25791],[105.42065,19.25691],[105.41987,19.25553],[105.42071,19.25386],[105.4256,19.24985],[105.42734,19.24845],[105.42897,19.24724],[105.4306,19.24605],[105.43074,19.24599],[105.43109,19.24585],[105.43197,19.246],[105.43269,19.24623],[105.43303,19.24644],[105.43389,19.24865],[105.43418,19.24968],[105.43419,19.25062],[105.43403,19.2511],[105.43308,19.25282],[105.43257,19.25567],[105.43327,19.25703],[105.43742,19.2614],[105.43789,19.26167],[105.43941,19.26215],[105.43611,19.26285],[105.43447,19.26328],[105.43377,19.2637],[105.4335,19.26414],[105.43328,19.26518],[105.43203,19.26725],[105.43026,19.26939],[105.42921,19.27055],[105.42905,19.27066],[105.42675,19.27163],[105.42528,19.27469],[105.42644,19.27672],[105.42813,19.2793],[105.43096,19.27979],[105.43475,19.28016],[105.43489,19.28015],[105.43555,19.27991],[105.4359,19.27911],[105.43613,19.27788],[105.43784,19.27595],[105.43867,19.27525],[105.43894,19.27503],[105.43899,19.27501],[105.43965,19.27468],[105.4398,19.27461],[105.44002,19.27453],[105.44012,19.27452],[105.44013,19.27453],[105.44017,19.27454],[105.44029,19.27458],[105.44133,19.27499],[105.44639,19.27981],[105.44761,19.2833],[105.44793,19.28448],[105.44809,19.2851],[105.44803,19.28534],[105.44653,19.29156],[105.44586,19.29203],[105.44575,19.29217],[105.44563,19.29245],[105.44558,19.29261],[105.44559,19.29267],[105.44562,19.29277],[105.44585,19.29307],[105.44839,19.29537],[105.45089,19.29697],[105.45224,19.29779],[105.45231,19.29785],[105.45235,19.29791],[105.45238,19.29802],[105.4524,19.29813],[105.45239,19.29837],[105.45237,19.29865],[105.45232,19.29886],[105.45226,19.29903],[105.45177,19.30011],[105.45065,19.30217],[105.44979,19.30328],[105.44926,19.30299],[105.44868,19.30357],[105.44806,19.30541],[105.4479,19.30969],[105.44889,19.31169],[105.45079,19.31126],[105.45374,19.31106],[105.45432,19.3112],[105.45668,19.31262],[105.45773,19.31352],[105.45773,19.31353],[105.45743,19.31401],[105.4573,19.3146],[105.45724,19.31537],[105.45723,19.31543],[105.45727,19.31607],[105.45745,19.31656],[105.45837,19.31749],[105.45852,19.31794],[105.45854,19.3187],[105.45792,19.32231],[105.45785,19.32267],[105.45771,19.32283],[105.45377,19.32575],[105.45155,19.32638],[105.44893,19.32703],[105.44751,19.32719],[105.44635,19.32706],[105.44482,19.32711],[105.44385,19.32729],[105.44304,19.32757],[105.44181,19.32837],[105.4406,19.32933],[105.44031,19.32971],[105.4403,19.32999],[105.43717,19.33812],[105.43578,19.34039],[105.43378,19.34396],[105.43282,19.34833],[105.42885,19.35266],[105.42806,19.35288],[105.4278,19.35313],[105.4277,19.35352],[105.42767,19.3556],[105.42785,19.35611],[105.42875,19.35793],[105.42633,19.35829],[105.42226,19.35841],[105.42015,19.35475],[105.41778,19.34986],[105.4141,19.349],[105.40875,19.34937],[105.40834,19.34941],[105.40787,19.34953],[105.40713,19.34986],[105.40686,19.35003],[105.40658,19.35454],[105.4071,19.35706],[105.40705,19.35883],[105.40694,19.35891],[105.40669,19.35911],[105.40571,19.35986],[105.40542,19.35992]]]},"properties":{"commune_code":"16939","commune_name":"Phường Thái Hòa","commune_kind":"PHUONG","province_code":"40","province_name":"Tỉnh Nghệ An","area_km2":27.09,"valid_from":"16/6/2025","published":"13/07/2025","area_km2_geom":26.8684433630571,"quality_flag":null,"population":26916.000000000004,"population_wp":26520.169198049232,"anchor_ratio":1.0149256514539842,"pop_source":"WORLDPOP2025_ANCHORED_VNSDI","pop_density_ppkm2":1001.7699811001442,"n_stations":3,"n_ports":16,"power_kw_site":1080.0,"ports_per_10k_pop":5.944419676029127,"util_mean_port_weighted":0.23867706991753063,"dist_station_m_pop_weighted":2705.698798453694}},{"type":"Feature","geometry":{"type":"Polygon","coordinates":[[[105.4974,19.40349],[105.49736,19.4035],[105.49718,19.40345],[105.49706,19.40341],[105.49498,19.40263],[105.49394,19.40202],[105.49328,19.40163],[105.49181,19.40049],[105.4918,19.39981],[105.4918,19.39923],[105.49179,19.39794],[105.49217,19.39618],[105.49011,19.38465],[105.49001,19.38317],[105.48459,19.37859],[105.48242,19.37676],[105.48104,19.37629],[105.47542,19.37508],[105.47503,19.37444],[105.47498,19.37439],[105.47494,19.37436],[105.47493,19.37435],[105.4748,19.37423],[105.47372,19.37434],[105.47369,19.37436],[105.47159,19.3767],[105.47102,19.37896],[105.47117,19.37927],[105.47126,19.37945],[105.47134,19.37973],[105.47132,19.37988],[105.47116,19.38024],[105.47099,19.38048],[105.47083,19.38059],[105.47055,19.38067],[105.47042,19.38071],[105.46987,19.38066],[105.46962,19.38063],[105.46912,19.38055],[105.46872,19.38044],[105.46867,19.3804],[105.46822,19.37999],[105.4681,19.37972],[105.46804,19.37949],[105.46803,19.37907],[105.46807,19.37882],[105.46812,19.37849],[105.4683,19.378],[105.46848,19.37763],[105.46887,19.37723],[105.4692,19.37698],[105.46971,19.3767],[105.47007,19.3765],[105.47032,19.37622],[105.47032,19.3759],[105.47026,19.37585],[105.47013,19.37573],[105.46996,19.3757],[105.46995,19.37569],[105.46978,19.37566],[105.46951,19.37569],[105.46944,19.37569],[105.46943,19.3757],[105.46907,19.37582],[105.46905,19.37582],[105.46838,19.37608],[105.46769,19.37645],[105.46733,19.37672],[105.46437,19.37928],[105.46435,19.37932],[105.46425,19.37949],[105.46367,19.38056],[105.45873,19.37823],[105.45323,19.37791],[105.45124,19.37991],[105.44996,19.38154],[105.4504,19.3741],[105.44732,19.37235],[105.44738,19.37162],[105.44792,19.36877],[105.44831,19.36705],[105.44861,19.36697],[105.44892,19.36687],[105.44923,19.36672],[105.44965,19.36645],[105.44999,19.36621],[105.45019,19.36604],[105.45035,19.36581],[105.45049,19.36557],[105.45059,19.36537],[105.45067,19.36518],[105.45073,19.36498],[105.45076,19.36485],[105.45076,19.3646],[105.45074,19.36436],[105.45069,19.36412],[105.45059,19.36389],[105.45047,19.36367],[105.4503,19.36344],[105.45012,19.36323],[105.44987,19.36302],[105.44965,19.36288],[105.44934,19.36274],[105.44902,19.36263],[105.44868,19.36259],[105.44434,19.36206],[105.44418,19.36207],[105.44398,19.3621],[105.44375,19.36214],[105.44216,19.36581],[105.4418,19.366],[105.44167,19.36605],[105.44149,19.36609],[105.44023,19.36617],[105.44006,19.36616],[105.43399,19.36551],[105.43168,19.36526],[105.4304,19.36404],[105.43008,19.36366],[105.43003,19.3636],[105.43001,19.36356],[105.42989,19.36308],[105.42979,19.3627],[105.42977,19.36252],[105.42978,19.36242],[105.42981,19.36233],[105.42933,19.35932],[105.42875,19.35793],[105.42785,19.35611],[105.42767,19.3556],[105.4277,19.35352],[105.4278,19.35313],[105.42806,19.35288],[105.42885,19.35266],[105.43282,19.34833],[105.43378,19.34396],[105.43578,19.34039],[105.43717,19.33812],[105.4403,19.32999],[105.44031,19.32971],[105.4406,19.32933],[105.44181,19.32837],[105.44304,19.32757],[105.44385,19.32729],[105.44482,19.32711],[105.44635,19.32706],[105.44751,19.32719],[105.44893,19.32703],[105.45155,19.32638],[105.45377,19.32575],[105.45771,19.32283],[105.45785,19.32267],[105.45792,19.32231],[105.45854,19.3187],[105.45852,19.31794],[105.45837,19.31749],[105.45745,19.31656],[105.45727,19.31607],[105.45723,19.31543],[105.45724,19.31537],[105.4573,19.3146],[105.45743,19.31401],[105.45773,19.31353],[105.45773,19.31352],[105.45833,19.31285],[105.45896,19.31251],[105.45946,19.31232],[105.46,19.31227],[105.46103,19.31245],[105.46139,19.31268],[105.46164,19.313],[105.46207,19.31388],[105.46258,19.31485],[105.46341,19.31587],[105.46428,19.31661],[105.46492,19.31699],[105.4653,19.31705],[105.46591,19.31682],[105.46761,19.31532],[105.46932,19.31356],[105.46953,19.31346],[105.47002,19.31344],[105.47137,19.31419],[105.47351,19.31626],[105.47404,19.31693],[105.47662,19.32011],[105.47671,19.32023],[105.47998,19.31872],[105.48229,19.31601],[105.48277,19.31549],[105.48348,19.31517],[105.4875,19.31385],[105.4951,19.3143],[105.49478,19.31485],[105.4944,19.31556],[105.49426,19.31584],[105.49358,19.31763],[105.4935,19.31787],[105.49349,19.31817],[105.49362,19.31849],[105.49406,19.32015],[105.49383,19.32378],[105.49337,19.32672],[105.49323,19.3271],[105.49254,19.3307],[105.49579,19.33595],[105.49616,19.33653],[105.49639,19.33687],[105.49643,19.33694],[105.498,19.33695],[105.49866,19.33648],[105.50146,19.33619],[105.50765,19.33801],[105.50803,19.33957],[105.50788,19.34253],[105.50699,19.34222],[105.50617,19.34028],[105.49793,19.33822],[105.49672,19.33886],[105.49727,19.34269],[105.49514,19.34571],[105.49497,19.34577],[105.4933,19.34619],[105.49131,19.34667],[105.48887,19.3471],[105.48835,19.34723],[105.48813,19.34939],[105.48855,19.34943],[105.48922,19.34946],[105.48924,19.34946],[105.49096,19.34944],[105.49123,19.34943],[105.49208,19.34939],[105.4923,19.34935],[105.49245,19.34931],[105.49253,19.34929],[105.49506,19.34841],[105.49686,19.34678],[105.49694,19.34669],[105.49714,19.3466],[105.50708,19.34606],[105.50945,19.34632],[105.50977,19.34911],[105.50924,19.35242],[105.50874,19.35454],[105.50841,19.35577],[105.50823,19.35614],[105.50814,19.35628],[105.50748,19.35659],[105.5055,19.35712],[105.50405,19.35734],[105.50496,19.36068],[105.50808,19.36549],[105.50869,19.36632],[105.50963,19.36762],[105.51074,19.36702],[105.51255,19.36608],[105.51425,19.36527],[105.5152,19.36654],[105.51354,19.36826],[105.51299,19.36874],[105.51116,19.36992],[105.50945,19.37086],[105.50629,19.37256],[105.50524,19.3728],[105.5051,19.37269],[105.5001,19.36602],[105.49678,19.36797],[105.49681,19.36825],[105.49679,19.36848],[105.4967,19.3693],[105.49666,19.36947],[105.49659,19.36966],[105.49648,19.36984],[105.49595,19.37036],[105.49395,19.37206],[105.49165,19.37401],[105.49134,19.37428],[105.49129,19.37432],[105.49105,19.37452],[105.49089,19.37466],[105.49055,19.3754],[105.49043,19.37678],[105.49068,19.37813],[105.49118,19.38011],[105.49238,19.38149],[105.49346,19.38208],[105.49538,19.38343],[105.4965,19.38422],[105.49655,19.3843],[105.49751,19.38579],[105.49754,19.38584],[105.49757,19.386],[105.49758,19.38613],[105.49763,19.38693],[105.49738,19.38865],[105.49707,19.3892],[105.49687,19.38953],[105.49586,19.39098],[105.49566,19.39125],[105.49591,19.39201],[105.49672,19.39434],[105.49725,19.39508],[105.49731,19.39515],[105.49733,19.39516],[105.49736,19.39517],[105.49739,19.39517],[105.49744,19.39517],[105.49812,19.39493],[105.49901,19.39447],[105.50363,19.39192],[105.50527,19.39078],[105.50695,19.38959],[105.50939,19.38765],[105.50894,19.38594],[105.50834,19.38448],[105.50732,19.38254],[105.50654,19.37862],[105.50666,19.37764],[105.50694,19.37676],[105.5072,19.37684],[105.50974,19.37807],[105.50998,19.37828],[105.515,19.38509],[105.51741,19.38915],[105.51736,19.38925],[105.51672,19.39216],[105.5197,19.3973],[105.52041,19.4001],[105.52101,19.40105],[105.5203,19.40155],[105.51967,19.40172],[105.51398,19.40016],[105.5082,19.39948],[105.50724,19.39946],[105.50576,19.39974],[105.50192,19.40085],[105.49995,19.40157],[105.49752,19.40339],[105.4974,19.40349]]]},"properties":{"commune_code":"16941","commune_name":"Xã Nghĩa Đàn","commune_kind":"XA","province_code":"40","province_name":"Tỉnh Nghệ An","area_km2":47.32,"valid_from":"16/6/2025","published":"13/07/2025","area_km2_geom":47.06383959248668,"quality_flag":null,"population":19670.0,"population_wp":22641.237763207406,"anchor_ratio":0.8687687575086667,"pop_source":"WORLDPOP2025_ANCHORED_VNSDI","pop_density_ppkm2":417.94295090067703,"n_stations":1,"n_ports":2,"power_kw_site":180.0,"ports_per_10k_pop":1.0167768174885612,"util_mean_port_weighted":0.5094916849701914,"dist_station_m_pop_weighted":3385.1843288567707}},{"type":"Feature","geometry":{"type":"Polygon","coordinates":[[[105.38669,19.4721],[105.3853,19.47401],[105.38326,19.47245],[105.38219,19.47163],[105.38203,19.47149],[105.3783,19.46848],[105.37196,19.46324],[105.37021,19.46101],[105.36992,19.46055],[105.36934,19.45924],[105.36794,19.45609],[105.36559,19.45017],[105.36998,19.44589],[105.37398,19.43749],[105.37858,19.42699],[105.37886,19.42634],[105.37891,19.42622],[105.38017,19.42443],[105.38204,19.42252],[105.38272,19.422],[105.38946,19.41689],[105.39159,19.41527],[105.39176,19.41514],[105.39176,19.4151],[105.39176,19.41506],[105.39175,19.41498],[105.39153,19.41373],[105.39126,19.41226],[105.39034,19.40698],[105.38956,19.40218],[105.38956,19.40197],[105.38965,19.40004],[105.38966,19.39963],[105.39084,19.39703],[105.39174,19.39566],[105.39244,19.39444],[105.39354,19.39231],[105.39412,19.39094],[105.39332,19.38971],[105.39299,19.38736],[105.39696,19.3865],[105.39731,19.38648],[105.40017,19.3873],[105.40065,19.38744],[105.40127,19.38767],[105.40181,19.38811],[105.4022,19.38832],[105.4028,19.38864],[105.40301,19.38867],[105.40605,19.38924],[105.40615,19.38926],[105.40649,19.38795],[105.40676,19.38689],[105.40678,19.3862],[105.40602,19.38229],[105.40897,19.38409],[105.41056,19.38546],[105.41084,19.38666],[105.41095,19.38762],[105.41176,19.38907],[105.41472,19.39167],[105.41536,19.39221],[105.41585,19.39252],[105.41694,19.39291],[105.42389,19.39427],[105.42396,19.39428],[105.42403,19.39429],[105.42418,19.3943],[105.42488,19.39418],[105.42525,19.3941],[105.42715,19.39371],[105.42814,19.39342],[105.42848,19.39332],[105.42871,19.39322],[105.42895,19.39302],[105.42898,19.393],[105.42933,19.39266],[105.42958,19.39241],[105.42982,19.39195],[105.43769,19.3894],[105.4415,19.38939],[105.44211,19.38998],[105.4442,19.39127],[105.44454,19.39145],[105.44693,19.39179],[105.44729,19.39167],[105.44748,19.39154],[105.4477,19.39136],[105.44775,19.39132],[105.44782,19.39123],[105.44793,19.39112],[105.44809,19.3909],[105.44822,19.39071],[105.44829,19.3905],[105.44836,19.39031],[105.44871,19.38809],[105.44873,19.38799],[105.44858,19.3875],[105.44819,19.38707],[105.448,19.38687],[105.44781,19.3866],[105.44751,19.386],[105.44739,19.38389],[105.44742,19.38377],[105.44756,19.38331],[105.44765,19.38302],[105.44772,19.38288],[105.44996,19.38154],[105.45124,19.37991],[105.45323,19.37791],[105.45873,19.37823],[105.46367,19.38056],[105.46425,19.37949],[105.46435,19.37932],[105.46437,19.37928],[105.46733,19.37672],[105.46769,19.37645],[105.46838,19.37608],[105.46905,19.37582],[105.46907,19.37582],[105.46943,19.3757],[105.46944,19.37569],[105.46951,19.37569],[105.46978,19.37566],[105.46995,19.37569],[105.46996,19.3757],[105.47013,19.37573],[105.47026,19.37585],[105.47032,19.3759],[105.47032,19.37622],[105.47007,19.3765],[105.46971,19.3767],[105.4692,19.37698],[105.46887,19.37723],[105.46848,19.37763],[105.4683,19.378],[105.46812,19.37849],[105.46807,19.37882],[105.46803,19.37907],[105.46804,19.37949],[105.4681,19.37972],[105.46822,19.37999],[105.46867,19.3804],[105.46872,19.38044],[105.46912,19.38055],[105.46962,19.38063],[105.46987,19.38066],[105.47042,19.38071],[105.47055,19.38067],[105.47083,19.38059],[105.47099,19.38048],[105.47116,19.38024],[105.47132,19.37988],[105.47134,19.37973],[105.47126,19.37945],[105.47117,19.37927],[105.47102,19.37896],[105.47159,19.3767],[105.47369,19.37436],[105.47372,19.37434],[105.4748,19.37423],[105.47493,19.37435],[105.47494,19.37436],[105.47498,19.37439],[105.47503,19.37444],[105.47542,19.37508],[105.48104,19.37629],[105.48242,19.37676],[105.48459,19.37859],[105.49001,19.38317],[105.49011,19.38465],[105.49217,19.39618],[105.49179,19.39794],[105.4918,19.39923],[105.4918,19.39981],[105.49181,19.40049],[105.49328,19.40163],[105.49394,19.40202],[105.49498,19.40263],[105.49706,19.40341],[105.49718,19.40345],[105.49736,19.4035],[105.4974,19.40349],[105.49752,19.40339],[105.49995,19.40157],[105.50192,19.40085],[105.50576,19.39974],[105.50724,19.39946],[105.5082,19.39948],[105.51398,19.40016],[105.51967,19.40172],[105.5203,19.40155],[105.52101,19.40105],[105.52041,19.4001],[105.52081,19.39972],[105.52154,19.39941],[105.52654,19.39847],[105.52858,19.40055],[105.53675,19.40654],[105.53963,19.40935],[105.54154,19.41168],[105.54128,19.41427],[105.54253,19.41845],[105.54791,19.42393],[105.54849,19.42444],[105.5491,19.42483],[105.5492,19.42489],[105.55141,19.42597],[105.54541,19.43221],[105.545,19.43281],[105.54367,19.43479],[105.5432,19.43577],[105.54226,19.43777],[105.5405,19.44151],[105.53935,19.44393],[105.53771,19.44743],[105.53716,19.44929],[105.53573,19.45416],[105.53491,19.45577],[105.53378,19.45687],[105.52635,19.46262],[105.52481,19.46361],[105.52285,19.46414],[105.51941,19.46439],[105.51933,19.46436],[105.51825,19.46407],[105.51716,19.46404],[105.51345,19.46396],[105.51302,19.46395],[105.50838,19.46384],[105.50083,19.46181],[105.49431,19.45759],[105.49194,19.45311],[105.48834,19.45019],[105.48834,19.45019],[105.4835,19.44942],[105.47972,19.44923],[105.47286,19.45274],[105.47073,19.45422],[105.46796,19.45613],[105.46539,19.4561],[105.46462,19.4554],[105.46254,19.45348],[105.45463,19.44477],[105.45214,19.44382],[105.4492,19.4427],[105.44519,19.442],[105.4428,19.44451],[105.44175,19.44561],[105.43941,19.44853],[105.43878,19.44931],[105.43606,19.45159],[105.43452,19.45268],[105.42888,19.45639],[105.42358,19.45645],[105.42108,19.45636],[105.41952,19.45642],[105.41747,19.4565],[105.41355,19.4569],[105.41113,19.45776],[105.41054,19.45776],[105.41048,19.45772],[105.41,19.45742],[105.40743,19.45435],[105.40611,19.45274],[105.4015,19.4502],[105.39477,19.45154],[105.39077,19.45529],[105.39,19.45629],[105.38949,19.45771],[105.38908,19.45927],[105.38965,19.46182],[105.39223,19.46395],[105.39223,19.46518],[105.39187,19.46603],[105.39064,19.46807],[105.38669,19.4721]]]},"properties":{"commune_code":"16951","commune_name":"Xã Nghĩa Lâm","commune_kind":"XA","province_code":"40","province_name":"Tỉnh Nghệ An","area_km2":121.75,"valid_from":"16/6/2025","published":"13/07/2025","area_km2_geom":122.61392852836063,"quality_flag":null,"population":23753.0,"population_wp":26134.473224965855,"anchor_ratio":0.9088761726909088,"pop_source":"WORLDPOP2025_ANCHORED_VNSDI","pop_density_ppkm2":193.721873893845,"n_stations":0,"n_ports":0,"power_kw_site":0.0,"ports_per_10k_pop":0.0,"util_mean_port_weighted":null,"dist_station_m_pop_weighted":12791.469355099856}},{"type":"Feature","geometry":{"type":"Polygon","coordinates":[[[105.5521,19.42523],[105.55141,19.42597],[105.5492,19.42489],[105.5491,19.42483],[105.54849,19.42444],[105.54791,19.42393],[105.54253,19.41845],[105.54128,19.41427],[105.54154,19.41168],[105.53963,19.40935],[105.53675,19.40654],[105.52858,19.40055],[105.52654,19.39847],[105.52154,19.39941],[105.52081,19.39972],[105.52041,19.4001],[105.5197,19.3973],[105.51672,19.39216],[105.51736,19.38925],[105.51741,19.38915],[105.515,19.38509],[105.50998,19.37828],[105.50974,19.37807],[105.5072,19.37684],[105.50694,19.37676],[105.50666,19.37764],[105.50654,19.37862],[105.50732,19.38254],[105.50834,19.38448],[105.50894,19.38594],[105.50939,19.38765],[105.50695,19.38959],[105.50527,19.39078],[105.50363,19.39192],[105.49901,19.39447],[105.49812,19.39493],[105.49744,19.39517],[105.49739,19.39517],[105.49736,19.39517],[105.49733,19.39516],[105.49731,19.39515],[105.49725,19.39508],[105.49672,19.39434],[105.49591,19.39201],[105.49566,19.39125],[105.49586,19.39098],[105.49687,19.38953],[105.49707,19.3892],[105.49738,19.38865],[105.49763,19.38693],[105.49758,19.38613],[105.49757,19.386],[105.49754,19.38584],[105.49751,19.38579],[105.49655,19.3843],[105.4965,19.38422],[105.49538,19.38343],[105.49346,19.38208],[105.49238,19.38149],[105.49118,19.38011],[105.49068,19.37813],[105.49043,19.37678],[105.49055,19.3754],[105.49089,19.37466],[105.49105,19.37452],[105.49129,19.37432],[105.49134,19.37428],[105.49165,19.37401],[105.49395,19.37206],[105.49595,19.37036],[105.49648,19.36984],[105.49659,19.36966],[105.49666,19.36947],[105.4967,19.3693],[105.49679,19.36848],[105.49681,19.36825],[105.49678,19.36797],[105.5001,19.36602],[105.5051,19.37269],[105.50524,19.3728],[105.50629,19.37256],[105.50945,19.37086],[105.51116,19.36992],[105.51299,19.36874],[105.51354,19.36826],[105.5152,19.36654],[105.51425,19.36527],[105.51255,19.36608],[105.51074,19.36702],[105.50963,19.36762],[105.50869,19.36632],[105.50808,19.36549],[105.50496,19.36068],[105.50405,19.35734],[105.5055,19.35712],[105.50748,19.35659],[105.50814,19.35628],[105.50823,19.35614],[105.50841,19.35577],[105.50874,19.35454],[105.50924,19.35242],[105.50977,19.34911],[105.50945,19.34632],[105.50708,19.34606],[105.49714,19.3466],[105.49694,19.34669],[105.49686,19.34678],[105.49506,19.34841],[105.49253,19.34929],[105.49245,19.34931],[105.4923,19.34935],[105.49208,19.34939],[105.49123,19.34943],[105.49096,19.34944],[105.48924,19.34946],[105.48922,19.34946],[105.48855,19.34943],[105.48813,19.34939],[105.48835,19.34723],[105.48887,19.3471],[105.49131,19.34667],[105.4933,19.34619],[105.49497,19.34577],[105.49514,19.34571],[105.49727,19.34269],[105.49672,19.33886],[105.49793,19.33822],[105.50617,19.34028],[105.50699,19.34222],[105.50788,19.34253],[105.50803,19.33957],[105.50765,19.33801],[105.50146,19.33619],[105.49866,19.33648],[105.498,19.33695],[105.49643,19.33694],[105.49639,19.33687],[105.49616,19.33653],[105.49579,19.33595],[105.49254,19.3307],[105.49323,19.3271],[105.49337,19.32672],[105.49383,19.32378],[105.49406,19.32015],[105.49362,19.31849],[105.49349,19.31817],[105.4935,19.31787],[105.49358,19.31763],[105.49426,19.31584],[105.4944,19.31556],[105.49478,19.31485],[105.4951,19.3143],[105.49529,19.31423],[105.49825,19.31168],[105.49986,19.30993],[105.50027,19.30862],[105.50052,19.30822],[105.50297,19.30619],[105.50321,19.30604],[105.50354,19.30594],[105.50468,19.3059],[105.50549,19.306],[105.50909,19.30648],[105.51343,19.30783],[105.51476,19.3083],[105.51588,19.30838],[105.51706,19.30839],[105.51741,19.30832],[105.52184,19.30501],[105.52388,19.30307],[105.52469,19.30199],[105.52479,19.30169],[105.52478,19.30114],[105.52447,19.30015],[105.52395,19.29909],[105.52329,19.29827],[105.52294,19.29765],[105.52298,19.29718],[105.52428,19.29302],[105.52446,19.29274],[105.52475,19.29252],[105.5273,19.29199],[105.5309,19.29141],[105.53848,19.29877],[105.54169,19.30165],[105.54614,19.30225],[105.54753,19.30224],[105.54839,19.30206],[105.54899,19.30144],[105.55297,19.29887],[105.55743,19.29848],[105.5578,19.29854],[105.55866,19.29897],[105.56192,19.30311],[105.56312,19.30501],[105.56434,19.30768],[105.56252,19.31497],[105.56211,19.31544],[105.56149,19.31554],[105.56082,19.31564],[105.55904,19.31573],[105.55771,19.31604],[105.55729,19.31661],[105.55709,19.317],[105.55704,19.31808],[105.55714,19.31884],[105.55871,19.32601],[105.56294,19.33146],[105.56334,19.33179],[105.5637,19.33193],[105.5643,19.33202],[105.56512,19.33208],[105.5661,19.33174],[105.56682,19.3314],[105.56724,19.33137],[105.56776,19.33141],[105.56826,19.33164],[105.57077,19.33348],[105.57139,19.33551],[105.57303,19.33846],[105.57732,19.34594],[105.58234,19.34717],[105.58358,19.34753],[105.58619,19.3488],[105.59171,19.35358],[105.59242,19.35419],[105.59288,19.3548],[105.59312,19.35561],[105.59285,19.35606],[105.58997,19.36134],[105.5886,19.36692],[105.58858,19.36727],[105.58877,19.36788],[105.58958,19.36996],[105.58991,19.37017],[105.59053,19.37037],[105.59027,19.37048],[105.58826,19.37293],[105.58514,19.37672],[105.58443,19.37767],[105.58186,19.38111],[105.58174,19.3833],[105.58206,19.38451],[105.58214,19.38481],[105.58299,19.38803],[105.58301,19.38811],[105.58301,19.38814],[105.58269,19.39005],[105.58006,19.39332],[105.57546,19.3969],[105.57258,19.39861],[105.57027,19.39998],[105.56921,19.40129],[105.56812,19.40266],[105.56811,19.40267],[105.5671,19.40507],[105.5666,19.40625],[105.56444,19.41032],[105.56241,19.41364],[105.55454,19.42261],[105.5544,19.42276],[105.5521,19.42523]]]},"properties":{"commune_code":"16969","commune_name":"Xã Nghĩa Thọ","commune_kind":"XA","province_code":"40","province_name":"Tỉnh Nghệ An","area_km2":92.19,"valid_from":"16/6/2025","published":"13/07/2025","area_km2_geom":92.02470899538072,"quality_flag":null,"population":21391.0,"population_wp":17250.868670705706,"anchor_ratio":1.2399955276643426,"pop_source":"WORLDPOP2025_ANCHORED_VNSDI","pop_density_ppkm2":232.4484394845926,"n_stations":0,"n_ports":0,"power_kw_site":0.0,"ports_per_10k_pop":0.0,"util_mean_port_weighted":null,"dist_station_m_pop_weighted":6918.734022537646}},{"type":"Feature","geometry":{"type":"Polygon","coordinates":[[[105.33385,19.38789],[105.33234,19.38825],[105.33158,19.38802],[105.33152,19.38712],[105.33164,19.38551],[105.33154,19.38501],[105.33139,19.38425],[105.33082,19.3833],[105.32905,19.38264],[105.32765,19.38241],[105.32723,19.38235],[105.32521,19.38337],[105.3252,19.38358],[105.32415,19.38247],[105.32227,19.38058],[105.3191,19.37935],[105.31671,19.37452],[105.31611,19.37149],[105.31582,19.37076],[105.31544,19.37008],[105.31524,19.36985],[105.31496,19.36968],[105.31471,19.36958],[105.3144,19.36955],[105.314,19.36956],[105.31342,19.36976],[105.31248,19.37024],[105.31161,19.3704],[105.31078,19.37035],[105.30996,19.37029],[105.30495,19.36942],[105.30484,19.36933],[105.30466,19.3689],[105.30464,19.36791],[105.30476,19.36708],[105.30507,19.36659],[105.30597,19.36316],[105.30437,19.35741],[105.30134,19.35235],[105.30078,19.35192],[105.3005,19.35145],[105.30019,19.35046],[105.29998,19.34952],[105.30024,19.34931],[105.30223,19.34858],[105.30351,19.34848],[105.30434,19.34858],[105.30482,19.34894],[105.30517,19.3497],[105.3055,19.35039],[105.30598,19.35092],[105.30658,19.35113],[105.30704,19.35118],[105.30782,19.35089],[105.3085,19.35041],[105.31048,19.34859],[105.31393,19.34612],[105.31851,19.34415],[105.32285,19.34446],[105.3234,19.34484],[105.32395,19.34486],[105.32436,19.34472],[105.32499,19.34412],[105.32785,19.34067],[105.32464,19.33986],[105.32407,19.33805],[105.32436,19.33499],[105.32514,19.33303],[105.32769,19.33207],[105.32972,19.32893],[105.33062,19.32727],[105.33107,19.32253],[105.3309,19.32181],[105.33018,19.32108],[105.32867,19.32001],[105.32769,19.31851],[105.32725,19.31641],[105.32846,19.31111],[105.32898,19.30966],[105.32934,19.30891],[105.33229,19.30724],[105.33336,19.30413],[105.33322,19.3018],[105.333,19.29918],[105.33273,19.29581],[105.33234,19.29403],[105.33178,19.2926],[105.32959,19.28814],[105.32782,19.28553],[105.32653,19.28368],[105.32987,19.27356],[105.33462,19.27802],[105.33669,19.27944],[105.34452,19.28249],[105.34721,19.28227],[105.35131,19.28173],[105.35554,19.28146],[105.35598,19.28257],[105.35663,19.28356],[105.35692,19.28383],[105.35733,19.28397],[105.35888,19.2844],[105.36398,19.28478],[105.36637,19.2856],[105.36811,19.28737],[105.37,19.29581],[105.36894,19.30261],[105.37128,19.30715],[105.37273,19.30719],[105.37278,19.30719],[105.37684,19.30731],[105.38219,19.30771],[105.38499,19.309],[105.38546,19.30958],[105.38569,19.31033],[105.38578,19.31094],[105.38573,19.31147],[105.38556,19.31759],[105.38667,19.32208],[105.39153,19.32599],[105.39598,19.33496],[105.39832,19.33896],[105.39834,19.33899],[105.40007,19.34161],[105.40094,19.34262],[105.40368,19.34446],[105.40328,19.34861],[105.40277,19.34969],[105.40183,19.35062],[105.40053,19.35131],[105.3996,19.35153],[105.39481,19.35184],[105.39262,19.3522],[105.39114,19.35266],[105.38768,19.35406],[105.38399,19.3555],[105.38115,19.35635],[105.38047,19.35643],[105.3757,19.35626],[105.37441,19.35626],[105.37432,19.3563],[105.37403,19.35643],[105.37067,19.35922],[105.36981,19.36031],[105.36945,19.36083],[105.36926,19.36127],[105.36903,19.36184],[105.36886,19.36235],[105.36881,19.36264],[105.36882,19.36527],[105.37005,19.36699],[105.37077,19.37037],[105.36695,19.37329],[105.36264,19.3728],[105.36169,19.3725],[105.36058,19.37217],[105.3602,19.37309],[105.35972,19.3757],[105.35979,19.37845],[105.35909,19.38152],[105.35225,19.38168],[105.35127,19.38192],[105.35098,19.38203],[105.35079,19.38217],[105.35063,19.38244],[105.35046,19.38278],[105.34966,19.38358],[105.34637,19.38483],[105.34602,19.38489],[105.34575,19.38493],[105.34542,19.38491],[105.34286,19.38439],[105.33775,19.38538],[105.33593,19.38699],[105.33385,19.38789]]]},"properties":{"commune_code":"16972","commune_name":"Xã Nghĩa Hưng","commune_kind":"XA","province_code":"40","province_name":"Tỉnh Nghệ An","area_km2":68.65,"valid_from":"16/6/2025","published":"13/07/2025","area_km2_geom":68.51438701654882,"quality_flag":null,"population":25459.0,"population_wp":23178.658171147108,"anchor_ratio":1.098381097474032,"pop_source":"WORLDPOP2025_ANCHORED_VNSDI","pop_density_ppkm2":371.58618953783656,"n_stations":0,"n_ports":0,"power_kw_site":0.0,"ports_per_10k_pop":0.0,"util_mean_port_weighted":null,"dist_station_m_pop_weighted":6863.021423661606}},{"type":"Feature","geometry":{"type":"Polygon","coordinates":[[[105.34371,19.53847],[105.34362,19.53847],[105.3435,19.53843],[105.33913,19.53707],[105.3375,19.53592],[105.33429,19.53337],[105.33385,19.53276],[105.33225,19.52958],[105.33171,19.52795],[105.33164,19.52695],[105.33006,19.52144],[105.32977,19.52126],[105.32747,19.51988],[105.32645,19.51926],[105.32578,19.51848],[105.3257,19.51838],[105.32556,19.51768],[105.32549,19.51732],[105.32542,19.51437],[105.32562,19.51237],[105.32534,19.51106],[105.32487,19.50962],[105.3233,19.50818],[105.32112,19.50656],[105.3201,19.50612],[105.31914,19.50606],[105.31858,19.50602],[105.31724,19.50594],[105.31671,19.50577],[105.31567,19.50544],[105.31537,19.5052],[105.31417,19.50425],[105.30871,19.49612],[105.30898,19.4923],[105.30893,19.49097],[105.30891,19.49048],[105.30856,19.48948],[105.30782,19.48879],[105.30724,19.48857],[105.30686,19.48842],[105.30524,19.48854],[105.30509,19.48855],[105.30473,19.48856],[105.30312,19.48857],[105.30245,19.48842],[105.30171,19.48804],[105.30128,19.48781],[105.29901,19.48641],[105.29787,19.48558],[105.29744,19.48508],[105.29748,19.48464],[105.29767,19.48411],[105.29834,19.48267],[105.29837,19.4826],[105.29862,19.48192],[105.29862,19.48144],[105.2986,19.48068],[105.29825,19.47993],[105.2975,19.47881],[105.29641,19.47751],[105.29359,19.47502],[105.29341,19.47486],[105.29478,19.47],[105.29467,19.46829],[105.29476,19.46815],[105.29607,19.46628],[105.29748,19.46475],[105.29988,19.46315],[105.29848,19.45786],[105.29837,19.45595],[105.29918,19.45355],[105.30072,19.45105],[105.30089,19.45078],[105.30159,19.45031],[105.3032,19.44924],[105.30421,19.44829],[105.30411,19.44714],[105.30309,19.44609],[105.30248,19.44577],[105.30037,19.44466],[105.29793,19.44272],[105.2968,19.44134],[105.2971,19.44016],[105.29779,19.4398],[105.29815,19.43961],[105.3001,19.4396],[105.30378,19.43994],[105.30633,19.44042],[105.30782,19.44056],[105.30842,19.4403],[105.30887,19.43935],[105.30821,19.43628],[105.30621,19.42752],[105.30291,19.42277],[105.30147,19.42163],[105.30109,19.4207],[105.3009,19.42005],[105.30113,19.41926],[105.30188,19.41865],[105.30256,19.41851],[105.30343,19.41883],[105.30442,19.41947],[105.30578,19.42001],[105.30699,19.41997],[105.30793,19.41961],[105.31012,19.41785],[105.31041,19.41743],[105.31148,19.41591],[105.31179,19.41473],[105.31193,19.41422],[105.31177,19.41196],[105.31169,19.41176],[105.31124,19.41074],[105.31123,19.41073],[105.31026,19.4096],[105.3086,19.408],[105.30844,19.40784],[105.30842,19.40778],[105.30814,19.40659],[105.30809,19.40614],[105.30811,19.40576],[105.3083,19.40517],[105.30884,19.40414],[105.30951,19.40345],[105.31043,19.40296],[105.31194,19.40272],[105.31351,19.4028],[105.31456,19.403],[105.31543,19.40362],[105.31624,19.40418],[105.31637,19.40424],[105.31732,19.40454],[105.31795,19.40442],[105.31858,19.40382],[105.31908,19.40203],[105.31868,19.40065],[105.31787,19.39784],[105.31627,19.39469],[105.31611,19.39429],[105.31594,19.39313],[105.31648,19.39157],[105.3166,19.39121],[105.3168,19.39111],[105.31836,19.39037],[105.32088,19.39013],[105.32308,19.39006],[105.32472,19.38976],[105.3256,19.38904],[105.3261,19.38779],[105.32623,19.38653],[105.3252,19.38358],[105.32521,19.38337],[105.32723,19.38235],[105.32765,19.38241],[105.32905,19.38264],[105.33082,19.3833],[105.33139,19.38425],[105.33154,19.38501],[105.33164,19.38551],[105.33152,19.38712],[105.33158,19.38802],[105.33234,19.38825],[105.33385,19.38789],[105.33593,19.38699],[105.33775,19.38538],[105.34286,19.38439],[105.34542,19.38491],[105.34575,19.38493],[105.34602,19.38489],[105.34637,19.38483],[105.34966,19.38358],[105.35046,19.38278],[105.35063,19.38244],[105.35079,19.38217],[105.35098,19.38203],[105.35127,19.38192],[105.35225,19.38168],[105.35909,19.38152],[105.35979,19.37845],[105.35972,19.3757],[105.3602,19.37309],[105.36058,19.37217],[105.36169,19.3725],[105.36264,19.3728],[105.36695,19.37329],[105.37077,19.37037],[105.37005,19.36699],[105.36882,19.36527],[105.36881,19.36264],[105.36886,19.36235],[105.36903,19.36184],[105.36926,19.36127],[105.36945,19.36083],[105.36981,19.36031],[105.37067,19.35922],[105.37403,19.35643],[105.37432,19.3563],[105.37441,19.35626],[105.3757,19.35626],[105.38047,19.35643],[105.38115,19.35635],[105.38399,19.3555],[105.38768,19.35406],[105.39114,19.35266],[105.39262,19.3522],[105.39481,19.35184],[105.3996,19.35153],[105.40005,19.35261],[105.40073,19.35412],[105.40398,19.35879],[105.40469,19.35969],[105.4048,19.35977],[105.40509,19.35998],[105.40542,19.35992],[105.40571,19.35986],[105.40669,19.35911],[105.40694,19.35891],[105.40705,19.35883],[105.4071,19.35706],[105.40658,19.35454],[105.40686,19.35003],[105.40713,19.34986],[105.40787,19.34953],[105.40834,19.34941],[105.40875,19.34937],[105.4141,19.349],[105.41778,19.34986],[105.42015,19.35475],[105.42226,19.35841],[105.42633,19.35829],[105.42875,19.35793],[105.42933,19.35932],[105.42981,19.36233],[105.42978,19.36242],[105.42977,19.36252],[105.42979,19.3627],[105.42989,19.36308],[105.43001,19.36356],[105.43003,19.3636],[105.43008,19.36366],[105.4304,19.36404],[105.43168,19.36526],[105.43399,19.36551],[105.44006,19.36616],[105.44023,19.36617],[105.44149,19.36609],[105.44167,19.36605],[105.4418,19.366],[105.44216,19.36581],[105.44375,19.36214],[105.44398,19.3621],[105.44418,19.36207],[105.44434,19.36206],[105.44868,19.36259],[105.44902,19.36263],[105.44934,19.36274],[105.44965,19.36288],[105.44987,19.36302],[105.45012,19.36323],[105.4503,19.36344],[105.45047,19.36367],[105.45059,19.36389],[105.45069,19.36412],[105.45074,19.36436],[105.45076,19.3646],[105.45076,19.36485],[105.45073,19.36498],[105.45067,19.36518],[105.45059,19.36537],[105.45049,19.36557],[105.45035,19.36581],[105.45019,19.36604],[105.44999,19.36621],[105.44965,19.36645],[105.44923,19.36672],[105.44892,19.36687],[105.44861,19.36697],[105.44831,19.36705],[105.44792,19.36877],[105.44738,19.37162],[105.44732,19.37235],[105.4504,19.3741],[105.44996,19.38154],[105.44772,19.38288],[105.44765,19.38302],[105.44756,19.38331],[105.44742,19.38377],[105.44739,19.38389],[105.44751,19.386],[105.44781,19.3866],[105.448,19.38687],[105.44819,19.38707],[105.44858,19.3875],[105.44873,19.38799],[105.44871,19.38809],[105.44836,19.39031],[105.44829,19.3905],[105.44822,19.39071],[105.44809,19.3909],[105.44793,19.39112],[105.44782,19.39123],[105.44775,19.39132],[105.4477,19.39136],[105.44748,19.39154],[105.44729,19.39167],[105.44693,19.39179],[105.44454,19.39145],[105.4442,19.39127],[105.44211,19.38998],[105.4415,19.38939],[105.43769,19.3894],[105.42982,19.39195],[105.42958,19.39241],[105.42933,19.39266],[105.42898,19.393],[105.42895,19.39302],[105.42871,19.39322],[105.42848,19.39332],[105.42814,19.39342],[105.42715,19.39371],[105.42525,19.3941],[105.42488,19.39418],[105.42418,19.3943],[105.42403,19.39429],[105.42396,19.39428],[105.42389,19.39427],[105.41694,19.39291],[105.41585,19.39252],[105.41536,19.39221],[105.41472,19.39167],[105.41176,19.38907],[105.41095,19.38762],[105.41084,19.38666],[105.41056,19.38546],[105.40897,19.38409],[105.40602,19.38229],[105.40678,19.3862],[105.40676,19.38689],[105.40649,19.38795],[105.40615,19.38926],[105.40605,19.38924],[105.40301,19.38867],[105.4028,19.38864],[105.4022,19.38832],[105.40181,19.38811],[105.40127,19.38767],[105.40065,19.38744],[105.40017,19.3873],[105.39731,19.38648],[105.39696,19.3865],[105.39299,19.38736],[105.39332,19.38971],[105.39412,19.39094],[105.39354,19.39231],[105.39244,19.39444],[105.39174,19.39566],[105.39084,19.39703],[105.38966,19.39963],[105.38965,19.40004],[105.38956,19.40197],[105.38956,19.40218],[105.39034,19.40698],[105.39126,19.41226],[105.39153,19.41373],[105.39175,19.41498],[105.39176,19.41506],[105.39176,19.4151],[105.39176,19.41514],[105.39159,19.41527],[105.38946,19.41689],[105.38272,19.422],[105.38204,19.42252],[105.38017,19.42443],[105.37891,19.42622],[105.37886,19.42634],[105.37858,19.42699],[105.37398,19.43749],[105.36998,19.44589],[105.36559,19.45017],[105.36794,19.45609],[105.36934,19.45924],[105.36992,19.46055],[105.37021,19.46101],[105.37196,19.46324],[105.3783,19.46848],[105.38203,19.47149],[105.38219,19.47163],[105.38326,19.47245],[105.3853,19.47401],[105.38377,19.47609],[105.38183,19.48031],[105.37686,19.48822],[105.37332,19.4924],[105.36778,19.49818],[105.36688,19.49915],[105.36777,19.50048],[105.36922,19.50265],[105.36991,19.50369],[105.37064,19.50797],[105.37118,19.51118],[105.36972,19.51806],[105.36601,19.52348],[105.36562,19.52379],[105.35901,19.53098],[105.35527,19.53634],[105.35221,19.53834],[105.34371,19.53847]]]},"properties":{"commune_code":"16975","commune_name":"Xã Nghĩa Mai","commune_kind":"XA","province_code":"40","province_name":"Tỉnh Nghệ An","area_km2":146.99,"valid_from":"16/6/2025","published":"13/07/2025","area_km2_geom":147.03603525116296,"quality_flag":null,"population":17844.0,"population_wp":16629.558547560126,"anchor_ratio":1.0730290854664963,"pop_source":"WORLDPOP2025_ANCHORED_VNSDI","pop_density_ppkm2":121.35800567200663,"n_stations":0,"n_ports":0,"power_kw_site":0.0,"ports_per_10k_pop":0.0,"util_mean_port_weighted":null,"dist_station_m_pop_weighted":11613.500898196264}},{"type":"Feature","geometry":{"type":"Polygon","coordinates":[[[105.40394,19.34356],[105.40368,19.34446],[105.40094,19.34262],[105.40007,19.34161],[105.39834,19.33899],[105.39832,19.33896],[105.39598,19.33496],[105.39153,19.32599],[105.38667,19.32208],[105.38556,19.31759],[105.38573,19.31147],[105.38578,19.31094],[105.38569,19.31033],[105.38546,19.30958],[105.38499,19.309],[105.38219,19.30771],[105.37684,19.30731],[105.37278,19.30719],[105.37273,19.30719],[105.37128,19.30715],[105.36894,19.30261],[105.37,19.29581],[105.36811,19.28737],[105.36637,19.2856],[105.36398,19.28478],[105.35888,19.2844],[105.35661,19.27973],[105.34888,19.27839],[105.34606,19.2777],[105.34632,19.2692],[105.34634,19.26848],[105.34686,19.26697],[105.34756,19.26539],[105.34799,19.26459],[105.34914,19.26296],[105.34536,19.25678],[105.34504,19.25589],[105.34497,19.25523],[105.34504,19.2544],[105.34539,19.2535],[105.3464,19.25241],[105.34727,19.25197],[105.3488,19.25139],[105.35507,19.24938],[105.35574,19.24929],[105.35672,19.24932],[105.35688,19.24935],[105.35732,19.24941],[105.35775,19.24976],[105.35818,19.25038],[105.35836,19.25092],[105.35834,19.25147],[105.35807,19.25233],[105.35742,19.25417],[105.35696,19.25615],[105.35676,19.25718],[105.35674,19.25786],[105.35692,19.25852],[105.35728,19.259],[105.35955,19.26099],[105.36225,19.26307],[105.36991,19.26059],[105.36967,19.26442],[105.3716,19.26797],[105.37196,19.26845],[105.37251,19.2688],[105.37369,19.26948],[105.37422,19.26964],[105.37489,19.26968],[105.37722,19.26929],[105.38654,19.27127],[105.38888,19.27374],[105.38894,19.27412],[105.38884,19.2745],[105.38874,19.27473],[105.38802,19.27547],[105.38719,19.27641],[105.38695,19.27685],[105.38694,19.27721],[105.38703,19.27855],[105.38733,19.2794],[105.38766,19.27961],[105.38895,19.27977],[105.38975,19.27973],[105.39034,19.27952],[105.39078,19.27898],[105.39268,19.27494],[105.39253,19.27431],[105.39245,19.2741],[105.39214,19.27314],[105.39188,19.27264],[105.3915,19.27219],[105.39114,19.27176],[105.39092,19.26835],[105.3921,19.26757],[105.39366,19.26682],[105.39533,19.26622],[105.39716,19.2662],[105.40015,19.26746],[105.40234,19.26814],[105.40299,19.26813],[105.40331,19.26795],[105.40363,19.2676],[105.40389,19.26645],[105.40384,19.2659],[105.40317,19.26526],[105.40238,19.26469],[105.40119,19.26375],[105.40075,19.26319],[105.40074,19.26242],[105.40103,19.26185],[105.40572,19.25661],[105.41427,19.26651],[105.41638,19.2647],[105.41733,19.26729],[105.41746,19.26765],[105.41688,19.26832],[105.41586,19.26989],[105.41551,19.27087],[105.41546,19.27189],[105.41546,19.27202],[105.4156,19.27381],[105.41593,19.27717],[105.41595,19.27729],[105.4162,19.27873],[105.41661,19.27986],[105.41689,19.28037],[105.41704,19.28065],[105.4175,19.28114],[105.4184,19.28145],[105.41931,19.28144],[105.42039,19.28126],[105.42094,19.28111],[105.42182,19.28087],[105.42287,19.28082],[105.42325,19.28097],[105.4235,19.28123],[105.42382,19.28215],[105.42399,19.2832],[105.4239,19.28429],[105.42336,19.28624],[105.42228,19.28817],[105.42097,19.29002],[105.42087,19.29117],[105.42124,19.29232],[105.42215,19.29321],[105.42228,19.29334],[105.42678,19.29706],[105.43011,19.30249],[105.4312,19.30643],[105.43115,19.30692],[105.43093,19.30731],[105.4304,19.30764],[105.42961,19.30787],[105.42713,19.30826],[105.42589,19.30842],[105.42573,19.30845],[105.42503,19.3087],[105.42422,19.30924],[105.42371,19.30999],[105.42338,19.31091],[105.42317,19.31178],[105.42312,19.31253],[105.42315,19.3135],[105.42329,19.31463],[105.42361,19.31576],[105.42526,19.32045],[105.42693,19.32654],[105.42718,19.3279],[105.42719,19.32941],[105.42692,19.33067],[105.42649,19.33151],[105.42504,19.33334],[105.4235,19.33478],[105.42218,19.33565],[105.42096,19.33614],[105.41943,19.33627],[105.41702,19.3362],[105.41524,19.33615],[105.41343,19.33639],[105.41149,19.33678],[105.41045,19.33721],[105.40982,19.33747],[105.40812,19.33861],[105.40631,19.3403],[105.40497,19.34179],[105.40427,19.34287],[105.40394,19.34356]]]},"properties":{"commune_code":"17011","commune_name":"Phường Tây Hiếu","commune_kind":"PHUONG","province_code":"40","province_name":"Tỉnh Nghệ An","area_km2":43.96,"valid_from":"16/6/2025","published":"13/07/2025","area_km2_geom":44.288761010270754,"quality_flag":null,"population":24698.0,"population_wp":21874.776547480375,"anchor_ratio":1.1290629619183385,"pop_source":"WORLDPOP2025_ANCHORED_VNSDI","pop_density_ppkm2":557.6584089645775,"n_stations":1,"n_ports":4,"power_kw_site":47.0,"ports_per_10k_pop":1.619564337193295,"util_mean_port_weighted":0.1131201675257732,"dist_station_m_pop_weighted":3340.9817003151857}},{"type":"Feature","geometry":{"type":"Polygon","coordinates":[[[105.47998,19.31872],[105.47671,19.32023],[105.47662,19.32011],[105.47404,19.31693],[105.47351,19.31626],[105.47137,19.31419],[105.47002,19.31344],[105.46953,19.31346],[105.46932,19.31356],[105.46761,19.31532],[105.46591,19.31682],[105.4653,19.31705],[105.46492,19.31699],[105.46428,19.31661],[105.46341,19.31587],[105.46258,19.31485],[105.46207,19.31388],[105.46164,19.313],[105.46139,19.31268],[105.46103,19.31245],[105.46,19.31227],[105.45946,19.31232],[105.45896,19.31251],[105.45833,19.31285],[105.45773,19.31352],[105.45668,19.31262],[105.45432,19.3112],[105.45374,19.31106],[105.45079,19.31126],[105.44889,19.31169],[105.4479,19.30969],[105.44806,19.30541],[105.44868,19.30357],[105.44926,19.30299],[105.44979,19.30328],[105.45065,19.30217],[105.45177,19.30011],[105.45226,19.29903],[105.45232,19.29886],[105.45237,19.29865],[105.45239,19.29837],[105.4524,19.29813],[105.45238,19.29802],[105.45235,19.29791],[105.45231,19.29785],[105.45224,19.29779],[105.45089,19.29697],[105.44839,19.29537],[105.44585,19.29307],[105.44562,19.29277],[105.44559,19.29267],[105.44558,19.29261],[105.44563,19.29245],[105.44575,19.29217],[105.44586,19.29203],[105.44653,19.29156],[105.44803,19.28534],[105.44809,19.2851],[105.44793,19.28448],[105.44761,19.2833],[105.44639,19.27981],[105.44133,19.27499],[105.44029,19.27458],[105.44017,19.27454],[105.44013,19.27453],[105.44012,19.27452],[105.44002,19.27453],[105.4398,19.27461],[105.43965,19.27468],[105.43899,19.27501],[105.43894,19.27503],[105.43867,19.27525],[105.43784,19.27595],[105.43613,19.27788],[105.4359,19.27911],[105.43555,19.27991],[105.43489,19.28015],[105.43475,19.28016],[105.43096,19.27979],[105.42813,19.2793],[105.42644,19.27672],[105.42528,19.27469],[105.42675,19.27163],[105.42905,19.27066],[105.42921,19.27055],[105.43026,19.26939],[105.43203,19.26725],[105.43328,19.26518],[105.4335,19.26414],[105.43377,19.2637],[105.43447,19.26328],[105.43611,19.26285],[105.43941,19.26215],[105.44178,19.26348],[105.44581,19.26287],[105.45163,19.2558],[105.45192,19.25374],[105.45513,19.25008],[105.45802,19.24734],[105.45872,19.24659],[105.4589,19.24603],[105.45886,19.24538],[105.45863,19.2438],[105.45848,19.24313],[105.45861,19.24275],[105.45915,19.24217],[105.45948,19.24205],[105.45992,19.24213],[105.46205,19.24354],[105.46373,19.24536],[105.46495,19.24734],[105.4652,19.24845],[105.46479,19.25032],[105.46401,19.25267],[105.46279,19.25446],[105.46301,19.26085],[105.46338,19.26553],[105.46371,19.26626],[105.46533,19.26271],[105.4661,19.26074],[105.47008,19.25863],[105.4698,19.25689],[105.46997,19.25542],[105.47016,19.25473],[105.47037,19.25443],[105.47392,19.25202],[105.47606,19.25193],[105.47652,19.25201],[105.47689,19.2522],[105.47701,19.25235],[105.47843,19.25386],[105.48071,19.25486],[105.48626,19.25521],[105.49065,19.25683],[105.49125,19.25708],[105.49353,19.25801],[105.4964,19.25765],[105.50045,19.2559],[105.50164,19.25491],[105.50218,19.25409],[105.50266,19.25336],[105.50364,19.25098],[105.50429,19.24925],[105.50725,19.24609],[105.51011,19.24453],[105.51048,19.24433],[105.51336,19.24275],[105.51686,19.2406],[105.51873,19.23834],[105.51947,19.2362],[105.51971,19.23335],[105.52021,19.23133],[105.52102,19.22995],[105.5231,19.2298],[105.52442,19.2309],[105.52618,19.23236],[105.52704,19.23332],[105.52891,19.23567],[105.52931,19.23646],[105.52936,19.23678],[105.52938,19.23911],[105.53305,19.24597],[105.53386,19.24674],[105.53426,19.24731],[105.53486,19.24854],[105.53604,19.25142],[105.53605,19.25189],[105.53536,19.25646],[105.53371,19.25905],[105.53074,19.25998],[105.53069,19.26002],[105.53059,19.26046],[105.53128,19.26901],[105.53277,19.27806],[105.53129,19.28438],[105.53072,19.28747],[105.5309,19.29141],[105.5273,19.29199],[105.52475,19.29252],[105.52446,19.29274],[105.52428,19.29302],[105.52298,19.29718],[105.52294,19.29765],[105.52329,19.29827],[105.52395,19.29909],[105.52447,19.30015],[105.52478,19.30114],[105.52479,19.30169],[105.52469,19.30199],[105.52388,19.30307],[105.52184,19.30501],[105.51741,19.30832],[105.51706,19.30839],[105.51588,19.30838],[105.51476,19.3083],[105.51343,19.30783],[105.50909,19.30648],[105.50549,19.306],[105.50468,19.3059],[105.50354,19.30594],[105.50321,19.30604],[105.50297,19.30619],[105.50052,19.30822],[105.50027,19.30862],[105.49986,19.30993],[105.49825,19.31168],[105.49529,19.31423],[105.4951,19.3143],[105.4875,19.31385],[105.48348,19.31517],[105.48277,19.31549],[105.48229,19.31601],[105.47998,19.31872]]]},"properties":{"commune_code":"17017","commune_name":"Xã Đông Hiếu","commune_kind":"XA","province_code":"40","province_name":"Tỉnh Nghệ An","area_km2":63.87,"valid_from":"16/6/2025","published":"13/07/2025","area_km2_geom":62.79147269701122,"quality_flag":null,"population":28634.0,"population_wp":20544.241700615734,"anchor_ratio":1.3937725430450814,"pop_source":"WORLDPOP2025_ANCHORED_VNSDI","pop_density_ppkm2":456.0173343627109,"n_stations":2,"n_ports":3,"power_kw_site":63.5,"ports_per_10k_pop":1.0477055249004679,"util_mean_port_weighted":0.14204853819588714,"dist_station_m_pop_weighted":3132.9544002115936}},{"type":"Feature","geometry":{"type":"Polygon","coordinates":[[[105.46533,19.26271],[105.46371,19.26626],[105.46338,19.26553],[105.46301,19.26085],[105.46279,19.25446],[105.46401,19.25267],[105.46479,19.25032],[105.4652,19.24845],[105.46495,19.24734],[105.46373,19.24536],[105.46205,19.24354],[105.45992,19.24213],[105.45948,19.24205],[105.45915,19.24217],[105.45861,19.24275],[105.45848,19.24313],[105.45863,19.2438],[105.45886,19.24538],[105.4589,19.24603],[105.45872,19.24659],[105.45802,19.24734],[105.45513,19.25008],[105.45192,19.25374],[105.45163,19.2558],[105.44581,19.26287],[105.44178,19.26348],[105.43941,19.26215],[105.43789,19.26167],[105.43742,19.2614],[105.43327,19.25703],[105.43257,19.25567],[105.43308,19.25282],[105.43403,19.2511],[105.43419,19.25062],[105.43418,19.24968],[105.43389,19.24865],[105.43303,19.24644],[105.43269,19.24623],[105.43197,19.246],[105.43109,19.24585],[105.43074,19.24599],[105.43023,19.2458],[105.42909,19.2452],[105.42517,19.2426],[105.42236,19.2401],[105.41945,19.23636],[105.41913,19.2357],[105.41911,19.23556],[105.41915,19.2354],[105.41972,19.23395],[105.41984,19.23372],[105.42191,19.23051],[105.42352,19.22972],[105.42512,19.22961],[105.4267,19.22844],[105.42676,19.22838],[105.42687,19.22824],[105.42744,19.22684],[105.42785,19.22554],[105.42787,19.2254],[105.42785,19.22532],[105.42781,19.22521],[105.42771,19.22508],[105.42763,19.22502],[105.42381,19.21962],[105.42189,19.2154],[105.42002,19.21128],[105.41834,19.20903],[105.41442,19.20874],[105.40854,19.2083],[105.40539,19.20466],[105.40321,19.19854],[105.40274,19.19716],[105.40068,19.19488],[105.39868,19.19488],[105.39865,19.19488],[105.39957,19.19257],[105.3999,19.1919],[105.40043,19.19109],[105.40129,19.19061],[105.40362,19.18944],[105.40706,19.18981],[105.41182,19.18914],[105.41217,19.189],[105.41251,19.18875],[105.41334,19.18787],[105.41368,19.18734],[105.41394,19.18605],[105.41409,19.18547],[105.41429,19.18509],[105.41457,19.18472],[105.41632,19.18265],[105.41671,19.18247],[105.42318,19.1795],[105.42935,19.1775],[105.43593,19.173],[105.43719,19.17589],[105.4377,19.17635],[105.44007,19.17812],[105.44096,19.17859],[105.44148,19.17861],[105.44676,19.18009],[105.45146,19.1824],[105.45233,19.18286],[105.45332,19.18341],[105.45371,19.18366],[105.45983,19.18818],[105.46184,19.19089],[105.4668,19.19666],[105.4699,19.19984],[105.47709,19.20623],[105.48314,19.2099],[105.49024,19.21318],[105.49593,19.21477],[105.49729,19.2153],[105.50131,19.2171],[105.50404,19.22266],[105.50609,19.22808],[105.50704,19.23039],[105.50732,19.23075],[105.50785,19.23098],[105.50859,19.23102],[105.50891,19.23097],[105.51294,19.23052],[105.52102,19.22995],[105.52021,19.23133],[105.51971,19.23335],[105.51947,19.2362],[105.51873,19.23834],[105.51686,19.2406],[105.51336,19.24275],[105.51048,19.24433],[105.51011,19.24453],[105.50725,19.24609],[105.50429,19.24925],[105.50364,19.25098],[105.50266,19.25336],[105.50218,19.25409],[105.50164,19.25491],[105.50045,19.2559],[105.4964,19.25765],[105.49353,19.25801],[105.49125,19.25708],[105.49065,19.25683],[105.48626,19.25521],[105.48071,19.25486],[105.47843,19.25386],[105.47701,19.25235],[105.47689,19.2522],[105.47652,19.25201],[105.47606,19.25193],[105.47392,19.25202],[105.47037,19.25443],[105.47016,19.25473],[105.46997,19.25542],[105.4698,19.25689],[105.47008,19.25863],[105.4661,19.26074],[105.46533,19.26271]]]},"properties":{"commune_code":"17029","commune_name":"Xã Nghĩa Lộc","commune_kind":"XA","province_code":"40","province_name":"Tỉnh Nghệ An","area_km2":62.93,"valid_from":"16/6/2025","published":"13/07/2025","area_km2_geom":64.07130365755788,"quality_flag":null,"population":25007.0,"population_wp":19368.045311244205,"anchor_ratio":1.2911473304681953,"pop_source":"WORLDPOP2025_ANCHORED_VNSDI","pop_density_ppkm2":390.2995346193516,"n_stations":0,"n_ports":0,"power_kw_site":0.0,"ports_per_10k_pop":0.0,"util_mean_port_weighted":null,"dist_station_m_pop_weighted":8462.294161998328}},{"type":"Feature","geometry":{"type":"Polygon","coordinates":[[[105.35661,19.27973],[105.35888,19.2844],[105.35733,19.28397],[105.35692,19.28383],[105.35663,19.28356],[105.35598,19.28257],[105.35554,19.28146],[105.35131,19.28173],[105.34721,19.28227],[105.34452,19.28249],[105.33669,19.27944],[105.33462,19.27802],[105.32987,19.27356],[105.33046,19.27035],[105.33093,19.2679],[105.33114,19.26723],[105.33168,19.26649],[105.33277,19.2657],[105.33337,19.26505],[105.33355,19.26448],[105.33367,19.26366],[105.33341,19.2628],[105.33229,19.26099],[105.33092,19.2597],[105.32831,19.25746],[105.32252,19.25417],[105.31739,19.25115],[105.31415,19.24852],[105.30685,19.2425],[105.30132,19.23736],[105.30117,19.23699],[105.30101,19.227],[105.30105,19.2259],[105.3012,19.2232],[105.30142,19.22235],[105.30191,19.2213],[105.30322,19.21954],[105.30562,19.21648],[105.30851,19.21566],[105.30997,19.21545],[105.3114,19.21545],[105.31241,19.2155],[105.31614,19.21649],[105.32315,19.21777],[105.32619,19.21073],[105.34021,19.21521],[105.34146,19.21712],[105.34094,19.21856],[105.34092,19.21876],[105.34092,19.21892],[105.3411,19.21913],[105.34181,19.21989],[105.34328,19.22128],[105.34334,19.22132],[105.34342,19.22133],[105.34351,19.22131],[105.34665,19.21771],[105.35176,19.21456],[105.35441,19.21232],[105.35625,19.2094],[105.3574,19.20573],[105.36058,19.20355],[105.36047,19.20089],[105.35953,19.20037],[105.35765,19.19934],[105.35639,19.19773],[105.3569,19.1952],[105.35695,19.19495],[105.35779,19.19263],[105.3621,19.19605],[105.37576,19.20022],[105.37936,19.20131],[105.37996,19.20125],[105.38641,19.20044],[105.39408,19.19947],[105.39502,19.19925],[105.39628,19.19831],[105.39865,19.19488],[105.39868,19.19488],[105.40068,19.19488],[105.40274,19.19716],[105.40321,19.19854],[105.40539,19.20466],[105.40854,19.2083],[105.41442,19.20874],[105.41834,19.20903],[105.42002,19.21128],[105.42189,19.2154],[105.42381,19.21962],[105.42763,19.22502],[105.42771,19.22508],[105.42781,19.22521],[105.42785,19.22532],[105.42787,19.2254],[105.42785,19.22554],[105.42744,19.22684],[105.42687,19.22824],[105.42676,19.22838],[105.4267,19.22844],[105.42512,19.22961],[105.42352,19.22972],[105.42191,19.23051],[105.41984,19.23372],[105.41972,19.23395],[105.41915,19.2354],[105.41911,19.23556],[105.41913,19.2357],[105.41945,19.23636],[105.42236,19.2401],[105.42517,19.2426],[105.42909,19.2452],[105.43023,19.2458],[105.43074,19.24599],[105.4306,19.24605],[105.42897,19.24724],[105.42734,19.24845],[105.4256,19.24985],[105.42071,19.25386],[105.41987,19.25553],[105.42065,19.25691],[105.42101,19.25791],[105.42115,19.25934],[105.42123,19.26047],[105.4211,19.26186],[105.4208,19.26301],[105.4204,19.26401],[105.41924,19.2655],[105.41887,19.26599],[105.41746,19.26765],[105.41733,19.26729],[105.41638,19.2647],[105.41427,19.26651],[105.40572,19.25661],[105.40103,19.26185],[105.40074,19.26242],[105.40075,19.26319],[105.40119,19.26375],[105.40238,19.26469],[105.40317,19.26526],[105.40384,19.2659],[105.40389,19.26645],[105.40363,19.2676],[105.40331,19.26795],[105.40299,19.26813],[105.40234,19.26814],[105.40015,19.26746],[105.39716,19.2662],[105.39533,19.26622],[105.39366,19.26682],[105.3921,19.26757],[105.39092,19.26835],[105.39114,19.27176],[105.3915,19.27219],[105.39188,19.27264],[105.39214,19.27314],[105.39245,19.2741],[105.39253,19.27431],[105.39268,19.27494],[105.39078,19.27898],[105.39034,19.27952],[105.38975,19.27973],[105.38895,19.27977],[105.38766,19.27961],[105.38733,19.2794],[105.38703,19.27855],[105.38694,19.27721],[105.38695,19.27685],[105.38719,19.27641],[105.38802,19.27547],[105.38874,19.27473],[105.38884,19.2745],[105.38894,19.27412],[105.38888,19.27374],[105.38654,19.27127],[105.37722,19.26929],[105.37489,19.26968],[105.37422,19.26964],[105.37369,19.26948],[105.37251,19.2688],[105.37196,19.26845],[105.3716,19.26797],[105.36967,19.26442],[105.36991,19.26059],[105.36225,19.26307],[105.35955,19.26099],[105.35728,19.259],[105.35692,19.25852],[105.35674,19.25786],[105.35676,19.25718],[105.35696,19.25615],[105.35742,19.25417],[105.35807,19.25233],[105.35834,19.25147],[105.35836,19.25092],[105.35818,19.25038],[105.35775,19.24976],[105.35732,19.24941],[105.35688,19.24935],[105.35672,19.24932],[105.35574,19.24929],[105.35507,19.24938],[105.3488,19.25139],[105.34727,19.25197],[105.3464,19.25241],[105.34539,19.2535],[105.34504,19.2544],[105.34497,19.25523],[105.34504,19.25589],[105.34536,19.25678],[105.34914,19.26296],[105.34799,19.26459],[105.34756,19.26539],[105.34686,19.26697],[105.34634,19.26848],[105.34632,19.2692],[105.34606,19.2777],[105.34888,19.27839],[105.35661,19.27973]]]},"properties":{"commune_code":"17032","commune_name":"Xã Nghĩa Khánh","commune_kind":"XA","province_code":"40","province_name":"Tỉnh Nghệ An","area_km2":77.72,"valid_from":"16/6/2025","published":"13/07/2025","area_km2_geom":77.51871668711053,"quality_flag":null,"population":25653.0,"population_wp":29151.495800379664,"anchor_ratio":0.8799891496362221,"pop_source":"WORLDPOP2025_ANCHORED_VNSDI","pop_density_ppkm2":330.92653098919874,"n_stations":0,"n_ports":0,"power_kw_site":0.0,"ports_per_10k_pop":0.0,"util_mean_port_weighted":null,"dist_station_m_pop_weighted":10745.57078598423}},{"type":"Feature","geometry":{"type":"Polygon","coordinates":[[[105.14301,19.3606],[105.1392,19.36129],[105.14008,19.35964],[105.14102,19.35478],[105.14084,19.35226],[105.13761,19.3464],[105.13431,19.34607],[105.13175,19.3458],[105.13172,19.34578],[105.13171,19.34574],[105.13067,19.3416],[105.12759,19.33662],[105.12593,19.33147],[105.1259,19.32985],[105.12642,19.32735],[105.1277,19.32592],[105.12813,19.32592],[105.12855,19.32576],[105.12877,19.32557],[105.12887,19.32549],[105.12901,19.32492],[105.12902,19.32481],[105.12906,19.32433],[105.12906,19.32428],[105.12906,19.32352],[105.12906,19.32322],[105.12899,19.32265],[105.12892,19.32234],[105.12743,19.32022],[105.12503,19.31856],[105.12484,19.3186],[105.12469,19.3186],[105.12451,19.31858],[105.12438,19.31855],[105.12344,19.31815],[105.1231,19.31796],[105.12282,19.31778],[105.12264,19.31759],[105.12248,19.31739],[105.1222,19.31701],[105.12204,19.31674],[105.12198,19.31659],[105.12187,19.3162],[105.1211,19.31164],[105.12769,19.3112],[105.13296,19.31307],[105.13301,19.31329],[105.13313,19.31359],[105.13336,19.31398],[105.13367,19.3142],[105.13897,19.31378],[105.1404,19.31367],[105.14179,19.31357],[105.14249,19.31351],[105.14455,19.31278],[105.14819,19.30924],[105.15773,19.30616],[105.16282,19.30536],[105.16644,19.30464],[105.16845,19.304],[105.16847,19.30399],[105.16884,19.3038],[105.16916,19.30362],[105.16934,19.3035],[105.16948,19.30338],[105.16954,19.30328],[105.16958,19.3031],[105.16962,19.30285],[105.16964,19.30254],[105.16962,19.3024],[105.1681,19.29709],[105.16583,19.29239],[105.16234,19.28803],[105.16,19.28585],[105.15752,19.28413],[105.15355,19.27886],[105.15396,19.27441],[105.1547,19.27149],[105.15423,19.27049],[105.15342,19.26833],[105.15283,19.26554],[105.15293,19.26399],[105.15305,19.26303],[105.15349,19.26151],[105.1535,19.26147],[105.15367,19.26125],[105.1569,19.258],[105.15715,19.25788],[105.15717,19.25787],[105.16345,19.25551],[105.17042,19.25357],[105.1741,19.25242],[105.17431,19.25234],[105.17436,19.25228],[105.17452,19.25192],[105.17509,19.25049],[105.17563,19.24902],[105.17563,19.24902],[105.17569,19.24881],[105.17588,19.24847],[105.17604,19.24819],[105.17618,19.24795],[105.17659,19.24746],[105.17673,19.24732],[105.17903,19.24533],[105.17914,19.24529],[105.17982,19.2453],[105.18096,19.24543],[105.18163,19.24557],[105.18594,19.24671],[105.18696,19.24711],[105.18876,19.24794],[105.18936,19.24834],[105.19159,19.24979],[105.19331,19.25092],[105.19527,19.25261],[105.19546,19.2529],[105.20212,19.26349],[105.20104,19.26695],[105.20141,19.27008],[105.20277,19.27314],[105.20701,19.27995],[105.20826,19.2814],[105.20939,19.28263],[105.21438,19.28867],[105.21659,19.29144],[105.21829,19.29442],[105.22065,19.29972],[105.22232,19.30551],[105.2263,19.30582],[105.22576,19.31066],[105.22568,19.31074],[105.22503,19.31152],[105.22401,19.31278],[105.22294,19.31437],[105.22282,19.31556],[105.23067,19.32063],[105.23567,19.32371],[105.23572,19.32373],[105.23576,19.32371],[105.23629,19.32317],[105.23884,19.32218],[105.24714,19.3245],[105.25238,19.32968],[105.25027,19.33663],[105.24948,19.34221],[105.24681,19.34936],[105.24441,19.35239],[105.2433,19.3514],[105.24178,19.34962],[105.24092,19.34773],[105.24087,19.34758],[105.24075,19.34725],[105.24061,19.34601],[105.24063,19.34548],[105.24067,19.34511],[105.24066,19.34509],[105.2401,19.34459],[105.23979,19.34442],[105.23761,19.34388],[105.23625,19.34383],[105.23573,19.34388],[105.23527,19.34394],[105.23484,19.34401],[105.23381,19.34428],[105.23245,19.34484],[105.23074,19.34573],[105.22988,19.34636],[105.2289,19.34725],[105.21786,19.35276],[105.21451,19.35437],[105.21155,19.35524],[105.20428,19.35561],[105.20069,19.35497],[105.20067,19.35305],[105.20021,19.35073],[105.19951,19.34883],[105.19782,19.34685],[105.19603,19.34719],[105.19554,19.34728],[105.19392,19.3476],[105.18712,19.34893],[105.18696,19.349],[105.18356,19.35049],[105.17611,19.35099],[105.1698,19.35131],[105.16654,19.35164],[105.15985,19.35244],[105.15945,19.35264],[105.15925,19.35285],[105.15903,19.3533],[105.15869,19.3542],[105.15863,19.35438],[105.15849,19.35486],[105.15846,19.35503],[105.15845,19.35518],[105.15846,19.35525],[105.15849,19.35531],[105.15851,19.35533],[105.15861,19.35542],[105.15887,19.35563],[105.15909,19.35591],[105.15936,19.35648],[105.15937,19.35666],[105.15935,19.35674],[105.15923,19.35682],[105.15906,19.35691],[105.15817,19.35718],[105.15446,19.35821],[105.15266,19.35862],[105.14609,19.36001],[105.14301,19.3606]]]},"properties":{"commune_code":"17035","commune_name":"Xã Quỳ Hợp","commune_kind":"XA","province_code":"40","province_name":"Tỉnh Nghệ An","area_km2":90.07,"valid_from":"16/6/2025","published":"13/07/2025","area_km2_geom":89.4707029688527,"quality_flag":null,"population":36929.0,"population_wp":45262.186180755496,"anchor_ratio":0.8158907714382876,"pop_source":"WORLDPOP2025_ANCHORED_VNSDI","pop_density_ppkm2":412.74963507167297,"n_stations":3,"n_ports":21,"power_kw_site":890.0,"ports_per_10k_pop":5.6865877765441795,"util_mean_port_weighted":0.09458797864639608,"dist_station_m_pop_weighted":2421.477663479512}},{"type":"Feature","geometry":{"type":"Polygon","coordinates":[[[105.12885,19.47413],[105.12451,19.47486],[105.12054,19.47096],[105.1193,19.47076],[105.11861,19.47034],[105.11837,19.47],[105.11841,19.46973],[105.11946,19.46447],[105.11998,19.45988],[105.11906,19.4571],[105.11708,19.45167],[105.11648,19.45075],[105.11604,19.45049],[105.11225,19.44846],[105.11146,19.44822],[105.11061,19.44813],[105.10525,19.44617],[105.09914,19.44382],[105.09245,19.44273],[105.08432,19.44083],[105.07158,19.43741],[105.06573,19.43771],[105.06441,19.438],[105.06222,19.43871],[105.06078,19.43951],[105.05941,19.4404],[105.05819,19.44167],[105.057,19.44187],[105.05536,19.44206],[105.05229,19.44238],[105.05181,19.44227],[105.04511,19.43887],[105.04411,19.4383],[105.04241,19.43688],[105.04151,19.43609],[105.03885,19.43295],[105.03761,19.43091],[105.03719,19.43017],[105.03501,19.42786],[105.03386,19.42718],[105.03288,19.42682],[105.03107,19.42676],[105.02809,19.42711],[105.02351,19.42736],[105.01831,19.42752],[105.01796,19.42747],[105.01781,19.42723],[105.01771,19.42368],[105.01817,19.42164],[105.01782,19.41921],[105.01586,19.41521],[105.01572,19.41463],[105.01571,19.41399],[105.01612,19.41319],[105.01734,19.4122],[105.01768,19.4116],[105.01776,19.41109],[105.01744,19.41032],[105.01674,19.40933],[105.01593,19.40879],[105.01437,19.40798],[105.01221,19.40679],[105.00848,19.40319],[105.0084,19.40291],[105.00847,19.40273],[105.00877,19.40229],[105.00898,19.40178],[105.00904,19.40094],[105.00879,19.39651],[105.00844,19.39562],[105.00707,19.39388],[105.00619,19.39252],[105.00566,19.39056],[105.0054,19.38898],[105.00538,19.3868],[105.00397,19.38176],[105.00362,19.38102],[105.00226,19.37917],[105.00222,19.37911],[105.00215,19.37905],[105.00206,19.37898],[105.00186,19.37884],[105.00029,19.37802],[104.99939,19.37769],[104.99798,19.37703],[104.99613,19.37526],[104.99247,19.37156],[104.99213,19.37064],[104.99217,19.36962],[104.99252,19.36873],[104.99349,19.36731],[104.99356,19.36724],[104.99403,19.36696],[104.99414,19.36691],[104.99425,19.36686],[104.99434,19.36682],[104.99453,19.36678],[104.99465,19.36676],[104.99495,19.36676],[104.9958,19.36683],[104.99602,19.36685],[104.99615,19.36688],[104.9965,19.36696],[104.99665,19.36701],[104.99717,19.36726],[104.99762,19.3675],[104.99785,19.36763],[104.99791,19.36767],[104.99819,19.36793],[104.99849,19.36848],[104.99931,19.37009],[105.00113,19.37249],[105.00119,19.3725],[105.00131,19.37249],[105.0016,19.37243],[105.0017,19.37239],[105.0044,19.37115],[105.0095,19.36767],[105.01587,19.36399],[105.01956,19.36202],[105.02185,19.35732],[105.02198,19.35705],[105.02204,19.3568],[105.02204,19.35671],[105.02151,19.35407],[105.02204,19.35062],[105.02468,19.34883],[105.02725,19.34711],[105.03153,19.34348],[105.03153,19.34341],[105.03153,19.34327],[105.03159,19.34313],[105.03189,19.34266],[105.03213,19.34235],[105.03238,19.34212],[105.03413,19.34137],[105.0361,19.34062],[105.0391,19.34024],[105.04223,19.34116],[105.04269,19.34133],[105.04327,19.34176],[105.04726,19.3458],[105.04951,19.34895],[105.05899,19.35136],[105.06444,19.35389],[105.06838,19.35389],[105.07373,19.35464],[105.07885,19.3568],[105.08073,19.35804],[105.08391,19.36006],[105.0874,19.36108],[105.09119,19.35976],[105.09166,19.35958],[105.09225,19.35949],[105.09335,19.35955],[105.09416,19.35962],[105.0945,19.35967],[105.09816,19.36169],[105.09922,19.36286],[105.1018,19.36655],[105.10651,19.37487],[105.10879,19.37883],[105.1099,19.37888],[105.11067,19.37896],[105.11093,19.379],[105.11114,19.3791],[105.11344,19.3802],[105.11613,19.38189],[105.11765,19.38295],[105.11782,19.38308],[105.12233,19.38903],[105.12279,19.38964],[105.12408,19.39135],[105.12514,19.39264],[105.12619,19.39394],[105.12703,19.39437],[105.12713,19.39442],[105.12714,19.39442],[105.12796,19.39473],[105.12828,19.39482],[105.12871,19.39482],[105.12903,19.39476],[105.133,19.39605],[105.13942,19.39948],[105.141,19.40085],[105.14261,19.40231],[105.14311,19.40282],[105.14344,19.40342],[105.14449,19.4053],[105.14466,19.40564],[105.14466,19.40584],[105.14527,19.4072],[105.14882,19.41129],[105.14916,19.41165],[105.14958,19.412],[105.14987,19.41214],[105.15179,19.41249],[105.1521,19.41253],[105.15753,19.41777],[105.16305,19.42341],[105.16957,19.42865],[105.1708,19.43003],[105.16937,19.43179],[105.16369,19.43973],[105.16021,19.44498],[105.15937,19.44627],[105.15708,19.44921],[105.15516,19.45136],[105.15274,19.45274],[105.15161,19.45309],[105.14138,19.4621],[105.13954,19.46555],[105.13863,19.46997],[105.13819,19.47101],[105.13649,19.47284],[105.13562,19.47322],[105.1342,19.47358],[105.13133,19.474],[105.12885,19.47413]]]},"properties":{"commune_code":"17044","commune_name":"Xã Châu Hồng","commune_kind":"XA","province_code":"40","province_name":"Tỉnh Nghệ An","area_km2":134.05,"valid_from":"16/6/2025","published":"13/07/2025","area_km2_geom":134.20705448852146,"quality_flag":null,"population":11809.0,"population_wp":13098.735258214176,"anchor_ratio":0.9015374207669868,"pop_source":"WORLDPOP2025_ANCHORED_VNSDI","pop_density_ppkm2":87.99090364515828,"n_stations":0,"n_ports":0,"power_kw_site":0.0,"ports_per_10k_pop":0.0,"util_mean_port_weighted":null,"dist_station_m_pop_weighted":16563.86357615321}},{"type":"Feature","geometry":{"type":"Polygon","coordinates":[[[105.17235,19.42923],[105.1708,19.43003],[105.16957,19.42865],[105.16305,19.42341],[105.15753,19.41777],[105.1521,19.41253],[105.15179,19.41249],[105.14987,19.41214],[105.14958,19.412],[105.14916,19.41165],[105.14882,19.41129],[105.14527,19.4072],[105.14466,19.40584],[105.14466,19.40564],[105.14449,19.4053],[105.14344,19.40342],[105.14311,19.40282],[105.14261,19.40231],[105.141,19.40085],[105.13942,19.39948],[105.133,19.39605],[105.12903,19.39476],[105.12871,19.39482],[105.12828,19.39482],[105.12796,19.39473],[105.12714,19.39442],[105.12713,19.39442],[105.12703,19.39437],[105.12619,19.39394],[105.12514,19.39264],[105.12408,19.39135],[105.12279,19.38964],[105.12233,19.38903],[105.12396,19.38651],[105.1279,19.38128],[105.12848,19.38108],[105.13003,19.37952],[105.13462,19.37163],[105.13769,19.36853],[105.13787,19.36851],[105.13794,19.36848],[105.13807,19.36839],[105.13816,19.36827],[105.1382,19.36822],[105.13836,19.36795],[105.13877,19.36626],[105.13919,19.36229],[105.13925,19.3616],[105.1392,19.36129],[105.14301,19.3606],[105.14609,19.36001],[105.15266,19.35862],[105.15446,19.35821],[105.15817,19.35718],[105.15906,19.35691],[105.15923,19.35682],[105.15935,19.35674],[105.15937,19.35666],[105.15936,19.35648],[105.15909,19.35591],[105.15887,19.35563],[105.15861,19.35542],[105.15851,19.35533],[105.15849,19.35531],[105.15846,19.35525],[105.15845,19.35518],[105.15846,19.35503],[105.15849,19.35486],[105.15863,19.35438],[105.15869,19.3542],[105.15903,19.3533],[105.15925,19.35285],[105.15945,19.35264],[105.15985,19.35244],[105.16654,19.35164],[105.1698,19.35131],[105.17611,19.35099],[105.18356,19.35049],[105.18696,19.349],[105.18712,19.34893],[105.19392,19.3476],[105.19554,19.34728],[105.19603,19.34719],[105.19782,19.34685],[105.19951,19.34883],[105.20021,19.35073],[105.20067,19.35305],[105.20069,19.35497],[105.20428,19.35561],[105.21155,19.35524],[105.21451,19.35437],[105.21786,19.35276],[105.2289,19.34725],[105.22988,19.34636],[105.23074,19.34573],[105.23245,19.34484],[105.23381,19.34428],[105.23484,19.34401],[105.23527,19.34394],[105.23573,19.34388],[105.23625,19.34383],[105.23761,19.34388],[105.23979,19.34442],[105.2401,19.34459],[105.24066,19.34509],[105.24067,19.34511],[105.24063,19.34548],[105.24061,19.34601],[105.24075,19.34725],[105.24087,19.34758],[105.24092,19.34773],[105.24178,19.34962],[105.2433,19.3514],[105.24441,19.35239],[105.24373,19.35278],[105.2432,19.35314],[105.2426,19.35358],[105.2422,19.3539],[105.24139,19.35488],[105.24125,19.35514],[105.24102,19.35633],[105.241,19.35675],[105.24102,19.35697],[105.2411,19.35721],[105.24129,19.35757],[105.24176,19.35842],[105.24384,19.3626],[105.24401,19.36409],[105.24414,19.37233],[105.24416,19.37401],[105.24416,19.37402],[105.24414,19.3745],[105.24413,19.37505],[105.24409,19.37541],[105.24403,19.37576],[105.24642,19.3771],[105.25186,19.38002],[105.25511,19.38171],[105.25065,19.38552],[105.24767,19.38731],[105.24704,19.38767],[105.24595,19.38849],[105.24318,19.39185],[105.24305,19.39203],[105.242,19.3938],[105.23977,19.39763],[105.23905,19.39892],[105.23584,19.40502],[105.23483,19.40775],[105.23385,19.4103],[105.23199,19.41289],[105.23028,19.41453],[105.22613,19.41507],[105.22378,19.41667],[105.22149,19.41947],[105.22069,19.42078],[105.21892,19.42291],[105.21878,19.42303],[105.21559,19.42316],[105.21462,19.4232],[105.20941,19.42266],[105.20891,19.4226],[105.20699,19.42199],[105.20166,19.42021],[105.19435,19.41778],[105.1943,19.41791],[105.19424,19.41812],[105.19424,19.41825],[105.19424,19.41839],[105.19428,19.41851],[105.19444,19.41873],[105.19466,19.41901],[105.19471,19.42029],[105.19372,19.42232],[105.19158,19.42602],[105.18971,19.42754],[105.18931,19.42783],[105.18689,19.42938],[105.18225,19.42671],[105.18001,19.42694],[105.17758,19.42743],[105.17235,19.42923]]]},"properties":{"commune_code":"17056","commune_name":"Xã Châu Lộc","commune_kind":"XA","province_code":"40","province_name":"Tỉnh Nghệ An","area_km2":85.69,"valid_from":"16/6/2025","published":"13/07/2025","area_km2_geom":84.5776509016561,"quality_flag":null,"population":7234.0,"population_wp":5629.286881245673,"anchor_ratio":1.2850650806411255,"pop_source":"WORLDPOP2025_ANCHORED_VNSDI","pop_density_ppkm2":85.53086924123063,"n_stations":0,"n_ports":0,"power_kw_site":0.0,"ports_per_10k_pop":0.0,"util_mean_port_weighted":null,"dist_station_m_pop_weighted":11480.251025477752}},{"type":"Feature","geometry":{"type":"Polygon","coordinates":[[[105.26169,19.47765],[105.26117,19.47792],[105.26058,19.4779],[105.25999,19.47781],[105.25931,19.47751],[105.25867,19.47666],[105.25723,19.47414],[105.25687,19.4728],[105.25685,19.47206],[105.2571,19.47083],[105.25686,19.46911],[105.25323,19.4674],[105.24787,19.46561],[105.24184,19.46217],[105.23533,19.46413],[105.23396,19.46652],[105.23148,19.46975],[105.22956,19.4711],[105.22796,19.47213],[105.22599,19.47253],[105.2229,19.47287],[105.2218,19.47276],[105.22126,19.47247],[105.22048,19.47148],[105.22034,19.47076],[105.22049,19.47009],[105.21767,19.46059],[105.21748,19.46006],[105.21715,19.45976],[105.21159,19.45498],[105.20762,19.45379],[105.20454,19.45226],[105.20085,19.4496],[105.19857,19.44738],[105.19807,19.44659],[105.1952,19.43938],[105.19376,19.43519],[105.19353,19.43367],[105.1935,19.43296],[105.19278,19.43204],[105.19199,19.43126],[105.18915,19.42951],[105.18838,19.42936],[105.18689,19.42938],[105.18931,19.42783],[105.18971,19.42754],[105.19158,19.42602],[105.19372,19.42232],[105.19471,19.42029],[105.19466,19.41901],[105.19444,19.41873],[105.19428,19.41851],[105.19424,19.41839],[105.19424,19.41825],[105.19424,19.41812],[105.1943,19.41791],[105.19435,19.41778],[105.20166,19.42021],[105.20699,19.42199],[105.20891,19.4226],[105.20941,19.42266],[105.21462,19.4232],[105.21559,19.42316],[105.21878,19.42303],[105.21892,19.42291],[105.22069,19.42078],[105.22149,19.41947],[105.22378,19.41667],[105.22613,19.41507],[105.23028,19.41453],[105.23199,19.41289],[105.23385,19.4103],[105.23483,19.40775],[105.23584,19.40502],[105.23905,19.39892],[105.23977,19.39763],[105.242,19.3938],[105.24305,19.39203],[105.24318,19.39185],[105.24595,19.38849],[105.24704,19.38767],[105.24767,19.38731],[105.25065,19.38552],[105.25511,19.38171],[105.25186,19.38002],[105.24642,19.3771],[105.24403,19.37576],[105.24409,19.37541],[105.24413,19.37505],[105.24414,19.3745],[105.24416,19.37402],[105.24416,19.37401],[105.24414,19.37233],[105.24401,19.36409],[105.24384,19.3626],[105.24176,19.35842],[105.24129,19.35757],[105.2411,19.35721],[105.24102,19.35697],[105.241,19.35675],[105.24102,19.35633],[105.24125,19.35514],[105.24139,19.35488],[105.2422,19.3539],[105.2426,19.35358],[105.2432,19.35314],[105.24373,19.35278],[105.24441,19.35239],[105.24681,19.34936],[105.24948,19.34221],[105.25027,19.33663],[105.25238,19.32968],[105.25235,19.33187],[105.2523,19.33581],[105.25229,19.33672],[105.25388,19.33693],[105.25578,19.33706],[105.25715,19.33714],[105.25835,19.33761],[105.26228,19.34088],[105.26608,19.34492],[105.26616,19.34501],[105.2678,19.34655],[105.26835,19.34707],[105.26885,19.34754],[105.26999,19.34635],[105.27079,19.34552],[105.27161,19.34467],[105.27175,19.34452],[105.27259,19.34365],[105.2765,19.3408],[105.28052,19.33854],[105.28457,19.34129],[105.28791,19.34442],[105.29014,19.34667],[105.29206,19.34939],[105.29329,19.34887],[105.29461,19.34826],[105.29482,19.34812],[105.29498,19.34802],[105.30072,19.34431],[105.30081,19.34425],[105.30105,19.34404],[105.3014,19.34371],[105.30486,19.33954],[105.30574,19.33404],[105.30596,19.32942],[105.30521,19.32766],[105.3038,19.32634],[105.3023,19.32467],[105.299,19.31614],[105.30041,19.31079],[105.30358,19.30318],[105.30947,19.29886],[105.31107,19.29796],[105.31399,19.29594],[105.31476,19.29541],[105.31498,19.29525],[105.3161,19.29387],[105.31618,19.29372],[105.31792,19.28988],[105.3191,19.28682],[105.31923,19.28655],[105.3194,19.28635],[105.31999,19.28597],[105.32328,19.28471],[105.32653,19.28368],[105.32782,19.28553],[105.32959,19.28814],[105.33178,19.2926],[105.33234,19.29403],[105.33273,19.29581],[105.333,19.29918],[105.33322,19.3018],[105.33336,19.30413],[105.33229,19.30724],[105.32934,19.30891],[105.32898,19.30966],[105.32846,19.31111],[105.32725,19.31641],[105.32769,19.31851],[105.32867,19.32001],[105.33018,19.32108],[105.3309,19.32181],[105.33107,19.32253],[105.33062,19.32727],[105.32972,19.32893],[105.32769,19.33207],[105.32514,19.33303],[105.32436,19.33499],[105.32407,19.33805],[105.32464,19.33986],[105.32785,19.34067],[105.32499,19.34412],[105.32436,19.34472],[105.32395,19.34486],[105.3234,19.34484],[105.32285,19.34446],[105.31851,19.34415],[105.31393,19.34612],[105.31048,19.34859],[105.3085,19.35041],[105.30782,19.35089],[105.30704,19.35118],[105.30658,19.35113],[105.30598,19.35092],[105.3055,19.35039],[105.30517,19.3497],[105.30482,19.34894],[105.30434,19.34858],[105.30351,19.34848],[105.30223,19.34858],[105.30024,19.34931],[105.29998,19.34952],[105.30019,19.35046],[105.3005,19.35145],[105.30078,19.35192],[105.30134,19.35235],[105.30437,19.35741],[105.30597,19.36316],[105.30507,19.36659],[105.30476,19.36708],[105.30464,19.36791],[105.30466,19.3689],[105.30484,19.36933],[105.30495,19.36942],[105.30996,19.37029],[105.31078,19.37035],[105.31161,19.3704],[105.31248,19.37024],[105.31342,19.36976],[105.314,19.36956],[105.3144,19.36955],[105.31471,19.36958],[105.31496,19.36968],[105.31524,19.36985],[105.31544,19.37008],[105.31582,19.37076],[105.31611,19.37149],[105.31671,19.37452],[105.3191,19.37935],[105.32227,19.38058],[105.32415,19.38247],[105.3252,19.38358],[105.32623,19.38653],[105.3261,19.38779],[105.3256,19.38904],[105.32472,19.38976],[105.32308,19.39006],[105.32088,19.39013],[105.31836,19.39037],[105.3168,19.39111],[105.3166,19.39121],[105.31648,19.39157],[105.31594,19.39313],[105.31611,19.39429],[105.31627,19.39469],[105.31787,19.39784],[105.31868,19.40065],[105.31908,19.40203],[105.31858,19.40382],[105.31795,19.40442],[105.31732,19.40454],[105.31637,19.40424],[105.31624,19.40418],[105.31543,19.40362],[105.31456,19.403],[105.31351,19.4028],[105.31194,19.40272],[105.31043,19.40296],[105.30951,19.40345],[105.30884,19.40414],[105.3083,19.40517],[105.30811,19.40576],[105.30809,19.40614],[105.30814,19.40659],[105.30842,19.40778],[105.30844,19.40784],[105.3086,19.408],[105.31026,19.4096],[105.31123,19.41073],[105.31124,19.41074],[105.31169,19.41176],[105.31177,19.41196],[105.31193,19.41422],[105.31179,19.41473],[105.31148,19.41591],[105.31041,19.41743],[105.31012,19.41785],[105.30793,19.41961],[105.30699,19.41997],[105.30578,19.42001],[105.30442,19.41947],[105.30343,19.41883],[105.30256,19.41851],[105.30188,19.41865],[105.30113,19.41926],[105.3009,19.42005],[105.30109,19.4207],[105.30147,19.42163],[105.30291,19.42277],[105.30621,19.42752],[105.30821,19.43628],[105.30887,19.43935],[105.30842,19.4403],[105.30782,19.44056],[105.30633,19.44042],[105.30378,19.43994],[105.3001,19.4396],[105.29815,19.43961],[105.29779,19.4398],[105.2971,19.44016],[105.2968,19.44134],[105.29793,19.44272],[105.30037,19.44466],[105.30248,19.44577],[105.30309,19.44609],[105.30411,19.44714],[105.30421,19.44829],[105.3032,19.44924],[105.30159,19.45031],[105.30089,19.45078],[105.30072,19.45105],[105.29918,19.45355],[105.29837,19.45595],[105.29848,19.45786],[105.29988,19.46315],[105.29748,19.46475],[105.29607,19.46628],[105.29476,19.46815],[105.29467,19.46829],[105.29478,19.47],[105.29339,19.46872],[105.29026,19.465],[105.28995,19.46457],[105.28959,19.46446],[105.28763,19.46399],[105.28691,19.46409],[105.28599,19.46464],[105.28311,19.46669],[105.2821,19.46757],[105.28136,19.46778],[105.28072,19.46787],[105.27987,19.46781],[105.27909,19.46749],[105.27792,19.46639],[105.27693,19.46518],[105.27666,19.46509],[105.27623,19.46516],[105.27352,19.46633],[105.27278,19.46697],[105.27213,19.46773],[105.2716,19.4689],[105.26907,19.47175],[105.26669,19.4739],[105.26169,19.47765]]]},"properties":{"commune_code":"17059","commune_name":"Xã Tam Hợp","commune_kind":"XA","province_code":"40","province_name":"Tỉnh Nghệ An","area_km2":135.97,"valid_from":"16/6/2025","published":"13/07/2025","area_km2_geom":135.81116840806723,"quality_flag":null,"population":42627.99999999999,"population_wp":38610.83464195952,"anchor_ratio":1.1040424377067184,"pop_source":"WORLDPOP2025_ANCHORED_VNSDI","pop_density_ppkm2":313.87698449009054,"n_stations":3,"n_ports":29,"power_kw_site":798.0,"ports_per_10k_pop":6.803040255231305,"util_mean_port_weighted":0.0731637294472808,"dist_station_m_pop_weighted":3367.532541902399}},{"type":"Feature","geometry":{"type":"Polygon","coordinates":[[[105.29329,19.34887],[105.29206,19.34939],[105.29014,19.34667],[105.28791,19.34442],[105.28457,19.34129],[105.28052,19.33854],[105.2765,19.3408],[105.27259,19.34365],[105.27175,19.34452],[105.27161,19.34467],[105.27079,19.34552],[105.26999,19.34635],[105.26885,19.34754],[105.26835,19.34707],[105.2678,19.34655],[105.26616,19.34501],[105.26608,19.34492],[105.26228,19.34088],[105.25835,19.33761],[105.25715,19.33714],[105.25578,19.33706],[105.25388,19.33693],[105.25229,19.33672],[105.2523,19.33581],[105.25235,19.33187],[105.25238,19.32968],[105.24714,19.3245],[105.23884,19.32218],[105.23629,19.32317],[105.23576,19.32371],[105.23572,19.32373],[105.23567,19.32371],[105.23067,19.32063],[105.22282,19.31556],[105.22294,19.31437],[105.22401,19.31278],[105.22503,19.31152],[105.22568,19.31074],[105.22576,19.31066],[105.2263,19.30582],[105.22232,19.30551],[105.22065,19.29972],[105.21829,19.29442],[105.21659,19.29144],[105.21438,19.28867],[105.20939,19.28263],[105.20826,19.2814],[105.20701,19.27995],[105.20277,19.27314],[105.20141,19.27008],[105.20104,19.26695],[105.20212,19.26349],[105.19546,19.2529],[105.19527,19.25261],[105.19331,19.25092],[105.19159,19.24979],[105.18936,19.24834],[105.18876,19.24794],[105.18696,19.24711],[105.18594,19.24671],[105.18163,19.24557],[105.18096,19.24543],[105.17982,19.2453],[105.17914,19.24529],[105.17903,19.24533],[105.17857,19.24515],[105.17836,19.24502],[105.17557,19.24291],[105.17548,19.24277],[105.17516,19.24183],[105.17495,19.24117],[105.17481,19.24062],[105.17478,19.2397],[105.17277,19.23432],[105.16874,19.2268],[105.16795,19.22573],[105.1719,19.22342],[105.17464,19.22247],[105.17517,19.22244],[105.18193,19.22361],[105.18783,19.22635],[105.19184,19.22579],[105.19254,19.22397],[105.19291,19.22331],[105.19329,19.22301],[105.19383,19.22286],[105.19682,19.22236],[105.1971,19.22236],[105.19747,19.22244],[105.19791,19.22263],[105.19807,19.22276],[105.19827,19.22332],[105.19832,19.22418],[105.19846,19.22452],[105.1986,19.22471],[105.19906,19.22489],[105.20089,19.22505],[105.20209,19.22496],[105.20589,19.22397],[105.20939,19.22176],[105.21786,19.22105],[105.22577,19.21541],[105.22683,19.2116],[105.22709,19.20997],[105.23055,19.21013],[105.23239,19.21081],[105.23639,19.21289],[105.24262,19.21306],[105.24281,19.21294],[105.24478,19.21135],[105.24605,19.21009],[105.24979,19.20639],[105.24988,19.20626],[105.2499,19.20578],[105.24906,19.20399],[105.24862,19.20203],[105.2485,19.20131],[105.24882,19.20065],[105.25079,19.19895],[105.25422,19.19825],[105.25764,19.19798],[105.25964,19.19834],[105.26202,19.19888],[105.26327,19.19906],[105.26387,19.19889],[105.26701,19.1955],[105.26893,19.19434],[105.27062,19.19741],[105.27211,19.19992],[105.27239,19.20027],[105.27282,19.20047],[105.27324,19.20056],[105.27384,19.20053],[105.27464,19.20022],[105.27589,19.19942],[105.27676,19.19874],[105.27731,19.1981],[105.27783,19.19776],[105.27959,19.19739],[105.27993,19.19736],[105.28099,19.19726],[105.28204,19.19716],[105.28962,19.19794],[105.29472,19.19957],[105.3039,19.20148],[105.30472,19.2016],[105.30527,19.20197],[105.308,19.20499],[105.30807,19.20534],[105.3081,19.20592],[105.30652,19.21137],[105.30636,19.21192],[105.30562,19.21648],[105.30322,19.21954],[105.30191,19.2213],[105.30142,19.22235],[105.3012,19.2232],[105.30105,19.2259],[105.30101,19.227],[105.30117,19.23699],[105.30132,19.23736],[105.30685,19.2425],[105.31415,19.24852],[105.31739,19.25115],[105.32252,19.25417],[105.32831,19.25746],[105.33092,19.2597],[105.33229,19.26099],[105.33341,19.2628],[105.33367,19.26366],[105.33355,19.26448],[105.33337,19.26505],[105.33277,19.2657],[105.33168,19.26649],[105.33114,19.26723],[105.33093,19.2679],[105.33046,19.27035],[105.32987,19.27356],[105.32653,19.28368],[105.32328,19.28471],[105.31999,19.28597],[105.3194,19.28635],[105.31923,19.28655],[105.3191,19.28682],[105.31792,19.28988],[105.31618,19.29372],[105.3161,19.29387],[105.31498,19.29525],[105.31476,19.29541],[105.31399,19.29594],[105.31107,19.29796],[105.30947,19.29886],[105.30358,19.30318],[105.30041,19.31079],[105.299,19.31614],[105.3023,19.32467],[105.3038,19.32634],[105.30521,19.32766],[105.30596,19.32942],[105.30574,19.33404],[105.30486,19.33954],[105.3014,19.34371],[105.30105,19.34404],[105.30081,19.34425],[105.30072,19.34431],[105.29498,19.34802],[105.29482,19.34812],[105.29461,19.34826],[105.29329,19.34887]]]},"properties":{"commune_code":"17071","commune_name":"Xã Minh Hợp","commune_kind":"XA","province_code":"40","province_name":"Tỉnh Nghệ An","area_km2":159.97,"valid_from":"16/6/2025","published":"13/07/2025","area_km2_geom":161.23003154831235,"quality_flag":null,"population":21276.0,"population_wp":17417.46296525933,"anchor_ratio":1.221532667670192,"pop_source":"WORLDPOP2025_ANCHORED_VNSDI","pop_density_ppkm2":131.96052742583925,"n_stations":0,"n_ports":0,"power_kw_site":0.0,"ports_per_10k_pop":0.0,"util_mean_port_weighted":null,"dist_station_m_pop_weighted":7161.841854580688}},{"type":"Feature","geometry":{"type":"Polygon","coordinates":[[[105.12396,19.38651],[105.12233,19.38903],[105.11782,19.38308],[105.11765,19.38295],[105.11613,19.38189],[105.11344,19.3802],[105.11114,19.3791],[105.11093,19.379],[105.11067,19.37896],[105.1099,19.37888],[105.10879,19.37883],[105.10651,19.37487],[105.1018,19.36655],[105.09922,19.36286],[105.09816,19.36169],[105.0945,19.35967],[105.09416,19.35962],[105.09335,19.35955],[105.09225,19.35949],[105.09166,19.35958],[105.09119,19.35976],[105.0874,19.36108],[105.08391,19.36006],[105.08073,19.35804],[105.07885,19.3568],[105.07373,19.35464],[105.06838,19.35389],[105.06444,19.35389],[105.05899,19.35136],[105.04951,19.34895],[105.04726,19.3458],[105.04327,19.34176],[105.04269,19.34133],[105.04223,19.34116],[105.0391,19.34024],[105.0361,19.34062],[105.03413,19.34137],[105.03238,19.34212],[105.03213,19.34235],[105.03189,19.34266],[105.03159,19.34313],[105.03153,19.34327],[105.03153,19.34341],[105.03153,19.34348],[105.02725,19.34711],[105.02468,19.34883],[105.02204,19.35062],[105.02151,19.35407],[105.02204,19.35671],[105.02204,19.3568],[105.02198,19.35705],[105.02185,19.35732],[105.01956,19.36202],[105.01587,19.36399],[105.0095,19.36767],[105.0044,19.37115],[105.0017,19.37239],[105.0016,19.37243],[105.00131,19.37249],[105.00119,19.3725],[105.00113,19.37249],[104.99931,19.37009],[104.99849,19.36848],[104.99819,19.36793],[104.99791,19.36767],[104.99785,19.36763],[104.99762,19.3675],[104.99717,19.36726],[104.99665,19.36701],[104.9965,19.36696],[104.99615,19.36688],[104.99602,19.36685],[104.9958,19.36683],[104.99495,19.36676],[104.99465,19.36676],[104.99453,19.36678],[104.99434,19.36682],[104.99425,19.36686],[104.99414,19.36691],[104.99403,19.36696],[104.99356,19.36724],[104.99349,19.36731],[104.99252,19.36873],[104.99249,19.36851],[104.99225,19.368],[104.99183,19.36737],[104.99035,19.36626],[104.98957,19.36573],[104.98889,19.36554],[104.98758,19.36463],[104.98546,19.36243],[104.98469,19.36154],[104.98481,19.35949],[104.98209,19.354],[104.98108,19.35221],[104.98887,19.35152],[104.99124,19.35113],[104.99219,19.35062],[104.99813,19.34467],[104.9991,19.34321],[105.00008,19.3398],[104.99979,19.33897],[104.99897,19.33812],[104.99222,19.33334],[104.98523,19.32932],[104.98488,19.32919],[104.98454,19.3289],[104.98391,19.32783],[104.98393,19.32687],[104.98574,19.3242],[104.9875,19.32269],[104.98947,19.32156],[104.99065,19.32089],[104.99091,19.321],[104.99126,19.32112],[104.9915,19.32118],[104.99176,19.3212],[104.99198,19.32118],[104.9923,19.32103],[104.99273,19.32079],[104.99303,19.32054],[104.99325,19.32032],[104.99597,19.31684],[104.99738,19.30699],[104.99707,19.30545],[104.99662,19.30344],[104.99625,19.30234],[104.99585,19.29983],[104.9978,19.29079],[104.99793,19.29054],[104.9987,19.28948],[104.99888,19.28933],[105.00703,19.28828],[105.0105,19.28789],[105.01354,19.28761],[105.01443,19.28754],[105.0151,19.28747],[105.01538,19.28737],[105.01558,19.28727],[105.01593,19.28704],[105.01681,19.28627],[105.01702,19.28602],[105.01892,19.28292],[105.01946,19.28002],[105.0192,19.279],[105.01911,19.27734],[105.01911,19.27707],[105.01917,19.27691],[105.021,19.2738],[105.02171,19.27277],[105.0227,19.27295],[105.0229,19.27309],[105.02327,19.27319],[105.02386,19.27325],[105.02581,19.27315],[105.02728,19.27292],[105.02966,19.27243],[105.0313,19.27201],[105.03155,19.27186],[105.03176,19.2717],[105.03194,19.27148],[105.03198,19.27142],[105.03201,19.27127],[105.03199,19.27105],[105.03309,19.26506],[105.04019,19.25633],[105.04535,19.25348],[105.04652,19.25415],[105.04998,19.25428],[105.05045,19.25427],[105.05092,19.2541],[105.05108,19.25402],[105.05132,19.25387],[105.05387,19.2519],[105.06775,19.25524],[105.06961,19.25602],[105.07377,19.25806],[105.07721,19.25986],[105.0818,19.26316],[105.08515,19.2658],[105.08989,19.26957],[105.10133,19.27489],[105.1017,19.27501],[105.10193,19.27503],[105.10204,19.27503],[105.10225,19.27501],[105.10237,19.27497],[105.1025,19.2749],[105.10275,19.27467],[105.10309,19.2743],[105.10363,19.27363],[105.10401,19.27312],[105.10414,19.2729],[105.10422,19.27253],[105.10673,19.27052],[105.11191,19.26958],[105.11501,19.27053],[105.11808,19.27227],[105.11958,19.27376],[105.11978,19.27392],[105.1199,19.27402],[105.12054,19.27427],[105.12537,19.27579],[105.13004,19.2767],[105.13011,19.27665],[105.13057,19.27645],[105.13071,19.27641],[105.13086,19.2764],[105.13107,19.27643],[105.13239,19.27673],[105.13487,19.27747],[105.13496,19.27751],[105.13512,19.27766],[105.13602,19.2786],[105.13607,19.27867],[105.1361,19.27872],[105.13613,19.27881],[105.13623,19.27939],[105.1364,19.28064],[105.13647,19.28139],[105.13704,19.28217],[105.13787,19.28306],[105.13807,19.28325],[105.13854,19.28358],[105.13882,19.28372],[105.13936,19.28383],[105.13951,19.28382],[105.14266,19.28335],[105.14301,19.28191],[105.14291,19.27802],[105.14572,19.27501],[105.1488,19.27295],[105.1547,19.27149],[105.15396,19.27441],[105.15355,19.27886],[105.15752,19.28413],[105.16,19.28585],[105.16234,19.28803],[105.16583,19.29239],[105.1681,19.29709],[105.16962,19.3024],[105.16964,19.30254],[105.16962,19.30285],[105.16958,19.3031],[105.16954,19.30328],[105.16948,19.30338],[105.16934,19.3035],[105.16916,19.30362],[105.16884,19.3038],[105.16847,19.30399],[105.16845,19.304],[105.16644,19.30464],[105.16282,19.30536],[105.15773,19.30616],[105.14819,19.30924],[105.14455,19.31278],[105.14249,19.31351],[105.14179,19.31357],[105.1404,19.31367],[105.13897,19.31378],[105.13367,19.3142],[105.13336,19.31398],[105.13313,19.31359],[105.13301,19.31329],[105.13296,19.31307],[105.12769,19.3112],[105.1211,19.31164],[105.12187,19.3162],[105.12198,19.31659],[105.12204,19.31674],[105.1222,19.31701],[105.12248,19.31739],[105.12264,19.31759],[105.12282,19.31778],[105.1231,19.31796],[105.12344,19.31815],[105.12438,19.31855],[105.12451,19.31858],[105.12469,19.3186],[105.12484,19.3186],[105.12503,19.31856],[105.12743,19.32022],[105.12892,19.32234],[105.12899,19.32265],[105.12906,19.32322],[105.12906,19.32352],[105.12906,19.32428],[105.12906,19.32433],[105.12902,19.32481],[105.12901,19.32492],[105.12887,19.32549],[105.12877,19.32557],[105.12855,19.32576],[105.12813,19.32592],[105.1277,19.32592],[105.12642,19.32735],[105.1259,19.32985],[105.12593,19.33147],[105.12759,19.33662],[105.13067,19.3416],[105.13171,19.34574],[105.13172,19.34578],[105.13175,19.3458],[105.13431,19.34607],[105.13761,19.3464],[105.14084,19.35226],[105.14102,19.35478],[105.14008,19.35964],[105.1392,19.36129],[105.13925,19.3616],[105.13919,19.36229],[105.13877,19.36626],[105.13836,19.36795],[105.1382,19.36822],[105.13816,19.36827],[105.13807,19.36839],[105.13794,19.36848],[105.13787,19.36851],[105.13769,19.36853],[105.13462,19.37163],[105.13003,19.37952],[105.12848,19.38108],[105.1279,19.38128],[105.12396,19.38651]]]},"properties":{"commune_code":"17077","commune_name":"Xã Mường Ham","commune_kind":"XA","province_code":"40","province_name":"Tỉnh Nghệ An","area_km2":160.35,"valid_from":"16/6/2025","published":"13/07/2025","area_km2_geom":160.42179961036572,"quality_flag":null,"population":14257.0,"population_wp":14367.29297055304,"anchor_ratio":0.9923233297477058,"pop_source":"WORLDPOP2025_ANCHORED_VNSDI","pop_density_ppkm2":88.87196150789707,"n_stations":0,"n_ports":0,"power_kw_site":0.0,"ports_per_10k_pop":0.0,"util_mean_port_weighted":null,"dist_station_m_pop_weighted":6075.375845002049}},{"type":"Feature","geometry":{"type":"Polygon","coordinates":[[[104.99585,19.29983],[104.99625,19.30234],[104.99336,19.30006],[104.9878,19.29448],[104.98299,19.28921],[104.98232,19.28913],[104.98102,19.28869],[104.97991,19.2878],[104.97925,19.28657],[104.97923,19.28652],[104.97921,19.28645],[104.9792,19.28631],[104.97919,19.28607],[104.97904,19.27872],[104.97976,19.27521],[104.97853,19.26982],[104.97691,19.26612],[104.97691,19.26607],[104.98747,19.26323],[104.98556,19.26146],[104.98303,19.25728],[104.98463,19.25579],[104.98715,19.25357],[104.99024,19.25168],[104.99186,19.25028],[104.99338,19.24882],[104.99471,19.24603],[104.99481,19.24555],[104.99474,19.24507],[104.99328,19.24038],[104.99313,19.24005],[104.99149,19.23766],[104.99094,19.23696],[104.99036,19.23658],[104.98963,19.23632],[104.98897,19.2362],[104.98583,19.23248],[104.98448,19.22758],[104.98424,19.22731],[104.98357,19.22698],[104.98285,19.22685],[104.98194,19.22695],[104.98025,19.22726],[104.97883,19.22746],[104.97585,19.22691],[104.97548,19.22673],[104.97242,19.22079],[104.97223,19.22021],[104.97244,19.21955],[104.97698,19.21151],[104.9823,19.21053],[104.98685,19.20849],[104.98734,19.20821],[104.98776,19.2074],[104.98788,19.20641],[104.98788,19.20434],[104.98761,19.20143],[104.99259,19.19516],[104.99294,19.19502],[104.99612,19.19426],[105.00211,19.1934],[105.00641,19.19612],[105.00817,19.19735],[105.01219,19.19758],[105.01433,19.19749],[105.01893,19.19725],[105.01911,19.19719],[105.01925,19.19696],[105.01977,19.19515],[105.02359,19.19137],[105.02861,19.1867],[105.03526,19.18424],[105.03932,19.18396],[105.04383,19.18308],[105.04729,19.18192],[105.04735,19.18189],[105.04814,19.18134],[105.049,19.18021],[105.04944,19.17909],[105.0498,19.17796],[105.05008,19.17673],[105.05015,19.17617],[105.05011,19.17578],[105.04977,19.17523],[105.04806,19.17413],[105.04623,19.17333],[105.04412,19.17161],[105.04186,19.16967],[105.04273,19.16863],[105.04348,19.16791],[105.04407,19.16745],[105.04519,19.16709],[105.04629,19.16701],[105.04796,19.16719],[105.04873,19.16744],[105.05209,19.1691],[105.05295,19.16963],[105.05386,19.17022],[105.0555,19.17103],[105.06468,19.17394],[105.06498,19.17403],[105.06535,19.17409],[105.06621,19.1742],[105.0683,19.17406],[105.0756,19.17314],[105.07814,19.17615],[105.08369,19.17673],[105.08489,19.17636],[105.08959,19.17563],[105.09229,19.17522],[105.09332,19.17528],[105.10179,19.17812],[105.10568,19.17903],[105.10673,19.17946],[105.11084,19.18334],[105.11244,19.18504],[105.11272,19.18722],[105.11291,19.18773],[105.11341,19.18851],[105.12126,19.19547],[105.12379,19.19759],[105.1323,19.19928],[105.13497,19.19966],[105.13791,19.19989],[105.13931,19.19985],[105.13935,19.19985],[105.13995,19.19977],[105.14048,19.19992],[105.14169,19.20099],[105.14306,19.20277],[105.14369,19.20373],[105.14381,19.20408],[105.14367,19.20444],[105.14316,19.20527],[105.14294,19.20618],[105.14296,19.20701],[105.14343,19.21011],[105.14574,19.21064],[105.14877,19.21092],[105.15369,19.21462],[105.15388,19.21479],[105.15401,19.21503],[105.15462,19.21632],[105.1557,19.21871],[105.15663,19.22079],[105.15401,19.22117],[105.15226,19.22323],[105.15508,19.2247],[105.16256,19.22625],[105.16322,19.22634],[105.16562,19.22614],[105.16795,19.22573],[105.16874,19.2268],[105.17277,19.23432],[105.17478,19.2397],[105.17481,19.24062],[105.17495,19.24117],[105.17516,19.24183],[105.17548,19.24277],[105.17557,19.24291],[105.17836,19.24502],[105.17857,19.24515],[105.17903,19.24533],[105.17673,19.24732],[105.17659,19.24746],[105.17618,19.24795],[105.17604,19.24819],[105.17588,19.24847],[105.17569,19.24881],[105.17563,19.24902],[105.17563,19.24902],[105.17509,19.25049],[105.17452,19.25192],[105.17436,19.25228],[105.17431,19.25234],[105.1741,19.25242],[105.17042,19.25357],[105.16345,19.25551],[105.15717,19.25787],[105.15715,19.25788],[105.1569,19.258],[105.15367,19.26125],[105.1535,19.26147],[105.15349,19.26151],[105.15305,19.26303],[105.15293,19.26399],[105.15283,19.26554],[105.15342,19.26833],[105.15423,19.27049],[105.1547,19.27149],[105.1488,19.27295],[105.14572,19.27501],[105.14291,19.27802],[105.14301,19.28191],[105.14266,19.28335],[105.13951,19.28382],[105.13936,19.28383],[105.13882,19.28372],[105.13854,19.28358],[105.13807,19.28325],[105.13787,19.28306],[105.13704,19.28217],[105.13647,19.28139],[105.1364,19.28064],[105.13623,19.27939],[105.13613,19.27881],[105.1361,19.27872],[105.13607,19.27867],[105.13602,19.2786],[105.13512,19.27766],[105.13496,19.27751],[105.13487,19.27747],[105.13239,19.27673],[105.13107,19.27643],[105.13086,19.2764],[105.13071,19.27641],[105.13057,19.27645],[105.13011,19.27665],[105.13004,19.2767],[105.12537,19.27579],[105.12054,19.27427],[105.1199,19.27402],[105.11978,19.27392],[105.11958,19.27376],[105.11808,19.27227],[105.11501,19.27053],[105.11191,19.26958],[105.10673,19.27052],[105.10422,19.27253],[105.10414,19.2729],[105.10401,19.27312],[105.10363,19.27363],[105.10309,19.2743],[105.10275,19.27467],[105.1025,19.2749],[105.10237,19.27497],[105.10225,19.27501],[105.10204,19.27503],[105.10193,19.27503],[105.1017,19.27501],[105.10133,19.27489],[105.08989,19.26957],[105.08515,19.2658],[105.0818,19.26316],[105.07721,19.25986],[105.07377,19.25806],[105.06961,19.25602],[105.06775,19.25524],[105.05387,19.2519],[105.05132,19.25387],[105.05108,19.25402],[105.05092,19.2541],[105.05045,19.25427],[105.04998,19.25428],[105.04652,19.25415],[105.04535,19.25348],[105.04019,19.25633],[105.03309,19.26506],[105.03199,19.27105],[105.03201,19.27127],[105.03198,19.27142],[105.03194,19.27148],[105.03176,19.2717],[105.03155,19.27186],[105.0313,19.27201],[105.02966,19.27243],[105.02728,19.27292],[105.02581,19.27315],[105.02386,19.27325],[105.02327,19.27319],[105.0229,19.27309],[105.0227,19.27295],[105.02171,19.27277],[105.021,19.2738],[105.01917,19.27691],[105.01911,19.27707],[105.01911,19.27734],[105.0192,19.279],[105.01946,19.28002],[105.01892,19.28292],[105.01702,19.28602],[105.01681,19.28627],[105.01593,19.28704],[105.01558,19.28727],[105.01538,19.28737],[105.0151,19.28747],[105.01443,19.28754],[105.01354,19.28761],[105.0105,19.28789],[105.00703,19.28828],[104.99888,19.28933],[104.9987,19.28948],[104.99793,19.29054],[104.9978,19.29079],[104.99585,19.29983]]]},"properties":{"commune_code":"17089","commune_name":"Xã Mường Chọng","commune_kind":"XA","province_code":"40","province_name":"Tỉnh Nghệ An","area_km2":173.65,"valid_from":"16/6/2025","published":"13/07/2025","area_km2_geom":174.7365979111583,"quality_flag":null,"population":11291.0,"population_wp":12614.152109414339,"anchor_ratio":0.8951057433002707,"pop_source":"WORLDPOP2025_ANCHORED_VNSDI","pop_density_ppkm2":64.6172589770845,"n_stations":0,"n_ports":0,"power_kw_site":0.0,"ports_per_10k_pop":0.0,"util_mean_port_weighted":null,"dist_station_m_pop_weighted":17783.197709696255}},{"type":"Feature","geometry":{"type":"Polygon","coordinates":[[[105.65397,19.34775],[105.6539,19.34832],[105.6528,19.34715],[105.65134,19.3459],[105.64987,19.34497],[105.64505,19.34211],[105.6411,19.34004],[105.6361,19.33746],[105.63341,19.33582],[105.6313,19.33374],[105.62657,19.32869],[105.62295,19.32469],[105.62385,19.32231],[105.62532,19.31931],[105.62625,19.31759],[105.62725,19.31662],[105.6285,19.31355],[105.63173,19.30551],[105.63323,19.30245],[105.63478,19.29966],[105.63606,19.29797],[105.63886,19.29535],[105.64225,19.29398],[105.64332,19.29099],[105.64268,19.28957],[105.64002,19.28721],[105.63856,19.28674],[105.63805,19.28668],[105.63687,19.28627],[105.63512,19.2856],[105.6333,19.28405],[105.62807,19.27904],[105.62554,19.27659],[105.62453,19.27556],[105.62635,19.27372],[105.62824,19.27223],[105.62888,19.2704],[105.63128,19.27056],[105.63775,19.26709],[105.63823,19.26675],[105.63875,19.26613],[105.64011,19.2644],[105.64242,19.26058],[105.64257,19.26025],[105.64271,19.25973],[105.64288,19.25882],[105.64288,19.25839],[105.64272,19.25713],[105.64264,19.25684],[105.64243,19.25657],[105.63793,19.25106],[105.63547,19.24817],[105.63202,19.24514],[105.63106,19.24507],[105.63026,19.24472],[105.62945,19.24423],[105.62827,19.24316],[105.62844,19.24276],[105.62946,19.24204],[105.63559,19.23857],[105.63815,19.23764],[105.64412,19.23576],[105.64655,19.23558],[105.65665,19.23514],[105.66053,19.23705],[105.66147,19.23755],[105.66244,19.23831],[105.66941,19.2447],[105.67003,19.24538],[105.67081,19.24593],[105.67176,19.24633],[105.67263,19.24641],[105.6736,19.24636],[105.67518,19.24933],[105.67712,19.25352],[105.6781,19.2542],[105.68017,19.25505],[105.68097,19.25521],[105.68698,19.25638],[105.68953,19.25881],[105.69057,19.25955],[105.69156,19.26021],[105.69289,19.26048],[105.69653,19.25864],[105.69803,19.25938],[105.69849,19.25952],[105.70422,19.25854],[105.70487,19.25867],[105.70547,19.25871],[105.70645,19.25854],[105.70652,19.2585],[105.70703,19.25798],[105.70744,19.25717],[105.70776,19.25607],[105.70892,19.25095],[105.70781,19.24937],[105.70696,19.24956],[105.70557,19.24964],[105.70453,19.24956],[105.70415,19.24939],[105.70376,19.24922],[105.70329,19.2486],[105.70111,19.24192],[105.70113,19.24185],[105.70132,19.24106],[105.70214,19.24054],[105.703,19.24026],[105.70365,19.24031],[105.7043,19.2409],[105.70471,19.24172],[105.70504,19.24239],[105.70747,19.24669],[105.70786,19.24715],[105.7081,19.2473],[105.70854,19.2473],[105.71122,19.24606],[105.71201,19.24852],[105.71792,19.25303],[105.71906,19.25392],[105.72004,19.25468],[105.72017,19.2548],[105.72062,19.25527],[105.72053,19.25582],[105.71998,19.25711],[105.71986,19.25868],[105.72004,19.26164],[105.7203,19.26367],[105.72116,19.26502],[105.72187,19.26517],[105.72247,19.26516],[105.72557,19.26454],[105.72613,19.26435],[105.7267,19.26416],[105.72864,19.26375],[105.73015,19.26376],[105.73109,19.26425],[105.73202,19.26552],[105.73301,19.26739],[105.7341,19.27081],[105.73429,19.27686],[105.73311,19.28056],[105.73131,19.28711],[105.73122,19.28829],[105.73108,19.28931],[105.7304,19.2926],[105.72979,19.29537],[105.72828,19.30093],[105.72665,19.30682],[105.72536,19.3107],[105.72398,19.30988],[105.71786,19.30626],[105.71304,19.3041],[105.71032,19.30369],[105.70699,19.30365],[105.70167,19.30386],[105.69306,19.30244],[105.69137,19.30167],[105.68916,19.30126],[105.68665,19.30176],[105.68643,19.30181],[105.68489,19.30352],[105.68293,19.30723],[105.68145,19.31007],[105.67901,19.31476],[105.67761,19.31747],[105.67704,19.31857],[105.67481,19.31979],[105.67289,19.31977],[105.67096,19.31874],[105.66848,19.31709],[105.66432,19.31433],[105.66405,19.31922],[105.66402,19.31965],[105.66504,19.32702],[105.66718,19.33427],[105.66772,19.33777],[105.66792,19.33904],[105.66793,19.33988],[105.66788,19.34014],[105.66772,19.34029],[105.66671,19.34103],[105.66561,19.34159],[105.66386,19.34235],[105.66236,19.34272],[105.66087,19.34274],[105.66021,19.34261],[105.65943,19.34234],[105.65912,19.34223],[105.65835,19.34205],[105.65819,19.34206],[105.65754,19.3421],[105.65721,19.34225],[105.6558,19.34349],[105.65579,19.3435],[105.65537,19.34411],[105.65431,19.34666],[105.65397,19.34775]]]},"properties":{"commune_code":"17110","commune_name":"Phường Hoàng Mai","commune_kind":"PHUONG","province_code":"40","province_name":"Tỉnh Nghệ An","area_km2":79.67,"valid_from":"16/6/2025","published":"13/07/2025","area_km2_geom":80.22588637704325,"quality_flag":null,"population":44474.00000000001,"population_wp":42566.49152283557,"anchor_ratio":1.0448124430490382,"pop_source":"WORLDPOP2025_ANCHORED_VNSDI","pop_density_ppkm2":554.3597211376689,"n_stations":0,"n_ports":0,"power_kw_site":0.0,"ports_per_10k_pop":0.0,"util_mean_port_weighted":null,"dist_station_m_pop_weighted":6704.237863852449}},{"type":"Feature","geometry":{"type":"Polygon","coordinates":[[[105.69653,19.25864],[105.69289,19.26048],[105.69156,19.26021],[105.69057,19.25955],[105.68953,19.25881],[105.68698,19.25638],[105.68097,19.25521],[105.68017,19.25505],[105.6781,19.2542],[105.67712,19.25352],[105.67518,19.24933],[105.6736,19.24636],[105.67635,19.24671],[105.67704,19.24671],[105.67782,19.24639],[105.68055,19.24429],[105.68078,19.2441],[105.68083,19.24403],[105.68083,19.2439],[105.68022,19.23877],[105.67845,19.23684],[105.6775,19.23595],[105.67675,19.23543],[105.66646,19.22653],[105.66934,19.21839],[105.66883,19.21805],[105.66867,19.21787],[105.66867,19.21778],[105.66868,19.21767],[105.66875,19.21757],[105.66919,19.21724],[105.67262,19.21545],[105.67569,19.21489],[105.67946,19.21245],[105.68142,19.2086],[105.68174,19.20792],[105.6822,19.20622],[105.6817,19.20549],[105.6811,19.20463],[105.68054,19.20382],[105.68474,19.1999],[105.68696,19.19829],[105.68751,19.19764],[105.69035,19.19201],[105.69068,19.19081],[105.69084,19.1892],[105.68983,19.18768],[105.69235,19.18531],[105.69244,19.18534],[105.69576,19.18651],[105.70335,19.19168],[105.70447,19.19278],[105.70448,19.19279],[105.70498,19.19328],[105.71216,19.19079],[105.71158,19.18955],[105.71618,19.18773],[105.72095,19.1875],[105.72857,19.18749],[105.73111,19.18801],[105.73112,19.18813],[105.73194,19.19431],[105.7327,19.19938],[105.73436,19.2076],[105.73571,19.21299],[105.73632,19.21514],[105.73763,19.21847],[105.73775,19.2188],[105.73917,19.22164],[105.73946,19.22197],[105.73979,19.22217],[105.7398,19.22217],[105.74009,19.22226],[105.7449,19.22641],[105.7461,19.2277],[105.74714,19.22861],[105.74792,19.22917],[105.74924,19.22983],[105.75018,19.23021],[105.75121,19.23036],[105.75182,19.23044],[105.75217,19.23049],[105.75334,19.23045],[105.75603,19.23154],[105.75667,19.23241],[105.75659,19.23283],[105.7562,19.23377],[105.75584,19.23441],[105.7547,19.23567],[105.75391,19.23628],[105.74902,19.23791],[105.74764,19.23808],[105.74669,19.23806],[105.74634,19.238],[105.74605,19.23795],[105.74394,19.23744],[105.74362,19.23729],[105.74349,19.23723],[105.74152,19.23633],[105.74045,19.23521],[105.74016,19.23475],[105.73944,19.23357],[105.73832,19.23264],[105.73697,19.23165],[105.7361,19.23104],[105.73606,19.23101],[105.73558,19.23083],[105.73496,19.23075],[105.73433,19.23082],[105.73353,19.23099],[105.73238,19.23146],[105.73012,19.23255],[105.72864,19.2329],[105.72754,19.23298],[105.72683,19.23277],[105.72625,19.23241],[105.72594,19.23208],[105.72539,19.23118],[105.72476,19.22968],[105.72437,19.22904],[105.72364,19.2283],[105.72321,19.22799],[105.72297,19.22796],[105.72283,19.22794],[105.7222,19.22808],[105.72167,19.22842],[105.72082,19.2304],[105.71989,19.23193],[105.71642,19.23618],[105.71296,19.23845],[105.71255,19.2429],[105.713,19.24362],[105.71319,19.24444],[105.71308,19.24501],[105.71299,19.24508],[105.71227,19.24558],[105.71122,19.24606],[105.70854,19.2473],[105.7081,19.2473],[105.70786,19.24715],[105.70747,19.24669],[105.70504,19.24239],[105.70471,19.24172],[105.7043,19.2409],[105.70365,19.24031],[105.703,19.24026],[105.70214,19.24054],[105.70132,19.24106],[105.70113,19.24185],[105.70111,19.24192],[105.70329,19.2486],[105.70376,19.24922],[105.70415,19.24939],[105.70453,19.24956],[105.70557,19.24964],[105.70696,19.24956],[105.70781,19.24937],[105.70892,19.25095],[105.70776,19.25607],[105.70744,19.25717],[105.70703,19.25798],[105.70652,19.2585],[105.70645,19.25854],[105.70547,19.25871],[105.70487,19.25867],[105.70422,19.25854],[105.69849,19.25952],[105.69803,19.25938],[105.69653,19.25864]]]},"properties":{"commune_code":"17125","commune_name":"Phường Quỳnh Mai","commune_kind":"PHUONG","province_code":"40","province_name":"Tỉnh Nghệ An","area_km2":40.5,"valid_from":"16/6/2025","published":"13/07/2025","area_km2_geom":40.18308060043499,"quality_flag":null,"population":57988.0,"population_wp":47421.5004744567,"anchor_ratio":1.222820860154665,"pop_source":"WORLDPOP2025_ANCHORED_VNSDI","pop_density_ppkm2":1443.0949328303184,"n_stations":1,"n_ports":8,"power_kw_site":254.0,"ports_per_10k_pop":1.379595778436918,"util_mean_port_weighted":0.14451018573996405,"dist_station_m_pop_weighted":4118.63116581327}},{"type":"Feature","geometry":{"type":"Polygon","coordinates":[[[105.74222,19.32098],[105.74141,19.32126],[105.73969,19.32105],[105.73769,19.31978],[105.73121,19.31534],[105.73055,19.31501],[105.73012,19.31479],[105.72923,19.31435],[105.72539,19.31374],[105.72471,19.31376],[105.7244,19.31378],[105.72536,19.3107],[105.72665,19.30682],[105.72828,19.30093],[105.72979,19.29537],[105.7304,19.2926],[105.73108,19.28931],[105.73122,19.28829],[105.73131,19.28711],[105.73311,19.28056],[105.73429,19.27686],[105.7341,19.27081],[105.73301,19.26739],[105.73202,19.26552],[105.73109,19.26425],[105.73015,19.26376],[105.72864,19.26375],[105.7267,19.26416],[105.72613,19.26435],[105.72557,19.26454],[105.72247,19.26516],[105.72187,19.26517],[105.72116,19.26502],[105.7203,19.26367],[105.72004,19.26164],[105.71986,19.25868],[105.71998,19.25711],[105.72053,19.25582],[105.72062,19.25527],[105.72017,19.2548],[105.72004,19.25468],[105.71906,19.25392],[105.71792,19.25303],[105.71201,19.24852],[105.71122,19.24606],[105.71227,19.24558],[105.71299,19.24508],[105.71308,19.24501],[105.71319,19.24444],[105.713,19.24362],[105.71255,19.2429],[105.71296,19.23845],[105.71642,19.23618],[105.71989,19.23193],[105.72082,19.2304],[105.72167,19.22842],[105.7222,19.22808],[105.72283,19.22794],[105.72297,19.22796],[105.72321,19.22799],[105.72364,19.2283],[105.72437,19.22904],[105.72476,19.22968],[105.72539,19.23118],[105.72594,19.23208],[105.72625,19.23241],[105.72683,19.23277],[105.72754,19.23298],[105.72864,19.2329],[105.73012,19.23255],[105.73238,19.23146],[105.73353,19.23099],[105.73433,19.23082],[105.73496,19.23075],[105.73558,19.23083],[105.73606,19.23101],[105.7361,19.23104],[105.73697,19.23165],[105.73832,19.23264],[105.73944,19.23357],[105.74016,19.23475],[105.74045,19.23521],[105.74152,19.23633],[105.74349,19.23723],[105.74362,19.23729],[105.74394,19.23744],[105.74605,19.23795],[105.74634,19.238],[105.74669,19.23806],[105.74764,19.23808],[105.74902,19.23791],[105.75391,19.23628],[105.7547,19.23567],[105.75584,19.23441],[105.7562,19.23377],[105.75659,19.23283],[105.75667,19.23241],[105.75752,19.23161],[105.75894,19.2256],[105.76642,19.22893],[105.77076,19.23522],[105.77141,19.24148],[105.77442,19.25724],[105.77541,19.26084],[105.77644,19.26404],[105.7775,19.26668],[105.7775,19.26668],[105.77858,19.26878],[105.78067,19.27195],[105.78275,19.27434],[105.78389,19.27517],[105.7864,19.27618],[105.78738,19.27643],[105.78836,19.27651],[105.7888,19.27649],[105.78978,19.27632],[105.79036,19.27615],[105.79061,19.27593],[105.79069,19.27564],[105.79069,19.27546],[105.79063,19.27509],[105.79061,19.27504],[105.79033,19.27411],[105.79027,19.27356],[105.79032,19.27349],[105.79075,19.27273],[105.79126,19.27243],[105.79337,19.27206],[105.79407,19.27205],[105.79459,19.27213],[105.79551,19.27262],[105.79831,19.27457],[105.80285,19.2755],[105.80409,19.27709],[105.80376,19.27709],[105.80333,19.27709],[105.80273,19.2771],[105.80217,19.27736],[105.80214,19.27739],[105.80208,19.27744],[105.80178,19.27789],[105.80163,19.27834],[105.80162,19.27868],[105.80161,19.27901],[105.80157,19.28058],[105.80159,19.28179],[105.80173,19.28245],[105.80219,19.28477],[105.8028,19.28602],[105.8034,19.28654],[105.80518,19.2878],[105.80466,19.28906],[105.80246,19.29568],[105.80133,19.30012],[105.8011,19.301],[105.80084,19.3013],[105.80082,19.30131],[105.80006,19.30154],[105.79153,19.29894],[105.78547,19.29755],[105.7804,19.29682],[105.77905,19.29651],[105.77792,19.29608],[105.77614,19.29541],[105.77471,19.2947],[105.77424,19.29415],[105.77414,19.29396],[105.77334,19.29258],[105.77267,19.29226],[105.77266,19.29226],[105.77167,19.29205],[105.771,19.29216],[105.77041,19.29225],[105.76726,19.29278],[105.76351,19.29446],[105.76084,19.29865],[105.7594,19.30124],[105.75861,19.30266],[105.75806,19.30342],[105.75642,19.3056],[105.7553,19.30636],[105.75359,19.30615],[105.75209,19.30489],[105.75059,19.30353],[105.74888,19.30313],[105.74786,19.30398],[105.74622,19.30607],[105.74478,19.30903],[105.74383,19.31256],[105.74318,19.31639],[105.74274,19.32049],[105.74222,19.32098]]]},"properties":{"commune_code":"17128","commune_name":"Phường Tân Mai","commune_kind":"PHUONG","province_code":"40","province_name":"Tỉnh Nghệ An","area_km2":51.61,"valid_from":"16/6/2025","published":"13/07/2025","area_km2_geom":50.413376362204765,"quality_flag":null,"population":33894.0,"population_wp":27683.25878921151,"anchor_ratio":1.2243500759097368,"pop_source":"WORLDPOP2025_ANCHORED_VNSDI","pop_density_ppkm2":672.3215631597838,"n_stations":0,"n_ports":0,"power_kw_site":0.0,"ports_per_10k_pop":0.0,"util_mean_port_weighted":null,"dist_station_m_pop_weighted":8388.941827804601}},{"type":"Feature","geometry":{"type":"Polygon","coordinates":[[[105.63775,19.26709],[105.63128,19.27056],[105.62888,19.2704],[105.62915,19.26635],[105.62912,19.26619],[105.62907,19.26604],[105.62893,19.26577],[105.62878,19.26555],[105.62769,19.2643],[105.62626,19.26266],[105.62572,19.26206],[105.62483,19.2611],[105.62336,19.25974],[105.62192,19.25886],[105.62179,19.25879],[105.62155,19.25871],[105.61991,19.25821],[105.61865,19.25169],[105.61298,19.24768],[105.6126,19.24745],[105.6089,19.24612],[105.60804,19.24582],[105.60505,19.24482],[105.60367,19.23784],[105.60183,19.23442],[105.60161,19.23413],[105.60102,19.23337],[105.60079,19.23313],[105.60051,19.233],[105.59976,19.23267],[105.59847,19.23223],[105.59812,19.23218],[105.59808,19.23219],[105.5977,19.23227],[105.59668,19.23249],[105.59573,19.23278],[105.59525,19.23294],[105.59335,19.23428],[105.59373,19.23263],[105.59505,19.22783],[105.59891,19.21819],[105.59933,19.21763],[105.60104,19.21597],[105.60167,19.21543],[105.60381,19.21405],[105.60531,19.21378],[105.60568,19.21368],[105.6069,19.21316],[105.60759,19.21285],[105.60964,19.21109],[105.6117,19.20914],[105.61222,19.20846],[105.61294,19.20752],[105.61356,19.20678],[105.61392,19.20651],[105.61656,19.20454],[105.61932,19.2053],[105.62076,19.2057],[105.62467,19.2068],[105.62729,19.20626],[105.62887,19.20127],[105.62897,19.20099],[105.62899,19.20095],[105.63394,19.19853],[105.63829,19.19362],[105.64157,19.19398],[105.6469,19.19402],[105.6499,19.19365],[105.65041,19.19024],[105.64858,19.18651],[105.64599,19.18146],[105.64494,19.17945],[105.64972,19.17581],[105.65054,19.17576],[105.6509,19.1757],[105.65494,19.17362],[105.65424,19.17285],[105.65194,19.16998],[105.65503,19.16701],[105.65972,19.16458],[105.66179,19.1632],[105.66314,19.16091],[105.66315,19.16138],[105.66343,19.16214],[105.66363,19.16244],[105.66382,19.16258],[105.66651,19.16388],[105.66881,19.16394],[105.67168,19.16676],[105.67467,19.17248],[105.67684,19.17382],[105.67692,19.17387],[105.67768,19.17572],[105.67924,19.17955],[105.68134,19.18274],[105.6827,19.1848],[105.68509,19.18576],[105.68685,19.18463],[105.68816,19.18379],[105.68967,19.18285],[105.69196,19.18152],[105.69285,19.18391],[105.69309,19.18455],[105.69308,19.18462],[105.69305,19.18467],[105.69244,19.18534],[105.69235,19.18531],[105.68983,19.18768],[105.69084,19.1892],[105.69068,19.19081],[105.69035,19.19201],[105.68751,19.19764],[105.68696,19.19829],[105.68474,19.1999],[105.68054,19.20382],[105.6811,19.20463],[105.6817,19.20549],[105.6822,19.20622],[105.68174,19.20792],[105.68142,19.2086],[105.67946,19.21245],[105.67569,19.21489],[105.67262,19.21545],[105.66919,19.21724],[105.66875,19.21757],[105.66868,19.21767],[105.66867,19.21778],[105.66867,19.21787],[105.66883,19.21805],[105.66934,19.21839],[105.66646,19.22653],[105.67675,19.23543],[105.6775,19.23595],[105.67845,19.23684],[105.68022,19.23877],[105.68083,19.2439],[105.68083,19.24403],[105.68078,19.2441],[105.68055,19.24429],[105.67782,19.24639],[105.67704,19.24671],[105.67635,19.24671],[105.6736,19.24636],[105.67263,19.24641],[105.67176,19.24633],[105.67081,19.24593],[105.67003,19.24538],[105.66941,19.2447],[105.66244,19.23831],[105.66147,19.23755],[105.66053,19.23705],[105.65665,19.23514],[105.64655,19.23558],[105.64412,19.23576],[105.63815,19.23764],[105.63559,19.23857],[105.62946,19.24204],[105.62844,19.24276],[105.62827,19.24316],[105.62945,19.24423],[105.63026,19.24472],[105.63106,19.24507],[105.63202,19.24514],[105.63547,19.24817],[105.63793,19.25106],[105.64243,19.25657],[105.64264,19.25684],[105.64272,19.25713],[105.64288,19.25839],[105.64288,19.25882],[105.64271,19.25973],[105.64257,19.26025],[105.64242,19.26058],[105.64011,19.2644],[105.63875,19.26613],[105.63823,19.26675],[105.63775,19.26709]]]},"properties":{"commune_code":"17143","commune_name":"Xã Quỳnh Văn","commune_kind":"XA","province_code":"40","province_name":"Tỉnh Nghệ An","area_km2":53.35,"valid_from":"16/6/2025","published":"13/07/2025","area_km2_geom":53.023309352429614,"quality_flag":null,"population":42927.0,"population_wp":35159.17778968997,"anchor_ratio":1.2209329881595767,"pop_source":"WORLDPOP2025_ANCHORED_VNSDI","pop_density_ppkm2":809.587340440738,"n_stations":2,"n_ports":16,"power_kw_site":427.0,"ports_per_10k_pop":3.7272579029515223,"util_mean_port_weighted":0.09868593046730627,"dist_station_m_pop_weighted":2601.2541675090674}},{"type":"Feature","geometry":{"type":"Polygon","coordinates":[[[105.56106,19.26872],[105.55361,19.26943],[105.54887,19.26719],[105.54648,19.26518],[105.54581,19.26361],[105.54087,19.26208],[105.53954,19.26267],[105.53875,19.26287],[105.53827,19.263],[105.53458,19.26154],[105.53074,19.25998],[105.53371,19.25905],[105.53536,19.25646],[105.53605,19.25189],[105.53604,19.25142],[105.53486,19.24854],[105.53426,19.24731],[105.53386,19.24674],[105.53305,19.24597],[105.52938,19.23911],[105.52936,19.23678],[105.52931,19.23646],[105.52891,19.23567],[105.52704,19.23332],[105.52618,19.23236],[105.52442,19.2309],[105.5231,19.2298],[105.52102,19.22995],[105.51294,19.23052],[105.50891,19.23097],[105.50859,19.23102],[105.50785,19.23098],[105.50732,19.23075],[105.50704,19.23039],[105.50609,19.22808],[105.50404,19.22266],[105.50131,19.2171],[105.49729,19.2153],[105.49593,19.21477],[105.49024,19.21318],[105.48314,19.2099],[105.47709,19.20623],[105.4699,19.19984],[105.4668,19.19666],[105.46184,19.19089],[105.45983,19.18818],[105.45371,19.18366],[105.45332,19.18341],[105.45233,19.18286],[105.45146,19.1824],[105.44676,19.18009],[105.44148,19.17861],[105.44096,19.17859],[105.44007,19.17812],[105.4377,19.17635],[105.43719,19.17589],[105.43593,19.173],[105.43339,19.16972],[105.43331,19.16943],[105.43382,19.16662],[105.43412,19.16616],[105.43435,19.16579],[105.43488,19.16543],[105.43558,19.16505],[105.43713,19.1649],[105.43752,19.16433],[105.43803,19.16356],[105.43829,19.16286],[105.43837,19.16182],[105.43822,19.16083],[105.43806,19.16035],[105.4381,19.16001],[105.43827,19.1595],[105.43873,19.15861],[105.44178,19.1549],[105.44313,19.15348],[105.44449,19.15249],[105.44632,19.1514],[105.44756,19.1509],[105.44882,19.15056],[105.45424,19.14666],[105.45638,19.14403],[105.45793,19.14004],[105.45999,19.13685],[105.46036,19.1366],[105.46098,19.13629],[105.46148,19.13618],[105.46191,19.13617],[105.46272,19.13637],[105.46452,19.13771],[105.46649,19.13977],[105.46788,19.1411],[105.47157,19.14457],[105.47327,19.1456],[105.47958,19.14928],[105.48684,19.15416],[105.48878,19.15485],[105.49041,19.15663],[105.491,19.15706],[105.49192,19.15757],[105.49654,19.15982],[105.49911,19.1604],[105.50084,19.16052],[105.50132,19.16063],[105.50208,19.16104],[105.50632,19.16463],[105.50843,19.16657],[105.50969,19.1678],[105.51018,19.16811],[105.51171,19.16852],[105.51521,19.16927],[105.51607,19.16934],[105.51691,19.16934],[105.51801,19.1691],[105.51871,19.16885],[105.52357,19.16782],[105.52747,19.16936],[105.52913,19.1703],[105.53533,19.17388],[105.53797,19.17645],[105.53909,19.17903],[105.54247,19.18325],[105.54287,19.18354],[105.54682,19.18572],[105.548,19.18216],[105.54872,19.17929],[105.54895,19.1795],[105.55298,19.1832],[105.55364,19.18377],[105.5562,19.18497],[105.5599,19.18621],[105.56018,19.18626],[105.56056,19.1864],[105.56091,19.18656],[105.56197,19.18717],[105.56361,19.18841],[105.56543,19.19002],[105.56604,19.19491],[105.56604,19.19502],[105.566,19.19522],[105.56593,19.19536],[105.56664,19.19758],[105.56835,19.20147],[105.56873,19.20191],[105.56915,19.20221],[105.56937,19.20235],[105.57287,19.20406],[105.57331,19.20385],[105.57471,19.2036],[105.57534,19.20354],[105.57552,19.20352],[105.57561,19.20353],[105.57606,19.20358],[105.57791,19.20376],[105.5787,19.20384],[105.5806,19.20421],[105.58111,19.20443],[105.58298,19.2054],[105.5841,19.20618],[105.58431,19.20638],[105.58626,19.20859],[105.58858,19.21195],[105.59115,19.21246],[105.59464,19.21266],[105.59498,19.21265],[105.59532,19.21264],[105.59572,19.21267],[105.59786,19.21357],[105.60023,19.21464],[105.60066,19.21486],[105.60068,19.21487],[105.60137,19.21526],[105.60167,19.21543],[105.60104,19.21597],[105.59933,19.21763],[105.59891,19.21819],[105.59505,19.22783],[105.59373,19.23263],[105.59335,19.23428],[105.56749,19.25114],[105.56714,19.25303],[105.56697,19.25731],[105.56106,19.26872]]]},"properties":{"commune_code":"17149","commune_name":"Xã Quỳnh Tam","commune_kind":"XA","province_code":"40","province_name":"Tỉnh Nghệ An","area_km2":103.4,"valid_from":"16/6/2025","published":"13/07/2025","area_km2_geom":103.44481095908195,"quality_flag":null,"population":35568.0,"population_wp":29023.96596975252,"anchor_ratio":1.225470014575795,"pop_source":"WORLDPOP2025_ANCHORED_VNSDI","pop_density_ppkm2":343.8355164481772,"n_stations":2,"n_ports":8,"power_kw_site":323.5,"ports_per_10k_pop":2.249212775528565,"util_mean_port_weighted":0.10001281491919851,"dist_station_m_pop_weighted":3897.0592516453303}},{"type":"Feature","geometry":{"type":"Polygon","coordinates":[[[105.60381,19.21405],[105.60167,19.21543],[105.60137,19.21526],[105.60068,19.21487],[105.60066,19.21486],[105.60023,19.21464],[105.59786,19.21357],[105.59572,19.21267],[105.59532,19.21264],[105.59498,19.21265],[105.59464,19.21266],[105.59115,19.21246],[105.58858,19.21195],[105.58626,19.20859],[105.58431,19.20638],[105.5841,19.20618],[105.58298,19.2054],[105.58111,19.20443],[105.5806,19.20421],[105.5787,19.20384],[105.57791,19.20376],[105.57606,19.20358],[105.57561,19.20353],[105.57552,19.20352],[105.57534,19.20354],[105.57471,19.2036],[105.57331,19.20385],[105.57287,19.20406],[105.56937,19.20235],[105.56915,19.20221],[105.56873,19.20191],[105.56835,19.20147],[105.56664,19.19758],[105.56593,19.19536],[105.566,19.19522],[105.56604,19.19502],[105.56604,19.19491],[105.56543,19.19002],[105.56361,19.18841],[105.56197,19.18717],[105.56091,19.18656],[105.56056,19.1864],[105.56018,19.18626],[105.5599,19.18621],[105.5562,19.18497],[105.55364,19.18377],[105.55298,19.1832],[105.54895,19.1795],[105.54872,19.17929],[105.54874,19.17877],[105.54862,19.17709],[105.54834,19.17537],[105.54785,19.17281],[105.54823,19.16991],[105.54909,19.1687],[105.55007,19.16751],[105.55412,19.16408],[105.55701,19.16247],[105.55741,19.16183],[105.55763,19.16082],[105.55675,19.15691],[105.55666,19.15583],[105.55791,19.15419],[105.55925,19.15357],[105.56058,19.15349],[105.56249,19.15265],[105.56391,19.15156],[105.56431,19.15086],[105.56427,19.15069],[105.56398,19.14953],[105.56105,19.14681],[105.5607,19.14579],[105.56118,19.14466],[105.56228,19.1438],[105.5633,19.14335],[105.56463,19.14321],[105.56951,19.1439],[105.57123,19.14335],[105.57265,19.14208],[105.57457,19.13926],[105.57664,19.1382],[105.57811,19.13906],[105.5789,19.13946],[105.58035,19.14016],[105.58155,19.14014],[105.58915,19.13978],[105.59731,19.13854],[105.59916,19.13634],[105.60367,19.13427],[105.60778,19.13385],[105.61078,19.13386],[105.62,19.13585],[105.62115,19.13633],[105.62566,19.1414],[105.62368,19.14373],[105.62241,19.14478],[105.62067,19.14881],[105.62151,19.15473],[105.62676,19.15939],[105.63271,19.16213],[105.63954,19.1691],[105.6416,19.17303],[105.64494,19.17945],[105.64599,19.18146],[105.64858,19.18651],[105.65041,19.19024],[105.6499,19.19365],[105.6469,19.19402],[105.64157,19.19398],[105.63829,19.19362],[105.63394,19.19853],[105.62899,19.20095],[105.62897,19.20099],[105.62887,19.20127],[105.62729,19.20626],[105.62467,19.2068],[105.62076,19.2057],[105.61932,19.2053],[105.61656,19.20454],[105.61392,19.20651],[105.61356,19.20678],[105.61294,19.20752],[105.61222,19.20846],[105.6117,19.20914],[105.60964,19.21109],[105.60759,19.21285],[105.6069,19.21316],[105.60568,19.21368],[105.60531,19.21378],[105.60381,19.21405]]]},"properties":{"commune_code":"17170","commune_name":"Xã Quỳnh Sơn","commune_kind":"XA","province_code":"40","province_name":"Tỉnh Nghệ An","area_km2":61.21,"valid_from":"16/6/2025","published":"13/07/2025","area_km2_geom":61.217710543094334,"quality_flag":null,"population":36834.0,"population_wp":33875.460997611284,"anchor_ratio":1.0873357561863832,"pop_source":"WORLDPOP2025_ANCHORED_VNSDI","pop_density_ppkm2":601.6886236552514,"n_stations":0,"n_ports":0,"power_kw_site":0.0,"ports_per_10k_pop":0.0,"util_mean_port_weighted":null,"dist_station_m_pop_weighted":5284.427990558842}},{"type":"Feature","geometry":{"type":"Polygon","coordinates":[[[105.71216,19.19079],[105.70498,19.19328],[105.70448,19.19279],[105.70447,19.19278],[105.70335,19.19168],[105.69576,19.18651],[105.69244,19.18534],[105.69305,19.18467],[105.69308,19.18462],[105.69309,19.18455],[105.69285,19.18391],[105.69196,19.18152],[105.68967,19.18285],[105.68816,19.18379],[105.68685,19.18463],[105.68509,19.18576],[105.6827,19.1848],[105.68134,19.18274],[105.67924,19.17955],[105.67768,19.17572],[105.67692,19.17387],[105.67684,19.17382],[105.67467,19.17248],[105.67168,19.16676],[105.66881,19.16394],[105.66651,19.16388],[105.66382,19.16258],[105.66363,19.16244],[105.66343,19.16214],[105.66315,19.16138],[105.66314,19.16091],[105.66374,19.16114],[105.66411,19.16121],[105.66442,19.16124],[105.66463,19.16126],[105.66475,19.16124],[105.66476,19.16123],[105.66488,19.16109],[105.66498,19.16092],[105.66503,19.16082],[105.66504,19.16068],[105.66507,19.1604],[105.66502,19.15971],[105.66473,19.15914],[105.66281,19.15567],[105.66243,19.15272],[105.66222,19.1449],[105.66167,19.13995],[105.66145,19.1352],[105.66154,19.134],[105.66725,19.13006],[105.66769,19.12982],[105.67027,19.12847],[105.67113,19.12805],[105.67191,19.12767],[105.67401,19.12764],[105.67789,19.12764],[105.67998,19.13039],[105.68321,19.1327],[105.68541,19.13259],[105.6871,19.13237],[105.68768,19.13109],[105.68775,19.13062],[105.68743,19.1296],[105.6886,19.12827],[105.69343,19.12743],[105.69404,19.12739],[105.6941,19.12745],[105.69418,19.12759],[105.69423,19.12776],[105.69426,19.12797],[105.69426,19.12815],[105.69924,19.13324],[105.702,19.13581],[105.70827,19.13699],[105.71104,19.137],[105.71317,19.13684],[105.71862,19.13506],[105.72501,19.13382],[105.72535,19.13384],[105.72567,19.13386],[105.72914,19.1344],[105.72917,19.1344],[105.72919,19.1369],[105.72944,19.14756],[105.72959,19.14943],[105.7299,19.15171],[105.73032,19.1541],[105.73146,19.16503],[105.73155,19.16919],[105.73088,19.17027],[105.7306,19.17201],[105.73035,19.17448],[105.73029,19.17661],[105.73028,19.17691],[105.73052,19.18136],[105.73111,19.18801],[105.72857,19.18749],[105.72095,19.1875],[105.71618,19.18773],[105.71158,19.18955],[105.71216,19.19079]]]},"properties":{"commune_code":"17176","commune_name":"Xã Quỳnh Anh","commune_kind":"XA","province_code":"40","province_name":"Tỉnh Nghệ An","area_km2":39.8,"valid_from":"16/6/2025","published":"13/07/2025","area_km2_geom":39.62818112285238,"quality_flag":null,"population":60329.0,"population_wp":53075.49341635592,"anchor_ratio":1.1366639500973308,"pop_source":"WORLDPOP2025_ANCHORED_VNSDI","pop_density_ppkm2":1522.3762052810966,"n_stations":3,"n_ports":38,"power_kw_site":875.0,"ports_per_10k_pop":6.298794941073115,"util_mean_port_weighted":0.04709553040821133,"dist_station_m_pop_weighted":3042.851758443384}},{"type":"Feature","geometry":{"type":"Polygon","coordinates":[[[105.64972,19.17581],[105.64494,19.17945],[105.6416,19.17303],[105.63954,19.1691],[105.63271,19.16213],[105.62676,19.15939],[105.62151,19.15473],[105.62067,19.14881],[105.62241,19.14478],[105.62368,19.14373],[105.62566,19.1414],[105.62115,19.13633],[105.62,19.13585],[105.61078,19.13386],[105.60778,19.13385],[105.60367,19.13427],[105.59916,19.13634],[105.59731,19.13854],[105.58915,19.13978],[105.58155,19.14014],[105.58035,19.14016],[105.5789,19.13946],[105.57811,19.13906],[105.57664,19.1382],[105.5786,19.13711],[105.57901,19.13617],[105.57931,19.13462],[105.57986,19.1332],[105.58077,19.13239],[105.58216,19.13207],[105.58419,19.13172],[105.5861,19.13094],[105.5924,19.12664],[105.59727,19.12206],[105.59851,19.12055],[105.60309,19.11612],[105.60428,19.11514],[105.60436,19.11508],[105.60468,19.11482],[105.60603,19.11478],[105.6074,19.11673],[105.61094,19.11508],[105.61923,19.10829],[105.61992,19.10767],[105.61999,19.10686],[105.61984,19.10613],[105.61934,19.10492],[105.61898,19.10341],[105.61896,19.10298],[105.61895,19.10249],[105.61917,19.09914],[105.62076,19.09842],[105.62347,19.09807],[105.62437,19.09946],[105.62673,19.09761],[105.62705,19.09901],[105.63245,19.10033],[105.63819,19.10353],[105.64158,19.10459],[105.64243,19.10467],[105.64325,19.10452],[105.64387,19.10433],[105.64234,19.1055],[105.6416,19.10641],[105.64089,19.10729],[105.64227,19.10894],[105.64332,19.10977],[105.64489,19.11077],[105.64639,19.1111],[105.64749,19.11103],[105.6489,19.11079],[105.65534,19.11012],[105.65969,19.11034],[105.66197,19.11033],[105.66322,19.10993],[105.66442,19.10949],[105.66503,19.10905],[105.66614,19.10851],[105.66768,19.10897],[105.66907,19.11505],[105.66952,19.11874],[105.66943,19.12562],[105.67136,19.12771],[105.67191,19.12767],[105.67113,19.12805],[105.67027,19.12847],[105.66769,19.12982],[105.66725,19.13006],[105.66154,19.134],[105.66145,19.1352],[105.66167,19.13995],[105.66222,19.1449],[105.66243,19.15272],[105.66281,19.15567],[105.66473,19.15914],[105.66502,19.15971],[105.66507,19.1604],[105.66504,19.16068],[105.66503,19.16082],[105.66498,19.16092],[105.66488,19.16109],[105.66476,19.16123],[105.66475,19.16124],[105.66463,19.16126],[105.66442,19.16124],[105.66411,19.16121],[105.66374,19.16114],[105.66314,19.16091],[105.66179,19.1632],[105.65972,19.16458],[105.65503,19.16701],[105.65194,19.16998],[105.65424,19.17285],[105.65494,19.17362],[105.6509,19.1757],[105.65054,19.17576],[105.64972,19.17581]]]},"properties":{"commune_code":"17179","commune_name":"Xã Quỳnh Lưu","commune_kind":"XA","province_code":"40","province_name":"Tỉnh Nghệ An","area_km2":40.55,"valid_from":"16/6/2025","published":"13/07/2025","area_km2_geom":39.23659013832115,"quality_flag":null,"population":73584.0,"population_wp":76426.21259232052,"anchor_ratio":0.962811023915555,"pop_source":"WORLDPOP2025_ANCHORED_VNSDI","pop_density_ppkm2":1875.392324883319,"n_stations":2,"n_ports":18,"power_kw_site":654.0,"ports_per_10k_pop":2.4461839530332683,"util_mean_port_weighted":0.18773515367617366,"dist_station_m_pop_weighted":3169.8030435231844}},{"type":"Feature","geometry":{"type":"Polygon","coordinates":[[[105.71317,19.13684],[105.71104,19.137],[105.70827,19.13699],[105.702,19.13581],[105.69924,19.13324],[105.69426,19.12815],[105.69426,19.12797],[105.69423,19.12776],[105.69418,19.12759],[105.6941,19.12745],[105.69404,19.12739],[105.69343,19.12743],[105.6886,19.12827],[105.68743,19.1296],[105.68775,19.13062],[105.68768,19.13109],[105.6871,19.13237],[105.68541,19.13259],[105.68321,19.1327],[105.67998,19.13039],[105.67789,19.12764],[105.67401,19.12764],[105.67191,19.12767],[105.67136,19.12771],[105.66943,19.12562],[105.66952,19.11874],[105.66907,19.11505],[105.66768,19.10897],[105.66614,19.10851],[105.66503,19.10905],[105.66442,19.10949],[105.66322,19.10993],[105.66197,19.11033],[105.65969,19.11034],[105.65534,19.11012],[105.6489,19.11079],[105.64749,19.11103],[105.64639,19.1111],[105.64489,19.11077],[105.64332,19.10977],[105.64227,19.10894],[105.64089,19.10729],[105.6416,19.10641],[105.64234,19.1055],[105.64387,19.10433],[105.64665,19.10292],[105.64698,19.10267],[105.64729,19.10238],[105.64812,19.10156],[105.64853,19.10102],[105.64857,19.10073],[105.64703,19.09646],[105.64665,19.09584],[105.6445,19.09415],[105.64417,19.094],[105.64362,19.0939],[105.64333,19.09395],[105.6424,19.09446],[105.64209,19.09473],[105.64106,19.09433],[105.64338,19.09122],[105.64663,19.09159],[105.65046,19.09266],[105.65267,19.09352],[105.65379,19.09395],[105.65531,19.09161],[105.65728,19.08821],[105.6588,19.08959],[105.65894,19.08971],[105.6591,19.08983],[105.66178,19.09168],[105.66558,19.09421],[105.66979,19.09631],[105.67372,19.09798],[105.67419,19.09813],[105.67456,19.09819],[105.67542,19.0983],[105.67557,19.09823],[105.68222,19.09379],[105.68412,19.09253],[105.68562,19.09118],[105.68674,19.08978],[105.68749,19.08844],[105.68773,19.08802],[105.68787,19.08751],[105.68796,19.0872],[105.68805,19.08638],[105.68805,19.08608],[105.68799,19.08473],[105.68802,19.08443],[105.68878,19.08382],[105.69113,19.08254],[105.69145,19.08241],[105.69176,19.08236],[105.69184,19.08235],[105.69228,19.08233],[105.69239,19.08238],[105.69263,19.08249],[105.69324,19.08347],[105.69764,19.08842],[105.7023,19.09104],[105.70937,19.09507],[105.71066,19.09584],[105.7108,19.09606],[105.71158,19.0973],[105.71178,19.09939],[105.71157,19.10116],[105.71157,19.10118],[105.71157,19.10121],[105.71157,19.10121],[105.71179,19.10239],[105.71306,19.10315],[105.71465,19.10355],[105.71474,19.10357],[105.71571,19.10347],[105.71602,19.10319],[105.71638,19.10171],[105.71639,19.10154],[105.7164,19.10138],[105.71663,19.10005],[105.71668,19.09975],[105.71672,19.0996],[105.71712,19.09824],[105.71713,19.0982],[105.71741,19.09785],[105.71764,19.09768],[105.71796,19.09758],[105.71832,19.09768],[105.72044,19.09976],[105.72198,19.10126],[105.72792,19.10212],[105.72873,19.10184],[105.72978,19.10175],[105.72987,19.10174],[105.73072,19.10179],[105.7368,19.10328],[105.73793,19.10478],[105.73811,19.10505],[105.73813,19.10543],[105.7379,19.10629],[105.73763,19.10653],[105.73707,19.10666],[105.73681,19.10668],[105.73437,19.10868],[105.73093,19.11545],[105.73063,19.11674],[105.73001,19.12079],[105.72932,19.12849],[105.72916,19.13198],[105.72917,19.1344],[105.72914,19.1344],[105.72567,19.13386],[105.72535,19.13384],[105.72501,19.13382],[105.71862,19.13506],[105.71317,19.13684]]]},"properties":{"commune_code":"17212","commune_name":"Xã Quỳnh Phú","commune_kind":"XA","province_code":"40","province_name":"Tỉnh Nghệ An","area_km2":33.48,"valid_from":"16/6/2025","published":"13/07/2025","area_km2_geom":32.49471703724277,"quality_flag":null,"population":72062.0,"population_wp":54695.2108582817,"anchor_ratio":1.3175193745338436,"pop_source":"WORLDPOP2025_ANCHORED_VNSDI","pop_density_ppkm2":2217.6527931419887,"n_stations":0,"n_ports":0,"power_kw_site":0.0,"ports_per_10k_pop":0.0,"util_mean_port_weighted":null,"dist_station_m_pop_weighted":5978.416437121446}},{"type":"Feature","geometry":{"type":"Polygon","coordinates":[[[105.62074,19.38221],[105.6206,19.38223],[105.62008,19.382],[105.61941,19.3817],[105.61908,19.38155],[105.61736,19.3799],[105.61482,19.37631],[105.61264,19.37137],[105.61248,19.371],[105.61176,19.36988],[105.61064,19.36919],[105.60952,19.36851],[105.60847,19.36846],[105.6078,19.36844],[105.60675,19.36839],[105.60611,19.36866],[105.60338,19.36982],[105.60228,19.37028],[105.60053,19.37076],[105.60044,19.37079],[105.59885,19.37067],[105.59878,19.37064],[105.59622,19.36968],[105.59524,19.36968],[105.59508,19.36968],[105.5943,19.36968],[105.59371,19.36969],[105.59301,19.36981],[105.59096,19.37017],[105.59053,19.37037],[105.58991,19.37017],[105.58958,19.36996],[105.58877,19.36788],[105.58858,19.36727],[105.5886,19.36692],[105.58997,19.36134],[105.59285,19.35606],[105.59312,19.35561],[105.59288,19.3548],[105.59242,19.35419],[105.59171,19.35358],[105.58619,19.3488],[105.58358,19.34753],[105.58234,19.34717],[105.57732,19.34594],[105.57303,19.33846],[105.57139,19.33551],[105.57077,19.33348],[105.56826,19.33164],[105.56776,19.33141],[105.56724,19.33137],[105.56682,19.3314],[105.5661,19.33174],[105.56512,19.33208],[105.5643,19.33202],[105.5637,19.33193],[105.56334,19.33179],[105.56294,19.33146],[105.55871,19.32601],[105.55714,19.31884],[105.55704,19.31808],[105.55709,19.317],[105.55729,19.31661],[105.55771,19.31604],[105.55904,19.31573],[105.56082,19.31564],[105.56149,19.31554],[105.56211,19.31544],[105.56252,19.31497],[105.56434,19.30768],[105.56312,19.30501],[105.56192,19.30311],[105.55866,19.29897],[105.5578,19.29854],[105.55743,19.29848],[105.55297,19.29887],[105.54899,19.30144],[105.54839,19.30206],[105.54753,19.30224],[105.54614,19.30225],[105.54169,19.30165],[105.53848,19.29877],[105.5309,19.29141],[105.53072,19.28747],[105.53129,19.28438],[105.53277,19.27806],[105.53128,19.26901],[105.53059,19.26046],[105.53069,19.26002],[105.53074,19.25998],[105.53458,19.26154],[105.53827,19.263],[105.53875,19.26287],[105.53954,19.26267],[105.54087,19.26208],[105.54581,19.26361],[105.54648,19.26518],[105.54887,19.26719],[105.55361,19.26943],[105.56106,19.26872],[105.56697,19.25731],[105.56714,19.25303],[105.56749,19.25114],[105.59335,19.23428],[105.59525,19.23294],[105.59573,19.23278],[105.59668,19.23249],[105.5977,19.23227],[105.59808,19.23219],[105.59812,19.23218],[105.59847,19.23223],[105.59976,19.23267],[105.60051,19.233],[105.60079,19.23313],[105.60102,19.23337],[105.60161,19.23413],[105.60183,19.23442],[105.60367,19.23784],[105.60505,19.24482],[105.60804,19.24582],[105.6089,19.24612],[105.6126,19.24745],[105.61298,19.24768],[105.61865,19.25169],[105.61991,19.25821],[105.62155,19.25871],[105.62179,19.25879],[105.62192,19.25886],[105.62336,19.25974],[105.62483,19.2611],[105.62572,19.26206],[105.62626,19.26266],[105.62769,19.2643],[105.62878,19.26555],[105.62893,19.26577],[105.62907,19.26604],[105.62912,19.26619],[105.62915,19.26635],[105.62888,19.2704],[105.62824,19.27223],[105.62635,19.27372],[105.62453,19.27556],[105.62554,19.27659],[105.62807,19.27904],[105.6333,19.28405],[105.63512,19.2856],[105.63687,19.28627],[105.63805,19.28668],[105.63856,19.28674],[105.64002,19.28721],[105.64268,19.28957],[105.64332,19.29099],[105.64225,19.29398],[105.63886,19.29535],[105.63606,19.29797],[105.63478,19.29966],[105.63323,19.30245],[105.63173,19.30551],[105.6285,19.31355],[105.62725,19.31662],[105.62625,19.31759],[105.62532,19.31931],[105.62385,19.32231],[105.62295,19.32469],[105.62657,19.32869],[105.6313,19.33374],[105.63341,19.33582],[105.6361,19.33746],[105.6411,19.34004],[105.64505,19.34211],[105.64987,19.34497],[105.65134,19.3459],[105.6528,19.34715],[105.6539,19.34832],[105.65342,19.35247],[105.65171,19.35247],[105.6494,19.35235],[105.64716,19.35236],[105.64576,19.35243],[105.64382,19.3529],[105.6431,19.35308],[105.64294,19.35326],[105.64274,19.35371],[105.64274,19.35433],[105.64147,19.35854],[105.63836,19.36699],[105.63483,19.36577],[105.63293,19.36623],[105.63164,19.36813],[105.62968,19.3738],[105.6283,19.3778],[105.62796,19.37878],[105.62672,19.3804],[105.62264,19.38191],[105.62074,19.38221]]]},"properties":{"commune_code":"17224","commune_name":"Xã Quỳnh Thắng","commune_kind":"XA","province_code":"40","province_name":"Tỉnh Nghệ An","area_km2":107.99,"valid_from":"16/6/2025","published":"13/07/2025","area_km2_geom":107.95132428327915,"quality_flag":null,"population":15312.999999999998,"population_wp":14594.830874953419,"anchor_ratio":1.04920708785184,"pop_source":"WORLDPOP2025_ANCHORED_VNSDI","pop_density_ppkm2":141.85096942226087,"n_stations":0,"n_ports":0,"power_kw_site":0.0,"ports_per_10k_pop":0.0,"util_mean_port_weighted":null,"dist_station_m_pop_weighted":11535.036662657198}},{"type":"Feature","geometry":{"type":"Polygon","coordinates":[[[104.98887,19.35152],[104.98108,19.35221],[104.97818,19.35169],[104.97652,19.35181],[104.97488,19.35142],[104.97248,19.34994],[104.97119,19.34896],[104.96866,19.34672],[104.96804,19.34592],[104.96695,19.34444],[104.96675,19.34396],[104.96658,19.34316],[104.96391,19.33955],[104.95516,19.33201],[104.95365,19.33084],[104.9527,19.33025],[104.95216,19.33013],[104.95087,19.33003],[104.94842,19.33011],[104.94739,19.33027],[104.94625,19.33059],[104.94488,19.33065],[104.94329,19.33057],[104.94138,19.3303],[104.93878,19.32953],[104.93672,19.32869],[104.93477,19.32785],[104.9343,19.32727],[104.93385,19.32659],[104.93362,19.32612],[104.93348,19.32554],[104.93329,19.32483],[104.93287,19.32398],[104.9326,19.32373],[104.93228,19.32355],[104.93179,19.32349],[104.93083,19.32349],[104.93105,19.32003],[104.92337,19.31403],[104.91919,19.31098],[104.91752,19.31014],[104.91561,19.30919],[104.91294,19.3084],[104.91141,19.30767],[104.90903,19.30599],[104.90757,19.30478],[104.90392,19.30306],[104.89968,19.30151],[104.89691,19.2962],[104.89811,19.28713],[104.90055,19.27783],[104.90017,19.27295],[104.90053,19.26911],[104.90168,19.26753],[104.90287,19.26367],[104.90275,19.26287],[104.90178,19.26173],[104.89753,19.25895],[104.89693,19.25857],[104.89593,19.25839],[104.89522,19.258],[104.89295,19.25652],[104.89226,19.25596],[104.89143,19.25442],[104.89124,19.25358],[104.89112,19.2525],[104.89088,19.25173],[104.88849,19.25206],[104.88458,19.25289],[104.88229,19.25344],[104.88095,19.25384],[104.87962,19.25501],[104.8779,19.25642],[104.87532,19.25778],[104.87205,19.2553],[104.86904,19.25293],[104.87044,19.25078],[104.87105,19.25035],[104.87212,19.24979],[104.87231,19.24902],[104.87226,19.24832],[104.87142,19.2455],[104.87004,19.24484],[104.86751,19.24394],[104.86707,19.24383],[104.86591,19.2444],[104.86401,19.24496],[104.86277,19.24498],[104.859,19.24468],[104.85813,19.24445],[104.85765,19.24409],[104.85452,19.24001],[104.85286,19.23373],[104.85187,19.22711],[104.84938,19.22347],[104.84725,19.22267],[104.84694,19.22249],[104.84647,19.22206],[104.84647,19.22127],[104.84691,19.21835],[104.84756,19.21678],[104.84858,19.21467],[104.84875,19.21292],[104.84824,19.2101],[104.84753,19.20947],[104.84686,19.20924],[104.84653,19.20933],[104.84251,19.2099],[104.83855,19.20929],[104.83874,19.20842],[104.8412,19.20207],[104.84355,19.19829],[104.84639,19.1958],[104.85029,19.19192],[104.85115,19.18962],[104.84896,19.18561],[104.84565,19.18263],[104.8451,19.18281],[104.84476,19.18281],[104.84451,19.18269],[104.84426,19.18249],[104.84274,19.18036],[104.8424,19.17986],[104.84215,19.17919],[104.8411,19.1759],[104.84108,19.17583],[104.84103,19.17566],[104.84092,19.17508],[104.84093,19.174],[104.84094,19.17371],[104.84106,19.17348],[104.84139,19.17304],[104.84186,19.17264],[104.84226,19.17235],[104.84255,19.17222],[104.84309,19.1721],[104.84727,19.17157],[104.84863,19.1717],[104.85293,19.17277],[104.85406,19.17438],[104.86235,19.18278],[104.86543,19.18556],[104.86647,19.18527],[104.87281,19.18449],[104.88064,19.18432],[104.88636,19.18372],[104.88897,19.18358],[104.9034,19.18904],[104.90444,19.19045],[104.90493,19.19078],[104.9053,19.19087],[104.90716,19.19109],[104.91167,19.19109],[104.91204,19.19095],[104.91221,19.19076],[104.91231,19.19054],[104.91303,19.18875],[104.91551,19.18077],[104.91858,19.17972],[104.92257,19.18055],[104.92558,19.18157],[104.93131,19.18578],[104.93725,19.18995],[104.93744,19.18999],[104.93947,19.19024],[104.94107,19.18913],[104.94256,19.18791],[104.94326,19.18685],[104.94401,19.18606],[104.94582,19.18507],[104.94603,19.18501],[104.95529,19.187],[104.95797,19.19009],[104.9628,19.19365],[104.9675,19.19368],[104.96768,19.19371],[104.96873,19.19418],[104.96902,19.19436],[104.96938,19.19499],[104.96949,19.19542],[104.96949,19.19597],[104.97214,19.19684],[104.97745,19.19827],[104.98023,19.19882],[104.98761,19.20143],[104.98788,19.20434],[104.98788,19.20641],[104.98776,19.2074],[104.98734,19.20821],[104.98685,19.20849],[104.9823,19.21053],[104.97698,19.21151],[104.97244,19.21955],[104.97223,19.22021],[104.97242,19.22079],[104.97548,19.22673],[104.97585,19.22691],[104.97883,19.22746],[104.98025,19.22726],[104.98194,19.22695],[104.98285,19.22685],[104.98357,19.22698],[104.98424,19.22731],[104.98448,19.22758],[104.98583,19.23248],[104.98897,19.2362],[104.98963,19.23632],[104.99036,19.23658],[104.99094,19.23696],[104.99149,19.23766],[104.99313,19.24005],[104.99328,19.24038],[104.99474,19.24507],[104.99481,19.24555],[104.99471,19.24603],[104.99338,19.24882],[104.99186,19.25028],[104.99024,19.25168],[104.98715,19.25357],[104.98463,19.25579],[104.98303,19.25728],[104.98556,19.26146],[104.98747,19.26323],[104.97691,19.26607],[104.97691,19.26612],[104.97853,19.26982],[104.97976,19.27521],[104.97904,19.27872],[104.97919,19.28607],[104.9792,19.28631],[104.97921,19.28645],[104.97923,19.28652],[104.97925,19.28657],[104.97991,19.2878],[104.98102,19.28869],[104.98232,19.28913],[104.98299,19.28921],[104.9878,19.29448],[104.99336,19.30006],[104.99625,19.30234],[104.99662,19.30344],[104.99707,19.30545],[104.99738,19.30699],[104.99597,19.31684],[104.99325,19.32032],[104.99303,19.32054],[104.99273,19.32079],[104.9923,19.32103],[104.99198,19.32118],[104.99176,19.3212],[104.9915,19.32118],[104.99126,19.32112],[104.99091,19.321],[104.99065,19.32089],[104.98947,19.32156],[104.9875,19.32269],[104.98574,19.3242],[104.98393,19.32687],[104.98391,19.32783],[104.98454,19.3289],[104.98488,19.32919],[104.98523,19.32932],[104.99222,19.33334],[104.99897,19.33812],[104.99979,19.33897],[105.00008,19.3398],[104.9991,19.34321],[104.99813,19.34467],[104.99219,19.35062],[104.99124,19.35113],[104.98887,19.35152]]]},"properties":{"commune_code":"17230","commune_name":"Xã Bình Chuẩn","commune_kind":"XA","province_code":"40","province_name":"Tỉnh Nghệ An","area_km2":182.19,"valid_from":"16/6/2025","published":"13/07/2025","area_km2_geom":182.4927681056932,"quality_flag":null,"population":4638.0,"population_wp":4593.7287324965,"anchor_ratio":1.0096373273394053,"pop_source":"WORLDPOP2025_ANCHORED_VNSDI","pop_density_ppkm2":25.41470573405867,"n_stations":1,"n_ports":6,"power_kw_site":300.0,"ports_per_10k_pop":12.936610608020699,"util_mean_port_weighted":0.013088452607135316,"dist_station_m_pop_weighted":33457.44729526243}},{"type":"Feature","geometry":{"type":"Polygon","coordinates":[[[104.99259,19.19516],[104.98761,19.20143],[104.98023,19.19882],[104.98103,19.19469],[104.98052,19.18922],[104.97994,19.18407],[104.97998,19.18044],[104.98067,19.17484],[104.98199,19.17211],[104.98276,19.16833],[104.98278,19.16812],[104.98265,19.16788],[104.98241,19.16755],[104.98201,19.16729],[104.98076,19.16657],[104.9805,19.16628],[104.98035,19.16599],[104.98036,19.16547],[104.9804,19.16522],[104.98315,19.16145],[104.97909,19.15964],[104.97853,19.1602],[104.97823,19.16039],[104.97791,19.16042],[104.97774,19.16042],[104.97757,19.16031],[104.97629,19.1593],[104.97292,19.15346],[104.97322,19.15317],[104.97376,19.15193],[104.97412,19.15044],[104.97421,19.15007],[104.97455,19.14869],[104.97455,19.14839],[104.97453,19.14817],[104.97438,19.14797],[104.97284,19.14618],[104.9726,19.14597],[104.9721,19.14572],[104.97142,19.14557],[104.97086,19.14557],[104.96707,19.1456],[104.96471,19.14592],[104.96026,19.14738],[104.95952,19.14778],[104.95897,19.14824],[104.95868,19.1486],[104.95747,19.15113],[104.95702,19.153],[104.95666,19.15486],[104.95425,19.1567],[104.95324,19.1574],[104.95161,19.15819],[104.95041,19.15822],[104.94305,19.15806],[104.94039,19.15786],[104.93324,19.15721],[104.92813,19.15633],[104.92166,19.15467],[104.91461,19.15444],[104.91161,19.1525],[104.91139,19.15197],[104.91075,19.15062],[104.91026,19.14962],[104.90999,19.14933],[104.90944,19.14892],[104.90908,19.14865],[104.90868,19.14842],[104.90791,19.1483],[104.90718,19.14822],[104.90553,19.14822],[104.90195,19.14288],[104.89956,19.13772],[104.89627,19.13243],[104.8959,19.13193],[104.89548,19.13149],[104.8944,19.13096],[104.89416,19.13086],[104.89348,19.13056],[104.89309,19.13043],[104.89254,19.13032],[104.89184,19.1302],[104.89109,19.13007],[104.89047,19.13002],[104.89,19.12998],[104.88808,19.12757],[104.88613,19.12098],[104.88467,19.119],[104.88358,19.11816],[104.88223,19.1163],[104.88185,19.11503],[104.8814,19.11348],[104.88127,19.11208],[104.88126,19.10949],[104.88129,19.10882],[104.88144,19.10861],[104.88179,19.10837],[104.88197,19.10829],[104.88248,19.10812],[104.88264,19.108],[104.88286,19.10781],[104.88342,19.10701],[104.88348,19.10682],[104.88343,19.10646],[104.8832,19.10601],[104.8805,19.10142],[104.87674,19.0965],[104.87508,19.09375],[104.87272,19.08842],[104.87191,19.08648],[104.87234,19.08619],[104.87322,19.08547],[104.87337,19.0853],[104.87368,19.08459],[104.87394,19.08384],[104.87394,19.08382],[104.87399,19.08346],[104.87403,19.08333],[104.87418,19.08303],[104.87448,19.08258],[104.87471,19.08233],[104.87646,19.08097],[104.8801,19.07888],[104.8854,19.07709],[104.89339,19.07582],[104.8952,19.0759],[104.89522,19.07608],[104.89524,19.07624],[104.89526,19.07633],[104.89529,19.07641],[104.89535,19.07654],[104.89546,19.07667],[104.89554,19.07676],[104.89561,19.07681],[104.89561,19.07682],[104.8966,19.07733],[104.89681,19.07742],[104.89697,19.07748],[104.89983,19.07845],[104.90001,19.0785],[104.90014,19.07849],[104.90027,19.07846],[104.9004,19.07838],[104.90043,19.07836],[104.90171,19.07714],[104.90195,19.07689],[104.90217,19.07661],[104.9027,19.07564],[104.90282,19.07521],[104.90303,19.07416],[104.90307,19.07388],[104.90309,19.07375],[104.90284,19.07343],[104.90192,19.07],[104.90122,19.06644],[104.90168,19.06476],[104.90491,19.0627],[104.90737,19.06127],[104.90841,19.06067],[104.91194,19.061],[104.91231,19.06102],[104.91257,19.06103],[104.914,19.06087],[104.91764,19.0598],[104.92732,19.05953],[104.93064,19.06064],[104.9311,19.06097],[104.93192,19.06169],[104.93222,19.06197],[104.935,19.06335],[104.93575,19.06282],[104.9426,19.05966],[104.9521,19.05409],[104.95508,19.05349],[104.95678,19.05419],[104.9569,19.05445],[104.95751,19.05527],[104.95777,19.05544],[104.95805,19.05556],[104.95965,19.0561],[104.96084,19.05643],[104.96298,19.05654],[104.96457,19.05604],[104.96938,19.05155],[104.97091,19.04939],[104.97531,19.05062],[104.98464,19.05792],[104.98518,19.05819],[104.98789,19.06006],[104.98825,19.06054],[104.98848,19.0612],[104.98959,19.06475],[104.99058,19.06879],[104.99281,19.07007],[104.9947,19.06948],[104.99867,19.06921],[104.99933,19.06927],[105.00108,19.07017],[105.0013,19.07038],[105.00152,19.07311],[105.00502,19.07868],[105.00519,19.0789],[105.00536,19.07942],[105.00582,19.08125],[105.00637,19.08415],[105.0065,19.0855],[105.00652,19.08674],[105.00635,19.08761],[105.0053,19.08847],[105.00488,19.08923],[105.00458,19.09005],[105.00458,19.0909],[105.00459,19.09167],[105.0046,19.09177],[105.00471,19.09299],[105.00521,19.09371],[105.00922,19.0985],[105.011,19.10024],[105.01116,19.10055],[105.01117,19.10071],[105.01113,19.10108],[105.01061,19.10227],[105.01015,19.10315],[105.00869,19.10452],[105.0094,19.1064],[105.0115,19.10996],[105.01379,19.11215],[105.01665,19.1145],[105.01729,19.11497],[105.01981,19.11622],[105.02043,19.11646],[105.02134,19.11666],[105.02219,19.11695],[105.02308,19.11779],[105.02441,19.12058],[105.02451,19.121],[105.02455,19.12154],[105.02459,19.12401],[105.02487,19.12891],[105.02621,19.13542],[105.02708,19.14227],[105.02661,19.1478],[105.02603,19.14971],[105.02517,19.1534],[105.02518,19.154],[105.0254,19.1547],[105.02628,19.15587],[105.02732,19.15663],[105.02871,19.15741],[105.03497,19.16336],[105.03837,19.16696],[105.04186,19.16967],[105.04412,19.17161],[105.04623,19.17333],[105.04806,19.17413],[105.04977,19.17523],[105.05011,19.17578],[105.05015,19.17617],[105.05008,19.17673],[105.0498,19.17796],[105.04944,19.17909],[105.049,19.18021],[105.04814,19.18134],[105.04735,19.18189],[105.04729,19.18192],[105.04383,19.18308],[105.03932,19.18396],[105.03526,19.18424],[105.02861,19.1867],[105.02359,19.19137],[105.01977,19.19515],[105.01925,19.19696],[105.01911,19.19719],[105.01893,19.19725],[105.01433,19.19749],[105.01219,19.19758],[105.00817,19.19735],[105.00641,19.19612],[105.00211,19.1934],[104.99612,19.19426],[104.99294,19.19502],[104.99259,19.19516]]]},"properties":{"commune_code":"17239","commune_name":"Xã Mậu Thạch","commune_kind":"XA","province_code":"40","province_name":"Tỉnh Nghệ An","area_km2":164.26,"valid_from":"16/6/2025","published":"13/07/2025","area_km2_geom":164.18315701437982,"quality_flag":null,"population":13200.0,"population_wp":13274.764757096767,"anchor_ratio":0.994367903426929,"pop_source":"WORLDPOP2025_ANCHORED_VNSDI","pop_density_ppkm2":80.39801548488857,"n_stations":0,"n_ports":0,"power_kw_site":0.0,"ports_per_10k_pop":0.0,"util_mean_port_weighted":null,"dist_station_m_pop_weighted":17235.7462932176}},{"type":"Feature","geometry":{"type":"Polygon","coordinates":[[[104.82137,19.21408],[104.82042,19.21451],[104.81922,19.21449],[104.81836,19.21435],[104.81473,19.21233],[104.80912,19.21092],[104.80686,19.21112],[104.80269,19.21052],[104.79946,19.20901],[104.79595,19.20676],[104.7908,19.20385],[104.78726,19.20296],[104.77705,19.20214],[104.7733,19.20199],[104.7735,19.2011],[104.77383,19.19964],[104.7754,19.19269],[104.77581,19.18748],[104.77551,19.18659],[104.7747,19.18424],[104.77413,19.18026],[104.77415,19.17929],[104.77422,19.17481],[104.77425,19.17369],[104.77445,19.17292],[104.77422,19.169],[104.77205,19.16336],[104.77369,19.15929],[104.77782,19.15097],[104.78072,19.14907],[104.78335,19.14861],[104.78559,19.14702],[104.78575,19.1469],[104.78615,19.1465],[104.78621,19.14642],[104.78632,19.14622],[104.78647,19.14509],[104.78648,19.14491],[104.78641,19.14478],[104.78494,19.14296],[104.7848,19.14292],[104.78289,19.14015],[104.77859,19.13353],[104.77915,19.13315],[104.78244,19.13103],[104.78405,19.13006],[104.78569,19.1294],[104.78839,19.12847],[104.79071,19.12752],[104.79191,19.12681],[104.79235,19.12643],[104.79288,19.12597],[104.79321,19.12568],[104.79427,19.12442],[104.79501,19.12336],[104.79502,19.12335],[104.79529,19.1227],[104.79538,19.12227],[104.79539,19.12182],[104.79538,19.12139],[104.79521,19.12101],[104.79464,19.12038],[104.7935,19.11913],[104.79207,19.11591],[104.79138,19.11174],[104.7913,19.1104],[104.7913,19.10853],[104.79138,19.10783],[104.79165,19.10707],[104.79218,19.10608],[104.79336,19.10406],[104.79449,19.10253],[104.79599,19.10086],[104.79706,19.09998],[104.79804,19.09547],[104.79817,19.09331],[104.79841,19.0928],[104.79864,19.09253],[104.80023,19.09117],[104.80116,19.09106],[104.80351,19.09528],[104.80905,19.09615],[104.81083,19.10079],[104.81116,19.10405],[104.81489,19.10669],[104.8226,19.10839],[104.82466,19.10848],[104.82508,19.10846],[104.82646,19.10652],[104.82944,19.10558],[104.83037,19.10637],[104.83243,19.10659],[104.83311,19.10663],[104.83342,19.10658],[104.83366,19.10647],[104.83487,19.10591],[104.83847,19.1042],[104.83951,19.10309],[104.83959,19.10281],[104.83972,19.10265],[104.84435,19.09913],[104.84517,19.09868],[104.8457,19.09841],[104.84614,19.09824],[104.84672,19.09809],[104.84705,19.09809],[104.84733,19.09809],[104.84765,19.09813],[104.84786,19.0982],[104.84792,19.09824],[104.84798,19.09833],[104.85039,19.09853],[104.8517,19.09844],[104.85332,19.09829],[104.85395,19.09804],[104.85756,19.09601],[104.86042,19.09269],[104.86257,19.09033],[104.86997,19.08655],[104.87079,19.08637],[104.87191,19.08648],[104.87272,19.08842],[104.87508,19.09375],[104.87674,19.0965],[104.8805,19.10142],[104.8832,19.10601],[104.88343,19.10646],[104.88348,19.10682],[104.88342,19.10701],[104.88286,19.10781],[104.88264,19.108],[104.88248,19.10812],[104.88197,19.10829],[104.88179,19.10837],[104.88144,19.10861],[104.88129,19.10882],[104.88126,19.10949],[104.88127,19.11208],[104.8814,19.11348],[104.88185,19.11503],[104.88223,19.1163],[104.88358,19.11816],[104.88467,19.119],[104.88613,19.12098],[104.88808,19.12757],[104.89,19.12998],[104.89047,19.13002],[104.89109,19.13007],[104.89184,19.1302],[104.89254,19.13032],[104.89309,19.13043],[104.89348,19.13056],[104.89416,19.13086],[104.8944,19.13096],[104.89548,19.13149],[104.8959,19.13193],[104.89627,19.13243],[104.89956,19.13772],[104.90195,19.14288],[104.90553,19.14822],[104.90718,19.14822],[104.90791,19.1483],[104.90868,19.14842],[104.90908,19.14865],[104.90944,19.14892],[104.90999,19.14933],[104.91026,19.14962],[104.91075,19.15062],[104.91139,19.15197],[104.91161,19.1525],[104.91461,19.15444],[104.92166,19.15467],[104.92813,19.15633],[104.93324,19.15721],[104.94039,19.15786],[104.94305,19.15806],[104.95041,19.15822],[104.95161,19.15819],[104.95324,19.1574],[104.95425,19.1567],[104.95666,19.15486],[104.95702,19.153],[104.95747,19.15113],[104.95868,19.1486],[104.95897,19.14824],[104.95952,19.14778],[104.96026,19.14738],[104.96471,19.14592],[104.96707,19.1456],[104.97086,19.14557],[104.97142,19.14557],[104.9721,19.14572],[104.9726,19.14597],[104.97284,19.14618],[104.97438,19.14797],[104.97453,19.14817],[104.97455,19.14839],[104.97455,19.14869],[104.97421,19.15007],[104.97412,19.15044],[104.97376,19.15193],[104.97322,19.15317],[104.97292,19.15346],[104.97629,19.1593],[104.97757,19.16031],[104.97774,19.16042],[104.97791,19.16042],[104.97823,19.16039],[104.97853,19.1602],[104.97909,19.15964],[104.98315,19.16145],[104.9804,19.16522],[104.98036,19.16547],[104.98035,19.16599],[104.9805,19.16628],[104.98076,19.16657],[104.98201,19.16729],[104.98241,19.16755],[104.98265,19.16788],[104.98278,19.16812],[104.98276,19.16833],[104.98199,19.17211],[104.98067,19.17484],[104.97998,19.18044],[104.97994,19.18407],[104.98052,19.18922],[104.98103,19.19469],[104.98023,19.19882],[104.97745,19.19827],[104.97214,19.19684],[104.96949,19.19597],[104.96949,19.19542],[104.96938,19.19499],[104.96902,19.19436],[104.96873,19.19418],[104.96768,19.19371],[104.9675,19.19368],[104.9628,19.19365],[104.95797,19.19009],[104.95529,19.187],[104.94603,19.18501],[104.94582,19.18507],[104.94401,19.18606],[104.94326,19.18685],[104.94256,19.18791],[104.94107,19.18913],[104.93947,19.19024],[104.93744,19.18999],[104.93725,19.18995],[104.93131,19.18578],[104.92558,19.18157],[104.92257,19.18055],[104.91858,19.17972],[104.91551,19.18077],[104.91303,19.18875],[104.91231,19.19054],[104.91221,19.19076],[104.91204,19.19095],[104.91167,19.19109],[104.90716,19.19109],[104.9053,19.19087],[104.90493,19.19078],[104.90444,19.19045],[104.9034,19.18904],[104.88897,19.18358],[104.88636,19.18372],[104.88064,19.18432],[104.87281,19.18449],[104.86647,19.18527],[104.86543,19.18556],[104.86235,19.18278],[104.85406,19.17438],[104.85293,19.17277],[104.84863,19.1717],[104.84727,19.17157],[104.84309,19.1721],[104.84255,19.17222],[104.84226,19.17235],[104.84186,19.17264],[104.84139,19.17304],[104.84106,19.17348],[104.84094,19.17371],[104.84093,19.174],[104.84092,19.17508],[104.84103,19.17566],[104.84108,19.17583],[104.8411,19.1759],[104.84215,19.17919],[104.8424,19.17986],[104.84274,19.18036],[104.84426,19.18249],[104.84451,19.18269],[104.84476,19.18281],[104.8451,19.18281],[104.84565,19.18263],[104.84896,19.18561],[104.85115,19.18962],[104.85029,19.19192],[104.84639,19.1958],[104.84355,19.19829],[104.8412,19.20207],[104.83874,19.20842],[104.83855,19.20929],[104.83717,19.21004],[104.83003,19.21021],[104.82473,19.21016],[104.82395,19.21022],[104.82343,19.21083],[104.82137,19.21408]]]},"properties":{"commune_code":"17242","commune_name":"Xã Cam Phục","commune_kind":"XA","province_code":"40","province_name":"Tỉnh Nghệ An","area_km2":162.43,"valid_from":"16/6/2025","published":"13/07/2025","area_km2_geom":161.3699492653162,"quality_flag":null,"population":7412.0,"population_wp":7221.641823139042,"anchor_ratio":1.0263594043463948,"pop_source":"WORLDPOP2025_ANCHORED_VNSDI","pop_density_ppkm2":45.931724176312215,"n_stations":0,"n_ports":0,"power_kw_site":0.0,"ports_per_10k_pop":0.0,"util_mean_port_weighted":null,"dist_station_m_pop_weighted":14643.344166674582}},{"type":"Feature","geometry":{"type":"Polygon","coordinates":[[[104.76462,19.21349],[104.7622,19.21362],[104.76122,19.21321],[104.76003,19.21253],[104.75578,19.20572],[104.75578,19.20506],[104.75578,19.20494],[104.75559,19.20423],[104.75521,19.20363],[104.75452,19.20327],[104.74779,19.20111],[104.74572,19.20069],[104.74269,19.20086],[104.74108,19.20086],[104.73974,19.20086],[104.73818,19.2007],[104.73665,19.20055],[104.73401,19.19983],[104.73199,19.19917],[104.73189,19.19526],[104.73185,19.19477],[104.73147,19.19268],[104.73099,19.1917],[104.73038,19.19113],[104.72936,19.1905],[104.72815,19.19003],[104.7264,19.18911],[104.72344,19.18739],[104.72345,19.18549],[104.72327,19.18463],[104.72236,19.18245],[104.72128,19.18038],[104.71995,19.17809],[104.71929,19.17671],[104.7196,19.17217],[104.72011,19.16645],[104.72244,19.16218],[104.72324,19.16109],[104.72374,19.1604],[104.72346,19.1588],[104.72328,19.15813],[104.72287,19.15723],[104.72237,19.15645],[104.72066,19.15385],[104.71846,19.15086],[104.71626,19.14706],[104.71621,19.14607],[104.71616,19.14182],[104.71536,19.14099],[104.71494,19.1403],[104.71477,19.13975],[104.71471,19.13918],[104.71479,19.13823],[104.71506,19.13749],[104.71541,19.13693],[104.71606,19.13641],[104.71652,19.13622],[104.71689,19.13607],[104.71774,19.1338],[104.71855,19.13063],[104.71865,19.13],[104.71861,19.12958],[104.71851,19.12931],[104.71825,19.12885],[104.71801,19.12845],[104.71763,19.12808],[104.71331,19.12361],[104.71062,19.11893],[104.71014,19.11845],[104.70728,19.1178],[104.70395,19.11532],[104.70387,19.11241],[104.70364,19.11164],[104.70264,19.10873],[104.70224,19.10867],[104.69915,19.10825],[104.69357,19.10402],[104.68615,19.09823],[104.68161,19.09417],[104.6806,19.09268],[104.67908,19.08996],[104.67898,19.08943],[104.67902,19.08875],[104.67995,19.08596],[104.6791,19.08369],[104.67566,19.07827],[104.67514,19.07773],[104.67372,19.07715],[104.67141,19.07634],[104.66719,19.0758],[104.66618,19.07491],[104.66581,19.0742],[104.66641,19.07281],[104.66632,19.07059],[104.66537,19.06793],[104.66418,19.06623],[104.66154,19.06323],[104.65838,19.06164],[104.65734,19.0617],[104.65642,19.06166],[104.65582,19.06125],[104.6504,19.05708],[104.64998,19.05622],[104.64948,19.05224],[104.64869,19.05062],[104.64536,19.04651],[104.64221,19.04223],[104.64105,19.04034],[104.64089,19.03916],[104.64057,19.03823],[104.64039,19.03807],[104.64004,19.03776],[104.63893,19.0376],[104.63508,19.03866],[104.62946,19.03793],[104.62807,19.0367],[104.62677,19.03577],[104.62495,19.03514],[104.62074,19.03435],[104.61618,19.03073],[104.611,19.02878],[104.6076,19.02823],[104.606,19.02795],[104.60154,19.0261],[104.59893,19.02495],[104.59832,19.02441],[104.59595,19.02139],[104.59475,19.01993],[104.59458,19.01978],[104.59414,19.01964],[104.59247,19.01953],[104.58894,19.021],[104.58468,19.02338],[104.58343,19.02403],[104.58275,19.02426],[104.58162,19.02426],[104.58046,19.02416],[104.57971,19.02404],[104.57899,19.02348],[104.57835,19.02314],[104.57669,19.02233],[104.57588,19.02224],[104.57501,19.02245],[104.57192,19.02365],[104.5679,19.02532],[104.56521,19.02609],[104.56464,19.0262],[104.56408,19.02605],[104.56259,19.02502],[104.56124,19.02316],[104.56124,19.02242],[104.56183,19.01918],[104.56158,19.01605],[104.55912,19.0124],[104.55805,19.01107],[104.55702,19.01017],[104.55562,19.00905],[104.5517,19.00632],[104.54777,19.00367],[104.54722,19.00323],[104.5465,19.00218],[104.54637,19.00177],[104.54644,19.00124],[104.54687,19.00031],[104.54331,18.99643],[104.53633,18.9919],[104.5324,18.98808],[104.52949,18.98562],[104.52951,18.98562],[104.52955,18.98561],[104.52959,18.98561],[104.52979,18.98552],[104.52998,18.98542],[104.53029,18.98524],[104.53041,18.98517],[104.53047,18.98512],[104.53094,18.98476],[104.53121,18.98447],[104.53166,18.98402],[104.53194,18.98367],[104.53199,18.98359],[104.53215,18.98334],[104.53221,18.98324],[104.53237,18.983],[104.53266,18.98271],[104.53326,18.98225],[104.53368,18.98201],[104.53423,18.98177],[104.53507,18.98142],[104.5353,18.9813],[104.53537,18.98127],[104.53568,18.9811],[104.53594,18.98089],[104.53615,18.98063],[104.5364,18.98018],[104.53645,18.98009],[104.53658,18.9798],[104.53675,18.97944],[104.53694,18.97903],[104.53705,18.97886],[104.53722,18.97864],[104.5373,18.97858],[104.53768,18.97823],[104.53784,18.97814],[104.53816,18.97799],[104.53834,18.97794],[104.53897,18.97769],[104.53945,18.97742],[104.53978,18.9772],[104.54149,18.97626],[104.54166,18.97613],[104.542,18.9758],[104.54239,18.97536],[104.5425,18.97522],[104.54264,18.97503],[104.54278,18.97486],[104.54383,18.97309],[104.54395,18.97285],[104.54406,18.97252],[104.54426,18.97127],[104.54431,18.97102],[104.54506,18.96794],[104.5451,18.96778],[104.54542,18.96563],[104.54543,18.9655],[104.54543,18.96521],[104.5452,18.96354],[104.5449,18.96219],[104.54489,18.9621],[104.54473,18.96134],[104.54461,18.96089],[104.54437,18.96046],[104.544,18.96001],[104.54368,18.95957],[104.54365,18.95945],[104.54366,18.95931],[104.54372,18.95923],[104.54409,18.95893],[104.54427,18.95872],[104.54443,18.95837],[104.54473,18.95769],[104.54495,18.95717],[104.54533,18.95567],[104.54562,18.95462],[104.54584,18.95417],[104.54627,18.95366],[104.54684,18.95315],[104.54777,18.95243],[104.5487,18.95156],[104.54896,18.95115],[104.54918,18.95061],[104.54945,18.94995],[104.54984,18.94926],[104.55033,18.94866],[104.5515,18.94777],[104.55174,18.94764],[104.55213,18.94741],[104.55355,18.94664],[104.55416,18.94627],[104.55454,18.9459],[104.55478,18.9456],[104.55508,18.94516],[104.55613,18.94356],[104.55628,18.94335],[104.5567,18.94261],[104.55684,18.94228],[104.55696,18.94191],[104.55719,18.94131],[104.55732,18.94108],[104.55749,18.94094],[104.55767,18.94085],[104.558,18.94081],[104.55879,18.9408],[104.55967,18.9407],[104.56072,18.94054],[104.56097,18.94044],[104.56128,18.94031],[104.56158,18.94007],[104.56185,18.93941],[104.56253,18.93805],[104.56392,18.93586],[104.56522,18.9339],[104.56544,18.93348],[104.56551,18.93314],[104.56548,18.93248],[104.56524,18.93078],[104.56517,18.93032],[104.56517,18.92984],[104.56521,18.92936],[104.56532,18.92902],[104.56587,18.92776],[104.5661,18.92723],[104.56641,18.9267],[104.56677,18.92612],[104.5673,18.92542],[104.56884,18.92341],[104.56951,18.92268],[104.57147,18.92093],[104.57182,18.92058],[104.572,18.92033],[104.57217,18.92002],[104.57226,18.91969],[104.57238,18.91929],[104.57247,18.91847],[104.57248,18.91798],[104.57248,18.91723],[104.57245,18.91677],[104.5724,18.91615],[104.57243,18.91579],[104.57257,18.91555],[104.57275,18.91538],[104.57347,18.91508],[104.57494,18.91443],[104.57572,18.91399],[104.57614,18.91362],[104.57684,18.91281],[104.57732,18.91223],[104.57778,18.91149],[104.57793,18.91095],[104.57844,18.90836],[104.57858,18.90648],[104.57849,18.90417],[104.57854,18.90319],[104.57917,18.90252],[104.5793,18.90201],[104.57945,18.90165],[104.57966,18.90112],[104.58006,18.90132],[104.58032,18.90156],[104.58049,18.90178],[104.58102,18.90215],[104.58144,18.90247],[104.58187,18.9026],[104.58236,18.90266],[104.58266,18.90266],[104.58343,18.90253],[104.58417,18.90259],[104.58471,18.90271],[104.5857,18.90313],[104.5868,18.90367],[104.58783,18.90392],[104.58835,18.90393],[104.58885,18.90388],[104.58939,18.90369],[104.58992,18.90343],[104.59138,18.90276],[104.59181,18.90253],[104.59326,18.90176],[104.59365,18.90152],[104.59406,18.90111],[104.59491,18.89986],[104.59524,18.89939],[104.59555,18.899],[104.59567,18.89886],[104.59606,18.89858],[104.59633,18.89843],[104.5969,18.89819],[104.59805,18.89774],[104.5991,18.89723],[104.59957,18.89711],[104.60049,18.89698],[104.6013,18.89697],[104.60329,18.89673],[104.6042,18.89649],[104.60503,18.89615],[104.60585,18.89565],[104.60642,18.89527],[104.60741,18.8946],[104.60849,18.8937],[104.60897,18.89339],[104.60975,18.89316],[104.6106,18.89312],[104.61235,18.8931],[104.61347,18.89338],[104.61366,18.89342],[104.61488,18.89368],[104.61525,18.89375],[104.61572,18.89375],[104.61608,18.89374],[104.61661,18.89358],[104.61693,18.89336],[104.61729,18.8929],[104.61744,18.89272],[104.61814,18.89212],[104.61835,18.89194],[104.61893,18.89174],[104.61953,18.89175],[104.62027,18.89178],[104.62062,18.89178],[104.62078,18.89176],[104.62103,18.89159],[104.62137,18.89129],[104.62173,18.89083],[104.62189,18.89068],[104.62248,18.89012],[104.62299,18.88976],[104.62358,18.88939],[104.62383,18.88927],[104.62556,18.88877],[104.62747,18.88814],[104.62814,18.88783],[104.62856,18.88735],[104.62878,18.88709],[104.62889,18.88698],[104.62896,18.8866],[104.62908,18.886],[104.62909,18.8855],[104.62902,18.88505],[104.62882,18.88437],[104.62748,18.88127],[104.62718,18.88037],[104.6271,18.87977],[104.62716,18.87947],[104.62728,18.87914],[104.62756,18.87887],[104.62907,18.8772],[104.62926,18.87698],[104.63116,18.87517],[104.63131,18.87505],[104.63232,18.87457],[104.63338,18.87406],[104.63375,18.87377],[104.63403,18.87337],[104.63447,18.8726],[104.6349,18.872],[104.63525,18.87157],[104.6358,18.87073],[104.63624,18.86993],[104.63653,18.86966],[104.63688,18.86943],[104.6378,18.86909],[104.63884,18.86898],[104.63903,18.86897],[104.64213,18.86892],[104.64431,18.86867],[104.64556,18.86845],[104.64661,18.86816],[104.64885,18.86739],[104.64974,18.8671],[104.65041,18.86689],[104.651,18.8666],[104.65159,18.86617],[104.65201,18.8658],[104.65265,18.86526],[104.65295,18.86513],[104.65351,18.86504],[104.65441,18.86511],[104.65499,18.86505],[104.65542,18.86514],[104.6561,18.86466],[104.65643,18.86373],[104.65688,18.86287],[104.65827,18.85991],[104.65872,18.85921],[104.65896,18.85894],[104.65945,18.85849],[104.65989,18.85811],[104.66052,18.85778],[104.66112,18.85775],[104.66208,18.85767],[104.66249,18.85758],[104.66262,18.85754],[104.66339,18.85716],[104.66363,18.857],[104.66456,18.8564],[104.66554,18.85574],[104.66579,18.85558],[104.66642,18.85487],[104.66662,18.85465],[104.66688,18.85442],[104.66787,18.8537],[104.66823,18.85353],[104.66861,18.85331],[104.66863,18.8533],[104.66886,18.85313],[104.67098,18.85467],[104.67534,18.85844],[104.67813,18.86048],[104.68209,18.86327],[104.68273,18.86361],[104.68284,18.86366],[104.68292,18.86369],[104.68472,18.86428],[104.68488,18.86433],[104.68514,18.86441],[104.68533,18.86444],[104.68554,18.86447],[104.68582,18.86451],[104.68587,18.86452],[104.68597,18.86453],[104.68671,18.8646],[104.68675,18.8646],[104.68677,18.8646],[104.68699,18.86461],[104.6871,18.8646],[104.68719,18.86459],[104.68737,18.86455],[104.68755,18.86449],[104.68777,18.8644],[104.69103,18.86629],[104.69417,18.86999],[104.69873,18.87578],[104.70564,18.88441],[104.70592,18.8848],[104.70733,18.88714],[104.70925,18.89096],[104.71205,18.8948],[104.71351,18.89649],[104.7146,18.89796],[104.71593,18.90104],[104.71602,18.90131],[104.71612,18.90165],[104.71616,18.90187],[104.71629,18.90346],[104.71955,18.90714],[104.72237,18.91004],[104.72657,18.91232],[104.73314,18.91164],[104.74146,18.91063],[104.74582,18.90972],[104.74874,18.90909],[104.75059,18.90792],[104.75204,18.90709],[104.75618,18.90517],[104.76284,18.90263],[104.76343,18.90244],[104.76381,18.90232],[104.76418,18.90228],[104.76439,18.90228],[104.76452,18.90231],[104.76706,18.90309],[104.76797,18.90394],[104.77217,18.91025],[104.77391,18.91324],[104.77389,18.91438],[104.77242,18.91998],[104.7714,18.92303],[104.77021,18.92589],[104.76858,18.92885],[104.76727,18.93032],[104.76543,18.9324],[104.76524,18.93274],[104.7652,18.93302],[104.76528,18.9337],[104.76555,18.93485],[104.76672,18.93776],[104.77141,18.94486],[104.773,18.94693],[104.77295,18.94881],[104.77287,18.94918],[104.77269,18.94958],[104.77244,18.94993],[104.77111,18.9516],[104.77002,18.95308],[104.76925,18.95477],[104.76823,18.95741],[104.76685,18.96151],[104.76691,18.96157],[104.76743,18.96203],[104.76746,18.96206],[104.7675,18.96209],[104.76808,18.96256],[104.77527,18.96967],[104.77726,18.97139],[104.7786,18.97232],[104.78257,18.97499],[104.78631,18.97655],[104.79091,18.97753],[104.79313,18.97665],[104.79323,18.97651],[104.79346,18.97629],[104.79362,18.97619],[104.79385,18.97609],[104.79411,18.97601],[104.79434,18.97601],[104.79468,18.97617],[104.79601,18.97723],[104.79616,18.97735],[104.79662,18.97785],[104.7967,18.97796],[104.79689,18.97836],[104.797,18.97866],[104.79752,18.98075],[104.79761,18.98122],[104.79766,18.98147],[104.79777,18.98278],[104.79792,18.98385],[104.79827,18.98473],[104.79848,18.98499],[104.7988,18.98524],[104.80004,18.98597],[104.80139,18.98794],[104.80153,18.98837],[104.80162,18.98901],[104.80164,18.98922],[104.80148,18.99124],[104.80143,18.99147],[104.80101,18.9922],[104.79619,19.0006],[104.79473,19.00216],[104.79407,19.00389],[104.79348,19.00635],[104.79345,19.0066],[104.79344,19.00683],[104.79357,19.00835],[104.78653,19.01827],[104.7807,19.02351],[104.77375,19.02961],[104.77325,19.03012],[104.77269,19.0308],[104.77243,19.03115],[104.77188,19.03208],[104.77183,19.03231],[104.77183,19.03273],[104.7719,19.03314],[104.77205,19.0335],[104.77225,19.03389],[104.77299,19.03471],[104.77813,19.03936],[104.77849,19.03955],[104.78115,19.04446],[104.78231,19.05202],[104.7827,19.05524],[104.78369,19.06444],[104.78366,19.06693],[104.78357,19.06849],[104.78083,19.07726],[104.78064,19.07764],[104.78052,19.07822],[104.78052,19.07873],[104.78056,19.0789],[104.78071,19.07908],[104.7848,19.08279],[104.78771,19.0853],[104.79166,19.08847],[104.79774,19.09306],[104.79807,19.09326],[104.79817,19.09331],[104.79804,19.09547],[104.79706,19.09998],[104.79599,19.10086],[104.79449,19.10253],[104.79336,19.10406],[104.79218,19.10608],[104.79165,19.10707],[104.79138,19.10783],[104.7913,19.10853],[104.7913,19.1104],[104.79138,19.11174],[104.79207,19.11591],[104.7935,19.11913],[104.79464,19.12038],[104.79521,19.12101],[104.79538,19.12139],[104.79539,19.12182],[104.79538,19.12227],[104.79529,19.1227],[104.79502,19.12335],[104.79501,19.12336],[104.79427,19.12442],[104.79321,19.12568],[104.79288,19.12597],[104.79235,19.12643],[104.79191,19.12681],[104.79071,19.12752],[104.78839,19.12847],[104.78569,19.1294],[104.78405,19.13006],[104.78244,19.13103],[104.77915,19.13315],[104.77859,19.13353],[104.78289,19.14015],[104.7848,19.14292],[104.78494,19.14296],[104.78641,19.14478],[104.78648,19.14491],[104.78647,19.14509],[104.78632,19.14622],[104.78621,19.14642],[104.78615,19.1465],[104.78575,19.1469],[104.78559,19.14702],[104.78335,19.14861],[104.78072,19.14907],[104.77782,19.15097],[104.77369,19.15929],[104.77205,19.16336],[104.77422,19.169],[104.77445,19.17292],[104.77425,19.17369],[104.77422,19.17481],[104.77415,19.17929],[104.77413,19.18026],[104.7747,19.18424],[104.77551,19.18659],[104.77581,19.18748],[104.7754,19.19269],[104.77383,19.19964],[104.7735,19.2011],[104.7733,19.20199],[104.77042,19.20394],[104.76967,19.20447],[104.76916,19.20519],[104.76885,19.20585],[104.76883,19.2063],[104.76878,19.20734],[104.76878,19.20771],[104.76878,19.20955],[104.76909,19.21081],[104.76816,19.21339],[104.76462,19.21349]]]},"properties":{"commune_code":"17248","commune_name":"Xã Châu Khê","commune_kind":"XA","province_code":"40","province_name":"Tỉnh Nghệ An","area_km2":544.31,"valid_from":"16/6/2025","published":"13/07/2025","area_km2_geom":544.2801360546778,"quality_flag":null,"population":12210.000000000002,"population_wp":11091.308077044785,"anchor_ratio":1.100862036757461,"pop_source":"WORLDPOP2025_ANCHORED_VNSDI","pop_density_ppkm2":22.43330077872509,"n_stations":0,"n_ports":0,"power_kw_site":0.0,"ports_per_10k_pop":0.0,"util_mean_port_weighted":null,"dist_station_m_pop_weighted":16224.616748246592}},{"type":"Feature","geometry":{"type":"Polygon","coordinates":[[[104.82508,19.10846],[104.82466,19.10848],[104.8226,19.10839],[104.81489,19.10669],[104.81116,19.10405],[104.81083,19.10079],[104.80905,19.09615],[104.80351,19.09528],[104.80116,19.09106],[104.80023,19.09117],[104.79864,19.09253],[104.79841,19.0928],[104.79817,19.09331],[104.79807,19.09326],[104.79774,19.09306],[104.79166,19.08847],[104.78771,19.0853],[104.7848,19.08279],[104.78071,19.07908],[104.78056,19.0789],[104.78052,19.07873],[104.78052,19.07822],[104.78064,19.07764],[104.78083,19.07726],[104.78357,19.06849],[104.78366,19.06693],[104.78369,19.06444],[104.7827,19.05524],[104.78231,19.05202],[104.78115,19.04446],[104.77849,19.03955],[104.77813,19.03936],[104.77299,19.03471],[104.77225,19.03389],[104.77205,19.0335],[104.7719,19.03314],[104.77183,19.03273],[104.77183,19.03231],[104.77188,19.03208],[104.77243,19.03115],[104.77269,19.0308],[104.77325,19.03012],[104.77375,19.02961],[104.7807,19.02351],[104.78653,19.01827],[104.79357,19.00835],[104.79344,19.00683],[104.79345,19.0066],[104.79348,19.00635],[104.79407,19.00389],[104.79473,19.00216],[104.79619,19.0006],[104.80101,18.9922],[104.80143,18.99147],[104.80148,18.99124],[104.80164,18.98922],[104.80162,18.98901],[104.80153,18.98837],[104.80139,18.98794],[104.80004,18.98597],[104.80426,18.98752],[104.80933,18.98774],[104.82116,18.98962],[104.82879,18.9891],[104.83503,18.987],[104.84264,18.98871],[104.84835,18.98993],[104.85066,18.99032],[104.85507,18.99064],[104.85725,18.99017],[104.85929,18.98941],[104.85949,18.98929],[104.85964,18.98922],[104.85977,18.9892],[104.85992,18.98919],[104.86037,18.98922],[104.86093,18.9893],[104.86156,18.98951],[104.86449,18.99229],[104.86834,18.9976],[104.86891,18.99861],[104.86936,18.99953],[104.8694,18.99958],[104.86947,18.9997],[104.86967,18.99995],[104.86977,19.00004],[104.87102,19.00103],[104.8711,19.00108],[104.87142,19.00118],[104.87166,19.00121],[104.87185,19.00118],[104.87294,19.0008],[104.88253,18.99711],[104.88686,18.99541],[104.88925,18.99311],[104.89392,18.99115],[104.89749,18.99148],[104.90799,18.99193],[104.90838,18.99198],[104.90919,18.99214],[104.90965,18.99226],[104.91147,18.99292],[104.91247,18.99344],[104.91261,18.99368],[104.91267,18.99436],[104.91261,18.99465],[104.91234,18.99481],[104.91183,18.99497],[104.91161,18.99516],[104.91155,18.99529],[104.91268,18.99616],[104.91287,18.99629],[104.91303,18.99638],[104.91321,18.99647],[104.91507,18.99697],[104.91509,18.99697],[104.91522,18.99698],[104.91597,18.9969],[104.91608,18.99688],[104.91615,18.99687],[104.91784,18.99616],[104.91792,18.99611],[104.91871,18.9955],[104.91904,18.99519],[104.91913,18.99507],[104.91918,18.99494],[104.9222,18.99356],[104.92785,18.99454],[104.92936,18.99624],[104.93256,18.99661],[104.93501,18.99685],[104.93556,19.00172],[104.93662,19.00548],[104.93741,19.00824],[104.93869,19.01304],[104.93884,19.01444],[104.93884,19.0148],[104.93862,19.01572],[104.93808,19.01621],[104.93646,19.01703],[104.93562,19.01718],[104.93519,19.01714],[104.93314,19.01651],[104.93244,19.01624],[104.93208,19.01635],[104.92878,19.0192],[104.92769,19.02085],[104.92622,19.02346],[104.92602,19.02405],[104.9258,19.02543],[104.92578,19.02564],[104.92688,19.03122],[104.93045,19.03346],[104.93112,19.03428],[104.93087,19.03553],[104.93052,19.03657],[104.93278,19.03691],[104.93391,19.03677],[104.93532,19.03649],[104.93671,19.03594],[104.93789,19.03552],[104.93686,19.03749],[104.93551,19.03985],[104.93462,19.04097],[104.93378,19.04178],[104.93289,19.04237],[104.93191,19.04271],[104.93065,19.04286],[104.92872,19.04271],[104.92655,19.0426],[104.92549,19.04267],[104.92415,19.04297],[104.92267,19.04347],[104.92018,19.04459],[104.91885,19.04519],[104.91707,19.04552],[104.91587,19.04556],[104.91457,19.0453],[104.91308,19.04466],[104.91089,19.04342],[104.90946,19.04285],[104.90845,19.04265],[104.90713,19.04252],[104.90581,19.04247],[104.90317,19.04293],[104.90282,19.04301],[104.90064,19.0437],[104.89929,19.04442],[104.9006,19.05095],[104.90098,19.05203],[104.90158,19.05318],[104.90281,19.05445],[104.90431,19.05547],[104.90477,19.05579],[104.9057,19.05679],[104.90686,19.05818],[104.90703,19.05846],[104.90841,19.06067],[104.90737,19.06127],[104.90491,19.0627],[104.90168,19.06476],[104.90122,19.06644],[104.90192,19.07],[104.90284,19.07343],[104.90309,19.07375],[104.90307,19.07388],[104.90303,19.07416],[104.90282,19.07521],[104.9027,19.07564],[104.90217,19.07661],[104.90195,19.07689],[104.90171,19.07714],[104.90043,19.07836],[104.9004,19.07838],[104.90027,19.07846],[104.90014,19.07849],[104.90001,19.0785],[104.89983,19.07845],[104.89697,19.07748],[104.89681,19.07742],[104.8966,19.07733],[104.89561,19.07682],[104.89561,19.07681],[104.89554,19.07676],[104.89546,19.07667],[104.89535,19.07654],[104.89529,19.07641],[104.89526,19.07633],[104.89524,19.07624],[104.89522,19.07608],[104.8952,19.0759],[104.89339,19.07582],[104.8854,19.07709],[104.8801,19.07888],[104.87646,19.08097],[104.87471,19.08233],[104.87448,19.08258],[104.87418,19.08303],[104.87403,19.08333],[104.87399,19.08346],[104.87394,19.08382],[104.87394,19.08384],[104.87368,19.08459],[104.87337,19.0853],[104.87322,19.08547],[104.87234,19.08619],[104.87191,19.08648],[104.87079,19.08637],[104.86997,19.08655],[104.86257,19.09033],[104.86042,19.09269],[104.85756,19.09601],[104.85395,19.09804],[104.85332,19.09829],[104.8517,19.09844],[104.85039,19.09853],[104.84798,19.09833],[104.84792,19.09824],[104.84786,19.0982],[104.84765,19.09813],[104.84733,19.09809],[104.84705,19.09809],[104.84672,19.09809],[104.84614,19.09824],[104.8457,19.09841],[104.84517,19.09868],[104.84435,19.09913],[104.83972,19.10265],[104.83959,19.10281],[104.83951,19.10309],[104.83847,19.1042],[104.83487,19.10591],[104.83366,19.10647],[104.83342,19.10658],[104.83311,19.10663],[104.83243,19.10659],[104.83037,19.10637],[104.82944,19.10558],[104.82646,19.10652],[104.82508,19.10846]]]},"properties":{"commune_code":"17254","commune_name":"Xã Con Cuông","commune_kind":"XA","province_code":"40","province_name":"Tỉnh Nghệ An","area_km2":155.45,"valid_from":"16/6/2025","published":"13/07/2025","area_km2_geom":156.31188153825346,"quality_flag":null,"population":26043.0,"population_wp":29565.368560753763,"anchor_ratio":0.8808616725505836,"pop_source":"WORLDPOP2025_ANCHORED_VNSDI","pop_density_ppkm2":166.6092157788186,"n_stations":1,"n_ports":20,"power_kw_site":617.5,"ports_per_10k_pop":7.6796068041316286,"util_mean_port_weighted":0.027498063516653758,"dist_station_m_pop_weighted":6631.246079551825}},{"type":"Feature","geometry":{"type":"Polygon","coordinates":[[[104.87185,19.00118],[104.87166,19.00121],[104.87142,19.00118],[104.8711,19.00108],[104.87102,19.00103],[104.86977,19.00004],[104.86967,18.99995],[104.86947,18.9997],[104.8694,18.99958],[104.86936,18.99953],[104.86891,18.99861],[104.86834,18.9976],[104.86449,18.99229],[104.86156,18.98951],[104.86093,18.9893],[104.86037,18.98922],[104.85992,18.98919],[104.85977,18.9892],[104.85964,18.98922],[104.85949,18.98929],[104.85929,18.98941],[104.85725,18.99017],[104.85507,18.99064],[104.85066,18.99032],[104.84835,18.98993],[104.84264,18.98871],[104.83503,18.987],[104.82879,18.9891],[104.82116,18.98962],[104.80933,18.98774],[104.80426,18.98752],[104.80004,18.98597],[104.7988,18.98524],[104.79848,18.98499],[104.79827,18.98473],[104.79792,18.98385],[104.79777,18.98278],[104.79766,18.98147],[104.79761,18.98122],[104.79752,18.98075],[104.797,18.97866],[104.79689,18.97836],[104.7967,18.97796],[104.79662,18.97785],[104.79616,18.97735],[104.79601,18.97723],[104.79468,18.97617],[104.79434,18.97601],[104.79411,18.97601],[104.79385,18.97609],[104.79362,18.97619],[104.79346,18.97629],[104.79323,18.97651],[104.79313,18.97665],[104.79091,18.97753],[104.78631,18.97655],[104.78257,18.97499],[104.7786,18.97232],[104.77726,18.97139],[104.77527,18.96967],[104.76808,18.96256],[104.7675,18.96209],[104.76746,18.96206],[104.76743,18.96203],[104.76691,18.96157],[104.76685,18.96151],[104.76823,18.95741],[104.76925,18.95477],[104.77002,18.95308],[104.77111,18.9516],[104.77244,18.94993],[104.77269,18.94958],[104.77287,18.94918],[104.77295,18.94881],[104.773,18.94693],[104.77141,18.94486],[104.76672,18.93776],[104.76555,18.93485],[104.76528,18.9337],[104.7652,18.93302],[104.76524,18.93274],[104.76543,18.9324],[104.76727,18.93032],[104.76858,18.92885],[104.77021,18.92589],[104.7714,18.92303],[104.77242,18.91998],[104.77389,18.91438],[104.77391,18.91324],[104.77217,18.91025],[104.76797,18.90394],[104.76706,18.90309],[104.76452,18.90231],[104.76439,18.90228],[104.76418,18.90228],[104.76381,18.90232],[104.76343,18.90244],[104.76284,18.90263],[104.75618,18.90517],[104.75204,18.90709],[104.75059,18.90792],[104.74874,18.90909],[104.74582,18.90972],[104.74146,18.91063],[104.73314,18.91164],[104.72657,18.91232],[104.72237,18.91004],[104.71955,18.90714],[104.71629,18.90346],[104.71616,18.90187],[104.71612,18.90165],[104.71602,18.90131],[104.71593,18.90104],[104.7146,18.89796],[104.71351,18.89649],[104.71205,18.8948],[104.70925,18.89096],[104.70733,18.88714],[104.70592,18.8848],[104.70564,18.88441],[104.69873,18.87578],[104.69417,18.86999],[104.69103,18.86629],[104.68777,18.8644],[104.68755,18.86449],[104.68737,18.86455],[104.68719,18.86459],[104.6871,18.8646],[104.68699,18.86461],[104.68677,18.8646],[104.68675,18.8646],[104.68671,18.8646],[104.68597,18.86453],[104.68587,18.86452],[104.68582,18.86451],[104.68554,18.86447],[104.68533,18.86444],[104.68514,18.86441],[104.68488,18.86433],[104.68472,18.86428],[104.68292,18.86369],[104.68284,18.86366],[104.68273,18.86361],[104.68209,18.86327],[104.67813,18.86048],[104.67534,18.85844],[104.67098,18.85467],[104.66886,18.85313],[104.66906,18.85299],[104.66941,18.85266],[104.66943,18.85263],[104.6696,18.85242],[104.66973,18.85216],[104.66987,18.85156],[104.67,18.85053],[104.67004,18.8498],[104.67009,18.8496],[104.67017,18.84918],[104.67017,18.84864],[104.66996,18.84811],[104.66949,18.84746],[104.66896,18.84682],[104.66888,18.84659],[104.66885,18.84638],[104.66886,18.84619],[104.66892,18.84604],[104.66907,18.84586],[104.66955,18.84557],[104.67104,18.84461],[104.67137,18.84434],[104.67169,18.84407],[104.67187,18.84402],[104.67216,18.84393],[104.67339,18.84345],[104.67393,18.84285],[104.67402,18.8409],[104.67512,18.83889],[104.67557,18.83827],[104.67599,18.83783],[104.67647,18.83749],[104.67705,18.83731],[104.67736,18.83741],[104.67777,18.83753],[104.67833,18.83757],[104.67909,18.83773],[104.68012,18.83779],[104.68083,18.83774],[104.68172,18.83755],[104.68297,18.837],[104.68383,18.83645],[104.6846,18.83595],[104.68502,18.83574],[104.68556,18.83558],[104.6865,18.83548],[104.68821,18.83533],[104.68916,18.83518],[104.68982,18.83521],[104.69002,18.83522],[104.69057,18.83522],[104.69097,18.83587],[104.69166,18.83613],[104.69273,18.83651],[104.69327,18.83679],[104.69377,18.83711],[104.69418,18.83749],[104.69449,18.83785],[104.69458,18.83795],[104.69488,18.83827],[104.69528,18.83858],[104.69548,18.83871],[104.69573,18.83885],[104.69801,18.84019],[104.69823,18.84028],[104.69844,18.84031],[104.69878,18.84028],[104.69992,18.84002],[104.70116,18.83974],[104.70151,18.83964],[104.70239,18.83953],[104.703,18.83949],[104.7033,18.83938],[104.70352,18.83923],[104.70367,18.83893],[104.70377,18.83852],[104.70387,18.83819],[104.704,18.83787],[104.70414,18.83764],[104.7044,18.83734],[104.70469,18.837],[104.70479,18.83688],[104.70507,18.83657],[104.70532,18.8364],[104.70545,18.83633],[104.70557,18.83627],[104.70586,18.8362],[104.7061,18.83616],[104.70631,18.83618],[104.7068,18.83627],[104.70724,18.83636],[104.70798,18.83674],[104.70808,18.83677],[104.70822,18.83678],[104.70833,18.83678],[104.70918,18.8367],[104.70947,18.83667],[104.70962,18.83667],[104.70974,18.83672],[104.70986,18.83696],[104.70992,18.83721],[104.71014,18.83826],[104.71034,18.83863],[104.71041,18.83871],[104.71061,18.83881],[104.71107,18.83896],[104.71141,18.839],[104.71183,18.83901],[104.71209,18.83903],[104.71227,18.83908],[104.71232,18.83909],[104.71253,18.83916],[104.71289,18.83935],[104.71328,18.83962],[104.71422,18.84024],[104.71463,18.84043],[104.71484,18.84043],[104.71499,18.84038],[104.71507,18.84021],[104.71515,18.83953],[104.71517,18.83789],[104.715,18.83677],[104.71467,18.83554],[104.71453,18.83313],[104.71452,18.83159],[104.71454,18.83063],[104.71462,18.83025],[104.7148,18.82989],[104.71509,18.82965],[104.71608,18.82907],[104.71783,18.82836],[104.71839,18.82813],[104.71879,18.82793],[104.71918,18.82759],[104.71938,18.82734],[104.71965,18.82674],[104.7197,18.82625],[104.71988,18.82474],[104.7199,18.82373],[104.71986,18.82315],[104.71971,18.82198],[104.71972,18.82155],[104.71978,18.82107],[104.71996,18.82046],[104.72062,18.8189],[104.72073,18.81855],[104.7209,18.818],[104.72101,18.81779],[104.72115,18.81763],[104.72139,18.81743],[104.72163,18.81726],[104.72183,18.81717],[104.72195,18.81717],[104.72217,18.81723],[104.72238,18.81731],[104.72466,18.81796],[104.7249,18.81802],[104.72633,18.81848],[104.72675,18.81862],[104.72695,18.81864],[104.7271,18.81862],[104.72727,18.81852],[104.72867,18.81743],[104.73042,18.81641],[104.73128,18.81612],[104.7323,18.81601],[104.73377,18.81595],[104.73434,18.81588],[104.73477,18.81581],[104.73528,18.81569],[104.73597,18.81536],[104.73614,18.81528],[104.73675,18.815],[104.73689,18.81491],[104.73695,18.81483],[104.73697,18.81472],[104.73694,18.81457],[104.73662,18.81305],[104.73651,18.81226],[104.73636,18.81092],[104.73635,18.80974],[104.73635,18.80911],[104.73646,18.80844],[104.73655,18.80801],[104.73663,18.80769],[104.73669,18.80757],[104.73684,18.80731],[104.73734,18.80675],[104.73759,18.80646],[104.73773,18.80622],[104.73783,18.80595],[104.73794,18.80539],[104.73813,18.80429],[104.73823,18.80389],[104.73837,18.80296],[104.73838,18.80261],[104.73837,18.80213],[104.73836,18.802],[104.73839,18.80163],[104.73847,18.80138],[104.73875,18.80087],[104.73885,18.80075],[104.73904,18.80059],[104.73925,18.80052],[104.73954,18.80053],[104.74098,18.80073],[104.74194,18.80083],[104.74298,18.80085],[104.74329,18.80082],[104.74381,18.80079],[104.74544,18.8009],[104.74684,18.80111],[104.74723,18.80117],[104.74743,18.80119],[104.74764,18.80118],[104.74785,18.8011],[104.7484,18.80078],[104.74885,18.80054],[104.74901,18.80046],[104.74928,18.80029],[104.75055,18.79945],[104.75104,18.79911],[104.75136,18.79896],[104.75226,18.79857],[104.75358,18.79784],[104.75466,18.7971],[104.75622,18.79617],[104.75645,18.79606],[104.75771,18.79549],[104.75793,18.79535],[104.75819,18.79516],[104.75834,18.79506],[104.75843,18.79499],[104.7585,18.79497],[104.75858,18.79498],[104.75865,18.79505],[104.7588,18.79528],[104.75916,18.79615],[104.75921,18.79632],[104.75935,18.79657],[104.75946,18.79669],[104.75967,18.79686],[104.7598,18.79691],[104.76008,18.79693],[104.76031,18.79692],[104.76069,18.7969],[104.76091,18.79692],[104.76104,18.79696],[104.76117,18.79703],[104.76137,18.79717],[104.76197,18.79762],[104.76219,18.79775],[104.76249,18.79793],[104.76276,18.79803],[104.76335,18.79813],[104.76404,18.79809],[104.76514,18.79783],[104.76592,18.79756],[104.76643,18.79745],[104.76681,18.79743],[104.76735,18.79756],[104.7685,18.79804],[104.76934,18.79842],[104.76998,18.79863],[104.77072,18.79875],[104.77131,18.79884],[104.77166,18.79892],[104.77289,18.79957],[104.77343,18.80001],[104.77391,18.80057],[104.77427,18.80087],[104.77457,18.80103],[104.77489,18.8011],[104.77556,18.80115],[104.77633,18.80124],[104.7767,18.80135],[104.77693,18.80148],[104.77715,18.80173],[104.77741,18.8019],[104.77776,18.80202],[104.77807,18.8021],[104.77843,18.8021],[104.77889,18.80206],[104.77973,18.80193],[104.78012,18.8019],[104.78059,18.8019],[104.78161,18.80188],[104.78362,18.80205],[104.78395,18.80204],[104.78444,18.80202],[104.78465,18.80202],[104.78509,18.80066],[104.78588,18.79889],[104.78616,18.79848],[104.7867,18.7979],[104.78716,18.79744],[104.78745,18.79711],[104.78776,18.79666],[104.78785,18.79643],[104.78788,18.7961],[104.78779,18.79552],[104.78765,18.79478],[104.78764,18.7938],[104.78769,18.79327],[104.78776,18.79284],[104.78798,18.79239],[104.78815,18.79194],[104.78884,18.7906],[104.78955,18.79001],[104.79015,18.78962],[104.79115,18.78925],[104.7916,18.78903],[104.79255,18.78832],[104.79311,18.78792],[104.79337,18.78774],[104.79348,18.78763],[104.7936,18.78746],[104.79368,18.78722],[104.79404,18.78592],[104.79416,18.78557],[104.79462,18.78459],[104.79478,18.78426],[104.79488,18.78409],[104.795,18.78399],[104.79518,18.78395],[104.79571,18.78397],[104.79637,18.78393],[104.79707,18.78384],[104.79751,18.78375],[104.79788,18.78362],[104.79815,18.78343],[104.79852,18.78314],[104.79906,18.78273],[104.79932,18.78258],[104.79954,18.78249],[104.79958,18.78248],[104.7999,18.7824],[104.80277,18.78213],[104.80515,18.78214],[104.80808,18.78241],[104.81011,18.78267],[104.8109,18.78263],[104.81161,18.78259],[104.81279,18.78253],[104.81303,18.78253],[104.81326,18.78255],[104.81344,18.78262],[104.81383,18.78289],[104.81398,18.78298],[104.81414,18.78307],[104.81429,18.78309],[104.81444,18.78307],[104.81467,18.78297],[104.81471,18.78296],[104.81606,18.78233],[104.8163,18.78222],[104.8165,18.78218],[104.81666,18.78217],[104.8169,18.78226],[104.81771,18.78251],[104.81892,18.78295],[104.82157,18.78369],[104.82254,18.78381],[104.82266,18.78383],[104.82334,18.78396],[104.82388,18.78411],[104.824,18.78414],[104.82459,18.78431],[104.82491,18.78439],[104.82552,18.78447],[104.82578,18.78447],[104.82678,18.78447],[104.82684,18.78447],[104.82737,18.78453],[104.82818,18.78477],[104.82903,18.78505],[104.83038,18.78538],[104.83115,18.78551],[104.83225,18.78554],[104.83302,18.78549],[104.83615,18.78514],[104.83678,18.78507],[104.83749,18.78504],[104.83802,18.78503],[104.83905,18.78519],[104.83992,18.78538],[104.84079,18.78541],[104.84123,18.78541],[104.84205,18.78521],[104.84273,18.78489],[104.84408,18.78419],[104.84519,18.78375],[104.84624,18.78324],[104.84675,18.78295],[104.84695,18.78284],[104.84734,18.78257],[104.84751,18.78241],[104.84851,18.78144],[104.84895,18.781],[104.84935,18.78052],[104.84956,18.78011],[104.8497,18.77975],[104.84975,18.77934],[104.8499,18.77879],[104.85018,18.77823],[104.85042,18.77781],[104.85063,18.77751],[104.85089,18.77726],[104.85114,18.77715],[104.85208,18.77687],[104.85208,18.77686],[104.85224,18.77681],[104.85304,18.7766],[104.85347,18.77651],[104.85374,18.77639],[104.85415,18.77613],[104.85597,18.77493],[104.85673,18.7745],[104.857,18.77434],[104.8571,18.77466],[104.85853,18.77649],[104.85952,18.77778],[104.85961,18.7779],[104.85995,18.7782],[104.86034,18.7785],[104.86085,18.77873],[104.86119,18.77891],[104.86145,18.77915],[104.86177,18.77949],[104.86213,18.78006],[104.86259,18.78065],[104.86291,18.78109],[104.86307,18.78124],[104.86318,18.78129],[104.86344,18.78131],[104.86372,18.78127],[104.86405,18.78117],[104.86506,18.78105],[104.86628,18.78108],[104.86656,18.78109],[104.86717,18.78111],[104.86761,18.78109],[104.8681,18.78104],[104.8683,18.781],[104.8685,18.78092],[104.86876,18.78081],[104.86895,18.78074],[104.86918,18.78073],[104.86938,18.78075],[104.86941,18.78077],[104.86948,18.7808],[104.8695,18.78083],[104.86954,18.78087],[104.8696,18.78096],[104.86963,18.78109],[104.86967,18.78135],[104.87029,18.78244],[104.87034,18.78252],[104.87111,18.78374],[104.87149,18.78448],[104.87183,18.78505],[104.87196,18.78531],[104.87209,18.78556],[104.87268,18.78649],[104.87276,18.78658],[104.87282,18.78662],[104.87289,18.78662],[104.87295,18.7866],[104.87307,18.78651],[104.87324,18.78635],[104.87337,18.7862],[104.87353,18.78606],[104.87377,18.78593],[104.87407,18.78584],[104.87491,18.7857],[104.87539,18.78567],[104.87582,18.78567],[104.876,18.78566],[104.87614,18.78563],[104.87654,18.78553],[104.87705,18.78536],[104.87718,18.78532],[104.87744,18.78526],[104.87808,18.78519],[104.87883,18.78517],[104.87984,18.78507],[104.88047,18.78496],[104.88094,18.78481],[104.88141,18.78471],[104.88178,18.78467],[104.88223,18.78474],[104.88277,18.78486],[104.88354,18.78503],[104.884,18.78511],[104.88418,18.78515],[104.88439,18.7852],[104.88462,18.78529],[104.88502,18.78551],[104.88537,18.78579],[104.88559,18.78592],[104.88579,18.78599],[104.88597,18.786],[104.88599,18.786],[104.88606,18.786],[104.88635,18.78592],[104.88636,18.78592],[104.88638,18.78591],[104.88667,18.78575],[104.88696,18.78559],[104.88813,18.78502],[104.88853,18.78484],[104.88932,18.78447],[104.88982,18.78431],[104.89158,18.78378],[104.89202,18.78367],[104.89203,18.78367],[104.89206,18.78367],[104.89214,18.78367],[104.89237,18.78366],[104.89277,18.78373],[104.89316,18.7839],[104.89334,18.7843],[104.89345,18.78454],[104.89445,18.78541],[104.89666,18.78706],[104.89685,18.78715],[104.89728,18.78729],[104.89768,18.78732],[104.89804,18.78728],[104.89873,18.78712],[104.9002,18.7867],[104.90099,18.78658],[104.90124,18.78658],[104.90231,18.78661],[104.9029,18.78665],[104.90307,18.78663],[104.90352,18.78655],[104.90378,18.78646],[104.90414,18.78633],[104.90431,18.7863],[104.90451,18.78628],[104.9048,18.7863],[104.90504,18.78635],[104.90514,18.78637],[104.9052,18.7864],[104.90603,18.78679],[104.90633,18.78691],[104.90649,18.78697],[104.90667,18.78702],[104.9068,18.78704],[104.90696,18.787],[104.90715,18.78689],[104.90748,18.78664],[104.90765,18.78656],[104.90774,18.78652],[104.90806,18.78643],[104.90836,18.78642],[104.90843,18.78642],[104.9086,18.78646],[104.90875,18.7865],[104.90884,18.78652],[104.90912,18.78666],[104.90921,18.7867],[104.90938,18.78679],[104.90985,18.78712],[104.91018,18.78744],[104.91021,18.78747],[104.91031,18.78772],[104.91032,18.78777],[104.91036,18.78794],[104.9104,18.78816],[104.9105,18.78879],[104.91087,18.78994],[104.91096,18.79008],[104.9114,18.79042],[104.9114,18.79042],[104.9114,18.79042],[104.91166,18.79055],[104.91172,18.79058],[104.91175,18.79059],[104.91195,18.79063],[104.91214,18.79068],[104.91281,18.79081],[104.91295,18.79082],[104.91298,18.79083],[104.91317,18.79084],[104.9142,18.79219],[104.91435,18.79276],[104.91495,18.79499],[104.915,18.79557],[104.91666,18.80102],[104.91917,18.80481],[104.92151,18.80964],[104.92208,18.81194],[104.92196,18.81489],[104.92137,18.8159],[104.92087,18.81837],[104.92101,18.81907],[104.92166,18.82125],[104.92177,18.82155],[104.92213,18.82209],[104.92414,18.82467],[104.92635,18.82679],[104.92745,18.82781],[104.93081,18.83219],[104.93503,18.83869],[104.93451,18.8412],[104.92718,18.84725],[104.92529,18.84838],[104.92345,18.84979],[104.92308,18.85007],[104.92304,18.85011],[104.92274,18.85036],[104.92242,18.85072],[104.92233,18.85103],[104.92228,18.8512],[104.92216,18.85214],[104.92183,18.85562],[104.92185,18.85692],[104.92194,18.85783],[104.92198,18.85812],[104.92211,18.85838],[104.92621,18.86502],[104.92647,18.8663],[104.92709,18.86752],[104.92763,18.86851],[104.92879,18.87066],[104.92883,18.87073],[104.92991,18.8721],[104.93053,18.87289],[104.93207,18.87483],[104.93292,18.87553],[104.93378,18.87581],[104.93454,18.87581],[104.93578,18.87529],[104.93652,18.87498],[104.93682,18.87494],[104.93789,18.87483],[104.9407,18.87478],[104.94431,18.8749],[104.94524,18.87472],[104.94797,18.87389],[104.95277,18.87198],[104.95512,18.87095],[104.96485,18.86557],[104.9662,18.86481],[104.96834,18.86452],[104.97025,18.86445],[104.97109,18.8645],[104.97171,18.86459],[104.97533,18.8657],[104.97662,18.86866],[104.97844,18.87228],[104.98133,18.87593],[104.98683,18.88032],[104.99054,18.88112],[104.99714,18.88238],[105.00081,18.8845],[105.00521,18.88587],[105.00542,18.88593],[105.00569,18.88593],[105.00724,18.88566],[105.00821,18.88519],[105.00841,18.88506],[105.00868,18.88501],[105.00913,18.88505],[105.00952,18.88519],[105.00981,18.8853],[105.01022,18.88547],[105.01047,18.88558],[105.01204,18.88649],[105.01245,18.88676],[105.0128,18.88701],[105.01323,18.88733],[105.01396,18.88812],[105.01412,18.88841],[105.00985,18.89236],[105.00504,18.8965],[105.00422,18.89663],[105.00313,18.89701],[105.00276,18.89722],[105.00305,18.9003],[105.00348,18.90189],[105.0046,18.90482],[105.00594,18.90786],[105.00734,18.91106],[105.00734,18.91118],[105.00709,18.91148],[105.00648,18.91215],[105.00568,18.9127],[105.0045,18.91301],[104.99873,18.9168],[104.99571,18.91997],[104.98988,18.9256],[104.98471,18.9294],[104.98315,18.9328],[104.98154,18.93932],[104.97854,18.9397],[104.9728,18.94316],[104.97375,18.94548],[104.97615,18.94787],[104.97722,18.94915],[104.97741,18.94945],[104.97713,18.94997],[104.97672,18.95076],[104.97656,18.95109],[104.97641,18.95146],[104.97503,18.95497],[104.97433,18.95746],[104.97422,18.95798],[104.97418,18.95849],[104.97428,18.95919],[104.97448,18.95978],[104.97506,18.96089],[104.97542,18.96122],[104.97642,18.96178],[104.97665,18.96206],[104.97675,18.96227],[104.97687,18.96266],[104.97692,18.96531],[104.97688,18.9657],[104.97684,18.96602],[104.97675,18.96629],[104.97662,18.96647],[104.97597,18.96706],[104.97533,18.96755],[104.97476,18.96798],[104.9743,18.96822],[104.97048,18.96957],[104.96876,18.96997],[104.96766,18.97012],[104.96707,18.97021],[104.96652,18.97038],[104.96615,18.97057],[104.963,18.97264],[104.96249,18.97305],[104.96235,18.9733],[104.96122,18.97701],[104.96116,18.97742],[104.9612,18.97762],[104.96292,18.97925],[104.96528,18.98146],[104.96564,18.98165],[104.96598,18.98176],[104.96738,18.98205],[104.9675,18.98207],[104.96751,18.98212],[104.96748,18.98218],[104.96737,18.98229],[104.96719,18.98238],[104.96692,18.98245],[104.96158,18.98327],[104.96133,18.98329],[104.96125,18.98329],[104.96076,18.98329],[104.95889,18.98321],[104.95861,18.98319],[104.95718,18.98288],[104.95596,18.98256],[104.95528,18.98244],[104.95319,18.98243],[104.95113,18.9825],[104.95018,18.98258],[104.94943,18.98264],[104.94711,18.98309],[104.94558,18.98369],[104.94456,18.98421],[104.93626,18.99037],[104.93559,18.99122],[104.93536,18.99159],[104.9352,18.99216],[104.9351,18.99283],[104.93497,18.99398],[104.93489,18.99547],[104.93492,18.99637],[104.93501,18.99685],[104.93256,18.99661],[104.92936,18.99624],[104.92785,18.99454],[104.9222,18.99356],[104.91918,18.99494],[104.91913,18.99507],[104.91904,18.99519],[104.91871,18.9955],[104.91792,18.99611],[104.91784,18.99616],[104.91615,18.99687],[104.91608,18.99688],[104.91597,18.9969],[104.91522,18.99698],[104.91509,18.99697],[104.91507,18.99697],[104.91321,18.99647],[104.91303,18.99638],[104.91287,18.99629],[104.91268,18.99616],[104.91155,18.99529],[104.91161,18.99516],[104.91183,18.99497],[104.91234,18.99481],[104.91261,18.99465],[104.91267,18.99436],[104.91261,18.99368],[104.91247,18.99344],[104.91147,18.99292],[104.90965,18.99226],[104.90919,18.99214],[104.90838,18.99198],[104.90799,18.99193],[104.89749,18.99148],[104.89392,18.99115],[104.88925,18.99311],[104.88686,18.99541],[104.88253,18.99711],[104.87294,19.0008],[104.87185,19.00118]]]},"properties":{"commune_code":"17263","commune_name":"Xã Môn Sơn","commune_kind":"XA","province_code":"40","province_name":"Tỉnh Nghệ An","area_km2":529.42,"valid_from":"16/6/2025","published":"13/07/2025","area_km2_geom":529.0792916395319,"quality_flag":null,"population":18835.999999999996,"population_wp":18397.64073035121,"anchor_ratio":1.0238269284672796,"pop_source":"WORLDPOP2025_ANCHORED_VNSDI","pop_density_ppkm2":35.60146900028964,"n_stations":0,"n_ports":0,"power_kw_site":0.0,"ports_per_10k_pop":0.0,"util_mean_port_weighted":null,"dist_station_m_pop_weighted":22409.105069507004}},{"type":"Feature","geometry":{"type":"Polygon","coordinates":[[[105.31049,19.1437],[105.31035,19.14401],[105.30738,19.1416],[105.30348,19.13664],[105.30243,19.13487],[105.30243,19.13487],[105.30148,19.13379],[105.30089,19.13331],[105.29992,19.1328],[105.2993,19.13272],[105.29851,19.13275],[105.29779,19.13313],[105.29644,19.13426],[105.29512,19.13547],[105.29496,19.13563],[105.29399,19.13601],[105.29304,19.13606],[105.29224,19.13591],[105.29151,19.13545],[105.29107,19.13461],[105.2908,19.13348],[105.2908,19.13306],[105.2908,19.13263],[105.29107,19.13179],[105.29174,19.13071],[105.29279,19.12973],[105.29398,19.12906],[105.2964,19.12811],[105.29926,19.12698],[105.30733,19.12335],[105.30751,19.12318],[105.30809,19.12267],[105.30839,19.12218],[105.30852,19.12143],[105.30841,19.12039],[105.30781,19.11933],[105.30707,19.11819],[105.30538,19.11648],[105.3036,19.11485],[105.30204,19.11335],[105.30142,19.11242],[105.30089,19.11123],[105.30076,19.11027],[105.30066,19.10937],[105.30056,19.10848],[105.30031,19.10697],[105.29988,19.10583],[105.2993,19.10467],[105.29878,19.10415],[105.2978,19.10358],[105.29532,19.10265],[105.29349,19.1019],[105.29322,19.10171],[105.29177,19.10066],[105.29097,19.09989],[105.29054,19.09924],[105.29032,19.09854],[105.28999,19.09719],[105.29003,19.09614],[105.29004,19.09589],[105.29006,19.09431],[105.28993,19.0932],[105.28976,19.0926],[105.28943,19.09208],[105.28914,19.09173],[105.28911,19.0917],[105.28867,19.09141],[105.2881,19.09128],[105.2869,19.09115],[105.28602,19.09136],[105.28507,19.09175],[105.28289,19.0936],[105.28172,19.0944],[105.28101,19.09459],[105.2803,19.09459],[105.27967,19.09451],[105.27918,19.09425],[105.27866,19.09379],[105.2782,19.09298],[105.27809,19.09246],[105.27822,19.09138],[105.27863,19.09026],[105.27907,19.08953],[105.27932,19.0886],[105.27868,19.08651],[105.27834,19.08539],[105.27794,19.08412],[105.27772,19.08364],[105.27754,19.08327],[105.27662,19.08227],[105.2765,19.08216],[105.27623,19.08201],[105.27608,19.082],[105.2757,19.08209],[105.27252,19.08125],[105.26885,19.07984],[105.26783,19.07938],[105.26692,19.07895],[105.26612,19.07835],[105.26233,19.07618],[105.25186,19.07522],[105.24998,19.07525],[105.24916,19.07649],[105.24913,19.07747],[105.2491,19.0783],[105.24901,19.07907],[105.24883,19.07992],[105.24848,19.08142],[105.24804,19.08242],[105.24749,19.08327],[105.2468,19.08399],[105.24641,19.08422],[105.24595,19.0845],[105.24518,19.08496],[105.24463,19.08526],[105.24384,19.08569],[105.24282,19.08614],[105.24174,19.08656],[105.24171,19.08656],[105.24166,19.08652],[105.24153,19.08634],[105.23992,19.08435],[105.23926,19.08353],[105.23833,19.08244],[105.23712,19.08122],[105.23672,19.08085],[105.23396,19.07944],[105.23278,19.07894],[105.23255,19.0789],[105.23042,19.07846],[105.22957,19.07831],[105.22887,19.07831],[105.2257,19.07917],[105.22558,19.07923],[105.22106,19.07919],[105.21451,19.073],[105.21003,19.06946],[105.21083,19.06878],[105.21165,19.06756],[105.21288,19.06535],[105.21437,19.06235],[105.21516,19.06081],[105.21609,19.05991],[105.2175,19.05915],[105.21881,19.05863],[105.22031,19.05832],[105.22317,19.05818],[105.2234,19.05392],[105.22331,19.04688],[105.22332,19.04579],[105.22387,19.04168],[105.22579,19.03865],[105.22646,19.03597],[105.22665,19.03437],[105.22518,19.02894],[105.22447,19.02636],[105.22444,19.02626],[105.22402,19.02558],[105.22338,19.02458],[105.22233,19.02356],[105.22181,19.02312],[105.22181,19.02309],[105.22187,19.02271],[105.22208,19.02222],[105.22232,19.02167],[105.22388,19.01838],[105.22532,19.01608],[105.2278,19.01244],[105.22869,19.00778],[105.22736,19.00571],[105.22766,19.0054],[105.22811,19.00505],[105.22941,19.00408],[105.23138,19.00519],[105.23717,19.00727],[105.23873,19.00747],[105.24052,19.00804],[105.24823,19.01195],[105.24926,19.01474],[105.24876,19.01522],[105.24859,19.01565],[105.24857,19.0163],[105.24858,19.01672],[105.24888,19.01731],[105.25047,19.01993],[105.25079,19.02029],[105.25341,19.02223],[105.25363,19.02236],[105.25459,19.02253],[105.25519,19.02249],[105.25698,19.0219],[105.25915,19.02106],[105.25952,19.02089],[105.2656,19.02109],[105.27023,19.02198],[105.27826,19.02717],[105.28942,19.03733],[105.29308,19.04213],[105.29301,19.04236],[105.29301,19.04258],[105.29329,19.04324],[105.29347,19.04363],[105.29382,19.04416],[105.29718,19.04775],[105.30114,19.05075],[105.30536,19.05212],[105.30616,19.0525],[105.30686,19.05303],[105.30723,19.05346],[105.30747,19.05397],[105.30775,19.05475],[105.308,19.05506],[105.30839,19.05525],[105.30946,19.05571],[105.31207,19.05674],[105.31397,19.05748],[105.31657,19.05783],[105.3195,19.05912],[105.32102,19.06037],[105.32139,19.06115],[105.32166,19.06139],[105.32261,19.06193],[105.32413,19.06252],[105.32454,19.06263],[105.32524,19.0627],[105.32578,19.06271],[105.32613,19.06266],[105.33177,19.06253],[105.33182,19.06254],[105.33183,19.06254],[105.33268,19.06284],[105.33277,19.06287],[105.33339,19.06323],[105.33706,19.06545],[105.35193,19.07096],[105.35227,19.071],[105.35271,19.071],[105.35326,19.07084],[105.35427,19.07015],[105.35821,19.06904],[105.35986,19.06923],[105.36331,19.07116],[105.37116,19.07575],[105.37681,19.07982],[105.38667,19.08555],[105.38901,19.09009],[105.38914,19.09036],[105.39076,19.09392],[105.39211,19.09902],[105.39245,19.10449],[105.39231,19.10495],[105.39229,19.10528],[105.39236,19.10587],[105.39288,19.10684],[105.39391,19.10814],[105.39392,19.10822],[105.3919,19.11788],[105.39187,19.11798],[105.3917,19.11804],[105.39127,19.11797],[105.39016,19.11744],[105.38874,19.11674],[105.38586,19.115],[105.38513,19.11451],[105.38428,19.11375],[105.38297,19.11248],[105.38215,19.11189],[105.37808,19.11061],[105.37756,19.11058],[105.37709,19.11057],[105.3768,19.11057],[105.37662,19.11067],[105.37163,19.11563],[105.37023,19.11758],[105.37011,19.11786],[105.36993,19.11855],[105.36984,19.11937],[105.3699,19.11974],[105.37006,19.12043],[105.37022,19.12069],[105.37041,19.12081],[105.37058,19.12083],[105.36663,19.12271],[105.36622,19.12289],[105.36534,19.12322],[105.36511,19.12329],[105.36483,19.12333],[105.36445,19.12333],[105.36412,19.12332],[105.36357,19.12328],[105.36307,19.12323],[105.362,19.12306],[105.35482,19.12582],[105.35445,19.1261],[105.35412,19.12622],[105.35369,19.12625],[105.35326,19.12623],[105.35296,19.12619],[105.35148,19.12589],[105.35014,19.12263],[105.34967,19.12145],[105.34965,19.12139],[105.34962,19.12136],[105.34958,19.12133],[105.34949,19.12128],[105.34935,19.12122],[105.34843,19.1209],[105.34835,19.12088],[105.34605,19.12042],[105.33781,19.11965],[105.3341,19.12177],[105.32939,19.12543],[105.31961,19.13078],[105.31776,19.13187],[105.3174,19.13208],[105.31562,19.13317],[105.31552,19.13325],[105.31546,19.13334],[105.31436,19.13541],[105.31105,19.14203],[105.31049,19.1437]]]},"properties":{"commune_code":"17266","commune_name":"Xã Tân Kỳ","commune_kind":"XA","province_code":"40","province_name":"Tỉnh Nghệ An","area_km2":116.5,"valid_from":"16/6/2025","published":"13/07/2025","area_km2_geom":116.65788542566706,"quality_flag":null,"population":32974.0,"population_wp":27720.325296204537,"anchor_ratio":1.1895242803847903,"pop_source":"WORLDPOP2025_ANCHORED_VNSDI","pop_density_ppkm2":282.6555605708336,"n_stations":5,"n_ports":27,"power_kw_site":928.5,"ports_per_10k_pop":8.188269545702674,"util_mean_port_weighted":0.07385633099960204,"dist_station_m_pop_weighted":2948.53928163752}},{"type":"Feature","geometry":{"type":"Polygon","coordinates":[[[105.34351,19.22131],[105.34342,19.22133],[105.34334,19.22132],[105.34328,19.22128],[105.34181,19.21989],[105.3411,19.21913],[105.34092,19.21892],[105.34092,19.21876],[105.34094,19.21856],[105.34146,19.21712],[105.34021,19.21521],[105.32619,19.21073],[105.32315,19.21777],[105.31614,19.21649],[105.31241,19.2155],[105.3114,19.21545],[105.30997,19.21545],[105.30851,19.21566],[105.30562,19.21648],[105.30636,19.21192],[105.30652,19.21137],[105.3081,19.20592],[105.30807,19.20534],[105.308,19.20499],[105.30527,19.20197],[105.30472,19.2016],[105.3039,19.20148],[105.29472,19.19957],[105.28962,19.19794],[105.28204,19.19716],[105.28099,19.19726],[105.27993,19.19736],[105.27959,19.19739],[105.27783,19.19776],[105.27731,19.1981],[105.27676,19.19874],[105.27589,19.19942],[105.27464,19.20022],[105.27384,19.20053],[105.27324,19.20056],[105.27282,19.20047],[105.27239,19.20027],[105.27211,19.19992],[105.27062,19.19741],[105.26893,19.19434],[105.26087,19.19227],[105.2563,19.19149],[105.25411,19.19101],[105.25242,19.19041],[105.25219,19.19025],[105.25192,19.19001],[105.25158,19.18964],[105.25121,19.18913],[105.25112,19.18886],[105.25112,19.18864],[105.25116,19.18834],[105.25126,19.18797],[105.25135,19.18774],[105.25151,19.18748],[105.25496,19.18318],[105.25567,19.18255],[105.2572,19.18152],[105.25794,19.1811],[105.25827,19.18093],[105.25861,19.18084],[105.25887,19.1809],[105.25896,19.18098],[105.25919,19.18184],[105.26126,19.18253],[105.26641,19.18145],[105.26451,19.17536],[105.2635,19.17274],[105.26556,19.17006],[105.26668,19.16912],[105.27053,19.16506],[105.27182,19.16317],[105.27287,19.16062],[105.27403,19.15693],[105.27484,19.15433],[105.27471,19.15416],[105.274,19.15398],[105.27028,19.15313],[105.26831,19.15294],[105.26527,19.15399],[105.2651,19.15409],[105.26425,19.15472],[105.26379,19.15551],[105.26342,19.15685],[105.25947,19.15627],[105.25259,19.14977],[105.25186,19.14896],[105.25178,19.14887],[105.25177,19.14884],[105.25175,19.1488],[105.25174,19.14868],[105.25104,19.14347],[105.25186,19.14278],[105.25343,19.14156],[105.2547,19.14086],[105.25454,19.13861],[105.25218,19.13368],[105.25111,19.12819],[105.25117,19.12609],[105.24881,19.12401],[105.24867,19.12395],[105.24854,19.12392],[105.24848,19.12392],[105.24589,19.12401],[105.24587,19.12401],[105.24058,19.1242],[105.23825,19.12582],[105.23812,19.12565],[105.2372,19.12414],[105.23394,19.11868],[105.23356,19.11792],[105.2339,19.11739],[105.2339,19.11739],[105.23894,19.11216],[105.2443,19.10533],[105.24472,19.10475],[105.24513,19.10378],[105.24539,19.10302],[105.24709,19.09792],[105.24738,19.09546],[105.24737,19.09306],[105.24726,19.08737],[105.24681,19.08508],[105.24641,19.08422],[105.2468,19.08399],[105.24749,19.08327],[105.24804,19.08242],[105.24848,19.08142],[105.24883,19.07992],[105.24901,19.07907],[105.2491,19.0783],[105.24913,19.07747],[105.24916,19.07649],[105.24998,19.07525],[105.25186,19.07522],[105.26233,19.07618],[105.26612,19.07835],[105.26692,19.07895],[105.26783,19.07938],[105.26885,19.07984],[105.27252,19.08125],[105.2757,19.08209],[105.27608,19.082],[105.27623,19.08201],[105.2765,19.08216],[105.27662,19.08227],[105.27754,19.08327],[105.27772,19.08364],[105.27794,19.08412],[105.27834,19.08539],[105.27868,19.08651],[105.27932,19.0886],[105.27907,19.08953],[105.27863,19.09026],[105.27822,19.09138],[105.27809,19.09246],[105.2782,19.09298],[105.27866,19.09379],[105.27918,19.09425],[105.27967,19.09451],[105.2803,19.09459],[105.28101,19.09459],[105.28172,19.0944],[105.28289,19.0936],[105.28507,19.09175],[105.28602,19.09136],[105.2869,19.09115],[105.2881,19.09128],[105.28867,19.09141],[105.28911,19.0917],[105.28914,19.09173],[105.28943,19.09208],[105.28976,19.0926],[105.28993,19.0932],[105.29006,19.09431],[105.29004,19.09589],[105.29003,19.09614],[105.28999,19.09719],[105.29032,19.09854],[105.29054,19.09924],[105.29097,19.09989],[105.29177,19.10066],[105.29322,19.10171],[105.29349,19.1019],[105.29532,19.10265],[105.2978,19.10358],[105.29878,19.10415],[105.2993,19.10467],[105.29988,19.10583],[105.30031,19.10697],[105.30056,19.10848],[105.30066,19.10937],[105.30076,19.11027],[105.30089,19.11123],[105.30142,19.11242],[105.30204,19.11335],[105.3036,19.11485],[105.30538,19.11648],[105.30707,19.11819],[105.30781,19.11933],[105.30841,19.12039],[105.30852,19.12143],[105.30839,19.12218],[105.30809,19.12267],[105.30751,19.12318],[105.30733,19.12335],[105.29926,19.12698],[105.2964,19.12811],[105.29398,19.12906],[105.29279,19.12973],[105.29174,19.13071],[105.29107,19.13179],[105.2908,19.13263],[105.2908,19.13306],[105.2908,19.13348],[105.29107,19.13461],[105.29151,19.13545],[105.29224,19.13591],[105.29304,19.13606],[105.29399,19.13601],[105.29496,19.13563],[105.29512,19.13547],[105.29644,19.13426],[105.29779,19.13313],[105.29851,19.13275],[105.2993,19.13272],[105.29992,19.1328],[105.30089,19.13331],[105.30148,19.13379],[105.30243,19.13487],[105.30243,19.13487],[105.30348,19.13664],[105.30738,19.1416],[105.31035,19.14401],[105.31305,19.14703],[105.31781,19.15333],[105.32164,19.15492],[105.32401,19.15553],[105.32417,19.15565],[105.32485,19.15619],[105.32543,19.15664],[105.32599,19.15795],[105.32604,19.15933],[105.32609,19.16111],[105.32615,19.1628],[105.32675,19.16443],[105.32743,19.1652],[105.32812,19.16549],[105.32948,19.16592],[105.33041,19.16592],[105.33283,19.16703],[105.33736,19.1716],[105.33788,19.17258],[105.338,19.17281],[105.33792,19.1738],[105.33765,19.1743],[105.3375,19.17457],[105.33713,19.17524],[105.33649,19.17699],[105.33642,19.17828],[105.33682,19.17926],[105.33913,19.18168],[105.33945,19.18184],[105.3417,19.18297],[105.34305,19.18365],[105.34584,19.18458],[105.34729,19.18986],[105.34729,19.19213],[105.34761,19.19433],[105.34865,19.19554],[105.34913,19.19584],[105.35384,19.19826],[105.35433,19.19829],[105.35496,19.19833],[105.35592,19.19826],[105.35639,19.19773],[105.35765,19.19934],[105.35953,19.20037],[105.36047,19.20089],[105.36058,19.20355],[105.3574,19.20573],[105.35625,19.2094],[105.35441,19.21232],[105.35176,19.21456],[105.34665,19.21771],[105.34351,19.22131]]]},"properties":{"commune_code":"17272","commune_name":"Xã Tân Phú","commune_kind":"XA","province_code":"40","province_name":"Tỉnh Nghệ An","area_km2":93.32,"valid_from":"16/6/2025","published":"13/07/2025","area_km2_geom":92.48616628938612,"quality_flag":null,"population":28878.0,"population_wp":27600.907878516242,"anchor_ratio":1.0462699316669148,"pop_source":"WORLDPOP2025_ANCHORED_VNSDI","pop_density_ppkm2":312.2412914126174,"n_stations":1,"n_ports":2,"power_kw_site":33.5,"ports_per_10k_pop":0.6925687374471916,"util_mean_port_weighted":0.1381118881118881,"dist_station_m_pop_weighted":4227.815361739394}},{"type":"Feature","geometry":{"type":"Polygon","coordinates":[[[105.19184,19.22579],[105.18783,19.22635],[105.18193,19.22361],[105.17517,19.22244],[105.17464,19.22247],[105.1719,19.22342],[105.16795,19.22573],[105.16562,19.22614],[105.16322,19.22634],[105.16256,19.22625],[105.15508,19.2247],[105.15226,19.22323],[105.15401,19.22117],[105.15663,19.22079],[105.1557,19.21871],[105.15462,19.21632],[105.15401,19.21503],[105.15388,19.21479],[105.15369,19.21462],[105.14877,19.21092],[105.14574,19.21064],[105.14343,19.21011],[105.14296,19.20701],[105.14294,19.20618],[105.14316,19.20527],[105.14367,19.20444],[105.14381,19.20408],[105.14369,19.20373],[105.14306,19.20277],[105.14169,19.20099],[105.14048,19.19992],[105.13995,19.19977],[105.13935,19.19985],[105.13931,19.19985],[105.13791,19.19989],[105.13497,19.19966],[105.1323,19.19928],[105.12379,19.19759],[105.12126,19.19547],[105.11341,19.18851],[105.11291,19.18773],[105.11272,19.18722],[105.11244,19.18504],[105.11377,19.1848],[105.11479,19.18483],[105.1148,19.18483],[105.11799,19.18301],[105.11877,19.18245],[105.11878,19.18244],[105.1193,19.18195],[105.11931,19.18194],[105.11979,19.18092],[105.11979,19.1809],[105.12004,19.17995],[105.12004,19.17994],[105.12004,19.17969],[105.11982,19.17801],[105.11982,19.178],[105.11932,19.1749],[105.11895,19.17205],[105.11875,19.17047],[105.11876,19.17046],[105.12054,19.16842],[105.12055,19.16841],[105.1242,19.16834],[105.12686,19.16829],[105.13159,19.1682],[105.13944,19.17151],[105.14105,19.17084],[105.14235,19.17056],[105.14602,19.17072],[105.14866,19.17169],[105.1523,19.17279],[105.16607,19.16979],[105.16762,19.16898],[105.16719,19.16528],[105.1619,19.15938],[105.15656,19.1538],[105.14998,19.15055],[105.14975,19.15044],[105.14912,19.15013],[105.14634,19.14824],[105.14589,19.14779],[105.14659,19.14499],[105.14671,19.14391],[105.14683,19.14288],[105.14672,19.14179],[105.1463,19.13766],[105.14567,19.13497],[105.14524,19.13401],[105.14456,19.13239],[105.1438,19.12848],[105.1436,19.12741],[105.15064,19.12861],[105.15294,19.1303],[105.15333,19.13095],[105.15542,19.13453],[105.16047,19.13821],[105.16077,19.1384],[105.16111,19.1385],[105.16161,19.13858],[105.16223,19.13845],[105.16356,19.13778],[105.1645,19.13667],[105.16478,19.13627],[105.16572,19.13496],[105.16753,19.13423],[105.16998,19.13327],[105.17212,19.13317],[105.17489,19.13275],[105.17755,19.13049],[105.17826,19.13005],[105.17955,19.12969],[105.18041,19.12956],[105.18161,19.13019],[105.18225,19.13064],[105.18546,19.13094],[105.18965,19.13123],[105.19433,19.1299],[105.19977,19.1336],[105.20749,19.13509],[105.20837,19.13543],[105.20908,19.13641],[105.20917,19.13672],[105.20924,19.13709],[105.20932,19.13776],[105.20942,19.13919],[105.20991,19.14116],[105.21195,19.14209],[105.21411,19.14307],[105.21508,19.14352],[105.2218,19.1357],[105.2219,19.13565],[105.22293,19.13581],[105.22495,19.13656],[105.2268,19.13729],[105.22802,19.13732],[105.23059,19.13515],[105.23169,19.13415],[105.23645,19.12869],[105.2385,19.12616],[105.23825,19.12582],[105.24058,19.1242],[105.24587,19.12401],[105.24589,19.12401],[105.24848,19.12392],[105.24854,19.12392],[105.24867,19.12395],[105.24881,19.12401],[105.25117,19.12609],[105.25111,19.12819],[105.25218,19.13368],[105.25454,19.13861],[105.2547,19.14086],[105.25343,19.14156],[105.25186,19.14278],[105.25104,19.14347],[105.25174,19.14868],[105.25175,19.1488],[105.25177,19.14884],[105.25178,19.14887],[105.25186,19.14896],[105.25259,19.14977],[105.25947,19.15627],[105.26342,19.15685],[105.26379,19.15551],[105.26425,19.15472],[105.2651,19.15409],[105.26527,19.15399],[105.26831,19.15294],[105.27028,19.15313],[105.274,19.15398],[105.27471,19.15416],[105.27484,19.15433],[105.27403,19.15693],[105.27287,19.16062],[105.27182,19.16317],[105.27053,19.16506],[105.26668,19.16912],[105.26556,19.17006],[105.2635,19.17274],[105.26451,19.17536],[105.26641,19.18145],[105.26126,19.18253],[105.25919,19.18184],[105.25896,19.18098],[105.25887,19.1809],[105.25861,19.18084],[105.25827,19.18093],[105.25794,19.1811],[105.2572,19.18152],[105.25567,19.18255],[105.25496,19.18318],[105.25151,19.18748],[105.25135,19.18774],[105.25126,19.18797],[105.25116,19.18834],[105.25112,19.18864],[105.25112,19.18886],[105.25121,19.18913],[105.25158,19.18964],[105.25192,19.19001],[105.25219,19.19025],[105.25242,19.19041],[105.25411,19.19101],[105.2563,19.19149],[105.26087,19.19227],[105.26893,19.19434],[105.26701,19.1955],[105.26387,19.19889],[105.26327,19.19906],[105.26202,19.19888],[105.25964,19.19834],[105.25764,19.19798],[105.25422,19.19825],[105.25079,19.19895],[105.24882,19.20065],[105.2485,19.20131],[105.24862,19.20203],[105.24906,19.20399],[105.2499,19.20578],[105.24988,19.20626],[105.24979,19.20639],[105.24605,19.21009],[105.24478,19.21135],[105.24281,19.21294],[105.24262,19.21306],[105.23639,19.21289],[105.23239,19.21081],[105.23055,19.21013],[105.22709,19.20997],[105.22683,19.2116],[105.22577,19.21541],[105.21786,19.22105],[105.20939,19.22176],[105.20589,19.22397],[105.20209,19.22496],[105.20089,19.22505],[105.19906,19.22489],[105.1986,19.22471],[105.19846,19.22452],[105.19832,19.22418],[105.19827,19.22332],[105.19807,19.22276],[105.19791,19.22263],[105.19747,19.22244],[105.1971,19.22236],[105.19682,19.22236],[105.19383,19.22286],[105.19329,19.22301],[105.19291,19.22331],[105.19254,19.22397],[105.19184,19.22579]]]},"properties":{"commune_code":"17278","commune_name":"Xã Giai Xuân","commune_kind":"XA","province_code":"40","province_name":"Tỉnh Nghệ An","area_km2":121.55,"valid_from":"16/6/2025","published":"13/07/2025","area_km2_geom":119.3241596420728,"quality_flag":null,"population":14160.0,"population_wp":9732.209608260542,"anchor_ratio":1.4549624977231503,"pop_source":"WORLDPOP2025_ANCHORED_VNSDI","pop_density_ppkm2":118.66834044735472,"n_stations":0,"n_ports":0,"power_kw_site":0.0,"ports_per_10k_pop":0.0,"util_mean_port_weighted":null,"dist_station_m_pop_weighted":11592.077670341674}},{"type":"Feature","geometry":{"type":"Polygon","coordinates":[[[105.37996,19.20125],[105.37936,19.20131],[105.37576,19.20022],[105.3621,19.19605],[105.35779,19.19263],[105.35695,19.19495],[105.3569,19.1952],[105.35639,19.19773],[105.35592,19.19826],[105.35496,19.19833],[105.35433,19.19829],[105.35384,19.19826],[105.34913,19.19584],[105.34865,19.19554],[105.34761,19.19433],[105.34729,19.19213],[105.34729,19.18986],[105.34584,19.18458],[105.34305,19.18365],[105.3417,19.18297],[105.33945,19.18184],[105.33913,19.18168],[105.33682,19.17926],[105.33642,19.17828],[105.33649,19.17699],[105.33713,19.17524],[105.3375,19.17457],[105.33765,19.1743],[105.33792,19.1738],[105.338,19.17281],[105.33788,19.17258],[105.33736,19.1716],[105.33283,19.16703],[105.33041,19.16592],[105.32948,19.16592],[105.32812,19.16549],[105.32743,19.1652],[105.32675,19.16443],[105.32615,19.1628],[105.32609,19.16111],[105.32604,19.15933],[105.32599,19.15795],[105.32543,19.15664],[105.32485,19.15619],[105.32417,19.15565],[105.32401,19.15553],[105.32164,19.15492],[105.31781,19.15333],[105.31305,19.14703],[105.31035,19.14401],[105.31049,19.1437],[105.31105,19.14203],[105.31436,19.13541],[105.31546,19.13334],[105.31552,19.13325],[105.31562,19.13317],[105.3174,19.13208],[105.31776,19.13187],[105.31961,19.13078],[105.32939,19.12543],[105.3341,19.12177],[105.33781,19.11965],[105.34605,19.12042],[105.34835,19.12088],[105.34843,19.1209],[105.34935,19.12122],[105.34949,19.12128],[105.34958,19.12133],[105.34962,19.12136],[105.34965,19.12139],[105.34967,19.12145],[105.35014,19.12263],[105.35148,19.12589],[105.35296,19.12619],[105.35326,19.12623],[105.35369,19.12625],[105.35412,19.12622],[105.35445,19.1261],[105.35482,19.12582],[105.362,19.12306],[105.36307,19.12323],[105.36357,19.12328],[105.36412,19.12332],[105.36445,19.12333],[105.36483,19.12333],[105.36511,19.12329],[105.36534,19.12322],[105.36622,19.12289],[105.36663,19.12271],[105.37058,19.12083],[105.37273,19.12123],[105.37516,19.12136],[105.37562,19.12124],[105.37613,19.12119],[105.37699,19.12138],[105.37853,19.12189],[105.37952,19.12254],[105.38252,19.12455],[105.38308,19.12494],[105.39005,19.1317],[105.39029,19.13246],[105.3907,19.13296],[105.39321,19.13575],[105.39597,19.13737],[105.39927,19.13919],[105.4022,19.14212],[105.40497,19.14574],[105.40566,19.14716],[105.40639,19.14808],[105.4074,19.14862],[105.40986,19.14963],[105.41188,19.15012],[105.41266,19.15051],[105.41542,19.15212],[105.41852,19.15441],[105.41966,19.15532],[105.42086,19.15634],[105.42636,19.1604],[105.42933,19.16166],[105.43144,19.16297],[105.4332,19.1642],[105.43488,19.16543],[105.43435,19.16579],[105.43412,19.16616],[105.43382,19.16662],[105.43331,19.16943],[105.43339,19.16972],[105.43593,19.173],[105.42935,19.1775],[105.42318,19.1795],[105.41671,19.18247],[105.41632,19.18265],[105.41457,19.18472],[105.41429,19.18509],[105.41409,19.18547],[105.41394,19.18605],[105.41368,19.18734],[105.41334,19.18787],[105.41251,19.18875],[105.41217,19.189],[105.41182,19.18914],[105.40706,19.18981],[105.40362,19.18944],[105.40129,19.19061],[105.40043,19.19109],[105.3999,19.1919],[105.39957,19.19257],[105.39865,19.19488],[105.39628,19.19831],[105.39502,19.19925],[105.39408,19.19947],[105.38641,19.20044],[105.37996,19.20125]]]},"properties":{"commune_code":"17284","commune_name":"Xã Nghĩa Đồng","commune_kind":"XA","province_code":"40","province_name":"Tỉnh Nghệ An","area_km2":72.43,"valid_from":"16/6/2025","published":"13/07/2025","area_km2_geom":72.48918222535126,"quality_flag":null,"population":20195.0,"population_wp":24417.090998619795,"anchor_ratio":0.8270846023853352,"pop_source":"WORLDPOP2025_ANCHORED_VNSDI","pop_density_ppkm2":278.593293233998,"n_stations":0,"n_ports":0,"power_kw_site":0.0,"ports_per_10k_pop":0.0,"util_mean_port_weighted":null,"dist_station_m_pop_weighted":7891.121176182399}},{"type":"Feature","geometry":{"type":"Polygon","coordinates":[[[105.11377,19.1848],[105.11244,19.18504],[105.11084,19.18334],[105.10673,19.17946],[105.10568,19.17903],[105.10179,19.17812],[105.09332,19.17528],[105.09229,19.17522],[105.08959,19.17563],[105.08489,19.17636],[105.08369,19.17673],[105.07814,19.17615],[105.0756,19.17314],[105.07451,19.17148],[105.07419,19.17096],[105.07406,19.17048],[105.07403,19.17026],[105.074,19.17008],[105.07393,19.16957],[105.07385,19.1682],[105.07304,19.16599],[105.07106,19.16314],[105.06603,19.15656],[105.06375,19.15548],[105.0633,19.15526],[105.06283,19.15495],[105.06003,19.152],[105.05787,19.14904],[105.05781,19.1485],[105.05781,19.14767],[105.05792,19.14697],[105.05822,19.14663],[105.06126,19.14307],[105.06469,19.13566],[105.06507,19.13446],[105.06587,19.13112],[105.06606,19.12981],[105.06604,19.12812],[105.06592,19.12671],[105.06557,19.12466],[105.06524,19.12352],[105.06418,19.12163],[105.06361,19.12083],[105.06047,19.11918],[105.05896,19.11857],[105.05887,19.11851],[105.05775,19.11784],[105.05659,19.11698],[105.0555,19.11592],[105.05477,19.11498],[105.05458,19.11457],[105.05443,19.1141],[105.05437,19.11333],[105.05451,19.11282],[105.05508,19.11227],[105.0561,19.11114],[105.05629,19.11042],[105.05619,19.10982],[105.05566,19.10908],[105.05193,19.10435],[105.04868,19.10188],[105.04583,19.09287],[105.04565,19.08966],[105.04671,19.08396],[105.04924,19.07228],[105.05025,19.0703],[105.05505,19.06274],[105.05654,19.06234],[105.06353,19.06188],[105.07299,19.06254],[105.0753,19.06281],[105.08168,19.06401],[105.08206,19.06408],[105.08636,19.06495],[105.09159,19.06607],[105.09195,19.06633],[105.09274,19.06689],[105.0929,19.06699],[105.09307,19.06706],[105.10082,19.06951],[105.10816,19.06844],[105.11766,19.06904],[105.11969,19.06952],[105.12003,19.06961],[105.12089,19.0699],[105.12244,19.07076],[105.12271,19.07371],[105.12342,19.0746],[105.12544,19.07501],[105.12718,19.07533],[105.13045,19.0762],[105.13431,19.07785],[105.13528,19.07846],[105.14213,19.07981],[105.14264,19.0799],[105.14338,19.08012],[105.14389,19.08032],[105.14423,19.08069],[105.14432,19.08102],[105.1446,19.08231],[105.1447,19.08313],[105.14472,19.08331],[105.14481,19.08422],[105.14379,19.0872],[105.14268,19.0902],[105.14308,19.0909],[105.14476,19.09206],[105.1509,19.09515],[105.15136,19.09519],[105.15321,19.09497],[105.15527,19.09447],[105.16007,19.09552],[105.16619,19.10083],[105.16724,19.10385],[105.16735,19.10451],[105.16647,19.1059],[105.16622,19.10647],[105.16585,19.10743],[105.16542,19.10883],[105.1651,19.10997],[105.16578,19.1108],[105.16599,19.11099],[105.16633,19.11108],[105.16657,19.11118],[105.16667,19.1113],[105.16716,19.11222],[105.16749,19.11298],[105.16777,19.11402],[105.16635,19.11695],[105.16617,19.11705],[105.16576,19.1171],[105.16553,19.11707],[105.16496,19.1167],[105.16268,19.11827],[105.16053,19.1204],[105.15964,19.12198],[105.15937,19.12297],[105.15993,19.12376],[105.15995,19.12376],[105.16078,19.1233],[105.16111,19.12402],[105.16155,19.12516],[105.16252,19.13124],[105.16186,19.13256],[105.1616,19.13706],[105.16161,19.13858],[105.16111,19.1385],[105.16077,19.1384],[105.16047,19.13821],[105.15542,19.13453],[105.15333,19.13095],[105.15294,19.1303],[105.15064,19.12861],[105.1436,19.12741],[105.1438,19.12848],[105.14456,19.13239],[105.14524,19.13401],[105.14567,19.13497],[105.1463,19.13766],[105.14672,19.14179],[105.14683,19.14288],[105.14671,19.14391],[105.14659,19.14499],[105.14589,19.14779],[105.14634,19.14824],[105.14912,19.15013],[105.14975,19.15044],[105.14998,19.15055],[105.15656,19.1538],[105.1619,19.15938],[105.16719,19.16528],[105.16762,19.16898],[105.16607,19.16979],[105.1523,19.17279],[105.14866,19.17169],[105.14602,19.17072],[105.14235,19.17056],[105.14105,19.17084],[105.13944,19.17151],[105.13159,19.1682],[105.12686,19.16829],[105.1242,19.16834],[105.12055,19.16841],[105.12054,19.16842],[105.11876,19.17046],[105.11875,19.17047],[105.11895,19.17205],[105.11932,19.1749],[105.11982,19.178],[105.11982,19.17801],[105.12004,19.17969],[105.12004,19.17994],[105.12004,19.17995],[105.11979,19.1809],[105.11979,19.18092],[105.11931,19.18194],[105.1193,19.18195],[105.11878,19.18244],[105.11877,19.18245],[105.11799,19.18301],[105.1148,19.18483],[105.11479,19.18483],[105.11377,19.1848]]]},"properties":{"commune_code":"17287","commune_name":"Xã Tiên Đồng","commune_kind":"XA","province_code":"40","province_name":"Tỉnh Nghệ An","area_km2":119.62,"valid_from":"16/6/2025","published":"13/07/2025","area_km2_geom":119.97370321006917,"quality_flag":null,"population":19663.0,"population_wp":24725.84036769718,"anchor_ratio":0.7952409183102438,"pop_source":"WORLDPOP2025_ANCHORED_VNSDI","pop_density_ppkm2":163.89424910532995,"n_stations":0,"n_ports":0,"power_kw_site":0.0,"ports_per_10k_pop":0.0,"util_mean_port_weighted":null,"dist_station_m_pop_weighted":13473.065483602466}},{"type":"Feature","geometry":{"type":"Polygon","coordinates":[[[105.2218,19.1357],[105.21508,19.14352],[105.21411,19.14307],[105.21195,19.14209],[105.20991,19.14116],[105.20942,19.13919],[105.20932,19.13776],[105.20924,19.13709],[105.20917,19.13672],[105.20908,19.13641],[105.20837,19.13543],[105.20749,19.13509],[105.19977,19.1336],[105.19433,19.1299],[105.18965,19.13123],[105.18546,19.13094],[105.18225,19.13064],[105.18161,19.13019],[105.18041,19.12956],[105.17955,19.12969],[105.17826,19.13005],[105.17755,19.13049],[105.17489,19.13275],[105.17212,19.13317],[105.16998,19.13327],[105.16753,19.13423],[105.16572,19.13496],[105.16478,19.13627],[105.1645,19.13667],[105.16356,19.13778],[105.16223,19.13845],[105.16161,19.13858],[105.1616,19.13706],[105.16186,19.13256],[105.16252,19.13124],[105.16155,19.12516],[105.16111,19.12402],[105.16078,19.1233],[105.15995,19.12376],[105.15993,19.12376],[105.15937,19.12297],[105.15964,19.12198],[105.16053,19.1204],[105.16268,19.11827],[105.16496,19.1167],[105.16553,19.11707],[105.16576,19.1171],[105.16617,19.11705],[105.16635,19.11695],[105.16777,19.11402],[105.16749,19.11298],[105.16716,19.11222],[105.16667,19.1113],[105.16657,19.11118],[105.16633,19.11108],[105.16599,19.11099],[105.16578,19.1108],[105.1651,19.10997],[105.16542,19.10883],[105.16585,19.10743],[105.16622,19.10647],[105.16647,19.1059],[105.16735,19.10451],[105.16724,19.10385],[105.16619,19.10083],[105.16007,19.09552],[105.15527,19.09447],[105.15321,19.09497],[105.15136,19.09519],[105.1509,19.09515],[105.14476,19.09206],[105.14308,19.0909],[105.14268,19.0902],[105.14379,19.0872],[105.14481,19.08422],[105.14472,19.08331],[105.1447,19.08313],[105.1446,19.08231],[105.14432,19.08102],[105.14423,19.08069],[105.14389,19.08032],[105.14338,19.08012],[105.14264,19.0799],[105.14213,19.07981],[105.13528,19.07846],[105.13431,19.07785],[105.13045,19.0762],[105.12718,19.07533],[105.12544,19.07501],[105.12342,19.0746],[105.12271,19.07371],[105.12244,19.07076],[105.12518,19.07051],[105.12668,19.06809],[105.12666,19.06721],[105.12677,19.06644],[105.12686,19.06626],[105.12696,19.06606],[105.1288,19.06438],[105.12898,19.06427],[105.13409,19.06171],[105.13924,19.05816],[105.1423,19.05283],[105.14244,19.05254],[105.14268,19.05207],[105.14275,19.05188],[105.1428,19.05171],[105.14436,19.04334],[105.14375,19.04059],[105.13777,19.04094],[105.13273,19.04056],[105.13103,19.03888],[105.12958,19.03607],[105.129,19.0347],[105.1289,19.03315],[105.12958,19.03141],[105.13016,19.02995],[105.13352,19.02402],[105.13499,19.02213],[105.13586,19.02151],[105.1366,19.02125],[105.13717,19.02127],[105.13794,19.0214],[105.13867,19.02189],[105.13954,19.02277],[105.13998,19.02322],[105.14126,19.02438],[105.1423,19.02477],[105.14301,19.02485],[105.14385,19.02472],[105.14451,19.02435],[105.14492,19.02389],[105.14513,19.02306],[105.14505,19.02163],[105.14484,19.02096],[105.14464,19.02033],[105.14379,19.01743],[105.14344,19.01422],[105.14349,19.01261],[105.14395,19.01123],[105.14455,19.01064],[105.14531,19.01035],[105.14589,19.0103],[105.14684,19.01045],[105.1482,19.01097],[105.16053,19.01485],[105.16427,19.01688],[105.16486,19.01721],[105.16738,19.02081],[105.16994,19.0249],[105.17469,19.03288],[105.17521,19.03397],[105.17551,19.03498],[105.17552,19.03573],[105.17541,19.03606],[105.17527,19.03646],[105.17486,19.03693],[105.17418,19.03734],[105.17317,19.0376],[105.17216,19.03755],[105.17023,19.03696],[105.16764,19.03597],[105.16685,19.0359],[105.1666,19.03587],[105.16581,19.03603],[105.16516,19.03639],[105.16494,19.03688],[105.16483,19.03738],[105.16491,19.03821],[105.16521,19.03932],[105.16606,19.0409],[105.16737,19.0424],[105.16827,19.04323],[105.16985,19.04393],[105.17034,19.04412],[105.1713,19.0445],[105.17231,19.04471],[105.17329,19.04465],[105.17446,19.04398],[105.17615,19.04229],[105.17925,19.03933],[105.1822,19.03702],[105.18389,19.03627],[105.18489,19.03604],[105.18571,19.03611],[105.18645,19.03635],[105.18727,19.03676],[105.188,19.03728],[105.18855,19.0379],[105.18934,19.03893],[105.1897,19.03941],[105.19098,19.04114],[105.19376,19.04495],[105.19415,19.04564],[105.19428,19.04624],[105.19434,19.04699],[105.19437,19.04778],[105.19442,19.04894],[105.19448,19.0508],[105.19462,19.05443],[105.1949,19.05677],[105.19509,19.05806],[105.19539,19.05988],[105.19566,19.0612],[105.19608,19.06291],[105.1966,19.0647],[105.19692,19.06563],[105.19763,19.0669],[105.19865,19.06856],[105.19952,19.06949],[105.19979,19.06961],[105.20045,19.06991],[105.20119,19.0701],[105.20181,19.07027],[105.20299,19.07055],[105.2032,19.0706],[105.20481,19.07076],[105.20677,19.07073],[105.21003,19.06946],[105.21451,19.073],[105.22106,19.07919],[105.22558,19.07923],[105.2257,19.07917],[105.22887,19.07831],[105.22957,19.07831],[105.23042,19.07846],[105.23255,19.0789],[105.23278,19.07894],[105.23396,19.07944],[105.23672,19.08085],[105.23712,19.08122],[105.23833,19.08244],[105.23926,19.08353],[105.23992,19.08435],[105.24153,19.08634],[105.24166,19.08652],[105.24171,19.08656],[105.24174,19.08656],[105.24282,19.08614],[105.24384,19.08569],[105.24463,19.08526],[105.24518,19.08496],[105.24595,19.0845],[105.24641,19.08422],[105.24681,19.08508],[105.24726,19.08737],[105.24737,19.09306],[105.24738,19.09546],[105.24709,19.09792],[105.24539,19.10302],[105.24513,19.10378],[105.24472,19.10475],[105.2443,19.10533],[105.23894,19.11216],[105.2339,19.11739],[105.2339,19.11739],[105.23356,19.11792],[105.23394,19.11868],[105.2372,19.12414],[105.23812,19.12565],[105.23825,19.12582],[105.2385,19.12616],[105.23645,19.12869],[105.23169,19.13415],[105.23059,19.13515],[105.22802,19.13732],[105.2268,19.13729],[105.22495,19.13656],[105.22293,19.13581],[105.2219,19.13565],[105.2218,19.1357]]]},"properties":{"commune_code":"17305","commune_name":"Xã Tân An","commune_kind":"XA","province_code":"40","province_name":"Tỉnh Nghệ An","area_km2":90.41,"valid_from":"16/6/2025","published":"13/07/2025","area_km2_geom":92.95630105327707,"quality_flag":null,"population":22775.0,"population_wp":20239.72974914685,"anchor_ratio":1.1252620604264747,"pop_source":"WORLDPOP2025_ANCHORED_VNSDI","pop_density_ppkm2":245.00759756938598,"n_stations":1,"n_ports":4,"power_kw_site":63.5,"ports_per_10k_pop":1.756311745334797,"util_mean_port_weighted":0.0414498474789162,"dist_station_m_pop_weighted":5974.151083017312}},{"type":"Feature","geometry":{"type":"Polygon","coordinates":[[[105.20677,19.07073],[105.20481,19.07076],[105.2032,19.0706],[105.20299,19.07055],[105.20181,19.07027],[105.20119,19.0701],[105.20045,19.06991],[105.19979,19.06961],[105.19952,19.06949],[105.19865,19.06856],[105.19763,19.0669],[105.19692,19.06563],[105.1966,19.0647],[105.19608,19.06291],[105.19566,19.0612],[105.19539,19.05988],[105.19509,19.05806],[105.1949,19.05677],[105.19462,19.05443],[105.19448,19.0508],[105.19442,19.04894],[105.19437,19.04778],[105.19434,19.04699],[105.19428,19.04624],[105.19415,19.04564],[105.19376,19.04495],[105.19098,19.04114],[105.1897,19.03941],[105.18934,19.03893],[105.18855,19.0379],[105.188,19.03728],[105.18727,19.03676],[105.18645,19.03635],[105.18571,19.03611],[105.18489,19.03604],[105.18389,19.03627],[105.1822,19.03702],[105.17925,19.03933],[105.17615,19.04229],[105.17446,19.04398],[105.17329,19.04465],[105.17231,19.04471],[105.1713,19.0445],[105.17034,19.04412],[105.16985,19.04393],[105.16827,19.04323],[105.16737,19.0424],[105.16606,19.0409],[105.16521,19.03932],[105.16491,19.03821],[105.16483,19.03738],[105.16494,19.03688],[105.16516,19.03639],[105.16581,19.03603],[105.1666,19.03587],[105.16685,19.0359],[105.16764,19.03597],[105.17023,19.03696],[105.17216,19.03755],[105.17317,19.0376],[105.17418,19.03734],[105.17486,19.03693],[105.17527,19.03646],[105.17541,19.03606],[105.17552,19.03573],[105.17551,19.03498],[105.17521,19.03397],[105.17469,19.03288],[105.16994,19.0249],[105.16738,19.02081],[105.16486,19.01721],[105.16427,19.01688],[105.16053,19.01485],[105.1482,19.01097],[105.14684,19.01045],[105.14589,19.0103],[105.14531,19.01035],[105.14455,19.01064],[105.14395,19.01123],[105.14349,19.01261],[105.14344,19.01422],[105.14379,19.01743],[105.14464,19.02033],[105.14484,19.02096],[105.14505,19.02163],[105.14513,19.02306],[105.14492,19.02389],[105.14451,19.02435],[105.14385,19.02472],[105.14301,19.02485],[105.1423,19.02477],[105.14126,19.02438],[105.13998,19.02322],[105.13954,19.02277],[105.13867,19.02189],[105.13794,19.0214],[105.13717,19.02127],[105.1366,19.02125],[105.13586,19.02151],[105.13499,19.02213],[105.13352,19.02402],[105.13016,19.02995],[105.12958,19.03141],[105.1289,19.03315],[105.129,19.0347],[105.12958,19.03607],[105.13103,19.03888],[105.13273,19.04056],[105.13777,19.04094],[105.14375,19.04059],[105.14436,19.04334],[105.1428,19.05171],[105.14275,19.05188],[105.14268,19.05207],[105.14244,19.05254],[105.1423,19.05283],[105.13924,19.05816],[105.13409,19.06171],[105.12898,19.06427],[105.1288,19.06438],[105.12696,19.06606],[105.12686,19.06626],[105.12677,19.06644],[105.12666,19.06721],[105.12668,19.06809],[105.12518,19.07051],[105.12244,19.07076],[105.12089,19.0699],[105.12003,19.06961],[105.11969,19.06952],[105.11766,19.06904],[105.10816,19.06844],[105.10082,19.06951],[105.09307,19.06706],[105.0929,19.06699],[105.09274,19.06689],[105.09195,19.06633],[105.09159,19.06607],[105.09109,19.06517],[105.0874,19.06147],[105.08438,19.05811],[105.08336,19.054],[105.08141,19.0497],[105.07909,19.04651],[105.07855,19.04664],[105.07762,19.04672],[105.07599,19.04633],[105.07273,19.04528],[105.07274,19.04029],[105.07268,19.03316],[105.07236,19.03125],[105.07194,19.02875],[105.07192,19.02868],[105.07189,19.02859],[105.06922,19.02349],[105.06848,19.02241],[105.0702,19.02144],[105.07217,19.01997],[105.0729,19.0154],[105.07324,19.00959],[105.07898,19.00958],[105.08336,19.00695],[105.09068,19.00532],[105.09164,19.00058],[105.09403,18.99902],[105.09623,18.99855],[105.09652,18.99843],[105.09847,18.99729],[105.099,18.99681],[105.10056,18.99523],[105.10156,18.99391],[105.10692,18.99583],[105.10745,18.99651],[105.11013,18.99773],[105.11055,18.99788],[105.11062,18.99791],[105.11156,18.99801],[105.11707,18.99683],[105.1191,18.99611],[105.11967,18.99564],[105.11982,18.99485],[105.12,18.99288],[105.12048,18.99107],[105.12158,18.9879],[105.12198,18.98729],[105.12249,18.9872],[105.12392,18.98794],[105.12701,18.98818],[105.12823,18.9879],[105.13046,18.98644],[105.13208,18.98485],[105.13574,18.98349],[105.14041,18.98189],[105.14568,18.98095],[105.15198,18.97986],[105.15878,18.9777],[105.16333,18.97632],[105.16446,18.97611],[105.1684,18.97568],[105.17571,18.97785],[105.18912,18.97984],[105.1919,18.98092],[105.19228,18.98113],[105.19267,18.98144],[105.19298,18.98179],[105.19322,18.9822],[105.19327,18.98248],[105.19328,18.9829],[105.19745,18.98548],[105.20051,18.98713],[105.20088,18.98731],[105.20464,18.9885],[105.20482,18.9885],[105.20502,18.98844],[105.20558,18.98818],[105.20598,18.98786],[105.20622,18.98755],[105.20647,18.98739],[105.20728,18.98695],[105.20799,18.98667],[105.20816,18.98665],[105.20995,18.98741],[105.21147,18.98828],[105.21437,18.99151],[105.22065,18.99621],[105.22399,18.99829],[105.22556,18.99998],[105.22941,19.00408],[105.22811,19.00505],[105.22766,19.0054],[105.22736,19.00571],[105.22869,19.00778],[105.2278,19.01244],[105.22532,19.01608],[105.22388,19.01838],[105.22232,19.02167],[105.22208,19.02222],[105.22187,19.02271],[105.22181,19.02309],[105.22181,19.02312],[105.22233,19.02356],[105.22338,19.02458],[105.22402,19.02558],[105.22444,19.02626],[105.22447,19.02636],[105.22518,19.02894],[105.22665,19.03437],[105.22646,19.03597],[105.22579,19.03865],[105.22387,19.04168],[105.22332,19.04579],[105.22331,19.04688],[105.2234,19.05392],[105.22317,19.05818],[105.22031,19.05832],[105.21881,19.05863],[105.2175,19.05915],[105.21609,19.05991],[105.21516,19.06081],[105.21437,19.06235],[105.21288,19.06535],[105.21165,19.06756],[105.21083,19.06878],[105.21003,19.06946],[105.20677,19.07073]]]},"properties":{"commune_code":"17326","commune_name":"Xã Nghĩa Hành","commune_kind":"XA","province_code":"40","province_name":"Tỉnh Nghệ An","area_km2":112.0,"valid_from":"16/6/2025","published":"13/07/2025","area_km2_geom":107.97270343824871,"quality_flag":null,"population":22312.0,"population_wp":24538.37740455009,"anchor_ratio":0.9092695752516522,"pop_source":"WORLDPOP2025_ANCHORED_VNSDI","pop_density_ppkm2":206.6448212326237,"n_stations":0,"n_ports":0,"power_kw_site":0.0,"ports_per_10k_pop":0.0,"util_mean_port_weighted":null,"dist_station_m_pop_weighted":11976.225792444511}},{"type":"Feature","geometry":{"type":"Polygon","coordinates":[[[105.0558,19.02383],[105.05244,19.02476],[105.05125,19.02395],[105.05107,19.02369],[105.05106,19.02351],[105.05115,19.02314],[105.04874,19.02198],[105.04725,19.01946],[105.04542,19.01702],[105.04378,19.01556],[105.04176,19.01535],[105.04153,19.01526],[105.0409,19.015],[105.04073,19.01493],[105.04071,19.01491],[105.04056,19.01475],[105.03996,19.01389],[105.03991,19.01366],[105.03985,19.01317],[105.03984,19.01305],[105.03991,19.01241],[105.03996,19.0122],[105.04091,19.00961],[105.0416,19.00802],[105.04228,19.00738],[105.04266,19.0073],[105.04415,19.00556],[105.0455,19.00277],[105.04465,18.99811],[105.04434,18.99654],[105.04335,18.99566],[105.04272,18.99393],[105.04209,18.9918],[105.04257,18.9915],[105.04488,18.98972],[105.04657,18.98824],[105.04727,18.98746],[105.04832,18.98604],[105.05027,18.98304],[105.05184,18.98053],[105.05245,18.97946],[105.05419,18.97642],[105.05509,18.97462],[105.0558,18.97271],[105.05955,18.96379],[105.06343,18.95509],[105.06425,18.95343],[105.06526,18.95174],[105.06713,18.94944],[105.0691,18.94762],[105.07146,18.94557],[105.07161,18.94544],[105.07388,18.94345],[105.07474,18.94244],[105.07579,18.94094],[105.07681,18.93907],[105.07709,18.93853],[105.07554,18.93237],[105.07577,18.92768],[105.07607,18.9269],[105.07612,18.92677],[105.07625,18.92642],[105.07679,18.92515],[105.07693,18.92483],[105.07735,18.92413],[105.07751,18.92398],[105.07767,18.9239],[105.07803,18.92374],[105.079,18.92319],[105.07987,18.9225],[105.08201,18.91981],[105.08127,18.9196],[105.08058,18.91942],[105.08028,18.91939],[105.08006,18.91942],[105.07992,18.91951],[105.07884,18.92033],[105.07377,18.91816],[105.072,18.91684],[105.06792,18.91449],[105.06655,18.91436],[105.06577,18.91436],[105.06497,18.91455],[105.06363,18.91447],[105.05697,18.91321],[105.05613,18.91252],[105.05621,18.91205],[105.05588,18.9077],[105.04396,18.90204],[105.03372,18.90099],[105.0289,18.90016],[105.02737,18.89965],[105.0259,18.89845],[105.0234,18.89655],[105.02059,18.89492],[105.01762,18.89408],[105.01554,18.89112],[105.01412,18.88841],[105.01396,18.88812],[105.01323,18.88733],[105.0128,18.88701],[105.01245,18.88676],[105.01204,18.88649],[105.01047,18.88558],[105.01022,18.88547],[105.00981,18.8853],[105.00952,18.88519],[105.00913,18.88505],[105.00868,18.88501],[105.00841,18.88506],[105.00821,18.88519],[105.00724,18.88566],[105.00569,18.88593],[105.00542,18.88593],[105.00521,18.88587],[105.00081,18.8845],[104.99714,18.88238],[104.99054,18.88112],[104.98683,18.88032],[104.98133,18.87593],[104.97844,18.87228],[104.97662,18.86866],[104.97533,18.8657],[104.97171,18.86459],[104.97109,18.8645],[104.97025,18.86445],[104.96834,18.86452],[104.9662,18.86481],[104.96485,18.86557],[104.95512,18.87095],[104.95277,18.87198],[104.94797,18.87389],[104.94524,18.87472],[104.94431,18.8749],[104.9407,18.87478],[104.93789,18.87483],[104.93682,18.87494],[104.93652,18.87498],[104.93578,18.87529],[104.93454,18.87581],[104.93378,18.87581],[104.93292,18.87553],[104.93207,18.87483],[104.93053,18.87289],[104.92991,18.8721],[104.92883,18.87073],[104.92879,18.87066],[104.92763,18.86851],[104.92709,18.86752],[104.92647,18.8663],[104.92621,18.86502],[104.92211,18.85838],[104.92198,18.85812],[104.92194,18.85783],[104.92185,18.85692],[104.92183,18.85562],[104.92216,18.85214],[104.92228,18.8512],[104.92233,18.85103],[104.92242,18.85072],[104.92274,18.85036],[104.92304,18.85011],[104.92308,18.85007],[104.92345,18.84979],[104.92529,18.84838],[104.92718,18.84725],[104.93451,18.8412],[104.93503,18.83869],[104.93081,18.83219],[104.92745,18.82781],[104.92635,18.82679],[104.92414,18.82467],[104.92213,18.82209],[104.92177,18.82155],[104.92166,18.82125],[104.92101,18.81907],[104.92087,18.81837],[104.92137,18.8159],[104.92196,18.81489],[104.92208,18.81194],[104.92151,18.80964],[104.91917,18.80481],[104.91666,18.80102],[104.915,18.79557],[104.91495,18.79499],[104.91435,18.79276],[104.9142,18.79219],[104.91317,18.79084],[104.9132,18.79085],[104.91322,18.79085],[104.9135,18.79081],[104.91377,18.79068],[104.914,18.79041],[104.91617,18.7882],[104.9171,18.78725],[104.91737,18.78699],[104.91771,18.78666],[104.9181,18.7863],[104.91826,18.78616],[104.91852,18.78592],[104.91853,18.78591],[104.91865,18.78575],[104.91872,18.78558],[104.91882,18.78525],[104.91896,18.7846],[104.91912,18.7842],[104.91928,18.78404],[104.91952,18.78389],[104.91972,18.78381],[104.91984,18.78384],[104.91992,18.78388],[104.91996,18.78405],[104.92002,18.78454],[104.92008,18.78536],[104.92026,18.78574],[104.92037,18.78592],[104.92046,18.78599],[104.92066,18.786],[104.92103,18.78588],[104.92146,18.78567],[104.92161,18.78565],[104.92178,18.78564],[104.92201,18.78566],[104.92227,18.78575],[104.92258,18.78591],[104.92269,18.78596],[104.9232,18.78632],[104.92349,18.78632],[104.92399,18.78608],[104.92431,18.78582],[104.92494,18.78511],[104.92501,18.78499],[104.92523,18.78458],[104.92539,18.78423],[104.92551,18.78377],[104.92559,18.78324],[104.92563,18.78276],[104.9258,18.78144],[104.92601,18.78079],[104.92646,18.78012],[104.92711,18.77948],[104.92738,18.77932],[104.92785,18.77908],[104.92882,18.77866],[104.9307,18.77745],[104.93086,18.77735],[104.93171,18.77685],[104.93203,18.77671],[104.93223,18.77662],[104.93283,18.77646],[104.93311,18.77643],[104.93353,18.77637],[104.9339,18.77629],[104.9342,18.77607],[104.93444,18.77577],[104.93485,18.77514],[104.9349,18.77475],[104.93606,18.77446],[104.93761,18.77402],[104.93797,18.7738],[104.93821,18.77357],[104.93832,18.77327],[104.93845,18.77283],[104.93851,18.77237],[104.93863,18.77201],[104.93872,18.77182],[104.9389,18.77126],[104.93897,18.77104],[104.93904,18.77062],[104.93904,18.7704],[104.93898,18.76999],[104.93861,18.76868],[104.93853,18.76807],[104.93849,18.76723],[104.9385,18.76575],[104.93843,18.76493],[104.93844,18.76432],[104.93846,18.76351],[104.93844,18.76319],[104.93837,18.76271],[104.93826,18.76223],[104.93807,18.76154],[104.93794,18.7611],[104.93741,18.7597],[104.93817,18.75997],[104.93998,18.76076],[104.94042,18.76099],[104.94142,18.76166],[104.94421,18.76389],[104.95699,18.77476],[104.96324,18.78047],[104.96417,18.78143],[104.96463,18.78196],[104.96782,18.78752],[104.97301,18.79662],[104.97944,18.79929],[104.98025,18.79969],[104.98537,18.80334],[104.9868,18.80438],[104.98767,18.80502],[104.98824,18.8057],[104.98846,18.80617],[104.98861,18.8069],[104.98877,18.80784],[104.98946,18.81001],[104.98976,18.81051],[104.99171,18.81255],[104.99348,18.81364],[104.99503,18.8142],[104.99596,18.81428],[104.99772,18.81611],[104.99788,18.81629],[105.00009,18.82011],[105.00017,18.8204],[105.00082,18.82251],[105.00206,18.82462],[105.00421,18.82689],[105.00552,18.82785],[105.00857,18.82972],[105.00984,18.8305],[105.01353,18.83208],[105.01851,18.83533],[105.02063,18.83754],[105.02144,18.83912],[105.02201,18.84085],[105.02301,18.8427],[105.02672,18.84778],[105.02892,18.84988],[105.03111,18.85089],[105.03206,18.85018],[105.03356,18.84766],[105.03444,18.84581],[105.0367,18.8445],[105.04091,18.84246],[105.04423,18.8415],[105.04505,18.84168],[105.05227,18.84957],[105.05454,18.85328],[105.05692,18.85519],[105.06021,18.85682],[105.06333,18.858],[105.06502,18.85961],[105.06653,18.86242],[105.06892,18.86577],[105.07087,18.86816],[105.07187,18.86894],[105.07803,18.87348],[105.07998,18.87401],[105.08067,18.87383],[105.08192,18.87264],[105.08406,18.87198],[105.08619,18.87204],[105.08789,18.87287],[105.08958,18.87395],[105.09169,18.87441],[105.0912,18.87577],[105.0904,18.87854],[105.08999,18.88297],[105.09077,18.88713],[105.09111,18.88721],[105.09194,18.88757],[105.09221,18.88777],[105.09268,18.88815],[105.09381,18.88926],[105.09417,18.88971],[105.09437,18.89006],[105.0944,18.89033],[105.09418,18.89433],[105.09701,18.89821],[105.09993,18.90108],[105.10175,18.9034],[105.10193,18.90368],[105.10362,18.90728],[105.10576,18.91233],[105.11017,18.91911],[105.11057,18.91916],[105.11238,18.91951],[105.11361,18.92696],[105.11007,18.92985],[105.11146,18.93278],[105.11321,18.93457],[105.11509,18.93584],[105.11559,18.94083],[105.11444,18.94203],[105.11489,18.9445],[105.11852,18.94639],[105.11956,18.94692],[105.11805,18.94879],[105.11781,18.94909],[105.1161,18.95095],[105.11449,18.95219],[105.11323,18.95309],[105.11174,18.95391],[105.10907,18.95524],[105.10595,18.95666],[105.10964,18.96098],[105.10976,18.96107],[105.11014,18.96126],[105.11061,18.96143],[105.11234,18.96191],[105.11283,18.96202],[105.11311,18.96206],[105.11329,18.96202],[105.11343,18.96189],[105.11551,18.96336],[105.11537,18.96715],[105.11484,18.97124],[105.11481,18.9721],[105.11505,18.9732],[105.11624,18.97687],[105.11654,18.97777],[105.11673,18.97804],[105.12219,18.98699],[105.12392,18.98794],[105.12249,18.9872],[105.12198,18.98729],[105.12158,18.9879],[105.12048,18.99107],[105.12,18.99288],[105.11982,18.99485],[105.11967,18.99564],[105.1191,18.99611],[105.11707,18.99683],[105.11156,18.99801],[105.11062,18.99791],[105.11055,18.99788],[105.11013,18.99773],[105.10745,18.99651],[105.10692,18.99583],[105.10156,18.99391],[105.10056,18.99523],[105.099,18.99681],[105.09847,18.99729],[105.09652,18.99843],[105.09623,18.99855],[105.09403,18.99902],[105.09164,19.00058],[105.09068,19.00532],[105.08336,19.00695],[105.07898,19.00958],[105.07324,19.00959],[105.0729,19.0154],[105.07217,19.01997],[105.0702,19.02144],[105.06848,19.02241],[105.06845,19.02249],[105.06789,19.02379],[105.06644,19.0242],[105.06542,19.02346],[105.06243,19.02173],[105.06042,19.02163],[105.05986,19.02166],[105.05953,19.02168],[105.05928,19.02182],[105.0558,19.02383]]]},"properties":{"commune_code":"17329","commune_name":"Xã Anh Sơn","commune_kind":"XA","province_code":"40","province_name":"Tỉnh Nghệ An","area_km2":196.65,"valid_from":"16/6/2025","published":"13/07/2025","area_km2_geom":196.4015766230035,"quality_flag":null,"population":29539.0,"population_wp":28145.77936572954,"anchor_ratio":1.0495001618596802,"pop_source":"WORLDPOP2025_ANCHORED_VNSDI","pop_density_ppkm2":150.4010329647234,"n_stations":1,"n_ports":4,"power_kw_site":240.0,"ports_per_10k_pop":1.3541419817867903,"util_mean_port_weighted":0.4103942652329749,"dist_station_m_pop_weighted":8881.463939475441}},{"type":"Feature","geometry":{"type":"Polygon","coordinates":[[[105.0683,19.17406],[105.06621,19.1742],[105.06535,19.17409],[105.06498,19.17403],[105.06468,19.17394],[105.0555,19.17103],[105.05386,19.17022],[105.05295,19.16963],[105.05209,19.1691],[105.04873,19.16744],[105.04796,19.16719],[105.04629,19.16701],[105.04519,19.16709],[105.04407,19.16745],[105.04348,19.16791],[105.04273,19.16863],[105.04186,19.16967],[105.03837,19.16696],[105.03497,19.16336],[105.02871,19.15741],[105.02732,19.15663],[105.02628,19.15587],[105.0254,19.1547],[105.02518,19.154],[105.02517,19.1534],[105.02603,19.14971],[105.02661,19.1478],[105.02708,19.14227],[105.02621,19.13542],[105.02487,19.12891],[105.02459,19.12401],[105.02455,19.12154],[105.02451,19.121],[105.02441,19.12058],[105.02308,19.11779],[105.02219,19.11695],[105.02134,19.11666],[105.02043,19.11646],[105.01981,19.11622],[105.01729,19.11497],[105.01665,19.1145],[105.01379,19.11215],[105.0115,19.10996],[105.0094,19.1064],[105.00869,19.10452],[105.01015,19.10315],[105.01061,19.10227],[105.01113,19.10108],[105.01117,19.10071],[105.01116,19.10055],[105.011,19.10024],[105.00922,19.0985],[105.00521,19.09371],[105.00471,19.09299],[105.0046,19.09177],[105.00459,19.09167],[105.00458,19.0909],[105.00458,19.09005],[105.00488,19.08923],[105.0053,19.08847],[105.00635,19.08761],[105.00652,19.08674],[105.0065,19.0855],[105.00637,19.08415],[105.00582,19.08125],[105.00536,19.07942],[105.00519,19.0789],[105.00502,19.07868],[105.00152,19.07311],[105.0013,19.07038],[105.00108,19.07017],[104.99933,19.06927],[104.99867,19.06921],[104.9947,19.06948],[104.99281,19.07007],[104.99058,19.06879],[104.98959,19.06475],[104.98848,19.0612],[104.98825,19.06054],[104.98789,19.06006],[104.98518,19.05819],[104.98464,19.05792],[104.97531,19.05062],[104.97091,19.04939],[104.97256,19.04714],[104.97524,19.04352],[104.97597,19.0427],[104.97681,19.04267],[104.97751,19.04279],[104.97837,19.04277],[104.97977,19.04238],[104.98349,19.04137],[104.98437,19.04065],[104.98462,19.04044],[104.98484,19.04002],[104.98488,19.03986],[104.98489,19.0396],[104.98486,19.03947],[104.98482,19.03933],[104.98474,19.03911],[104.98457,19.03869],[104.9843,19.038],[104.9843,19.03782],[104.98496,19.03604],[104.98564,19.03477],[104.98622,19.03385],[104.98684,19.03337],[104.9872,19.03316],[104.98763,19.03292],[104.98785,19.0328],[104.98804,19.03273],[104.98854,19.03258],[104.99201,19.03188],[105.00239,19.03354],[105.00458,19.03391],[105.00713,19.0346],[105.00973,19.03584],[105.01292,19.03754],[105.01336,19.03785],[105.01376,19.038],[105.01465,19.03805],[105.01861,19.03809],[105.01869,19.03762],[105.01856,19.03255],[105.02298,19.03381],[105.0257,19.03176],[105.02747,19.03058],[105.02952,19.0297],[105.03179,19.0295],[105.03601,19.03005],[105.03989,19.02948],[105.0421,19.02874],[105.04516,19.02723],[105.04649,19.02645],[105.04673,19.02614],[105.04874,19.02198],[105.05115,19.02314],[105.05106,19.02351],[105.05107,19.02369],[105.05125,19.02395],[105.05244,19.02476],[105.0558,19.02383],[105.05928,19.02182],[105.05953,19.02168],[105.05986,19.02166],[105.06042,19.02163],[105.06243,19.02173],[105.06542,19.02346],[105.06644,19.0242],[105.06789,19.02379],[105.06845,19.02249],[105.06848,19.02241],[105.06922,19.02349],[105.07189,19.02859],[105.07192,19.02868],[105.07194,19.02875],[105.07236,19.03125],[105.07268,19.03316],[105.07274,19.04029],[105.07273,19.04528],[105.07599,19.04633],[105.07762,19.04672],[105.07855,19.04664],[105.07909,19.04651],[105.08141,19.0497],[105.08336,19.054],[105.08438,19.05811],[105.0874,19.06147],[105.09109,19.06517],[105.09159,19.06607],[105.08636,19.06495],[105.08206,19.06408],[105.08168,19.06401],[105.0753,19.06281],[105.07299,19.06254],[105.06353,19.06188],[105.05654,19.06234],[105.05505,19.06274],[105.05025,19.0703],[105.04924,19.07228],[105.04671,19.08396],[105.04565,19.08966],[105.04583,19.09287],[105.04868,19.10188],[105.05193,19.10435],[105.05566,19.10908],[105.05619,19.10982],[105.05629,19.11042],[105.0561,19.11114],[105.05508,19.11227],[105.05451,19.11282],[105.05437,19.11333],[105.05443,19.1141],[105.05458,19.11457],[105.05477,19.11498],[105.0555,19.11592],[105.05659,19.11698],[105.05775,19.11784],[105.05887,19.11851],[105.05896,19.11857],[105.06047,19.11918],[105.06361,19.12083],[105.06418,19.12163],[105.06524,19.12352],[105.06557,19.12466],[105.06592,19.12671],[105.06604,19.12812],[105.06606,19.12981],[105.06587,19.13112],[105.06507,19.13446],[105.06469,19.13566],[105.06126,19.14307],[105.05822,19.14663],[105.05792,19.14697],[105.05781,19.14767],[105.05781,19.1485],[105.05787,19.14904],[105.06003,19.152],[105.06283,19.15495],[105.0633,19.15526],[105.06375,19.15548],[105.06603,19.15656],[105.07106,19.16314],[105.07304,19.16599],[105.07385,19.1682],[105.07393,19.16957],[105.074,19.17008],[105.07403,19.17026],[105.07406,19.17048],[105.07419,19.17096],[105.07451,19.17148],[105.0756,19.17314],[105.0683,19.17406]]]},"properties":{"commune_code":"17335","commune_name":"Xã Thành Bình Thọ","commune_kind":"XA","province_code":"40","province_name":"Tỉnh Nghệ An","area_km2":88.18,"valid_from":"16/6/2025","published":"13/07/2025","area_km2_geom":88.29906254542566,"quality_flag":null,"population":12021.0,"population_wp":14065.410747367889,"anchor_ratio":0.8546497657204596,"pop_source":"WORLDPOP2025_ANCHORED_VNSDI","pop_density_ppkm2":136.1396106987633,"n_stations":0,"n_ports":0,"power_kw_site":0.0,"ports_per_10k_pop":0.0,"util_mean_port_weighted":null,"dist_station_m_pop_weighted":20352.05900074644}},{"type":"Feature","geometry":{"type":"Polygon","coordinates":[[[104.93575,19.06282],[104.935,19.06335],[104.93222,19.06197],[104.93192,19.06169],[104.9311,19.06097],[104.93064,19.06064],[104.92732,19.05953],[104.91764,19.0598],[104.914,19.06087],[104.91257,19.06103],[104.91231,19.06102],[104.91194,19.061],[104.90841,19.06067],[104.90703,19.05846],[104.90686,19.05818],[104.9057,19.05679],[104.90477,19.05579],[104.90431,19.05547],[104.90281,19.05445],[104.90158,19.05318],[104.90098,19.05203],[104.9006,19.05095],[104.89929,19.04442],[104.90064,19.0437],[104.90282,19.04301],[104.90317,19.04293],[104.90581,19.04247],[104.90713,19.04252],[104.90845,19.04265],[104.90946,19.04285],[104.91089,19.04342],[104.91308,19.04466],[104.91457,19.0453],[104.91587,19.04556],[104.91707,19.04552],[104.91885,19.04519],[104.92018,19.04459],[104.92267,19.04347],[104.92415,19.04297],[104.92549,19.04267],[104.92655,19.0426],[104.92872,19.04271],[104.93065,19.04286],[104.93191,19.04271],[104.93289,19.04237],[104.93378,19.04178],[104.93462,19.04097],[104.93551,19.03985],[104.93686,19.03749],[104.93789,19.03552],[104.93671,19.03594],[104.93532,19.03649],[104.93391,19.03677],[104.93278,19.03691],[104.93052,19.03657],[104.93087,19.03553],[104.93112,19.03428],[104.93045,19.03346],[104.92688,19.03122],[104.92578,19.02564],[104.9258,19.02543],[104.92602,19.02405],[104.92622,19.02346],[104.92769,19.02085],[104.92878,19.0192],[104.93208,19.01635],[104.93244,19.01624],[104.93314,19.01651],[104.93519,19.01714],[104.93562,19.01718],[104.93646,19.01703],[104.93808,19.01621],[104.93862,19.01572],[104.93884,19.0148],[104.93884,19.01444],[104.93869,19.01304],[104.93741,19.00824],[104.93662,19.00548],[104.93556,19.00172],[104.93501,18.99685],[104.93492,18.99637],[104.93489,18.99547],[104.93497,18.99398],[104.9351,18.99283],[104.9352,18.99216],[104.93536,18.99159],[104.93559,18.99122],[104.93626,18.99037],[104.94456,18.98421],[104.94558,18.98369],[104.94711,18.98309],[104.94943,18.98264],[104.95018,18.98258],[104.95113,18.9825],[104.95319,18.98243],[104.95528,18.98244],[104.95596,18.98256],[104.95718,18.98288],[104.95861,18.98319],[104.95889,18.98321],[104.96076,18.98329],[104.96125,18.98329],[104.96133,18.98329],[104.96158,18.98327],[104.96692,18.98245],[104.96719,18.98238],[104.96737,18.98229],[104.96748,18.98218],[104.96751,18.98212],[104.9675,18.98207],[104.96738,18.98205],[104.96598,18.98176],[104.96564,18.98165],[104.96528,18.98146],[104.96292,18.97925],[104.9612,18.97762],[104.96116,18.97742],[104.96122,18.97701],[104.96235,18.9733],[104.96249,18.97305],[104.963,18.97264],[104.96615,18.97057],[104.96652,18.97038],[104.96707,18.97021],[104.96766,18.97012],[104.96876,18.96997],[104.97048,18.96957],[104.9743,18.96822],[104.97476,18.96798],[104.97533,18.96755],[104.97597,18.96706],[104.97662,18.96647],[104.97675,18.96629],[104.97684,18.96602],[104.97688,18.9657],[104.97692,18.96531],[104.97687,18.96266],[104.97675,18.96227],[104.97665,18.96206],[104.97642,18.96178],[104.97542,18.96122],[104.97506,18.96089],[104.97448,18.95978],[104.97428,18.95919],[104.97418,18.95849],[104.97422,18.95798],[104.97433,18.95746],[104.97503,18.95497],[104.97641,18.95146],[104.97656,18.95109],[104.97672,18.95076],[104.97713,18.94997],[104.97741,18.94945],[104.98082,18.94881],[104.98683,18.94797],[104.99045,18.95492],[104.98864,18.96031],[104.98656,18.96447],[104.99127,18.97144],[104.99443,18.97525],[104.99871,18.98034],[105.00149,18.9816],[105.00186,18.98154],[105.00186,18.98154],[105.01125,18.98324],[105.01284,18.98385],[105.01629,18.98517],[105.01831,18.98699],[105.0198,18.98872],[105.02009,18.9897],[105.02065,18.99226],[105.02109,18.99437],[105.02152,18.99565],[105.0218,18.99628],[105.02226,18.99691],[105.02262,18.99726],[105.02319,18.99753],[105.02419,18.99772],[105.0258,18.99779],[105.02781,18.99762],[105.03175,18.99684],[105.03537,18.99561],[105.03708,18.9949],[105.03947,18.99347],[105.04209,18.9918],[105.04272,18.99393],[105.04335,18.99566],[105.04434,18.99654],[105.04465,18.99811],[105.0455,19.00277],[105.04415,19.00556],[105.04266,19.0073],[105.04228,19.00738],[105.0416,19.00802],[105.04091,19.00961],[105.03996,19.0122],[105.03991,19.01241],[105.03984,19.01305],[105.03985,19.01317],[105.03991,19.01366],[105.03996,19.01389],[105.04056,19.01475],[105.04071,19.01491],[105.04073,19.01493],[105.0409,19.015],[105.04153,19.01526],[105.04176,19.01535],[105.04378,19.01556],[105.04542,19.01702],[105.04725,19.01946],[105.04874,19.02198],[105.04673,19.02614],[105.04649,19.02645],[105.04516,19.02723],[105.0421,19.02874],[105.03989,19.02948],[105.03601,19.03005],[105.03179,19.0295],[105.02952,19.0297],[105.02747,19.03058],[105.0257,19.03176],[105.02298,19.03381],[105.01856,19.03255],[105.01869,19.03762],[105.01861,19.03809],[105.01465,19.03805],[105.01376,19.038],[105.01336,19.03785],[105.01292,19.03754],[105.00973,19.03584],[105.00713,19.0346],[105.00458,19.03391],[105.00239,19.03354],[104.99201,19.03188],[104.98854,19.03258],[104.98804,19.03273],[104.98785,19.0328],[104.98763,19.03292],[104.9872,19.03316],[104.98684,19.03337],[104.98622,19.03385],[104.98564,19.03477],[104.98496,19.03604],[104.9843,19.03782],[104.9843,19.038],[104.98457,19.03869],[104.98474,19.03911],[104.98482,19.03933],[104.98486,19.03947],[104.98489,19.0396],[104.98488,19.03986],[104.98484,19.04002],[104.98462,19.04044],[104.98437,19.04065],[104.98349,19.04137],[104.97977,19.04238],[104.97837,19.04277],[104.97751,19.04279],[104.97681,19.04267],[104.97597,19.0427],[104.97524,19.04352],[104.97256,19.04714],[104.97091,19.04939],[104.96938,19.05155],[104.96457,19.05604],[104.96298,19.05654],[104.96084,19.05643],[104.95965,19.0561],[104.95805,19.05556],[104.95777,19.05544],[104.95751,19.05527],[104.9569,19.05445],[104.95678,19.05419],[104.95508,19.05349],[104.9521,19.05409],[104.9426,19.05966],[104.93575,19.06282]]]},"properties":{"commune_code":"17344","commune_name":"Xã Nhân Hòa","commune_kind":"XA","province_code":"40","province_name":"Tỉnh Nghệ An","area_km2":86.88,"valid_from":"16/6/2025","published":"13/07/2025","area_km2_geom":86.49759548566307,"quality_flag":null,"population":22626.0,"population_wp":25103.245454115793,"anchor_ratio":0.9013177217008155,"pop_source":"WORLDPOP2025_ANCHORED_VNSDI","pop_density_ppkm2":261.57952568462144,"n_stations":0,"n_ports":0,"power_kw_site":0.0,"ports_per_10k_pop":0.0,"util_mean_port_weighted":null,"dist_station_m_pop_weighted":14964.373144204174}},{"type":"Feature","geometry":{"type":"Polygon","coordinates":[[[105.02781,18.99762],[105.0258,18.99779],[105.02419,18.99772],[105.02319,18.99753],[105.02262,18.99726],[105.02226,18.99691],[105.0218,18.99628],[105.02152,18.99565],[105.02109,18.99437],[105.02065,18.99226],[105.02009,18.9897],[105.0198,18.98872],[105.01831,18.98699],[105.01629,18.98517],[105.01284,18.98385],[105.01125,18.98324],[105.00186,18.98154],[105.00186,18.98154],[105.00149,18.9816],[104.99871,18.98034],[104.99443,18.97525],[104.99127,18.97144],[104.98656,18.96447],[104.98864,18.96031],[104.99045,18.95492],[104.98683,18.94797],[104.98082,18.94881],[104.97741,18.94945],[104.97722,18.94915],[104.97615,18.94787],[104.97375,18.94548],[104.9728,18.94316],[104.97854,18.9397],[104.98154,18.93932],[104.98315,18.9328],[104.98471,18.9294],[104.98988,18.9256],[104.99571,18.91997],[104.99873,18.9168],[105.0045,18.91301],[105.00568,18.9127],[105.00648,18.91215],[105.00709,18.91148],[105.00734,18.91118],[105.00734,18.91106],[105.00594,18.90786],[105.0046,18.90482],[105.00348,18.90189],[105.00305,18.9003],[105.00276,18.89722],[105.00313,18.89701],[105.00422,18.89663],[105.00504,18.8965],[105.00985,18.89236],[105.01412,18.88841],[105.01554,18.89112],[105.01762,18.89408],[105.02059,18.89492],[105.0234,18.89655],[105.0259,18.89845],[105.02737,18.89965],[105.0289,18.90016],[105.03372,18.90099],[105.04396,18.90204],[105.05588,18.9077],[105.05621,18.91205],[105.05613,18.91252],[105.05697,18.91321],[105.06363,18.91447],[105.06497,18.91455],[105.06577,18.91436],[105.06655,18.91436],[105.06792,18.91449],[105.072,18.91684],[105.07377,18.91816],[105.07884,18.92033],[105.07992,18.91951],[105.08006,18.91942],[105.08028,18.91939],[105.08058,18.91942],[105.08127,18.9196],[105.08201,18.91981],[105.07987,18.9225],[105.079,18.92319],[105.07803,18.92374],[105.07767,18.9239],[105.07751,18.92398],[105.07735,18.92413],[105.07693,18.92483],[105.07679,18.92515],[105.07625,18.92642],[105.07612,18.92677],[105.07607,18.9269],[105.07577,18.92768],[105.07554,18.93237],[105.07709,18.93853],[105.07681,18.93907],[105.07579,18.94094],[105.07474,18.94244],[105.07388,18.94345],[105.07161,18.94544],[105.07146,18.94557],[105.0691,18.94762],[105.06713,18.94944],[105.06526,18.95174],[105.06425,18.95343],[105.06343,18.95509],[105.05955,18.96379],[105.0558,18.97271],[105.05509,18.97462],[105.05419,18.97642],[105.05245,18.97946],[105.05184,18.98053],[105.05027,18.98304],[105.04832,18.98604],[105.04727,18.98746],[105.04657,18.98824],[105.04488,18.98972],[105.04257,18.9915],[105.04209,18.9918],[105.03947,18.99347],[105.03708,18.9949],[105.03537,18.99561],[105.03175,18.99684],[105.02781,18.99762]]]},"properties":{"commune_code":"17357","commune_name":"Xã Vĩnh Tường","commune_kind":"XA","province_code":"40","province_name":"Tỉnh Nghệ An","area_km2":76.44,"valid_from":"16/6/2025","published":"13/07/2025","area_km2_geom":76.05163442043221,"quality_flag":null,"population":24810.0,"population_wp":23783.37419727072,"anchor_ratio":1.0431656918910643,"pop_source":"WORLDPOP2025_ANCHORED_VNSDI","pop_density_ppkm2":326.22573057199793,"n_stations":0,"n_ports":0,"power_kw_site":0.0,"ports_per_10k_pop":0.0,"util_mean_port_weighted":null,"dist_station_m_pop_weighted":8195.965259157721}},{"type":"Feature","geometry":{"type":"Polygon","coordinates":[[[105.22715,18.99979],[105.22556,18.99998],[105.22399,18.99829],[105.22065,18.99621],[105.21437,18.99151],[105.21147,18.98828],[105.20995,18.98741],[105.20816,18.98665],[105.20799,18.98667],[105.20728,18.98695],[105.20647,18.98739],[105.20622,18.98755],[105.20598,18.98786],[105.20558,18.98818],[105.20502,18.98844],[105.20482,18.9885],[105.20464,18.9885],[105.20088,18.98731],[105.20051,18.98713],[105.19745,18.98548],[105.19328,18.9829],[105.19327,18.98248],[105.19322,18.9822],[105.19298,18.98179],[105.19267,18.98144],[105.19228,18.98113],[105.1919,18.98092],[105.18912,18.97984],[105.17571,18.97785],[105.1684,18.97568],[105.16446,18.97611],[105.16333,18.97632],[105.15878,18.9777],[105.15198,18.97986],[105.14568,18.98095],[105.14041,18.98189],[105.13574,18.98349],[105.13208,18.98485],[105.13046,18.98644],[105.12823,18.9879],[105.12701,18.98818],[105.12392,18.98794],[105.12219,18.98699],[105.11673,18.97804],[105.11654,18.97777],[105.11624,18.97687],[105.11505,18.9732],[105.11481,18.9721],[105.11484,18.97124],[105.11537,18.96715],[105.11551,18.96336],[105.11343,18.96189],[105.11329,18.96202],[105.11311,18.96206],[105.11283,18.96202],[105.11234,18.96191],[105.11061,18.96143],[105.11014,18.96126],[105.10976,18.96107],[105.10964,18.96098],[105.10595,18.95666],[105.10907,18.95524],[105.11174,18.95391],[105.11323,18.95309],[105.11449,18.95219],[105.1161,18.95095],[105.11781,18.94909],[105.11805,18.94879],[105.11956,18.94692],[105.12092,18.94522],[105.12245,18.9431],[105.1228,18.94249],[105.12303,18.94209],[105.12315,18.94181],[105.12359,18.9408],[105.12387,18.94011],[105.12445,18.93864],[105.12524,18.9361],[105.12567,18.93482],[105.12576,18.93455],[105.12624,18.93365],[105.12702,18.93282],[105.12787,18.93231],[105.12897,18.93198],[105.12897,18.93198],[105.1299,18.93202],[105.13025,18.93213],[105.13094,18.93234],[105.13398,18.93393],[105.13568,18.93493],[105.1368,18.93559],[105.13746,18.93597],[105.14251,18.94148],[105.1437,18.9432],[105.1447,18.94467],[105.14585,18.9463],[105.14692,18.94754],[105.14823,18.94884],[105.14943,18.94964],[105.14959,18.94972],[105.15032,18.95008],[105.1515,18.95044],[105.15261,18.95054],[105.15275,18.95056],[105.15446,18.95048],[105.15569,18.95021],[105.1578,18.94925],[105.16055,18.94771],[105.16064,18.94766],[105.16392,18.94571],[105.1669,18.94349],[105.16872,18.94203],[105.16939,18.94149],[105.17156,18.93979],[105.17359,18.93828],[105.17535,18.93738],[105.17847,18.93617],[105.18078,18.93569],[105.18114,18.93561],[105.1839,18.93529],[105.18621,18.93503],[105.20464,18.93394],[105.20844,18.93381],[105.20943,18.93378],[105.21312,18.93389],[105.2169,18.93402],[105.21885,18.93398],[105.21961,18.93389],[105.22038,18.93379],[105.22293,18.93314],[105.22607,18.93223],[105.22834,18.93141],[105.23057,18.93035],[105.23096,18.93006],[105.232,18.9293],[105.23394,18.92746],[105.23508,18.9262],[105.23464,18.92885],[105.23824,18.9314],[105.23956,18.93221],[105.24309,18.93651],[105.2457,18.9443],[105.24742,18.94941],[105.24328,18.95433],[105.24101,18.95985],[105.24076,18.96038],[105.24026,18.96085],[105.23835,18.9622],[105.23489,18.96556],[105.23416,18.9663],[105.23199,18.96859],[105.22986,18.97086],[105.2295,18.97134],[105.22835,18.97322],[105.22827,18.9735],[105.22827,18.97351],[105.22829,18.97377],[105.22877,18.97468],[105.22918,18.97505],[105.22979,18.97735],[105.2297,18.98547],[105.22964,18.98553],[105.22856,18.98576],[105.22602,18.98925],[105.22721,18.99331],[105.22936,18.99684],[105.22946,18.9975],[105.22946,18.9975],[105.22866,18.99909],[105.22774,18.99961],[105.22715,18.99979]]]},"properties":{"commune_code":"17365","commune_name":"Xã Anh Sơn Đông","commune_kind":"XA","province_code":"40","province_name":"Tỉnh Nghệ An","area_km2":65.85,"valid_from":"16/6/2025","published":"13/07/2025","area_km2_geom":66.21017788238335,"quality_flag":null,"population":16214.0,"population_wp":14808.58799732104,"anchor_ratio":1.0949051998025205,"pop_source":"WORLDPOP2025_ANCHORED_VNSDI","pop_density_ppkm2":244.88682131020352,"n_stations":0,"n_ports":0,"power_kw_site":0.0,"ports_per_10k_pop":0.0,"util_mean_port_weighted":null,"dist_station_m_pop_weighted":10738.452341742155}},{"type":"Feature","geometry":{"type":"Polygon","coordinates":[[[105.15446,18.95048],[105.15275,18.95056],[105.15261,18.95054],[105.1515,18.95044],[105.15032,18.95008],[105.14959,18.94972],[105.14943,18.94964],[105.14823,18.94884],[105.14692,18.94754],[105.14585,18.9463],[105.1447,18.94467],[105.1437,18.9432],[105.14251,18.94148],[105.13746,18.93597],[105.1368,18.93559],[105.13568,18.93493],[105.13398,18.93393],[105.13094,18.93234],[105.13025,18.93213],[105.1299,18.93202],[105.12897,18.93198],[105.12897,18.93198],[105.12787,18.93231],[105.12702,18.93282],[105.12624,18.93365],[105.12576,18.93455],[105.12567,18.93482],[105.12524,18.9361],[105.12445,18.93864],[105.12387,18.94011],[105.12359,18.9408],[105.12315,18.94181],[105.12303,18.94209],[105.1228,18.94249],[105.12245,18.9431],[105.12092,18.94522],[105.11956,18.94692],[105.11852,18.94639],[105.11489,18.9445],[105.11444,18.94203],[105.11559,18.94083],[105.11509,18.93584],[105.11321,18.93457],[105.11146,18.93278],[105.11007,18.92985],[105.11361,18.92696],[105.11238,18.91951],[105.11057,18.91916],[105.11017,18.91911],[105.10576,18.91233],[105.10362,18.90728],[105.10193,18.90368],[105.10175,18.9034],[105.09993,18.90108],[105.09701,18.89821],[105.09418,18.89433],[105.0944,18.89033],[105.09437,18.89006],[105.09417,18.88971],[105.09381,18.88926],[105.09268,18.88815],[105.09221,18.88777],[105.09194,18.88757],[105.09111,18.88721],[105.09077,18.88713],[105.08999,18.88297],[105.0904,18.87854],[105.0912,18.87577],[105.09169,18.87441],[105.0923,18.87455],[105.09453,18.87431],[105.09566,18.87417],[105.09657,18.87405],[105.09887,18.87349],[105.09892,18.87347],[105.10249,18.87039],[105.10624,18.86786],[105.1072,18.86733],[105.10748,18.86721],[105.10764,18.8672],[105.10788,18.86725],[105.10968,18.86814],[105.11072,18.86941],[105.11224,18.87126],[105.11275,18.87153],[105.11333,18.87148],[105.11591,18.86935],[105.11693,18.86787],[105.11783,18.86575],[105.11838,18.86454],[105.11875,18.86411],[105.11978,18.86341],[105.11998,18.86334],[105.12299,18.86253],[105.13119,18.86065],[105.13199,18.86081],[105.13368,18.86171],[105.13728,18.86407],[105.14062,18.86694],[105.14361,18.86827],[105.15669,18.86568],[105.15689,18.86551],[105.15721,18.86546],[105.15734,18.86547],[105.15744,18.86548],[105.15974,18.86569],[105.16213,18.86686],[105.16361,18.86805],[105.16373,18.86827],[105.1638,18.86866],[105.16395,18.86977],[105.16387,18.87103],[105.16394,18.8714],[105.16426,18.87188],[105.16466,18.87232],[105.16789,18.87478],[105.16814,18.87493],[105.16888,18.8753],[105.16992,18.87546],[105.17001,18.87547],[105.17011,18.87545],[105.17023,18.87541],[105.17034,18.87536],[105.17057,18.87526],[105.17063,18.87521],[105.17765,18.87066],[105.17936,18.87096],[105.18209,18.8721],[105.1843,18.8736],[105.18437,18.87567],[105.18443,18.87598],[105.18456,18.87633],[105.18556,18.87862],[105.18608,18.87961],[105.1867,18.8792],[105.18735,18.87869],[105.18965,18.88004],[105.19226,18.88434],[105.19752,18.88666],[105.20386,18.88782],[105.20943,18.88721],[105.21114,18.88696],[105.21194,18.8864],[105.21442,18.88378],[105.21851,18.88313],[105.22064,18.88355],[105.22162,18.88448],[105.22637,18.88814],[105.22744,18.89096],[105.22748,18.89198],[105.23158,18.89473],[105.23872,18.89746],[105.24135,18.90053],[105.24757,18.90331],[105.2478,18.90345],[105.24832,18.90412],[105.24983,18.90643],[105.24983,18.90643],[105.24983,18.90655],[105.24969,18.90718],[105.25378,18.91371],[105.25457,18.91577],[105.25409,18.91565],[105.25403,18.91563],[105.25063,18.91506],[105.24902,18.91499],[105.24755,18.91526],[105.24569,18.91595],[105.2455,18.91606],[105.24396,18.91694],[105.24201,18.91852],[105.24079,18.91972],[105.23928,18.92122],[105.23508,18.9262],[105.23394,18.92746],[105.232,18.9293],[105.23096,18.93006],[105.23057,18.93035],[105.22834,18.93141],[105.22607,18.93223],[105.22293,18.93314],[105.22038,18.93379],[105.21961,18.93389],[105.21885,18.93398],[105.2169,18.93402],[105.21312,18.93389],[105.20943,18.93378],[105.20844,18.93381],[105.20464,18.93394],[105.18621,18.93503],[105.1839,18.93529],[105.18114,18.93561],[105.18078,18.93569],[105.17847,18.93617],[105.17535,18.93738],[105.17359,18.93828],[105.17156,18.93979],[105.16939,18.94149],[105.16872,18.94203],[105.1669,18.94349],[105.16392,18.94571],[105.16064,18.94766],[105.16055,18.94771],[105.1578,18.94925],[105.15569,18.95021],[105.15446,18.95048]]]},"properties":{"commune_code":"17380","commune_name":"Xã Yên Xuân","commune_kind":"XA","province_code":"40","province_name":"Tỉnh Nghệ An","area_km2":90.41,"valid_from":"16/6/2025","published":"13/07/2025","area_km2_geom":101.4119782292081,"quality_flag":null,"population":27707.0,"population_wp":25991.678045561537,"anchor_ratio":1.0659950446997546,"pop_source":"WORLDPOP2025_ANCHORED_VNSDI","pop_density_ppkm2":273.2123017793571,"n_stations":1,"n_ports":8,"power_kw_site":360.0,"ports_per_10k_pop":2.887356985599307,"util_mean_port_weighted":0.055542203422418765,"dist_station_m_pop_weighted":7442.832231419728}},{"type":"Feature","geometry":{"type":"Polygon","coordinates":[[[105.548,19.18216],[105.54682,19.18572],[105.54287,19.18354],[105.54247,19.18325],[105.53909,19.17903],[105.53797,19.17645],[105.53533,19.17388],[105.52913,19.1703],[105.52747,19.16936],[105.52357,19.16782],[105.51871,19.16885],[105.51801,19.1691],[105.51691,19.16934],[105.51607,19.16934],[105.51521,19.16927],[105.51171,19.16852],[105.51018,19.16811],[105.50969,19.1678],[105.50843,19.16657],[105.50632,19.16463],[105.50208,19.16104],[105.50132,19.16063],[105.50084,19.16052],[105.49911,19.1604],[105.49654,19.15982],[105.49192,19.15757],[105.491,19.15706],[105.49041,19.15663],[105.48878,19.15485],[105.48876,19.15373],[105.48879,19.15322],[105.48881,19.15316],[105.48897,19.1527],[105.4894,19.1522],[105.48947,19.15211],[105.49013,19.15155],[105.49047,19.15129],[105.49354,19.14404],[105.498,19.14613],[105.50186,19.14682],[105.50823,19.14688],[105.50905,19.1467],[105.51235,19.14554],[105.51352,19.14473],[105.51389,19.14428],[105.51402,19.14388],[105.51847,19.1397],[105.52048,19.13947],[105.52159,19.13893],[105.52298,19.13773],[105.52352,19.13704],[105.5237,19.13662],[105.52383,19.13607],[105.52316,19.13104],[105.52552,19.12925],[105.52606,19.12936],[105.52671,19.12922],[105.52724,19.12893],[105.53064,19.12456],[105.53207,19.12141],[105.53806,19.11983],[105.54071,19.11938],[105.54445,19.11829],[105.5471,19.11737],[105.54772,19.11697],[105.54905,19.11571],[105.54909,19.11565],[105.55082,19.11175],[105.554,19.1076],[105.55359,19.10667],[105.55337,19.1056],[105.55313,19.10417],[105.55299,19.10292],[105.55301,19.1028],[105.55306,19.10277],[105.55319,19.10276],[105.55386,19.10279],[105.55557,19.1029],[105.55801,19.10311],[105.55832,19.10308],[105.56061,19.10273],[105.56218,19.102],[105.56237,19.10184],[105.56245,19.1016],[105.56319,19.09683],[105.56322,19.09425],[105.56317,19.093],[105.5631,19.0927],[105.56287,19.09239],[105.56028,19.08797],[105.56008,19.08614],[105.5602,19.0858],[105.56032,19.08549],[105.56095,19.08428],[105.56173,19.08363],[105.56316,19.08295],[105.56362,19.08282],[105.56789,19.08245],[105.5726,19.08044],[105.57432,19.07957],[105.57658,19.07783],[105.57788,19.0726],[105.58003,19.06795],[105.5826,19.06748],[105.58368,19.06653],[105.58732,19.06397],[105.59017,19.06291],[105.59023,19.06289],[105.5908,19.06271],[105.59091,19.06267],[105.59392,19.06441],[105.5957,19.06631],[105.60229,19.06473],[105.60321,19.06721],[105.60627,19.06944],[105.61122,19.07395],[105.61418,19.07692],[105.61476,19.07903],[105.6139,19.07929],[105.61413,19.08089],[105.61471,19.08413],[105.61968,19.09266],[105.62242,19.09386],[105.62406,19.09398],[105.62466,19.09437],[105.62536,19.09522],[105.62674,19.09709],[105.62673,19.09761],[105.62437,19.09946],[105.62347,19.09807],[105.62076,19.09842],[105.61917,19.09914],[105.61895,19.10249],[105.61896,19.10298],[105.61898,19.10341],[105.61934,19.10492],[105.61984,19.10613],[105.61999,19.10686],[105.61992,19.10767],[105.61923,19.10829],[105.61094,19.11508],[105.6074,19.11673],[105.60603,19.11478],[105.60468,19.11482],[105.60436,19.11508],[105.60428,19.11514],[105.60309,19.11612],[105.59851,19.12055],[105.59727,19.12206],[105.5924,19.12664],[105.5861,19.13094],[105.58419,19.13172],[105.58216,19.13207],[105.58077,19.13239],[105.57986,19.1332],[105.57931,19.13462],[105.57901,19.13617],[105.5786,19.13711],[105.57664,19.1382],[105.57457,19.13926],[105.57265,19.14208],[105.57123,19.14335],[105.56951,19.1439],[105.56463,19.14321],[105.5633,19.14335],[105.56228,19.1438],[105.56118,19.14466],[105.5607,19.14579],[105.56105,19.14681],[105.56398,19.14953],[105.56427,19.15069],[105.56431,19.15086],[105.56391,19.15156],[105.56249,19.15265],[105.56058,19.15349],[105.55925,19.15357],[105.55791,19.15419],[105.55666,19.15583],[105.55675,19.15691],[105.55763,19.16082],[105.55741,19.16183],[105.55701,19.16247],[105.55412,19.16408],[105.55007,19.16751],[105.54909,19.1687],[105.54823,19.16991],[105.54785,19.17281],[105.54834,19.17537],[105.54862,19.17709],[105.54874,19.17877],[105.54872,19.17929],[105.548,19.18216]]]},"properties":{"commune_code":"17395","commune_name":"Xã Hùng Châu","commune_kind":"XA","province_code":"40","province_name":"Tỉnh Nghệ An","area_km2":69.11,"valid_from":"16/6/2025","published":"13/07/2025","area_km2_geom":68.66986403622619,"quality_flag":null,"population":55583.00000000001,"population_wp":47424.99785387702,"anchor_ratio":1.1720190303699942,"pop_source":"WORLDPOP2025_ANCHORED_VNSDI","pop_density_ppkm2":809.4234753497936,"n_stations":2,"n_ports":12,"power_kw_site":250.5,"ports_per_10k_pop":2.1589334868574923,"util_mean_port_weighted":0.060267851206010255,"dist_station_m_pop_weighted":3433.025841494356}},{"type":"Feature","geometry":{"type":"Polygon","coordinates":[[[105.5826,19.06748],[105.58003,19.06795],[105.57916,19.0666],[105.57682,19.05912],[105.57613,19.056],[105.57474,19.05128],[105.5721,19.04925],[105.57043,19.04912],[105.56949,19.04916],[105.56932,19.04839],[105.56939,19.0472],[105.57207,19.04214],[105.57675,19.03543],[105.57884,19.03335],[105.58008,19.03134],[105.58022,19.03077],[105.5803,19.03043],[105.58116,19.02677],[105.58011,19.02552],[105.5765,19.02134],[105.5745,19.01671],[105.57232,19.01607],[105.57177,19.01627],[105.57085,19.0162],[105.57107,19.01349],[105.57131,19.01238],[105.57179,19.01032],[105.57224,19.00935],[105.57354,19.00872],[105.57481,19.00799],[105.57497,19.00637],[105.57663,19.00568],[105.57785,19.00367],[105.5781,19.00384],[105.57825,19.00394],[105.58158,19.00358],[105.58175,19.00356],[105.58178,19.00309],[105.58181,19.00268],[105.58181,19.00267],[105.58212,19.00204],[105.58281,19.00151],[105.58295,19.0015],[105.58393,19.00141],[105.58505,19.00147],[105.58508,19.00147],[105.58591,19.00173],[105.59044,19.00389],[105.59211,19.00711],[105.59208,19.0099],[105.59248,19.01382],[105.5927,19.01554],[105.59284,19.01584],[105.59601,19.01801],[105.5983,19.01848],[105.59832,19.01848],[105.59837,19.0183],[105.59851,19.01768],[105.5987,19.01679],[105.59882,19.0163],[105.59887,19.01606],[105.59891,19.01594],[105.59948,19.01609],[105.60062,19.01644],[105.60164,19.01676],[105.60185,19.01685],[105.6026,19.01724],[105.6033,19.0176],[105.60379,19.01787],[105.60399,19.01804],[105.60416,19.01885],[105.6042,19.01904],[105.60428,19.0194],[105.60431,19.01953],[105.60472,19.02057],[105.60476,19.02069],[105.60639,19.02364],[105.6079,19.02632],[105.60916,19.0266],[105.61104,19.0292],[105.61142,19.02991],[105.61178,19.03074],[105.61192,19.03106],[105.61241,19.0324],[105.61243,19.03247],[105.613,19.03445],[105.61021,19.03657],[105.60988,19.03671],[105.60604,19.03838],[105.60647,19.0427],[105.60694,19.04619],[105.60795,19.04807],[105.61011,19.05031],[105.6071,19.05611],[105.60735,19.05836],[105.60723,19.05913],[105.60706,19.05996],[105.60528,19.06065],[105.60326,19.06089],[105.60118,19.06193],[105.60191,19.06378],[105.60191,19.06379],[105.60229,19.06473],[105.5957,19.06631],[105.59392,19.06441],[105.59091,19.06267],[105.5908,19.06271],[105.59023,19.06289],[105.59017,19.06291],[105.58732,19.06397],[105.58368,19.06653],[105.5826,19.06748]]]},"properties":{"commune_code":"17416","commune_name":"Xã Đức Châu","commune_kind":"XA","province_code":"40","province_name":"Tỉnh Nghệ An","area_km2":20.97,"valid_from":"16/6/2025","published":"13/07/2025","area_km2_geom":20.69675579255037,"quality_flag":null,"population":40898.99999999999,"population_wp":38868.59662348218,"anchor_ratio":1.0522376301924716,"pop_source":"WORLDPOP2025_ANCHORED_VNSDI","pop_density_ppkm2":1976.1068067837598,"n_stations":1,"n_ports":1,"power_kw_site":30.0,"ports_per_10k_pop":0.2445047556174968,"util_mean_port_weighted":0.12418114497294218,"dist_station_m_pop_weighted":2624.0346080195495}},{"type":"Feature","geometry":{"type":"Polygon","coordinates":[[[105.64325,19.10452],[105.64243,19.10467],[105.64158,19.10459],[105.63819,19.10353],[105.63245,19.10033],[105.62705,19.09901],[105.62673,19.09761],[105.62674,19.09709],[105.62536,19.09522],[105.62466,19.09437],[105.62406,19.09398],[105.62242,19.09386],[105.61968,19.09266],[105.61471,19.08413],[105.61413,19.08089],[105.6139,19.07929],[105.61476,19.07903],[105.61418,19.07692],[105.61122,19.07395],[105.60627,19.06944],[105.60321,19.06721],[105.60229,19.06473],[105.60191,19.06379],[105.60191,19.06378],[105.60118,19.06193],[105.60326,19.06089],[105.60528,19.06065],[105.60706,19.05996],[105.60723,19.05913],[105.60735,19.05836],[105.6071,19.05611],[105.61011,19.05031],[105.60795,19.04807],[105.60694,19.04619],[105.60647,19.0427],[105.60604,19.03838],[105.60988,19.03671],[105.61021,19.03657],[105.613,19.03445],[105.61243,19.03247],[105.61241,19.0324],[105.61192,19.03106],[105.61178,19.03074],[105.61142,19.02991],[105.61104,19.0292],[105.60916,19.0266],[105.6079,19.02632],[105.60639,19.02364],[105.60476,19.02069],[105.60472,19.02057],[105.60431,19.01953],[105.60428,19.0194],[105.6042,19.01904],[105.60416,19.01885],[105.60422,19.01884],[105.6055,19.01874],[105.60638,19.01857],[105.60646,19.01854],[105.60896,19.01746],[105.6117,19.01628],[105.61237,19.01593],[105.61398,19.01508],[105.61442,19.01471],[105.61509,19.01414],[105.61636,19.01187],[105.61703,19.01012],[105.6173,19.00809],[105.61717,19.00706],[105.61674,19.00539],[105.6161,19.00403],[105.61517,19.00269],[105.61466,19.00217],[105.61392,19.00187],[105.61353,19.00181],[105.61299,19.00176],[105.61251,19.00176],[105.61222,19.00179],[105.61108,19.00212],[105.61058,19.00214],[105.61019,19.00216],[105.60958,19.00212],[105.60921,19.00203],[105.60877,19.00184],[105.60835,19.00159],[105.60797,19.00114],[105.60784,19.00096],[105.60727,19.0],[105.60683,18.99917],[105.60683,18.99917],[105.60664,18.99809],[105.60656,18.99573],[105.60678,18.99321],[105.60711,18.99124],[105.60763,18.98937],[105.60823,18.98794],[105.61026,18.98538],[105.61206,18.98358],[105.61289,18.98304],[105.61424,18.98262],[105.61698,18.98255],[105.6169,18.98329],[105.61803,18.9878],[105.61881,18.99175],[105.61889,18.99236],[105.61901,18.99342],[105.61916,18.9951],[105.61928,18.99722],[105.61933,18.99847],[105.61934,18.99893],[105.61934,18.99901],[105.61934,18.99901],[105.61933,18.99909],[105.61932,18.99917],[105.61915,19.0001],[105.61935,19.00568],[105.6196,19.01121],[105.62024,19.01673],[105.62079,19.02033],[105.62109,19.02223],[105.62284,19.02767],[105.62458,19.03306],[105.62669,19.0389],[105.62911,19.04439],[105.6347,19.05594],[105.63695,19.06038],[105.64011,19.06598],[105.64011,19.06598],[105.64011,19.06598],[105.64112,19.0677],[105.64442,19.07313],[105.64517,19.07426],[105.64859,19.07905],[105.65351,19.08461],[105.6536,19.08471],[105.65542,19.08654],[105.65728,19.08821],[105.65531,19.09161],[105.65379,19.09395],[105.65267,19.09352],[105.65046,19.09266],[105.64663,19.09159],[105.64338,19.09122],[105.64106,19.09433],[105.64209,19.09473],[105.6424,19.09446],[105.64333,19.09395],[105.64362,19.0939],[105.64417,19.094],[105.6445,19.09415],[105.64665,19.09584],[105.64703,19.09646],[105.64857,19.10073],[105.64853,19.10102],[105.64812,19.10156],[105.64729,19.10238],[105.64698,19.10267],[105.64665,19.10292],[105.64387,19.10433],[105.64325,19.10452]]]},"properties":{"commune_code":"17419","commune_name":"Xã Hải Châu","commune_kind":"XA","province_code":"40","province_name":"Tỉnh Nghệ An","area_km2":29.13,"valid_from":"16/6/2025","published":"13/07/2025","area_km2_geom":28.579358255459784,"quality_flag":null,"population":43155.0,"population_wp":39582.9439235758,"anchor_ratio":1.0902423044460992,"pop_source":"WORLDPOP2025_ANCHORED_VNSDI","pop_density_ppkm2":1510.0059145574305,"n_stations":0,"n_ports":0,"power_kw_site":0.0,"ports_per_10k_pop":0.0,"util_mean_port_weighted":null,"dist_station_m_pop_weighted":4259.773410056674}},{"type":"Feature","geometry":{"type":"Polygon","coordinates":[[[105.56949,19.04916],[105.56024,19.05],[105.55427,19.04647],[105.54822,19.04695],[105.54409,19.04749],[105.54373,19.04743],[105.54355,19.04721],[105.54289,19.04496],[105.54279,19.04104],[105.54007,19.03154],[105.53859,19.03206],[105.53647,19.02941],[105.53594,19.02859],[105.5336,19.02395],[105.53387,19.02337],[105.53404,19.02303],[105.53545,19.02191],[105.53534,19.02107],[105.53164,19.02014],[105.52585,19.02046],[105.52449,19.0222],[105.52426,19.02312],[105.52386,19.02467],[105.52042,19.02543],[105.51124,19.01999],[105.51013,19.01888],[105.50993,19.01856],[105.50984,19.0184],[105.50979,19.01829],[105.50977,19.01824],[105.50912,19.01697],[105.51038,19.01569],[105.51095,19.01612],[105.51139,19.01635],[105.51204,19.01649],[105.51249,19.01648],[105.51364,19.01648],[105.5137,19.01648],[105.51451,19.01642],[105.51517,19.01623],[105.51688,19.0155],[105.51712,19.01538],[105.51776,19.01505],[105.51802,19.01473],[105.5181,19.0144],[105.51878,19.00926],[105.51681,19.00508],[105.51429,18.99988],[105.51449,18.99576],[105.51734,18.99159],[105.51773,18.99123],[105.51806,18.99103],[105.51861,18.99097],[105.51915,18.99096],[105.51972,18.99107],[105.5202,18.99127],[105.52045,18.99138],[105.52062,18.99148],[105.52075,18.9917],[105.52076,18.99181],[105.52077,18.99189],[105.52071,18.99208],[105.52061,18.99228],[105.52034,18.99258],[105.51987,18.99304],[105.5197,18.99327],[105.51967,18.99357],[105.51968,18.99368],[105.51985,18.99398],[105.51989,18.99403],[105.52026,18.99456],[105.52072,18.99497],[105.52104,18.99504],[105.52472,18.99576],[105.52539,18.99581],[105.5265,18.99567],[105.52673,18.99564],[105.52749,18.99548],[105.52805,18.99524],[105.52832,18.99502],[105.52841,18.99484],[105.52841,18.99443],[105.52811,18.99295],[105.52792,18.99225],[105.52788,18.99214],[105.52777,18.99214],[105.52754,18.99214],[105.52717,18.99226],[105.52701,18.99276],[105.52688,18.99295],[105.52671,18.99308],[105.52628,18.99308],[105.52591,18.99296],[105.52582,18.99293],[105.5258,18.99289],[105.52566,18.99252],[105.52566,18.99194],[105.52581,18.9915],[105.52777,18.98839],[105.52805,18.98798],[105.52811,18.98795],[105.52842,18.98783],[105.52865,18.98784],[105.52896,18.98784],[105.52977,18.98925],[105.53423,18.99727],[105.53518,18.99969],[105.53783,18.99969],[105.53845,18.99967],[105.53888,18.99865],[105.53898,18.99823],[105.53899,18.99748],[105.53895,18.99726],[105.53892,18.99705],[105.53892,18.99688],[105.53897,18.99668],[105.53912,18.99648],[105.53929,18.99636],[105.53985,18.99633],[105.54068,18.99634],[105.54198,18.99685],[105.54398,18.99802],[105.54449,18.99902],[105.5446,19.00035],[105.54623,19.0013],[105.54806,19.00168],[105.54878,19.00181],[105.54937,19.00186],[105.54992,19.00188],[105.55057,19.00187],[105.55119,19.00184],[105.55204,19.0018],[105.55208,19.0018],[105.55189,19.00094],[105.5518,19.00066],[105.55158,19.0005],[105.55253,18.99965],[105.55362,18.99904],[105.5562,18.99917],[105.55715,18.99998],[105.55923,19.00192],[105.55923,19.00207],[105.55917,19.00436],[105.55917,19.00437],[105.56119,19.0051],[105.56244,19.00523],[105.56449,19.00545],[105.56551,19.00519],[105.56619,19.00471],[105.56619,19.00468],[105.56662,19.00243],[105.56734,19.00239],[105.56809,19.00239],[105.57025,19.00274],[105.57411,19.00453],[105.57497,19.00637],[105.57481,19.00799],[105.57354,19.00872],[105.57224,19.00935],[105.57179,19.01032],[105.57131,19.01238],[105.57107,19.01349],[105.57085,19.0162],[105.57177,19.01627],[105.57232,19.01607],[105.5745,19.01671],[105.5765,19.02134],[105.58011,19.02552],[105.58116,19.02677],[105.5803,19.03043],[105.58022,19.03077],[105.58008,19.03134],[105.57884,19.03335],[105.57675,19.03543],[105.57207,19.04214],[105.56939,19.0472],[105.56932,19.04839],[105.56949,19.04916]]]},"properties":{"commune_code":"17443","commune_name":"Xã Quảng Châu","commune_kind":"XA","province_code":"40","province_name":"Tỉnh Nghệ An","area_km2":26.4,"valid_from":"16/6/2025","published":"13/07/2025","area_km2_geom":27.036977609557997,"quality_flag":null,"population":37434.0,"population_wp":40618.98761399835,"anchor_ratio":0.92158870023386,"pop_source":"WORLDPOP2025_ANCHORED_VNSDI","pop_density_ppkm2":1384.548248720171,"n_stations":1,"n_ports":6,"power_kw_site":180.0,"ports_per_10k_pop":1.6028209648982208,"util_mean_port_weighted":0.1989460749562834,"dist_station_m_pop_weighted":3406.6106374344563}},{"type":"Feature","geometry":{"type":"Polygon","coordinates":[[[105.60422,19.01884],[105.60416,19.01885],[105.60399,19.01804],[105.60379,19.01787],[105.6033,19.0176],[105.6026,19.01724],[105.60185,19.01685],[105.60164,19.01676],[105.60062,19.01644],[105.59948,19.01609],[105.59891,19.01594],[105.59887,19.01606],[105.59882,19.0163],[105.5987,19.01679],[105.59851,19.01768],[105.59837,19.0183],[105.59832,19.01848],[105.5983,19.01848],[105.59601,19.01801],[105.59284,19.01584],[105.5927,19.01554],[105.59248,19.01382],[105.59208,19.0099],[105.59211,19.00711],[105.59044,19.00389],[105.58591,19.00173],[105.58508,19.00147],[105.58505,19.00147],[105.58393,19.00141],[105.58295,19.0015],[105.58281,19.00151],[105.58212,19.00204],[105.58181,19.00267],[105.58181,19.00268],[105.58178,19.00309],[105.58175,19.00356],[105.58158,19.00358],[105.57825,19.00394],[105.5781,19.00384],[105.57785,19.00367],[105.57762,18.99959],[105.57817,18.99054],[105.5782,18.98933],[105.57763,18.9871],[105.57656,18.98603],[105.57593,18.98483],[105.57653,18.98216],[105.5775,18.98055],[105.57831,18.98117],[105.57842,18.98116],[105.57877,18.97854],[105.57884,18.97794],[105.57895,18.97704],[105.57898,18.97658],[105.57896,18.97615],[105.57886,18.97542],[105.57874,18.97471],[105.5738,18.97208],[105.57192,18.97362],[105.56895,18.97076],[105.56975,18.96336],[105.56982,18.96323],[105.57084,18.96138],[105.57255,18.96181],[105.57383,18.96165],[105.57603,18.96081],[105.5778,18.9595],[105.57839,18.95755],[105.57966,18.95761],[105.58018,18.95768],[105.58113,18.95784],[105.58145,18.95791],[105.58445,18.95921],[105.58548,18.95969],[105.58669,18.96082],[105.58753,18.96169],[105.59129,18.96368],[105.5921,18.9634],[105.59427,18.96151],[105.59634,18.96022],[105.59773,18.96228],[105.59802,18.96234],[105.60013,18.96274],[105.6014,18.96262],[105.60275,18.96232],[105.60517,18.96204],[105.6108,18.96179],[105.61641,18.96269],[105.61971,18.96279],[105.61919,18.96769],[105.61793,18.97811],[105.61698,18.98255],[105.61424,18.98262],[105.61289,18.98304],[105.61206,18.98358],[105.61026,18.98538],[105.60823,18.98794],[105.60763,18.98937],[105.60711,18.99124],[105.60678,18.99321],[105.60656,18.99573],[105.60664,18.99809],[105.60683,18.99917],[105.60683,18.99917],[105.60727,19.0],[105.60784,19.00096],[105.60797,19.00114],[105.60835,19.00159],[105.60877,19.00184],[105.60921,19.00203],[105.60958,19.00212],[105.61019,19.00216],[105.61058,19.00214],[105.61108,19.00212],[105.61222,19.00179],[105.61251,19.00176],[105.61299,19.00176],[105.61353,19.00181],[105.61392,19.00187],[105.61466,19.00217],[105.61517,19.00269],[105.6161,19.00403],[105.61674,19.00539],[105.61717,19.00706],[105.6173,19.00809],[105.61703,19.01012],[105.61636,19.01187],[105.61509,19.01414],[105.61442,19.01471],[105.61398,19.01508],[105.61237,19.01593],[105.6117,19.01628],[105.60896,19.01746],[105.60646,19.01854],[105.60638,19.01857],[105.6055,19.01874],[105.60422,19.01884]]]},"properties":{"commune_code":"17464","commune_name":"Xã Diễn Châu","commune_kind":"XA","province_code":"40","province_name":"Tỉnh Nghệ An","area_km2":22.21,"valid_from":"16/6/2025","published":"13/07/2025","area_km2_geom":22.388557775732952,"quality_flag":null,"population":63294.0,"population_wp":54927.51884396933,"anchor_ratio":1.152318570583846,"pop_source":"WORLDPOP2025_ANCHORED_VNSDI","pop_density_ppkm2":2827.0691053000573,"n_stations":2,"n_ports":18,"power_kw_site":461.0,"ports_per_10k_pop":2.843871457010143,"util_mean_port_weighted":0.29891917729303424,"dist_station_m_pop_weighted":3211.394381676929}},{"type":"Feature","geometry":{"type":"Polygon","coordinates":[[[105.57663,19.00568],[105.57497,19.00637],[105.57411,19.00453],[105.57025,19.00274],[105.56809,19.00239],[105.56734,19.00239],[105.56662,19.00243],[105.56619,19.00468],[105.56619,19.00471],[105.56551,19.00519],[105.56449,19.00545],[105.56244,19.00523],[105.56119,19.0051],[105.55917,19.00437],[105.55917,19.00436],[105.55923,19.00207],[105.55923,19.00192],[105.55715,18.99998],[105.5562,18.99917],[105.55362,18.99904],[105.55253,18.99965],[105.55158,19.0005],[105.5518,19.00066],[105.55189,19.00094],[105.55208,19.0018],[105.55204,19.0018],[105.55119,19.00184],[105.55057,19.00187],[105.54992,19.00188],[105.54937,19.00186],[105.54878,19.00181],[105.54806,19.00168],[105.54623,19.0013],[105.5446,19.00035],[105.54449,18.99902],[105.54398,18.99802],[105.54198,18.99685],[105.54068,18.99634],[105.53985,18.99633],[105.53929,18.99636],[105.53912,18.99648],[105.53897,18.99668],[105.53892,18.99688],[105.53892,18.99705],[105.53895,18.99726],[105.53899,18.99748],[105.53898,18.99823],[105.53888,18.99865],[105.53845,18.99967],[105.53783,18.99969],[105.53518,18.99969],[105.53423,18.99727],[105.52977,18.98925],[105.52896,18.98784],[105.53064,18.9879],[105.5311,18.98785],[105.53181,18.98778],[105.5323,18.98752],[105.53234,18.98721],[105.53235,18.98714],[105.53235,18.98708],[105.53223,18.98654],[105.5319,18.98623],[105.52775,18.98297],[105.52718,18.98329],[105.52654,18.98335],[105.52621,18.98306],[105.52612,18.98298],[105.52604,18.98272],[105.52572,18.98171],[105.52553,18.98085],[105.52536,18.98012],[105.52485,18.97524],[105.52307,18.97469],[105.52236,18.97457],[105.52053,18.97412],[105.51372,18.97223],[105.51323,18.97203],[105.51624,18.96968],[105.51655,18.96792],[105.51714,18.96236],[105.51706,18.96021],[105.51603,18.95429],[105.52043,18.94934],[105.52236,18.94391],[105.52206,18.94322],[105.52178,18.94209],[105.52115,18.93936],[105.52104,18.9375],[105.52126,18.93594],[105.52225,18.93468],[105.5226,18.93419],[105.52277,18.93344],[105.52278,18.93306],[105.52276,18.93293],[105.52264,18.93265],[105.52254,18.93245],[105.52202,18.93186],[105.52127,18.93137],[105.52005,18.9312],[105.51866,18.93105],[105.51666,18.92814],[105.51614,18.92697],[105.51569,18.92534],[105.51543,18.92236],[105.51542,18.92226],[105.51637,18.92166],[105.51668,18.92146],[105.51745,18.9208],[105.51809,18.92019],[105.51978,18.91787],[105.52087,18.91864],[105.5243,18.9212],[105.52512,18.92187],[105.52733,18.92377],[105.53449,18.92645],[105.53499,18.9269],[105.53521,18.92734],[105.53516,18.92755],[105.5351,18.92774],[105.53482,18.92843],[105.53458,18.92901],[105.53417,18.92978],[105.53416,18.92979],[105.53409,18.92991],[105.53368,18.93049],[105.53318,18.93116],[105.53303,18.93133],[105.53303,18.93133],[105.53298,18.93152],[105.53292,18.93242],[105.53674,18.93375],[105.53727,18.9335],[105.53843,18.93281],[105.54134,18.93425],[105.5496,18.94012],[105.55073,18.94163],[105.55263,18.94338],[105.55319,18.94329],[105.55489,18.9428],[105.55643,18.94233],[105.55648,18.94218],[105.55647,18.94105],[105.56285,18.94101],[105.56869,18.9445],[105.56889,18.94448],[105.56898,18.94451],[105.56917,18.94457],[105.56919,18.94458],[105.56939,18.94469],[105.57001,18.94503],[105.57057,18.94545],[105.5708,18.94582],[105.57079,18.94586],[105.57079,18.94588],[105.57069,18.94614],[105.56988,18.94795],[105.56966,18.95295],[105.5697,18.95439],[105.56995,18.95609],[105.57079,18.95909],[105.57084,18.96138],[105.56982,18.96323],[105.56975,18.96336],[105.56895,18.97076],[105.57192,18.97362],[105.5738,18.97208],[105.57874,18.97471],[105.57886,18.97542],[105.57896,18.97615],[105.57898,18.97658],[105.57895,18.97704],[105.57884,18.97794],[105.57877,18.97854],[105.57842,18.98116],[105.57831,18.98117],[105.5775,18.98055],[105.57653,18.98216],[105.57593,18.98483],[105.57656,18.98603],[105.57763,18.9871],[105.5782,18.98933],[105.57817,18.99054],[105.57762,18.99959],[105.57785,19.00367],[105.57663,19.00568]]]},"properties":{"commune_code":"17476","commune_name":"Xã Minh Châu","commune_kind":"XA","province_code":"40","province_name":"Tỉnh Nghệ An","area_km2":39.68,"valid_from":"16/6/2025","published":"13/07/2025","area_km2_geom":39.479791194346056,"quality_flag":null,"population":44358.0,"population_wp":48108.13467713818,"anchor_ratio":0.9220478053804005,"pop_source":"WORLDPOP2025_ANCHORED_VNSDI","pop_density_ppkm2":1123.5621734076587,"n_stations":1,"n_ports":4,"power_kw_site":240.0,"ports_per_10k_pop":0.9017539113575905,"util_mean_port_weighted":0.4061786529680365,"dist_station_m_pop_weighted":3995.5688066135785}},{"type":"Feature","geometry":{"type":"Polygon","coordinates":[[[105.5921,18.9634],[105.59129,18.96368],[105.58753,18.96169],[105.58669,18.96082],[105.58548,18.95969],[105.58445,18.95921],[105.58145,18.95791],[105.58113,18.95784],[105.58018,18.95768],[105.57966,18.95761],[105.57839,18.95755],[105.5778,18.9595],[105.57603,18.96081],[105.57383,18.96165],[105.57255,18.96181],[105.57084,18.96138],[105.57079,18.95909],[105.56995,18.95609],[105.5697,18.95439],[105.56966,18.95295],[105.56988,18.94795],[105.57489,18.95078],[105.57914,18.94813],[105.58145,18.94334],[105.58793,18.9424],[105.59548,18.94329],[105.59652,18.94355],[105.59839,18.93987],[105.59893,18.93805],[105.59992,18.93464],[105.60032,18.93177],[105.59845,18.9313],[105.59775,18.93115],[105.594,18.92919],[105.59205,18.92363],[105.59262,18.9189],[105.59313,18.917],[105.5944,18.91254],[105.59461,18.91206],[105.59508,18.9111],[105.59674,18.90848],[105.59862,18.90345],[105.59736,18.90011],[105.59906,18.89525],[105.5995,18.88523],[105.5995,18.88516],[105.59967,18.88458],[105.60011,18.88309],[105.60078,18.882],[105.60101,18.88163],[105.60172,18.88058],[105.60188,18.88036],[105.60207,18.88015],[105.60229,18.88004],[105.60237,18.88],[105.60717,18.87816],[105.6093,18.87728],[105.61063,18.87927],[105.61037,18.87958],[105.61016,18.87994],[105.61005,18.8805],[105.61053,18.88187],[105.6119,18.88443],[105.61326,18.88643],[105.61355,18.88679],[105.61358,18.88672],[105.61389,18.88597],[105.61417,18.88516],[105.61791,18.88165],[105.6205,18.88289],[105.62415,18.88456],[105.62668,18.88493],[105.6278,18.88487],[105.63071,18.88543],[105.63125,18.88565],[105.63169,18.88614],[105.63302,18.88786],[105.63431,18.88998],[105.6353,18.89145],[105.63743,18.8933],[105.63826,18.89398],[105.64014,18.89542],[105.64046,18.89559],[105.6392,18.89582],[105.63777,18.89676],[105.63744,18.89721],[105.63658,18.89834],[105.63607,18.89947],[105.63516,18.90187],[105.63424,18.90427],[105.63071,18.9151],[105.62888,18.9209],[105.62644,18.92926],[105.62633,18.92964],[105.62557,18.93236],[105.62367,18.93983],[105.62349,18.94052],[105.62325,18.94157],[105.62236,18.94604],[105.62075,18.95609],[105.61971,18.96279],[105.61641,18.96269],[105.6108,18.96179],[105.60517,18.96204],[105.60275,18.96232],[105.6014,18.96262],[105.60013,18.96274],[105.59802,18.96234],[105.59773,18.96228],[105.59634,18.96022],[105.59427,18.96151],[105.5921,18.9634]]]},"properties":{"commune_code":"17479","commune_name":"Xã An Châu","commune_kind":"XA","province_code":"40","province_name":"Tỉnh Nghệ An","area_km2":34.87,"valid_from":"16/6/2025","published":"13/07/2025","area_km2_geom":34.09047531629885,"quality_flag":null,"population":43437.0,"population_wp":44165.79114023782,"anchor_ratio":0.9834987414145097,"pop_source":"WORLDPOP2025_ANCHORED_VNSDI","pop_density_ppkm2":1274.168212586714,"n_stations":2,"n_ports":19,"power_kw_site":750.0,"ports_per_10k_pop":4.374151069364827,"util_mean_port_weighted":0.1127644198376672,"dist_station_m_pop_weighted":2790.071171198298}},{"type":"Feature","geometry":{"type":"Polygon","coordinates":[[[105.57914,18.94813],[105.57489,18.95078],[105.56988,18.94795],[105.57069,18.94614],[105.57079,18.94588],[105.57079,18.94586],[105.5708,18.94582],[105.57057,18.94545],[105.57001,18.94503],[105.56939,18.94469],[105.56919,18.94458],[105.56917,18.94457],[105.56898,18.94451],[105.56889,18.94448],[105.56869,18.9445],[105.56285,18.94101],[105.55647,18.94105],[105.55648,18.94218],[105.55643,18.94233],[105.55489,18.9428],[105.55319,18.94329],[105.55263,18.94338],[105.55073,18.94163],[105.5496,18.94012],[105.54134,18.93425],[105.53843,18.93281],[105.53727,18.9335],[105.53674,18.93375],[105.53292,18.93242],[105.53298,18.93152],[105.53303,18.93133],[105.53303,18.93133],[105.53318,18.93116],[105.53368,18.93049],[105.53409,18.92991],[105.53416,18.92979],[105.53417,18.92978],[105.53458,18.92901],[105.53482,18.92843],[105.5351,18.92774],[105.53516,18.92755],[105.53521,18.92734],[105.53499,18.9269],[105.53449,18.92645],[105.52733,18.92377],[105.52512,18.92187],[105.5243,18.9212],[105.52087,18.91864],[105.51978,18.91787],[105.52071,18.91664],[105.52135,18.91567],[105.52179,18.91434],[105.52177,18.91389],[105.52083,18.90925],[105.51927,18.90539],[105.5145,18.90069],[105.51201,18.89666],[105.5143,18.89549],[105.51628,18.8948],[105.51848,18.89413],[105.51944,18.89392],[105.52172,18.89361],[105.5234,18.89352],[105.52392,18.8935],[105.52475,18.89356],[105.52609,18.89321],[105.52749,18.89245],[105.5337,18.88889],[105.5351,18.88699],[105.53483,18.88507],[105.53497,18.88338],[105.53564,18.88076],[105.53643,18.87889],[105.53755,18.87742],[105.53992,18.87483],[105.54216,18.87338],[105.54229,18.87327],[105.54255,18.87304],[105.54434,18.8695],[105.54444,18.86918],[105.54449,18.86786],[105.54438,18.86682],[105.54388,18.86578],[105.54335,18.8647],[105.54316,18.86384],[105.54316,18.86288],[105.54319,18.86198],[105.5436,18.86126],[105.54432,18.86083],[105.54511,18.86047],[105.54639,18.86046],[105.54831,18.86078],[105.54993,18.86078],[105.55159,18.86038],[105.55248,18.86007],[105.55811,18.86051],[105.56747,18.85844],[105.56942,18.8601],[105.57776,18.86283],[105.57877,18.86311],[105.57996,18.86344],[105.59437,18.86625],[105.59666,18.86644],[105.60323,18.86686],[105.60411,18.86708],[105.60576,18.8675],[105.60658,18.86779],[105.60689,18.86808],[105.60735,18.86864],[105.60749,18.86882],[105.60754,18.86892],[105.60742,18.86904],[105.60525,18.87074],[105.60592,18.87472],[105.60676,18.87525],[105.60705,18.87546],[105.60708,18.87552],[105.6073,18.87594],[105.60732,18.87614],[105.6073,18.87722],[105.60722,18.87788],[105.60717,18.87816],[105.60237,18.88],[105.60229,18.88004],[105.60207,18.88015],[105.60188,18.88036],[105.60172,18.88058],[105.60101,18.88163],[105.60078,18.882],[105.60011,18.88309],[105.59967,18.88458],[105.5995,18.88516],[105.5995,18.88523],[105.59906,18.89525],[105.59736,18.90011],[105.59862,18.90345],[105.59674,18.90848],[105.59508,18.9111],[105.59461,18.91206],[105.5944,18.91254],[105.59313,18.917],[105.59262,18.9189],[105.59205,18.92363],[105.594,18.92919],[105.59775,18.93115],[105.59845,18.9313],[105.60032,18.93177],[105.59992,18.93464],[105.59893,18.93805],[105.59839,18.93987],[105.59652,18.94355],[105.59548,18.94329],[105.58793,18.9424],[105.58145,18.94334],[105.57914,18.94813]]]},"properties":{"commune_code":"17488","commune_name":"Xã Tân Châu","commune_kind":"XA","province_code":"40","province_name":"Tỉnh Nghệ An","area_km2":64.6,"valid_from":"16/6/2025","published":"13/07/2025","area_km2_geom":63.82128551171625,"quality_flag":null,"population":33073.0,"population_wp":35690.64315931499,"anchor_ratio":0.9266574393845911,"pop_source":"WORLDPOP2025_ANCHORED_VNSDI","pop_density_ppkm2":518.212689306117,"n_stations":0,"n_ports":0,"power_kw_site":0.0,"ports_per_10k_pop":0.0,"util_mean_port_weighted":null,"dist_station_m_pop_weighted":4965.864212914548}},{"type":"Feature","geometry":{"type":"Polygon","coordinates":[[[105.43802,19.02637],[105.43501,19.02651],[105.43487,19.0265],[105.43281,19.02625],[105.43193,19.02607],[105.43181,19.02605],[105.43112,19.02561],[105.43106,19.02533],[105.43079,19.02366],[105.42785,19.01949],[105.42614,19.01879],[105.42597,19.01802],[105.42599,19.01643],[105.42607,19.01599],[105.42621,19.01554],[105.42632,19.01523],[105.42773,19.0121],[105.42874,19.01151],[105.42979,19.01095],[105.43226,19.0098],[105.43735,19.00671],[105.43973,19.00343],[105.44316,19.00173],[105.447,19.00118],[105.44883,19.00126],[105.44973,19.00069],[105.45654,18.99585],[105.46258,18.9914],[105.46803,18.98973],[105.46854,18.99087],[105.47164,18.99046],[105.47492,18.98913],[105.47766,18.98474],[105.47933,18.98308],[105.48334,18.984],[105.48573,18.9836],[105.48676,18.97933],[105.48905,18.97742],[105.4908,18.97748],[105.49166,18.97685],[105.49508,18.97308],[105.49504,18.97064],[105.49606,18.96867],[105.50083,18.96761],[105.50777,18.96939],[105.50962,18.97037],[105.51171,18.97143],[105.51188,18.9715],[105.51323,18.97203],[105.51372,18.97223],[105.52053,18.97412],[105.52236,18.97457],[105.52307,18.97469],[105.52485,18.97524],[105.52536,18.98012],[105.52553,18.98085],[105.52572,18.98171],[105.52604,18.98272],[105.52612,18.98298],[105.52621,18.98306],[105.52654,18.98335],[105.52718,18.98329],[105.52775,18.98297],[105.5319,18.98623],[105.53223,18.98654],[105.53235,18.98708],[105.53235,18.98714],[105.53234,18.98721],[105.5323,18.98752],[105.53181,18.98778],[105.5311,18.98785],[105.53064,18.9879],[105.52896,18.98784],[105.52865,18.98784],[105.52842,18.98783],[105.52811,18.98795],[105.52805,18.98798],[105.52777,18.98839],[105.52581,18.9915],[105.52566,18.99194],[105.52566,18.99252],[105.5258,18.99289],[105.52582,18.99293],[105.52591,18.99296],[105.52628,18.99308],[105.52671,18.99308],[105.52688,18.99295],[105.52701,18.99276],[105.52717,18.99226],[105.52754,18.99214],[105.52777,18.99214],[105.52788,18.99214],[105.52792,18.99225],[105.52811,18.99295],[105.52841,18.99443],[105.52841,18.99484],[105.52832,18.99502],[105.52805,18.99524],[105.52749,18.99548],[105.52673,18.99564],[105.5265,18.99567],[105.52539,18.99581],[105.52472,18.99576],[105.52104,18.99504],[105.52072,18.99497],[105.52026,18.99456],[105.51989,18.99403],[105.51985,18.99398],[105.51968,18.99368],[105.51967,18.99357],[105.5197,18.99327],[105.51987,18.99304],[105.52034,18.99258],[105.52061,18.99228],[105.52071,18.99208],[105.52077,18.99189],[105.52076,18.99181],[105.52075,18.9917],[105.52062,18.99148],[105.52045,18.99138],[105.5202,18.99127],[105.51972,18.99107],[105.51915,18.99096],[105.51861,18.99097],[105.51806,18.99103],[105.51773,18.99123],[105.51734,18.99159],[105.51449,18.99576],[105.51429,18.99988],[105.51681,19.00508],[105.51878,19.00926],[105.5181,19.0144],[105.51802,19.01473],[105.51776,19.01505],[105.51712,19.01538],[105.51688,19.0155],[105.51517,19.01623],[105.51451,19.01642],[105.5137,19.01648],[105.51364,19.01648],[105.51249,19.01648],[105.51204,19.01649],[105.51139,19.01635],[105.51095,19.01612],[105.51038,19.01569],[105.50912,19.01697],[105.50977,19.01824],[105.50778,19.01807],[105.50339,19.01814],[105.50149,19.019],[105.49891,19.02118],[105.49708,19.0232],[105.49426,19.0245],[105.4923,19.02538],[105.49159,19.02568],[105.4915,19.02548],[105.4904,19.02299],[105.49012,19.02238],[105.48329,19.0195],[105.47218,19.01896],[105.46803,19.01981],[105.46746,19.01999],[105.46683,19.02023],[105.4664,19.02057],[105.46624,19.0209],[105.46553,19.02246],[105.46393,19.02432],[105.46177,19.0258],[105.46143,19.0259],[105.45924,19.02632],[105.45913,19.02633],[105.45765,19.02635],[105.45677,19.02631],[105.45487,19.02613],[105.45236,19.02589],[105.45187,19.02575],[105.45134,19.02548],[105.44635,19.02417],[105.44493,19.02408],[105.44414,19.02416],[105.44088,19.02618],[105.43802,19.02637]]]},"properties":{"commune_code":"17506","commune_name":"Xã Yên Thành","commune_kind":"XA","province_code":"40","province_name":"Tỉnh Nghệ An","area_km2":38.13,"valid_from":"16/6/2025","published":"13/07/2025","area_km2_geom":37.98566098083852,"quality_flag":null,"population":47780.0,"population_wp":54393.0980791226,"anchor_ratio":0.8784202718237726,"pop_source":"WORLDPOP2025_ANCHORED_VNSDI","pop_density_ppkm2":1257.8430588348097,"n_stations":1,"n_ports":4,"power_kw_site":240.0,"ports_per_10k_pop":0.8371703641691084,"util_mean_port_weighted":0.3845118579950531,"dist_station_m_pop_weighted":3495.859370082401}},{"type":"Feature","geometry":{"type":"Polygon","coordinates":[[[105.43713,19.1649],[105.43558,19.16505],[105.4356,19.16169],[105.43492,19.15425],[105.43343,19.15075],[105.4331,19.14944],[105.43298,19.14881],[105.43185,19.14188],[105.43182,19.14001],[105.43234,19.13783],[105.42934,19.13351],[105.42923,19.13337],[105.42867,19.13308],[105.42803,19.13278],[105.42647,19.13236],[105.4195,19.12913],[105.41828,19.1277],[105.41844,19.12677],[105.41924,19.12586],[105.42087,19.12402],[105.4331,19.1103],[105.4353,19.11107],[105.43619,19.11152],[105.44275,19.11278],[105.44906,19.10181],[105.45125,19.10021],[105.45233,19.09946],[105.45516,19.09862],[105.45706,19.09841],[105.45875,19.09832],[105.46096,19.09828],[105.46602,19.09502],[105.46549,19.08997],[105.46548,19.08774],[105.46607,19.08328],[105.46857,19.08],[105.46963,19.07904],[105.47022,19.07895],[105.47095,19.07874],[105.47171,19.07843],[105.47243,19.07805],[105.47593,19.07601],[105.47883,19.0721],[105.4848,19.07288],[105.48794,19.07394],[105.48889,19.07349],[105.48967,19.07254],[105.49044,19.07093],[105.49103,19.06853],[105.49272,19.06607],[105.4929,19.06584],[105.49306,19.06572],[105.49352,19.06548],[105.49637,19.06498],[105.49945,19.06525],[105.49994,19.06531],[105.50069,19.06522],[105.50134,19.06508],[105.5016,19.06502],[105.50186,19.06494],[105.50245,19.06477],[105.50619,19.06304],[105.50891,19.06176],[105.51084,19.06075],[105.51129,19.0605],[105.51263,19.05973],[105.51317,19.05937],[105.5132,19.05934],[105.51333,19.0589],[105.51432,19.05201],[105.51445,19.05025],[105.51571,19.05116],[105.51753,19.05102],[105.52161,19.04914],[105.52457,19.04763],[105.52502,19.04741],[105.52624,19.04692],[105.52776,19.04644],[105.52866,19.04848],[105.52963,19.05193],[105.52848,19.05282],[105.5282,19.05302],[105.52759,19.05347],[105.52746,19.05357],[105.52739,19.0536],[105.52732,19.05364],[105.52725,19.05367],[105.52705,19.05372],[105.52651,19.05383],[105.52587,19.05398],[105.52587,19.05398],[105.52571,19.05401],[105.52529,19.05417],[105.52502,19.05428],[105.52446,19.05451],[105.52431,19.05458],[105.52238,19.05547],[105.52238,19.05547],[105.52179,19.05576],[105.52172,19.05579],[105.52126,19.05607],[105.52118,19.05612],[105.52109,19.05618],[105.52215,19.05753],[105.52461,19.0606],[105.52532,19.06527],[105.52529,19.0692],[105.52876,19.07295],[105.53024,19.07286],[105.53183,19.07239],[105.5337,19.06881],[105.53383,19.06855],[105.53385,19.06853],[105.53414,19.06827],[105.55051,19.07606],[105.55035,19.07638],[105.5503,19.07647],[105.55028,19.07652],[105.54861,19.07968],[105.5532,19.08384],[105.55678,19.08667],[105.56008,19.08614],[105.56028,19.08797],[105.56287,19.09239],[105.5631,19.0927],[105.56317,19.093],[105.56322,19.09425],[105.56319,19.09683],[105.56245,19.1016],[105.56237,19.10184],[105.56218,19.102],[105.56061,19.10273],[105.55832,19.10308],[105.55801,19.10311],[105.55557,19.1029],[105.55386,19.10279],[105.55319,19.10276],[105.55306,19.10277],[105.55301,19.1028],[105.55299,19.10292],[105.55313,19.10417],[105.55337,19.1056],[105.55359,19.10667],[105.554,19.1076],[105.55082,19.11175],[105.54909,19.11565],[105.54905,19.11571],[105.54772,19.11697],[105.5471,19.11737],[105.54445,19.11829],[105.54071,19.11938],[105.53806,19.11983],[105.53207,19.12141],[105.53064,19.12456],[105.52724,19.12893],[105.52671,19.12922],[105.52606,19.12936],[105.52552,19.12925],[105.52316,19.13104],[105.52383,19.13607],[105.5237,19.13662],[105.52352,19.13704],[105.52298,19.13773],[105.52159,19.13893],[105.52048,19.13947],[105.51847,19.1397],[105.51402,19.14388],[105.51389,19.14428],[105.51352,19.14473],[105.51235,19.14554],[105.50905,19.1467],[105.50823,19.14688],[105.50186,19.14682],[105.498,19.14613],[105.49354,19.14404],[105.49047,19.15129],[105.49013,19.15155],[105.48947,19.15211],[105.4894,19.1522],[105.48897,19.1527],[105.48881,19.15316],[105.48879,19.15322],[105.48876,19.15373],[105.48878,19.15485],[105.48684,19.15416],[105.47958,19.14928],[105.47327,19.1456],[105.47157,19.14457],[105.46788,19.1411],[105.46649,19.13977],[105.46452,19.13771],[105.46272,19.13637],[105.46191,19.13617],[105.46148,19.13618],[105.46098,19.13629],[105.46036,19.1366],[105.45999,19.13685],[105.45793,19.14004],[105.45638,19.14403],[105.45424,19.14666],[105.44882,19.15056],[105.44756,19.1509],[105.44632,19.1514],[105.44449,19.15249],[105.44313,19.15348],[105.44178,19.1549],[105.43873,19.15861],[105.43827,19.1595],[105.4381,19.16001],[105.43806,19.16035],[105.43822,19.16083],[105.43837,19.16182],[105.43829,19.16286],[105.43803,19.16356],[105.43752,19.16433],[105.43713,19.1649]]]},"properties":{"commune_code":"17515","commune_name":"Xã Bình Minh","commune_kind":"XA","province_code":"40","province_name":"Tỉnh Nghệ An","area_km2":91.08,"valid_from":"16/6/2025","published":"13/07/2025","area_km2_geom":91.61326128711845,"quality_flag":null,"population":37031.0,"population_wp":32153.430131547153,"anchor_ratio":1.151696719401245,"pop_source":"WORLDPOP2025_ANCHORED_VNSDI","pop_density_ppkm2":404.2100398974319,"n_stations":0,"n_ports":0,"power_kw_site":0.0,"ports_per_10k_pop":0.0,"util_mean_port_weighted":null,"dist_station_m_pop_weighted":7190.649133936155}},{"type":"Feature","geometry":{"type":"Polygon","coordinates":[[[105.3948,19.10803],[105.39391,19.10814],[105.39288,19.10684],[105.39236,19.10587],[105.39229,19.10528],[105.39231,19.10495],[105.39245,19.10449],[105.39211,19.09902],[105.39076,19.09392],[105.38914,19.09036],[105.38901,19.09009],[105.38667,19.08555],[105.37681,19.07982],[105.37116,19.07575],[105.36331,19.07116],[105.35986,19.06923],[105.35821,19.06904],[105.35427,19.07015],[105.35326,19.07084],[105.35271,19.071],[105.35227,19.071],[105.35193,19.07096],[105.33706,19.06545],[105.33339,19.06323],[105.33277,19.06287],[105.33268,19.06284],[105.33183,19.06254],[105.33182,19.06254],[105.33177,19.06253],[105.33296,19.06174],[105.33565,19.05934],[105.33583,19.05912],[105.33677,19.05715],[105.3375,19.05521],[105.34363,19.04477],[105.34362,19.03633],[105.34519,19.03569],[105.34544,19.03561],[105.34556,19.03558],[105.34582,19.03558],[105.34655,19.03565],[105.34712,19.0359],[105.35119,19.03172],[105.35542,19.02981],[105.36029,19.02872],[105.36069,19.02816],[105.36221,19.02606],[105.3672,19.01599],[105.36725,19.01569],[105.36683,19.01455],[105.3664,19.01342],[105.36608,19.01298],[105.36377,19.01032],[105.36402,19.00454],[105.36411,19.004],[105.36418,19.00356],[105.36571,19.00302],[105.36649,19.00291],[105.36825,19.00268],[105.37098,19.00271],[105.37555,18.99971],[105.38275,18.99359],[105.38372,18.99174],[105.38477,18.98861],[105.38349,18.98549],[105.38321,18.98528],[105.38303,18.98504],[105.38286,18.98443],[105.38269,18.98375],[105.38265,18.98335],[105.38314,18.98292],[105.38554,18.98095],[105.38594,18.98061],[105.38613,18.98052],[105.38626,18.98046],[105.38693,18.98023],[105.38746,18.98004],[105.38784,18.97996],[105.38822,18.98139],[105.3884,18.98192],[105.38854,18.98221],[105.38965,18.98422],[105.39026,18.98464],[105.3934,18.98589],[105.3963,18.98667],[105.40484,18.98651],[105.40502,18.98666],[105.40517,18.98672],[105.40672,18.98718],[105.40903,18.98657],[105.41282,18.98475],[105.41751,18.98469],[105.41851,18.98553],[105.41689,18.99352],[105.41453,18.99689],[105.4128,19.0],[105.41181,19.00312],[105.4118,19.00325],[105.41183,19.0035],[105.41189,19.00393],[105.41196,19.00432],[105.41255,19.00629],[105.41264,19.00656],[105.41269,19.00665],[105.41288,19.00679],[105.41406,19.00757],[105.41775,19.00881],[105.42171,19.01],[105.42678,19.01118],[105.42874,19.01151],[105.42773,19.0121],[105.42632,19.01523],[105.42621,19.01554],[105.42607,19.01599],[105.42599,19.01643],[105.42597,19.01802],[105.42614,19.01879],[105.42785,19.01949],[105.43079,19.02366],[105.43106,19.02533],[105.43112,19.02561],[105.43181,19.02605],[105.43193,19.02607],[105.43281,19.02625],[105.43487,19.0265],[105.43501,19.02651],[105.43802,19.02637],[105.44088,19.02618],[105.4395,19.02732],[105.43773,19.03382],[105.43701,19.03802],[105.43715,19.04361],[105.43279,19.04999],[105.42526,19.05003],[105.42457,19.05048],[105.4219,19.05268],[105.41775,19.05816],[105.41708,19.06248],[105.41378,19.06829],[105.41293,19.06954],[105.41257,19.07071],[105.41209,19.0738],[105.41213,19.07404],[105.41219,19.07426],[105.41223,19.0744],[105.41234,19.07456],[105.41252,19.07471],[105.41346,19.07537],[105.4138,19.07553],[105.41424,19.07572],[105.41456,19.07579],[105.41482,19.07588],[105.41503,19.076],[105.41602,19.07686],[105.41809,19.07888],[105.42199,19.08288],[105.42096,19.08638],[105.42077,19.08678],[105.42031,19.08741],[105.42013,19.08758],[105.42012,19.08759],[105.41991,19.0877],[105.41961,19.08775],[105.41936,19.08775],[105.41816,19.08721],[105.41725,19.08665],[105.41375,19.08407],[105.41042,19.08932],[105.40678,19.09318],[105.40032,19.1003],[105.39773,19.10407],[105.39694,19.10646],[105.3948,19.10803]]]},"properties":{"commune_code":"17521","commune_name":"Xã Quang Đồng","commune_kind":"XA","province_code":"40","province_name":"Tỉnh Nghệ An","area_km2":75.61,"valid_from":"16/6/2025","published":"13/07/2025","area_km2_geom":77.92065925956287,"quality_flag":null,"population":22364.0,"population_wp":16752.822308316827,"anchor_ratio":1.3349392471558383,"pop_source":"WORLDPOP2025_ANCHORED_VNSDI","pop_density_ppkm2":287.0098920172491,"n_stations":0,"n_ports":0,"power_kw_site":0.0,"ports_per_10k_pop":0.0,"util_mean_port_weighted":null,"dist_station_m_pop_weighted":9569.824977214252}},{"type":"Feature","geometry":{"type":"Polygon","coordinates":[[[105.43558,19.16505],[105.43488,19.16543],[105.4332,19.1642],[105.43144,19.16297],[105.42933,19.16166],[105.42636,19.1604],[105.42086,19.15634],[105.41966,19.15532],[105.41852,19.15441],[105.41542,19.15212],[105.41266,19.15051],[105.41188,19.15012],[105.40986,19.14963],[105.4074,19.14862],[105.40639,19.14808],[105.40566,19.14716],[105.40497,19.14574],[105.4022,19.14212],[105.39927,19.13919],[105.39597,19.13737],[105.39321,19.13575],[105.3907,19.13296],[105.39029,19.13246],[105.39005,19.1317],[105.38308,19.12494],[105.38252,19.12455],[105.37952,19.12254],[105.37853,19.12189],[105.37699,19.12138],[105.37613,19.12119],[105.37562,19.12124],[105.37516,19.12136],[105.37273,19.12123],[105.37058,19.12083],[105.37041,19.12081],[105.37022,19.12069],[105.37006,19.12043],[105.3699,19.11974],[105.36984,19.11937],[105.36993,19.11855],[105.37011,19.11786],[105.37023,19.11758],[105.37163,19.11563],[105.37662,19.11067],[105.3768,19.11057],[105.37709,19.11057],[105.37756,19.11058],[105.37808,19.11061],[105.38215,19.11189],[105.38297,19.11248],[105.38428,19.11375],[105.38513,19.11451],[105.38586,19.115],[105.38874,19.11674],[105.39016,19.11744],[105.39127,19.11797],[105.3917,19.11804],[105.39187,19.11798],[105.3919,19.11788],[105.39392,19.10822],[105.39391,19.10814],[105.3948,19.10803],[105.39694,19.10646],[105.39773,19.10407],[105.40032,19.1003],[105.40678,19.09318],[105.41042,19.08932],[105.41375,19.08407],[105.41725,19.08665],[105.41816,19.08721],[105.41936,19.08775],[105.41961,19.08775],[105.41991,19.0877],[105.42012,19.08759],[105.42013,19.08758],[105.42031,19.08741],[105.42077,19.08678],[105.42096,19.08638],[105.42199,19.08288],[105.41809,19.07888],[105.41602,19.07686],[105.41503,19.076],[105.41482,19.07588],[105.41456,19.07579],[105.41424,19.07572],[105.4138,19.07553],[105.41346,19.07537],[105.41252,19.07471],[105.41234,19.07456],[105.41223,19.0744],[105.41219,19.07426],[105.41213,19.07404],[105.41209,19.0738],[105.41257,19.07071],[105.41293,19.06954],[105.41378,19.06829],[105.41708,19.06248],[105.41775,19.05816],[105.4219,19.05268],[105.42457,19.05048],[105.42526,19.05003],[105.43279,19.04999],[105.43715,19.04361],[105.43701,19.03802],[105.43773,19.03382],[105.4395,19.02732],[105.44088,19.02618],[105.44414,19.02416],[105.44493,19.02408],[105.44635,19.02417],[105.45134,19.02548],[105.45187,19.02575],[105.45236,19.02589],[105.45487,19.02613],[105.45677,19.02631],[105.45765,19.02635],[105.45913,19.02633],[105.45924,19.02632],[105.46143,19.0259],[105.46177,19.0258],[105.46393,19.02432],[105.46553,19.02246],[105.46624,19.0209],[105.4664,19.02057],[105.46683,19.02023],[105.46746,19.01999],[105.46803,19.01981],[105.47218,19.01896],[105.48329,19.0195],[105.49012,19.02238],[105.4904,19.02299],[105.4915,19.02548],[105.49159,19.02568],[105.49298,19.02876],[105.49338,19.02964],[105.49461,19.03234],[105.4965,19.03648],[105.49685,19.03713],[105.49701,19.03739],[105.49703,19.03742],[105.49804,19.03704],[105.49937,19.03641],[105.50131,19.03545],[105.50217,19.03499],[105.50333,19.03435],[105.50372,19.03412],[105.50405,19.03396],[105.50438,19.0338],[105.50471,19.03371],[105.5051,19.03362],[105.50547,19.03355],[105.50648,19.0345],[105.50701,19.03559],[105.50765,19.04362],[105.50875,19.04525],[105.51046,19.04735],[105.51445,19.05025],[105.51432,19.05201],[105.51333,19.0589],[105.5132,19.05934],[105.51317,19.05937],[105.51263,19.05973],[105.51129,19.0605],[105.51084,19.06075],[105.50891,19.06176],[105.50619,19.06304],[105.50245,19.06477],[105.50186,19.06494],[105.5016,19.06502],[105.50134,19.06508],[105.50069,19.06522],[105.49994,19.06531],[105.49945,19.06525],[105.49637,19.06498],[105.49352,19.06548],[105.49306,19.06572],[105.4929,19.06584],[105.49272,19.06607],[105.49103,19.06853],[105.49044,19.07093],[105.48967,19.07254],[105.48889,19.07349],[105.48794,19.07394],[105.4848,19.07288],[105.47883,19.0721],[105.47593,19.07601],[105.47243,19.07805],[105.47171,19.07843],[105.47095,19.07874],[105.47022,19.07895],[105.46963,19.07904],[105.46857,19.08],[105.46607,19.08328],[105.46548,19.08774],[105.46549,19.08997],[105.46602,19.09502],[105.46096,19.09828],[105.45875,19.09832],[105.45706,19.09841],[105.45516,19.09862],[105.45233,19.09946],[105.45125,19.10021],[105.44906,19.10181],[105.44275,19.11278],[105.43619,19.11152],[105.4353,19.11107],[105.4331,19.1103],[105.42087,19.12402],[105.41924,19.12586],[105.41844,19.12677],[105.41828,19.1277],[105.4195,19.12913],[105.42647,19.13236],[105.42803,19.13278],[105.42867,19.13308],[105.42923,19.13337],[105.42934,19.13351],[105.43234,19.13783],[105.43182,19.14001],[105.43185,19.14188],[105.43298,19.14881],[105.4331,19.14944],[105.43343,19.15075],[105.43492,19.15425],[105.4356,19.16169],[105.43558,19.16505]]]},"properties":{"commune_code":"17524","commune_name":"Xã Giai Lạc","commune_kind":"XA","province_code":"40","province_name":"Tỉnh Nghệ An","area_km2":88.58,"valid_from":"16/6/2025","published":"13/07/2025","area_km2_geom":86.81322912675076,"quality_flag":null,"population":35783.0,"population_wp":36694.2708096765,"anchor_ratio":0.9751658558797088,"pop_source":"WORLDPOP2025_ANCHORED_VNSDI","pop_density_ppkm2":412.18372314840866,"n_stations":0,"n_ports":0,"power_kw_site":0.0,"ports_per_10k_pop":0.0,"util_mean_port_weighted":null,"dist_station_m_pop_weighted":6881.018382157517}},{"type":"Feature","geometry":{"type":"Polygon","coordinates":[[[105.56008,19.08614],[105.55678,19.08667],[105.5532,19.08384],[105.54861,19.07968],[105.55028,19.07652],[105.5503,19.07647],[105.55035,19.07638],[105.55051,19.07606],[105.53414,19.06827],[105.53385,19.06853],[105.53383,19.06855],[105.5337,19.06881],[105.53183,19.07239],[105.53024,19.07286],[105.52876,19.07295],[105.52529,19.0692],[105.52532,19.06527],[105.52461,19.0606],[105.52215,19.05753],[105.52109,19.05618],[105.52118,19.05612],[105.52126,19.05607],[105.52172,19.05579],[105.52179,19.05576],[105.52238,19.05547],[105.52238,19.05547],[105.52431,19.05458],[105.52446,19.05451],[105.52502,19.05428],[105.52529,19.05417],[105.52571,19.05401],[105.52587,19.05398],[105.52587,19.05398],[105.52651,19.05383],[105.52705,19.05372],[105.52725,19.05367],[105.52732,19.05364],[105.52739,19.0536],[105.52746,19.05357],[105.52759,19.05347],[105.5282,19.05302],[105.52848,19.05282],[105.52963,19.05193],[105.52866,19.04848],[105.52776,19.04644],[105.52624,19.04692],[105.52502,19.04741],[105.52457,19.04763],[105.52161,19.04914],[105.51753,19.05102],[105.51571,19.05116],[105.51445,19.05025],[105.51046,19.04735],[105.50875,19.04525],[105.50765,19.04362],[105.50701,19.03559],[105.50648,19.0345],[105.50547,19.03355],[105.5051,19.03362],[105.50471,19.03371],[105.50438,19.0338],[105.50405,19.03396],[105.50372,19.03412],[105.50333,19.03435],[105.50217,19.03499],[105.50131,19.03545],[105.49937,19.03641],[105.49804,19.03704],[105.49703,19.03742],[105.49701,19.03739],[105.49685,19.03713],[105.4965,19.03648],[105.49461,19.03234],[105.49338,19.02964],[105.49298,19.02876],[105.49159,19.02568],[105.4923,19.02538],[105.49426,19.0245],[105.49708,19.0232],[105.49891,19.02118],[105.50149,19.019],[105.50339,19.01814],[105.50778,19.01807],[105.50977,19.01824],[105.50979,19.01829],[105.50984,19.0184],[105.50993,19.01856],[105.51013,19.01888],[105.51124,19.01999],[105.52042,19.02543],[105.52386,19.02467],[105.52426,19.02312],[105.52449,19.0222],[105.52585,19.02046],[105.53164,19.02014],[105.53534,19.02107],[105.53545,19.02191],[105.53404,19.02303],[105.53387,19.02337],[105.5336,19.02395],[105.53594,19.02859],[105.53647,19.02941],[105.53859,19.03206],[105.54007,19.03154],[105.54279,19.04104],[105.54289,19.04496],[105.54355,19.04721],[105.54373,19.04743],[105.54409,19.04749],[105.54822,19.04695],[105.55427,19.04647],[105.56024,19.05],[105.56949,19.04916],[105.57043,19.04912],[105.5721,19.04925],[105.57474,19.05128],[105.57613,19.056],[105.57682,19.05912],[105.57916,19.0666],[105.58003,19.06795],[105.57788,19.0726],[105.57658,19.07783],[105.57432,19.07957],[105.5726,19.08044],[105.56789,19.08245],[105.56362,19.08282],[105.56316,19.08295],[105.56173,19.08363],[105.56095,19.08428],[105.56032,19.08549],[105.5602,19.0858],[105.56008,19.08614]]]},"properties":{"commune_code":"17530","commune_name":"Xã Đông Thành","commune_kind":"XA","province_code":"40","province_name":"Tỉnh Nghệ An","area_km2":30.2,"valid_from":"16/6/2025","published":"13/07/2025","area_km2_geom":30.026108226012727,"quality_flag":null,"population":46116.0,"population_wp":44594.72753087059,"anchor_ratio":1.0341132809495543,"pop_source":"WORLDPOP2025_ANCHORED_VNSDI","pop_density_ppkm2":1535.8633777269877,"n_stations":2,"n_ports":14,"power_kw_site":309.0,"ports_per_10k_pop":3.0358227079538556,"util_mean_port_weighted":0.06423291612362576,"dist_station_m_pop_weighted":3237.2908335098236}},{"type":"Feature","geometry":{"type":"Polygon","coordinates":[[[105.32613,19.06266],[105.32578,19.06271],[105.32524,19.0627],[105.32454,19.06263],[105.32413,19.06252],[105.32261,19.06193],[105.32166,19.06139],[105.32139,19.06115],[105.32102,19.06037],[105.3195,19.05912],[105.31657,19.05783],[105.31397,19.05748],[105.31207,19.05674],[105.30946,19.05571],[105.30839,19.05525],[105.308,19.05506],[105.30775,19.05475],[105.30747,19.05397],[105.30723,19.05346],[105.30686,19.05303],[105.30616,19.0525],[105.30536,19.05212],[105.30532,19.0502],[105.30471,19.04637],[105.30463,19.04523],[105.30458,19.04387],[105.30459,19.04346],[105.3046,19.04316],[105.30461,19.04299],[105.30466,19.04276],[105.30566,19.04106],[105.30566,19.04106],[105.30645,19.04089],[105.30817,19.04057],[105.30981,19.0403],[105.31171,19.0379],[105.31247,19.03552],[105.31308,19.03158],[105.31272,19.0294],[105.31248,19.02599],[105.31244,19.02307],[105.31358,19.02084],[105.31371,19.02037],[105.31364,19.01991],[105.31358,19.01949],[105.31311,19.01793],[105.31163,19.01519],[105.314,19.00903],[105.30568,19.00262],[105.30609,19.00023],[105.30654,18.99854],[105.30613,18.99745],[105.30393,18.99619],[105.30192,18.9952],[105.30182,18.99515],[105.30167,18.99497],[105.29987,18.99168],[105.29778,18.98509],[105.29798,18.98523],[105.29929,18.98582],[105.30049,18.98583],[105.30522,18.98573],[105.30867,18.98515],[105.31114,18.98509],[105.31641,18.9864],[105.31824,18.9852],[105.31516,18.97896],[105.31486,18.97486],[105.31491,18.97357],[105.31507,18.97295],[105.31517,18.9727],[105.31535,18.97253],[105.31565,18.97239],[105.32474,18.9702],[105.33243,18.96799],[105.33519,18.96645],[105.34055,18.96469],[105.34795,18.96256],[105.35352,18.96054],[105.35603,18.95924],[105.35704,18.95799],[105.35769,18.95646],[105.35883,18.95134],[105.3593,18.94913],[105.35938,18.94863],[105.35928,18.948],[105.35893,18.94732],[105.35855,18.94684],[105.35818,18.94654],[105.35718,18.9458],[105.35673,18.94549],[105.35964,18.93437],[105.36006,18.93304],[105.36332,18.93091],[105.36558,18.9292],[105.3661,18.92868],[105.36661,18.92795],[105.36658,18.92741],[105.36614,18.92618],[105.36554,18.92502],[105.36522,18.92436],[105.36519,18.92391],[105.36585,18.92332],[105.36769,18.92201],[105.3681,18.92172],[105.36834,18.92161],[105.36869,18.92149],[105.36899,18.92141],[105.36977,18.92151],[105.37122,18.92202],[105.37206,18.92208],[105.37335,18.92184],[105.37449,18.9214],[105.37517,18.92114],[105.37561,18.92058],[105.3766,18.91785],[105.37902,18.91687],[105.38173,18.91587],[105.38399,18.91545],[105.38584,18.91575],[105.38615,18.91582],[105.38887,18.91694],[105.39317,18.91882],[105.39346,18.91898],[105.39438,18.91954],[105.39471,18.92009],[105.39503,18.9208],[105.39514,18.92111],[105.39511,18.92133],[105.39506,18.92159],[105.39508,18.92193],[105.39524,18.92291],[105.3961,18.92542],[105.39888,18.9279],[105.40212,18.93002],[105.40631,18.93528],[105.40598,18.93858],[105.40506,18.94409],[105.40441,18.94674],[105.4032,18.94878],[105.40182,18.95064],[105.40151,18.95109],[105.40566,18.95556],[105.40604,18.95616],[105.40629,18.95661],[105.40563,18.95827],[105.40542,18.95856],[105.40452,18.95934],[105.40415,18.95962],[105.40384,18.95984],[105.40338,18.9601],[105.39982,18.96236],[105.39494,18.96633],[105.39331,18.9679],[105.39065,18.97097],[105.3878,18.97486],[105.38737,18.97591],[105.38716,18.97702],[105.38755,18.97924],[105.38767,18.97958],[105.38784,18.97996],[105.38746,18.98004],[105.38693,18.98023],[105.38626,18.98046],[105.38613,18.98052],[105.38594,18.98061],[105.38554,18.98095],[105.38314,18.98292],[105.38265,18.98335],[105.38269,18.98375],[105.38286,18.98443],[105.38303,18.98504],[105.38321,18.98528],[105.38349,18.98549],[105.38477,18.98861],[105.38372,18.99174],[105.38275,18.99359],[105.37555,18.99971],[105.37098,19.00271],[105.36825,19.00268],[105.36649,19.00291],[105.36571,19.00302],[105.36418,19.00356],[105.36411,19.004],[105.36402,19.00454],[105.36377,19.01032],[105.36608,19.01298],[105.3664,19.01342],[105.36683,19.01455],[105.36725,19.01569],[105.3672,19.01599],[105.36221,19.02606],[105.36069,19.02816],[105.36029,19.02872],[105.35542,19.02981],[105.35119,19.03172],[105.34712,19.0359],[105.34655,19.03565],[105.34582,19.03558],[105.34556,19.03558],[105.34544,19.03561],[105.34519,19.03569],[105.34362,19.03633],[105.34363,19.04477],[105.3375,19.05521],[105.33677,19.05715],[105.33583,19.05912],[105.33565,19.05934],[105.33296,19.06174],[105.33177,19.06253],[105.32613,19.06266]]]},"properties":{"commune_code":"17560","commune_name":"Xã Vân Du","commune_kind":"XA","province_code":"40","province_name":"Tỉnh Nghệ An","area_km2":84.3,"valid_from":"16/6/2025","published":"13/07/2025","area_km2_geom":83.56358850465179,"quality_flag":null,"population":25868.0,"population_wp":19344.47023189813,"anchor_ratio":1.3372296935454389,"pop_source":"WORLDPOP2025_ANCHORED_VNSDI","pop_density_ppkm2":309.56066467346585,"n_stations":0,"n_ports":0,"power_kw_site":0.0,"ports_per_10k_pop":0.0,"util_mean_port_weighted":null,"dist_station_m_pop_weighted":7546.821095259974}},{"type":"Feature","geometry":{"type":"Polygon","coordinates":[[[105.42979,19.01095],[105.42874,19.01151],[105.42678,19.01118],[105.42171,19.01],[105.41775,19.00881],[105.41406,19.00757],[105.41288,19.00679],[105.41269,19.00665],[105.41264,19.00656],[105.41255,19.00629],[105.41196,19.00432],[105.41189,19.00393],[105.41183,19.0035],[105.4118,19.00325],[105.41181,19.00312],[105.4128,19.0],[105.41453,18.99689],[105.41689,18.99352],[105.41851,18.98553],[105.41751,18.98469],[105.41282,18.98475],[105.40903,18.98657],[105.40672,18.98718],[105.40517,18.98672],[105.40502,18.98666],[105.40484,18.98651],[105.3963,18.98667],[105.3934,18.98589],[105.39026,18.98464],[105.38965,18.98422],[105.38854,18.98221],[105.3884,18.98192],[105.38822,18.98139],[105.38784,18.97996],[105.39044,18.97869],[105.39166,18.97906],[105.39184,18.97905],[105.39215,18.97893],[105.3925,18.97874],[105.39313,18.97831],[105.39324,18.97816],[105.39333,18.97791],[105.3934,18.97754],[105.39418,18.97217],[105.3972,18.96751],[105.3978,18.96683],[105.3995,18.96551],[105.40301,18.96319],[105.40468,18.96294],[105.4078,18.96388],[105.40855,18.96411],[105.40862,18.96411],[105.40864,18.96411],[105.40904,18.96407],[105.41386,18.96344],[105.41706,18.96276],[105.42253,18.96102],[105.42504,18.96012],[105.42587,18.9598],[105.42695,18.95936],[105.43332,18.95401],[105.43407,18.95209],[105.43498,18.95123],[105.44039,18.94773],[105.44092,18.94764],[105.44164,18.94781],[105.44218,18.94795],[105.44258,18.9483],[105.44329,18.94899],[105.44411,18.94984],[105.44506,18.94998],[105.44866,18.94938],[105.44968,18.94874],[105.45067,18.94763],[105.45149,18.94674],[105.45619,18.94442],[105.45783,18.94419],[105.45873,18.94408],[105.45957,18.94455],[105.45954,18.94527],[105.45827,18.94699],[105.45772,18.94987],[105.45909,18.95127],[105.45954,18.95516],[105.46019,18.95776],[105.46188,18.96493],[105.46198,18.96549],[105.46236,18.96749],[105.46246,18.96794],[105.46891,18.97129],[105.47592,18.97225],[105.47961,18.97241],[105.48046,18.97273],[105.48048,18.97277],[105.4805,18.97282],[105.4805,18.97284],[105.48058,18.97358],[105.48057,18.97389],[105.48054,18.97429],[105.48052,18.97469],[105.48013,18.97814],[105.47959,18.98042],[105.47877,18.98038],[105.47856,18.9811],[105.47926,18.98296],[105.47933,18.98308],[105.47766,18.98474],[105.47492,18.98913],[105.47164,18.99046],[105.46854,18.99087],[105.46803,18.98973],[105.46258,18.9914],[105.45654,18.99585],[105.44973,19.00069],[105.44883,19.00126],[105.447,19.00118],[105.44316,19.00173],[105.43973,19.00343],[105.43735,19.00671],[105.43226,19.0098],[105.42979,19.01095]]]},"properties":{"commune_code":"17569","commune_name":"Xã Quan Thành","commune_kind":"XA","province_code":"40","province_name":"Tỉnh Nghệ An","area_km2":37.71,"valid_from":"16/6/2025","published":"13/07/2025","area_km2_geom":37.152375800912054,"quality_flag":null,"population":29973.0,"population_wp":36802.6195714809,"anchor_ratio":0.8144257215653934,"pop_source":"WORLDPOP2025_ANCHORED_VNSDI","pop_density_ppkm2":806.7586353189341,"n_stations":1,"n_ports":8,"power_kw_site":254.0,"ports_per_10k_pop":2.669068828612418,"util_mean_port_weighted":0.07754819907338216,"dist_station_m_pop_weighted":2537.1071208067856}},{"type":"Feature","geometry":{"type":"Polygon","coordinates":[[[105.48573,18.9836],[105.48334,18.984],[105.47933,18.98308],[105.47926,18.98296],[105.47856,18.9811],[105.47877,18.98038],[105.47959,18.98042],[105.48013,18.97814],[105.48052,18.97469],[105.48054,18.97429],[105.48057,18.97389],[105.48058,18.97358],[105.4805,18.97284],[105.4805,18.97282],[105.48048,18.97277],[105.48046,18.97273],[105.47961,18.97241],[105.47592,18.97225],[105.46891,18.97129],[105.46246,18.96794],[105.46236,18.96749],[105.46198,18.96549],[105.46188,18.96493],[105.46019,18.95776],[105.45954,18.95516],[105.45909,18.95127],[105.46267,18.9523],[105.46283,18.95234],[105.46538,18.95281],[105.46627,18.9528],[105.46682,18.95239],[105.4679,18.95115],[105.46792,18.94969],[105.46931,18.94283],[105.47165,18.93539],[105.47198,18.93486],[105.47215,18.93457],[105.47204,18.93239],[105.47042,18.92767],[105.46633,18.92679],[105.46534,18.92649],[105.46345,18.92584],[105.46077,18.92128],[105.4603,18.92025],[105.46016,18.91977],[105.45982,18.91808],[105.4597,18.91741],[105.4597,18.91601],[105.46106,18.90846],[105.46154,18.90638],[105.45977,18.90236],[105.45846,18.90214],[105.45568,18.89979],[105.4557,18.89929],[105.45587,18.89792],[105.45594,18.8974],[105.45599,18.89681],[105.45571,18.89405],[105.4554,18.89291],[105.4553,18.89259],[105.45521,18.89244],[105.45508,18.89231],[105.45494,18.89223],[105.45485,18.8922],[105.46103,18.88598],[105.4631,18.88251],[105.46369,18.88166],[105.46541,18.88019],[105.46696,18.87952],[105.46928,18.87922],[105.47061,18.8799],[105.47283,18.88087],[105.47516,18.8808],[105.47636,18.87878],[105.47756,18.87636],[105.47952,18.87558],[105.47975,18.876],[105.48034,18.8771],[105.48464,18.88371],[105.48928,18.88522],[105.49429,18.88735],[105.49731,18.89133],[105.49976,18.89465],[105.50594,18.8968],[105.5087,18.8974],[105.51201,18.89666],[105.5145,18.90069],[105.51927,18.90539],[105.52083,18.90925],[105.52177,18.91389],[105.52179,18.91434],[105.52135,18.91567],[105.52071,18.91664],[105.51978,18.91787],[105.51809,18.92019],[105.51745,18.9208],[105.51668,18.92146],[105.51637,18.92166],[105.51542,18.92226],[105.51543,18.92236],[105.51569,18.92534],[105.51614,18.92697],[105.51666,18.92814],[105.51866,18.93105],[105.52005,18.9312],[105.52127,18.93137],[105.52202,18.93186],[105.52254,18.93245],[105.52264,18.93265],[105.52276,18.93293],[105.52278,18.93306],[105.52277,18.93344],[105.5226,18.93419],[105.52225,18.93468],[105.52126,18.93594],[105.52104,18.9375],[105.52115,18.93936],[105.52178,18.94209],[105.52206,18.94322],[105.52236,18.94391],[105.52043,18.94934],[105.51603,18.95429],[105.51706,18.96021],[105.51714,18.96236],[105.51655,18.96792],[105.51624,18.96968],[105.51323,18.97203],[105.51188,18.9715],[105.51171,18.97143],[105.50962,18.97037],[105.50777,18.96939],[105.50083,18.96761],[105.49606,18.96867],[105.49504,18.97064],[105.49508,18.97308],[105.49166,18.97685],[105.4908,18.97748],[105.48905,18.97742],[105.48676,18.97933],[105.48573,18.9836]]]},"properties":{"commune_code":"17605","commune_name":"Xã Hợp Minh","commune_kind":"XA","province_code":"40","province_name":"Tỉnh Nghệ An","area_km2":54.75,"valid_from":"16/6/2025","published":"13/07/2025","area_km2_geom":55.40197212651488,"quality_flag":null,"population":46942.0,"population_wp":55226.13243518397,"anchor_ratio":0.849996150918107,"pop_source":"WORLDPOP2025_ANCHORED_VNSDI","pop_density_ppkm2":847.2983577697225,"n_stations":1,"n_ports":2,"power_kw_site":40.0,"ports_per_10k_pop":0.4260576882109838,"util_mean_port_weighted":0.12780040733197556,"dist_station_m_pop_weighted":4105.826784447137}},{"type":"Feature","geometry":{"type":"Polygon","coordinates":[[[105.39044,18.97869],[105.38784,18.97996],[105.38767,18.97958],[105.38755,18.97924],[105.38716,18.97702],[105.38737,18.97591],[105.3878,18.97486],[105.39065,18.97097],[105.39331,18.9679],[105.39494,18.96633],[105.39982,18.96236],[105.40338,18.9601],[105.40384,18.95984],[105.40415,18.95962],[105.40452,18.95934],[105.40542,18.95856],[105.40563,18.95827],[105.40629,18.95661],[105.40604,18.95616],[105.40566,18.95556],[105.40151,18.95109],[105.40182,18.95064],[105.4032,18.94878],[105.40441,18.94674],[105.40506,18.94409],[105.40598,18.93858],[105.40631,18.93528],[105.40212,18.93002],[105.39888,18.9279],[105.3961,18.92542],[105.39524,18.92291],[105.39508,18.92193],[105.39506,18.92159],[105.39511,18.92133],[105.39514,18.92111],[105.39503,18.9208],[105.39471,18.92009],[105.39438,18.91954],[105.39346,18.91898],[105.39317,18.91882],[105.38887,18.91694],[105.38615,18.91582],[105.38584,18.91575],[105.38399,18.91545],[105.38173,18.91587],[105.37902,18.91687],[105.3766,18.91785],[105.37692,18.9174],[105.37849,18.91639],[105.38028,18.91545],[105.38322,18.91258],[105.38407,18.91132],[105.38569,18.90836],[105.38644,18.90501],[105.38656,18.90346],[105.38659,18.90339],[105.38688,18.90268],[105.38741,18.90142],[105.38822,18.90019],[105.38912,18.89909],[105.39079,18.8981],[105.39386,18.89667],[105.39418,18.8966],[105.39467,18.8965],[105.40143,18.89583],[105.40768,18.89654],[105.40841,18.89665],[105.40841,18.89666],[105.40922,18.89746],[105.41381,18.89676],[105.42257,18.89404],[105.42855,18.89173],[105.4286,18.89153],[105.42864,18.8899],[105.42951,18.88903],[105.43128,18.88812],[105.43173,18.8879],[105.43668,18.88879],[105.43809,18.88948],[105.43874,18.88992],[105.4414,18.89678],[105.44834,18.89411],[105.45321,18.89266],[105.45485,18.8922],[105.45494,18.89223],[105.45508,18.89231],[105.45521,18.89244],[105.4553,18.89259],[105.4554,18.89291],[105.45571,18.89405],[105.45599,18.89681],[105.45594,18.8974],[105.45587,18.89792],[105.4557,18.89929],[105.45568,18.89979],[105.45846,18.90214],[105.45977,18.90236],[105.46154,18.90638],[105.46106,18.90846],[105.4597,18.91601],[105.4597,18.91741],[105.45982,18.91808],[105.46016,18.91977],[105.4603,18.92025],[105.46077,18.92128],[105.46345,18.92584],[105.46534,18.92649],[105.46633,18.92679],[105.47042,18.92767],[105.47204,18.93239],[105.47215,18.93457],[105.47198,18.93486],[105.47165,18.93539],[105.46931,18.94283],[105.46792,18.94969],[105.4679,18.95115],[105.46682,18.95239],[105.46627,18.9528],[105.46538,18.95281],[105.46283,18.95234],[105.46267,18.9523],[105.45909,18.95127],[105.45772,18.94987],[105.45827,18.94699],[105.45954,18.94527],[105.45957,18.94455],[105.45873,18.94408],[105.45783,18.94419],[105.45619,18.94442],[105.45149,18.94674],[105.45067,18.94763],[105.44968,18.94874],[105.44866,18.94938],[105.44506,18.94998],[105.44411,18.94984],[105.44329,18.94899],[105.44258,18.9483],[105.44218,18.94795],[105.44164,18.94781],[105.44092,18.94764],[105.44039,18.94773],[105.43498,18.95123],[105.43407,18.95209],[105.43332,18.95401],[105.42695,18.95936],[105.42587,18.9598],[105.42504,18.96012],[105.42253,18.96102],[105.41706,18.96276],[105.41386,18.96344],[105.40904,18.96407],[105.40864,18.96411],[105.40862,18.96411],[105.40855,18.96411],[105.4078,18.96388],[105.40468,18.96294],[105.40301,18.96319],[105.3995,18.96551],[105.3978,18.96683],[105.3972,18.96751],[105.39418,18.97217],[105.3934,18.97754],[105.39333,18.97791],[105.39324,18.97816],[105.39313,18.97831],[105.3925,18.97874],[105.39215,18.97893],[105.39184,18.97905],[105.39166,18.97906],[105.39044,18.97869]]]},"properties":{"commune_code":"17611","commune_name":"Xã Vân Tụ","commune_kind":"XA","province_code":"40","province_name":"Tỉnh Nghệ An","area_km2":48.73,"valid_from":"16/6/2025","published":"13/07/2025","area_km2_geom":49.22255306923933,"quality_flag":null,"population":43922.0,"population_wp":42524.04439987801,"anchor_ratio":1.0328744741910296,"pop_source":"WORLDPOP2025_ANCHORED_VNSDI","pop_density_ppkm2":892.3145440712256,"n_stations":0,"n_ports":0,"power_kw_site":0.0,"ports_per_10k_pop":0.0,"util_mean_port_weighted":null,"dist_station_m_pop_weighted":5202.930448933161}},{"type":"Feature","geometry":{"type":"Polygon","coordinates":[[[105.30532,19.0502],[105.30536,19.05212],[105.30114,19.05075],[105.29718,19.04775],[105.29382,19.04416],[105.29347,19.04363],[105.29329,19.04324],[105.29301,19.04258],[105.29301,19.04236],[105.29308,19.04213],[105.28942,19.03733],[105.27826,19.02717],[105.27023,19.02198],[105.2656,19.02109],[105.25952,19.02089],[105.25915,19.02106],[105.25698,19.0219],[105.25519,19.02249],[105.25459,19.02253],[105.25363,19.02236],[105.25341,19.02223],[105.25079,19.02029],[105.25047,19.01993],[105.24888,19.01731],[105.24858,19.01672],[105.24857,19.0163],[105.24859,19.01565],[105.24876,19.01522],[105.24926,19.01474],[105.24823,19.01195],[105.24052,19.00804],[105.23873,19.00747],[105.23717,19.00727],[105.23138,19.00519],[105.22941,19.00408],[105.22556,18.99998],[105.22715,18.99979],[105.22774,18.99961],[105.22866,18.99909],[105.22946,18.9975],[105.22946,18.9975],[105.22936,18.99684],[105.22721,18.99331],[105.22602,18.98925],[105.22856,18.98576],[105.22964,18.98553],[105.2297,18.98547],[105.22979,18.97735],[105.22918,18.97505],[105.22877,18.97468],[105.22829,18.97377],[105.22827,18.97351],[105.22827,18.9735],[105.22835,18.97322],[105.2295,18.97134],[105.22986,18.97086],[105.23199,18.96859],[105.23416,18.9663],[105.23489,18.96556],[105.23835,18.9622],[105.24026,18.96085],[105.24076,18.96038],[105.24101,18.95985],[105.24328,18.95433],[105.24742,18.94941],[105.2457,18.9443],[105.24309,18.93651],[105.23956,18.93221],[105.23824,18.9314],[105.23464,18.92885],[105.23508,18.9262],[105.23928,18.92122],[105.24079,18.91972],[105.24201,18.91852],[105.24396,18.91694],[105.2455,18.91606],[105.24569,18.91595],[105.24755,18.91526],[105.24902,18.91499],[105.25063,18.91506],[105.25403,18.91563],[105.25409,18.91565],[105.25457,18.91577],[105.25759,18.91658],[105.25938,18.91721],[105.26044,18.91782],[105.26147,18.91872],[105.26213,18.91983],[105.26375,18.92246],[105.2657,18.92537],[105.26864,18.92902],[105.27187,18.93259],[105.27394,18.93427],[105.27506,18.93494],[105.27583,18.93511],[105.27659,18.93511],[105.2779,18.93484],[105.27953,18.93407],[105.28268,18.93191],[105.28519,18.93011],[105.28593,18.92929],[105.28618,18.92878],[105.2863,18.92826],[105.2864,18.92742],[105.2865,18.92632],[105.28647,18.92376],[105.28644,18.92204],[105.28657,18.92092],[105.28674,18.9201],[105.28704,18.91943],[105.28787,18.9185],[105.29043,18.9162],[105.29126,18.9156],[105.29251,18.91474],[105.29379,18.91411],[105.29614,18.91329],[105.29571,18.91358],[105.29487,18.91509],[105.29463,18.91616],[105.29321,18.92423],[105.29223,18.93059],[105.28821,18.94817],[105.28719,18.95224],[105.28514,18.95841],[105.28512,18.95847],[105.28303,18.9635],[105.28283,18.96396],[105.28071,18.9683],[105.27877,18.96954],[105.276,18.97111],[105.27518,18.97113],[105.27454,18.97107],[105.27104,18.97251],[105.27041,18.97278],[105.26959,18.97334],[105.26895,18.97389],[105.26852,18.97443],[105.27016,18.975],[105.27247,18.9758],[105.27658,18.98168],[105.27656,18.98182],[105.27657,18.98195],[105.27663,18.98216],[105.27675,18.9824],[105.27695,18.98273],[105.27753,18.98347],[105.28187,18.98388],[105.28443,18.98399],[105.28478,18.98398],[105.28648,18.98368],[105.28676,18.98362],[105.28711,18.98354],[105.28719,18.9835],[105.28721,18.98348],[105.28734,18.98334],[105.28847,18.98272],[105.29453,18.98261],[105.29637,18.98389],[105.29778,18.98509],[105.29987,18.99168],[105.30167,18.99497],[105.30182,18.99515],[105.30192,18.9952],[105.30393,18.99619],[105.30613,18.99745],[105.30654,18.99854],[105.30609,19.00023],[105.30568,19.00262],[105.314,19.00903],[105.31163,19.01519],[105.31311,19.01793],[105.31358,19.01949],[105.31364,19.01991],[105.31371,19.02037],[105.31358,19.02084],[105.31244,19.02307],[105.31248,19.02599],[105.31272,19.0294],[105.31308,19.03158],[105.31247,19.03552],[105.31171,19.0379],[105.30981,19.0403],[105.30817,19.04057],[105.30645,19.04089],[105.30566,19.04106],[105.30566,19.04106],[105.30466,19.04276],[105.30461,19.04299],[105.3046,19.04316],[105.30459,19.04346],[105.30458,19.04387],[105.30463,19.04523],[105.30471,19.04637],[105.30532,19.0502]]]},"properties":{"commune_code":"17623","commune_name":"Xã Bạch Ngọc","commune_kind":"XA","province_code":"40","province_name":"Tỉnh Nghệ An","area_km2":72.2,"valid_from":"16/6/2025","published":"13/07/2025","area_km2_geom":72.30613238141312,"quality_flag":null,"population":29021.0,"population_wp":19542.623080750927,"anchor_ratio":1.4850104758242548,"pop_source":"WORLDPOP2025_ANCHORED_VNSDI","pop_density_ppkm2":401.36291410132293,"n_stations":1,"n_ports":4,"power_kw_site":67.0,"ports_per_10k_pop":1.3783122566417423,"util_mean_port_weighted":0.05556864593151115,"dist_station_m_pop_weighted":6284.557670317991}},{"type":"Feature","geometry":{"type":"Polygon","coordinates":[[[105.31824,18.9852],[105.31641,18.9864],[105.31114,18.98509],[105.30867,18.98515],[105.30522,18.98573],[105.30049,18.98583],[105.29929,18.98582],[105.29798,18.98523],[105.29778,18.98509],[105.29637,18.98389],[105.29453,18.98261],[105.28847,18.98272],[105.28734,18.98334],[105.28721,18.98348],[105.28719,18.9835],[105.28711,18.98354],[105.28676,18.98362],[105.28648,18.98368],[105.28478,18.98398],[105.28443,18.98399],[105.28187,18.98388],[105.27753,18.98347],[105.27695,18.98273],[105.27675,18.9824],[105.27663,18.98216],[105.27657,18.98195],[105.27656,18.98182],[105.27658,18.98168],[105.27247,18.9758],[105.27016,18.975],[105.26852,18.97443],[105.26895,18.97389],[105.26959,18.97334],[105.27041,18.97278],[105.27104,18.97251],[105.27454,18.97107],[105.27518,18.97113],[105.276,18.97111],[105.27877,18.96954],[105.28071,18.9683],[105.28283,18.96396],[105.28303,18.9635],[105.28512,18.95847],[105.28514,18.95841],[105.28719,18.95224],[105.28821,18.94817],[105.29223,18.93059],[105.29321,18.92423],[105.29463,18.91616],[105.29487,18.91509],[105.29571,18.91358],[105.29614,18.91329],[105.2971,18.91264],[105.29846,18.91113],[105.29938,18.90959],[105.30938,18.90433],[105.31289,18.90434],[105.31987,18.90551],[105.32057,18.90618],[105.32491,18.91055],[105.32547,18.91122],[105.32558,18.91162],[105.32559,18.91192],[105.32403,18.91377],[105.32559,18.91832],[105.32891,18.92176],[105.33146,18.92709],[105.33159,18.92886],[105.33171,18.92952],[105.33178,18.92974],[105.33188,18.92996],[105.33206,18.93015],[105.33244,18.93042],[105.33516,18.92934],[105.33787,18.92782],[105.34148,18.92657],[105.34414,18.92783],[105.34741,18.92865],[105.35005,18.92893],[105.35098,18.92894],[105.35153,18.92954],[105.35258,18.93],[105.35412,18.93066],[105.35428,18.93072],[105.35448,18.93074],[105.3548,18.93073],[105.35513,18.93066],[105.35586,18.9304],[105.3562,18.93028],[105.35634,18.93019],[105.35643,18.9301],[105.35659,18.92987],[105.35671,18.92969],[105.3568,18.92959],[105.35695,18.9295],[105.35734,18.92933],[105.35767,18.9292],[105.35822,18.92897],[105.35844,18.9289],[105.35853,18.92889],[105.35864,18.92893],[105.36233,18.93048],[105.36332,18.93091],[105.36006,18.93304],[105.35964,18.93437],[105.35673,18.94549],[105.35718,18.9458],[105.35818,18.94654],[105.35855,18.94684],[105.35893,18.94732],[105.35928,18.948],[105.35938,18.94863],[105.3593,18.94913],[105.35883,18.95134],[105.35769,18.95646],[105.35704,18.95799],[105.35603,18.95924],[105.35352,18.96054],[105.34795,18.96256],[105.34055,18.96469],[105.33519,18.96645],[105.33243,18.96799],[105.32474,18.9702],[105.31565,18.97239],[105.31535,18.97253],[105.31517,18.9727],[105.31507,18.97295],[105.31491,18.97357],[105.31486,18.97486],[105.31516,18.97896],[105.31824,18.9852]]]},"properties":{"commune_code":"17641","commune_name":"Xã Lương Sơn","commune_kind":"XA","province_code":"40","province_name":"Tỉnh Nghệ An","area_km2":47.39,"valid_from":"16/6/2025","published":"13/07/2025","area_km2_geom":47.57142968297847,"quality_flag":null,"population":26494.0,"population_wp":25296.203257847577,"anchor_ratio":1.0473508506372724,"pop_source":"WORLDPOP2025_ANCHORED_VNSDI","pop_density_ppkm2":556.9309179177311,"n_stations":0,"n_ports":0,"power_kw_site":0.0,"ports_per_10k_pop":0.0,"util_mean_port_weighted":null,"dist_station_m_pop_weighted":5073.795562228503}},{"type":"Feature","geometry":{"type":"Polygon","coordinates":[[[105.2779,18.93484],[105.27659,18.93511],[105.27583,18.93511],[105.27506,18.93494],[105.27394,18.93427],[105.27187,18.93259],[105.26864,18.92902],[105.2657,18.92537],[105.26375,18.92246],[105.26213,18.91983],[105.26147,18.91872],[105.26044,18.91782],[105.25938,18.91721],[105.25759,18.91658],[105.25457,18.91577],[105.25378,18.91371],[105.24969,18.90718],[105.24983,18.90655],[105.24983,18.90643],[105.24983,18.90643],[105.24832,18.90412],[105.2478,18.90345],[105.24757,18.90331],[105.24135,18.90053],[105.23872,18.89746],[105.23158,18.89473],[105.22748,18.89198],[105.22744,18.89096],[105.22637,18.88814],[105.22162,18.88448],[105.22064,18.88355],[105.22222,18.88109],[105.22453,18.8795],[105.22717,18.87941],[105.23036,18.87701],[105.23241,18.87532],[105.23409,18.87434],[105.2342,18.87429],[105.23431,18.87426],[105.23435,18.87425],[105.23536,18.87406],[105.2355,18.87405],[105.2414,18.8743],[105.24158,18.87435],[105.24186,18.87442],[105.24331,18.87501],[105.24367,18.87522],[105.24557,18.87667],[105.24992,18.88067],[105.25058,18.88251],[105.251,18.88378],[105.25346,18.88803],[105.2597,18.89075],[105.26065,18.89053],[105.26264,18.89006],[105.27022,18.88733],[105.27113,18.88678],[105.27213,18.88651],[105.2737,18.88635],[105.27778,18.88659],[105.28122,18.88695],[105.28481,18.8876],[105.28833,18.88828],[105.2884,18.88829],[105.29014,18.88847],[105.29179,18.88847],[105.29285,18.88825],[105.294,18.88793],[105.29476,18.88722],[105.29555,18.88608],[105.29562,18.88597],[105.2961,18.88456],[105.2963,18.88328],[105.2963,18.88209],[105.2961,18.881],[105.29561,18.87966],[105.2955,18.87938],[105.29489,18.87781],[105.29386,18.87591],[105.29289,18.8741],[105.29249,18.8732],[105.29228,18.8724],[105.29224,18.87161],[105.29234,18.87111],[105.29536,18.87075],[105.30198,18.87025],[105.31207,18.87063],[105.31268,18.87057],[105.31304,18.87056],[105.31351,18.87057],[105.31391,18.87058],[105.31406,18.8706],[105.31713,18.87121],[105.3174,18.87231],[105.31518,18.87415],[105.31369,18.87473],[105.31344,18.87476],[105.31268,18.87487],[105.31188,18.87501],[105.31067,18.87523],[105.30922,18.87765],[105.30981,18.88049],[105.31029,18.88088],[105.31123,18.88151],[105.31208,18.88161],[105.31324,18.8811],[105.3148,18.88128],[105.31571,18.88152],[105.31673,18.88287],[105.3173,18.88402],[105.31762,18.88465],[105.31767,18.88494],[105.32172,18.88694],[105.32306,18.88605],[105.32413,18.88362],[105.33129,18.88186],[105.33323,18.88168],[105.33514,18.88125],[105.33711,18.87772],[105.33738,18.87641],[105.33715,18.87535],[105.33717,18.87534],[105.33746,18.87512],[105.33817,18.87462],[105.34016,18.87521],[105.3423,18.87593],[105.34315,18.87777],[105.34488,18.87941],[105.34594,18.88021],[105.34809,18.88065],[105.34833,18.88037],[105.3484,18.88028],[105.35162,18.87948],[105.35413,18.8821],[105.35339,18.88353],[105.35197,18.88627],[105.35197,18.88627],[105.34988,18.88907],[105.34978,18.89142],[105.34962,18.89544],[105.35013,18.89541],[105.35061,18.90073],[105.35056,18.90349],[105.34916,18.90816],[105.34819,18.91123],[105.34866,18.91618],[105.34978,18.91822],[105.35066,18.92296],[105.35076,18.92392],[105.35094,18.92567],[105.35109,18.92751],[105.3511,18.9279],[105.35111,18.92835],[105.35105,18.92874],[105.35098,18.92894],[105.35005,18.92893],[105.34741,18.92865],[105.34414,18.92783],[105.34148,18.92657],[105.33787,18.92782],[105.33516,18.92934],[105.33244,18.93042],[105.33206,18.93015],[105.33188,18.92996],[105.33178,18.92974],[105.33171,18.92952],[105.33159,18.92886],[105.33146,18.92709],[105.32891,18.92176],[105.32559,18.91832],[105.32403,18.91377],[105.32559,18.91192],[105.32558,18.91162],[105.32547,18.91122],[105.32491,18.91055],[105.32057,18.90618],[105.31987,18.90551],[105.31289,18.90434],[105.30938,18.90433],[105.29938,18.90959],[105.29846,18.91113],[105.2971,18.91264],[105.29614,18.91329],[105.29379,18.91411],[105.29251,18.91474],[105.29126,18.9156],[105.29043,18.9162],[105.28787,18.9185],[105.28704,18.91943],[105.28674,18.9201],[105.28657,18.92092],[105.28644,18.92204],[105.28647,18.92376],[105.2865,18.92632],[105.2864,18.92742],[105.2863,18.92826],[105.28618,18.92878],[105.28593,18.92929],[105.28519,18.93011],[105.28268,18.93191],[105.27953,18.93407],[105.2779,18.93484]]]},"properties":{"commune_code":"17662","commune_name":"Xã Đô Lương","commune_kind":"XA","province_code":"40","province_name":"Tỉnh Nghệ An","area_km2":50.06,"valid_from":"16/6/2025","published":"13/07/2025","area_km2_geom":49.850668791379874,"quality_flag":null,"population":61960.0,"population_wp":67423.03497504815,"anchor_ratio":0.918973760569071,"pop_source":"WORLDPOP2025_ANCHORED_VNSDI","pop_density_ppkm2":1242.9121113559474,"n_stations":2,"n_ports":10,"power_kw_site":420.0,"ports_per_10k_pop":1.6139444803098772,"util_mean_port_weighted":0.3797584803277065,"dist_station_m_pop_weighted":3134.4991916332497}},{"type":"Feature","geometry":{"type":"Polygon","coordinates":[[[105.36558,18.9292],[105.36332,18.93091],[105.36233,18.93048],[105.35864,18.92893],[105.35853,18.92889],[105.35844,18.9289],[105.35822,18.92897],[105.35767,18.9292],[105.35734,18.92933],[105.35695,18.9295],[105.3568,18.92959],[105.35671,18.92969],[105.35659,18.92987],[105.35643,18.9301],[105.35634,18.93019],[105.3562,18.93028],[105.35586,18.9304],[105.35513,18.93066],[105.3548,18.93073],[105.35448,18.93074],[105.35428,18.93072],[105.35412,18.93066],[105.35258,18.93],[105.35153,18.92954],[105.35098,18.92894],[105.35105,18.92874],[105.35111,18.92835],[105.3511,18.9279],[105.35109,18.92751],[105.35094,18.92567],[105.35076,18.92392],[105.35066,18.92296],[105.34978,18.91822],[105.34866,18.91618],[105.34819,18.91123],[105.34916,18.90816],[105.35056,18.90349],[105.35061,18.90073],[105.35013,18.89541],[105.34962,18.89544],[105.34978,18.89142],[105.34988,18.88907],[105.35197,18.88627],[105.35197,18.88627],[105.35339,18.88353],[105.35413,18.8821],[105.35162,18.87948],[105.3484,18.88028],[105.34833,18.88037],[105.34809,18.88065],[105.34594,18.88021],[105.34488,18.87941],[105.34315,18.87777],[105.3423,18.87593],[105.34353,18.87362],[105.34629,18.86731],[105.34422,18.86545],[105.34502,18.86292],[105.34698,18.86091],[105.34902,18.86301],[105.35271,18.86636],[105.35418,18.86739],[105.35612,18.86857],[105.36282,18.86846],[105.36542,18.86834],[105.36601,18.86824],[105.36962,18.86764],[105.37153,18.86719],[105.37184,18.86712],[105.37438,18.86622],[105.375,18.86565],[105.37525,18.86528],[105.37561,18.86458],[105.37569,18.86387],[105.37569,18.86306],[105.37569,18.86284],[105.3754,18.86184],[105.37537,18.86171],[105.37517,18.86111],[105.37409,18.85778],[105.3738,18.85651],[105.37372,18.85606],[105.37372,18.85605],[105.37371,18.85556],[105.37378,18.85518],[105.37379,18.85516],[105.37448,18.85389],[105.37529,18.85253],[105.37641,18.8508],[105.37748,18.85257],[105.37825,18.8535],[105.37903,18.85385],[105.37974,18.85383],[105.37992,18.85377],[105.38068,18.85335],[105.38108,18.85278],[105.38205,18.85123],[105.38205,18.85121],[105.38218,18.8508],[105.38222,18.85019],[105.38641,18.84777],[105.39468,18.84505],[105.39496,18.84488],[105.39757,18.84363],[105.39873,18.84335],[105.39968,18.84312],[105.40045,18.84294],[105.40113,18.84278],[105.40183,18.84267],[105.40238,18.84369],[105.40499,18.85076],[105.40495,18.85084],[105.40486,18.8511],[105.40465,18.85169],[105.40454,18.85363],[105.40496,18.85426],[105.40531,18.85464],[105.40544,18.85477],[105.40928,18.85705],[105.41222,18.8583],[105.42086,18.86074],[105.42118,18.86074],[105.42218,18.86073],[105.42368,18.86117],[105.42408,18.86133],[105.428,18.86318],[105.42878,18.86369],[105.4328,18.86751],[105.43502,18.86952],[105.44211,18.87377],[105.4441,18.87301],[105.44754,18.87444],[105.45072,18.87677],[105.45212,18.87779],[105.45368,18.87823],[105.45528,18.87809],[105.45716,18.87908],[105.45996,18.88246],[105.46121,18.88485],[105.46103,18.88598],[105.45485,18.8922],[105.45321,18.89266],[105.44834,18.89411],[105.4414,18.89678],[105.43874,18.88992],[105.43809,18.88948],[105.43668,18.88879],[105.43173,18.8879],[105.43128,18.88812],[105.42951,18.88903],[105.42864,18.8899],[105.4286,18.89153],[105.42855,18.89173],[105.42257,18.89404],[105.41381,18.89676],[105.40922,18.89746],[105.40841,18.89666],[105.40841,18.89665],[105.40768,18.89654],[105.40143,18.89583],[105.39467,18.8965],[105.39418,18.8966],[105.39386,18.89667],[105.39079,18.8981],[105.38912,18.89909],[105.38822,18.90019],[105.38741,18.90142],[105.38688,18.90268],[105.38659,18.90339],[105.38656,18.90346],[105.38644,18.90501],[105.38569,18.90836],[105.38407,18.91132],[105.38322,18.91258],[105.38028,18.91545],[105.37849,18.91639],[105.37692,18.9174],[105.3766,18.91785],[105.37561,18.92058],[105.37517,18.92114],[105.37449,18.9214],[105.37335,18.92184],[105.37206,18.92208],[105.37122,18.92202],[105.36977,18.92151],[105.36899,18.92141],[105.36869,18.92149],[105.36834,18.92161],[105.3681,18.92172],[105.36769,18.92201],[105.36585,18.92332],[105.36519,18.92391],[105.36522,18.92436],[105.36554,18.92502],[105.36614,18.92618],[105.36658,18.92741],[105.36661,18.92795],[105.3661,18.92868],[105.36558,18.9292]]]},"properties":{"commune_code":"17677","commune_name":"Xã Văn Hiến","commune_kind":"XA","province_code":"40","province_name":"Tỉnh Nghệ An","area_km2":55.53,"valid_from":"16/6/2025","published":"13/07/2025","area_km2_geom":54.50958838779433,"quality_flag":null,"population":39144.0,"population_wp":44766.531359601766,"anchor_ratio":0.8744032385614836,"pop_source":"WORLDPOP2025_ANCHORED_VNSDI","pop_density_ppkm2":718.112191960067,"n_stations":1,"n_ports":8,"power_kw_site":300.0,"ports_per_10k_pop":2.0437359493153484,"util_mean_port_weighted":0.08209367562053724,"dist_station_m_pop_weighted":2924.60828475045}},{"type":"Feature","geometry":{"type":"Polygon","coordinates":[[[105.32306,18.88605],[105.32172,18.88694],[105.31767,18.88494],[105.31762,18.88465],[105.3173,18.88402],[105.31673,18.88287],[105.31571,18.88152],[105.3148,18.88128],[105.31324,18.8811],[105.31208,18.88161],[105.31123,18.88151],[105.31029,18.88088],[105.30981,18.88049],[105.30922,18.87765],[105.31067,18.87523],[105.31188,18.87501],[105.31268,18.87487],[105.31344,18.87476],[105.31369,18.87473],[105.31518,18.87415],[105.3174,18.87231],[105.31713,18.87121],[105.31406,18.8706],[105.31391,18.87058],[105.31351,18.87057],[105.31304,18.87056],[105.31268,18.87057],[105.31207,18.87063],[105.30198,18.87025],[105.29536,18.87075],[105.29234,18.87111],[105.29252,18.8701],[105.29354,18.86719],[105.29476,18.8644],[105.29552,18.86267],[105.2959,18.86153],[105.29594,18.86099],[105.2958,18.85938],[105.29549,18.85751],[105.29519,18.85667],[105.29489,18.85634],[105.29418,18.85613],[105.29199,18.85585],[105.28972,18.85551],[105.2882,18.85522],[105.28675,18.85477],[105.28377,18.85341],[105.28116,18.85202],[105.27901,18.85076],[105.27786,18.84981],[105.2777,18.84965],[105.27711,18.84906],[105.27671,18.84839],[105.27651,18.84782],[105.27645,18.84709],[105.27655,18.84614],[105.2769,18.84518],[105.27705,18.84478],[105.27987,18.83825],[105.28051,18.83702],[105.28127,18.83595],[105.282,18.83539],[105.28225,18.83519],[105.28348,18.83461],[105.28488,18.83423],[105.28639,18.83415],[105.29032,18.83348],[105.2981,18.83059],[105.30093,18.82938],[105.30269,18.82827],[105.30295,18.82801],[105.30792,18.83055],[105.31371,18.83349],[105.3198,18.83464],[105.32056,18.83427],[105.32143,18.83385],[105.32383,18.83337],[105.32859,18.83272],[105.33159,18.83334],[105.34018,18.83556],[105.34071,18.8357],[105.34101,18.83592],[105.34177,18.83662],[105.34181,18.83672],[105.34385,18.84275],[105.34656,18.84636],[105.3489,18.84901],[105.35231,18.84884],[105.35467,18.84722],[105.36069,18.8419],[105.36144,18.83902],[105.36664,18.83306],[105.36758,18.82655],[105.36807,18.82404],[105.36998,18.81955],[105.37132,18.81641],[105.37238,18.81512],[105.37423,18.81302],[105.37492,18.81245],[105.37753,18.81203],[105.37918,18.81167],[105.38204,18.8086],[105.38283,18.80896],[105.38574,18.8099],[105.38595,18.80996],[105.38995,18.81025],[105.39076,18.81024],[105.3911,18.8103],[105.39149,18.81039],[105.39199,18.81066],[105.39402,18.81195],[105.39451,18.81782],[105.39417,18.82215],[105.39421,18.82325],[105.39572,18.82996],[105.39758,18.83259],[105.4014,18.83624],[105.40331,18.83606],[105.40429,18.83779],[105.40449,18.83843],[105.4044,18.83884],[105.40428,18.83934],[105.40409,18.83998],[105.40402,18.84021],[105.404,18.84025],[105.40396,18.84035],[105.40355,18.84075],[105.4032,18.84104],[105.40045,18.84294],[105.39968,18.84312],[105.39873,18.84335],[105.39757,18.84363],[105.39496,18.84488],[105.39468,18.84505],[105.38641,18.84777],[105.38222,18.85019],[105.38218,18.8508],[105.38205,18.85121],[105.38205,18.85123],[105.38108,18.85278],[105.38068,18.85335],[105.37992,18.85377],[105.37974,18.85383],[105.37903,18.85385],[105.37825,18.8535],[105.37748,18.85257],[105.37641,18.8508],[105.37529,18.85253],[105.37448,18.85389],[105.37379,18.85516],[105.37378,18.85518],[105.37371,18.85556],[105.37372,18.85605],[105.37372,18.85606],[105.3738,18.85651],[105.37409,18.85778],[105.37517,18.86111],[105.37537,18.86171],[105.3754,18.86184],[105.37569,18.86284],[105.37569,18.86306],[105.37569,18.86387],[105.37561,18.86458],[105.37525,18.86528],[105.375,18.86565],[105.37438,18.86622],[105.37184,18.86712],[105.37153,18.86719],[105.36962,18.86764],[105.36601,18.86824],[105.36542,18.86834],[105.36282,18.86846],[105.35612,18.86857],[105.35418,18.86739],[105.35271,18.86636],[105.34902,18.86301],[105.34698,18.86091],[105.34502,18.86292],[105.34422,18.86545],[105.34629,18.86731],[105.34353,18.87362],[105.3423,18.87593],[105.34016,18.87521],[105.33817,18.87462],[105.33746,18.87512],[105.33717,18.87534],[105.33715,18.87535],[105.33738,18.87641],[105.33711,18.87772],[105.33514,18.88125],[105.33323,18.88168],[105.33129,18.88186],[105.32413,18.88362],[105.32306,18.88605]]]},"properties":{"commune_code":"17689","commune_name":"Xã Thuần Trung","commune_kind":"XA","province_code":"40","province_name":"Tỉnh Nghệ An","area_km2":49.26,"valid_from":"16/6/2025","published":"13/07/2025","area_km2_geom":49.92873177771517,"quality_flag":null,"population":40317.0,"population_wp":38850.88234240189,"anchor_ratio":1.0377370491788802,"pop_source":"WORLDPOP2025_ANCHORED_VNSDI","pop_density_ppkm2":807.4909689173159,"n_stations":0,"n_ports":0,"power_kw_site":0.0,"ports_per_10k_pop":0.0,"util_mean_port_weighted":null,"dist_station_m_pop_weighted":5748.401035269457}},{"type":"Feature","geometry":{"type":"Polygon","coordinates":[[[105.4631,18.88251],[105.46103,18.88598],[105.46121,18.88485],[105.45996,18.88246],[105.45716,18.87908],[105.45528,18.87809],[105.45368,18.87823],[105.45212,18.87779],[105.45072,18.87677],[105.44754,18.87444],[105.4441,18.87301],[105.44211,18.87377],[105.43502,18.86952],[105.4328,18.86751],[105.42878,18.86369],[105.428,18.86318],[105.42408,18.86133],[105.42368,18.86117],[105.42218,18.86073],[105.42118,18.86074],[105.42086,18.86074],[105.41222,18.8583],[105.40928,18.85705],[105.40544,18.85477],[105.40531,18.85464],[105.40496,18.85426],[105.40454,18.85363],[105.40465,18.85169],[105.40486,18.8511],[105.40495,18.85084],[105.40499,18.85076],[105.40238,18.84369],[105.40183,18.84267],[105.40113,18.84278],[105.40045,18.84294],[105.4032,18.84104],[105.40355,18.84075],[105.40396,18.84035],[105.404,18.84025],[105.40402,18.84021],[105.40409,18.83998],[105.40428,18.83934],[105.4044,18.83884],[105.40449,18.83843],[105.40429,18.83779],[105.40331,18.83606],[105.4014,18.83624],[105.39758,18.83259],[105.39572,18.82996],[105.39421,18.82325],[105.39417,18.82215],[105.39451,18.81782],[105.39402,18.81195],[105.39199,18.81066],[105.39149,18.81039],[105.3911,18.8103],[105.39076,18.81024],[105.38995,18.81025],[105.38595,18.80996],[105.38574,18.8099],[105.38283,18.80896],[105.38204,18.8086],[105.38414,18.80681],[105.38621,18.80559],[105.39268,18.8003],[105.39681,18.79642],[105.39775,18.79552],[105.39831,18.79437],[105.39842,18.7933],[105.39867,18.78926],[105.39867,18.7887],[105.3981,18.78719],[105.39755,18.78579],[105.3974,18.78559],[105.39721,18.78539],[105.39654,18.78506],[105.39576,18.78495],[105.3953,18.78474],[105.39394,18.78326],[105.39294,18.7819],[105.39267,18.78097],[105.39267,18.78032],[105.39267,18.78022],[105.39314,18.77927],[105.39384,18.77842],[105.39444,18.77811],[105.39492,18.77791],[105.39537,18.77779],[105.39568,18.77782],[105.39594,18.77804],[105.39889,18.78036],[105.40419,18.7815],[105.40528,18.78167],[105.40595,18.78167],[105.40617,18.78165],[105.40764,18.78142],[105.41066,18.78099],[105.41243,18.78221],[105.41678,18.78429],[105.42013,18.78554],[105.42374,18.78613],[105.42717,18.79114],[105.42916,18.79326],[105.43764,18.79017],[105.44195,18.78824],[105.44279,18.78782],[105.44464,18.7862],[105.44696,18.7841],[105.44972,18.78245],[105.45718,18.77896],[105.46645,18.7749],[105.4668,18.77477],[105.46784,18.77452],[105.46921,18.77426],[105.48049,18.77369],[105.48261,18.77623],[105.4804,18.77757],[105.47832,18.77892],[105.47717,18.77992],[105.47698,18.7799],[105.4768,18.77992],[105.47656,18.77998],[105.47621,18.78009],[105.47604,18.78018],[105.47561,18.78046],[105.47533,18.78066],[105.47523,18.78086],[105.47501,18.7813],[105.47488,18.7817],[105.47484,18.78217],[105.47454,18.78352],[105.47368,18.78523],[105.47356,18.78544],[105.47222,18.78707],[105.47161,18.7877],[105.47123,18.78805],[105.47037,18.78835],[105.46889,18.78958],[105.46891,18.79543],[105.46923,18.79912],[105.47012,18.80034],[105.47139,18.80245],[105.47178,18.80317],[105.47255,18.80493],[105.47151,18.80623],[105.47018,18.80693],[105.46813,18.81022],[105.46701,18.81204],[105.46683,18.81242],[105.46653,18.81318],[105.46646,18.81367],[105.46645,18.81373],[105.46644,18.8144],[105.46675,18.81516],[105.467,18.81545],[105.46822,18.81699],[105.46852,18.81898],[105.46811,18.82104],[105.46739,18.82176],[105.46695,18.82187],[105.46674,18.82215],[105.46674,18.82216],[105.46658,18.8224],[105.46628,18.82287],[105.46608,18.82324],[105.46606,18.82344],[105.4661,18.82365],[105.46629,18.82424],[105.46661,18.82512],[105.46963,18.8241],[105.47173,18.8229],[105.47178,18.82287],[105.4731,18.82257],[105.47482,18.82267],[105.4757,18.82312],[105.47654,18.82355],[105.48036,18.82613],[105.48208,18.82755],[105.48112,18.83083],[105.47964,18.83248],[105.48377,18.83742],[105.48442,18.8404],[105.48383,18.84487],[105.48319,18.84743],[105.48173,18.84978],[105.47805,18.85177],[105.47356,18.85531],[105.47426,18.86135],[105.47561,18.86847],[105.47708,18.87022],[105.47855,18.87273],[105.47882,18.8733],[105.47927,18.87474],[105.47952,18.87558],[105.47756,18.87636],[105.47636,18.87878],[105.47516,18.8808],[105.47283,18.88087],[105.47061,18.8799],[105.46928,18.87922],[105.46696,18.87952],[105.46541,18.88019],[105.46369,18.88166],[105.4631,18.88251]]]},"properties":{"commune_code":"17707","commune_name":"Xã Bạch Hà","commune_kind":"XA","province_code":"40","province_name":"Tỉnh Nghệ An","area_km2":79.28,"valid_from":"16/6/2025","published":"13/07/2025","area_km2_geom":78.79509525299623,"quality_flag":null,"population":39332.0,"population_wp":42450.821474622935,"anchor_ratio":0.9265309511975555,"pop_source":"WORLDPOP2025_ANCHORED_VNSDI","pop_density_ppkm2":499.16812555035744,"n_stations":1,"n_ports":4,"power_kw_site":240.0,"ports_per_10k_pop":1.0169836265636123,"util_mean_port_weighted":0.25090149155876085,"dist_station_m_pop_weighted":5596.811128605804}},{"type":"Feature","geometry":{"type":"Polygon","coordinates":[[[105.35231,18.84884],[105.3489,18.84901],[105.34656,18.84636],[105.34385,18.84275],[105.34181,18.83672],[105.34177,18.83662],[105.34101,18.83592],[105.34071,18.8357],[105.34018,18.83556],[105.33159,18.83334],[105.32859,18.83272],[105.32383,18.83337],[105.32143,18.83385],[105.32056,18.83427],[105.3198,18.83464],[105.31371,18.83349],[105.30792,18.83055],[105.30295,18.82801],[105.30362,18.82733],[105.30416,18.8265],[105.30428,18.82572],[105.30426,18.82506],[105.30426,18.82471],[105.30405,18.82392],[105.30339,18.82279],[105.30206,18.82113],[105.30083,18.8196],[105.30013,18.81831],[105.29992,18.81792],[105.29529,18.80808],[105.29393,18.80498],[105.29287,18.80232],[105.29214,18.80012],[105.2919,18.79909],[105.29173,18.79814],[105.29173,18.79814],[105.29187,18.79747],[105.28906,18.79626],[105.27999,18.79236],[105.2793,18.79228],[105.27763,18.79225],[105.27678,18.79379],[105.27622,18.79399],[105.27517,18.794],[105.27461,18.7939],[105.27443,18.79378],[105.27573,18.79014],[105.27756,18.78727],[105.2784,18.78731],[105.28002,18.78768],[105.28239,18.78787],[105.28259,18.78783],[105.28743,18.78682],[105.28852,18.78616],[105.28905,18.78517],[105.28912,18.7841],[105.28915,18.78237],[105.28919,18.78087],[105.28926,18.78033],[105.28956,18.77976],[105.29016,18.77946],[105.29081,18.77942],[105.2927,18.77992],[105.29616,18.78119],[105.29836,18.78196],[105.29918,18.78225],[105.30099,18.78202],[105.30144,18.7819],[105.30264,18.78128],[105.30312,18.78065],[105.30331,18.77985],[105.30399,18.77876],[105.30459,18.77835],[105.30557,18.778],[105.30748,18.77761],[105.30944,18.77722],[105.31033,18.7768],[105.31114,18.77641],[105.31225,18.77518],[105.3152,18.77034],[105.31584,18.76777],[105.3155,18.76613],[105.31531,18.76422],[105.31549,18.7616],[105.31599,18.75886],[105.3165,18.75706],[105.31893,18.75243],[105.31981,18.75091],[105.32053,18.75005],[105.32133,18.7495],[105.32207,18.74936],[105.32336,18.74932],[105.32551,18.74955],[105.32739,18.7501],[105.32822,18.75077],[105.33453,18.75234],[105.34026,18.75425],[105.34235,18.75552],[105.34373,18.75602],[105.3447,18.75613],[105.34574,18.75613],[105.34658,18.75605],[105.34749,18.75565],[105.34859,18.75461],[105.34939,18.7537],[105.35174,18.75549],[105.35333,18.7548],[105.35373,18.75461],[105.3554,18.75356],[105.35646,18.75279],[105.36453,18.75441],[105.36659,18.75638],[105.36978,18.75964],[105.37075,18.76746],[105.37129,18.77257],[105.37117,18.7729],[105.37099,18.77357],[105.37082,18.77495],[105.37095,18.77547],[105.37125,18.77607],[105.37164,18.77643],[105.37186,18.77662],[105.37199,18.77672],[105.37249,18.7771],[105.37291,18.77722],[105.37631,18.77707],[105.37856,18.77669],[105.37969,18.77545],[105.38029,18.77488],[105.38394,18.77327],[105.38618,18.77272],[105.38836,18.7728],[105.38857,18.77281],[105.38892,18.7729],[105.38943,18.77338],[105.3901,18.7744],[105.39083,18.77556],[105.39139,18.77667],[105.39267,18.78032],[105.39267,18.78097],[105.39294,18.7819],[105.39394,18.78326],[105.3953,18.78474],[105.39576,18.78495],[105.39654,18.78506],[105.39721,18.78539],[105.3974,18.78559],[105.39755,18.78579],[105.3981,18.78719],[105.39867,18.7887],[105.39867,18.78926],[105.39842,18.7933],[105.39831,18.79437],[105.39775,18.79552],[105.39681,18.79642],[105.39268,18.8003],[105.38621,18.80559],[105.38414,18.80681],[105.38204,18.8086],[105.37918,18.81167],[105.37753,18.81203],[105.37492,18.81245],[105.37423,18.81302],[105.37238,18.81512],[105.37132,18.81641],[105.36998,18.81955],[105.36807,18.82404],[105.36758,18.82655],[105.36664,18.83306],[105.36144,18.83902],[105.36069,18.8419],[105.35467,18.84722],[105.35231,18.84884]]]},"properties":{"commune_code":"17713","commune_name":"Xã Đại Đồng","commune_kind":"XA","province_code":"40","province_name":"Tỉnh Nghệ An","area_km2":77.87,"valid_from":"16/6/2025","published":"13/07/2025","area_km2_geom":76.8691411482018,"quality_flag":null,"population":63131.0,"population_wp":74678.4271646291,"anchor_ratio":0.8453713126660699,"pop_source":"WORLDPOP2025_ANCHORED_VNSDI","pop_density_ppkm2":821.2788520465579,"n_stations":2,"n_ports":10,"power_kw_site":480.0,"ports_per_10k_pop":1.584007856678969,"util_mean_port_weighted":0.2290459558824527,"dist_station_m_pop_weighted":3444.4203597032174}},{"type":"Feature","geometry":{"type":"Polygon","coordinates":[[[105.1867,18.8792],[105.18608,18.87961],[105.18556,18.87862],[105.18456,18.87633],[105.18443,18.87598],[105.18437,18.87567],[105.1843,18.8736],[105.18209,18.8721],[105.17936,18.87096],[105.17765,18.87066],[105.17063,18.87521],[105.17057,18.87526],[105.17034,18.87536],[105.17023,18.87541],[105.17011,18.87545],[105.17001,18.87547],[105.16992,18.87546],[105.16888,18.8753],[105.16814,18.87493],[105.16789,18.87478],[105.16466,18.87232],[105.16426,18.87188],[105.16394,18.8714],[105.16387,18.87103],[105.16395,18.86977],[105.1638,18.86866],[105.16373,18.86827],[105.16361,18.86805],[105.16213,18.86686],[105.15974,18.86569],[105.15744,18.86548],[105.15734,18.86547],[105.15721,18.86546],[105.15689,18.86551],[105.15669,18.86568],[105.14361,18.86827],[105.14062,18.86694],[105.13728,18.86407],[105.13368,18.86171],[105.13199,18.86081],[105.13119,18.86065],[105.12299,18.86253],[105.11998,18.86334],[105.11978,18.86341],[105.11875,18.86411],[105.11838,18.86454],[105.11783,18.86575],[105.11693,18.86787],[105.11591,18.86935],[105.11333,18.87148],[105.11275,18.87153],[105.11224,18.87126],[105.11072,18.86941],[105.10968,18.86814],[105.10788,18.86725],[105.10764,18.8672],[105.10748,18.86721],[105.1072,18.86733],[105.10624,18.86786],[105.10249,18.87039],[105.09892,18.87347],[105.09887,18.87349],[105.09657,18.87405],[105.09566,18.87417],[105.09453,18.87431],[105.0923,18.87455],[105.09169,18.87441],[105.08958,18.87395],[105.08789,18.87287],[105.08619,18.87204],[105.08406,18.87198],[105.08192,18.87264],[105.08067,18.87383],[105.07998,18.87401],[105.07803,18.87348],[105.07187,18.86894],[105.07087,18.86816],[105.06892,18.86577],[105.06653,18.86242],[105.06502,18.85961],[105.06333,18.858],[105.06021,18.85682],[105.05692,18.85519],[105.05454,18.85328],[105.05227,18.84957],[105.04505,18.84168],[105.04423,18.8415],[105.04091,18.84246],[105.0367,18.8445],[105.03444,18.84581],[105.03356,18.84766],[105.03206,18.85018],[105.03111,18.85089],[105.02892,18.84988],[105.02672,18.84778],[105.02301,18.8427],[105.02201,18.84085],[105.02144,18.83912],[105.02063,18.83754],[105.01851,18.83533],[105.01353,18.83208],[105.00984,18.8305],[105.00857,18.82972],[105.00552,18.82785],[105.00421,18.82689],[105.00206,18.82462],[105.00082,18.82251],[105.00017,18.8204],[105.00009,18.82011],[104.99788,18.81629],[104.99772,18.81611],[104.99596,18.81428],[104.99503,18.8142],[104.99348,18.81364],[104.99171,18.81255],[104.98976,18.81051],[104.98946,18.81001],[104.98877,18.80784],[104.98861,18.8069],[104.98846,18.80617],[104.98824,18.8057],[104.98767,18.80502],[104.9868,18.80438],[104.98537,18.80334],[104.98025,18.79969],[104.97944,18.79929],[104.97301,18.79662],[104.96782,18.78752],[104.96463,18.78196],[104.96417,18.78143],[104.96324,18.78047],[104.95699,18.77476],[104.94421,18.76389],[104.94142,18.76166],[104.94042,18.76099],[104.93998,18.76076],[104.93817,18.75997],[104.93741,18.7597],[104.93734,18.75961],[104.93717,18.75938],[104.93691,18.75916],[104.93663,18.75892],[104.93609,18.75867],[104.93584,18.75849],[104.93561,18.75824],[104.93554,18.75797],[104.93554,18.75761],[104.93568,18.75725],[104.93635,18.75604],[104.93686,18.75509],[104.93698,18.75497],[104.93723,18.75486],[104.93757,18.75481],[104.93794,18.75475],[104.93814,18.75467],[104.93838,18.75453],[104.93859,18.75436],[104.93881,18.754],[104.93935,18.75279],[104.93965,18.75192],[104.94068,18.7494],[104.94083,18.7489],[104.94095,18.74824],[104.94104,18.74761],[104.94108,18.74738],[104.94115,18.74691],[104.94118,18.74664],[104.9412,18.74616],[104.94121,18.74268],[104.94123,18.74222],[104.94128,18.74164],[104.94131,18.74068],[104.9415,18.74013],[104.94195,18.73958],[104.94229,18.73895],[104.94257,18.73856],[104.9429,18.7384],[104.94361,18.73836],[104.94428,18.73849],[104.94458,18.73861],[104.94495,18.73883],[104.94532,18.73913],[104.94556,18.7394],[104.94593,18.7398],[104.94617,18.73999],[104.94633,18.74005],[104.9465,18.74006],[104.94675,18.74002],[104.94721,18.7399],[104.94742,18.73988],[104.94788,18.73988],[104.94839,18.73991],[104.94863,18.73997],[104.94927,18.74024],[104.94983,18.74041],[104.95006,18.74044],[104.95044,18.74044],[104.95107,18.74032],[104.95195,18.74008],[104.95291,18.7398],[104.95362,18.73968],[104.95433,18.73968],[104.95534,18.73976],[104.9556,18.73979],[104.95599,18.73982],[104.95619,18.73983],[104.95651,18.73977],[104.95739,18.73962],[104.95795,18.73956],[104.95855,18.73954],[104.95892,18.73955],[104.95916,18.73961],[104.95937,18.73967],[104.95962,18.73978],[104.96007,18.74009],[104.9604,18.74027],[104.96082,18.74044],[104.9614,18.7406],[104.96167,18.7407],[104.96179,18.74076],[104.96192,18.74084],[104.96205,18.74097],[104.96222,18.74118],[104.96232,18.74134],[104.96305,18.74234],[104.96322,18.74246],[104.96348,18.74255],[104.96369,18.74256],[104.96385,18.74252],[104.96418,18.74235],[104.96469,18.74203],[104.96498,18.7419],[104.96517,18.74184],[104.96577,18.74176],[104.96649,18.74176],[104.96676,18.7418],[104.96689,18.74184],[104.96715,18.74199],[104.96752,18.74228],[104.96769,18.74246],[104.96796,18.7427],[104.96811,18.74276],[104.96841,18.74278],[104.96871,18.74277],[104.96895,18.74271],[104.96917,18.74262],[104.96935,18.74254],[104.96949,18.74251],[104.9698,18.74248],[104.96981,18.74248],[104.97031,18.7425],[104.97062,18.74251],[104.97089,18.74243],[104.97134,18.74224],[104.97194,18.74183],[104.97219,18.74159],[104.97259,18.74104],[104.97268,18.7409],[104.97285,18.7407],[104.97291,18.74066],[104.97305,18.74065],[104.97316,18.74065],[104.97337,18.74073],[104.97337,18.74073],[104.97393,18.74104],[104.9741,18.74112],[104.97416,18.74113],[104.97439,18.74116],[104.97474,18.74116],[104.97522,18.74104],[104.9765,18.7405],[104.97877,18.73969],[104.97915,18.73959],[104.97999,18.73937],[104.9821,18.7388],[104.98243,18.73877],[104.98282,18.73879],[104.98316,18.73894],[104.98326,18.73903],[104.98346,18.73919],[104.98358,18.73944],[104.98371,18.73995],[104.98378,18.74016],[104.98383,18.74024],[104.98394,18.74038],[104.98449,18.74075],[104.98483,18.74098],[104.98507,18.74127],[104.98572,18.74253],[104.98593,18.74278],[104.98649,18.7432],[104.98694,18.74344],[104.98832,18.74391],[104.98867,18.74404],[104.98884,18.74413],[104.98925,18.74435],[104.98948,18.74446],[104.98967,18.74451],[104.98991,18.74451],[104.99029,18.74447],[104.99083,18.74432],[104.99106,18.74425],[104.99177,18.74395],[104.99203,18.74383],[104.9925,18.74354],[104.99307,18.74327],[104.99361,18.74267],[104.99389,18.74174],[104.99392,18.74168],[104.99411,18.74132],[104.99468,18.74028],[104.99472,18.73941],[104.99491,18.73912],[104.99556,18.73861],[104.99592,18.73833],[104.99669,18.73732],[104.99729,18.73686],[104.99799,18.73673],[104.99843,18.73684],[104.99848,18.73683],[104.99885,18.73688],[104.99916,18.73694],[104.99939,18.73704],[104.99956,18.7372],[104.99969,18.73733],[105.00012,18.73779],[105.00025,18.73788],[105.00051,18.73802],[105.00096,18.7382],[105.00126,18.7383],[105.00186,18.7385],[105.00186,18.7385],[105.00563,18.74049],[105.00609,18.74074],[105.00857,18.7406],[105.00973,18.74186],[105.01041,18.74196],[105.01094,18.7398],[105.01108,18.73925],[105.01163,18.74013],[105.01278,18.74196],[105.01455,18.74232],[105.01665,18.74273],[105.0171,18.74364],[105.01887,18.74487],[105.02008,18.74674],[105.02242,18.74813],[105.02062,18.7457],[105.01985,18.74366],[105.01967,18.74319],[105.01982,18.74296],[105.0204,18.74208],[105.01919,18.7408],[105.01807,18.73964],[105.01753,18.73813],[105.01641,18.73647],[105.01675,18.73554],[105.01739,18.73376],[105.0174,18.73374],[105.01938,18.73086],[105.02173,18.73024],[105.02407,18.72962],[105.02757,18.7294],[105.02867,18.72879],[105.02927,18.72845],[105.0303,18.72819],[105.03133,18.72819],[105.03242,18.72936],[105.03329,18.73023],[105.03394,18.73092],[105.03423,18.73134],[105.03449,18.73205],[105.03471,18.73248],[105.03497,18.73253],[105.03518,18.73249],[105.03546,18.73236],[105.03571,18.73217],[105.03583,18.73196],[105.03588,18.73183],[105.03594,18.73163],[105.03595,18.73142],[105.03578,18.73092],[105.03539,18.73006],[105.03518,18.72902],[105.03506,18.72843],[105.03508,18.72838],[105.03511,18.72826],[105.03564,18.72681],[105.03592,18.72629],[105.03708,18.72518],[105.03874,18.72436],[105.04068,18.72414],[105.04102,18.72424],[105.04322,18.72488],[105.04379,18.72531],[105.04451,18.72584],[105.04582,18.72682],[105.04613,18.72687],[105.04866,18.72727],[105.04993,18.72799],[105.05041,18.72842],[105.05097,18.72887],[105.05135,18.72906],[105.05158,18.72906],[105.05188,18.72899],[105.05285,18.72842],[105.058,18.72494],[105.05921,18.7238],[105.05934,18.72335],[105.05924,18.72241],[105.05839,18.72087],[105.05546,18.71826],[105.05376,18.71627],[105.05319,18.71474],[105.05319,18.7124],[105.05269,18.71048],[105.05167,18.70931],[105.05036,18.70852],[105.05009,18.7078],[105.05009,18.70722],[105.05043,18.70669],[105.05139,18.7063],[105.05292,18.70629],[105.05631,18.70708],[105.05886,18.70708],[105.06226,18.70717],[105.06642,18.70807],[105.06822,18.70762],[105.07051,18.70551],[105.07166,18.70452],[105.07164,18.70783],[105.07172,18.70935],[105.07174,18.70963],[105.07177,18.70992],[105.07182,18.71029],[105.07185,18.71055],[105.07192,18.71076],[105.07219,18.71137],[105.07232,18.7116],[105.07244,18.71181],[105.07461,18.71541],[105.07478,18.7169],[105.07492,18.71846],[105.07465,18.7212],[105.07428,18.72253],[105.07384,18.72324],[105.07354,18.72377],[105.07365,18.72435],[105.07379,18.72475],[105.07689,18.73001],[105.08491,18.7403],[105.08863,18.74279],[105.09482,18.74481],[105.09558,18.74558],[105.09764,18.74685],[105.09826,18.74708],[105.09876,18.747],[105.09938,18.74637],[105.09999,18.74512],[105.10012,18.7448],[105.10023,18.74447],[105.10053,18.74391],[105.10105,18.74342],[105.10202,18.74275],[105.10213,18.74267],[105.10275,18.7424],[105.10293,18.7424],[105.10386,18.74246],[105.10474,18.74281],[105.10539,18.74362],[105.10932,18.75042],[105.10436,18.75446],[105.10102,18.75712],[105.09881,18.75875],[105.09584,18.7632],[105.09548,18.76597],[105.09504,18.76823],[105.09261,18.77083],[105.08997,18.77276],[105.09156,18.77437],[105.09481,18.77548],[105.0982,18.77664],[105.10332,18.77761],[105.1052,18.77789],[105.10874,18.77827],[105.11063,18.7785],[105.11096,18.77855],[105.11129,18.77876],[105.11692,18.78281],[105.12044,18.78718],[105.12199,18.78917],[105.12295,18.79057],[105.12351,18.7921],[105.12931,18.79819],[105.13074,18.79954],[105.13087,18.7996],[105.13104,18.7996],[105.1318,18.79823],[105.13447,18.79839],[105.13638,18.79861],[105.13832,18.79844],[105.13942,18.79807],[105.14275,18.79614],[105.14883,18.79515],[105.14884,18.79515],[105.14994,18.79526],[105.15097,18.79551],[105.15191,18.79594],[105.15263,18.79649],[105.15304,18.79675],[105.15502,18.79709],[105.15544,18.79704],[105.15634,18.79685],[105.15663,18.79672],[105.15847,18.79573],[105.16127,18.79418],[105.16396,18.79029],[105.16526,18.78656],[105.16583,18.78415],[105.16578,18.7838],[105.16581,18.78347],[105.16592,18.78327],[105.16697,18.78241],[105.16788,18.78198],[105.17005,18.78123],[105.17147,18.78092],[105.17194,18.78085],[105.17239,18.78087],[105.17461,18.78186],[105.17684,18.78542],[105.17814,18.78823],[105.18091,18.78979],[105.18729,18.7876],[105.1881,18.7889],[105.19218,18.7965],[105.19464,18.80315],[105.19674,18.80581],[105.19913,18.80809],[105.19918,18.80814],[105.2007,18.81218],[105.1971,18.8191],[105.19569,18.82101],[105.19371,18.82223],[105.19378,18.82486],[105.1958,18.82617],[105.19666,18.82741],[105.19798,18.83195],[105.20125,18.84335],[105.20159,18.84659],[105.19696,18.84797],[105.19283,18.85167],[105.19042,18.85669],[105.18943,18.85885],[105.18911,18.85971],[105.18907,18.86187],[105.18914,18.86226],[105.18938,18.86264],[105.18921,18.86768],[105.18885,18.86841],[105.18837,18.86891],[105.18737,18.86942],[105.18657,18.87007],[105.18578,18.87111],[105.18588,18.87212],[105.18735,18.87869],[105.1867,18.8792]]]},"properties":{"commune_code":"17722","commune_name":"Xã Hạnh Lâm","commune_kind":"XA","province_code":"40","province_name":"Tỉnh Nghệ An","area_km2":274.57,"valid_from":"16/6/2025","published":"13/07/2025","area_km2_geom":265.06777540646743,"quality_flag":null,"population":13699.0,"population_wp":11775.041539739817,"anchor_ratio":1.1633929233936864,"pop_source":"WORLDPOP2025_ANCHORED_VNSDI","pop_density_ppkm2":51.681121852678274,"n_stations":0,"n_ports":0,"power_kw_site":0.0,"ports_per_10k_pop":0.0,"util_mean_port_weighted":null,"dist_station_m_pop_weighted":11941.486377861724}},{"type":"Feature","geometry":{"type":"Polygon","coordinates":[[[105.26065,18.89053],[105.2597,18.89075],[105.25346,18.88803],[105.251,18.88378],[105.25058,18.88251],[105.24992,18.88067],[105.24557,18.87667],[105.24367,18.87522],[105.24331,18.87501],[105.24186,18.87442],[105.24158,18.87435],[105.2414,18.8743],[105.2355,18.87405],[105.23536,18.87406],[105.23435,18.87425],[105.23431,18.87426],[105.2342,18.87429],[105.23409,18.87434],[105.23241,18.87532],[105.23036,18.87701],[105.22717,18.87941],[105.22453,18.8795],[105.22222,18.88109],[105.22064,18.88355],[105.21851,18.88313],[105.21442,18.88378],[105.21194,18.8864],[105.21114,18.88696],[105.20943,18.88721],[105.20386,18.88782],[105.19752,18.88666],[105.19226,18.88434],[105.18965,18.88004],[105.18735,18.87869],[105.18588,18.87212],[105.18578,18.87111],[105.18657,18.87007],[105.18737,18.86942],[105.18837,18.86891],[105.18885,18.86841],[105.18921,18.86768],[105.18938,18.86264],[105.18914,18.86226],[105.18907,18.86187],[105.18911,18.85971],[105.18943,18.85885],[105.19042,18.85669],[105.19283,18.85167],[105.19696,18.84797],[105.20159,18.84659],[105.20535,18.8471],[105.20707,18.84669],[105.20903,18.84563],[105.21099,18.84306],[105.21295,18.84014],[105.21871,18.83675],[105.22385,18.83266],[105.22624,18.83034],[105.22794,18.8287],[105.22931,18.82572],[105.23029,18.82361],[105.23092,18.82226],[105.23162,18.82127],[105.23198,18.82101],[105.23281,18.82075],[105.23369,18.82088],[105.23462,18.82111],[105.23537,18.82169],[105.23625,18.82236],[105.23692,18.82312],[105.23914,18.82564],[105.2394,18.82608],[105.24149,18.82947],[105.24383,18.83227],[105.24582,18.83412],[105.24816,18.83619],[105.24871,18.83656],[105.24968,18.83647],[105.25133,18.83568],[105.2528,18.83436],[105.25469,18.83199],[105.2562,18.83046],[105.25776,18.8294],[105.25814,18.82925],[105.26035,18.82839],[105.26158,18.82811],[105.26313,18.82794],[105.26464,18.82801],[105.26487,18.82802],[105.26595,18.82825],[105.26865,18.82885],[105.27022,18.82863],[105.27168,18.82787],[105.27333,18.8267],[105.27487,18.82504],[105.27741,18.82285],[105.27912,18.82203],[105.2807,18.82187],[105.28145,18.82206],[105.28201,18.82255],[105.28213,18.82327],[105.28141,18.82488],[105.27958,18.8285],[105.27869,18.82984],[105.27842,18.83025],[105.27815,18.83143],[105.27797,18.83284],[105.2782,18.83345],[105.27875,18.83402],[105.27937,18.83442],[105.27939,18.83443],[105.282,18.83539],[105.28127,18.83595],[105.28051,18.83702],[105.27987,18.83825],[105.27705,18.84478],[105.2769,18.84518],[105.27655,18.84614],[105.27645,18.84709],[105.27651,18.84782],[105.27671,18.84839],[105.27711,18.84906],[105.2777,18.84965],[105.27786,18.84981],[105.27901,18.85076],[105.28116,18.85202],[105.28377,18.85341],[105.28675,18.85477],[105.2882,18.85522],[105.28972,18.85551],[105.29199,18.85585],[105.29418,18.85613],[105.29489,18.85634],[105.29519,18.85667],[105.29549,18.85751],[105.2958,18.85938],[105.29594,18.86099],[105.2959,18.86153],[105.29552,18.86267],[105.29476,18.8644],[105.29354,18.86719],[105.29252,18.8701],[105.29234,18.87111],[105.29224,18.87161],[105.29228,18.8724],[105.29249,18.8732],[105.29289,18.8741],[105.29386,18.87591],[105.29489,18.87781],[105.2955,18.87938],[105.29561,18.87966],[105.2961,18.881],[105.2963,18.88209],[105.2963,18.88328],[105.2961,18.88456],[105.29562,18.88597],[105.29555,18.88608],[105.29476,18.88722],[105.294,18.88793],[105.29285,18.88825],[105.29179,18.88847],[105.29014,18.88847],[105.2884,18.88829],[105.28833,18.88828],[105.28481,18.8876],[105.28122,18.88695],[105.27778,18.88659],[105.2737,18.88635],[105.27213,18.88651],[105.27113,18.88678],[105.27022,18.88733],[105.26264,18.89006],[105.26065,18.89053]]]},"properties":{"commune_code":"17728","commune_name":"Xã Cát Ngạn","commune_kind":"XA","province_code":"40","province_name":"Tỉnh Nghệ An","area_km2":59.28,"valid_from":"16/6/2025","published":"13/07/2025","area_km2_geom":57.57040781377414,"quality_flag":null,"population":22995.0,"population_wp":15981.310560978949,"anchor_ratio":1.4388682274998241,"pop_source":"WORLDPOP2025_ANCHORED_VNSDI","pop_density_ppkm2":399.423955348433,"n_stations":0,"n_ports":0,"power_kw_site":0.0,"ports_per_10k_pop":0.0,"util_mean_port_weighted":null,"dist_station_m_pop_weighted":9900.557951485665}},{"type":"Feature","geometry":{"type":"Polygon","coordinates":[[[105.20707,18.84669],[105.20535,18.8471],[105.20159,18.84659],[105.20125,18.84335],[105.19798,18.83195],[105.19666,18.82741],[105.1958,18.82617],[105.19378,18.82486],[105.19371,18.82223],[105.19569,18.82101],[105.1971,18.8191],[105.2007,18.81218],[105.19918,18.80814],[105.19913,18.80809],[105.19674,18.80581],[105.19464,18.80315],[105.19218,18.7965],[105.1881,18.7889],[105.18729,18.7876],[105.1879,18.78762],[105.18836,18.78754],[105.18982,18.78654],[105.19006,18.78505],[105.18977,18.78439],[105.18957,18.78361],[105.18927,18.78196],[105.19008,18.78148],[105.19696,18.77769],[105.19854,18.77692],[105.20262,18.77652],[105.20562,18.77634],[105.20647,18.77626],[105.20712,18.77614],[105.20801,18.77584],[105.20871,18.7756],[105.20912,18.77529],[105.20917,18.77521],[105.20922,18.77477],[105.20927,18.77508],[105.20931,18.77525],[105.20939,18.77538],[105.21173,18.77732],[105.21179,18.77736],[105.21189,18.77739],[105.21212,18.77743],[105.21648,18.77686],[105.21673,18.77681],[105.21705,18.77669],[105.21742,18.77645],[105.21889,18.77517],[105.22296,18.77391],[105.22884,18.77702],[105.23135,18.77992],[105.23263,18.78141],[105.23648,18.78457],[105.24119,18.78778],[105.24293,18.78904],[105.24295,18.7891],[105.24299,18.78922],[105.24301,18.78937],[105.24302,18.78959],[105.24281,18.79134],[105.24279,18.79154],[105.2428,18.79332],[105.24282,18.7934],[105.24288,18.79361],[105.24293,18.79368],[105.24297,18.79374],[105.24348,18.79427],[105.24356,18.79432],[105.24368,18.79438],[105.24381,18.79441],[105.24393,18.79443],[105.24504,18.79455],[105.2502,18.7942],[105.25463,18.79346],[105.26585,18.79766],[105.2679,18.7983],[105.26989,18.79701],[105.27443,18.79378],[105.27461,18.7939],[105.27517,18.794],[105.27622,18.79399],[105.27678,18.79379],[105.27763,18.79225],[105.2793,18.79228],[105.27999,18.79236],[105.28906,18.79626],[105.29187,18.79747],[105.29173,18.79814],[105.29173,18.79814],[105.2919,18.79909],[105.29214,18.80012],[105.29287,18.80232],[105.29393,18.80498],[105.29529,18.80808],[105.29992,18.81792],[105.30013,18.81831],[105.30083,18.8196],[105.30206,18.82113],[105.30339,18.82279],[105.30405,18.82392],[105.30426,18.82471],[105.30426,18.82506],[105.30428,18.82572],[105.30416,18.8265],[105.30362,18.82733],[105.30295,18.82801],[105.30269,18.82827],[105.30093,18.82938],[105.2981,18.83059],[105.29032,18.83348],[105.28639,18.83415],[105.28488,18.83423],[105.28348,18.83461],[105.28225,18.83519],[105.282,18.83539],[105.27939,18.83443],[105.27937,18.83442],[105.27875,18.83402],[105.2782,18.83345],[105.27797,18.83284],[105.27815,18.83143],[105.27842,18.83025],[105.27869,18.82984],[105.27958,18.8285],[105.28141,18.82488],[105.28213,18.82327],[105.28201,18.82255],[105.28145,18.82206],[105.2807,18.82187],[105.27912,18.82203],[105.27741,18.82285],[105.27487,18.82504],[105.27333,18.8267],[105.27168,18.82787],[105.27022,18.82863],[105.26865,18.82885],[105.26595,18.82825],[105.26487,18.82802],[105.26464,18.82801],[105.26313,18.82794],[105.26158,18.82811],[105.26035,18.82839],[105.25814,18.82925],[105.25776,18.8294],[105.2562,18.83046],[105.25469,18.83199],[105.2528,18.83436],[105.25133,18.83568],[105.24968,18.83647],[105.24871,18.83656],[105.24816,18.83619],[105.24582,18.83412],[105.24383,18.83227],[105.24149,18.82947],[105.2394,18.82608],[105.23914,18.82564],[105.23692,18.82312],[105.23625,18.82236],[105.23537,18.82169],[105.23462,18.82111],[105.23369,18.82088],[105.23281,18.82075],[105.23198,18.82101],[105.23162,18.82127],[105.23092,18.82226],[105.23029,18.82361],[105.22931,18.82572],[105.22794,18.8287],[105.22624,18.83034],[105.22385,18.83266],[105.21871,18.83675],[105.21295,18.84014],[105.21099,18.84306],[105.20903,18.84563],[105.20707,18.84669]]]},"properties":{"commune_code":"17743","commune_name":"Xã Tam Đồng","commune_kind":"XA","province_code":"40","province_name":"Tỉnh Nghệ An","area_km2":53.38,"valid_from":"16/6/2025","published":"13/07/2025","area_km2_geom":54.40874426162309,"quality_flag":null,"population":26382.0,"population_wp":19717.536839177832,"anchor_ratio":1.3379967394091634,"pop_source":"WORLDPOP2025_ANCHORED_VNSDI","pop_density_ppkm2":484.8852947817139,"n_stations":0,"n_ports":0,"power_kw_site":0.0,"ports_per_10k_pop":0.0,"util_mean_port_weighted":null,"dist_station_m_pop_weighted":8543.471179422644}},{"type":"Feature","geometry":{"type":"Polygon","coordinates":[[[105.13104,18.7996],[105.13087,18.7996],[105.13074,18.79954],[105.12931,18.79819],[105.12351,18.7921],[105.12295,18.79057],[105.12199,18.78917],[105.12044,18.78718],[105.11692,18.78281],[105.11129,18.77876],[105.11096,18.77855],[105.11063,18.7785],[105.10874,18.77827],[105.1052,18.77789],[105.10332,18.77761],[105.0982,18.77664],[105.09481,18.77548],[105.09156,18.77437],[105.08997,18.77276],[105.09261,18.77083],[105.09504,18.76823],[105.09548,18.76597],[105.09584,18.7632],[105.09881,18.75875],[105.10102,18.75712],[105.10436,18.75446],[105.10932,18.75042],[105.10539,18.74362],[105.10474,18.74281],[105.10386,18.74246],[105.10293,18.7424],[105.10275,18.7424],[105.10213,18.74267],[105.10202,18.74275],[105.10105,18.74342],[105.10053,18.74391],[105.10023,18.74447],[105.10012,18.7448],[105.09999,18.74512],[105.09938,18.74637],[105.09876,18.747],[105.09826,18.74708],[105.09764,18.74685],[105.09558,18.74558],[105.09482,18.74481],[105.08863,18.74279],[105.08491,18.7403],[105.07689,18.73001],[105.07379,18.72475],[105.07365,18.72435],[105.07354,18.72377],[105.07384,18.72324],[105.07428,18.72253],[105.07465,18.7212],[105.07492,18.71846],[105.07478,18.7169],[105.07461,18.71541],[105.07244,18.71181],[105.07232,18.7116],[105.07219,18.71137],[105.07192,18.71076],[105.07185,18.71055],[105.07182,18.71029],[105.07177,18.70992],[105.07174,18.70963],[105.07172,18.70935],[105.07164,18.70783],[105.07166,18.70452],[105.07171,18.70447],[105.07255,18.70375],[105.07317,18.70348],[105.07353,18.70393],[105.07431,18.70432],[105.07789,18.70515],[105.07804,18.70523],[105.08016,18.70642],[105.08276,18.70799],[105.08413,18.70857],[105.08591,18.70844],[105.08806,18.70734],[105.09025,18.70589],[105.09204,18.70499],[105.09374,18.70481],[105.09658,18.70508],[105.09989,18.70418],[105.10073,18.70403],[105.10279,18.70367],[105.10415,18.70344],[105.10542,18.70312],[105.10726,18.70562],[105.1085,18.70821],[105.11033,18.71007],[105.11269,18.71169],[105.11407,18.71327],[105.11587,18.71372],[105.11834,18.71277],[105.12162,18.71148],[105.12238,18.71135],[105.12271,18.71136],[105.1229,18.7115],[105.12303,18.71175],[105.1233,18.71223],[105.12376,18.71287],[105.12403,18.7132],[105.12433,18.71339],[105.12455,18.71341],[105.12523,18.71336],[105.12712,18.71335],[105.12967,18.71353],[105.13177,18.71465],[105.13217,18.71485],[105.13267,18.71494],[105.13316,18.71494],[105.13346,18.71484],[105.1338,18.7146],[105.13394,18.71444],[105.13403,18.71434],[105.13424,18.71393],[105.13455,18.71305],[105.13459,18.71299],[105.13572,18.71103],[105.1362,18.71019],[105.13637,18.70969],[105.13723,18.70722],[105.1379,18.70606],[105.1406,18.70397],[105.14252,18.70325],[105.14302,18.703],[105.14452,18.70239],[105.1454,18.70194],[105.14556,18.70167],[105.1455,18.70152],[105.14502,18.70121],[105.14428,18.70078],[105.14343,18.7002],[105.14282,18.69958],[105.14203,18.69912],[105.14106,18.6984],[105.13978,18.69759],[105.1392,18.69726],[105.13912,18.69721],[105.13826,18.69595],[105.13798,18.6946],[105.13807,18.69288],[105.13826,18.69265],[105.13949,18.69108],[105.13949,18.69009],[105.13822,18.68892],[105.13713,18.68902],[105.13546,18.68917],[105.13431,18.68858],[105.13422,18.68854],[105.13428,18.68794],[105.1343,18.68777],[105.13462,18.68745],[105.13561,18.68648],[105.13764,18.6844],[105.13777,18.6841],[105.13858,18.68214],[105.14018,18.68007],[105.14209,18.67843],[105.14494,18.67721],[105.14778,18.67667],[105.14931,18.67791],[105.15082,18.67872],[105.15224,18.67863],[105.15488,18.67647],[105.15781,18.67304],[105.16142,18.6698],[105.16137,18.66771],[105.16171,18.66677],[105.16328,18.66575],[105.16421,18.66515],[105.16397,18.66426],[105.1639,18.664],[105.16411,18.66336],[105.16474,18.66294],[105.16516,18.66266],[105.16618,18.66198],[105.16654,18.66175],[105.1664,18.66077],[105.16739,18.65842],[105.16868,18.65723],[105.16956,18.65701],[105.17037,18.6568],[105.17216,18.65698],[105.175,18.65851],[105.17708,18.65851],[105.18114,18.65787],[105.18284,18.65724],[105.18426,18.65589],[105.18566,18.65233],[105.18773,18.64909],[105.18789,18.6488],[105.18893,18.64684],[105.18961,18.64638],[105.19009,18.64632],[105.1916,18.6469],[105.19393,18.64788],[105.19487,18.64805],[105.19532,18.64813],[105.19532,18.64812],[105.19767,18.65141],[105.19996,18.65566],[105.20114,18.65767],[105.20357,18.66102],[105.20671,18.66502],[105.20744,18.66563],[105.20764,18.6658],[105.20832,18.66625],[105.2104,18.67003],[105.21258,18.67421],[105.21539,18.67891],[105.21613,18.67993],[105.21906,18.6823],[105.22077,18.68369],[105.22207,18.68554],[105.22216,18.68568],[105.2227,18.68869],[105.22317,18.69131],[105.22519,18.69716],[105.22555,18.69768],[105.22662,18.6992],[105.22663,18.69922],[105.22724,18.70004],[105.22771,18.70068],[105.22793,18.70086],[105.2285,18.70134],[105.22952,18.70221],[105.22973,18.70239],[105.23067,18.70435],[105.23106,18.7057],[105.23126,18.70679],[105.23115,18.70943],[105.23081,18.71168],[105.23068,18.7139],[105.23079,18.71604],[105.23119,18.72021],[105.23162,18.72133],[105.23241,18.7222],[105.23281,18.72235],[105.23439,18.72636],[105.2356,18.73001],[105.23618,18.73327],[105.23512,18.73664],[105.23387,18.73741],[105.22898,18.73893],[105.22609,18.73825],[105.22461,18.73835],[105.2243,18.73842],[105.22325,18.73931],[105.22305,18.73952],[105.22299,18.73969],[105.22238,18.74142],[105.22231,18.74163],[105.22235,18.74194],[105.22311,18.7456],[105.22488,18.74902],[105.2263,18.7497],[105.22572,18.75148],[105.22469,18.75279],[105.21901,18.75461],[105.21586,18.75466],[105.21562,18.75434],[105.21485,18.7538],[105.21481,18.75379],[105.2147,18.75377],[105.21462,18.75377],[105.21451,18.7538],[105.21434,18.75386],[105.21428,18.7539],[105.21274,18.75502],[105.21244,18.75798],[105.21298,18.76086],[105.21274,18.76135],[105.20927,18.76547],[105.20702,18.76779],[105.20664,18.76797],[105.20616,18.76826],[105.2058,18.76853],[105.20645,18.77057],[105.20661,18.771],[105.20761,18.77271],[105.20829,18.77376],[105.20922,18.77477],[105.20917,18.77521],[105.20912,18.77529],[105.20871,18.7756],[105.20801,18.77584],[105.20712,18.77614],[105.20647,18.77626],[105.20562,18.77634],[105.20262,18.77652],[105.19854,18.77692],[105.19696,18.77769],[105.19008,18.78148],[105.18927,18.78196],[105.18957,18.78361],[105.18977,18.78439],[105.19006,18.78505],[105.18982,18.78654],[105.18836,18.78754],[105.1879,18.78762],[105.18729,18.7876],[105.18091,18.78979],[105.17814,18.78823],[105.17684,18.78542],[105.17461,18.78186],[105.17239,18.78087],[105.17194,18.78085],[105.17147,18.78092],[105.17005,18.78123],[105.16788,18.78198],[105.16697,18.78241],[105.16592,18.78327],[105.16581,18.78347],[105.16578,18.7838],[105.16583,18.78415],[105.16526,18.78656],[105.16396,18.79029],[105.16127,18.79418],[105.15847,18.79573],[105.15663,18.79672],[105.15634,18.79685],[105.15544,18.79704],[105.15502,18.79709],[105.15304,18.79675],[105.15263,18.79649],[105.15191,18.79594],[105.15097,18.79551],[105.14994,18.79526],[105.14884,18.79515],[105.14883,18.79515],[105.14275,18.79614],[105.13942,18.79807],[105.13832,18.79844],[105.13638,18.79861],[105.13447,18.79839],[105.1318,18.79823],[105.13104,18.7996]]]},"properties":{"commune_code":"17759","commune_name":"Xã Sơn Lâm","commune_kind":"XA","province_code":"40","province_name":"Tỉnh Nghệ An","area_km2":162.94,"valid_from":"16/6/2025","published":"13/07/2025","area_km2_geom":163.73982993334752,"quality_flag":null,"population":12330.999999999998,"population_wp":5969.48275436461,"anchor_ratio":2.0656731089446807,"pop_source":"WORLDPOP2025_ANCHORED_VNSDI","pop_density_ppkm2":75.3084939994105,"n_stations":0,"n_ports":0,"power_kw_site":0.0,"ports_per_10k_pop":0.0,"util_mean_port_weighted":null,"dist_station_m_pop_weighted":15201.372240433948}},{"type":"Feature","geometry":{"type":"Polygon","coordinates":[[[105.26989,18.79701],[105.2679,18.7983],[105.26585,18.79766],[105.25463,18.79346],[105.2502,18.7942],[105.24504,18.79455],[105.24393,18.79443],[105.24381,18.79441],[105.24368,18.79438],[105.24356,18.79432],[105.24348,18.79427],[105.24297,18.79374],[105.24293,18.79368],[105.24288,18.79361],[105.24282,18.7934],[105.2428,18.79332],[105.24279,18.79154],[105.24281,18.79134],[105.24302,18.78959],[105.24301,18.78937],[105.24299,18.78922],[105.24295,18.7891],[105.24293,18.78904],[105.24119,18.78778],[105.23648,18.78457],[105.23263,18.78141],[105.23135,18.77992],[105.22884,18.77702],[105.22296,18.77391],[105.21889,18.77517],[105.21742,18.77645],[105.21705,18.77669],[105.21673,18.77681],[105.21648,18.77686],[105.21212,18.77743],[105.21189,18.77739],[105.21179,18.77736],[105.21173,18.77732],[105.20939,18.77538],[105.20931,18.77525],[105.20927,18.77508],[105.20922,18.77477],[105.20829,18.77376],[105.20761,18.77271],[105.20661,18.771],[105.20645,18.77057],[105.2058,18.76853],[105.20616,18.76826],[105.20664,18.76797],[105.20702,18.76779],[105.20927,18.76547],[105.21274,18.76135],[105.21298,18.76086],[105.21244,18.75798],[105.21274,18.75502],[105.21428,18.7539],[105.21434,18.75386],[105.21451,18.7538],[105.21462,18.75377],[105.2147,18.75377],[105.21481,18.75379],[105.21485,18.7538],[105.21562,18.75434],[105.21586,18.75466],[105.21901,18.75461],[105.22469,18.75279],[105.22572,18.75148],[105.2263,18.7497],[105.22488,18.74902],[105.22311,18.7456],[105.22235,18.74194],[105.22231,18.74163],[105.22238,18.74142],[105.22299,18.73969],[105.22305,18.73952],[105.22325,18.73931],[105.2243,18.73842],[105.22461,18.73835],[105.22609,18.73825],[105.22898,18.73893],[105.23387,18.73741],[105.23512,18.73664],[105.23618,18.73327],[105.2356,18.73001],[105.23439,18.72636],[105.23281,18.72235],[105.23241,18.7222],[105.23162,18.72133],[105.23119,18.72021],[105.23079,18.71604],[105.23068,18.7139],[105.23081,18.71168],[105.23115,18.70943],[105.23126,18.70679],[105.23106,18.7057],[105.23067,18.70435],[105.22973,18.70239],[105.22952,18.70221],[105.2285,18.70134],[105.22793,18.70086],[105.22771,18.70068],[105.22724,18.70004],[105.22663,18.69922],[105.22662,18.6992],[105.22555,18.69768],[105.22519,18.69716],[105.22317,18.69131],[105.2227,18.68869],[105.22216,18.68568],[105.22207,18.68554],[105.22077,18.68369],[105.21906,18.6823],[105.21613,18.67993],[105.21539,18.67891],[105.21258,18.67421],[105.2104,18.67003],[105.20832,18.66625],[105.2088,18.66579],[105.20952,18.66532],[105.21091,18.66489],[105.21205,18.66454],[105.21409,18.66404],[105.21764,18.66349],[105.21892,18.66368],[105.2266,18.67024],[105.22773,18.67142],[105.23003,18.67402],[105.23657,18.68509],[105.23808,18.68798],[105.24177,18.69366],[105.24351,18.69572],[105.24573,18.69736],[105.24597,18.6975],[105.24621,18.69758],[105.24643,18.69761],[105.24685,18.69763],[105.24724,18.69764],[105.24785,18.69756],[105.24804,18.69749],[105.24824,18.69734],[105.24851,18.69712],[105.24961,18.69679],[105.25259,18.69809],[105.25483,18.69923],[105.26335,18.70371],[105.26795,18.70743],[105.26707,18.70891],[105.26694,18.70926],[105.26679,18.70971],[105.26761,18.71239],[105.26776,18.71255],[105.26836,18.71291],[105.2692,18.71324],[105.27126,18.71346],[105.27455,18.71466],[105.27506,18.71497],[105.2754,18.71519],[105.27603,18.7158],[105.27752,18.71787],[105.27774,18.71853],[105.28195,18.72132],[105.28464,18.72103],[105.2849,18.721],[105.28666,18.72083],[105.28828,18.72099],[105.28962,18.72166],[105.28997,18.72216],[105.2903,18.72228],[105.29065,18.72232],[105.29114,18.72229],[105.2918,18.72206],[105.29217,18.72183],[105.2962,18.71848],[105.30008,18.71384],[105.30537,18.71225],[105.30723,18.71195],[105.30937,18.71164],[105.31091,18.71245],[105.31173,18.71284],[105.31295,18.71316],[105.31368,18.71307],[105.31505,18.71237],[105.31613,18.7108],[105.31735,18.70981],[105.31841,18.70954],[105.31916,18.70955],[105.31976,18.7097],[105.3214,18.71116],[105.32169,18.71161],[105.32303,18.71376],[105.32841,18.71771],[105.33051,18.71846],[105.33157,18.71847],[105.33381,18.71647],[105.33541,18.71428],[105.33543,18.71426],[105.33553,18.71419],[105.33632,18.71369],[105.3371,18.7132],[105.33929,18.71323],[105.34238,18.71355],[105.34418,18.71436],[105.34514,18.7156],[105.3458,18.71678],[105.3461,18.71734],[105.34757,18.72037],[105.34835,18.72409],[105.3492,18.72816],[105.34967,18.72951],[105.35015,18.7309],[105.35103,18.73235],[105.35246,18.73302],[105.35357,18.73317],[105.35479,18.73333],[105.35551,18.73316],[105.35623,18.73299],[105.3579,18.73236],[105.3601,18.73138],[105.36173,18.7302],[105.36186,18.73011],[105.36338,18.72912],[105.36573,18.72829],[105.36874,18.72868],[105.36951,18.72876],[105.37125,18.72869],[105.36465,18.73329],[105.36072,18.73634],[105.35916,18.73787],[105.35798,18.74021],[105.3563,18.74446],[105.35528,18.74641],[105.35394,18.74831],[105.35131,18.75149],[105.35109,18.75176],[105.34939,18.7537],[105.34859,18.75461],[105.34749,18.75565],[105.34658,18.75605],[105.34574,18.75613],[105.3447,18.75613],[105.34373,18.75602],[105.34235,18.75552],[105.34026,18.75425],[105.33453,18.75234],[105.32822,18.75077],[105.32739,18.7501],[105.32551,18.74955],[105.32336,18.74932],[105.32207,18.74936],[105.32133,18.7495],[105.32053,18.75005],[105.31981,18.75091],[105.31893,18.75243],[105.3165,18.75706],[105.31599,18.75886],[105.31549,18.7616],[105.31531,18.76422],[105.3155,18.76613],[105.31584,18.76777],[105.3152,18.77034],[105.31225,18.77518],[105.31114,18.77641],[105.31033,18.7768],[105.30944,18.77722],[105.30748,18.77761],[105.30557,18.778],[105.30459,18.77835],[105.30399,18.77876],[105.30331,18.77985],[105.30312,18.78065],[105.30264,18.78128],[105.30144,18.7819],[105.30099,18.78202],[105.29918,18.78225],[105.29836,18.78196],[105.29616,18.78119],[105.2927,18.77992],[105.29081,18.77942],[105.29016,18.77946],[105.28956,18.77976],[105.28926,18.78033],[105.28919,18.78087],[105.28915,18.78237],[105.28912,18.7841],[105.28905,18.78517],[105.28852,18.78616],[105.28743,18.78682],[105.28259,18.78783],[105.28239,18.78787],[105.28002,18.78768],[105.2784,18.78731],[105.27756,18.78727],[105.27573,18.79014],[105.27443,18.79378],[105.26989,18.79701]]]},"properties":{"commune_code":"17770","commune_name":"Xã Hoa Quân","commune_kind":"XA","province_code":"40","province_name":"Tỉnh Nghệ An","area_km2":107.67,"valid_from":"16/6/2025","published":"13/07/2025","area_km2_geom":106.81781213392655,"quality_flag":null,"population":32149.000000000004,"population_wp":27338.13788548298,"anchor_ratio":1.175976218082932,"pop_source":"WORLDPOP2025_ANCHORED_VNSDI","pop_density_ppkm2":300.9704033227349,"n_stations":2,"n_ports":10,"power_kw_site":360.0,"ports_per_10k_pop":3.110516656816697,"util_mean_port_weighted":0.020842920451833277,"dist_station_m_pop_weighted":3921.814065745057}},{"type":"Feature","geometry":{"type":"Polygon","coordinates":[[[105.40617,18.78165],[105.40595,18.78167],[105.40528,18.78167],[105.40419,18.7815],[105.39889,18.78036],[105.39594,18.77804],[105.39568,18.77782],[105.39537,18.77779],[105.39492,18.77791],[105.39444,18.77811],[105.39384,18.77842],[105.39314,18.77927],[105.39267,18.78022],[105.39267,18.78032],[105.39139,18.77667],[105.39083,18.77556],[105.3901,18.7744],[105.38943,18.77338],[105.38892,18.7729],[105.38857,18.77281],[105.38836,18.7728],[105.38618,18.77272],[105.38394,18.77327],[105.38029,18.77488],[105.37969,18.77545],[105.37856,18.77669],[105.37631,18.77707],[105.37291,18.77722],[105.37249,18.7771],[105.37199,18.77672],[105.37186,18.77662],[105.37164,18.77643],[105.37125,18.77607],[105.37095,18.77547],[105.37082,18.77495],[105.37099,18.77357],[105.37117,18.7729],[105.37129,18.77257],[105.37075,18.76746],[105.36978,18.75964],[105.36659,18.75638],[105.36453,18.75441],[105.35646,18.75279],[105.3554,18.75356],[105.35373,18.75461],[105.35333,18.7548],[105.35174,18.75549],[105.34939,18.7537],[105.35109,18.75176],[105.35131,18.75149],[105.35394,18.74831],[105.35528,18.74641],[105.3563,18.74446],[105.35798,18.74021],[105.35916,18.73787],[105.36072,18.73634],[105.36465,18.73329],[105.37125,18.72869],[105.37662,18.72584],[105.38049,18.72371],[105.38251,18.72224],[105.38444,18.72047],[105.38462,18.7203],[105.38666,18.71785],[105.38824,18.71541],[105.38978,18.71246],[105.39122,18.70904],[105.39224,18.70624],[105.39271,18.70439],[105.39309,18.70264],[105.39339,18.70081],[105.39368,18.69928],[105.3941,18.69811],[105.3947,18.69667],[105.39548,18.69529],[105.39676,18.69407],[105.39905,18.69194],[105.40289,18.68894],[105.40429,18.68792],[105.40663,18.68602],[105.41351,18.68142],[105.42362,18.676],[105.42517,18.6754],[105.42785,18.67506],[105.43607,18.67623],[105.43848,18.67709],[105.43945,18.6777],[105.43982,18.67823],[105.44076,18.67999],[105.44265,18.68158],[105.44419,18.68078],[105.44259,18.68267],[105.44107,18.68531],[105.44226,18.68801],[105.44353,18.69012],[105.44449,18.69143],[105.44596,18.69285],[105.44718,18.69382],[105.44781,18.69433],[105.45009,18.69567],[105.45145,18.69631],[105.45272,18.69679],[105.45386,18.69694],[105.45491,18.69682],[105.45687,18.69636],[105.4584,18.69561],[105.45964,18.69467],[105.46022,18.69361],[105.46026,18.69327],[105.46177,18.69401],[105.46797,18.69748],[105.46899,18.69818],[105.4694,18.69885],[105.46968,18.70062],[105.46971,18.70132],[105.4697,18.70244],[105.46969,18.70285],[105.46961,18.70333],[105.46946,18.7035],[105.4685,18.70466],[105.4673,18.70609],[105.46648,18.70637],[105.46317,18.70538],[105.46168,18.70445],[105.45722,18.70578],[105.45603,18.70686],[105.45573,18.7071],[105.4516,18.71036],[105.45084,18.71096],[105.45032,18.71093],[105.44507,18.70981],[105.44241,18.7092],[105.44116,18.70916],[105.43991,18.70918],[105.43939,18.70964],[105.43906,18.71011],[105.43892,18.71076],[105.43944,18.71179],[105.43996,18.71257],[105.44064,18.71316],[105.44099,18.71361],[105.44109,18.71407],[105.44173,18.71782],[105.44178,18.71871],[105.44166,18.71923],[105.44131,18.71952],[105.44103,18.71966],[105.44046,18.71967],[105.43908,18.71955],[105.43895,18.72506],[105.43983,18.72687],[105.43983,18.72928],[105.43975,18.73036],[105.43966,18.73114],[105.43911,18.73401],[105.43854,18.73488],[105.43509,18.73657],[105.43404,18.73664],[105.4334,18.7365],[105.43272,18.73554],[105.43233,18.73491],[105.43219,18.73445],[105.43216,18.73251],[105.42868,18.73191],[105.42876,18.73522],[105.4287,18.73906],[105.42867,18.73952],[105.42839,18.73987],[105.42789,18.74014],[105.42588,18.74042],[105.42046,18.73871],[105.42027,18.73839],[105.42025,18.73837],[105.41965,18.73808],[105.41916,18.73804],[105.41872,18.73824],[105.41694,18.73927],[105.41003,18.74333],[105.40784,18.74464],[105.40772,18.74473],[105.40771,18.74484],[105.40918,18.74759],[105.41045,18.75045],[105.41213,18.75787],[105.41226,18.75883],[105.41222,18.7594],[105.41198,18.76006],[105.40873,18.76634],[105.40443,18.77201],[105.40388,18.77343],[105.40374,18.77606],[105.40374,18.77619],[105.40389,18.77676],[105.40476,18.77905],[105.40487,18.77931],[105.40617,18.78165]]]},"properties":{"commune_code":"17779","commune_name":"Xã Xuân Lâm","commune_kind":"XA","province_code":"40","province_name":"Tỉnh Nghệ An","area_km2":60.88,"valid_from":"16/6/2025","published":"13/07/2025","area_km2_geom":60.93239127534685,"quality_flag":null,"population":40624.0,"population_wp":40081.20156264864,"anchor_ratio":1.0135424691922708,"pop_source":"WORLDPOP2025_ANCHORED_VNSDI","pop_density_ppkm2":666.7061500413558,"n_stations":1,"n_ports":12,"power_kw_site":370.5,"ports_per_10k_pop":2.9539188656951554,"util_mean_port_weighted":0.05095068330362448,"dist_station_m_pop_weighted":3803.414729679274}},{"type":"Feature","geometry":{"type":"Polygon","coordinates":[[[105.35551,18.73316],[105.35479,18.73333],[105.35357,18.73317],[105.35246,18.73302],[105.35103,18.73235],[105.35015,18.7309],[105.34967,18.72951],[105.3492,18.72816],[105.34835,18.72409],[105.34757,18.72037],[105.3461,18.71734],[105.3458,18.71678],[105.34514,18.7156],[105.34418,18.71436],[105.34238,18.71355],[105.33929,18.71323],[105.3371,18.7132],[105.33632,18.71369],[105.33553,18.71419],[105.33543,18.71426],[105.33541,18.71428],[105.33381,18.71647],[105.33157,18.71847],[105.33051,18.71846],[105.32841,18.71771],[105.32303,18.71376],[105.32169,18.71161],[105.3214,18.71116],[105.31976,18.7097],[105.31916,18.70955],[105.31841,18.70954],[105.31735,18.70981],[105.31613,18.7108],[105.31505,18.71237],[105.31368,18.71307],[105.31295,18.71316],[105.31173,18.71284],[105.31091,18.71245],[105.30937,18.71164],[105.30723,18.71195],[105.30537,18.71225],[105.30008,18.71384],[105.2962,18.71848],[105.29217,18.72183],[105.2918,18.72206],[105.29114,18.72229],[105.29065,18.72232],[105.2903,18.72228],[105.28997,18.72216],[105.28962,18.72166],[105.28828,18.72099],[105.28666,18.72083],[105.2849,18.721],[105.28464,18.72103],[105.28195,18.72132],[105.27774,18.71853],[105.27752,18.71787],[105.27603,18.7158],[105.2754,18.71519],[105.27506,18.71497],[105.27455,18.71466],[105.27126,18.71346],[105.2692,18.71324],[105.26836,18.71291],[105.26776,18.71255],[105.26761,18.71239],[105.26679,18.70971],[105.26694,18.70926],[105.26707,18.70891],[105.26795,18.70743],[105.26335,18.70371],[105.25483,18.69923],[105.25259,18.69809],[105.24961,18.69679],[105.24851,18.69712],[105.24824,18.69734],[105.24804,18.69749],[105.24785,18.69756],[105.24724,18.69764],[105.24685,18.69763],[105.24643,18.69761],[105.24621,18.69758],[105.24597,18.6975],[105.24573,18.69736],[105.24351,18.69572],[105.24177,18.69366],[105.23808,18.68798],[105.23657,18.68509],[105.23003,18.67402],[105.22773,18.67142],[105.2266,18.67024],[105.21892,18.66368],[105.21764,18.66349],[105.21409,18.66404],[105.21205,18.66454],[105.21091,18.66489],[105.20952,18.66532],[105.2088,18.66579],[105.20832,18.66625],[105.20764,18.6658],[105.20744,18.66563],[105.20671,18.66502],[105.20357,18.66102],[105.20114,18.65767],[105.19996,18.65566],[105.19767,18.65141],[105.19532,18.64812],[105.19549,18.64773],[105.19595,18.64667],[105.197,18.64533],[105.19701,18.64526],[105.19707,18.64404],[105.19714,18.64272],[105.19714,18.6418],[105.19844,18.64004],[105.19912,18.63926],[105.19905,18.63834],[105.19789,18.6371],[105.19658,18.63658],[105.19474,18.63593],[105.19364,18.63488],[105.19249,18.63262],[105.1922,18.632],[105.19162,18.62978],[105.19133,18.6275],[105.19115,18.62498],[105.19125,18.62372],[105.19185,18.6222],[105.19315,18.62077],[105.19348,18.62008],[105.19361,18.61983],[105.19369,18.61966],[105.1938,18.61967],[105.19528,18.61974],[105.19532,18.61815],[105.19453,18.6173],[105.19395,18.61667],[105.19177,18.61477],[105.19139,18.61315],[105.19196,18.61009],[105.19238,18.60846],[105.19267,18.60676],[105.19243,18.60554],[105.19237,18.60523],[105.19224,18.60508],[105.19167,18.60443],[105.18957,18.60337],[105.18943,18.60321],[105.189,18.60271],[105.18881,18.60249],[105.1887,18.60236],[105.19485,18.60118],[105.19513,18.60114],[105.19944,18.60051],[105.20996,18.59898],[105.21683,18.59715],[105.22246,18.59345],[105.22304,18.59273],[105.22512,18.5902],[105.22696,18.58821],[105.22904,18.58799],[105.23077,18.58832],[105.23399,18.59238],[105.23663,18.5974],[105.24118,18.6035],[105.24954,18.60898],[105.25099,18.60993],[105.26142,18.61555],[105.26656,18.61791],[105.27022,18.61959],[105.27191,18.62021],[105.27622,18.62177],[105.28114,18.62232],[105.2846,18.62223],[105.28638,18.62219],[105.29041,18.62118],[105.291,18.62093],[105.29385,18.61969],[105.29709,18.61801],[105.29994,18.61584],[105.3028,18.61252],[105.30598,18.60767],[105.30787,18.60652],[105.31145,18.60582],[105.31653,18.6046],[105.3186,18.60405],[105.32577,18.60206],[105.33165,18.59839],[105.33296,18.59746],[105.33117,18.6005],[105.33047,18.60201],[105.3309,18.60243],[105.33162,18.60314],[105.33213,18.60373],[105.33486,18.6083],[105.33535,18.61236],[105.33621,18.61884],[105.33963,18.62589],[105.34126,18.63078],[105.34169,18.63585],[105.34195,18.6441],[105.34195,18.64473],[105.34189,18.64616],[105.34171,18.64775],[105.34124,18.6493],[105.34079,18.64994],[105.33967,18.6513],[105.33819,18.65272],[105.33763,18.65353],[105.33767,18.65416],[105.33796,18.65502],[105.34331,18.66162],[105.34346,18.66305],[105.34335,18.66352],[105.34328,18.66383],[105.34331,18.66457],[105.34391,18.66547],[105.34501,18.66637],[105.34664,18.66702],[105.34849,18.66735],[105.3499,18.6674],[105.35489,18.66794],[105.3572,18.66844],[105.35872,18.66923],[105.35928,18.66998],[105.35977,18.67121],[105.35987,18.67148],[105.36197,18.67403],[105.36812,18.67305],[105.37291,18.67321],[105.37414,18.67359],[105.37734,18.68048],[105.37801,18.68262],[105.37809,18.68466],[105.37816,18.68666],[105.378,18.68683],[105.37794,18.68706],[105.37813,18.68807],[105.37824,18.68834],[105.37861,18.68907],[105.37869,18.68922],[105.37891,18.68956],[105.37965,18.68963],[105.38038,18.68925],[105.38261,18.68882],[105.38872,18.68724],[105.39023,18.68672],[105.39387,18.68555],[105.39616,18.68523],[105.39819,18.68533],[105.39822,18.68533],[105.39951,18.68542],[105.40049,18.68564],[105.40288,18.68679],[105.40429,18.68792],[105.40289,18.68894],[105.39905,18.69194],[105.39676,18.69407],[105.39548,18.69529],[105.3947,18.69667],[105.3941,18.69811],[105.39368,18.69928],[105.39339,18.70081],[105.39309,18.70264],[105.39271,18.70439],[105.39224,18.70624],[105.39122,18.70904],[105.38978,18.71246],[105.38824,18.71541],[105.38666,18.71785],[105.38462,18.7203],[105.38444,18.72047],[105.38251,18.72224],[105.38049,18.72371],[105.37662,18.72584],[105.37125,18.72869],[105.36951,18.72876],[105.36874,18.72868],[105.36573,18.72829],[105.36338,18.72912],[105.36186,18.73011],[105.36173,18.7302],[105.3601,18.73138],[105.3579,18.73236],[105.35623,18.73299],[105.35551,18.73316]]]},"properties":{"commune_code":"17791","commune_name":"Xã Kim Bảng","commune_kind":"XA","province_code":"40","province_name":"Tỉnh Nghệ An","area_km2":183.26,"valid_from":"16/6/2025","published":"13/07/2025","area_km2_geom":184.64874587697255,"quality_flag":null,"population":27935.999999999996,"population_wp":27253.936236305162,"anchor_ratio":1.0250262478704362,"pop_source":"WORLDPOP2025_ANCHORED_VNSDI","pop_density_ppkm2":151.29266038239516,"n_stations":1,"n_ports":5,"power_kw_site":370.0,"ports_per_10k_pop":1.7898052691867128,"util_mean_port_weighted":0.05938156709696788,"dist_station_m_pop_weighted":7804.077697106147}},{"type":"Feature","geometry":{"type":"Polygon","coordinates":[[[105.38038,18.68925],[105.37965,18.68963],[105.37891,18.68956],[105.37869,18.68922],[105.37861,18.68907],[105.37824,18.68834],[105.37813,18.68807],[105.37794,18.68706],[105.378,18.68683],[105.37816,18.68666],[105.37809,18.68466],[105.37801,18.68262],[105.37734,18.68048],[105.37414,18.67359],[105.37291,18.67321],[105.36812,18.67305],[105.36197,18.67403],[105.35987,18.67148],[105.35977,18.67121],[105.35928,18.66998],[105.35872,18.66923],[105.3572,18.66844],[105.35489,18.66794],[105.3499,18.6674],[105.34849,18.66735],[105.34664,18.66702],[105.34501,18.66637],[105.34391,18.66547],[105.34331,18.66457],[105.34328,18.66383],[105.34335,18.66352],[105.34346,18.66305],[105.34331,18.66162],[105.33796,18.65502],[105.33767,18.65416],[105.33763,18.65353],[105.33819,18.65272],[105.33967,18.6513],[105.34079,18.64994],[105.34124,18.6493],[105.34171,18.64775],[105.34189,18.64616],[105.34195,18.64473],[105.34195,18.6441],[105.34169,18.63585],[105.34126,18.63078],[105.33963,18.62589],[105.33621,18.61884],[105.33535,18.61236],[105.33486,18.6083],[105.33213,18.60373],[105.33162,18.60314],[105.3309,18.60243],[105.33047,18.60201],[105.33117,18.6005],[105.33296,18.59746],[105.33653,18.5949],[105.3508,18.58779],[105.35156,18.58725],[105.3569,18.5846],[105.35971,18.5832],[105.36578,18.58097],[105.37625,18.58004],[105.38027,18.58006],[105.39604,18.58153],[105.39874,18.58262],[105.40044,18.58331],[105.40544,18.58519],[105.40995,18.58668],[105.41358,18.58721],[105.41496,18.58741],[105.42048,18.58731],[105.4213,18.5873],[105.42432,18.58758],[105.42823,18.58795],[105.43465,18.58937],[105.43794,18.59133],[105.43806,18.59152],[105.43883,18.59278],[105.44059,18.59654],[105.44227,18.59895],[105.44307,18.59945],[105.44416,18.60013],[105.44716,18.60131],[105.45439,18.60245],[105.46803,18.60558],[105.47033,18.60644],[105.47363,18.60766],[105.47562,18.60979],[105.47637,18.61351],[105.47695,18.61406],[105.47833,18.61428],[105.48052,18.61383],[105.48283,18.61349],[105.48548,18.61283],[105.49408,18.61063],[105.49978,18.61092],[105.50192,18.61084],[105.49922,18.6156],[105.49697,18.61961],[105.49599,18.62199],[105.49563,18.62299],[105.49589,18.62421],[105.49642,18.62553],[105.49669,18.62697],[105.49636,18.629],[105.49597,18.6311],[105.49542,18.63317],[105.49534,18.63346],[105.49441,18.63797],[105.49234,18.64397],[105.48717,18.65074],[105.48379,18.6534],[105.48212,18.6548],[105.47283,18.66562],[105.46694,18.66774],[105.46231,18.66734],[105.45909,18.66885],[105.45651,18.67073],[105.44889,18.67672],[105.44429,18.68065],[105.44419,18.68078],[105.44265,18.68158],[105.44076,18.67999],[105.43982,18.67823],[105.43945,18.6777],[105.43848,18.67709],[105.43607,18.67623],[105.42785,18.67506],[105.42517,18.6754],[105.42362,18.676],[105.41351,18.68142],[105.40663,18.68602],[105.40429,18.68792],[105.40288,18.68679],[105.40049,18.68564],[105.39951,18.68542],[105.39822,18.68533],[105.39819,18.68533],[105.39616,18.68523],[105.39387,18.68555],[105.39023,18.68672],[105.38872,18.68724],[105.38261,18.68882],[105.38038,18.68925]]]},"properties":{"commune_code":"17818","commune_name":"Xã Bích Hào","commune_kind":"XA","province_code":"40","province_name":"Tỉnh Nghệ An","area_km2":147.06,"valid_from":"16/6/2025","published":"13/07/2025","area_km2_geom":147.5134322234243,"quality_flag":null,"population":33960.0,"population_wp":36731.36339521222,"anchor_ratio":0.9245504893081792,"pop_source":"WORLDPOP2025_ANCHORED_VNSDI","pop_density_ppkm2":230.21632327396517,"n_stations":0,"n_ports":0,"power_kw_site":0.0,"ports_per_10k_pop":0.0,"util_mean_port_weighted":null,"dist_station_m_pop_weighted":11098.115382988235}},{"type":"Feature","geometry":{"type":"Polygon","coordinates":[[[105.61701,18.80772],[105.61636,18.8078],[105.61548,18.80777],[105.615,18.80755],[105.61472,18.80743],[105.61432,18.80655],[105.61399,18.8053],[105.61385,18.80425],[105.61343,18.8011],[105.61378,18.79986],[105.61424,18.79915],[105.61482,18.79857],[105.61565,18.79812],[105.61666,18.79785],[105.6169,18.79786],[105.61767,18.79811],[105.61879,18.79905],[105.6194,18.80011],[105.61954,18.80055],[105.61973,18.80093],[105.62072,18.80125],[105.62138,18.80108],[105.62187,18.80068],[105.62189,18.80066],[105.62189,18.79914],[105.62072,18.79643],[105.61957,18.79507],[105.61814,18.79426],[105.61702,18.79431],[105.61582,18.79437],[105.61571,18.79438],[105.61478,18.79462],[105.61427,18.79151],[105.61388,18.78736],[105.61283,18.78026],[105.61189,18.77538],[105.61078,18.7722],[105.61056,18.77024],[105.61058,18.76899],[105.61059,18.76817],[105.61127,18.76657],[105.61153,18.76616],[105.61385,18.76251],[105.6155,18.76047],[105.61628,18.75499],[105.61529,18.75367],[105.61363,18.75101],[105.61263,18.74887],[105.61247,18.74752],[105.61443,18.74457],[105.61605,18.74097],[105.6174,18.73914],[105.61935,18.73738],[105.62197,18.73534],[105.62334,18.73377],[105.62404,18.73286],[105.62468,18.73175],[105.62544,18.72976],[105.62689,18.72549],[105.62793,18.72221],[105.62836,18.72141],[105.62876,18.72106],[105.6315,18.71936],[105.63264,18.72002],[105.63417,18.72259],[105.63615,18.72762],[105.63729,18.73397],[105.63698,18.73921],[105.64017,18.74013],[105.64324,18.74047],[105.64577,18.74242],[105.64499,18.74446],[105.64286,18.74996],[105.64543,18.75036],[105.64239,18.75684],[105.64328,18.75876],[105.65883,18.76404],[105.66264,18.75952],[105.66443,18.76021],[105.666,18.75809],[105.66841,18.75441],[105.66879,18.75383],[105.67153,18.75498],[105.66982,18.75929],[105.66913,18.76305],[105.66608,18.76961],[105.66538,18.77098],[105.66518,18.77147],[105.66476,18.77273],[105.66467,18.77309],[105.66413,18.77523],[105.66382,18.77656],[105.66538,18.78292],[105.66572,18.78291],[105.66613,18.78296],[105.66685,18.78309],[105.66682,18.78589],[105.66577,18.79098],[105.66473,18.79381],[105.66206,18.79374],[105.66188,18.79248],[105.65764,18.78844],[105.65349,18.78812],[105.65016,18.7849],[105.64904,18.78484],[105.64753,18.78587],[105.64867,18.79453],[105.64511,18.79949],[105.64174,18.80087],[105.63929,18.80165],[105.62838,18.8049],[105.62736,18.80549],[105.62713,18.80483],[105.62657,18.8043],[105.62438,18.80402],[105.62302,18.80432],[105.6216,18.80494],[105.62037,18.80591],[105.61857,18.80719],[105.61814,18.80741],[105.61756,18.80764],[105.61701,18.80772]]]},"properties":{"commune_code":"17827","commune_name":"Xã Nghi Lộc","commune_kind":"XA","province_code":"40","province_name":"Tỉnh Nghệ An","area_km2":33.31,"valid_from":"16/6/2025","published":"13/07/2025","area_km2_geom":33.003817246247,"quality_flag":null,"population":46022.0,"population_wp":47596.49692058191,"anchor_ratio":0.9669198991007875,"pop_source":"WORLDPOP2025_ANCHORED_VNSDI","pop_density_ppkm2":1394.444759423498,"n_stations":1,"n_ports":4,"power_kw_site":120.0,"ports_per_10k_pop":0.8691495371778715,"util_mean_port_weighted":0.49129434954007883,"dist_station_m_pop_weighted":3660.388222148651}},{"type":"Feature","geometry":{"type":"Polygon","coordinates":[[[105.64153,18.89538],[105.64046,18.89559],[105.64014,18.89542],[105.63826,18.89398],[105.63743,18.8933],[105.6353,18.89145],[105.63431,18.88998],[105.63302,18.88786],[105.63169,18.88614],[105.63125,18.88565],[105.63071,18.88543],[105.6278,18.88487],[105.62668,18.88493],[105.62415,18.88456],[105.6205,18.88289],[105.61791,18.88165],[105.61417,18.88516],[105.61389,18.88597],[105.61358,18.88672],[105.61355,18.88679],[105.61326,18.88643],[105.6119,18.88443],[105.61053,18.88187],[105.61005,18.8805],[105.61016,18.87994],[105.61037,18.87958],[105.61063,18.87927],[105.6093,18.87728],[105.60717,18.87816],[105.60722,18.87788],[105.6073,18.87722],[105.60732,18.87614],[105.6073,18.87594],[105.60708,18.87552],[105.60705,18.87546],[105.60676,18.87525],[105.60592,18.87472],[105.60525,18.87074],[105.60742,18.86904],[105.60754,18.86892],[105.60749,18.86882],[105.60735,18.86864],[105.60689,18.86808],[105.60658,18.86779],[105.60576,18.8675],[105.60411,18.86708],[105.60378,18.86532],[105.60368,18.86478],[105.60328,18.8623],[105.60679,18.85922],[105.61056,18.85687],[105.62001,18.85225],[105.62472,18.85215],[105.62512,18.85232],[105.62593,18.85265],[105.6264,18.85281],[105.62919,18.853],[105.63476,18.84991],[105.63758,18.84745],[105.64084,18.84526],[105.64471,18.84372],[105.64613,18.84315],[105.64645,18.84302],[105.64673,18.84285],[105.64723,18.84251],[105.64733,18.84237],[105.64748,18.842],[105.64754,18.84176],[105.64756,18.84166],[105.64756,18.84152],[105.6475,18.84126],[105.6474,18.84082],[105.64732,18.84058],[105.6458,18.83807],[105.64562,18.83818],[105.64782,18.83636],[105.6487,18.83601],[105.6493,18.83601],[105.64961,18.83622],[105.64986,18.83639],[105.65018,18.83711],[105.65057,18.84149],[105.65002,18.84572],[105.64966,18.84663],[105.64962,18.84735],[105.64971,18.84777],[105.65023,18.84849],[105.65131,18.84914],[105.65271,18.84955],[105.65325,18.84955],[105.65351,18.84955],[105.65415,18.84924],[105.65462,18.84875],[105.65503,18.84796],[105.65504,18.84795],[105.65522,18.8476],[105.65589,18.84661],[105.65595,18.84656],[105.65701,18.84573],[105.65852,18.84496],[105.66072,18.84454],[105.66276,18.84476],[105.66428,18.84544],[105.66532,18.84642],[105.66535,18.84646],[105.66576,18.84697],[105.66621,18.84752],[105.66625,18.84768],[105.66665,18.84905],[105.66665,18.84981],[105.6663,18.85053],[105.66594,18.85085],[105.66578,18.85099],[105.66442,18.85145],[105.66347,18.85187],[105.66291,18.85245],[105.66251,18.8531],[105.66239,18.85378],[105.6624,18.85383],[105.66256,18.85481],[105.66332,18.85549],[105.66408,18.85587],[105.66512,18.85617],[105.66549,18.85617],[105.66631,18.85617],[105.6664,18.85616],[105.66792,18.85605],[105.66801,18.85603],[105.66836,18.85588],[105.66975,18.85528],[105.6723,18.85391],[105.6752,18.85218],[105.67532,18.85209],[105.67629,18.85138],[105.67688,18.85038],[105.67722,18.8489],[105.67778,18.84772],[105.67845,18.84714],[105.68003,18.84635],[105.68169,18.84598],[105.68338,18.84598],[105.68625,18.84611],[105.68858,18.84599],[105.69042,18.84552],[105.69058,18.84548],[105.69234,18.84465],[105.69339,18.8435],[105.69369,18.84246],[105.69372,18.84095],[105.69364,18.8388],[105.69337,18.83636],[105.69336,18.83414],[105.69358,18.83276],[105.69421,18.83177],[105.69524,18.83088],[105.69538,18.83076],[105.69669,18.83007],[105.69819,18.8297],[105.69902,18.82949],[105.70057,18.82941],[105.70268,18.82937],[105.70573,18.82975],[105.70758,18.83025],[105.70838,18.83064],[105.70895,18.83091],[105.70898,18.83092],[105.7109,18.83185],[105.71267,18.83223],[105.71316,18.83234],[105.71692,18.83228],[105.71935,18.83387],[105.71957,18.83439],[105.71949,18.83479],[105.71868,18.836],[105.71831,18.83645],[105.71655,18.83864],[105.71587,18.83956],[105.71533,18.84085],[105.71517,18.84179],[105.7151,18.8422],[105.71491,18.84378],[105.71514,18.84508],[105.71517,18.84519],[105.71563,18.84601],[105.7159,18.84623],[105.71597,18.84629],[105.71672,18.84646],[105.71728,18.8465],[105.71769,18.84662],[105.7181,18.84679],[105.71861,18.84703],[105.71915,18.84743],[105.71923,18.84836],[105.71874,18.85006],[105.71759,18.85128],[105.71749,18.85131],[105.71673,18.85143],[105.716,18.851],[105.71373,18.84954],[105.71192,18.84867],[105.71127,18.84889],[105.71042,18.84977],[105.71042,18.84977],[105.70918,18.85112],[105.70339,18.85424],[105.70153,18.8614],[105.69712,18.8636],[105.69584,18.86346],[105.69493,18.86371],[105.69483,18.86388],[105.69379,18.86555],[105.6922,18.86972],[105.69166,18.87195],[105.69161,18.87217],[105.69127,18.87359],[105.69102,18.87394],[105.69087,18.87404],[105.68579,18.87639],[105.68341,18.87677],[105.68233,18.87599],[105.68218,18.87577],[105.68212,18.87553],[105.68206,18.87543],[105.68115,18.87389],[105.68094,18.87369],[105.68073,18.87367],[105.68051,18.8737],[105.67956,18.87408],[105.67883,18.87442],[105.67815,18.87489],[105.67748,18.8755],[105.67691,18.8762],[105.67622,18.87731],[105.67187,18.88019],[105.67066,18.87984],[105.66993,18.87968],[105.66962,18.87971],[105.66856,18.87982],[105.66704,18.8802],[105.66576,18.88156],[105.66571,18.88162],[105.66458,18.88478],[105.66362,18.88747],[105.66358,18.88756],[105.66335,18.88797],[105.66299,18.88837],[105.66256,18.88885],[105.66246,18.88895],[105.66217,18.88914],[105.66156,18.88943],[105.66121,18.88954],[105.66077,18.88962],[105.66042,18.88963],[105.66035,18.88962],[105.66008,18.8895],[105.65997,18.88945],[105.65973,18.88925],[105.65889,18.8884],[105.65718,18.88595],[105.6571,18.88583],[105.65618,18.88512],[105.65511,18.88483],[105.65311,18.8854],[105.65222,18.88587],[105.65025,18.8869],[105.64989,18.88754],[105.64997,18.8884],[105.65002,18.88857],[105.65047,18.88997],[105.65039,18.89104],[105.64954,18.89175],[105.64668,18.89333],[105.64297,18.89511],[105.64153,18.89538]]]},"properties":{"commune_code":"17833","commune_name":"Xã Hải Lộc","commune_kind":"XA","province_code":"40","province_name":"Tỉnh Nghệ An","area_km2":41.25,"valid_from":"16/6/2025","published":"13/07/2025","area_km2_geom":41.88072025098337,"quality_flag":null,"population":21940.0,"population_wp":15862.339774636552,"anchor_ratio":1.383150298865837,"pop_source":"WORLDPOP2025_ANCHORED_VNSDI","pop_density_ppkm2":523.8687364619724,"n_stations":0,"n_ports":0,"power_kw_site":0.0,"ports_per_10k_pop":0.0,"util_mean_port_weighted":null,"dist_station_m_pop_weighted":7469.535834912967}},{"type":"Feature","geometry":{"type":"Polygon","coordinates":[[[105.60378,18.86532],[105.60411,18.86708],[105.60323,18.86686],[105.59666,18.86644],[105.59437,18.86625],[105.57996,18.86344],[105.57877,18.86311],[105.57776,18.86283],[105.56942,18.8601],[105.56747,18.85844],[105.5667,18.85556],[105.56449,18.85286],[105.56421,18.85269],[105.56404,18.85258],[105.56366,18.85224],[105.56307,18.85169],[105.56275,18.85132],[105.56246,18.85095],[105.56186,18.85016],[105.56165,18.84988],[105.56144,18.84544],[105.56143,18.845],[105.56157,18.84167],[105.56169,18.8414],[105.56202,18.84128],[105.56374,18.84119],[105.56613,18.84093],[105.5664,18.84078],[105.56655,18.84056],[105.56673,18.84008],[105.56673,18.83994],[105.56644,18.83698],[105.56614,18.83619],[105.56589,18.83556],[105.56558,18.83505],[105.56523,18.83454],[105.56502,18.8343],[105.56466,18.83401],[105.56455,18.83396],[105.56343,18.83358],[105.56316,18.83357],[105.56219,18.83077],[105.56142,18.82591],[105.56115,18.82382],[105.5611,18.82337],[105.5611,18.82311],[105.56116,18.82292],[105.56125,18.8228],[105.56131,18.82271],[105.56687,18.81777],[105.57005,18.81621],[105.57537,18.81343],[105.57804,18.81199],[105.58026,18.81009],[105.58227,18.80839],[105.58283,18.80806],[105.58463,18.8089],[105.5882,18.80914],[105.58847,18.8091],[105.5889,18.80894],[105.58956,18.80864],[105.58963,18.80844],[105.58971,18.80804],[105.59012,18.80546],[105.5897,18.8051],[105.58935,18.80483],[105.58915,18.80473],[105.58901,18.80475],[105.58884,18.8048],[105.58872,18.80489],[105.58871,18.80499],[105.58872,18.80518],[105.58869,18.80543],[105.58866,18.80566],[105.58863,18.8058],[105.58856,18.80597],[105.58847,18.80608],[105.58832,18.80622],[105.58811,18.80635],[105.58726,18.80676],[105.58676,18.80697],[105.58645,18.80704],[105.58619,18.80703],[105.5859,18.80695],[105.58507,18.80657],[105.58431,18.80605],[105.58402,18.80577],[105.58372,18.80541],[105.58364,18.80525],[105.58362,18.80509],[105.58403,18.80393],[105.58434,18.80349],[105.58466,18.80309],[105.58481,18.80299],[105.58503,18.8029],[105.58668,18.79727],[105.5853,18.79399],[105.58667,18.79478],[105.58941,18.79657],[105.5897,18.79689],[105.58973,18.79723],[105.58961,18.79766],[105.58939,18.79788],[105.58871,18.79812],[105.5882,18.79856],[105.5879,18.79918],[105.58789,18.79979],[105.58797,18.80039],[105.58828,18.80143],[105.58846,18.80182],[105.58894,18.80258],[105.58895,18.80261],[105.58944,18.8029],[105.58983,18.80313],[105.5909,18.80361],[105.59132,18.80365],[105.59209,18.80355],[105.59298,18.80329],[105.59328,18.80303],[105.59339,18.80267],[105.59335,18.80222],[105.59311,18.80166],[105.59286,18.80128],[105.59272,18.80107],[105.59226,18.8006],[105.5917,18.80031],[105.5912,18.80004],[105.59082,18.79958],[105.59066,18.79907],[105.59063,18.79858],[105.59073,18.79802],[105.591,18.79747],[105.5917,18.79637],[105.59238,18.79547],[105.59626,18.79236],[105.59659,18.79218],[105.59728,18.79207],[105.59743,18.79205],[105.59837,18.79227],[105.60058,18.79313],[105.60138,18.79377],[105.60165,18.79424],[105.60162,18.79469],[105.60138,18.79514],[105.60093,18.79551],[105.6008,18.79558],[105.60039,18.79579],[105.5998,18.79595],[105.59906,18.79624],[105.59823,18.79687],[105.59745,18.79764],[105.59716,18.79816],[105.59703,18.79862],[105.59712,18.79926],[105.59761,18.80015],[105.59803,18.80058],[105.59841,18.80097],[105.59942,18.80132],[105.60084,18.80138],[105.6064,18.80145],[105.61071,18.8006],[105.61067,18.79934],[105.61071,18.7981],[105.61101,18.79672],[105.61169,18.79555],[105.61286,18.79502],[105.61472,18.79463],[105.61478,18.79462],[105.61571,18.79438],[105.61582,18.79437],[105.61702,18.79431],[105.61814,18.79426],[105.61957,18.79507],[105.62072,18.79643],[105.62189,18.79914],[105.62189,18.80066],[105.62187,18.80068],[105.62138,18.80108],[105.62072,18.80125],[105.61973,18.80093],[105.61954,18.80055],[105.6194,18.80011],[105.61879,18.79905],[105.61767,18.79811],[105.6169,18.79786],[105.61666,18.79785],[105.61565,18.79812],[105.61482,18.79857],[105.61424,18.79915],[105.61378,18.79986],[105.61343,18.8011],[105.61385,18.80425],[105.61399,18.8053],[105.61432,18.80655],[105.61472,18.80743],[105.615,18.80755],[105.61548,18.80777],[105.61636,18.8078],[105.61701,18.80772],[105.61756,18.80764],[105.61814,18.80741],[105.61857,18.80719],[105.62037,18.80591],[105.6216,18.80494],[105.62302,18.80432],[105.62438,18.80402],[105.62657,18.8043],[105.62713,18.80483],[105.62736,18.80549],[105.62996,18.80975],[105.63031,18.81093],[105.6303,18.81206],[105.62921,18.81413],[105.62718,18.8153],[105.62628,18.81602],[105.62592,18.81669],[105.62591,18.81754],[105.62604,18.81946],[105.62607,18.81984],[105.62643,18.82056],[105.62703,18.82086],[105.62767,18.82078],[105.62923,18.82002],[105.63057,18.81962],[105.63078,18.81955],[105.63143,18.81951],[105.6321,18.81947],[105.63354,18.81966],[105.63454,18.82015],[105.63492,18.82068],[105.63504,18.82103],[105.63562,18.82362],[105.63529,18.82592],[105.63523,18.82604],[105.63436,18.82792],[105.63282,18.83006],[105.63218,18.83279],[105.6323,18.83538],[105.63407,18.83914],[105.63737,18.84024],[105.63788,18.84017],[105.63949,18.83997],[105.64444,18.83865],[105.64559,18.83819],[105.64562,18.83818],[105.6458,18.83807],[105.64732,18.84058],[105.6474,18.84082],[105.6475,18.84126],[105.64756,18.84152],[105.64756,18.84166],[105.64754,18.84176],[105.64748,18.842],[105.64733,18.84237],[105.64723,18.84251],[105.64673,18.84285],[105.64645,18.84302],[105.64613,18.84315],[105.64471,18.84372],[105.64084,18.84526],[105.63758,18.84745],[105.63476,18.84991],[105.62919,18.853],[105.6264,18.85281],[105.62593,18.85265],[105.62512,18.85232],[105.62472,18.85215],[105.62001,18.85225],[105.61056,18.85687],[105.60679,18.85922],[105.60328,18.8623],[105.60368,18.86478],[105.60378,18.86532]]]},"properties":{"commune_code":"17842","commune_name":"Xã Thần Lĩnh","commune_kind":"XA","province_code":"40","province_name":"Tỉnh Nghệ An","area_km2":44.69,"valid_from":"16/6/2025","published":"13/07/2025","area_km2_geom":45.0203609522999,"quality_flag":null,"population":21718.0,"population_wp":21483.94990625605,"anchor_ratio":1.010894183554012,"pop_source":"WORLDPOP2025_ANCHORED_VNSDI","pop_density_ppkm2":482.40395102586393,"n_stations":0,"n_ports":0,"power_kw_site":0.0,"ports_per_10k_pop":0.0,"util_mean_port_weighted":null,"dist_station_m_pop_weighted":8148.649422563522}},{"type":"Feature","geometry":{"type":"Polygon","coordinates":[[[105.51201,18.89666],[105.5087,18.8974],[105.50594,18.8968],[105.49976,18.89465],[105.49731,18.89133],[105.49429,18.88735],[105.48928,18.88522],[105.48464,18.88371],[105.48034,18.8771],[105.47975,18.876],[105.47952,18.87558],[105.47927,18.87474],[105.47882,18.8733],[105.47855,18.87273],[105.47708,18.87022],[105.47561,18.86847],[105.47426,18.86135],[105.47356,18.85531],[105.47805,18.85177],[105.48173,18.84978],[105.48319,18.84743],[105.48383,18.84487],[105.48442,18.8404],[105.48377,18.83742],[105.47964,18.83248],[105.48112,18.83083],[105.48208,18.82755],[105.48036,18.82613],[105.47654,18.82355],[105.4757,18.82312],[105.47482,18.82267],[105.4731,18.82257],[105.47178,18.82287],[105.47173,18.8229],[105.46963,18.8241],[105.46661,18.82512],[105.46629,18.82424],[105.4661,18.82365],[105.46606,18.82344],[105.46608,18.82324],[105.46628,18.82287],[105.46658,18.8224],[105.46674,18.82216],[105.46674,18.82215],[105.46695,18.82187],[105.46739,18.82176],[105.46811,18.82104],[105.46852,18.81898],[105.46822,18.81699],[105.467,18.81545],[105.46675,18.81516],[105.46644,18.8144],[105.46645,18.81373],[105.46646,18.81367],[105.46653,18.81318],[105.46683,18.81242],[105.46701,18.81204],[105.46813,18.81022],[105.47018,18.80693],[105.47151,18.80623],[105.47255,18.80493],[105.47178,18.80317],[105.47139,18.80245],[105.47012,18.80034],[105.46923,18.79912],[105.46891,18.79543],[105.46889,18.78958],[105.47037,18.78835],[105.47123,18.78805],[105.47161,18.7877],[105.47222,18.78707],[105.47356,18.78544],[105.47368,18.78523],[105.47454,18.78352],[105.47484,18.78217],[105.47488,18.7817],[105.47501,18.7813],[105.47523,18.78086],[105.47533,18.78066],[105.47561,18.78046],[105.47604,18.78018],[105.47621,18.78009],[105.47656,18.77998],[105.4768,18.77992],[105.47698,18.7799],[105.47717,18.77992],[105.47768,18.78008],[105.4795,18.78025],[105.48193,18.78009],[105.48605,18.78181],[105.48731,18.78394],[105.49023,18.784],[105.49037,18.78413],[105.49056,18.78426],[105.49078,18.78433],[105.49163,18.78439],[105.49413,18.78431],[105.49768,18.78394],[105.50135,18.78427],[105.50469,18.78592],[105.50878,18.7885],[105.51293,18.78883],[105.51308,18.78875],[105.51329,18.78882],[105.51479,18.78959],[105.51534,18.7899],[105.51564,18.79013],[105.51628,18.79078],[105.51677,18.79153],[105.51691,18.7919],[105.51688,18.79222],[105.51685,18.79251],[105.51623,18.79336],[105.51384,18.79609],[105.51328,18.79657],[105.51265,18.797],[105.5122,18.7973],[105.50988,18.80032],[105.5128,18.80618],[105.51588,18.80717],[105.51644,18.80682],[105.51697,18.80665],[105.51848,18.80646],[105.51885,18.80663],[105.52053,18.80877],[105.52078,18.80944],[105.52075,18.80966],[105.52011,18.81238],[105.51763,18.81347],[105.51612,18.81345],[105.51354,18.81359],[105.50952,18.81644],[105.50932,18.81696],[105.50924,18.81726],[105.50935,18.81756],[105.51078,18.81981],[105.511,18.82006],[105.51126,18.82029],[105.51139,18.82036],[105.51162,18.82042],[105.51174,18.82043],[105.51783,18.82491],[105.51792,18.82506],[105.51788,18.82539],[105.51722,18.8296],[105.517,18.83022],[105.51554,18.83174],[105.51437,18.83224],[105.51562,18.83487],[105.51868,18.83875],[105.52044,18.84074],[105.52538,18.84417],[105.53089,18.84497],[105.53486,18.84793],[105.53587,18.85034],[105.53633,18.85085],[105.5369,18.85119],[105.53714,18.85133],[105.53929,18.85236],[105.5412,18.853],[105.54197,18.85294],[105.54359,18.85328],[105.54585,18.85389],[105.54701,18.85423],[105.54943,18.85627],[105.5512,18.85776],[105.5514,18.85795],[105.55161,18.85825],[105.55188,18.85871],[105.55209,18.8592],[105.55248,18.86007],[105.55159,18.86038],[105.54993,18.86078],[105.54831,18.86078],[105.54639,18.86046],[105.54511,18.86047],[105.54432,18.86083],[105.5436,18.86126],[105.54319,18.86198],[105.54316,18.86288],[105.54316,18.86384],[105.54335,18.8647],[105.54388,18.86578],[105.54438,18.86682],[105.54449,18.86786],[105.54444,18.86918],[105.54434,18.8695],[105.54255,18.87304],[105.54229,18.87327],[105.54216,18.87338],[105.53992,18.87483],[105.53755,18.87742],[105.53643,18.87889],[105.53564,18.88076],[105.53497,18.88338],[105.53483,18.88507],[105.5351,18.88699],[105.5337,18.88889],[105.52749,18.89245],[105.52609,18.89321],[105.52475,18.89356],[105.52392,18.8935],[105.5234,18.89352],[105.52172,18.89361],[105.51944,18.89392],[105.51848,18.89413],[105.51628,18.8948],[105.5143,18.89549],[105.51201,18.89666]]]},"properties":{"commune_code":"17854","commune_name":"Xã Văn Kiều","commune_kind":"XA","province_code":"40","province_name":"Tỉnh Nghệ An","area_km2":63.46,"valid_from":"16/6/2025","published":"13/07/2025","area_km2_geom":63.13139077945465,"quality_flag":null,"population":28341.0,"population_wp":24890.54082478024,"anchor_ratio":1.138625319534423,"pop_source":"WORLDPOP2025_ANCHORED_VNSDI","pop_density_ppkm2":448.92088785129755,"n_stations":0,"n_ports":0,"power_kw_site":0.0,"ports_per_10k_pop":0.0,"util_mean_port_weighted":null,"dist_station_m_pop_weighted":10228.45314646216}},{"type":"Feature","geometry":{"type":"Polygon","coordinates":[[[105.56747,18.85844],[105.55811,18.86051],[105.55248,18.86007],[105.55209,18.8592],[105.55188,18.85871],[105.55161,18.85825],[105.5514,18.85795],[105.5512,18.85776],[105.54943,18.85627],[105.54701,18.85423],[105.54585,18.85389],[105.54359,18.85328],[105.54197,18.85294],[105.5412,18.853],[105.53929,18.85236],[105.53714,18.85133],[105.5369,18.85119],[105.53633,18.85085],[105.53587,18.85034],[105.53486,18.84793],[105.53089,18.84497],[105.52538,18.84417],[105.52044,18.84074],[105.51868,18.83875],[105.51562,18.83487],[105.51437,18.83224],[105.51554,18.83174],[105.517,18.83022],[105.51722,18.8296],[105.51788,18.82539],[105.51792,18.82506],[105.51783,18.82491],[105.51174,18.82043],[105.51162,18.82042],[105.51139,18.82036],[105.51126,18.82029],[105.511,18.82006],[105.51078,18.81981],[105.50935,18.81756],[105.50924,18.81726],[105.50932,18.81696],[105.50952,18.81644],[105.51354,18.81359],[105.51612,18.81345],[105.51763,18.81347],[105.52011,18.81238],[105.52075,18.80966],[105.52078,18.80944],[105.52053,18.80877],[105.51885,18.80663],[105.51848,18.80646],[105.51697,18.80665],[105.51644,18.80682],[105.51588,18.80717],[105.5128,18.80618],[105.50988,18.80032],[105.5122,18.7973],[105.51265,18.797],[105.51328,18.79657],[105.51384,18.79609],[105.51623,18.79336],[105.51685,18.79251],[105.51688,18.79222],[105.51691,18.7919],[105.51677,18.79153],[105.51628,18.79078],[105.51564,18.79013],[105.51534,18.7899],[105.51479,18.78959],[105.51329,18.78882],[105.51308,18.78875],[105.51293,18.78883],[105.50878,18.7885],[105.50469,18.78592],[105.50135,18.78427],[105.49768,18.78394],[105.49413,18.78431],[105.49163,18.78439],[105.49078,18.78433],[105.49056,18.78426],[105.49037,18.78413],[105.49023,18.784],[105.48943,18.7829],[105.48773,18.77957],[105.48682,18.77556],[105.48669,18.77473],[105.48669,18.7747],[105.48669,18.77467],[105.48669,18.77454],[105.48674,18.77431],[105.4868,18.77417],[105.48694,18.774],[105.48709,18.77393],[105.49015,18.77347],[105.49083,18.77349],[105.49169,18.77343],[105.49314,18.77315],[105.49538,18.77165],[105.49543,18.7713],[105.49541,18.77017],[105.49536,18.7694],[105.49533,18.76901],[105.49517,18.76847],[105.49515,18.76797],[105.49522,18.76763],[105.49567,18.76709],[105.49662,18.76613],[105.49741,18.76562],[105.49755,18.76558],[105.50741,18.76555],[105.51538,18.76612],[105.51629,18.76607],[105.51764,18.76554],[105.51977,18.7646],[105.52027,18.76416],[105.52036,18.76396],[105.52047,18.76371],[105.52129,18.76041],[105.52385,18.75916],[105.52466,18.75927],[105.52568,18.75929],[105.52634,18.75928],[105.52938,18.75926],[105.53285,18.75911],[105.53474,18.75857],[105.53506,18.75817],[105.53686,18.75702],[105.53799,18.75641],[105.54267,18.75496],[105.54701,18.75469],[105.54878,18.75494],[105.55206,18.75422],[105.55224,18.75419],[105.55344,18.75406],[105.55386,18.75401],[105.55526,18.75387],[105.55645,18.75412],[105.56061,18.75568],[105.56684,18.7586],[105.57167,18.76221],[105.57303,18.76324],[105.57598,18.76552],[105.57626,18.76849],[105.57545,18.77077],[105.57816,18.77414],[105.58018,18.77472],[105.58177,18.78042],[105.58149,18.78323],[105.58318,18.78847],[105.58365,18.78869],[105.58394,18.78902],[105.58417,18.78964],[105.58425,18.78985],[105.58479,18.79152],[105.5853,18.79399],[105.58668,18.79727],[105.58503,18.8029],[105.58481,18.80299],[105.58466,18.80309],[105.58434,18.80349],[105.58403,18.80393],[105.58362,18.80509],[105.58364,18.80525],[105.58372,18.80541],[105.58402,18.80577],[105.58431,18.80605],[105.58507,18.80657],[105.5859,18.80695],[105.58619,18.80703],[105.58645,18.80704],[105.58676,18.80697],[105.58726,18.80676],[105.58811,18.80635],[105.58832,18.80622],[105.58847,18.80608],[105.58856,18.80597],[105.58863,18.8058],[105.58866,18.80566],[105.58869,18.80543],[105.58872,18.80518],[105.58871,18.80499],[105.58872,18.80489],[105.58884,18.8048],[105.58901,18.80475],[105.58915,18.80473],[105.58935,18.80483],[105.5897,18.8051],[105.59012,18.80546],[105.58971,18.80804],[105.58963,18.80844],[105.58956,18.80864],[105.5889,18.80894],[105.58847,18.8091],[105.5882,18.80914],[105.58463,18.8089],[105.58283,18.80806],[105.58227,18.80839],[105.58026,18.81009],[105.57804,18.81199],[105.57537,18.81343],[105.57005,18.81621],[105.56687,18.81777],[105.56131,18.82271],[105.56125,18.8228],[105.56116,18.82292],[105.5611,18.82311],[105.5611,18.82337],[105.56115,18.82382],[105.56142,18.82591],[105.56219,18.83077],[105.56316,18.83357],[105.56343,18.83358],[105.56455,18.83396],[105.56466,18.83401],[105.56502,18.8343],[105.56523,18.83454],[105.56558,18.83505],[105.56589,18.83556],[105.56614,18.83619],[105.56644,18.83698],[105.56673,18.83994],[105.56673,18.84008],[105.56655,18.84056],[105.5664,18.84078],[105.56613,18.84093],[105.56374,18.84119],[105.56202,18.84128],[105.56169,18.8414],[105.56157,18.84167],[105.56143,18.845],[105.56144,18.84544],[105.56165,18.84988],[105.56186,18.85016],[105.56246,18.85095],[105.56275,18.85132],[105.56307,18.85169],[105.56366,18.85224],[105.56404,18.85258],[105.56421,18.85269],[105.56449,18.85286],[105.5667,18.85556],[105.56747,18.85844]]]},"properties":{"commune_code":"17857","commune_name":"Xã Phúc Lộc","commune_kind":"XA","province_code":"40","province_name":"Tỉnh Nghệ An","area_km2":70.5,"valid_from":"16/6/2025","published":"13/07/2025","area_km2_geom":69.86852546155977,"quality_flag":null,"population":28236.0,"population_wp":29243.53546995297,"anchor_ratio":0.9655467284047037,"pop_source":"WORLDPOP2025_ANCHORED_VNSDI","pop_density_ppkm2":404.13046952786874,"n_stations":0,"n_ports":0,"power_kw_site":0.0,"ports_per_10k_pop":0.0,"util_mean_port_weighted":null,"dist_station_m_pop_weighted":12461.56237639756}},{"type":"Feature","geometry":{"type":"Polygon","coordinates":[[[105.66792,18.85605],[105.6664,18.85616],[105.66631,18.85617],[105.66549,18.85617],[105.66512,18.85617],[105.66408,18.85587],[105.66332,18.85549],[105.66256,18.85481],[105.6624,18.85383],[105.66239,18.85378],[105.66251,18.8531],[105.66291,18.85245],[105.66347,18.85187],[105.66442,18.85145],[105.66578,18.85099],[105.66594,18.85085],[105.6663,18.85053],[105.66665,18.84981],[105.66665,18.84905],[105.66625,18.84768],[105.66621,18.84752],[105.66576,18.84697],[105.66535,18.84646],[105.66532,18.84642],[105.66428,18.84544],[105.66276,18.84476],[105.66072,18.84454],[105.65852,18.84496],[105.65701,18.84573],[105.65595,18.84656],[105.65589,18.84661],[105.65522,18.8476],[105.65504,18.84795],[105.65503,18.84796],[105.65462,18.84875],[105.65415,18.84924],[105.65351,18.84955],[105.65325,18.84955],[105.65271,18.84955],[105.65131,18.84914],[105.65023,18.84849],[105.64971,18.84777],[105.64962,18.84735],[105.64966,18.84663],[105.65002,18.84572],[105.65057,18.84149],[105.65018,18.83711],[105.64986,18.83639],[105.64961,18.83622],[105.6493,18.83601],[105.6487,18.83601],[105.64782,18.83636],[105.64562,18.83818],[105.64559,18.83819],[105.64444,18.83865],[105.63949,18.83997],[105.63788,18.84017],[105.63737,18.84024],[105.63407,18.83914],[105.6323,18.83538],[105.63218,18.83279],[105.63282,18.83006],[105.63436,18.82792],[105.63523,18.82604],[105.63529,18.82592],[105.63562,18.82362],[105.63504,18.82103],[105.63492,18.82068],[105.63454,18.82015],[105.63354,18.81966],[105.6321,18.81947],[105.63143,18.81951],[105.63078,18.81955],[105.63057,18.81962],[105.62923,18.82002],[105.62767,18.82078],[105.62703,18.82086],[105.62643,18.82056],[105.62607,18.81984],[105.62604,18.81946],[105.62591,18.81754],[105.62592,18.81669],[105.62628,18.81602],[105.62718,18.8153],[105.62921,18.81413],[105.6303,18.81206],[105.63031,18.81093],[105.62996,18.80975],[105.62736,18.80549],[105.62838,18.8049],[105.63929,18.80165],[105.64174,18.80087],[105.64511,18.79949],[105.64867,18.79453],[105.64753,18.78587],[105.64904,18.78484],[105.65016,18.7849],[105.65349,18.78812],[105.65764,18.78844],[105.66188,18.79248],[105.66206,18.79374],[105.66234,18.79648],[105.66275,18.79826],[105.66287,18.79871],[105.66313,18.79965],[105.66346,18.80086],[105.66357,18.801],[105.66409,18.80117],[105.66568,18.80173],[105.66583,18.80178],[105.66666,18.8021],[105.66729,18.80234],[105.67016,18.80348],[105.67074,18.80374],[105.67762,18.80717],[105.67839,18.80757],[105.6786,18.80768],[105.68022,18.80856],[105.68078,18.80966],[105.68413,18.81665],[105.68741,18.82269],[105.69037,18.82538],[105.69524,18.83088],[105.69421,18.83177],[105.69358,18.83276],[105.69336,18.83414],[105.69337,18.83636],[105.69364,18.8388],[105.69372,18.84095],[105.69369,18.84246],[105.69339,18.8435],[105.69234,18.84465],[105.69058,18.84548],[105.69042,18.84552],[105.68858,18.84599],[105.68625,18.84611],[105.68338,18.84598],[105.68169,18.84598],[105.68003,18.84635],[105.67845,18.84714],[105.67778,18.84772],[105.67722,18.8489],[105.67688,18.85038],[105.67629,18.85138],[105.67532,18.85209],[105.6752,18.85218],[105.6723,18.85391],[105.66975,18.85528],[105.66836,18.85588],[105.66801,18.85603],[105.66792,18.85605]]]},"properties":{"commune_code":"17866","commune_name":"Xã Trung Lộc","commune_kind":"XA","province_code":"40","province_name":"Tỉnh Nghệ An","area_km2":31.35,"valid_from":"16/6/2025","published":"13/07/2025","area_km2_geom":30.814660109855964,"quality_flag":null,"population":31182.0,"population_wp":25732.550504950806,"anchor_ratio":1.2117726143780714,"pop_source":"WORLDPOP2025_ANCHORED_VNSDI","pop_density_ppkm2":1011.9209457068307,"n_stations":1,"n_ports":4,"power_kw_site":120.0,"ports_per_10k_pop":1.282791353986274,"util_mean_port_weighted":0.18950406156477126,"dist_station_m_pop_weighted":3532.117602436903}},{"type":"Feature","geometry":{"type":"Polygon","coordinates":[[[105.69046,18.82534],[105.69037,18.82538],[105.68741,18.82269],[105.68413,18.81665],[105.68078,18.80966],[105.68022,18.80856],[105.6786,18.80768],[105.67839,18.80757],[105.67762,18.80717],[105.67074,18.80374],[105.67016,18.80348],[105.66729,18.80234],[105.66666,18.8021],[105.66583,18.80178],[105.66568,18.80173],[105.66409,18.80117],[105.66357,18.801],[105.66346,18.80086],[105.66313,18.79965],[105.66287,18.79871],[105.66275,18.79826],[105.66234,18.79648],[105.66206,18.79374],[105.66473,18.79381],[105.66577,18.79098],[105.66682,18.78589],[105.66685,18.78309],[105.66613,18.78296],[105.66572,18.78291],[105.66538,18.78292],[105.66382,18.77656],[105.66413,18.77523],[105.66467,18.77309],[105.66476,18.77273],[105.66518,18.77147],[105.66538,18.77098],[105.66608,18.76961],[105.66913,18.76305],[105.66982,18.75929],[105.6729,18.76009],[105.67681,18.75114],[105.67874,18.75186],[105.68394,18.75488],[105.68338,18.75612],[105.68412,18.75665],[105.68908,18.75886],[105.68962,18.75888],[105.69225,18.76208],[105.69423,18.76423],[105.69565,18.7652],[105.69849,18.76706],[105.69891,18.76733],[105.70062,18.76454],[105.706,18.75938],[105.70866,18.75486],[105.70909,18.75394],[105.70978,18.75413],[105.71204,18.75491],[105.71231,18.75557],[105.71231,18.75576],[105.71188,18.75833],[105.71135,18.76214],[105.71291,18.76317],[105.71336,18.76321],[105.7135,18.76233],[105.7159,18.76191],[105.71668,18.762],[105.71688,18.76203],[105.72463,18.76737],[105.72342,18.76951],[105.72467,18.76997],[105.72496,18.77209],[105.72491,18.77524],[105.72158,18.77784],[105.71764,18.78016],[105.71306,18.78052],[105.71177,18.77987],[105.7096,18.77899],[105.70934,18.77891],[105.70691,18.78337],[105.70504,18.78702],[105.70437,18.78803],[105.70305,18.78993],[105.70271,18.78996],[105.70221,18.7899],[105.70161,18.7897],[105.70073,18.78943],[105.69991,18.78928],[105.69943,18.78965],[105.69838,18.79106],[105.69875,18.79322],[105.69896,18.79443],[105.69898,18.79455],[105.69933,18.79664],[105.70037,18.80176],[105.70062,18.80302],[105.70099,18.80326],[105.70252,18.80426],[105.70283,18.80445],[105.70382,18.80486],[105.70492,18.80497],[105.70956,18.80778],[105.71245,18.81469],[105.71246,18.81566],[105.71235,18.81607],[105.70712,18.8179],[105.69046,18.82534]]]},"properties":{"commune_code":"17878","commune_name":"Xã Đông Lộc","commune_kind":"XA","province_code":"40","province_name":"Tỉnh Nghệ An","area_km2":29.32,"valid_from":"16/6/2025","published":"13/07/2025","area_km2_geom":29.585490534010063,"quality_flag":null,"population":31218.999999999996,"population_wp":34251.87456486374,"anchor_ratio":0.9114537641109159,"pop_source":"WORLDPOP2025_ANCHORED_VNSDI","pop_density_ppkm2":1055.213195269219,"n_stations":0,"n_ports":0,"power_kw_site":0.0,"ports_per_10k_pop":0.0,"util_mean_port_weighted":null,"dist_station_m_pop_weighted":3732.3039306707146}},{"type":"Feature","geometry":{"type":"Polygon","coordinates":[[[105.66264,18.75952],[105.65883,18.76404],[105.64328,18.75876],[105.64239,18.75684],[105.64543,18.75036],[105.64286,18.74996],[105.64499,18.74446],[105.64577,18.74242],[105.64324,18.74047],[105.64017,18.74013],[105.63698,18.73921],[105.63729,18.73397],[105.63615,18.72762],[105.63417,18.72259],[105.63264,18.72002],[105.6315,18.71936],[105.63218,18.71856],[105.633,18.71725],[105.6366,18.70886],[105.642,18.69522],[105.64295,18.69265],[105.64402,18.68874],[105.64698,18.69109],[105.65379,18.69409],[105.65403,18.6937],[105.65544,18.69337],[105.65711,18.69369],[105.65804,18.69408],[105.65868,18.69435],[105.65907,18.69553],[105.65925,18.69631],[105.65874,18.6974],[105.6601,18.69792],[105.66074,18.69672],[105.66095,18.69472],[105.66418,18.69435],[105.66447,18.69272],[105.66485,18.6871],[105.66876,18.68726],[105.67473,18.68657],[105.67493,18.69305],[105.67471,18.69933],[105.67361,18.70145],[105.67199,18.70461],[105.67198,18.70465],[105.66975,18.70926],[105.6683,18.71236],[105.6683,18.71237],[105.6683,18.71237],[105.66759,18.7143],[105.66799,18.71458],[105.66848,18.71508],[105.67077,18.71787],[105.66892,18.72506],[105.67288,18.7252],[105.67324,18.72522],[105.67323,18.7259],[105.67323,18.72611],[105.67318,18.72673],[105.67203,18.73668],[105.67163,18.74041],[105.6718,18.7412],[105.67247,18.74183],[105.6733,18.7423],[105.6733,18.74283],[105.67308,18.74346],[105.6716,18.74705],[105.66891,18.75309],[105.66841,18.75441],[105.666,18.75809],[105.66443,18.76021],[105.66264,18.75952]]]},"properties":{"commune_code":"17920","commune_name":"Phường Vinh Hưng","commune_kind":"PHUONG","province_code":"40","province_name":"Tỉnh Nghệ An","area_km2":25.47,"valid_from":"16/6/2025","published":"13/07/2025","area_km2_geom":26.130988796454446,"quality_flag":null,"population":60159.0,"population_wp":48547.74718029052,"anchor_ratio":1.2391718152562068,"pop_source":"WORLDPOP2025_ANCHORED_VNSDI","pop_density_ppkm2":2302.20909237704,"n_stations":9,"n_ports":74,"power_kw_site":2251.5,"ports_per_10k_pop":12.300736381921242,"util_mean_port_weighted":0.18266759825682893,"dist_station_m_pop_weighted":1548.5674048181645}},{"type":"Feature","geometry":{"type":"Polygon","coordinates":[[[105.43764,18.79017],[105.42916,18.79326],[105.42717,18.79114],[105.42374,18.78613],[105.42013,18.78554],[105.41678,18.78429],[105.41243,18.78221],[105.41066,18.78099],[105.40764,18.78142],[105.40617,18.78165],[105.40487,18.77931],[105.40476,18.77905],[105.40389,18.77676],[105.40374,18.77619],[105.40374,18.77606],[105.40388,18.77343],[105.40443,18.77201],[105.40873,18.76634],[105.41198,18.76006],[105.41222,18.7594],[105.41226,18.75883],[105.41213,18.75787],[105.41045,18.75045],[105.40918,18.74759],[105.40771,18.74484],[105.40772,18.74473],[105.40784,18.74464],[105.41003,18.74333],[105.41694,18.73927],[105.41872,18.73824],[105.41916,18.73804],[105.41965,18.73808],[105.42025,18.73837],[105.42027,18.73839],[105.42046,18.73871],[105.42588,18.74042],[105.42789,18.74014],[105.42839,18.73987],[105.42867,18.73952],[105.4287,18.73906],[105.42876,18.73522],[105.42868,18.73191],[105.43216,18.73251],[105.43219,18.73445],[105.43233,18.73491],[105.43272,18.73554],[105.4334,18.7365],[105.43404,18.73664],[105.43509,18.73657],[105.43854,18.73488],[105.43911,18.73401],[105.43966,18.73114],[105.43975,18.73036],[105.43983,18.72928],[105.43983,18.72687],[105.43895,18.72506],[105.43908,18.71955],[105.44046,18.71967],[105.44103,18.71966],[105.44131,18.71952],[105.44166,18.71923],[105.44178,18.71871],[105.44173,18.71782],[105.44109,18.71407],[105.44099,18.71361],[105.44064,18.71316],[105.43996,18.71257],[105.43944,18.71179],[105.43892,18.71076],[105.43906,18.71011],[105.43939,18.70964],[105.43991,18.70918],[105.44116,18.70916],[105.44241,18.7092],[105.44507,18.70981],[105.45032,18.71093],[105.45084,18.71096],[105.4516,18.71036],[105.45573,18.7071],[105.45603,18.70686],[105.45722,18.70578],[105.46168,18.70445],[105.46317,18.70538],[105.46648,18.70637],[105.4673,18.70609],[105.4685,18.70466],[105.46946,18.7035],[105.47072,18.71291],[105.4717,18.72167],[105.4705,18.72411],[105.46819,18.72519],[105.46697,18.72578],[105.46691,18.72585],[105.46618,18.72785],[105.46647,18.72957],[105.46729,18.73215],[105.47199,18.73654],[105.47213,18.73652],[105.47602,18.73459],[105.48188,18.73524],[105.48452,18.73547],[105.48592,18.73498],[105.48762,18.73395],[105.48711,18.7324],[105.48649,18.73035],[105.48616,18.72773],[105.48693,18.72582],[105.48988,18.72178],[105.49508,18.71861],[105.49808,18.71702],[105.50162,18.71633],[105.50186,18.7163],[105.50227,18.71629],[105.50311,18.71639],[105.50602,18.71707],[105.50691,18.71814],[105.5103,18.72012],[105.5135,18.72183],[105.51543,18.72179],[105.51648,18.72158],[105.51665,18.72198],[105.51666,18.72199],[105.51685,18.7225],[105.51686,18.72251],[105.517,18.72301],[105.5171,18.72341],[105.51889,18.7307],[105.51925,18.73214],[105.51936,18.73581],[105.51877,18.73683],[105.51803,18.73781],[105.51766,18.73811],[105.51486,18.74143],[105.51419,18.74883],[105.51285,18.75293],[105.51194,18.75624],[105.51374,18.7587],[105.51817,18.76309],[105.5183,18.7632],[105.51902,18.76361],[105.51921,18.76366],[105.52036,18.76396],[105.52027,18.76416],[105.51977,18.7646],[105.51764,18.76554],[105.51629,18.76607],[105.51538,18.76612],[105.50741,18.76555],[105.49755,18.76558],[105.49741,18.76562],[105.49662,18.76613],[105.49567,18.76709],[105.49522,18.76763],[105.49515,18.76797],[105.49517,18.76847],[105.49533,18.76901],[105.49536,18.7694],[105.49541,18.77017],[105.49543,18.7713],[105.49538,18.77165],[105.49314,18.77315],[105.49169,18.77343],[105.49083,18.77349],[105.49015,18.77347],[105.48709,18.77393],[105.48694,18.774],[105.4868,18.77417],[105.48674,18.77431],[105.48669,18.77454],[105.48669,18.77467],[105.48669,18.7747],[105.48669,18.77473],[105.48682,18.77556],[105.48773,18.77957],[105.48943,18.7829],[105.49023,18.784],[105.48731,18.78394],[105.48605,18.78181],[105.48193,18.78009],[105.4795,18.78025],[105.47768,18.78008],[105.47717,18.77992],[105.47832,18.77892],[105.4804,18.77757],[105.48261,18.77623],[105.48049,18.77369],[105.46921,18.77426],[105.46784,18.77452],[105.4668,18.77477],[105.46645,18.7749],[105.45718,18.77896],[105.44972,18.78245],[105.44696,18.7841],[105.44464,18.7862],[105.44279,18.78782],[105.44195,18.78824],[105.43764,18.79017]]]},"properties":{"commune_code":"17935","commune_name":"Xã Nam Đàn","commune_kind":"XA","province_code":"40","province_name":"Tỉnh Nghệ An","area_km2":67.6,"valid_from":"16/6/2025","published":"13/07/2025","area_km2_geom":68.30845029849374,"quality_flag":null,"population":24489.000000000004,"population_wp":22669.712461568415,"anchor_ratio":1.0802519018058034,"pop_source":"WORLDPOP2025_ANCHORED_VNSDI","pop_density_ppkm2":358.50615689549625,"n_stations":1,"n_ports":8,"power_kw_site":240.0,"ports_per_10k_pop":3.2667728367838618,"util_mean_port_weighted":0.06404122193595878,"dist_station_m_pop_weighted":3431.430747199514}},{"type":"Feature","geometry":{"type":"Polygon","coordinates":[[[105.52047,18.76371],[105.52036,18.76396],[105.51921,18.76366],[105.51902,18.76361],[105.5183,18.7632],[105.51817,18.76309],[105.51374,18.7587],[105.51194,18.75624],[105.51285,18.75293],[105.51419,18.74883],[105.51486,18.74143],[105.51766,18.73811],[105.51803,18.73781],[105.51877,18.73683],[105.51936,18.73581],[105.51925,18.73214],[105.51889,18.7307],[105.5171,18.72341],[105.517,18.72301],[105.51686,18.72251],[105.51685,18.7225],[105.51666,18.72199],[105.51665,18.72198],[105.51648,18.72158],[105.51733,18.71994],[105.52076,18.71419],[105.51966,18.71195],[105.51982,18.70848],[105.52024,18.70773],[105.52076,18.70734],[105.52093,18.70725],[105.52131,18.70717],[105.52163,18.70717],[105.52302,18.70766],[105.52733,18.70927],[105.53232,18.70813],[105.53888,18.70761],[105.53946,18.7079],[105.54263,18.70948],[105.54355,18.70858],[105.54364,18.70835],[105.54369,18.70794],[105.54373,18.70728],[105.54273,18.7033],[105.54185,18.70214],[105.5387,18.70059],[105.53714,18.70099],[105.53604,18.70082],[105.53479,18.70004],[105.53453,18.69979],[105.53394,18.69885],[105.53378,18.69859],[105.53375,18.69851],[105.53366,18.69827],[105.53351,18.69765],[105.53343,18.69702],[105.53351,18.69612],[105.53375,18.69553],[105.53418,18.69515],[105.53438,18.69505],[105.53501,18.69485],[105.53795,18.69433],[105.53865,18.69336],[105.53998,18.6913],[105.53967,18.69114],[105.53963,18.69092],[105.53993,18.69086],[105.54082,18.69067],[105.54086,18.69066],[105.54402,18.69003],[105.54498,18.68991],[105.5476,18.68988],[105.55001,18.68985],[105.55015,18.69008],[105.54977,18.69044],[105.549,18.69084],[105.54871,18.69091],[105.54867,18.69124],[105.5505,18.69303],[105.55331,18.69377],[105.56005,18.69169],[105.56579,18.69356],[105.57012,18.69448],[105.57582,18.69687],[105.57705,18.6986],[105.57762,18.70203],[105.57773,18.70317],[105.57748,18.70558],[105.5795,18.70818],[105.58173,18.71007],[105.58227,18.70989],[105.58268,18.70979],[105.58282,18.70979],[105.5842,18.70998],[105.58429,18.71024],[105.58435,18.71048],[105.58461,18.71154],[105.58465,18.71177],[105.58468,18.71191],[105.58474,18.71399],[105.58473,18.71489],[105.58447,18.71663],[105.58251,18.71708],[105.58096,18.72072],[105.57817,18.72391],[105.57654,18.72466],[105.57387,18.7249],[105.57341,18.72494],[105.57192,18.72485],[105.57049,18.72469],[105.56901,18.72452],[105.56838,18.72576],[105.56729,18.72808],[105.56647,18.73194],[105.5663,18.73336],[105.56602,18.73516],[105.56069,18.74264],[105.55917,18.74367],[105.55886,18.74394],[105.55595,18.74654],[105.55461,18.74901],[105.55462,18.74902],[105.55464,18.7491],[105.55473,18.74949],[105.55529,18.75003],[105.55328,18.75289],[105.55206,18.75422],[105.54878,18.75494],[105.54701,18.75469],[105.54267,18.75496],[105.53799,18.75641],[105.53686,18.75702],[105.53506,18.75817],[105.53474,18.75857],[105.53285,18.75911],[105.52938,18.75926],[105.52634,18.75928],[105.52568,18.75929],[105.52466,18.75927],[105.52385,18.75916],[105.52129,18.76041],[105.52047,18.76371]]]},"properties":{"commune_code":"17944","commune_name":"Xã Đại Huệ","commune_kind":"XA","province_code":"40","province_name":"Tỉnh Nghệ An","area_km2":36.11,"valid_from":"16/6/2025","published":"13/07/2025","area_km2_geom":36.506715769465686,"quality_flag":null,"population":24441.0,"population_wp":22891.90646937117,"anchor_ratio":1.0676699222365547,"pop_source":"WORLDPOP2025_ANCHORED_VNSDI","pop_density_ppkm2":669.4932558256177,"n_stations":0,"n_ports":0,"power_kw_site":0.0,"ports_per_10k_pop":0.0,"util_mean_port_weighted":null,"dist_station_m_pop_weighted":6691.710300606998}},{"type":"Feature","geometry":{"type":"Polygon","coordinates":[[[105.47213,18.73652],[105.47199,18.73654],[105.46729,18.73215],[105.46647,18.72957],[105.46618,18.72785],[105.46691,18.72585],[105.46697,18.72578],[105.46819,18.72519],[105.4705,18.72411],[105.4717,18.72167],[105.47072,18.71291],[105.46946,18.7035],[105.46961,18.70333],[105.46969,18.70285],[105.4697,18.70244],[105.46971,18.70132],[105.46968,18.70062],[105.4694,18.69885],[105.46899,18.69818],[105.46797,18.69748],[105.46177,18.69401],[105.46026,18.69327],[105.46022,18.69361],[105.45964,18.69467],[105.4584,18.69561],[105.45687,18.69636],[105.45491,18.69682],[105.45386,18.69694],[105.45272,18.69679],[105.45145,18.69631],[105.45009,18.69567],[105.44781,18.69433],[105.44718,18.69382],[105.44596,18.69285],[105.44449,18.69143],[105.44353,18.69012],[105.44226,18.68801],[105.44107,18.68531],[105.44259,18.68267],[105.44419,18.68078],[105.44429,18.68065],[105.44889,18.67672],[105.45651,18.67073],[105.45909,18.66885],[105.46231,18.66734],[105.46694,18.66774],[105.47283,18.66562],[105.48212,18.6548],[105.48379,18.6534],[105.48717,18.65074],[105.49234,18.64397],[105.49441,18.63797],[105.49534,18.63346],[105.49769,18.63467],[105.49801,18.63475],[105.49851,18.63475],[105.49916,18.63471],[105.49979,18.63462],[105.50029,18.63438],[105.5006,18.63402],[105.50078,18.63371],[105.50098,18.6336],[105.50168,18.63338],[105.50255,18.63355],[105.50516,18.63404],[105.50612,18.6343],[105.50736,18.63472],[105.5109,18.63601],[105.51265,18.63722],[105.51461,18.63858],[105.51536,18.63958],[105.51535,18.63959],[105.51447,18.64013],[105.51376,18.64041],[105.51333,18.64061],[105.51287,18.64098],[105.51171,18.64265],[105.5116,18.64347],[105.51163,18.6436],[105.51268,18.64495],[105.51308,18.64517],[105.5132,18.64524],[105.51446,18.64544],[105.51485,18.64531],[105.5166,18.64167],[105.51892,18.64245],[105.52312,18.6443],[105.52412,18.64504],[105.52423,18.64677],[105.52428,18.64933],[105.52416,18.65107],[105.52397,18.65304],[105.52334,18.65699],[105.52274,18.65957],[105.52223,18.6615],[105.52167,18.66294],[105.52097,18.66415],[105.51927,18.66675],[105.51814,18.66886],[105.51738,18.67047],[105.51388,18.67876],[105.51429,18.68396],[105.51555,18.68439],[105.51845,18.68547],[105.52104,18.68675],[105.5235,18.68885],[105.52576,18.69115],[105.52651,18.69201],[105.5272,18.69278],[105.52744,18.69302],[105.52838,18.69341],[105.53334,18.69414],[105.53501,18.69485],[105.53438,18.69505],[105.53418,18.69515],[105.53375,18.69553],[105.53351,18.69612],[105.53343,18.69702],[105.53351,18.69765],[105.53366,18.69827],[105.53375,18.69851],[105.53378,18.69859],[105.53394,18.69885],[105.53453,18.69979],[105.53479,18.70004],[105.53604,18.70082],[105.53714,18.70099],[105.5387,18.70059],[105.54185,18.70214],[105.54273,18.7033],[105.54373,18.70728],[105.54369,18.70794],[105.54364,18.70835],[105.54355,18.70858],[105.54263,18.70948],[105.53946,18.7079],[105.53888,18.70761],[105.53232,18.70813],[105.52733,18.70927],[105.52302,18.70766],[105.52163,18.70717],[105.52131,18.70717],[105.52093,18.70725],[105.52076,18.70734],[105.52024,18.70773],[105.51982,18.70848],[105.51966,18.71195],[105.52076,18.71419],[105.51733,18.71994],[105.51648,18.72158],[105.51543,18.72179],[105.5135,18.72183],[105.5103,18.72012],[105.50691,18.71814],[105.50602,18.71707],[105.50311,18.71639],[105.50227,18.71629],[105.50186,18.7163],[105.50162,18.71633],[105.49808,18.71702],[105.49508,18.71861],[105.48988,18.72178],[105.48693,18.72582],[105.48616,18.72773],[105.48649,18.73035],[105.48711,18.7324],[105.48762,18.73395],[105.48592,18.73498],[105.48452,18.73547],[105.48188,18.73524],[105.47602,18.73459],[105.47213,18.73652]]]},"properties":{"commune_code":"17950","commune_name":"Xã Vạn An","commune_kind":"XA","province_code":"40","province_name":"Tỉnh Nghệ An","area_km2":56.37,"valid_from":"16/6/2025","published":"13/07/2025","area_km2_geom":56.921684782926945,"quality_flag":null,"population":44830.0,"population_wp":41023.972372852266,"anchor_ratio":1.0927756969158449,"pop_source":"WORLDPOP2025_ANCHORED_VNSDI","pop_density_ppkm2":787.5733153535589,"n_stations":2,"n_ports":17,"power_kw_site":730.0,"ports_per_10k_pop":3.7921035021191165,"util_mean_port_weighted":0.15175616093201477,"dist_station_m_pop_weighted":3241.1222533451123}},{"type":"Feature","geometry":{"type":"Polygon","coordinates":[[[105.58519,18.71662],[105.58447,18.71663],[105.58473,18.71489],[105.58474,18.71399],[105.58468,18.71191],[105.58465,18.71177],[105.58461,18.71154],[105.58435,18.71048],[105.58429,18.71024],[105.5842,18.70998],[105.58282,18.70979],[105.58268,18.70979],[105.58227,18.70989],[105.58173,18.71007],[105.5795,18.70818],[105.57748,18.70558],[105.57773,18.70317],[105.57762,18.70203],[105.57705,18.6986],[105.57582,18.69687],[105.57012,18.69448],[105.56579,18.69356],[105.56005,18.69169],[105.55331,18.69377],[105.5505,18.69303],[105.54867,18.69124],[105.54871,18.69091],[105.549,18.69084],[105.54977,18.69044],[105.55015,18.69008],[105.55001,18.68985],[105.5476,18.68988],[105.54498,18.68991],[105.54402,18.69003],[105.54086,18.69066],[105.54082,18.69067],[105.53993,18.69086],[105.53963,18.69092],[105.53967,18.69114],[105.53998,18.6913],[105.53865,18.69336],[105.53795,18.69433],[105.53501,18.69485],[105.53334,18.69414],[105.52838,18.69341],[105.52744,18.69302],[105.5272,18.69278],[105.52651,18.69201],[105.52576,18.69115],[105.5235,18.68885],[105.52104,18.68675],[105.51845,18.68547],[105.51555,18.68439],[105.51429,18.68396],[105.51388,18.67876],[105.51738,18.67047],[105.51814,18.66886],[105.51927,18.66675],[105.52097,18.66415],[105.52167,18.66294],[105.52223,18.6615],[105.52274,18.65957],[105.52334,18.65699],[105.52397,18.65304],[105.52416,18.65107],[105.52428,18.64933],[105.52423,18.64677],[105.52412,18.64504],[105.5241,18.64472],[105.52384,18.64264],[105.52312,18.63979],[105.52276,18.63767],[105.52261,18.63663],[105.52255,18.63572],[105.52275,18.63484],[105.52572,18.62848],[105.52672,18.62691],[105.52762,18.62591],[105.52856,18.62531],[105.5298,18.62472],[105.53156,18.62408],[105.53399,18.62348],[105.53556,18.62336],[105.53652,18.62363],[105.54367,18.6263],[105.54749,18.62803],[105.5505,18.62946],[105.55211,18.63001],[105.55368,18.63033],[105.55516,18.63042],[105.55635,18.63038],[105.55727,18.63011],[105.55985,18.62878],[105.55735,18.63026],[105.55813,18.63136],[105.56201,18.63586],[105.56628,18.64271],[105.5667,18.64465],[105.56681,18.64643],[105.56704,18.64797],[105.56862,18.64948],[105.56951,18.65014],[105.57108,18.65066],[105.57397,18.65235],[105.57601,18.65373],[105.57747,18.65523],[105.57777,18.65597],[105.57916,18.65625],[105.57932,18.65628],[105.58041,18.65649],[105.58059,18.65649],[105.58066,18.65647],[105.57888,18.65509],[105.57883,18.6523],[105.57907,18.64682],[105.58129,18.63905],[105.58364,18.63444],[105.58513,18.63279],[105.58585,18.63284],[105.58604,18.63339],[105.58598,18.63432],[105.58619,18.63432],[105.5884,18.63429],[105.58879,18.63421],[105.59217,18.63074],[105.59342,18.6294],[105.59422,18.62912],[105.5984,18.62846],[105.59896,18.62844],[105.60001,18.62864],[105.60113,18.62886],[105.60208,18.62916],[105.60612,18.63049],[105.60673,18.63076],[105.60805,18.63405],[105.60832,18.63496],[105.6088,18.63848],[105.60881,18.63853],[105.60825,18.64013],[105.60737,18.64097],[105.60607,18.64127],[105.60175,18.64298],[105.60114,18.64427],[105.60156,18.64686],[105.60274,18.65067],[105.60355,18.65248],[105.6103,18.65307],[105.61062,18.65295],[105.61107,18.65439],[105.61091,18.65529],[105.60989,18.65677],[105.60877,18.65772],[105.60791,18.65814],[105.6069,18.65827],[105.60529,18.65825],[105.60369,18.65752],[105.60119,18.65605],[105.59511,18.65485],[105.585,18.65805],[105.58459,18.6582],[105.58461,18.65886],[105.5861,18.66192],[105.59078,18.67049],[105.59261,18.67354],[105.59608,18.67374],[105.60078,18.67412],[105.60571,18.67575],[105.6058,18.67594],[105.60783,18.68022],[105.60672,18.68373],[105.60541,18.68946],[105.60488,18.69278],[105.60486,18.69951],[105.60363,18.70934],[105.60298,18.71174],[105.60021,18.71496],[105.59935,18.71501],[105.59713,18.71462],[105.59467,18.71356],[105.5896,18.71579],[105.58519,18.71662]]]},"properties":{"commune_code":"17971","commune_name":"Xã Kim Liên","commune_kind":"XA","province_code":"40","province_name":"Tỉnh Nghệ An","area_km2":61.08,"valid_from":"16/6/2025","published":"13/07/2025","area_km2_geom":61.84994577192606,"quality_flag":null,"population":55471.0,"population_wp":52784.82555253431,"anchor_ratio":1.0508891413270327,"pop_source":"WORLDPOP2025_ANCHORED_VNSDI","pop_density_ppkm2":896.8641654844993,"n_stations":2,"n_ports":10,"power_kw_site":310.5,"ports_per_10k_pop":1.8027437760271132,"util_mean_port_weighted":0.08667665568344471,"dist_station_m_pop_weighted":5312.925903432259}},{"type":"Feature","geometry":{"type":"Polygon","coordinates":[[[105.51485,18.64531],[105.51446,18.64544],[105.5132,18.64524],[105.51308,18.64517],[105.51268,18.64495],[105.51163,18.6436],[105.5116,18.64347],[105.51171,18.64265],[105.51287,18.64098],[105.51333,18.64061],[105.51376,18.64041],[105.51447,18.64013],[105.51535,18.63959],[105.51536,18.63958],[105.51461,18.63858],[105.51265,18.63722],[105.5109,18.63601],[105.50736,18.63472],[105.50612,18.6343],[105.50516,18.63404],[105.50255,18.63355],[105.50168,18.63338],[105.50098,18.6336],[105.50078,18.63371],[105.5006,18.63402],[105.50029,18.63438],[105.49979,18.63462],[105.49916,18.63471],[105.49851,18.63475],[105.49801,18.63475],[105.49769,18.63467],[105.49534,18.63346],[105.49542,18.63317],[105.49597,18.6311],[105.49636,18.629],[105.49669,18.62697],[105.49642,18.62553],[105.49589,18.62421],[105.49563,18.62299],[105.49599,18.62199],[105.49697,18.61961],[105.49922,18.6156],[105.50192,18.61084],[105.5029,18.6108],[105.50451,18.61024],[105.51121,18.60263],[105.51346,18.59949],[105.51385,18.5985],[105.5146,18.59663],[105.51555,18.59299],[105.51743,18.58784],[105.52082,18.58203],[105.52398,18.57813],[105.52409,18.57795],[105.52816,18.57099],[105.52988,18.56768],[105.53262,18.5626],[105.53513,18.55959],[105.53579,18.5588],[105.53915,18.55558],[105.54178,18.55379],[105.54461,18.55257],[105.5451,18.55259],[105.54667,18.55267],[105.54732,18.5527],[105.55032,18.55417],[105.55211,18.55592],[105.5541,18.55728],[105.55609,18.55827],[105.55614,18.55829],[105.56463,18.56037],[105.56835,18.56022],[105.57227,18.55978],[105.57416,18.55909],[105.5748,18.55885],[105.58023,18.55853],[105.58314,18.55895],[105.58484,18.56002],[105.58652,18.56234],[105.58975,18.56995],[105.59254,18.57241],[105.5962,18.57486],[105.60055,18.57637],[105.60618,18.57674],[105.61504,18.57726],[105.61538,18.57728],[105.61733,18.57889],[105.61773,18.58537],[105.61773,18.58709],[105.61716,18.5896],[105.61569,18.59404],[105.61536,18.59481],[105.61515,18.5953],[105.61477,18.59565],[105.61457,18.5957],[105.61407,18.59582],[105.61215,18.59589],[105.6099,18.59566],[105.60733,18.5954],[105.60557,18.59556],[105.60432,18.59627],[105.60349,18.59756],[105.60339,18.59811],[105.60363,18.5994],[105.60394,18.60048],[105.60394,18.60196],[105.60353,18.60425],[105.60327,18.60471],[105.60285,18.60544],[105.60251,18.60596],[105.60167,18.60723],[105.59991,18.60863],[105.59928,18.609],[105.59899,18.60917],[105.59779,18.60944],[105.59552,18.60966],[105.59344,18.60984],[105.59133,18.61003],[105.58879,18.61035],[105.58758,18.6105],[105.58443,18.6112],[105.58127,18.61211],[105.57766,18.61327],[105.57642,18.61394],[105.57538,18.61465],[105.57396,18.61594],[105.5727,18.61728],[105.57028,18.62012],[105.5684,18.62237],[105.56608,18.62457],[105.56312,18.62676],[105.55985,18.62878],[105.55727,18.63011],[105.55635,18.63038],[105.55516,18.63042],[105.55368,18.63033],[105.55211,18.63001],[105.5505,18.62946],[105.54749,18.62803],[105.54367,18.6263],[105.53652,18.62363],[105.53556,18.62336],[105.53399,18.62348],[105.53156,18.62408],[105.5298,18.62472],[105.52856,18.62531],[105.52762,18.62591],[105.52672,18.62691],[105.52572,18.62848],[105.52275,18.63484],[105.52255,18.63572],[105.52261,18.63663],[105.52276,18.63767],[105.52312,18.63979],[105.52384,18.64264],[105.5241,18.64472],[105.52412,18.64504],[105.52312,18.6443],[105.51892,18.64245],[105.5166,18.64167],[105.51485,18.64531]]]},"properties":{"commune_code":"17989","commune_name":"Xã Thiên Nhẫn","commune_kind":"XA","province_code":"40","province_name":"Tỉnh Nghệ An","area_km2":70.81,"valid_from":"16/6/2025","published":"13/07/2025","area_km2_geom":68.63055465727064,"quality_flag":null,"population":40885.0,"population_wp":33388.626472832635,"anchor_ratio":1.2245187753760085,"pop_source":"WORLDPOP2025_ANCHORED_VNSDI","pop_density_ppkm2":595.7259154347909,"n_stations":0,"n_ports":0,"power_kw_site":0.0,"ports_per_10k_pop":0.0,"util_mean_port_weighted":null,"dist_station_m_pop_weighted":5403.426368714078}},{"type":"Feature","geometry":{"type":"Polygon","coordinates":[[[105.61443,18.74457],[105.61247,18.74752],[105.61275,18.7415],[105.61188,18.73647],[105.60835,18.73414],[105.60723,18.73039],[105.60195,18.72347],[105.6015,18.72285],[105.60136,18.72261],[105.60131,18.72244],[105.60127,18.72225],[105.60125,18.72172],[105.601,18.71613],[105.60095,18.71588],[105.6008,18.71568],[105.60021,18.71496],[105.60298,18.71174],[105.60363,18.70934],[105.60486,18.69951],[105.60488,18.69278],[105.60541,18.68946],[105.60672,18.68373],[105.60783,18.68022],[105.6058,18.67594],[105.60571,18.67575],[105.60078,18.67412],[105.59608,18.67374],[105.59261,18.67354],[105.59078,18.67049],[105.5861,18.66192],[105.58461,18.65886],[105.58459,18.6582],[105.585,18.65805],[105.59511,18.65485],[105.60119,18.65605],[105.60369,18.65752],[105.60529,18.65825],[105.6069,18.65827],[105.60791,18.65814],[105.60877,18.65772],[105.60989,18.65677],[105.61091,18.65529],[105.61107,18.65439],[105.61062,18.65295],[105.6102,18.65145],[105.61022,18.65138],[105.61063,18.6492],[105.61129,18.6484],[105.61236,18.64802],[105.61356,18.64794],[105.61918,18.6491],[105.62099,18.64946],[105.62205,18.64933],[105.62402,18.64834],[105.62857,18.64638],[105.63472,18.64525],[105.63825,18.64509],[105.63909,18.64437],[105.64186,18.64152],[105.64207,18.64104],[105.64203,18.64063],[105.64149,18.64015],[105.64046,18.63929],[105.64248,18.63973],[105.6454,18.63768],[105.64492,18.63618],[105.64582,18.63133],[105.64672,18.62892],[105.64713,18.62834],[105.64938,18.626],[105.65005,18.62617],[105.6516,18.62773],[105.6616,18.63078],[105.66863,18.63414],[105.66965,18.63469],[105.67135,18.63529],[105.6724,18.6353],[105.67366,18.63507],[105.67563,18.63466],[105.67745,18.63382],[105.67806,18.63325],[105.67811,18.6332],[105.67894,18.6313],[105.67905,18.63125],[105.67962,18.63103],[105.67965,18.63103],[105.68019,18.63102],[105.68075,18.63118],[105.68189,18.63173],[105.68304,18.63256],[105.68308,18.63259],[105.68337,18.633],[105.68436,18.63517],[105.68518,18.63632],[105.68551,18.63679],[105.68763,18.63889],[105.68842,18.63951],[105.68907,18.63991],[105.68969,18.64023],[105.69074,18.6405],[105.69282,18.64083],[105.69299,18.64086],[105.69515,18.64257],[105.69194,18.64514],[105.69137,18.64555],[105.69089,18.64588],[105.69066,18.64602],[105.69049,18.64575],[105.6903,18.64545],[105.6902,18.64527],[105.6901,18.64505],[105.6897,18.64327],[105.68918,18.64182],[105.68914,18.64176],[105.68865,18.64094],[105.68805,18.64023],[105.68715,18.63982],[105.68711,18.63981],[105.68571,18.63958],[105.68485,18.63964],[105.68402,18.6398],[105.68373,18.63997],[105.68316,18.64104],[105.68302,18.64173],[105.68288,18.644],[105.67282,18.64585],[105.66374,18.648],[105.66085,18.6488],[105.66047,18.64982],[105.66015,18.65081],[105.65972,18.65211],[105.65784,18.65414],[105.65559,18.65439],[105.65233,18.6544],[105.64919,18.65525],[105.64737,18.65625],[105.64619,18.65767],[105.64055,18.66447],[105.6401,18.66528],[105.63986,18.66646],[105.63966,18.66772],[105.63807,18.67978],[105.64002,18.68445],[105.64525,18.68646],[105.64402,18.68874],[105.64295,18.69265],[105.642,18.69522],[105.6366,18.70886],[105.633,18.71725],[105.63218,18.71856],[105.6315,18.71936],[105.62876,18.72106],[105.62836,18.72141],[105.62793,18.72221],[105.62689,18.72549],[105.62544,18.72976],[105.62468,18.73175],[105.62404,18.73286],[105.62334,18.73377],[105.62197,18.73534],[105.61935,18.73738],[105.6174,18.73914],[105.61605,18.74097],[105.61443,18.74457]]]},"properties":{"commune_code":"18001","commune_name":"Xã Hưng Nguyên","commune_kind":"XA","province_code":"40","province_name":"Tỉnh Nghệ An","area_km2":46.14,"valid_from":"16/6/2025","published":"13/07/2025","area_km2_geom":46.33507208828588,"quality_flag":null,"population":53144.0,"population_wp":44226.48400470056,"anchor_ratio":1.201632939990248,"pop_source":"WORLDPOP2025_ANCHORED_VNSDI","pop_density_ppkm2":1146.9497640737568,"n_stations":2,"n_ports":8,"power_kw_site":287.0,"ports_per_10k_pop":1.5053439710973957,"util_mean_port_weighted":0.20193357167059295,"dist_station_m_pop_weighted":2628.910763679879}},{"type":"Feature","geometry":{"type":"Polygon","coordinates":[[[105.59209,18.80355],[105.59132,18.80365],[105.5909,18.80361],[105.58983,18.80313],[105.58944,18.8029],[105.58895,18.80261],[105.58894,18.80258],[105.58846,18.80182],[105.58828,18.80143],[105.58797,18.80039],[105.58789,18.79979],[105.5879,18.79918],[105.5882,18.79856],[105.58871,18.79812],[105.58939,18.79788],[105.58961,18.79766],[105.58973,18.79723],[105.5897,18.79689],[105.58941,18.79657],[105.58667,18.79478],[105.5853,18.79399],[105.58479,18.79152],[105.58425,18.78985],[105.58417,18.78964],[105.58394,18.78902],[105.58365,18.78869],[105.58318,18.78847],[105.58149,18.78323],[105.58177,18.78042],[105.58018,18.77472],[105.57816,18.77414],[105.57545,18.77077],[105.57626,18.76849],[105.57598,18.76552],[105.57303,18.76324],[105.57167,18.76221],[105.56684,18.7586],[105.56061,18.75568],[105.55645,18.75412],[105.55526,18.75387],[105.55386,18.75401],[105.55344,18.75406],[105.55224,18.75419],[105.55206,18.75422],[105.55328,18.75289],[105.55529,18.75003],[105.55473,18.74949],[105.55464,18.7491],[105.55462,18.74902],[105.55461,18.74901],[105.55595,18.74654],[105.55886,18.74394],[105.55917,18.74367],[105.56069,18.74264],[105.56602,18.73516],[105.5663,18.73336],[105.56647,18.73194],[105.56729,18.72808],[105.56838,18.72576],[105.56901,18.72452],[105.57049,18.72469],[105.57192,18.72485],[105.57341,18.72494],[105.57387,18.7249],[105.57654,18.72466],[105.57817,18.72391],[105.58096,18.72072],[105.58251,18.71708],[105.58447,18.71663],[105.58519,18.71662],[105.5896,18.71579],[105.59467,18.71356],[105.59713,18.71462],[105.59935,18.71501],[105.60021,18.71496],[105.6008,18.71568],[105.60095,18.71588],[105.601,18.71613],[105.60125,18.72172],[105.60127,18.72225],[105.60131,18.72244],[105.60136,18.72261],[105.6015,18.72285],[105.60195,18.72347],[105.60723,18.73039],[105.60835,18.73414],[105.61188,18.73647],[105.61275,18.7415],[105.61247,18.74752],[105.61263,18.74887],[105.61363,18.75101],[105.61529,18.75367],[105.61628,18.75499],[105.6155,18.76047],[105.61385,18.76251],[105.61153,18.76616],[105.61127,18.76657],[105.61059,18.76817],[105.61058,18.76899],[105.61056,18.77024],[105.61078,18.7722],[105.61189,18.77538],[105.61283,18.78026],[105.61388,18.78736],[105.61427,18.79151],[105.61478,18.79462],[105.61472,18.79463],[105.61286,18.79502],[105.61169,18.79555],[105.61101,18.79672],[105.61071,18.7981],[105.61067,18.79934],[105.61071,18.8006],[105.6064,18.80145],[105.60084,18.80138],[105.59942,18.80132],[105.59841,18.80097],[105.59803,18.80058],[105.59761,18.80015],[105.59712,18.79926],[105.59703,18.79862],[105.59716,18.79816],[105.59745,18.79764],[105.59823,18.79687],[105.59906,18.79624],[105.5998,18.79595],[105.60039,18.79579],[105.6008,18.79558],[105.60093,18.79551],[105.60138,18.79514],[105.60162,18.79469],[105.60165,18.79424],[105.60138,18.79377],[105.60058,18.79313],[105.59837,18.79227],[105.59743,18.79205],[105.59728,18.79207],[105.59659,18.79218],[105.59626,18.79236],[105.59238,18.79547],[105.5917,18.79637],[105.591,18.79747],[105.59073,18.79802],[105.59063,18.79858],[105.59066,18.79907],[105.59082,18.79958],[105.5912,18.80004],[105.5917,18.80031],[105.59226,18.8006],[105.59272,18.80107],[105.59286,18.80128],[105.59311,18.80166],[105.59335,18.80222],[105.59339,18.80267],[105.59328,18.80303],[105.59298,18.80329],[105.59209,18.80355]]]},"properties":{"commune_code":"18007","commune_name":"Xã Yên Trung","commune_kind":"XA","province_code":"40","province_name":"Tỉnh Nghệ An","area_km2":37.74,"valid_from":"16/6/2025","published":"13/07/2025","area_km2_geom":37.2715783552521,"quality_flag":null,"population":26239.0,"population_wp":23981.905160773546,"anchor_ratio":1.094116577648648,"pop_source":"WORLDPOP2025_ANCHORED_VNSDI","pop_density_ppkm2":703.994871102703,"n_stations":0,"n_ports":0,"power_kw_site":0.0,"ports_per_10k_pop":0.0,"util_mean_port_weighted":null,"dist_station_m_pop_weighted":8518.605460017408}},{"type":"Feature","geometry":{"type":"Polygon","coordinates":[[[105.58066,18.65647],[105.58059,18.65649],[105.58041,18.65649],[105.57932,18.65628],[105.57916,18.65625],[105.57777,18.65597],[105.57747,18.65523],[105.57601,18.65373],[105.57397,18.65235],[105.57108,18.65066],[105.56951,18.65014],[105.56862,18.64948],[105.56704,18.64797],[105.56681,18.64643],[105.5667,18.64465],[105.56628,18.64271],[105.56201,18.63586],[105.55813,18.63136],[105.55735,18.63026],[105.55985,18.62878],[105.56312,18.62676],[105.56608,18.62457],[105.5684,18.62237],[105.57028,18.62012],[105.5727,18.61728],[105.57396,18.61594],[105.57538,18.61465],[105.57642,18.61394],[105.57766,18.61327],[105.58127,18.61211],[105.58443,18.6112],[105.58758,18.6105],[105.58879,18.61035],[105.59133,18.61003],[105.59344,18.60984],[105.59552,18.60966],[105.59779,18.60944],[105.59899,18.60917],[105.59928,18.609],[105.59991,18.60863],[105.60167,18.60723],[105.60251,18.60596],[105.60285,18.60544],[105.60327,18.60471],[105.60353,18.60425],[105.60394,18.60196],[105.60394,18.60048],[105.60363,18.5994],[105.60339,18.59811],[105.60349,18.59756],[105.60432,18.59627],[105.60557,18.59556],[105.60733,18.5954],[105.6099,18.59566],[105.61215,18.59589],[105.61407,18.59582],[105.61457,18.5957],[105.61477,18.59565],[105.61515,18.5953],[105.61536,18.59481],[105.61569,18.59404],[105.61716,18.5896],[105.61773,18.58709],[105.61773,18.58537],[105.61733,18.57889],[105.61726,18.57747],[105.61721,18.57521],[105.61803,18.57302],[105.6195,18.57117],[105.62023,18.57051],[105.62137,18.56948],[105.62197,18.56921],[105.62364,18.56845],[105.62574,18.56811],[105.62733,18.56843],[105.62932,18.56924],[105.63145,18.57058],[105.63205,18.57097],[105.63795,18.57346],[105.63765,18.57921],[105.63763,18.57941],[105.63763,18.57959],[105.63665,18.58027],[105.63642,18.58031],[105.63601,18.58034],[105.63618,18.58558],[105.63793,18.59284],[105.63799,18.59294],[105.6413,18.59838],[105.63581,18.60264],[105.62977,18.60554],[105.62457,18.60706],[105.62359,18.60853],[105.62222,18.61186],[105.62126,18.61668],[105.62283,18.61794],[105.6244,18.61893],[105.62853,18.62579],[105.63048,18.62737],[105.63526,18.63164],[105.63589,18.63265],[105.63748,18.63516],[105.64016,18.63935],[105.64023,18.63934],[105.64046,18.63929],[105.64149,18.64015],[105.64203,18.64063],[105.64207,18.64104],[105.64186,18.64152],[105.63909,18.64437],[105.63825,18.64509],[105.63472,18.64525],[105.62857,18.64638],[105.62402,18.64834],[105.62205,18.64933],[105.62099,18.64946],[105.61918,18.6491],[105.61356,18.64794],[105.61236,18.64802],[105.61129,18.6484],[105.61063,18.6492],[105.61022,18.65138],[105.6102,18.65145],[105.61062,18.65295],[105.6103,18.65307],[105.60355,18.65248],[105.60274,18.65067],[105.60156,18.64686],[105.60114,18.64427],[105.60175,18.64298],[105.60607,18.64127],[105.60737,18.64097],[105.60825,18.64013],[105.60881,18.63853],[105.6088,18.63848],[105.60832,18.63496],[105.60805,18.63405],[105.60673,18.63076],[105.60612,18.63049],[105.60208,18.62916],[105.60113,18.62886],[105.60001,18.62864],[105.59896,18.62844],[105.5984,18.62846],[105.59422,18.62912],[105.59342,18.6294],[105.59217,18.63074],[105.58879,18.63421],[105.5884,18.63429],[105.58619,18.63432],[105.58598,18.63432],[105.58604,18.63339],[105.58585,18.63284],[105.58513,18.63279],[105.58364,18.63444],[105.58129,18.63905],[105.57907,18.64682],[105.57883,18.6523],[105.57888,18.65509],[105.58066,18.65647]]]},"properties":{"commune_code":"18028","commune_name":"Xã Hưng Nguyên Nam","commune_kind":"XA","province_code":"40","province_name":"Tỉnh Nghệ An","area_km2":35.77,"valid_from":"16/6/2025","published":"13/07/2025","area_km2_geom":35.53551826572831,"quality_flag":null,"population":36632.0,"population_wp":32534.430969720706,"anchor_ratio":1.1259456184770171,"pop_source":"WORLDPOP2025_ANCHORED_VNSDI","pop_density_ppkm2":1030.8559376022715,"n_stations":1,"n_ports":2,"power_kw_site":23.5,"ports_per_10k_pop":0.5459707359685521,"util_mean_port_weighted":0.026765850945494996,"dist_station_m_pop_weighted":3603.3846592123787}},{"type":"Feature","geometry":{"type":"Polygon","coordinates":[[[105.68366,18.65305],[105.68321,18.6533],[105.68094,18.65208],[105.68006,18.65125],[105.67998,18.65068],[105.6802,18.65018],[105.68288,18.644],[105.68302,18.64173],[105.68316,18.64104],[105.68373,18.63997],[105.68402,18.6398],[105.68485,18.63964],[105.68571,18.63958],[105.68711,18.63981],[105.68715,18.63982],[105.68805,18.64023],[105.68865,18.64094],[105.68914,18.64176],[105.68918,18.64182],[105.6897,18.64327],[105.6901,18.64505],[105.6902,18.64527],[105.6903,18.64545],[105.69049,18.64575],[105.69066,18.64602],[105.69089,18.64588],[105.69137,18.64555],[105.69194,18.64514],[105.69515,18.64257],[105.69299,18.64086],[105.69282,18.64083],[105.69074,18.6405],[105.68969,18.64023],[105.68907,18.63991],[105.68842,18.63951],[105.68763,18.63889],[105.68551,18.63679],[105.68518,18.63632],[105.68436,18.63517],[105.68337,18.633],[105.68308,18.63259],[105.68304,18.63256],[105.68189,18.63173],[105.68075,18.63118],[105.68019,18.63102],[105.67965,18.63103],[105.67962,18.63103],[105.67905,18.63125],[105.67894,18.6313],[105.67811,18.6332],[105.67806,18.63325],[105.67745,18.63382],[105.67563,18.63466],[105.67366,18.63507],[105.6724,18.6353],[105.67135,18.63529],[105.66965,18.63469],[105.66863,18.63414],[105.6616,18.63078],[105.6516,18.62773],[105.65005,18.62617],[105.64938,18.626],[105.64713,18.62834],[105.64672,18.62892],[105.64582,18.63133],[105.64492,18.63618],[105.6454,18.63768],[105.64248,18.63973],[105.64046,18.63929],[105.64023,18.63934],[105.64016,18.63935],[105.63748,18.63516],[105.63589,18.63265],[105.63526,18.63164],[105.63048,18.62737],[105.62853,18.62579],[105.6244,18.61893],[105.62283,18.61794],[105.62126,18.61668],[105.62222,18.61186],[105.62359,18.60853],[105.62457,18.60706],[105.62977,18.60554],[105.63581,18.60264],[105.6413,18.59838],[105.63799,18.59294],[105.63793,18.59284],[105.63618,18.58558],[105.63601,18.58034],[105.63642,18.58031],[105.63665,18.58027],[105.63763,18.57959],[105.63763,18.57941],[105.63765,18.57921],[105.63795,18.57346],[105.64362,18.57587],[105.6562,18.58086],[105.66398,18.58378],[105.66597,18.58431],[105.66755,18.58444],[105.66831,18.58437],[105.66943,18.58426],[105.67131,18.58361],[105.67363,18.58228],[105.67409,18.58202],[105.67439,18.58164],[105.67525,18.58054],[105.67615,18.57946],[105.67727,18.57885],[105.67825,18.57892],[105.67995,18.57934],[105.68142,18.58013],[105.68315,18.58199],[105.68706,18.58947],[105.68842,18.59315],[105.6887,18.5939],[105.68949,18.59606],[105.68966,18.60025],[105.68941,18.60384],[105.6893,18.60542],[105.68955,18.61314],[105.68973,18.61919],[105.69082,18.62765],[105.69249,18.63123],[105.69385,18.63252],[105.69687,18.6338],[105.70063,18.63436],[105.70324,18.63507],[105.70425,18.63535],[105.70531,18.63664],[105.70631,18.63889],[105.70652,18.63936],[105.70687,18.64076],[105.70517,18.64022],[105.70489,18.64015],[105.6968,18.64284],[105.69294,18.64462],[105.687,18.65001],[105.68366,18.65305]]]},"properties":{"commune_code":"18040","commune_name":"Xã Lam Thành","commune_kind":"XA","province_code":"40","province_name":"Tỉnh Nghệ An","area_km2":39.67,"valid_from":"16/6/2025","published":"13/07/2025","area_km2_geom":37.92380586663462,"quality_flag":null,"population":31247.0,"population_wp":27553.16418029368,"anchor_ratio":1.1340621278752512,"pop_source":"WORLDPOP2025_ANCHORED_VNSDI","pop_density_ppkm2":823.9415661467438,"n_stations":3,"n_ports":37,"power_kw_site":608.5,"ports_per_10k_pop":11.841136749127916,"util_mean_port_weighted":0.023674771900884902,"dist_station_m_pop_weighted":2484.054582095011}}]}