{"type":"FeatureCollection","features":[{"type":"Feature","geometry":{"type":"Polygon","coordinates":[[[106.20074,21.3128],[106.19362,21.31287],[106.195,21.31149],[106.1951,21.31139],[106.19604,21.30888],[106.19631,21.3074],[106.19648,21.30647],[106.19669,21.30471],[106.1966,21.3034],[106.19657,21.30299],[106.19602,21.30124],[106.19458,21.29906],[106.19346,21.29796],[106.19243,21.29775],[106.18746,21.29543],[106.18396,21.28596],[106.18378,21.28468],[106.18372,21.28292],[106.18382,21.2824],[106.18405,21.28117],[106.18467,21.27898],[106.18602,21.2753],[106.18658,21.27425],[106.18658,21.27425],[106.18713,21.2733],[106.18884,21.27035],[106.19026,21.26826],[106.19085,21.2674],[106.19187,21.26628],[106.19282,21.26573],[106.19428,21.26572],[106.19642,21.26603],[106.19789,21.26656],[106.19838,21.26673],[106.19937,21.26676],[106.20029,21.26654],[106.20135,21.26564],[106.20207,21.26411],[106.20392,21.26551],[106.20424,21.26575],[106.20605,21.26709],[106.20673,21.26759],[106.20915,21.26757],[106.21225,21.26651],[106.22029,21.2637],[106.22244,21.26724],[106.2276,21.26924],[106.24041,21.27693],[106.24393,21.27864],[106.24872,21.27891],[106.25045,21.27827],[106.25186,21.27776],[106.25449,21.27983],[106.25483,21.28027],[106.25684,21.28458],[106.25705,21.28511],[106.25703,21.28558],[106.2569,21.28631],[106.25637,21.28699],[106.2532,21.28952],[106.24901,21.29205],[106.24646,21.29588],[106.24646,21.29589],[106.24657,21.29667],[106.24186,21.29896],[106.24022,21.29765],[106.23807,21.29529],[106.23056,21.29551],[106.22806,21.29599],[106.22607,21.29709],[106.22406,21.30137],[106.22251,21.30017],[106.21654,21.30127],[106.2131,21.30055],[106.21093,21.29992],[106.20825,21.30188],[106.20381,21.30512],[106.20324,21.30553],[106.20295,21.30592],[106.20274,21.30644],[106.20269,21.30686],[106.20278,21.30762],[106.20279,21.30768],[106.20292,21.30861],[106.20303,21.30943],[106.20301,21.31009],[106.20298,21.31042],[106.20292,21.31075],[106.20275,21.31097],[106.20242,21.31142],[106.20074,21.3128]]]},"properties":{"commune_code":"07210","commune_name":"Phường Bắc Giang","commune_kind":"PHUONG","province_code":"24","province_name":"Tỉnh Bắc Ninh","area_km2":23.23,"valid_from":"16/6/2025","published":"13/07/2025","area_km2_geom":23.031243895008036,"quality_flag":null,"population":122838.0,"population_wp":134304.7181874998,"anchor_ratio":0.9146216280243308,"pop_source":"WORLDPOP2025_ANCHORED_VNSDI","pop_density_ppkm2":5333.5373703643,"n_stations":14,"n_ports":136,"power_kw_site":3660.5,"ports_per_10k_pop":11.071492534883342,"util_mean_port_weighted":0.13387973730911817,"dist_station_m_pop_weighted":896.3589955127243}},{"type":"Feature","geometry":{"type":"Polygon","coordinates":[[[106.18158,21.33877],[106.17411,21.3421],[106.17249,21.34192],[106.17138,21.34122],[106.17095,21.34089],[106.17084,21.34069],[106.17081,21.34039],[106.17102,21.34016],[106.17118,21.34011],[106.17123,21.3401],[106.17128,21.33817],[106.16845,21.33721],[106.16402,21.33683],[106.16286,21.33736],[106.15804,21.33808],[106.15116,21.33751],[106.14991,21.33634],[106.14646,21.33213],[106.14605,21.33064],[106.14636,21.33042],[106.1467,21.33017],[106.14695,21.32999],[106.14704,21.3283],[106.14704,21.32761],[106.14689,21.32705],[106.14663,21.32658],[106.14563,21.32539],[106.14731,21.32411],[106.15173,21.32074],[106.15162,21.31224],[106.15022,21.31105],[106.14944,21.30982],[106.14864,21.30812],[106.1486,21.3076],[106.14861,21.30709],[106.14871,21.30684],[106.14939,21.30626],[106.15014,21.30606],[106.15462,21.30459],[106.16086,21.29886],[106.16279,21.29658],[106.16179,21.29543],[106.16119,21.2956],[106.1607,21.29557],[106.16029,21.29538],[106.15979,21.29477],[106.15903,21.29133],[106.15889,21.2878],[106.1549,21.28653],[106.14793,21.28346],[106.1453,21.28199],[106.14504,21.28174],[106.1448,21.28123],[106.1448,21.28101],[106.14575,21.27966],[106.14632,21.27912],[106.14676,21.27887],[106.14691,21.27884],[106.14723,21.27879],[106.1477,21.27877],[106.14764,21.2754],[106.1464,21.2754],[106.14481,21.27539],[106.14463,21.27539],[106.14157,21.27848],[106.14067,21.27947],[106.14057,21.27397],[106.14121,21.27094],[106.14163,21.27034],[106.14409,21.27113],[106.14683,21.26973],[106.14886,21.2684],[106.14867,21.26714],[106.14887,21.26609],[106.14973,21.26474],[106.15058,21.26395],[106.1514,21.26356],[106.1527,21.26348],[106.15633,21.26359],[106.15834,21.26355],[106.15856,21.26327],[106.15894,21.26273],[106.16162,21.25843],[106.16196,21.25786],[106.16207,21.25795],[106.1624,21.25814],[106.16506,21.25926],[106.16652,21.25915],[106.16664,21.25914],[106.16944,21.25847],[106.17276,21.25661],[106.18212,21.26346],[106.18781,21.2671],[106.19021,21.26828],[106.19026,21.26826],[106.18884,21.27035],[106.18713,21.2733],[106.18658,21.27425],[106.18658,21.27425],[106.18602,21.2753],[106.18467,21.27898],[106.18405,21.28117],[106.18382,21.2824],[106.18372,21.28292],[106.18378,21.28468],[106.18396,21.28596],[106.18746,21.29543],[106.19243,21.29775],[106.19346,21.29796],[106.19458,21.29906],[106.19602,21.30124],[106.19657,21.30299],[106.1966,21.3034],[106.19669,21.30471],[106.19648,21.30647],[106.19631,21.3074],[106.19604,21.30888],[106.1951,21.31139],[106.195,21.31149],[106.19362,21.31287],[106.19191,21.31396],[106.19016,21.31509],[106.18308,21.32023],[106.18202,21.32113],[106.18108,21.32275],[106.18082,21.32444],[106.18118,21.32569],[106.18207,21.32712],[106.18207,21.32712],[106.18422,21.32861],[106.18611,21.33035],[106.18994,21.33488],[106.19028,21.33551],[106.18958,21.33446],[106.18596,21.33583],[106.18279,21.33746],[106.18158,21.33877]]]},"properties":{"commune_code":"07228","commune_name":"Phường Đa Mai","commune_kind":"PHUONG","province_code":"24","province_name":"Tỉnh Bắc Ninh","area_km2":33.1,"valid_from":"16/6/2025","published":"13/07/2025","area_km2_geom":32.97436391444839,"quality_flag":null,"population":51733.0,"population_wp":47301.83970186673,"anchor_ratio":1.0936783923429176,"pop_source":"WORLDPOP2025_ANCHORED_VNSDI","pop_density_ppkm2":1568.88545702415,"n_stations":8,"n_ports":67,"power_kw_site":2258.5,"ports_per_10k_pop":12.951114375736957,"util_mean_port_weighted":0.1127254063759809,"dist_station_m_pop_weighted":1558.3646008856804}},{"type":"Feature","geometry":{"type":"Polygon","coordinates":[[[106.16053,21.62581],[106.15877,21.62611],[106.15401,21.62536],[106.14924,21.62367],[106.13993,21.62015],[106.13041,21.6169],[106.13024,21.61685],[106.12572,21.61652],[106.11898,21.61656],[106.11797,21.61657],[106.11139,21.61869],[106.10755,21.62048],[106.10031,21.62384],[106.09932,21.62429],[106.09717,21.62438],[106.0951,21.62385],[106.09333,21.6234],[106.09267,21.62316],[106.08618,21.6208],[106.08264,21.61874],[106.07863,21.61575],[106.07523,21.61255],[106.07411,21.61189],[106.07045,21.60971],[106.06329,21.60515],[106.06052,21.60339],[106.05751,21.60119],[106.05619,21.59912],[106.05393,21.59433],[106.05234,21.59061],[106.04824,21.58103],[106.0457,21.57925],[106.04136,21.57631],[106.03576,21.5725],[106.03313,21.56879],[106.03049,21.56199],[106.0327,21.56068],[106.03346,21.56043],[106.03427,21.56042],[106.03523,21.56064],[106.03565,21.56074],[106.0378,21.56083],[106.04044,21.56028],[106.04621,21.55866],[106.04805,21.55765],[106.04888,21.55642],[106.04979,21.55448],[106.05085,21.55297],[106.0516,21.55249],[106.05253,21.55188],[106.05383,21.55112],[106.05482,21.55104],[106.05629,21.55182],[106.05553,21.54856],[106.05438,21.54452],[106.05574,21.54376],[106.05963,21.54158],[106.06115,21.54126],[106.06183,21.54123],[106.06306,21.54159],[106.06379,21.54181],[106.06577,21.54357],[106.07309,21.54677],[106.07343,21.54747],[106.07345,21.5491],[106.07329,21.54959],[106.07279,21.55036],[106.07249,21.55071],[106.072,21.55139],[106.07172,21.5519],[106.07177,21.55229],[106.07271,21.55251],[106.07443,21.55238],[106.07533,21.55203],[106.07615,21.55171],[106.07883,21.5514],[106.08113,21.55162],[106.08181,21.55187],[106.0865,21.54822],[106.08705,21.54719],[106.08783,21.54609],[106.08983,21.54419],[106.09011,21.54392],[106.09214,21.54307],[106.09329,21.54268],[106.09513,21.54246],[106.0982,21.54286],[106.10102,21.54066],[106.1004,21.54011],[106.10028,21.53946],[106.10032,21.53919],[106.10037,21.53892],[106.10094,21.53848],[106.10359,21.53747],[106.10428,21.53721],[106.105,21.53962],[106.10505,21.53989],[106.10509,21.5401],[106.10556,21.54244],[106.10559,21.54277],[106.10559,21.54287],[106.10557,21.54331],[106.10537,21.54364],[106.10489,21.54396],[106.10488,21.54397],[106.1043,21.54429],[106.10405,21.54438],[106.10357,21.54471],[106.10338,21.54494],[106.10283,21.54596],[106.1027,21.54661],[106.10265,21.54729],[106.10258,21.54899],[106.10295,21.54914],[106.10388,21.54938],[106.1049,21.54938],[106.11468,21.54362],[106.11591,21.54285],[106.11722,21.5413],[106.11849,21.53946],[106.12196,21.53937],[106.12306,21.5398],[106.12405,21.54069],[106.12901,21.54539],[106.13138,21.54911],[106.1314,21.55144],[106.13131,21.55177],[106.13127,21.5522],[106.13135,21.55244],[106.13274,21.55542],[106.13288,21.55565],[106.13304,21.55579],[106.13345,21.55611],[106.13401,21.55648],[106.13523,21.5572],[106.14085,21.55971],[106.14308,21.55899],[106.149,21.55611],[106.14922,21.55611],[106.15218,21.55476],[106.1549,21.55334],[106.15649,21.5498],[106.16028,21.54549],[106.16316,21.54517],[106.16576,21.54462],[106.16758,21.54371],[106.16956,21.54642],[106.1706,21.54881],[106.17031,21.55072],[106.1691,21.55274],[106.16851,21.55542],[106.16869,21.56498],[106.16865,21.56529],[106.16802,21.57091],[106.16744,21.57544],[106.16851,21.58152],[106.16967,21.58629],[106.16971,21.5904],[106.16956,21.59391],[106.16954,21.59461],[106.17047,21.59661],[106.17251,21.59733],[106.1758,21.59849],[106.18063,21.60084],[106.18443,21.60368],[106.18453,21.60377],[106.18487,21.60407],[106.18552,21.60462],[106.18613,21.60515],[106.18575,21.60528],[106.17604,21.60858],[106.17314,21.60985],[106.17141,21.61124],[106.16965,21.61456],[106.16736,21.61658],[106.16492,21.61837],[106.16372,21.62081],[106.1619,21.6248],[106.16053,21.62581]]]},"properties":{"commune_code":"07246","commune_name":"Xã Xuân Lương","commune_kind":"XA","province_code":"24","province_name":"Tỉnh Bắc Ninh","area_km2":99.67,"valid_from":"16/6/2025","published":"13/07/2025","area_km2_geom":99.04493374995678,"quality_flag":null,"population":19226.0,"population_wp":14929.255426362157,"anchor_ratio":1.2878070239223471,"pop_source":"WORLDPOP2025_ANCHORED_VNSDI","pop_density_ppkm2":194.11391650315875,"n_stations":1,"n_ports":6,"power_kw_site":310.0,"ports_per_10k_pop":3.1207739519400812,"util_mean_port_weighted":0.057402625349687965,"dist_station_m_pop_weighted":6779.005959862783}},{"type":"Feature","geometry":{"type":"Polygon","coordinates":[[[106.07443,21.55238],[106.07271,21.55251],[106.07177,21.55229],[106.07172,21.5519],[106.072,21.55139],[106.07249,21.55071],[106.07279,21.55036],[106.07329,21.54959],[106.07345,21.5491],[106.07343,21.54747],[106.07309,21.54677],[106.06577,21.54357],[106.06379,21.54181],[106.06306,21.54159],[106.06183,21.54123],[106.06115,21.54126],[106.05963,21.54158],[106.05574,21.54376],[106.05438,21.54452],[106.05356,21.54164],[106.05234,21.53904],[106.04962,21.535],[106.04846,21.53268],[106.04761,21.53022],[106.04487,21.52227],[106.04386,21.51921],[106.04345,21.51796],[106.04344,21.51673],[106.04342,21.51429],[106.04375,21.51342],[106.04377,21.51337],[106.04403,21.51294],[106.04524,21.51035],[106.04524,21.50969],[106.04522,21.50786],[106.04376,21.50367],[106.04365,21.50162],[106.04341,21.49755],[106.04297,21.49239],[106.04193,21.48953],[106.04191,21.48752],[106.04241,21.4856],[106.04536,21.48358],[106.04647,21.48147],[106.04655,21.47946],[106.04531,21.47755],[106.04316,21.47604],[106.0412,21.47423],[106.04099,21.47256],[106.04098,21.47247],[106.04088,21.47165],[106.04178,21.46969],[106.04339,21.46619],[106.04666,21.4636],[106.04738,21.46302],[106.04837,21.46224],[106.04862,21.46183],[106.05132,21.46053],[106.0519,21.46227],[106.05192,21.46331],[106.0516,21.46436],[106.05151,21.46588],[106.05187,21.46669],[106.05416,21.46808],[106.05522,21.46859],[106.05771,21.46922],[106.05931,21.46821],[106.0598,21.46789],[106.06053,21.46375],[106.06345,21.45899],[106.06408,21.45843],[106.06455,21.45811],[106.06729,21.45696],[106.0696,21.45636],[106.07048,21.45614],[106.07646,21.45414],[106.07728,21.45357],[106.07754,21.45306],[106.07747,21.45228],[106.07787,21.45007],[106.07882,21.44891],[106.07993,21.44851],[106.08313,21.44861],[106.08389,21.44947],[106.08531,21.45026],[106.08623,21.45044],[106.08872,21.45058],[106.09054,21.44927],[106.09305,21.44746],[106.09463,21.44795],[106.09559,21.4488],[106.0959,21.45447],[106.09733,21.46054],[106.09781,21.46152],[106.09842,21.46228],[106.09854,21.46237],[106.09761,21.46381],[106.09658,21.46589],[106.09583,21.46855],[106.09548,21.47136],[106.09644,21.47487],[106.09622,21.4754],[106.09503,21.47654],[106.09259,21.47798],[106.09272,21.47906],[106.09319,21.48043],[106.09632,21.48525],[106.0985,21.48849],[106.09993,21.48983],[106.10007,21.48998],[106.10046,21.4905],[106.10111,21.49174],[106.1016,21.49409],[106.1016,21.49416],[106.10151,21.49434],[106.10122,21.4949],[106.10076,21.49534],[106.09991,21.49612],[106.09922,21.49667],[106.09873,21.49689],[106.09702,21.49827],[106.09839,21.50312],[106.10138,21.51286],[106.10372,21.51489],[106.10411,21.51515],[106.10417,21.51514],[106.10457,21.51501],[106.1049,21.51485],[106.10778,21.51297],[106.11346,21.50903],[106.11501,21.50849],[106.11562,21.50831],[106.11578,21.50827],[106.11588,21.50825],[106.11591,21.50824],[106.11609,21.5082],[106.11615,21.50819],[106.11618,21.50819],[106.11622,21.50819],[106.11629,21.50818],[106.11632,21.50819],[106.11632,21.50819],[106.12057,21.50956],[106.12109,21.51135],[106.12364,21.51213],[106.12537,21.51088],[106.12479,21.51443],[106.12025,21.52187],[106.11939,21.52327],[106.11811,21.52385],[106.11658,21.52405],[106.11358,21.52512],[106.11256,21.52575],[106.11231,21.52685],[106.11238,21.52735],[106.11248,21.52809],[106.11259,21.52905],[106.11243,21.52958],[106.11209,21.53072],[106.11038,21.53485],[106.10932,21.53581],[106.10819,21.53615],[106.10428,21.53721],[106.10359,21.53747],[106.10094,21.53848],[106.10037,21.53892],[106.10032,21.53919],[106.10028,21.53946],[106.1004,21.54011],[106.10102,21.54066],[106.0982,21.54286],[106.09513,21.54246],[106.09329,21.54268],[106.09214,21.54307],[106.09011,21.54392],[106.08983,21.54419],[106.08783,21.54609],[106.08705,21.54719],[106.0865,21.54822],[106.08181,21.55187],[106.08113,21.55162],[106.07883,21.5514],[106.07615,21.55171],[106.07533,21.55203],[106.07443,21.55238]]]},"properties":{"commune_code":"07264","commune_name":"Xã Tam Tiến","commune_kind":"XA","province_code":"24","province_name":"Tỉnh Bắc Ninh","area_km2":60.34,"valid_from":"16/6/2025","published":"13/07/2025","area_km2_geom":59.1967762260055,"quality_flag":null,"population":17639.0,"population_wp":16845.67697533779,"anchor_ratio":1.047093567437132,"pop_source":"WORLDPOP2025_ANCHORED_VNSDI","pop_density_ppkm2":297.9723073543164,"n_stations":0,"n_ports":0,"power_kw_site":0.0,"ports_per_10k_pop":0.0,"util_mean_port_weighted":null,"dist_station_m_pop_weighted":6098.683678736368}},{"type":"Feature","geometry":{"type":"Polygon","coordinates":[[[106.14308,21.55899],[106.14085,21.55971],[106.13523,21.5572],[106.13401,21.55648],[106.13345,21.55611],[106.13304,21.55579],[106.13288,21.55565],[106.13274,21.55542],[106.13135,21.55244],[106.13127,21.5522],[106.13131,21.55177],[106.1314,21.55144],[106.13138,21.54911],[106.12901,21.54539],[106.12405,21.54069],[106.12306,21.5398],[106.12196,21.53937],[106.11849,21.53946],[106.11722,21.5413],[106.11591,21.54285],[106.11468,21.54362],[106.1049,21.54938],[106.10388,21.54938],[106.10295,21.54914],[106.10258,21.54899],[106.10265,21.54729],[106.1027,21.54661],[106.10283,21.54596],[106.10338,21.54494],[106.10357,21.54471],[106.10405,21.54438],[106.1043,21.54429],[106.10488,21.54397],[106.10489,21.54396],[106.10537,21.54364],[106.10557,21.54331],[106.10559,21.54287],[106.10559,21.54277],[106.10556,21.54244],[106.10509,21.5401],[106.10505,21.53989],[106.105,21.53962],[106.10428,21.53721],[106.10819,21.53615],[106.10932,21.53581],[106.11038,21.53485],[106.11209,21.53072],[106.11243,21.52958],[106.11259,21.52905],[106.11248,21.52809],[106.11238,21.52735],[106.11231,21.52685],[106.11256,21.52575],[106.11358,21.52512],[106.11658,21.52405],[106.11811,21.52385],[106.11939,21.52327],[106.12025,21.52187],[106.12479,21.51443],[106.12537,21.51088],[106.12542,21.51056],[106.12602,21.50821],[106.12784,21.50605],[106.13042,21.50364],[106.13501,21.50237],[106.13781,21.50072],[106.14246,21.49514],[106.14317,21.49375],[106.14289,21.49113],[106.1419,21.48817],[106.14003,21.48469],[106.14002,21.48311],[106.14062,21.48168],[106.14154,21.48086],[106.14496,21.48117],[106.14813,21.48177],[106.14873,21.48169],[106.14971,21.48157],[106.15012,21.4807],[106.15015,21.47922],[106.14887,21.47799],[106.14733,21.47733],[106.14701,21.47604],[106.14866,21.47115],[106.15048,21.46889],[106.15227,21.4685],[106.15329,21.46887],[106.15381,21.47011],[106.15448,21.47102],[106.15535,21.47134],[106.15688,21.47114],[106.15805,21.47013],[106.16107,21.46524],[106.16251,21.46286],[106.16472,21.46192],[106.16514,21.46176],[106.16865,21.46049],[106.17137,21.4595],[106.17632,21.45689],[106.17898,21.45436],[106.18026,21.45134],[106.18009,21.44819],[106.18114,21.44754],[106.18242,21.44768],[106.18691,21.44961],[106.18998,21.451],[106.19047,21.45187],[106.19348,21.4594],[106.19321,21.46622],[106.19127,21.47142],[106.19076,21.47221],[106.1905,21.4726],[106.19043,21.4727],[106.18919,21.47416],[106.18833,21.47478],[106.18721,21.47544],[106.186,21.47607],[106.18433,21.47704],[106.18425,21.47763],[106.18447,21.48042],[106.18506,21.48155],[106.18688,21.48343],[106.18939,21.48513],[106.19321,21.48546],[106.19447,21.48542],[106.19557,21.48516],[106.19715,21.48473],[106.1987,21.48389],[106.19929,21.48355],[106.19936,21.48351],[106.19955,21.48339],[106.19987,21.48314],[106.19993,21.48307],[106.20777,21.47884],[106.21244,21.4768],[106.21697,21.47344],[106.22078,21.4699],[106.22096,21.47007],[106.2214,21.4705],[106.22291,21.47281],[106.22768,21.47322],[106.22853,21.47339],[106.2303,21.47393],[106.23155,21.47453],[106.23295,21.47528],[106.23309,21.47537],[106.23315,21.47545],[106.23315,21.47594],[106.23306,21.4764],[106.23584,21.47918],[106.23808,21.48108],[106.2409,21.48197],[106.24192,21.48545],[106.24199,21.48664],[106.2401,21.48963],[106.23983,21.49023],[106.2394,21.49113],[106.23819,21.49347],[106.23731,21.49431],[106.23527,21.49475],[106.22645,21.49528],[106.22627,21.49529],[106.22475,21.49542],[106.21943,21.49585],[106.21434,21.49627],[106.21165,21.49688],[106.20911,21.49745],[106.20306,21.49964],[106.2026,21.49983],[106.19451,21.50302],[106.18207,21.50793],[106.17641,21.50869],[106.17091,21.51116],[106.16895,21.51476],[106.16807,21.51993],[106.16816,21.52563],[106.16817,21.52664],[106.16892,21.52998],[106.16954,21.53206],[106.16807,21.53879],[106.16737,21.54109],[106.16758,21.54371],[106.16576,21.54462],[106.16316,21.54517],[106.16028,21.54549],[106.15649,21.5498],[106.1549,21.55334],[106.15218,21.55476],[106.14922,21.55611],[106.149,21.55611],[106.14308,21.55899]]]},"properties":{"commune_code":"07282","commune_name":"Xã Đồng Kỳ","commune_kind":"XA","province_code":"24","province_name":"Tỉnh Bắc Ninh","area_km2":61.44,"valid_from":"16/6/2025","published":"13/07/2025","area_km2_geom":63.10519051717642,"quality_flag":null,"population":22833.0,"population_wp":19117.989319954067,"anchor_ratio":1.194320156679262,"pop_source":"WORLDPOP2025_ANCHORED_VNSDI","pop_density_ppkm2":361.82443651422227,"n_stations":0,"n_ports":0,"power_kw_site":0.0,"ports_per_10k_pop":0.0,"util_mean_port_weighted":null,"dist_station_m_pop_weighted":6053.466471921156}},{"type":"Feature","geometry":{"type":"Polygon","coordinates":[[[106.10417,21.51514],[106.10411,21.51515],[106.10372,21.51489],[106.10138,21.51286],[106.09839,21.50312],[106.09702,21.49827],[106.09873,21.49689],[106.09922,21.49667],[106.09991,21.49612],[106.10076,21.49534],[106.10122,21.4949],[106.10151,21.49434],[106.1016,21.49416],[106.1016,21.49409],[106.10111,21.49174],[106.10046,21.4905],[106.10007,21.48998],[106.09993,21.48983],[106.0985,21.48849],[106.09632,21.48525],[106.09319,21.48043],[106.09272,21.47906],[106.09259,21.47798],[106.09503,21.47654],[106.09622,21.4754],[106.09644,21.47487],[106.09548,21.47136],[106.09583,21.46855],[106.09658,21.46589],[106.09761,21.46381],[106.09854,21.46237],[106.10066,21.46297],[106.10085,21.46259],[106.10089,21.4616],[106.10088,21.46154],[106.10031,21.45917],[106.10041,21.45829],[106.10079,21.45755],[106.10167,21.45643],[106.10362,21.45394],[106.10854,21.44919],[106.11991,21.45022],[106.12306,21.44702],[106.12335,21.44657],[106.12402,21.44629],[106.12434,21.44623],[106.12495,21.44621],[106.12767,21.44687],[106.12946,21.44733],[106.13317,21.44861],[106.13338,21.44858],[106.13488,21.44809],[106.13548,21.44773],[106.13637,21.44659],[106.13781,21.44516],[106.13916,21.44391],[106.13978,21.44344],[106.14028,21.44328],[106.14104,21.44318],[106.14332,21.44389],[106.14467,21.44412],[106.14549,21.44415],[106.1461,21.44395],[106.14673,21.4435],[106.1472,21.44259],[106.14745,21.4414],[106.14747,21.44093],[106.14748,21.44086],[106.14795,21.43918],[106.14871,21.43781],[106.14899,21.43738],[106.15086,21.43752],[106.15464,21.43949],[106.15546,21.43979],[106.15622,21.43984],[106.15693,21.43973],[106.15791,21.43926],[106.15959,21.4381],[106.16159,21.43614],[106.16413,21.43304],[106.1654,21.43039],[106.16608,21.42903],[106.16679,21.42809],[106.1679,21.42671],[106.16856,21.42591],[106.16864,21.42582],[106.16939,21.4252],[106.17027,21.42458],[106.17051,21.42447],[106.17104,21.42425],[106.17211,21.42402],[106.17162,21.42465],[106.17156,21.42644],[106.17308,21.43468],[106.17451,21.44069],[106.1776,21.44426],[106.18008,21.44811],[106.18009,21.44819],[106.18026,21.45134],[106.17898,21.45436],[106.17632,21.45689],[106.17137,21.4595],[106.16865,21.46049],[106.16514,21.46176],[106.16472,21.46192],[106.16251,21.46286],[106.16107,21.46524],[106.15805,21.47013],[106.15688,21.47114],[106.15535,21.47134],[106.15448,21.47102],[106.15381,21.47011],[106.15329,21.46887],[106.15227,21.4685],[106.15048,21.46889],[106.14866,21.47115],[106.14701,21.47604],[106.14733,21.47733],[106.14887,21.47799],[106.15015,21.47922],[106.15012,21.4807],[106.14971,21.48157],[106.14873,21.48169],[106.14813,21.48177],[106.14496,21.48117],[106.14154,21.48086],[106.14062,21.48168],[106.14002,21.48311],[106.14003,21.48469],[106.1419,21.48817],[106.14289,21.49113],[106.14317,21.49375],[106.14246,21.49514],[106.13781,21.50072],[106.13501,21.50237],[106.13042,21.50364],[106.12784,21.50605],[106.12602,21.50821],[106.12542,21.51056],[106.12537,21.51088],[106.12364,21.51213],[106.12109,21.51135],[106.12057,21.50956],[106.11632,21.50819],[106.11632,21.50819],[106.11629,21.50818],[106.11622,21.50819],[106.11618,21.50819],[106.11615,21.50819],[106.11609,21.5082],[106.11591,21.50824],[106.11588,21.50825],[106.11578,21.50827],[106.11562,21.50831],[106.11501,21.50849],[106.11346,21.50903],[106.10778,21.51297],[106.1049,21.51485],[106.10457,21.51501],[106.10417,21.51514]]]},"properties":{"commune_code":"07288","commune_name":"Xã Yên Thế","commune_kind":"XA","province_code":"24","province_name":"Tỉnh Bắc Ninh","area_km2":43.67,"valid_from":"16/6/2025","published":"13/07/2025","area_km2_geom":42.390509754273154,"quality_flag":null,"population":30651.0,"population_wp":25681.831735551357,"anchor_ratio":1.193489635615431,"pop_source":"WORLDPOP2025_ANCHORED_VNSDI","pop_density_ppkm2":723.0627840447293,"n_stations":2,"n_ports":12,"power_kw_site":487.0,"ports_per_10k_pop":3.915043554859548,"util_mean_port_weighted":0.15951205164946833,"dist_station_m_pop_weighted":2694.661234135127}},{"type":"Feature","geometry":{"type":"Polygon","coordinates":[[[106.28402,21.49145],[106.27497,21.49349],[106.27337,21.49338],[106.27164,21.49256],[106.2648,21.49148],[106.26199,21.4909],[106.26089,21.49013],[106.25973,21.48805],[106.25793,21.48735],[106.25538,21.48701],[106.24816,21.48634],[106.24617,21.48576],[106.2438,21.48613],[106.24254,21.48633],[106.24199,21.48664],[106.24192,21.48545],[106.2409,21.48197],[106.23808,21.48108],[106.23584,21.47918],[106.23306,21.4764],[106.23315,21.47594],[106.23315,21.47545],[106.23309,21.47537],[106.23295,21.47528],[106.23155,21.47453],[106.2303,21.47393],[106.22853,21.47339],[106.22768,21.47322],[106.22291,21.47281],[106.2214,21.4705],[106.22096,21.47007],[106.22078,21.4699],[106.21697,21.47344],[106.21244,21.4768],[106.20777,21.47884],[106.19993,21.48307],[106.19987,21.48314],[106.19955,21.48339],[106.19936,21.48351],[106.19929,21.48355],[106.1987,21.48389],[106.19715,21.48473],[106.19557,21.48516],[106.19447,21.48542],[106.19321,21.48546],[106.18939,21.48513],[106.18688,21.48343],[106.18506,21.48155],[106.18447,21.48042],[106.18425,21.47763],[106.18433,21.47704],[106.186,21.47607],[106.18721,21.47544],[106.18833,21.47478],[106.18919,21.47416],[106.19043,21.4727],[106.1905,21.4726],[106.19076,21.47221],[106.19127,21.47142],[106.19321,21.46622],[106.19348,21.4594],[106.19047,21.45187],[106.18998,21.451],[106.18691,21.44961],[106.18242,21.44768],[106.18114,21.44754],[106.18009,21.44819],[106.18008,21.44811],[106.1776,21.44426],[106.17451,21.44069],[106.17308,21.43468],[106.17156,21.42644],[106.17162,21.42465],[106.17211,21.42402],[106.17908,21.42318],[106.18,21.4238],[106.18093,21.42468],[106.18289,21.42694],[106.18302,21.42746],[106.18297,21.42787],[106.18265,21.42873],[106.1815,21.43137],[106.18138,21.4319],[106.18122,21.43262],[106.1812,21.43314],[106.18123,21.43316],[106.18169,21.43362],[106.18512,21.43481],[106.18574,21.43481],[106.18637,21.43444],[106.18704,21.43369],[106.18731,21.43338],[106.18968,21.42978],[106.19023,21.42892],[106.19228,21.42836],[106.19233,21.42834],[106.19386,21.42874],[106.19504,21.42904],[106.1973,21.43032],[106.19776,21.43127],[106.19762,21.43227],[106.19667,21.43497],[106.19582,21.43735],[106.19604,21.43941],[106.1964,21.44008],[106.19692,21.4406],[106.19804,21.44083],[106.20135,21.43937],[106.20334,21.43897],[106.20523,21.43934],[106.20749,21.44057],[106.20888,21.44223],[106.20951,21.44371],[106.20926,21.44505],[106.2083,21.44606],[106.20773,21.44675],[106.20734,21.44722],[106.2072,21.44841],[106.20767,21.4497],[106.20929,21.45132],[106.20947,21.4515],[106.21286,21.45454],[106.21517,21.45543],[106.2157,21.45542],[106.21645,21.45542],[106.21721,21.45489],[106.2175,21.45312],[106.21752,21.45011],[106.21802,21.44843],[106.21811,21.44832],[106.21863,21.44766],[106.2196,21.44756],[106.22078,21.44822],[106.22161,21.45036],[106.22321,21.45245],[106.22444,21.45278],[106.22592,21.45224],[106.22886,21.44988],[106.23276,21.45165],[106.23348,21.45628],[106.23669,21.46364],[106.23709,21.46397],[106.23731,21.46415],[106.23761,21.46439],[106.23889,21.46429],[106.23893,21.46427],[106.24057,21.46375],[106.24107,21.46303],[106.24101,21.4616],[106.23977,21.45965],[106.23868,21.45859],[106.23776,21.4577],[106.23759,21.45641],[106.23789,21.45541],[106.24253,21.44877],[106.24334,21.44805],[106.24431,21.44795],[106.24439,21.44801],[106.24529,21.44875],[106.24572,21.45081],[106.24615,21.45362],[106.24686,21.45516],[106.24719,21.45586],[106.25042,21.4578],[106.25402,21.45992],[106.25436,21.45997],[106.25565,21.46015],[106.25662,21.45966],[106.25687,21.45909],[106.25707,21.45866],[106.25664,21.45627],[106.25476,21.45146],[106.255,21.44992],[106.25617,21.44896],[106.26535,21.44746],[106.2685,21.44743],[106.26867,21.44743],[106.26893,21.44752],[106.27225,21.44865],[106.27424,21.44947],[106.27678,21.45052],[106.27832,21.45112],[106.28161,21.45151],[106.28416,21.45161],[106.28391,21.45501],[106.2842,21.4589],[106.28487,21.462],[106.2862,21.46818],[106.28602,21.47095],[106.2852,21.47195],[106.2845,21.47278],[106.28411,21.47498],[106.28413,21.47659],[106.28414,21.47814],[106.28499,21.48215],[106.28511,21.48252],[106.28673,21.48761],[106.28693,21.48904],[106.28694,21.48961],[106.28694,21.48999],[106.28648,21.49046],[106.28402,21.49145]]]},"properties":{"commune_code":"07294","commune_name":"Xã Bố Hạ","commune_kind":"XA","province_code":"24","province_name":"Tỉnh Bắc Ninh","area_km2":41.32,"valid_from":"16/6/2025","published":"13/07/2025","area_km2_geom":41.079672597710854,"quality_flag":null,"population":27517.0,"population_wp":28383.533470720053,"anchor_ratio":0.9694705568771431,"pop_source":"WORLDPOP2025_ANCHORED_VNSDI","pop_density_ppkm2":669.8446764527858,"n_stations":2,"n_ports":40,"power_kw_site":755.0,"ports_per_10k_pop":14.536468365010721,"util_mean_port_weighted":0.02810129420362334,"dist_station_m_pop_weighted":3769.6245262498305}},{"type":"Feature","geometry":{"type":"Polygon","coordinates":[[[106.10085,21.46259],[106.10066,21.46297],[106.09854,21.46237],[106.09842,21.46228],[106.09781,21.46152],[106.09733,21.46054],[106.0959,21.45447],[106.09559,21.4488],[106.09463,21.44795],[106.09305,21.44746],[106.09054,21.44927],[106.08872,21.45058],[106.08623,21.45044],[106.08531,21.45026],[106.08389,21.44947],[106.08313,21.44861],[106.07993,21.44851],[106.07882,21.44891],[106.07877,21.44786],[106.07851,21.44613],[106.07721,21.44516],[106.07642,21.44447],[106.07605,21.44405],[106.07602,21.444],[106.07594,21.4439],[106.0764,21.44156],[106.07899,21.43999],[106.08181,21.43921],[106.08317,21.43833],[106.08647,21.43171],[106.08327,21.42888],[106.07763,21.42482],[106.07469,21.42356],[106.07282,21.42292],[106.07129,21.42095],[106.07115,21.42071],[106.0711,21.42054],[106.07092,21.41978],[106.07068,21.41835],[106.07102,21.41607],[106.07153,21.41235],[106.07151,21.41029],[106.07087,21.40859],[106.07321,21.4021],[106.07388,21.40162],[106.07404,21.40145],[106.07448,21.40099],[106.07507,21.40017],[106.07536,21.39926],[106.07605,21.39604],[106.07707,21.39076],[106.08319,21.39026],[106.08488,21.39117],[106.09426,21.39718],[106.09376,21.40318],[106.09371,21.40329],[106.09318,21.40492],[106.09424,21.40761],[106.09428,21.40765],[106.09441,21.4078],[106.09451,21.40791],[106.0948,21.40808],[106.10128,21.41049],[106.10288,21.40969],[106.10334,21.40955],[106.10465,21.40892],[106.10497,21.40845],[106.10497,21.40843],[106.10489,21.40825],[106.10482,21.40814],[106.10434,21.40742],[106.1042,21.40734],[106.10368,21.40751],[106.10332,21.40763],[106.10152,21.40384],[106.10692,21.40191],[106.11246,21.4012],[106.11308,21.40116],[106.11329,21.40113],[106.11444,21.40076],[106.1198,21.39694],[106.12093,21.39611],[106.12163,21.39543],[106.12292,21.39484],[106.12505,21.39612],[106.12674,21.3975],[106.12699,21.39895],[106.12695,21.39934],[106.12493,21.40058],[106.12678,21.40501],[106.12742,21.40614],[106.12863,21.40709],[106.12941,21.40759],[106.12894,21.4083],[106.12865,21.40876],[106.12848,21.40954],[106.12827,21.41122],[106.12818,21.41216],[106.12816,21.41238],[106.12816,21.41278],[106.12817,21.41284],[106.13016,21.41847],[106.13071,21.42392],[106.13152,21.42786],[106.13165,21.42844],[106.1331,21.43211],[106.13427,21.43213],[106.13454,21.43206],[106.13588,21.4315],[106.13673,21.43063],[106.13691,21.43038],[106.14134,21.4306],[106.14773,21.43537],[106.1484,21.43617],[106.14899,21.43738],[106.14871,21.43781],[106.14795,21.43918],[106.14748,21.44086],[106.14747,21.44093],[106.14745,21.4414],[106.1472,21.44259],[106.14673,21.4435],[106.1461,21.44395],[106.14549,21.44415],[106.14467,21.44412],[106.14332,21.44389],[106.14104,21.44318],[106.14028,21.44328],[106.13978,21.44344],[106.13916,21.44391],[106.13781,21.44516],[106.13637,21.44659],[106.13548,21.44773],[106.13488,21.44809],[106.13338,21.44858],[106.13317,21.44861],[106.12946,21.44733],[106.12767,21.44687],[106.12495,21.44621],[106.12434,21.44623],[106.12402,21.44629],[106.12335,21.44657],[106.12306,21.44702],[106.11991,21.45022],[106.10854,21.44919],[106.10362,21.45394],[106.10167,21.45643],[106.10079,21.45755],[106.10041,21.45829],[106.10031,21.45917],[106.10088,21.46154],[106.10089,21.4616],[106.10085,21.46259]]]},"properties":{"commune_code":"07306","commune_name":"Xã Nhã Nam","commune_kind":"XA","province_code":"24","province_name":"Tỉnh Bắc Ninh","area_km2":34.43,"valid_from":"16/6/2025","published":"13/07/2025","area_km2_geom":34.20708167297384,"quality_flag":null,"population":33127.0,"population_wp":27922.757953654975,"anchor_ratio":1.1863799433774704,"pop_source":"WORLDPOP2025_ANCHORED_VNSDI","pop_density_ppkm2":968.425202614487,"n_stations":1,"n_ports":20,"power_kw_site":617.5,"ports_per_10k_pop":6.037371328523561,"util_mean_port_weighted":0.08779411764705883,"dist_station_m_pop_weighted":2511.9215031386825}},{"type":"Feature","geometry":{"type":"Polygon","coordinates":[[[106.15693,21.43973],[106.15622,21.43984],[106.15546,21.43979],[106.15464,21.43949],[106.15086,21.43752],[106.14899,21.43738],[106.1484,21.43617],[106.14773,21.43537],[106.14134,21.4306],[106.13691,21.43038],[106.13673,21.43063],[106.13588,21.4315],[106.13454,21.43206],[106.13427,21.43213],[106.1331,21.43211],[106.13165,21.42844],[106.13152,21.42786],[106.13071,21.42392],[106.13016,21.41847],[106.12817,21.41284],[106.12816,21.41278],[106.12816,21.41238],[106.12818,21.41216],[106.12827,21.41122],[106.12848,21.40954],[106.12865,21.40876],[106.12894,21.4083],[106.12941,21.40759],[106.13264,21.40637],[106.1377,21.40672],[106.14448,21.40258],[106.14421,21.39864],[106.14404,21.39598],[106.14404,21.39218],[106.14423,21.39174],[106.145,21.38998],[106.14909,21.38507],[106.15239,21.38259],[106.15583,21.37967],[106.15615,21.37911],[106.15617,21.37894],[106.15617,21.37879],[106.15617,21.37879],[106.15613,21.3786],[106.15492,21.37424],[106.15228,21.37149],[106.1509,21.36882],[106.15028,21.36531],[106.15034,21.36127],[106.15186,21.35895],[106.15204,21.35877],[106.15435,21.35722],[106.15562,21.35661],[106.15764,21.356],[106.1586,21.35583],[106.15902,21.35601],[106.16432,21.35645],[106.16548,21.35649],[106.16751,21.3564],[106.17432,21.3526],[106.17524,21.35066],[106.17534,21.35032],[106.17536,21.35009],[106.17537,21.34984],[106.17536,21.34934],[106.17531,21.34916],[106.17447,21.34788],[106.17445,21.34786],[106.17437,21.34779],[106.17371,21.3471],[106.17378,21.34332],[106.17406,21.34218],[106.17411,21.3421],[106.18158,21.33877],[106.18279,21.33746],[106.18596,21.33583],[106.18958,21.33446],[106.19028,21.33551],[106.19118,21.33716],[106.19243,21.34031],[106.19349,21.34331],[106.19357,21.34468],[106.19261,21.35422],[106.1921,21.35652],[106.18839,21.36221],[106.18827,21.36225],[106.1874,21.36258],[106.18625,21.36258],[106.18353,21.36199],[106.18236,21.36173],[106.18226,21.3617],[106.18154,21.36154],[106.18028,21.3618],[106.17995,21.36235],[106.17994,21.36238],[106.17991,21.36356],[106.18088,21.36563],[106.18529,21.37142],[106.18542,21.37217],[106.18526,21.37289],[106.18479,21.37343],[106.18374,21.37385],[106.18212,21.37398],[106.18062,21.37429],[106.17983,21.3749],[106.17866,21.37628],[106.17743,21.37846],[106.17694,21.38004],[106.17677,21.38248],[106.17624,21.38374],[106.17594,21.38406],[106.17461,21.3855],[106.17393,21.38669],[106.17364,21.39159],[106.16998,21.39597],[106.16861,21.39655],[106.168,21.39763],[106.16692,21.40449],[106.16707,21.4061],[106.16827,21.41226],[106.16881,21.41426],[106.16885,21.41443],[106.16896,21.41462],[106.16976,21.41605],[106.1713,21.41769],[106.17268,21.41888],[106.17416,21.41989],[106.17908,21.42318],[106.17211,21.42402],[106.17104,21.42425],[106.17051,21.42447],[106.17027,21.42458],[106.16939,21.4252],[106.16864,21.42582],[106.16856,21.42591],[106.1679,21.42671],[106.16679,21.42809],[106.16608,21.42903],[106.1654,21.43039],[106.16413,21.43304],[106.16159,21.43614],[106.15959,21.4381],[106.15791,21.43926],[106.15693,21.43973]]]},"properties":{"commune_code":"07330","commune_name":"Xã Phúc Hòa","commune_kind":"XA","province_code":"24","province_name":"Tỉnh Bắc Ninh","area_km2":32.69,"valid_from":"16/6/2025","published":"13/07/2025","area_km2_geom":32.82772422488375,"quality_flag":null,"population":24998.0,"population_wp":20619.365328542888,"anchor_ratio":1.2123554533172693,"pop_source":"WORLDPOP2025_ANCHORED_VNSDI","pop_density_ppkm2":761.4904959220797,"n_stations":2,"n_ports":6,"power_kw_site":143.5,"ports_per_10k_pop":2.400192015361229,"util_mean_port_weighted":0.06005610878881499,"dist_station_m_pop_weighted":3905.1880975411223}},{"type":"Feature","geometry":{"type":"Polygon","coordinates":[[[106.05931,21.46821],[106.05771,21.46922],[106.05522,21.46859],[106.05416,21.46808],[106.05187,21.46669],[106.05151,21.46588],[106.0516,21.46436],[106.05192,21.46331],[106.0519,21.46227],[106.05132,21.46053],[106.04862,21.46183],[106.04935,21.46059],[106.05009,21.45936],[106.05149,21.45495],[106.05135,21.45094],[106.0502,21.44674],[106.04782,21.44283],[106.04485,21.44046],[106.04239,21.43942],[106.04027,21.4396],[106.03739,21.43984],[106.0333,21.44032],[106.0331,21.44034],[106.02962,21.4395],[106.02736,21.43684],[106.02681,21.43495],[106.02642,21.43359],[106.02658,21.43312],[106.02772,21.42986],[106.03056,21.42587],[106.03139,21.42471],[106.03217,21.42362],[106.03487,21.41595],[106.03546,21.4127],[106.03503,21.40954],[106.03079,21.40268],[106.02904,21.39992],[106.02793,21.39835],[106.0276,21.39789],[106.02758,21.39786],[106.02759,21.39764],[106.02779,21.39657],[106.0291,21.39413],[106.02955,21.39378],[106.03015,21.39414],[106.03602,21.39882],[106.03697,21.39915],[106.03776,21.39699],[106.04106,21.395],[106.0485,21.39232],[106.04951,21.39242],[106.05007,21.39248],[106.05516,21.39328],[106.06163,21.3934],[106.06722,21.3895],[106.07055,21.39116],[106.07625,21.39114],[106.07707,21.39076],[106.07605,21.39604],[106.07536,21.39926],[106.07507,21.40017],[106.07448,21.40099],[106.07404,21.40145],[106.07388,21.40162],[106.07321,21.4021],[106.07087,21.40859],[106.07151,21.41029],[106.07153,21.41235],[106.07102,21.41607],[106.07068,21.41835],[106.07092,21.41978],[106.0711,21.42054],[106.07115,21.42071],[106.07129,21.42095],[106.07282,21.42292],[106.07469,21.42356],[106.07763,21.42482],[106.08327,21.42888],[106.08647,21.43171],[106.08317,21.43833],[106.08181,21.43921],[106.07899,21.43999],[106.0764,21.44156],[106.07594,21.4439],[106.07602,21.444],[106.07605,21.44405],[106.07642,21.44447],[106.07721,21.44516],[106.07851,21.44613],[106.07877,21.44786],[106.07882,21.44891],[106.07787,21.45007],[106.07747,21.45228],[106.07754,21.45306],[106.07728,21.45357],[106.07646,21.45414],[106.07048,21.45614],[106.0696,21.45636],[106.06729,21.45696],[106.06455,21.45811],[106.06408,21.45843],[106.06345,21.45899],[106.06053,21.46375],[106.0598,21.46789],[106.05931,21.46821]]]},"properties":{"commune_code":"07333","commune_name":"Xã Quang Trung","commune_kind":"XA","province_code":"24","province_name":"Tỉnh Bắc Ninh","area_km2":31.36,"valid_from":"16/6/2025","published":"13/07/2025","area_km2_geom":30.803509302708992,"quality_flag":null,"population":30398.0,"population_wp":27591.51976518333,"anchor_ratio":1.1017153190074749,"pop_source":"WORLDPOP2025_ANCHORED_VNSDI","pop_density_ppkm2":986.835613477542,"n_stations":0,"n_ports":0,"power_kw_site":0.0,"ports_per_10k_pop":0.0,"util_mean_port_weighted":null,"dist_station_m_pop_weighted":5395.068670336645}},{"type":"Feature","geometry":{"type":"Polygon","coordinates":[[[106.10288,21.40969],[106.10128,21.41049],[106.0948,21.40808],[106.09451,21.40791],[106.09441,21.4078],[106.09428,21.40765],[106.09424,21.40761],[106.09318,21.40492],[106.09371,21.40329],[106.09376,21.40318],[106.09426,21.39718],[106.08488,21.39117],[106.08319,21.39026],[106.08461,21.38705],[106.08613,21.38687],[106.08736,21.38716],[106.0882,21.38802],[106.08984,21.38989],[106.09073,21.3903],[106.09385,21.39113],[106.09432,21.39056],[106.09453,21.39031],[106.09458,21.39024],[106.09484,21.38904],[106.09877,21.38087],[106.10068,21.37888],[106.10364,21.37566],[106.10474,21.37051],[106.10319,21.36714],[106.10157,21.36237],[106.10229,21.36003],[106.10251,21.35732],[106.10223,21.35483],[106.09994,21.35292],[106.09672,21.35085],[106.09356,21.34739],[106.09357,21.34732],[106.09421,21.34682],[106.09512,21.34527],[106.09553,21.34297],[106.09551,21.34039],[106.09521,21.33807],[106.09519,21.33787],[106.09532,21.33761],[106.09585,21.3366],[106.09815,21.33314],[106.09881,21.33227],[106.10082,21.32963],[106.1054,21.32525],[106.10934,21.32806],[106.11127,21.33023],[106.11446,21.33079],[106.11881,21.32778],[106.12133,21.32927],[106.12049,21.33063],[106.12295,21.33315],[106.12579,21.33571],[106.12605,21.33583],[106.12865,21.33507],[106.1303,21.3343],[106.13211,21.3344],[106.13423,21.33632],[106.13504,21.33841],[106.1352,21.33865],[106.13683,21.33775],[106.1377,21.33673],[106.13858,21.3356],[106.13875,21.33512],[106.13888,21.33226],[106.1389,21.33201],[106.139,21.33167],[106.13915,21.33141],[106.14044,21.33091],[106.14102,21.33087],[106.14152,21.33084],[106.14261,21.33114],[106.14605,21.33064],[106.14646,21.33213],[106.14991,21.33634],[106.15116,21.33751],[106.15804,21.33808],[106.16286,21.33736],[106.16402,21.33683],[106.16845,21.33721],[106.17128,21.33817],[106.17123,21.3401],[106.17118,21.34011],[106.17102,21.34016],[106.17081,21.34039],[106.17084,21.34069],[106.17095,21.34089],[106.17138,21.34122],[106.17249,21.34192],[106.17411,21.3421],[106.17406,21.34218],[106.17378,21.34332],[106.17371,21.3471],[106.17437,21.34779],[106.17445,21.34786],[106.17447,21.34788],[106.17531,21.34916],[106.17536,21.34934],[106.17537,21.34984],[106.17536,21.35009],[106.17534,21.35032],[106.17524,21.35066],[106.17432,21.3526],[106.16751,21.3564],[106.16548,21.35649],[106.16432,21.35645],[106.15902,21.35601],[106.1586,21.35583],[106.15764,21.356],[106.15562,21.35661],[106.15435,21.35722],[106.15204,21.35877],[106.15186,21.35895],[106.15034,21.36127],[106.15028,21.36531],[106.1509,21.36882],[106.15228,21.37149],[106.15492,21.37424],[106.15613,21.3786],[106.15617,21.37879],[106.15617,21.37879],[106.15617,21.37894],[106.15615,21.37911],[106.15583,21.37967],[106.15239,21.38259],[106.14909,21.38507],[106.145,21.38998],[106.14423,21.39174],[106.14404,21.39218],[106.14404,21.39598],[106.14421,21.39864],[106.14448,21.40258],[106.1377,21.40672],[106.13264,21.40637],[106.12941,21.40759],[106.12863,21.40709],[106.12742,21.40614],[106.12678,21.40501],[106.12493,21.40058],[106.12695,21.39934],[106.12699,21.39895],[106.12674,21.3975],[106.12505,21.39612],[106.12292,21.39484],[106.12163,21.39543],[106.12093,21.39611],[106.1198,21.39694],[106.11444,21.40076],[106.11329,21.40113],[106.11308,21.40116],[106.11246,21.4012],[106.10692,21.40191],[106.10152,21.40384],[106.10332,21.40763],[106.10368,21.40751],[106.1042,21.40734],[106.10434,21.40742],[106.10482,21.40814],[106.10489,21.40825],[106.10497,21.40843],[106.10497,21.40845],[106.10465,21.40892],[106.10334,21.40955],[106.10288,21.40969]]]},"properties":{"commune_code":"07339","commune_name":"Xã Tân Yên","commune_kind":"XA","province_code":"24","province_name":"Tỉnh Bắc Ninh","area_km2":48.13,"valid_from":"16/6/2025","published":"13/07/2025","area_km2_geom":47.94972802199335,"quality_flag":null,"population":50732.00000000001,"population_wp":46213.37238917686,"anchor_ratio":1.0977774911722609,"pop_source":"WORLDPOP2025_ANCHORED_VNSDI","pop_density_ppkm2":1058.024770791828,"n_stations":2,"n_ports":14,"power_kw_site":520.0,"ports_per_10k_pop":2.7595994638492467,"util_mean_port_weighted":0.24320602753989728,"dist_station_m_pop_weighted":2092.8020746581533}},{"type":"Feature","geometry":{"type":"Polygon","coordinates":[[[106.01269,21.4035],[106.00999,21.40456],[106.01061,21.40398],[106.01189,21.40201],[106.0128,21.40039],[106.01336,21.39917],[106.01347,21.39795],[106.01276,21.39306],[106.01247,21.38904],[106.01257,21.38849],[106.0126,21.3883],[106.01287,21.38797],[106.01296,21.38791],[106.01437,21.38695],[106.01623,21.38612],[106.01663,21.38606],[106.01712,21.38604],[106.01755,21.38617],[106.01822,21.38651],[106.02197,21.38846],[106.02274,21.38886],[106.02301,21.38888],[106.02361,21.38881],[106.02365,21.3888],[106.02391,21.38869],[106.02393,21.38869],[106.02485,21.38829],[106.02509,21.38802],[106.02885,21.38378],[106.02685,21.38109],[106.02196,21.37935],[106.01956,21.37908],[106.01517,21.3803],[106.00862,21.38073],[106.00632,21.37805],[106.00597,21.37649],[106.00586,21.37482],[106.00588,21.37468],[106.0063,21.37254],[106.00815,21.36593],[106.01001,21.36582],[106.01381,21.36279],[106.01475,21.36166],[106.01517,21.35922],[106.02036,21.3614],[106.02556,21.36126],[106.03162,21.35463],[106.03197,21.35419],[106.03276,21.35192],[106.03411,21.34749],[106.03265,21.34636],[106.03161,21.3438],[106.03317,21.33999],[106.03435,21.3386],[106.03912,21.33702],[106.04291,21.33568],[106.05261,21.33609],[106.05742,21.33649],[106.05737,21.33712],[106.05721,21.33791],[106.0571,21.33831],[106.05687,21.33912],[106.05588,21.34331],[106.06335,21.34159],[106.0668,21.34182],[106.06755,21.34115],[106.06806,21.34054],[106.06826,21.34008],[106.06831,21.33972],[106.06806,21.33876],[106.06714,21.33679],[106.06706,21.33644],[106.06706,21.33614],[106.06818,21.33384],[106.06825,21.33376],[106.07011,21.33285],[106.07258,21.3364],[106.07602,21.3374],[106.07633,21.3374],[106.0767,21.3373],[106.08551,21.33203],[106.08777,21.32671],[106.08791,21.32681],[106.0896,21.32813],[106.09255,21.32943],[106.0953,21.33042],[106.09626,21.32749],[106.1007,21.3295],[106.10082,21.32963],[106.09881,21.33227],[106.09815,21.33314],[106.09585,21.3366],[106.09532,21.33761],[106.09519,21.33787],[106.09521,21.33807],[106.09551,21.34039],[106.09553,21.34297],[106.09512,21.34527],[106.09421,21.34682],[106.09357,21.34732],[106.09356,21.34739],[106.09672,21.35085],[106.09994,21.35292],[106.10223,21.35483],[106.10251,21.35732],[106.10229,21.36003],[106.10157,21.36237],[106.10319,21.36714],[106.10474,21.37051],[106.10364,21.37566],[106.10068,21.37888],[106.09877,21.38087],[106.09484,21.38904],[106.09458,21.39024],[106.09453,21.39031],[106.09432,21.39056],[106.09385,21.39113],[106.09073,21.3903],[106.08984,21.38989],[106.0882,21.38802],[106.08736,21.38716],[106.08613,21.38687],[106.08461,21.38705],[106.08319,21.39026],[106.07707,21.39076],[106.07625,21.39114],[106.07055,21.39116],[106.06722,21.3895],[106.06163,21.3934],[106.05516,21.39328],[106.05007,21.39248],[106.04951,21.39242],[106.0485,21.39232],[106.04106,21.395],[106.03776,21.39699],[106.03697,21.39915],[106.03602,21.39882],[106.03015,21.39414],[106.02955,21.39378],[106.0291,21.39413],[106.02779,21.39657],[106.02759,21.39764],[106.02758,21.39786],[106.02749,21.39773],[106.02585,21.3964],[106.02395,21.39553],[106.02329,21.39555],[106.02131,21.39622],[106.02002,21.39773],[106.01964,21.39818],[106.0195,21.39834],[106.01897,21.39897],[106.01891,21.39904],[106.01883,21.39913],[106.01752,21.4006],[106.01574,21.40175],[106.01269,21.4035]]]},"properties":{"commune_code":"07351","commune_name":"Xã Ngọc Thiện","commune_kind":"XA","province_code":"24","province_name":"Tỉnh Bắc Ninh","area_km2":51.26,"valid_from":"16/6/2025","published":"13/07/2025","area_km2_geom":51.62191695816131,"quality_flag":null,"population":56702.00000000001,"population_wp":54733.66921950877,"anchor_ratio":1.035961973837297,"pop_source":"WORLDPOP2025_ANCHORED_VNSDI","pop_density_ppkm2":1098.4094226093157,"n_stations":3,"n_ports":18,"power_kw_site":870.0,"ports_per_10k_pop":3.174491199604952,"util_mean_port_weighted":0.1448154677610297,"dist_station_m_pop_weighted":2944.73649993293}},{"type":"Feature","geometry":{"type":"Polygon","coordinates":[[[106.24265,21.4037],[106.24252,21.40373],[106.24245,21.40373],[106.2417,21.4037],[106.24116,21.40357],[106.23864,21.40281],[106.2378,21.40227],[106.23773,21.40221],[106.23743,21.40176],[106.23586,21.39372],[106.23802,21.39007],[106.23848,21.38937],[106.23908,21.38914],[106.24343,21.38915],[106.24594,21.38903],[106.24617,21.38898],[106.24704,21.38877],[106.2493,21.38822],[106.24963,21.38809],[106.24993,21.38693],[106.24985,21.38599],[106.2496,21.38371],[106.24887,21.38056],[106.24805,21.37782],[106.24502,21.37197],[106.244,21.3705],[106.24178,21.36817],[106.24102,21.36607],[106.24209,21.36076],[106.24337,21.35728],[106.24406,21.35743],[106.24415,21.35741],[106.24462,21.35717],[106.24456,21.3569],[106.2443,21.35596],[106.24425,21.35583],[106.24421,21.35571],[106.2442,21.3557],[106.24265,21.35241],[106.24159,21.35085],[106.23202,21.34635],[106.23129,21.34602],[106.23084,21.3459],[106.23062,21.34595],[106.23036,21.34638],[106.22955,21.34775],[106.22924,21.34789],[106.22874,21.348],[106.22238,21.34927],[106.22169,21.34908],[106.21969,21.3484],[106.21939,21.34826],[106.21918,21.3479],[106.21911,21.34717],[106.21919,21.34703],[106.2193,21.34696],[106.21986,21.34686],[106.22011,21.34694],[106.22025,21.347],[106.22061,21.34695],[106.22102,21.34682],[106.22133,21.34669],[106.22262,21.3461],[106.2255,21.34444],[106.22634,21.34375],[106.22905,21.34123],[106.22936,21.34069],[106.22948,21.34044],[106.22899,21.33912],[106.22937,21.33034],[106.23283,21.32679],[106.2356,21.32323],[106.23615,21.32243],[106.2371,21.32356],[106.23772,21.32418],[106.2389,21.32529],[106.23893,21.32531],[106.23912,21.32528],[106.24128,21.32479],[106.24133,21.32475],[106.24413,21.32237],[106.24717,21.32221],[106.24811,21.32477],[106.24841,21.32548],[106.24871,21.32613],[106.24921,21.32621],[106.25125,21.32575],[106.25189,21.32559],[106.25251,21.32543],[106.25343,21.3248],[106.25355,21.32462],[106.25604,21.32084],[106.25714,21.31622],[106.25679,21.31559],[106.25656,21.31516],[106.25651,21.31504],[106.2566,21.31464],[106.25664,21.31454],[106.25685,21.31443],[106.25721,21.31426],[106.25736,21.31422],[106.25751,21.31419],[106.25939,21.31446],[106.25956,21.3145],[106.26086,21.31503],[106.26226,21.3161],[106.26402,21.31714],[106.2652,21.31698],[106.26819,21.31593],[106.27016,21.31529],[106.27175,21.31526],[106.2748,21.31688],[106.27805,21.31994],[106.28237,21.32712],[106.28295,21.32773],[106.28618,21.32801],[106.28899,21.33011],[106.29059,21.33161],[106.29066,21.33164],[106.29105,21.33177],[106.29218,21.33094],[106.29243,21.33078],[106.29351,21.33025],[106.29639,21.33127],[106.2987,21.33312],[106.30585,21.3364],[106.31061,21.33812],[106.31157,21.33868],[106.31261,21.33968],[106.31398,21.34282],[106.31465,21.345],[106.31497,21.35137],[106.31317,21.3553],[106.31395,21.36147],[106.31482,21.36426],[106.31355,21.36832],[106.31254,21.3704],[106.31158,21.3721],[106.31129,21.37256],[106.3108,21.3731],[106.30726,21.37328],[106.30644,21.372],[106.30608,21.37139],[106.30593,21.37107],[106.30566,21.37044],[106.3039,21.36949],[106.3004,21.37053],[106.30026,21.37059],[106.29871,21.37182],[106.29789,21.37292],[106.29438,21.3766],[106.28819,21.38289],[106.2833,21.38485],[106.28323,21.3847],[106.28315,21.38463],[106.28301,21.38457],[106.28279,21.38449],[106.28225,21.38432],[106.28032,21.38415],[106.27993,21.38495],[106.27987,21.38535],[106.27965,21.38717],[106.2803,21.39114],[106.28159,21.39329],[106.28256,21.39388],[106.28356,21.39456],[106.28514,21.39587],[106.28601,21.39661],[106.28648,21.39797],[106.28579,21.39859],[106.28482,21.39919],[106.28322,21.39959],[106.28294,21.39965],[106.28262,21.39968],[106.28237,21.39966],[106.28231,21.39964],[106.2819,21.39954],[106.2791,21.39862],[106.2692,21.39882],[106.26838,21.3985],[106.26256,21.39635],[106.26136,21.39592],[106.24928,21.39985],[106.24862,21.40023],[106.24621,21.40183],[106.24596,21.40201],[106.24265,21.4037]]]},"properties":{"commune_code":"07375","commune_name":"Xã Lạng Giang","commune_kind":"XA","province_code":"24","province_name":"Tỉnh Bắc Ninh","area_km2":55.41,"valid_from":"16/6/2025","published":"13/07/2025","area_km2_geom":55.18203275696125,"quality_flag":null,"population":63413.0,"population_wp":58587.91992338747,"anchor_ratio":1.0823562277500558,"pop_source":"WORLDPOP2025_ANCHORED_VNSDI","pop_density_ppkm2":1149.1602761226734,"n_stations":2,"n_ports":14,"power_kw_site":467.0,"ports_per_10k_pop":2.207749199690915,"util_mean_port_weighted":0.13457264892636614,"dist_station_m_pop_weighted":2632.3973104386323}},{"type":"Feature","geometry":{"type":"Polygon","coordinates":[[[106.23889,21.46429],[106.23761,21.46439],[106.23731,21.46415],[106.23709,21.46397],[106.23669,21.46364],[106.23348,21.45628],[106.23276,21.45165],[106.22886,21.44988],[106.22592,21.45224],[106.22444,21.45278],[106.22321,21.45245],[106.22161,21.45036],[106.22078,21.44822],[106.2196,21.44756],[106.21863,21.44766],[106.21811,21.44832],[106.21802,21.44843],[106.21752,21.45011],[106.2175,21.45312],[106.21721,21.45489],[106.21645,21.45542],[106.2157,21.45542],[106.21517,21.45543],[106.21286,21.45454],[106.20947,21.4515],[106.20929,21.45132],[106.20767,21.4497],[106.2072,21.44841],[106.20734,21.44722],[106.20773,21.44675],[106.2083,21.44606],[106.20926,21.44505],[106.20951,21.44371],[106.20888,21.44223],[106.20749,21.44057],[106.20523,21.43934],[106.20334,21.43897],[106.20135,21.43937],[106.19804,21.44083],[106.19692,21.4406],[106.1964,21.44008],[106.19604,21.43941],[106.19582,21.43735],[106.19667,21.43497],[106.19762,21.43227],[106.19776,21.43127],[106.1973,21.43032],[106.19504,21.42904],[106.19386,21.42874],[106.19233,21.42834],[106.19228,21.42836],[106.19023,21.42892],[106.18968,21.42978],[106.18731,21.43338],[106.18704,21.43369],[106.18637,21.43444],[106.18574,21.43481],[106.18512,21.43481],[106.18169,21.43362],[106.18123,21.43316],[106.1812,21.43314],[106.18122,21.43262],[106.18138,21.4319],[106.1815,21.43137],[106.18265,21.42873],[106.18297,21.42787],[106.18302,21.42746],[106.18289,21.42694],[106.18093,21.42468],[106.18,21.4238],[106.17908,21.42318],[106.17416,21.41989],[106.17268,21.41888],[106.1713,21.41769],[106.16976,21.41605],[106.16896,21.41462],[106.16885,21.41443],[106.16881,21.41426],[106.16827,21.41226],[106.16707,21.4061],[106.16692,21.40449],[106.168,21.39763],[106.16861,21.39655],[106.16998,21.39597],[106.17364,21.39159],[106.17393,21.38669],[106.17461,21.3855],[106.17652,21.38553],[106.18007,21.38641],[106.18002,21.38666],[106.18005,21.38681],[106.18012,21.38694],[106.18061,21.38764],[106.18189,21.38881],[106.18198,21.38888],[106.18601,21.39043],[106.18941,21.3916],[106.19009,21.39161],[106.19415,21.39022],[106.20034,21.38837],[106.20318,21.38779],[106.20997,21.38814],[106.21793,21.38407],[106.22599,21.3818],[106.22879,21.38269],[106.23432,21.38389],[106.2352,21.38421],[106.23717,21.38617],[106.23871,21.38854],[106.23908,21.38914],[106.23848,21.38937],[106.23802,21.39007],[106.23586,21.39372],[106.23743,21.40176],[106.23773,21.40221],[106.2378,21.40227],[106.23864,21.40281],[106.24116,21.40357],[106.2417,21.4037],[106.24245,21.40373],[106.24252,21.40373],[106.24265,21.4037],[106.24596,21.40201],[106.24654,21.40269],[106.25087,21.40684],[106.25512,21.4109],[106.25722,21.4146],[106.25842,21.41811],[106.25789,21.41906],[106.25814,21.41969],[106.25915,21.42212],[106.25994,21.4231],[106.2643,21.42741],[106.26244,21.42838],[106.25891,21.43052],[106.25805,21.43104],[106.25782,21.43119],[106.25671,21.43235],[106.25336,21.43672],[106.25183,21.44035],[106.24984,21.4444],[106.24756,21.44478],[106.24632,21.44496],[106.2448,21.447],[106.24439,21.44801],[106.24431,21.44795],[106.24334,21.44805],[106.24253,21.44877],[106.23789,21.45541],[106.23759,21.45641],[106.23776,21.4577],[106.23868,21.45859],[106.23977,21.45965],[106.24101,21.4616],[106.24107,21.46303],[106.24057,21.46375],[106.23893,21.46427],[106.23889,21.46429]]]},"properties":{"commune_code":"07381","commune_name":"Xã Tiên Lục","commune_kind":"XA","province_code":"24","province_name":"Tỉnh Bắc Ninh","area_km2":51.49,"valid_from":"16/6/2025","published":"13/07/2025","area_km2_geom":51.064548239369906,"quality_flag":null,"population":59220.0,"population_wp":56189.34999637678,"anchor_ratio":1.053936377691122,"pop_source":"WORLDPOP2025_ANCHORED_VNSDI","pop_density_ppkm2":1159.7086832610491,"n_stations":2,"n_ports":5,"power_kw_site":240.0,"ports_per_10k_pop":0.8443093549476528,"util_mean_port_weighted":0.14962971991713353,"dist_station_m_pop_weighted":2580.3943128929745}},{"type":"Feature","geometry":{"type":"Polygon","coordinates":[[[106.25662,21.45966],[106.25565,21.46015],[106.25436,21.45997],[106.25402,21.45992],[106.25042,21.4578],[106.24719,21.45586],[106.24686,21.45516],[106.24615,21.45362],[106.24572,21.45081],[106.24529,21.44875],[106.24439,21.44801],[106.2448,21.447],[106.24632,21.44496],[106.24756,21.44478],[106.24984,21.4444],[106.25183,21.44035],[106.25336,21.43672],[106.25671,21.43235],[106.25782,21.43119],[106.25805,21.43104],[106.25891,21.43052],[106.26244,21.42838],[106.2643,21.42741],[106.25994,21.4231],[106.25915,21.42212],[106.25814,21.41969],[106.25789,21.41906],[106.25842,21.41811],[106.25722,21.4146],[106.25512,21.4109],[106.25087,21.40684],[106.24654,21.40269],[106.24596,21.40201],[106.24621,21.40183],[106.24862,21.40023],[106.24928,21.39985],[106.26136,21.39592],[106.26256,21.39635],[106.26838,21.3985],[106.2692,21.39882],[106.2791,21.39862],[106.2819,21.39954],[106.28231,21.39964],[106.28237,21.39966],[106.28262,21.39968],[106.28294,21.39965],[106.28322,21.39959],[106.28482,21.39919],[106.28579,21.39859],[106.28648,21.39797],[106.28601,21.39661],[106.28514,21.39587],[106.28356,21.39456],[106.28256,21.39388],[106.28159,21.39329],[106.2803,21.39114],[106.27965,21.38717],[106.27987,21.38535],[106.27993,21.38495],[106.28032,21.38415],[106.28225,21.38432],[106.28279,21.38449],[106.28301,21.38457],[106.28315,21.38463],[106.28323,21.3847],[106.2833,21.38485],[106.28819,21.38289],[106.29438,21.3766],[106.29789,21.37292],[106.29871,21.37182],[106.30026,21.37059],[106.3004,21.37053],[106.3039,21.36949],[106.30566,21.37044],[106.30593,21.37107],[106.30608,21.37139],[106.30644,21.372],[106.30726,21.37328],[106.3108,21.3731],[106.31129,21.37256],[106.31158,21.3721],[106.31156,21.37238],[106.31199,21.37306],[106.31595,21.37511],[106.31714,21.37553],[106.31764,21.37545],[106.31859,21.37502],[106.32111,21.37464],[106.32322,21.37469],[106.32464,21.37501],[106.32756,21.37645],[106.32925,21.37762],[106.33003,21.37848],[106.33007,21.37883],[106.33,21.37923],[106.33036,21.38109],[106.33552,21.38496],[106.33979,21.38679],[106.3403,21.38849],[106.34074,21.39019],[106.34286,21.39264],[106.34572,21.39488],[106.34978,21.39712],[106.34968,21.39752],[106.34893,21.39892],[106.3474,21.40025],[106.34638,21.4007],[106.34431,21.40086],[106.34262,21.39994],[106.34162,21.39966],[106.33947,21.39961],[106.33734,21.40034],[106.33362,21.40381],[106.32677,21.40831],[106.32667,21.40837],[106.32534,21.40925],[106.32479,21.40962],[106.32389,21.41149],[106.32406,21.41318],[106.32412,21.41381],[106.32414,21.414],[106.3258,21.42051],[106.32678,21.4235],[106.32715,21.42467],[106.3297,21.43356],[106.33141,21.43953],[106.32935,21.44457],[106.32911,21.44606],[106.32784,21.44697],[106.3258,21.44734],[106.32325,21.44692],[106.32132,21.44685],[106.32012,21.44686],[106.31948,21.44687],[106.31769,21.44717],[106.31581,21.44752],[106.31459,21.448],[106.31353,21.4493],[106.31232,21.45113],[106.3114,21.45166],[106.31033,21.45177],[106.30961,21.45161],[106.30946,21.45158],[106.30786,21.45056],[106.30628,21.44954],[106.30484,21.44837],[106.30437,21.44765],[106.30436,21.4466],[106.3044,21.44634],[106.30457,21.44535],[106.3047,21.4444],[106.30454,21.44345],[106.30397,21.44269],[106.30317,21.4424],[106.30264,21.44222],[106.30167,21.44208],[106.29656,21.44297],[106.29462,21.44335],[106.29265,21.4442],[106.29198,21.44488],[106.29107,21.44582],[106.28975,21.44768],[106.28798,21.44997],[106.28601,21.45112],[106.28416,21.45161],[106.28161,21.45151],[106.27832,21.45112],[106.27678,21.45052],[106.27424,21.44947],[106.27225,21.44865],[106.26893,21.44752],[106.26867,21.44743],[106.2685,21.44743],[106.26535,21.44746],[106.25617,21.44896],[106.255,21.44992],[106.25476,21.45146],[106.25664,21.45627],[106.25707,21.45866],[106.25687,21.45909],[106.25662,21.45966]]]},"properties":{"commune_code":"07399","commune_name":"Xã Kép","commune_kind":"XA","province_code":"24","province_name":"Tỉnh Bắc Ninh","area_km2":58.65,"valid_from":"16/6/2025","published":"13/07/2025","area_km2_geom":58.27351363622336,"quality_flag":null,"population":42575.99999999999,"population_wp":38523.62084043771,"anchor_ratio":1.1051920632369157,"pop_source":"WORLDPOP2025_ANCHORED_VNSDI","pop_density_ppkm2":730.6235259089362,"n_stations":2,"n_ports":11,"power_kw_site":343.5,"ports_per_10k_pop":2.583615182262308,"util_mean_port_weighted":0.2022836989604728,"dist_station_m_pop_weighted":3109.121183025358}},{"type":"Feature","geometry":{"type":"Polygon","coordinates":[[[106.19415,21.39022],[106.19009,21.39161],[106.18941,21.3916],[106.18601,21.39043],[106.18198,21.38888],[106.18189,21.38881],[106.18061,21.38764],[106.18012,21.38694],[106.18005,21.38681],[106.18002,21.38666],[106.18007,21.38641],[106.17652,21.38553],[106.17461,21.3855],[106.17594,21.38406],[106.17624,21.38374],[106.17677,21.38248],[106.17694,21.38004],[106.17743,21.37846],[106.17866,21.37628],[106.17983,21.3749],[106.18062,21.37429],[106.18212,21.37398],[106.18374,21.37385],[106.18479,21.37343],[106.18526,21.37289],[106.18542,21.37217],[106.18529,21.37142],[106.18088,21.36563],[106.17991,21.36356],[106.17994,21.36238],[106.17995,21.36235],[106.18028,21.3618],[106.18154,21.36154],[106.18226,21.3617],[106.18236,21.36173],[106.18353,21.36199],[106.18625,21.36258],[106.1874,21.36258],[106.18827,21.36225],[106.18839,21.36221],[106.1921,21.35652],[106.19261,21.35422],[106.19357,21.34468],[106.19349,21.34331],[106.19243,21.34031],[106.19118,21.33716],[106.19028,21.33551],[106.18994,21.33488],[106.18611,21.33035],[106.18422,21.32861],[106.18207,21.32712],[106.18207,21.32712],[106.18118,21.32569],[106.18082,21.32444],[106.18108,21.32275],[106.18202,21.32113],[106.18308,21.32023],[106.19016,21.31509],[106.19191,21.31396],[106.19362,21.31287],[106.20074,21.3128],[106.20242,21.31142],[106.20275,21.31097],[106.20292,21.31075],[106.20298,21.31042],[106.20301,21.31009],[106.20303,21.30943],[106.20292,21.30861],[106.20279,21.30768],[106.20278,21.30762],[106.20269,21.30686],[106.20274,21.30644],[106.20295,21.30592],[106.20324,21.30553],[106.20381,21.30512],[106.20825,21.30188],[106.21093,21.29992],[106.2131,21.30055],[106.21654,21.30127],[106.22251,21.30017],[106.22406,21.30137],[106.22338,21.30151],[106.22275,21.30191],[106.22213,21.30262],[106.22174,21.3031],[106.22167,21.30357],[106.22275,21.30785],[106.2228,21.30802],[106.22295,21.30829],[106.22557,21.31174],[106.22943,21.3157],[106.23637,21.32145],[106.23615,21.32243],[106.2356,21.32323],[106.23283,21.32679],[106.22937,21.33034],[106.22899,21.33912],[106.22948,21.34044],[106.22936,21.34069],[106.22905,21.34123],[106.22634,21.34375],[106.2255,21.34444],[106.22262,21.3461],[106.22133,21.34669],[106.22102,21.34682],[106.22061,21.34695],[106.22025,21.347],[106.22011,21.34694],[106.21986,21.34686],[106.2193,21.34696],[106.21919,21.34703],[106.21911,21.34717],[106.21918,21.3479],[106.21939,21.34826],[106.21969,21.3484],[106.22169,21.34908],[106.22238,21.34927],[106.22874,21.348],[106.22924,21.34789],[106.22955,21.34775],[106.23036,21.34638],[106.23062,21.34595],[106.23084,21.3459],[106.23129,21.34602],[106.23202,21.34635],[106.24159,21.35085],[106.24265,21.35241],[106.2442,21.3557],[106.24421,21.35571],[106.24425,21.35583],[106.2443,21.35596],[106.24456,21.3569],[106.24462,21.35717],[106.24415,21.35741],[106.24406,21.35743],[106.24337,21.35728],[106.24209,21.36076],[106.24102,21.36607],[106.24178,21.36817],[106.244,21.3705],[106.24502,21.37197],[106.24805,21.37782],[106.24887,21.38056],[106.2496,21.38371],[106.24985,21.38599],[106.24993,21.38693],[106.24963,21.38809],[106.2493,21.38822],[106.24704,21.38877],[106.24617,21.38898],[106.24594,21.38903],[106.24343,21.38915],[106.23908,21.38914],[106.23871,21.38854],[106.23717,21.38617],[106.2352,21.38421],[106.23432,21.38389],[106.22879,21.38269],[106.22599,21.3818],[106.21793,21.38407],[106.20997,21.38814],[106.20318,21.38779],[106.20034,21.38837],[106.19415,21.39022]]]},"properties":{"commune_code":"07420","commune_name":"Xã Mỹ Thái","commune_kind":"XA","province_code":"24","province_name":"Tỉnh Bắc Ninh","area_km2":46.63,"valid_from":"16/6/2025","published":"13/07/2025","area_km2_geom":46.553501351729565,"quality_flag":null,"population":46469.0,"population_wp":41557.11886949092,"anchor_ratio":1.1181959015478122,"pop_source":"WORLDPOP2025_ANCHORED_VNSDI","pop_density_ppkm2":998.1848550747853,"n_stations":2,"n_ports":18,"power_kw_site":547.0,"ports_per_10k_pop":3.8735501086746003,"util_mean_port_weighted":0.10767405411286314,"dist_station_m_pop_weighted":3409.9790778958004}},{"type":"Feature","geometry":{"type":"Polygon","coordinates":[[[106.29218,21.33094],[106.29105,21.33177],[106.29066,21.33164],[106.29059,21.33161],[106.28899,21.33011],[106.28618,21.32801],[106.28295,21.32773],[106.28237,21.32712],[106.27805,21.31994],[106.2748,21.31688],[106.27175,21.31526],[106.27016,21.31529],[106.26819,21.31593],[106.2652,21.31698],[106.26402,21.31714],[106.26226,21.3161],[106.26086,21.31503],[106.25956,21.3145],[106.25939,21.31446],[106.25751,21.31419],[106.25736,21.31422],[106.25721,21.31426],[106.25685,21.31443],[106.25664,21.31454],[106.2566,21.31464],[106.25651,21.31504],[106.25656,21.31516],[106.25679,21.31559],[106.25714,21.31622],[106.25604,21.32084],[106.25355,21.32462],[106.25343,21.3248],[106.25251,21.32543],[106.25189,21.32559],[106.25125,21.32575],[106.24921,21.32621],[106.24871,21.32613],[106.24841,21.32548],[106.24811,21.32477],[106.24717,21.32221],[106.24413,21.32237],[106.24133,21.32475],[106.24128,21.32479],[106.23912,21.32528],[106.23893,21.32531],[106.2389,21.32529],[106.23772,21.32418],[106.2371,21.32356],[106.23615,21.32243],[106.23637,21.32145],[106.22943,21.3157],[106.22557,21.31174],[106.22295,21.30829],[106.2228,21.30802],[106.22275,21.30785],[106.22167,21.30357],[106.22174,21.3031],[106.22213,21.30262],[106.22275,21.30191],[106.22338,21.30151],[106.22406,21.30137],[106.22607,21.29709],[106.22806,21.29599],[106.23056,21.29551],[106.23807,21.29529],[106.24022,21.29765],[106.24186,21.29896],[106.24657,21.29667],[106.24646,21.29589],[106.24646,21.29588],[106.24901,21.29205],[106.2532,21.28952],[106.25637,21.28699],[106.2569,21.28631],[106.25703,21.28558],[106.25705,21.28511],[106.25684,21.28458],[106.25483,21.28027],[106.25449,21.27983],[106.25186,21.27776],[106.25335,21.27433],[106.25371,21.27418],[106.2544,21.27421],[106.26274,21.2791],[106.26374,21.27941],[106.26431,21.2793],[106.26618,21.2785],[106.26785,21.27737],[106.27043,21.27477],[106.27199,21.2734],[106.27393,21.27234],[106.27493,21.27237],[106.27547,21.2728],[106.2759,21.27405],[106.27594,21.27513],[106.27531,21.27646],[106.27411,21.28016],[106.27431,21.2807],[106.27496,21.2813],[106.27565,21.28144],[106.2781,21.28106],[106.28184,21.28064],[106.28284,21.2807],[106.28346,21.28127],[106.28455,21.28545],[106.28657,21.28671],[106.28746,21.28715],[106.28828,21.28653],[106.29486,21.28605],[106.29792,21.28606],[106.29865,21.28635],[106.29894,21.28641],[106.29923,21.28635],[106.30112,21.28594],[106.30117,21.28589],[106.30119,21.28583],[106.3013,21.28508],[106.30333,21.28479],[106.30367,21.28475],[106.30415,21.28478],[106.30525,21.28501],[106.30568,21.28516],[106.30575,21.28525],[106.30576,21.28544],[106.30576,21.2856],[106.30572,21.28568],[106.31415,21.28704],[106.31762,21.28747],[106.31862,21.28781],[106.3189,21.28794],[106.32083,21.28974],[106.3196,21.29294],[106.32012,21.29808],[106.31392,21.30306],[106.3119,21.30275],[106.30819,21.30196],[106.30392,21.30099],[106.30183,21.30052],[106.29858,21.30152],[106.29433,21.30369],[106.29457,21.30754],[106.2946,21.30758],[106.2949,21.30855],[106.29491,21.30911],[106.29426,21.31295],[106.29249,21.31879],[106.29122,21.32342],[106.29422,21.32422],[106.29553,21.32468],[106.29561,21.32518],[106.29561,21.32593],[106.29508,21.32666],[106.29288,21.32847],[106.29189,21.32926],[106.29178,21.32984],[106.29175,21.33045],[106.29217,21.33084],[106.29243,21.33078],[106.29218,21.33094]]]},"properties":{"commune_code":"07432","commune_name":"Xã Tân Dĩnh","commune_kind":"XA","province_code":"24","province_name":"Tỉnh Bắc Ninh","area_km2":31.96,"valid_from":"16/6/2025","published":"13/07/2025","area_km2_geom":32.195095457046946,"quality_flag":null,"population":35334.0,"population_wp":32524.9211315047,"anchor_ratio":1.0863669694120899,"pop_source":"WORLDPOP2025_ANCHORED_VNSDI","pop_density_ppkm2":1097.4963577027072,"n_stations":0,"n_ports":0,"power_kw_site":0.0,"ports_per_10k_pop":0.0,"util_mean_port_weighted":null,"dist_station_m_pop_weighted":3142.250532340087}},{"type":"Feature","geometry":{"type":"Polygon","coordinates":[[[106.43335,21.34096],[106.429,21.34116],[106.42555,21.33872],[106.42338,21.33859],[106.42088,21.33782],[106.41746,21.33429],[106.41421,21.33079],[106.41462,21.32998],[106.41508,21.32891],[106.41505,21.32815],[106.41491,21.32744],[106.41488,21.32737],[106.41473,21.32718],[106.41435,21.32674],[106.41256,21.32491],[106.41252,21.32488],[106.41226,21.32506],[106.41161,21.3256],[106.4101,21.32688],[106.40075,21.32456],[106.39911,21.32408],[106.39836,21.3227],[106.39792,21.3206],[106.39839,21.31792],[106.39731,21.31599],[106.39452,21.31501],[106.39336,21.31643],[106.38915,21.31642],[106.38532,21.31402],[106.3795,21.31239],[106.36965,21.31216],[106.3668,21.31226],[106.36067,21.31601],[106.35975,21.31949],[106.35439,21.32002],[106.34838,21.32129],[106.34454,21.32261],[106.33956,21.32226],[106.33624,21.32026],[106.33606,21.32012],[106.33576,21.31985],[106.33563,21.3196],[106.33561,21.31958],[106.33527,21.31881],[106.32897,21.31215],[106.32822,21.31179],[106.32808,21.31179],[106.3266,21.3121],[106.32652,21.31212],[106.32325,21.31436],[106.32296,21.31467],[106.32212,21.31786],[106.32154,21.31982],[106.32128,21.32015],[106.32036,21.32107],[106.31982,21.32158],[106.31914,21.32212],[106.31908,21.32216],[106.31649,21.32348],[106.31638,21.32349],[106.31626,21.32348],[106.31609,21.32341],[106.3153,21.32292],[106.30789,21.31777],[106.30768,21.31762],[106.30478,21.31287],[106.30418,21.31152],[106.30412,21.31098],[106.30417,21.3107],[106.30428,21.31032],[106.30445,21.3101],[106.30541,21.30469],[106.30514,21.30314],[106.3043,21.30163],[106.30397,21.30107],[106.30392,21.30099],[106.30819,21.30196],[106.3119,21.30275],[106.31392,21.30306],[106.32012,21.29808],[106.3196,21.29294],[106.32083,21.28974],[106.32692,21.2908],[106.32643,21.28819],[106.33397,21.28904],[106.33789,21.28922],[106.34013,21.28805],[106.34303,21.28645],[106.34979,21.28626],[106.35811,21.28571],[106.36198,21.28329],[106.36307,21.28261],[106.36343,21.28247],[106.36392,21.28252],[106.37064,21.28524],[106.37688,21.28526],[106.38408,21.28517],[106.38611,21.28196],[106.38983,21.2792],[106.39914,21.27734],[106.40181,21.2771],[106.4034,21.28281],[106.40488,21.28777],[106.4078,21.28796],[106.40793,21.28792],[106.40856,21.28755],[106.40862,21.2875],[106.40871,21.28742],[106.40889,21.28698],[106.41014,21.28579],[106.41191,21.28446],[106.41267,21.28424],[106.41359,21.28401],[106.4155,21.2836],[106.41631,21.28344],[106.41772,21.28351],[106.41806,21.28354],[106.41824,21.28358],[106.41843,21.28364],[106.4186,21.28373],[106.4188,21.28384],[106.41905,21.28387],[106.41985,21.28379],[106.42149,21.28362],[106.42157,21.28361],[106.42159,21.28361],[106.42194,21.28351],[106.42217,21.28342],[106.42249,21.28331],[106.4227,21.28322],[106.42293,21.28308],[106.42428,21.28224],[106.42515,21.2815],[106.42724,21.27867],[106.42861,21.2764],[106.42897,21.27579],[106.4299,21.27499],[106.43204,21.27522],[106.43231,21.27525],[106.43394,21.27557],[106.43563,21.27605],[106.4359,21.27615],[106.43606,21.27623],[106.43963,21.27823],[106.43984,21.27838],[106.44011,21.27856],[106.44013,21.27863],[106.44,21.27995],[106.44054,21.28459],[106.44219,21.29383],[106.44186,21.29463],[106.44181,21.29477],[106.44175,21.29583],[106.44174,21.29668],[106.44176,21.29699],[106.44178,21.29715],[106.44186,21.29748],[106.44222,21.29841],[106.44239,21.29861],[106.44266,21.29888],[106.44286,21.299],[106.44329,21.29913],[106.44499,21.29939],[106.44659,21.29951],[106.44734,21.29953],[106.44771,21.29954],[106.44859,21.29959],[106.44897,21.29973],[106.45176,21.30274],[106.4513,21.30499],[106.4522,21.30702],[106.45149,21.30738],[106.44955,21.31029],[106.44777,21.3134],[106.44764,21.31505],[106.44762,21.31572],[106.44764,21.31597],[106.44773,21.31607],[106.44793,21.31613],[106.44816,21.31616],[106.44853,21.31616],[106.4489,21.31609],[106.44929,21.31592],[106.45163,21.31681],[106.44911,21.32119],[106.44822,21.32547],[106.44412,21.32804],[106.44302,21.32664],[106.44157,21.3259],[106.43943,21.32674],[106.43864,21.32711],[106.43363,21.33281],[106.43505,21.33595],[106.43568,21.337],[106.43588,21.34019],[106.43587,21.34021],[106.43586,21.34034],[106.43584,21.34049],[106.4358,21.3406],[106.43575,21.34072],[106.43567,21.34085],[106.43559,21.34095],[106.4355,21.34103],[106.43335,21.34096]]]},"properties":{"commune_code":"07444","commune_name":"Xã Lục Nam","commune_kind":"XA","province_code":"24","province_name":"Tỉnh Bắc Ninh","area_km2":58.91,"valid_from":"16/6/2025","published":"13/07/2025","area_km2_geom":58.94739914019341,"quality_flag":null,"population":58050.0,"population_wp":55410.22302484885,"anchor_ratio":1.0476406127072857,"pop_source":"WORLDPOP2025_ANCHORED_VNSDI","pop_density_ppkm2":984.7762725195196,"n_stations":4,"n_ports":17,"power_kw_site":570.0,"ports_per_10k_pop":2.9285099052540913,"util_mean_port_weighted":0.331189668405679,"dist_station_m_pop_weighted":1898.995897487018}},{"type":"Feature","geometry":{"type":"Polygon","coordinates":[[[106.43919,21.44202],[106.43782,21.44217],[106.43651,21.44161],[106.43527,21.44069],[106.42982,21.43901],[106.42745,21.43939],[106.42508,21.43948],[106.41917,21.43747],[106.41893,21.43738],[106.41888,21.43734],[106.41507,21.43376],[106.4136,21.43248],[106.40998,21.43072],[106.40706,21.42945],[106.40572,21.42855],[106.4056,21.42846],[106.40535,21.4266],[106.40601,21.42351],[106.40736,21.42056],[106.40905,21.41927],[106.40926,21.41911],[106.41322,21.41775],[106.41353,21.41764],[106.41497,21.41598],[106.41563,21.4126],[106.41582,21.40895],[106.41582,21.40894],[106.41504,21.4073],[106.41273,21.40603],[106.40789,21.40457],[106.40781,21.40455],[106.40498,21.40402],[106.40044,21.40509],[106.4001,21.3957],[106.39997,21.38984],[106.39995,21.38967],[106.39955,21.38798],[106.39933,21.38714],[106.39819,21.38446],[106.39672,21.38241],[106.39625,21.38164],[106.39638,21.38032],[106.39658,21.37977],[106.39671,21.37943],[106.39711,21.37861],[106.39825,21.37738],[106.3992,21.37671],[106.4008,21.37123],[106.39986,21.36411],[106.39921,21.36112],[106.39721,21.36014],[106.39521,21.35903],[106.3949,21.3585],[106.39436,21.35597],[106.39371,21.35174],[106.39372,21.35141],[106.39405,21.34855],[106.40022,21.3485],[106.40765,21.3474],[106.41165,21.34556],[106.41878,21.3431],[106.41907,21.34312],[106.41983,21.34313],[106.41998,21.34308],[106.42011,21.343],[106.42169,21.34178],[106.42271,21.3405],[106.42279,21.34039],[106.42287,21.34025],[106.42292,21.34011],[106.42315,21.33935],[106.42336,21.33866],[106.42338,21.33859],[106.42555,21.33872],[106.429,21.34116],[106.43335,21.34096],[106.4355,21.34103],[106.43559,21.34095],[106.43567,21.34085],[106.43575,21.34072],[106.4358,21.3406],[106.43584,21.34049],[106.43586,21.34034],[106.43587,21.34021],[106.43588,21.34019],[106.43568,21.337],[106.43505,21.33595],[106.43363,21.33281],[106.43864,21.32711],[106.43943,21.32674],[106.44157,21.3259],[106.44302,21.32664],[106.44412,21.32804],[106.44803,21.33488],[106.44886,21.33678],[106.44891,21.33699],[106.44891,21.33709],[106.4487,21.33793],[106.44895,21.33892],[106.44937,21.33983],[106.4497,21.34017],[106.44996,21.34043],[106.45102,21.34075],[106.45322,21.34137],[106.45462,21.3417],[106.46061,21.34221],[106.46193,21.34232],[106.4628,21.34237],[106.46632,21.34199],[106.4687,21.34141],[106.47074,21.34059],[106.47272,21.33967],[106.47573,21.33932],[106.47934,21.3434],[106.47984,21.34373],[106.48037,21.34403],[106.48073,21.34416],[106.48216,21.34395],[106.48247,21.34386],[106.48288,21.34356],[106.48468,21.34435],[106.48673,21.34558],[106.48696,21.34612],[106.48687,21.34666],[106.4865,21.3484],[106.48597,21.34959],[106.48503,21.35062],[106.48382,21.35117],[106.47886,21.35548],[106.47763,21.35738],[106.47839,21.35834],[106.47806,21.36014],[106.47687,21.36101],[106.47232,21.36136],[106.46859,21.36449],[106.46679,21.36746],[106.46666,21.36812],[106.46657,21.36894],[106.46658,21.36919],[106.46683,21.36984],[106.46867,21.37241],[106.4697,21.3733],[106.4725,21.37367],[106.47479,21.37424],[106.47611,21.37479],[106.47891,21.37935],[106.4803,21.38349],[106.47854,21.38981],[106.47613,21.39584],[106.47626,21.39892],[106.47455,21.39914],[106.4715,21.40192],[106.46618,21.40694],[106.46027,21.41185],[106.45833,21.42083],[106.45822,21.42141],[106.45833,21.42217],[106.45943,21.42878],[106.46094,21.435],[106.46166,21.43711],[106.46229,21.43708],[106.46174,21.43716],[106.45647,21.43921],[106.45418,21.43952],[106.4531,21.43918],[106.45264,21.43903],[106.45148,21.43768],[106.44894,21.43641],[106.44565,21.43637],[106.44351,21.43717],[106.4417,21.43956],[106.44136,21.43988],[106.43919,21.44202]]]},"properties":{"commune_code":"07450","commune_name":"Xã Đông Phú","commune_kind":"XA","province_code":"24","province_name":"Tỉnh Bắc Ninh","area_km2":77.05,"valid_from":"16/6/2025","published":"13/07/2025","area_km2_geom":76.78383966356164,"quality_flag":null,"population":23733.0,"population_wp":19799.514781953767,"anchor_ratio":1.1986657380933092,"pop_source":"WORLDPOP2025_ANCHORED_VNSDI","pop_density_ppkm2":309.0884762208978,"n_stations":0,"n_ports":0,"power_kw_site":0.0,"ports_per_10k_pop":0.0,"util_mean_port_weighted":null,"dist_station_m_pop_weighted":5299.784948399476}},{"type":"Feature","geometry":{"type":"Polygon","coordinates":[[[106.40044,21.40509],[106.39917,21.40536],[106.39619,21.40524],[106.39356,21.4034],[106.39101,21.40062],[106.38693,21.39779],[106.38063,21.39547],[106.3774,21.39435],[106.37426,21.39438],[106.37182,21.39519],[106.37047,21.39655],[106.36924,21.39779],[106.36764,21.39845],[106.36588,21.39846],[106.36372,21.39742],[106.36266,21.3969],[106.36165,21.39642],[106.35904,21.39601],[106.3514,21.39707],[106.34972,21.39802],[106.34805,21.39997],[106.3474,21.40025],[106.34893,21.39892],[106.34968,21.39752],[106.34978,21.39712],[106.34572,21.39488],[106.34286,21.39264],[106.34074,21.39019],[106.3403,21.38849],[106.33979,21.38679],[106.33552,21.38496],[106.33036,21.38109],[106.33,21.37923],[106.33007,21.37883],[106.33003,21.37848],[106.32925,21.37762],[106.32756,21.37645],[106.32464,21.37501],[106.32322,21.37469],[106.32111,21.37464],[106.31859,21.37502],[106.31764,21.37545],[106.31714,21.37553],[106.31595,21.37511],[106.31199,21.37306],[106.31156,21.37238],[106.31158,21.3721],[106.31254,21.3704],[106.31355,21.36832],[106.31482,21.36426],[106.31395,21.36147],[106.31317,21.3553],[106.31497,21.35137],[106.31465,21.345],[106.31398,21.34282],[106.31261,21.33968],[106.31157,21.33868],[106.31061,21.33812],[106.30585,21.3364],[106.2987,21.33312],[106.29639,21.33127],[106.29351,21.33025],[106.29243,21.33078],[106.29217,21.33084],[106.29175,21.33045],[106.29178,21.32984],[106.29189,21.32926],[106.29288,21.32847],[106.29508,21.32666],[106.29561,21.32593],[106.29561,21.32518],[106.29553,21.32468],[106.29422,21.32422],[106.29122,21.32342],[106.29249,21.31879],[106.29426,21.31295],[106.29491,21.30911],[106.2949,21.30855],[106.2946,21.30758],[106.29457,21.30754],[106.29433,21.30369],[106.29858,21.30152],[106.30183,21.30052],[106.30392,21.30099],[106.30397,21.30107],[106.3043,21.30163],[106.30514,21.30314],[106.30541,21.30469],[106.30445,21.3101],[106.30428,21.31032],[106.30417,21.3107],[106.30412,21.31098],[106.30418,21.31152],[106.30478,21.31287],[106.30768,21.31762],[106.30789,21.31777],[106.3153,21.32292],[106.31609,21.32341],[106.31626,21.32348],[106.31638,21.32349],[106.31649,21.32348],[106.31908,21.32216],[106.31914,21.32212],[106.31982,21.32158],[106.32036,21.32107],[106.32128,21.32015],[106.32154,21.31982],[106.32212,21.31786],[106.32296,21.31467],[106.32325,21.31436],[106.32652,21.31212],[106.3266,21.3121],[106.32808,21.31179],[106.32822,21.31179],[106.32897,21.31215],[106.33527,21.31881],[106.33561,21.31958],[106.33563,21.3196],[106.33576,21.31985],[106.33606,21.32012],[106.33624,21.32026],[106.33956,21.32226],[106.34454,21.32261],[106.34838,21.32129],[106.35439,21.32002],[106.35975,21.31949],[106.36067,21.31601],[106.3668,21.31226],[106.36965,21.31216],[106.3795,21.31239],[106.38532,21.31402],[106.38915,21.31642],[106.39336,21.31643],[106.39452,21.31501],[106.39731,21.31599],[106.39839,21.31792],[106.39792,21.3206],[106.39836,21.3227],[106.39911,21.32408],[106.40075,21.32456],[106.4101,21.32688],[106.41161,21.3256],[106.41226,21.32506],[106.41252,21.32488],[106.41256,21.32491],[106.41435,21.32674],[106.41473,21.32718],[106.41488,21.32737],[106.41491,21.32744],[106.41505,21.32815],[106.41508,21.32891],[106.41462,21.32998],[106.41421,21.33079],[106.41746,21.33429],[106.42088,21.33782],[106.42338,21.33859],[106.42336,21.33866],[106.42315,21.33935],[106.42292,21.34011],[106.42287,21.34025],[106.42279,21.34039],[106.42271,21.3405],[106.42169,21.34178],[106.42011,21.343],[106.41998,21.34308],[106.41983,21.34313],[106.41907,21.34312],[106.41878,21.3431],[106.41165,21.34556],[106.40765,21.3474],[106.40022,21.3485],[106.39405,21.34855],[106.39372,21.35141],[106.39371,21.35174],[106.39436,21.35597],[106.3949,21.3585],[106.39521,21.35903],[106.39721,21.36014],[106.39921,21.36112],[106.39986,21.36411],[106.4008,21.37123],[106.3992,21.37671],[106.39825,21.37738],[106.39711,21.37861],[106.39671,21.37943],[106.39658,21.37977],[106.39638,21.38032],[106.39625,21.38164],[106.39672,21.38241],[106.39819,21.38446],[106.39933,21.38714],[106.39955,21.38798],[106.39995,21.38967],[106.39997,21.38984],[106.4001,21.3957],[106.40044,21.40509]]]},"properties":{"commune_code":"07462","commune_name":"Xã Bảo Đài","commune_kind":"XA","province_code":"24","province_name":"Tỉnh Bắc Ninh","area_km2":83.02,"valid_from":"16/6/2025","published":"13/07/2025","area_km2_geom":83.0363924792177,"quality_flag":null,"population":59169.0,"population_wp":53475.85343306512,"anchor_ratio":1.1064620048385185,"pop_source":"WORLDPOP2025_ANCHORED_VNSDI","pop_density_ppkm2":712.5670833401003,"n_stations":4,"n_ports":24,"power_kw_site":776.0,"ports_per_10k_pop":4.0561780662171065,"util_mean_port_weighted":0.08981715449923555,"dist_station_m_pop_weighted":2755.2514246063292}},{"type":"Feature","geometry":{"type":"Polygon","coordinates":[[[106.47916,21.33019],[106.4777,21.33034],[106.47604,21.33017],[106.4745,21.32947],[106.47373,21.32852],[106.47366,21.32762],[106.47457,21.32385],[106.47468,21.32212],[106.47383,21.31968],[106.47383,21.31967],[106.4724,21.31652],[106.47103,21.31396],[106.46981,21.31284],[106.46873,21.31279],[106.4672,21.3131],[106.46587,21.31431],[106.46467,21.31628],[106.46436,21.31677],[106.4631,21.3175],[106.46106,21.3174],[106.45799,21.31647],[106.45795,21.31645],[106.45619,21.31541],[106.45451,21.31309],[106.4522,21.30702],[106.4513,21.30499],[106.45176,21.30274],[106.44897,21.29973],[106.44859,21.29959],[106.44771,21.29954],[106.44734,21.29953],[106.44659,21.29951],[106.44499,21.29939],[106.44329,21.29913],[106.44286,21.299],[106.44266,21.29888],[106.44239,21.29861],[106.44222,21.29841],[106.44186,21.29748],[106.44178,21.29715],[106.44176,21.29699],[106.44174,21.29668],[106.44175,21.29583],[106.44181,21.29477],[106.44186,21.29463],[106.44219,21.29383],[106.44054,21.28459],[106.44,21.27995],[106.44013,21.27863],[106.44011,21.27856],[106.43984,21.27838],[106.43963,21.27823],[106.43606,21.27623],[106.4359,21.27615],[106.43563,21.27605],[106.43394,21.27557],[106.43231,21.27525],[106.43204,21.27522],[106.4299,21.27499],[106.42897,21.27579],[106.42861,21.2764],[106.42724,21.27867],[106.42515,21.2815],[106.42428,21.28224],[106.42293,21.28308],[106.4227,21.28322],[106.42249,21.28331],[106.42217,21.28342],[106.42194,21.28351],[106.42159,21.28361],[106.42157,21.28361],[106.42149,21.28362],[106.41985,21.28379],[106.41905,21.28387],[106.4188,21.28384],[106.4186,21.28373],[106.41843,21.28364],[106.41824,21.28358],[106.41806,21.28354],[106.41772,21.28351],[106.41631,21.28344],[106.4155,21.2836],[106.41359,21.28401],[106.41267,21.28424],[106.41191,21.28446],[106.41014,21.28579],[106.40889,21.28698],[106.40871,21.28742],[106.40862,21.2875],[106.40856,21.28755],[106.40793,21.28792],[106.4078,21.28796],[106.40488,21.28777],[106.4034,21.28281],[106.40181,21.2771],[106.40149,21.27596],[106.40123,21.27296],[106.40132,21.27042],[106.40147,21.26648],[106.4006,21.25765],[106.39886,21.25457],[106.39682,21.25247],[106.39633,21.25195],[106.39214,21.24941],[106.38962,21.24834],[106.38868,21.24823],[106.38825,21.24816],[106.38849,21.24747],[106.38904,21.24591],[106.38965,21.24451],[106.3912,21.24422],[106.39148,21.24419],[106.39188,21.24417],[106.3919,21.24417],[106.39299,21.24415],[106.39832,21.24234],[106.40272,21.24065],[106.40309,21.24023],[106.40389,21.2395],[106.41143,21.23571],[106.4186,21.23326],[106.42136,21.23248],[106.4225,21.23182],[106.42358,21.23065],[106.42367,21.23021],[106.42416,21.23082],[106.42623,21.23137],[106.42799,21.23121],[106.43332,21.2293],[106.4336,21.22924],[106.43668,21.22849],[106.44181,21.22895],[106.44373,21.22925],[106.44702,21.22976],[106.45134,21.23133],[106.45147,21.23137],[106.45438,21.23206],[106.45598,21.23176],[106.45865,21.23045],[106.46222,21.2282],[106.46452,21.22713],[106.46862,21.2271],[106.46995,21.22741],[106.48074,21.22925],[106.48327,21.23059],[106.48651,21.23315],[106.48835,21.23349],[106.48953,21.23313],[106.49184,21.23088],[106.49359,21.23868],[106.49363,21.23881],[106.49368,21.23887],[106.49383,21.23901],[106.49852,21.24272],[106.50467,21.24572],[106.5078,21.24633],[106.50813,21.2465],[106.51187,21.25065],[106.51127,21.25371],[106.50917,21.25865],[106.50624,21.26351],[106.50394,21.26779],[106.50808,21.27259],[106.51153,21.27888],[106.50919,21.2824],[106.50582,21.28656],[106.50507,21.29122],[106.50769,21.29127],[106.51132,21.29244],[106.51154,21.29441],[106.51096,21.29509],[106.5097,21.29701],[106.50921,21.29869],[106.50928,21.29903],[106.50937,21.2995],[106.51014,21.29992],[106.51113,21.30009],[106.51122,21.30011],[106.51171,21.3005],[106.51194,21.30067],[106.51206,21.30122],[106.51207,21.30127],[106.51179,21.30241],[106.51124,21.30466],[106.51081,21.30557],[106.50943,21.30569],[106.50937,21.3057],[106.50775,21.30613],[106.50669,21.30729],[106.50663,21.30872],[106.50714,21.31058],[106.50719,21.31073],[106.50798,21.31402],[106.50771,21.31696],[106.50635,21.31912],[106.50403,21.32196],[106.50179,21.32256],[106.50086,21.32281],[106.50115,21.32194],[106.50064,21.31988],[106.50055,21.3195],[106.50002,21.31884],[106.49913,21.31772],[106.49814,21.31721],[106.49752,21.3169],[106.49745,21.31689],[106.49561,21.31668],[106.49351,21.31759],[106.49078,21.32053],[106.48891,21.32253],[106.48599,21.32531],[106.48291,21.32826],[106.47961,21.33014],[106.47916,21.33019]]]},"properties":{"commune_code":"07486","commune_name":"Xã Nghĩa Phương","commune_kind":"XA","province_code":"24","province_name":"Tỉnh Bắc Ninh","area_km2":88.32,"valid_from":"16/6/2025","published":"13/07/2025","area_km2_geom":88.02149303353819,"quality_flag":null,"population":27830.000000000004,"population_wp":26319.71047728695,"anchor_ratio":1.0573824519846593,"pop_source":"WORLDPOP2025_ANCHORED_VNSDI","pop_density_ppkm2":316.1727782712813,"n_stations":1,"n_ports":1,"power_kw_site":20.0,"ports_per_10k_pop":0.3593244699964067,"util_mean_port_weighted":0.05478275802850764,"dist_station_m_pop_weighted":4166.014490727594}},{"type":"Feature","geometry":{"type":"Polygon","coordinates":[[[106.53895,21.3113],[106.53857,21.31133],[106.53798,21.30789],[106.53742,21.30733],[106.53503,21.30603],[106.53454,21.30578],[106.52797,21.30131],[106.52775,21.30109],[106.52651,21.2999],[106.5254,21.2991],[106.52195,21.29905],[106.52178,21.29909],[106.5216,21.29922],[106.52092,21.30007],[106.52082,21.30025],[106.52076,21.30064],[106.5207,21.30099],[106.52062,21.30128],[106.52034,21.30162],[106.52006,21.30179],[106.51978,21.30196],[106.51941,21.30217],[106.51906,21.30228],[106.51829,21.30231],[106.51613,21.30241],[106.51179,21.30241],[106.51207,21.30127],[106.51206,21.30122],[106.51194,21.30067],[106.51171,21.3005],[106.51122,21.30011],[106.51113,21.30009],[106.51014,21.29992],[106.50937,21.2995],[106.50928,21.29903],[106.50921,21.29869],[106.5097,21.29701],[106.51096,21.29509],[106.51154,21.29441],[106.51132,21.29244],[106.50769,21.29127],[106.50507,21.29122],[106.50582,21.28656],[106.50919,21.2824],[106.51153,21.27888],[106.50808,21.27259],[106.50394,21.26779],[106.50624,21.26351],[106.50917,21.25865],[106.51127,21.25371],[106.51187,21.25065],[106.50813,21.2465],[106.5078,21.24633],[106.50467,21.24572],[106.49852,21.24272],[106.49383,21.23901],[106.49368,21.23887],[106.49363,21.23881],[106.49359,21.23868],[106.49184,21.23088],[106.49343,21.22943],[106.49647,21.22768],[106.50143,21.22545],[106.50145,21.22544],[106.50543,21.22328],[106.50817,21.2225],[106.51035,21.22248],[106.51307,21.22314],[106.51517,21.2238],[106.51618,21.22412],[106.51844,21.22435],[106.52504,21.22321],[106.52847,21.22196],[106.52871,21.22173],[106.52976,21.2207],[106.53352,21.21354],[106.53501,21.20868],[106.5396,21.19849],[106.54074,21.19643],[106.54116,21.19568],[106.54286,21.19275],[106.54342,21.19218],[106.54357,21.19203],[106.5443,21.19179],[106.5458,21.19129],[106.54785,21.1916],[106.54988,21.19238],[106.55153,21.193],[106.55414,21.19374],[106.55745,21.19376],[106.56024,21.19335],[106.55793,21.19386],[106.56126,21.19981],[106.56233,21.20784],[106.56219,21.21351],[106.56093,21.21842],[106.56068,21.21941],[106.56174,21.22814],[106.56247,21.22981],[106.56255,21.22995],[106.56264,21.23003],[106.56293,21.23021],[106.56678,21.23159],[106.56937,21.23138],[106.57038,21.2312],[106.57298,21.23114],[106.57634,21.23204],[106.57812,21.2328],[106.5798,21.23424],[106.58299,21.23637],[106.58304,21.23639],[106.58311,21.2364],[106.58412,21.23638],[106.58452,21.23631],[106.58549,21.23596],[106.58566,21.23589],[106.58593,21.23577],[106.58607,21.23563],[106.58632,21.23533],[106.58669,21.23479],[106.58907,21.23404],[106.59481,21.23716],[106.59541,21.23748],[106.59586,21.23772],[106.59668,21.23796],[106.59852,21.2383],[106.6,21.23842],[106.60012,21.23917],[106.60032,21.24053],[106.60036,21.24089],[106.60032,21.24118],[106.60017,21.24148],[106.59904,21.24332],[106.59885,21.24358],[106.59833,21.24422],[106.59506,21.24365],[106.59285,21.24276],[106.58916,21.24236],[106.58644,21.24597],[106.58323,21.25461],[106.58234,21.25883],[106.58285,21.26082],[106.5828,21.26113],[106.58104,21.26405],[106.57843,21.26776],[106.57603,21.27064],[106.57323,21.27257],[106.57002,21.27353],[106.56818,21.27614],[106.56897,21.27829],[106.57113,21.27919],[106.57289,21.28099],[106.57371,21.2842],[106.57408,21.28728],[106.57259,21.2879],[106.57107,21.28798],[106.5664,21.28824],[106.56196,21.28807],[106.55882,21.28788],[106.55509,21.28993],[106.55281,21.29256],[106.55071,21.29499],[106.54855,21.29825],[106.54838,21.29852],[106.54821,21.29993],[106.54809,21.30089],[106.54843,21.3034],[106.54715,21.30592],[106.54519,21.30844],[106.54223,21.31041],[106.53895,21.3113]]]},"properties":{"commune_code":"07489","commune_name":"Xã Trường Sơn","commune_kind":"XA","province_code":"24","province_name":"Tỉnh Bắc Ninh","area_km2":72.55,"valid_from":"16/6/2025","published":"13/07/2025","area_km2_geom":72.12844377555959,"quality_flag":null,"population":18634.0,"population_wp":16929.457696005702,"anchor_ratio":1.1006849914865533,"pop_source":"WORLDPOP2025_ANCHORED_VNSDI","pop_density_ppkm2":258.3446837974626,"n_stations":0,"n_ports":0,"power_kw_site":0.0,"ports_per_10k_pop":0.0,"util_mean_port_weighted":null,"dist_station_m_pop_weighted":7706.825349810936}},{"type":"Feature","geometry":{"type":"Polygon","coordinates":[[[106.57541,21.28673],[106.57408,21.28728],[106.57371,21.2842],[106.57289,21.28099],[106.57113,21.27919],[106.56897,21.27829],[106.56818,21.27614],[106.57002,21.27353],[106.57323,21.27257],[106.57603,21.27064],[106.57843,21.26776],[106.58104,21.26405],[106.5828,21.26113],[106.58285,21.26082],[106.58234,21.25883],[106.58323,21.25461],[106.58644,21.24597],[106.58916,21.24236],[106.59285,21.24276],[106.59506,21.24365],[106.59833,21.24422],[106.59885,21.24358],[106.59904,21.24332],[106.60017,21.24148],[106.60032,21.24118],[106.60036,21.24089],[106.60032,21.24053],[106.60012,21.23917],[106.6,21.23842],[106.59852,21.2383],[106.59668,21.23796],[106.59586,21.23772],[106.59541,21.23748],[106.59481,21.23716],[106.58907,21.23404],[106.58669,21.23479],[106.58632,21.23533],[106.58607,21.23563],[106.58593,21.23577],[106.58566,21.23589],[106.58549,21.23596],[106.58452,21.23631],[106.58412,21.23638],[106.58311,21.2364],[106.58304,21.23639],[106.58299,21.23637],[106.5798,21.23424],[106.57812,21.2328],[106.57634,21.23204],[106.57298,21.23114],[106.57038,21.2312],[106.56937,21.23138],[106.56678,21.23159],[106.56293,21.23021],[106.56264,21.23003],[106.56255,21.22995],[106.56247,21.22981],[106.56174,21.22814],[106.56068,21.21941],[106.56093,21.21842],[106.56219,21.21351],[106.56233,21.20784],[106.56126,21.19981],[106.55793,21.19386],[106.56024,21.19335],[106.56091,21.19325],[106.56243,21.19228],[106.5648,21.18973],[106.56484,21.18971],[106.56637,21.18909],[106.5679,21.18903],[106.56928,21.1893],[106.5738,21.19073],[106.57647,21.19157],[106.57935,21.19165],[106.58108,21.19137],[106.58123,21.19134],[106.5861,21.18915],[106.58633,21.18892],[106.58862,21.18664],[106.58905,21.18429],[106.58868,21.17949],[106.5896,21.17874],[106.59103,21.17849],[106.59715,21.17924],[106.6022,21.17948],[106.60233,21.17947],[106.6048,21.17927],[106.60642,21.17853],[106.60737,21.17723],[106.60884,21.17321],[106.60906,21.17263],[106.60966,21.17186],[106.61103,21.17127],[106.61111,21.17127],[106.6128,21.17123],[106.61475,21.17119],[106.62489,21.17133],[106.62928,21.17177],[106.63265,21.17255],[106.63675,21.17428],[106.6389,21.17531],[106.6395,21.17545],[106.64207,21.17604],[106.64477,21.17592],[106.64904,21.17506],[106.65601,21.17437],[106.6583,21.17407],[106.65851,21.174],[106.66272,21.17268],[106.66821,21.17124],[106.67268,21.17053],[106.6769,21.17044],[106.6764,21.17252],[106.67386,21.1834],[106.67388,21.18481],[106.67399,21.18553],[106.67509,21.19027],[106.67711,21.19305],[106.67705,21.19666],[106.67584,21.19784],[106.67511,21.19868],[106.67451,21.19976],[106.67401,21.20111],[106.67394,21.20168],[106.67413,21.20225],[106.67475,21.20294],[106.67516,21.2033],[106.67564,21.20327],[106.68569,21.20719],[106.6849,21.20865],[106.68434,21.20944],[106.68433,21.20947],[106.68413,21.21007],[106.68406,21.21085],[106.68408,21.21238],[106.68412,21.21336],[106.68449,21.21467],[106.68506,21.21584],[106.6869,21.22048],[106.68812,21.22482],[106.68815,21.22733],[106.68776,21.23383],[106.68742,21.23503],[106.68692,21.23606],[106.686,21.23775],[106.68555,21.23825],[106.68226,21.24285],[106.68198,21.24338],[106.68199,21.24388],[106.68228,21.24498],[106.68289,21.24691],[106.68341,21.24762],[106.68622,21.25003],[106.68873,21.25184],[106.68941,21.25272],[106.6898,21.25338],[106.68991,21.25393],[106.69001,21.25455],[106.69013,21.25536],[106.68993,21.25616],[106.6897,21.25788],[106.68978,21.25852],[106.69045,21.26186],[106.69178,21.26362],[106.69203,21.26385],[106.69211,21.26426],[106.69212,21.26476],[106.69208,21.2655],[106.69193,21.26627],[106.69154,21.26795],[106.69139,21.26855],[106.69138,21.26855],[106.68698,21.26818],[106.6856,21.26863],[106.68465,21.2691],[106.68437,21.26939],[106.68242,21.27254],[106.68165,21.27405],[106.67857,21.27877],[106.66733,21.27873],[106.66488,21.27856],[106.66344,21.27843],[106.66255,21.27822],[106.65881,21.27715],[106.65473,21.27681],[106.65061,21.27708],[106.64725,21.2774],[106.6469,21.27747],[106.64501,21.27872],[106.64402,21.2778],[106.64357,21.2774],[106.64275,21.27693],[106.64225,21.27665],[106.64061,21.27581],[106.63997,21.2755],[106.63738,21.27461],[106.63659,21.27462],[106.631,21.26956],[106.62375,21.26725],[106.61286,21.2661],[106.60796,21.26755],[106.6052,21.26886],[106.6041,21.26944],[106.60041,21.27225],[106.59942,21.27401],[106.59894,21.27625],[106.59812,21.27891],[106.59646,21.28079],[106.59092,21.28508],[106.58894,21.28574],[106.58642,21.28576],[106.58388,21.28442],[106.58263,21.28405],[106.58065,21.28345],[106.5789,21.28361],[106.577,21.28485],[106.57682,21.28506],[106.57541,21.28673]]]},"properties":{"commune_code":"07492","commune_name":"Xã Lục Sơn","commune_kind":"XA","province_code":"24","province_name":"Tỉnh Bắc Ninh","area_km2":125.98,"valid_from":"16/6/2025","published":"13/07/2025","area_km2_geom":125.83107589183071,"quality_flag":null,"population":16499.0,"population_wp":14748.419362787157,"anchor_ratio":1.118696152730093,"pop_source":"WORLDPOP2025_ANCHORED_VNSDI","pop_density_ppkm2":131.1202330828291,"n_stations":1,"n_ports":4,"power_kw_site":200.0,"ports_per_10k_pop":2.424389356930723,"util_mean_port_weighted":0.1959572335449382,"dist_station_m_pop_weighted":4122.009226673997}},{"type":"Feature","geometry":{"type":"Polygon","coordinates":[[[106.32643,21.28819],[106.32692,21.2908],[106.32083,21.28974],[106.3189,21.28794],[106.31862,21.28781],[106.31762,21.28747],[106.31415,21.28704],[106.30572,21.28568],[106.30576,21.2856],[106.30576,21.28544],[106.30575,21.28525],[106.30568,21.28516],[106.30525,21.28501],[106.30415,21.28478],[106.30367,21.28475],[106.30333,21.28479],[106.3013,21.28508],[106.3021,21.28074],[106.30402,21.27451],[106.30246,21.27103],[106.30011,21.26335],[106.29884,21.25727],[106.29906,21.25624],[106.2992,21.25584],[106.29944,21.25531],[106.29965,21.25514],[106.30126,21.25516],[106.30205,21.25525],[106.30302,21.25568],[106.30396,21.25688],[106.30428,21.25766],[106.30447,21.25775],[106.30467,21.2578],[106.30479,21.25783],[106.30516,21.25773],[106.30565,21.25759],[106.30732,21.25498],[106.30798,21.25369],[106.308,21.25357],[106.3081,21.25309],[106.30806,21.25249],[106.30758,21.25187],[106.3068,21.25118],[106.30663,21.25097],[106.30642,21.25057],[106.30571,21.24864],[106.30567,21.24819],[106.30576,21.24777],[106.30601,21.24697],[106.30616,21.24666],[106.30639,21.24653],[106.31003,21.2453],[106.31431,21.24683],[106.31501,21.24703],[106.31548,21.24708],[106.31568,21.24705],[106.31575,21.24704],[106.31958,21.24433],[106.31976,21.24412],[106.32005,21.24379],[106.32015,21.24368],[106.32042,21.24236],[106.32038,21.24165],[106.32034,21.24135],[106.31989,21.23972],[106.31838,21.24085],[106.31737,21.24037],[106.31749,21.23782],[106.31751,21.2377],[106.31758,21.23744],[106.31766,21.23721],[106.31777,21.23708],[106.31968,21.23699],[106.31972,21.23731],[106.31975,21.23746],[106.31982,21.23829],[106.32049,21.23871],[106.32203,21.23907],[106.32224,21.2391],[106.3225,21.23905],[106.32255,21.23903],[106.32269,21.23897],[106.32458,21.23617],[106.3271,21.23263],[106.3271,21.23599],[106.32754,21.23777],[106.32896,21.23936],[106.32976,21.24],[106.33044,21.24055],[106.33265,21.24105],[106.33534,21.24086],[106.33821,21.23946],[106.33857,21.23929],[106.33883,21.23873],[106.3405,21.23511],[106.34073,21.23462],[106.34087,21.23418],[106.3421,21.23042],[106.3438,21.22955],[106.34546,21.22965],[106.34753,21.2306],[106.34779,21.23072],[106.35272,21.23407],[106.35819,21.23695],[106.36187,21.23801],[106.36624,21.23831],[106.36719,21.23814],[106.36925,21.23774],[106.37705,21.23529],[106.38368,21.23286],[106.3898,21.23336],[106.3938,21.23392],[106.39608,21.23384],[106.39736,21.23321],[106.39857,21.23233],[106.3988,21.23216],[106.3995,21.23176],[106.39965,21.23182],[106.40114,21.23289],[106.40143,21.23312],[106.4017,21.23338],[106.40188,21.23364],[106.40191,21.23384],[106.40259,21.23925],[106.40271,21.24034],[106.40272,21.24057],[106.40272,21.24065],[106.39832,21.24234],[106.39299,21.24415],[106.3919,21.24417],[106.39188,21.24417],[106.39148,21.24419],[106.3912,21.24422],[106.38965,21.24451],[106.38904,21.24591],[106.38849,21.24747],[106.38825,21.24816],[106.38868,21.24823],[106.38962,21.24834],[106.39214,21.24941],[106.39633,21.25195],[106.39682,21.25247],[106.39886,21.25457],[106.4006,21.25765],[106.40147,21.26648],[106.40132,21.27042],[106.40123,21.27296],[106.40149,21.27596],[106.40181,21.2771],[106.39914,21.27734],[106.38983,21.2792],[106.38611,21.28196],[106.38408,21.28517],[106.37688,21.28526],[106.37064,21.28524],[106.36392,21.28252],[106.36343,21.28247],[106.36307,21.28261],[106.36198,21.28329],[106.35811,21.28571],[106.34979,21.28626],[106.34303,21.28645],[106.34013,21.28805],[106.33789,21.28922],[106.33397,21.28904],[106.32643,21.28819]]]},"properties":{"commune_code":"07498","commune_name":"Xã Bắc Lũng","commune_kind":"XA","province_code":"24","province_name":"Tỉnh Bắc Ninh","area_km2":53.72,"valid_from":"16/6/2025","published":"13/07/2025","area_km2_geom":53.06220536791937,"quality_flag":null,"population":38118.0,"population_wp":37172.427233422175,"anchor_ratio":1.0254374771020507,"pop_source":"WORLDPOP2025_ANCHORED_VNSDI","pop_density_ppkm2":718.3644127811842,"n_stations":9,"n_ports":11,"power_kw_site":610.0,"ports_per_10k_pop":2.8857757489899787,"util_mean_port_weighted":0.12149113315383232,"dist_station_m_pop_weighted":2092.035475574572}},{"type":"Feature","geometry":{"type":"Polygon","coordinates":[[[106.40309,21.24023],[106.40272,21.24065],[106.40272,21.24057],[106.40271,21.24034],[106.40259,21.23925],[106.40191,21.23384],[106.40188,21.23364],[106.4017,21.23338],[106.40143,21.23312],[106.40114,21.23289],[106.39965,21.23182],[106.3995,21.23176],[106.3988,21.23216],[106.39857,21.23233],[106.39736,21.23321],[106.39608,21.23384],[106.3938,21.23392],[106.3898,21.23336],[106.38368,21.23286],[106.37705,21.23529],[106.36925,21.23774],[106.36719,21.23814],[106.36624,21.23831],[106.36187,21.23801],[106.35819,21.23695],[106.35272,21.23407],[106.34779,21.23072],[106.34753,21.2306],[106.34546,21.22965],[106.3438,21.22955],[106.3421,21.23042],[106.34087,21.23418],[106.34073,21.23462],[106.3405,21.23511],[106.33883,21.23873],[106.33857,21.23929],[106.33821,21.23946],[106.33534,21.24086],[106.33265,21.24105],[106.33044,21.24055],[106.32976,21.24],[106.32896,21.23936],[106.32754,21.23777],[106.3271,21.23599],[106.3271,21.23263],[106.32701,21.22501],[106.32691,21.22002],[106.32764,21.21278],[106.32878,21.2079],[106.33046,21.20405],[106.33218,21.20183],[106.33234,21.20162],[106.3355,21.19988],[106.33721,21.19895],[106.3373,21.1987],[106.33758,21.19801],[106.33762,21.19791],[106.33758,21.19781],[106.33719,21.19688],[106.33558,21.19546],[106.3319,21.19423],[106.32962,21.19361],[106.32651,21.19278],[106.32344,21.19225],[106.324,21.19026],[106.32405,21.18804],[106.32394,21.18718],[106.32389,21.18675],[106.32441,21.18473],[106.3257,21.18363],[106.32661,21.18285],[106.32882,21.18195],[106.32912,21.18183],[106.33102,21.18009],[106.33207,21.17815],[106.33303,21.17513],[106.33504,21.17316],[106.33798,21.17189],[106.34001,21.17025],[106.34182,21.16737],[106.34353,21.16554],[106.34455,21.16521],[106.34475,21.16515],[106.34628,21.16571],[106.34692,21.1679],[106.34696,21.16837],[106.34714,21.1702],[106.34838,21.17153],[106.35032,21.1718],[106.35364,21.17138],[106.35591,21.1718],[106.35992,21.17255],[106.36306,21.17338],[106.36423,21.1751],[106.36471,21.1776],[106.3658,21.17974],[106.36796,21.18259],[106.37167,21.18644],[106.37322,21.18929],[106.37409,21.19237],[106.37495,21.19437],[106.37642,21.19572],[106.37826,21.19642],[106.38216,21.19632],[106.38584,21.19705],[106.3863,21.19714],[106.39059,21.19897],[106.39776,21.2029],[106.39936,21.20378],[106.41235,21.2112],[106.41451,21.21304],[106.41496,21.21412],[106.41858,21.22283],[106.42246,21.22868],[106.42367,21.23021],[106.42358,21.23065],[106.4225,21.23182],[106.42136,21.23248],[106.4186,21.23326],[106.41143,21.23571],[106.40389,21.2395],[106.40309,21.24023]]]},"properties":{"commune_code":"07519","commune_name":"Xã Cẩm Lý","commune_kind":"XA","province_code":"24","province_name":"Tỉnh Bắc Ninh","area_km2":49.08,"valid_from":"16/6/2025","published":"13/07/2025","area_km2_geom":48.7030350193381,"quality_flag":null,"population":20084.0,"population_wp":21383.997293701395,"anchor_ratio":0.9392070025147119,"pop_source":"WORLDPOP2025_ANCHORED_VNSDI","pop_density_ppkm2":412.37676444651584,"n_stations":0,"n_ports":0,"power_kw_site":0.0,"ports_per_10k_pop":0.0,"util_mean_port_weighted":null,"dist_station_m_pop_weighted":7232.217253497299}},{"type":"Feature","geometry":{"type":"Polygon","coordinates":[[[106.58954,21.46068],[106.58936,21.46115],[106.58749,21.45999],[106.58065,21.45389],[106.57878,21.45143],[106.57342,21.44327],[106.57333,21.4409],[106.57446,21.43956],[106.57369,21.43759],[106.57178,21.43365],[106.57134,21.43153],[106.57127,21.42904],[106.572,21.41794],[106.57228,21.41661],[106.57313,21.41421],[106.57243,21.41174],[106.57101,21.40968],[106.56906,21.40789],[106.56769,21.40737],[106.56766,21.40742],[106.56755,21.40748],[106.5672,21.40766],[106.56699,21.40776],[106.56696,21.40777],[106.5666,21.40793],[106.56647,21.40778],[106.56382,21.40454],[106.56226,21.40179],[106.56125,21.39971],[106.55835,21.39955],[106.55802,21.3996],[106.5574,21.39998],[106.5569,21.40028],[106.5543,21.4023],[106.55347,21.40309],[106.55233,21.40418],[106.55076,21.40597],[106.55014,21.40742],[106.54769,21.40801],[106.54272,21.40836],[106.54053,21.40838],[106.53956,21.40831],[106.53943,21.40828],[106.53943,21.40827],[106.53936,21.40824],[106.53903,21.40808],[106.53886,21.40795],[106.53724,21.40655],[106.53673,21.40599],[106.53756,21.405],[106.53853,21.40298],[106.53579,21.39988],[106.53506,21.39776],[106.53413,21.39395],[106.53393,21.39219],[106.53393,21.39216],[106.53395,21.39202],[106.53441,21.38973],[106.53483,21.38861],[106.53514,21.38776],[106.54015,21.37926],[106.54251,21.37933],[106.54344,21.37963],[106.54869,21.3782],[106.55256,21.37606],[106.55628,21.36922],[106.54497,21.36574],[106.54291,21.36372],[106.54322,21.36281],[106.5434,21.36044],[106.54333,21.35765],[106.54289,21.35107],[106.54286,21.35087],[106.54073,21.34962],[106.5397,21.35029],[106.53758,21.34931],[106.53558,21.34684],[106.53589,21.34616],[106.53728,21.34348],[106.53797,21.34304],[106.53911,21.34278],[106.53998,21.34276],[106.5429,21.34271],[106.54308,21.34274],[106.54504,21.34305],[106.54579,21.34333],[106.54673,21.34368],[106.54747,21.34425],[106.54786,21.34557],[106.54792,21.34601],[106.54811,21.3475],[106.54878,21.34857],[106.55044,21.35006],[106.55356,21.35194],[106.55484,21.35253],[106.556,21.35341],[106.55639,21.35448],[106.55634,21.35598],[106.55608,21.35859],[106.556,21.35939],[106.55672,21.36123],[106.55808,21.36283],[106.55858,21.36318],[106.56065,21.3646],[106.56358,21.36592],[106.5643,21.36624],[106.56653,21.36592],[106.56964,21.36482],[106.56977,21.3648],[106.57193,21.36449],[106.57558,21.36446],[106.57774,21.36444],[106.58475,21.36402],[106.5871,21.36352],[106.58881,21.36279],[106.59269,21.36113],[106.59334,21.36073],[106.59637,21.35889],[106.5991,21.35796],[106.60044,21.35807],[106.60197,21.35881],[106.60249,21.35907],[106.60398,21.36103],[106.60581,21.36531],[106.60654,21.36709],[106.60706,21.36834],[106.60848,21.37018],[106.61086,21.37201],[106.61194,21.37246],[106.61298,21.37289],[106.6143,21.37283],[106.61567,21.37501],[106.61602,21.37541],[106.61671,21.37587],[106.61729,21.37587],[106.6196,21.37627],[106.62663,21.38365],[106.62849,21.38585],[106.62859,21.38635],[106.629,21.39106],[106.629,21.39117],[106.62901,21.39254],[106.62994,21.40152],[106.62995,21.40154],[106.63031,21.40252],[106.63033,21.40382],[106.63033,21.404],[106.62988,21.40496],[106.62714,21.40852],[106.62503,21.41155],[106.62304,21.41661],[106.62317,21.41673],[106.62336,21.41729],[106.62364,21.41809],[106.62361,21.41883],[106.62345,21.41927],[106.62321,21.41995],[106.6221,21.41991],[106.62028,21.4199],[106.61981,21.41991],[106.61389,21.42007],[106.61425,21.42173],[106.61443,21.42253],[106.61444,21.42256],[106.61447,21.42267],[106.61451,21.42277],[106.61457,21.42285],[106.61466,21.42297],[106.61478,21.4231],[106.61534,21.42371],[106.61581,21.42423],[106.61628,21.42929],[106.61132,21.43158],[106.6078,21.43283],[106.60729,21.43268],[106.606,21.43312],[106.6059,21.43316],[106.60542,21.43335],[106.60537,21.43337],[106.60161,21.43809],[106.60046,21.43972],[106.59991,21.44056],[106.59477,21.44703],[106.59404,21.45122],[106.58987,21.45982],[106.58954,21.46068]]]},"properties":{"commune_code":"07525","commune_name":"Phường Chũ","commune_kind":"PHUONG","province_code":"24","province_name":"Tỉnh Bắc Ninh","area_km2":57.18,"valid_from":"16/6/2025","published":"13/07/2025","area_km2_geom":63.11878756685104,"quality_flag":null,"population":58409.0,"population_wp":53576.51178784296,"anchor_ratio":1.0901978880464103,"pop_source":"WORLDPOP2025_ANCHORED_VNSDI","pop_density_ppkm2":925.3821603930088,"n_stations":3,"n_ports":28,"power_kw_site":848.5,"ports_per_10k_pop":4.793781780205105,"util_mean_port_weighted":0.1761029834199352,"dist_station_m_pop_weighted":3053.749071791921}},{"type":"Feature","geometry":{"type":"Polygon","coordinates":[[[106.61873,21.60747],[106.61824,21.60765],[106.61769,21.60759],[106.61479,21.60732],[106.60587,21.60349],[106.59599,21.59954],[106.59254,21.599],[106.5887,21.59861],[106.58358,21.59966],[106.58358,21.59966],[106.57271,21.60149],[106.57094,21.60143],[106.5702,21.60058],[106.56939,21.59965],[106.5659,21.59617],[106.56367,21.595],[106.56228,21.59427],[106.55967,21.59394],[106.55905,21.59392],[106.55791,21.59388],[106.55598,21.59304],[106.55318,21.58905],[106.55286,21.58722],[106.55277,21.58669],[106.55181,21.58261],[106.55054,21.58085],[106.54986,21.57991],[106.54771,21.57851],[106.54305,21.57337],[106.5421,21.57087],[106.53884,21.56611],[106.53883,21.5661],[106.5362,21.5639],[106.53428,21.56349],[106.53399,21.56346],[106.53183,21.56322],[106.52998,21.56224],[106.52803,21.55953],[106.52708,21.55603],[106.52742,21.55265],[106.52732,21.54993],[106.52573,21.54428],[106.52415,21.54021],[106.52211,21.53571],[106.52198,21.53559],[106.52169,21.53534],[106.52173,21.53528],[106.52271,21.53475],[106.52696,21.53609],[106.52992,21.53738],[106.53052,21.53776],[106.53535,21.54217],[106.53967,21.54589],[106.54205,21.54775],[106.54927,21.55343],[106.55057,21.55411],[106.55226,21.55409],[106.55228,21.55409],[106.55326,21.55317],[106.55373,21.55138],[106.55431,21.54891],[106.55697,21.5451],[106.56097,21.54241],[106.56185,21.54189],[106.56329,21.54146],[106.56423,21.54128],[106.56473,21.54137],[106.56515,21.54154],[106.56546,21.54172],[106.56638,21.54245],[106.56682,21.54282],[106.56713,21.54312],[106.56802,21.54412],[106.56805,21.54415],[106.56827,21.5444],[106.57149,21.54526],[106.57596,21.54479],[106.57987,21.54347],[106.58243,21.54422],[106.5831,21.54441],[106.58339,21.54469],[106.58446,21.54578],[106.58535,21.54691],[106.58867,21.55034],[106.58914,21.55069],[106.59823,21.55628],[106.60184,21.55699],[106.60197,21.557],[106.60234,21.5569],[106.60518,21.55512],[106.60608,21.55438],[106.60664,21.55377],[106.60723,21.55313],[106.60784,21.55199],[106.61233,21.54675],[106.61633,21.54041],[106.61817,21.53693],[106.62046,21.53488],[106.62061,21.53479],[106.62144,21.5344],[106.62153,21.53438],[106.62157,21.53437],[106.6216,21.53437],[106.62164,21.53439],[106.62169,21.53441],[106.62177,21.53444],[106.62179,21.53445],[106.62227,21.53472],[106.62234,21.53477],[106.62245,21.53495],[106.6226,21.53521],[106.62288,21.53537],[106.62312,21.53544],[106.62368,21.53555],[106.62387,21.53558],[106.62489,21.5357],[106.62864,21.53514],[106.62874,21.5351],[106.62913,21.53495],[106.62934,21.53482],[106.63118,21.53364],[106.63333,21.53183],[106.63385,21.53136],[106.6343,21.53142],[106.63444,21.53145],[106.63467,21.5315],[106.63494,21.53159],[106.63696,21.53222],[106.63726,21.53234],[106.63749,21.53245],[106.63779,21.53293],[106.6384,21.53438],[106.63866,21.53477],[106.63898,21.53518],[106.63927,21.53549],[106.63975,21.53585],[106.641,21.53644],[106.64152,21.53668],[106.64202,21.53682],[106.64279,21.53692],[106.64303,21.53693],[106.64337,21.53692],[106.64374,21.53692],[106.64477,21.53703],[106.64743,21.53743],[106.64764,21.53749],[106.64844,21.53792],[106.65094,21.54009],[106.65189,21.54122],[106.65161,21.54411],[106.65394,21.54761],[106.6566,21.55083],[106.65855,21.55135],[106.65961,21.5516],[106.66024,21.55167],[106.66181,21.55217],[106.66488,21.5534],[106.66992,21.55607],[106.67094,21.55701],[106.6716,21.55982],[106.67242,21.56248],[106.67247,21.56262],[106.67334,21.56402],[106.67435,21.56548],[106.67482,21.56613],[106.67717,21.56895],[106.67762,21.56937],[106.6779,21.56953],[106.67828,21.56962],[106.6784,21.56961],[106.67858,21.56952],[106.68041,21.56862],[106.68402,21.57095],[106.68409,21.571],[106.68431,21.57117],[106.68484,21.57157],[106.68535,21.57211],[106.68565,21.57243],[106.68615,21.57312],[106.68639,21.57355],[106.68656,21.57391],[106.6873,21.57535],[106.6902,21.57635],[106.69072,21.57647],[106.69112,21.57643],[106.69659,21.57486],[106.69689,21.57476],[106.69739,21.57455],[106.69844,21.57379],[106.69875,21.5735],[106.69924,21.57304],[106.70001,21.5722],[106.69944,21.57386],[106.69946,21.57512],[106.69947,21.57634],[106.70099,21.58011],[106.70158,21.58158],[106.70223,21.58511],[106.70232,21.59266],[106.7006,21.59411],[106.70052,21.59416],[106.69909,21.59512],[106.69345,21.59754],[106.68832,21.60006],[106.68691,21.60066],[106.68482,21.60156],[106.68172,21.60232],[106.67852,21.60311],[106.67569,21.60457],[106.67471,21.60508],[106.67189,21.60647],[106.66967,21.60685],[106.66776,21.6068],[106.66583,21.60617],[106.66391,21.60562],[106.65829,21.60403],[106.65514,21.60341],[106.65277,21.60351],[106.6525,21.60364],[106.65056,21.60463],[106.65018,21.60482],[106.64781,21.60563],[106.64582,21.60573],[106.64381,21.60489],[106.6424,21.6042],[106.63703,21.60158],[106.63412,21.60147],[106.62922,21.60195],[106.6267,21.6029],[106.6248,21.60436],[106.62453,21.60451],[106.62106,21.60661],[106.61873,21.60747]]]},"properties":{"commune_code":"07531","commune_name":"Xã Tân Sơn","commune_kind":"XA","province_code":"24","province_name":"Tỉnh Bắc Ninh","area_km2":95.37,"valid_from":"16/6/2025","published":"13/07/2025","area_km2_geom":94.5633130118239,"quality_flag":null,"population":14823.0,"population_wp":14053.91210507229,"anchor_ratio":1.054724114479849,"pop_source":"WORLDPOP2025_ANCHORED_VNSDI","pop_density_ppkm2":156.75212223313898,"n_stations":0,"n_ports":0,"power_kw_site":0.0,"ports_per_10k_pop":0.0,"util_mean_port_weighted":null,"dist_station_m_pop_weighted":16269.333834295367}},{"type":"Feature","geometry":{"type":"Polygon","coordinates":[[[106.78404,21.57631],[106.78399,21.57632],[106.77998,21.57483],[106.77352,21.57242],[106.77113,21.57223],[106.76932,21.57208],[106.76483,21.57261],[106.76237,21.57171],[106.76124,21.57131],[106.75638,21.56686],[106.75584,21.56391],[106.75643,21.5618],[106.75719,21.5602],[106.75822,21.55805],[106.7596,21.55373],[106.75841,21.54859],[106.75724,21.54357],[106.75723,21.54353],[106.75719,21.54347],[106.75598,21.54163],[106.75249,21.54081],[106.74779,21.54048],[106.74371,21.54109],[106.74236,21.54154],[106.73821,21.54348],[106.73379,21.54712],[106.73341,21.54752],[106.72746,21.55383],[106.72658,21.55476],[106.72493,21.55555],[106.72134,21.55727],[106.71562,21.55907],[106.71158,21.56057],[106.71084,21.56084],[106.71063,21.56101],[106.71015,21.55851],[106.70903,21.55649],[106.70595,21.55221],[106.70292,21.54495],[106.70292,21.54488],[106.70291,21.54482],[106.7029,21.54477],[106.70288,21.54474],[106.70251,21.54411],[106.70204,21.54361],[106.70197,21.54354],[106.70191,21.54349],[106.70186,21.54345],[106.70045,21.54252],[106.69953,21.54194],[106.69779,21.54099],[106.69639,21.5408],[106.69332,21.54063],[106.69108,21.54063],[106.69066,21.54069],[106.69001,21.54073],[106.68952,21.54074],[106.68917,21.54075],[106.68877,21.54066],[106.68832,21.54054],[106.6855,21.53954],[106.6851,21.53938],[106.68431,21.53903],[106.68407,21.53886],[106.68384,21.53869],[106.68374,21.53857],[106.68367,21.53846],[106.68365,21.53842],[106.68351,21.538],[106.68306,21.53636],[106.683,21.53613],[106.683,21.53613],[106.68302,21.53595],[106.68303,21.53588],[106.68311,21.53574],[106.68314,21.53569],[106.68461,21.53344],[106.6861,21.53138],[106.68651,21.53072],[106.68732,21.52707],[106.6872,21.5254],[106.68695,21.52479],[106.68677,21.52449],[106.68617,21.52212],[106.68512,21.51688],[106.68456,21.5114],[106.68583,21.51047],[106.68866,21.50962],[106.69338,21.50965],[106.69856,21.50982],[106.70671,21.50835],[106.70812,21.50811],[106.71132,21.50802],[106.71737,21.50904],[106.7216,21.51076],[106.72451,21.51044],[106.72746,21.50861],[106.73075,21.50856],[106.73084,21.50859],[106.73199,21.5089],[106.73324,21.50924],[106.73384,21.50956],[106.73412,21.50981],[106.73422,21.5099],[106.73449,21.51019],[106.73549,21.51194],[106.73574,21.51239],[106.73825,21.5134],[106.73933,21.51383],[106.74025,21.5142],[106.75092,21.51774],[106.75189,21.51806],[106.77611,21.51729],[106.78274,21.51702],[106.79561,21.51672],[106.80006,21.51671],[106.80396,21.51666],[106.80692,21.51663],[106.80931,21.51661],[106.81108,21.51659],[106.82005,21.51649],[106.84066,21.51626],[106.84947,21.51616],[106.85006,21.51677],[106.85032,21.51837],[106.84999,21.52159],[106.85119,21.52433],[106.85128,21.52437],[106.8528,21.52505],[106.8542,21.52498],[106.85604,21.52362],[106.85633,21.52341],[106.8584,21.52247],[106.86012,21.52268],[106.86267,21.52552],[106.86504,21.52882],[106.86538,21.53174],[106.86493,21.53427],[106.8622,21.53636],[106.85824,21.5387],[106.85508,21.53946],[106.855,21.53948],[106.8524,21.53992],[106.8509,21.54185],[106.84982,21.54559],[106.84886,21.55038],[106.84784,21.55267],[106.84667,21.55528],[106.84628,21.55569],[106.84395,21.55818],[106.84009,21.55965],[106.83406,21.56001],[106.82845,21.56035],[106.82631,21.56133],[106.82489,21.56204],[106.82296,21.56299],[106.81949,21.56303],[106.81682,21.56191],[106.81107,21.56007],[106.80647,21.55964],[106.80236,21.56076],[106.80209,21.56083],[106.80202,21.56088],[106.79632,21.56491],[106.79146,21.56859],[106.78863,21.57121],[106.78749,21.57354],[106.78713,21.57428],[106.78541,21.57592],[106.78404,21.57631]]]},"properties":{"commune_code":"07534","commune_name":"Xã Sa Lý","commune_kind":"XA","province_code":"24","province_name":"Tỉnh Bắc Ninh","area_km2":83.95,"valid_from":"16/6/2025","published":"13/07/2025","area_km2_geom":83.31218174828328,"quality_flag":null,"population":6351.999999999999,"population_wp":5889.28801125288,"anchor_ratio":1.0785684089253231,"pop_source":"WORLDPOP2025_ANCHORED_VNSDI","pop_density_ppkm2":76.24335201293522,"n_stations":0,"n_ports":0,"power_kw_site":0.0,"ports_per_10k_pop":0.0,"util_mean_port_weighted":null,"dist_station_m_pop_weighted":33189.72483710968}},{"type":"Feature","geometry":{"type":"Polygon","coordinates":[[[106.69112,21.57643],[106.69072,21.57647],[106.6902,21.57635],[106.6873,21.57535],[106.68656,21.57391],[106.68639,21.57355],[106.68615,21.57312],[106.68565,21.57243],[106.68535,21.57211],[106.68484,21.57157],[106.68431,21.57117],[106.68409,21.571],[106.68402,21.57095],[106.68041,21.56862],[106.67858,21.56952],[106.6784,21.56961],[106.67828,21.56962],[106.6779,21.56953],[106.67762,21.56937],[106.67717,21.56895],[106.67482,21.56613],[106.67435,21.56548],[106.67334,21.56402],[106.67247,21.56262],[106.67242,21.56248],[106.6716,21.55982],[106.67094,21.55701],[106.66992,21.55607],[106.66488,21.5534],[106.66181,21.55217],[106.66024,21.55167],[106.65961,21.5516],[106.65855,21.55135],[106.6566,21.55083],[106.65394,21.54761],[106.65161,21.54411],[106.65189,21.54122],[106.65094,21.54009],[106.64844,21.53792],[106.64764,21.53749],[106.64743,21.53743],[106.64477,21.53703],[106.64374,21.53692],[106.64337,21.53692],[106.64303,21.53693],[106.64279,21.53692],[106.64202,21.53682],[106.64152,21.53668],[106.641,21.53644],[106.63975,21.53585],[106.63927,21.53549],[106.63898,21.53518],[106.63866,21.53477],[106.6384,21.53438],[106.63779,21.53293],[106.63749,21.53245],[106.63726,21.53234],[106.63696,21.53222],[106.63494,21.53159],[106.63467,21.5315],[106.63444,21.53145],[106.6343,21.53142],[106.63385,21.53136],[106.63453,21.52937],[106.63729,21.52407],[106.64097,21.51843],[106.64511,21.50796],[106.64539,21.50244],[106.64733,21.5004],[106.64969,21.49776],[106.65045,21.49491],[106.65055,21.49417],[106.65009,21.49005],[106.64937,21.48855],[106.64826,21.48545],[106.64846,21.48261],[106.64884,21.47978],[106.653,21.47337],[106.65543,21.46734],[106.65434,21.46648],[106.65269,21.46559],[106.6492,21.46468],[106.64704,21.46606],[106.64424,21.46766],[106.64185,21.46864],[106.63565,21.46985],[106.63248,21.46951],[106.62786,21.46969],[106.62391,21.47439],[106.62036,21.47871],[106.61962,21.48106],[106.61914,21.48259],[106.61782,21.48387],[106.61677,21.48483],[106.61288,21.48629],[106.61106,21.48668],[106.6109,21.48672],[106.61082,21.48672],[106.61046,21.48671],[106.61028,21.48669],[106.61015,21.48667],[106.61001,21.48663],[106.60995,21.48661],[106.60935,21.48637],[106.60921,21.4863],[106.60396,21.48648],[106.5989,21.48798],[106.59401,21.48914],[106.59205,21.48931],[106.59047,21.4892],[106.58857,21.48171],[106.58867,21.47857],[106.58886,21.47716],[106.58891,21.47687],[106.58894,21.47674],[106.58907,21.47643],[106.58791,21.47269],[106.58627,21.47163],[106.58676,21.47145],[106.58818,21.47061],[106.58858,21.47024],[106.58864,21.47016],[106.58869,21.47007],[106.58874,21.46998],[106.5888,21.46982],[106.58947,21.46758],[106.5897,21.4665],[106.59036,21.46256],[106.59035,21.46249],[106.59029,21.46236],[106.58986,21.46173],[106.58964,21.46146],[106.58936,21.46115],[106.58954,21.46068],[106.58987,21.45982],[106.59404,21.45122],[106.59477,21.44703],[106.59991,21.44056],[106.60046,21.43972],[106.60161,21.43809],[106.60537,21.43337],[106.60542,21.43335],[106.6059,21.43316],[106.606,21.43312],[106.60729,21.43268],[106.6078,21.43283],[106.61132,21.43158],[106.61628,21.42929],[106.61581,21.42423],[106.61534,21.42371],[106.61478,21.4231],[106.61466,21.42297],[106.61457,21.42285],[106.61451,21.42277],[106.61447,21.42267],[106.61444,21.42256],[106.61443,21.42253],[106.61425,21.42173],[106.61389,21.42007],[106.61981,21.41991],[106.62028,21.4199],[106.6221,21.41991],[106.62321,21.41995],[106.62383,21.41998],[106.62634,21.41985],[106.6283,21.4197],[106.63062,21.41937],[106.63546,21.41934],[106.6575,21.41938],[106.67536,21.41946],[106.68778,21.41952],[106.68911,21.41956],[106.69605,21.42038],[106.69848,21.42101],[106.69873,21.42114],[106.69922,21.4214],[106.6998,21.422],[106.70006,21.42238],[106.70068,21.42339],[106.70094,21.42388],[106.70093,21.42397],[106.70068,21.42472],[106.70082,21.4258],[106.70385,21.42711],[106.70493,21.42731],[106.70576,21.42747],[106.70731,21.42758],[106.70937,21.42773],[106.71227,21.42794],[106.71341,21.42803],[106.71511,21.42823],[106.71855,21.42846],[106.73192,21.42829],[106.73495,21.42777],[106.73548,21.42747],[106.7366,21.42681],[106.73679,21.42668],[106.73719,21.42638],[106.7374,21.42621],[106.73761,21.42602],[106.73831,21.42534],[106.73895,21.42463],[106.73903,21.42452],[106.73914,21.4244],[106.73923,21.42432],[106.7393,21.42429],[106.73942,21.42426],[106.73967,21.42425],[106.74003,21.42423],[106.74034,21.42422],[106.74084,21.42422],[106.74142,21.42421],[106.742,21.4242],[106.74363,21.4242],[106.74395,21.42421],[106.74428,21.42421],[106.74441,21.42422],[106.74736,21.42452],[106.7502,21.4251],[106.75275,21.42803],[106.75333,21.42816],[106.75467,21.42828],[106.76008,21.42815],[106.76011,21.42815],[106.76125,21.42828],[106.76185,21.42835],[106.76747,21.42916],[106.77131,21.43003],[106.7756,21.43099],[106.77674,21.42902],[106.7827,21.42762],[106.78242,21.42794],[106.78487,21.42951],[106.78939,21.42966],[106.79591,21.42987],[106.79687,21.42964],[106.79804,21.42957],[106.79987,21.42964],[106.80097,21.4297],[106.80171,21.42974],[106.81684,21.43074],[106.8211,21.43104],[106.82778,21.43177],[106.83046,21.43206],[106.83519,21.4365],[106.83798,21.43972],[106.8567,21.44116],[106.87613,21.44266],[106.87689,21.44272],[106.89378,21.44405],[106.89684,21.44435],[106.89627,21.4451],[106.89423,21.44778],[106.89201,21.45199],[106.89154,21.45288],[106.89136,21.45523],[106.89128,21.45622],[106.89234,21.45926],[106.8924,21.45931],[106.89604,21.46188],[106.89814,21.46336],[106.8983,21.46347],[106.9011,21.46731],[106.90116,21.46789],[106.90145,21.47075],[106.90011,21.47363],[106.896,21.47568],[106.89236,21.47802],[106.88996,21.48235],[106.88893,21.48566],[106.88894,21.48592],[106.88899,21.48967],[106.88726,21.49153],[106.88657,21.49228],[106.87987,21.49466],[106.87406,21.49672],[106.86364,21.49669],[106.85336,21.4963],[106.84579,21.49428],[106.84485,21.49421],[106.84432,21.49418],[106.84298,21.49482],[106.84226,21.49621],[106.84235,21.4989],[106.84269,21.50171],[106.84229,21.50355],[106.84084,21.5054],[106.83991,21.50591],[106.83956,21.5061],[106.83901,21.50744],[106.83897,21.50754],[106.83901,21.50778],[106.83976,21.51212],[106.84024,21.51277],[106.84038,21.51298],[106.84253,21.51335],[106.8437,21.51337],[106.84457,21.51337],[106.84535,21.51338],[106.84734,21.51444],[106.84832,21.51495],[106.84947,21.51616],[106.84066,21.51626],[106.82005,21.51649],[106.81108,21.51659],[106.80931,21.51661],[106.80692,21.51663],[106.80396,21.51666],[106.80006,21.51671],[106.79561,21.51672],[106.78274,21.51702],[106.77611,21.51729],[106.75189,21.51806],[106.75092,21.51774],[106.74025,21.5142],[106.73933,21.51383],[106.73825,21.5134],[106.73574,21.51239],[106.73549,21.51194],[106.73449,21.51019],[106.73422,21.5099],[106.73412,21.50981],[106.73384,21.50956],[106.73324,21.50924],[106.73199,21.5089],[106.73084,21.50859],[106.73075,21.50856],[106.72746,21.50861],[106.72451,21.51044],[106.7216,21.51076],[106.71737,21.50904],[106.71132,21.50802],[106.70812,21.50811],[106.70671,21.50835],[106.69856,21.50982],[106.69338,21.50965],[106.68866,21.50962],[106.68583,21.51047],[106.68456,21.5114],[106.68512,21.51688],[106.68617,21.52212],[106.68677,21.52449],[106.68695,21.52479],[106.6872,21.5254],[106.68732,21.52707],[106.68651,21.53072],[106.6861,21.53138],[106.68461,21.53344],[106.68314,21.53569],[106.68311,21.53574],[106.68303,21.53588],[106.68302,21.53595],[106.683,21.53613],[106.683,21.53613],[106.68306,21.53636],[106.68351,21.538],[106.68365,21.53842],[106.68367,21.53846],[106.68374,21.53857],[106.68384,21.53869],[106.68407,21.53886],[106.68431,21.53903],[106.6851,21.53938],[106.6855,21.53954],[106.68832,21.54054],[106.68877,21.54066],[106.68917,21.54075],[106.68952,21.54074],[106.69001,21.54073],[106.69066,21.54069],[106.69108,21.54063],[106.69332,21.54063],[106.69639,21.5408],[106.69779,21.54099],[106.69953,21.54194],[106.70045,21.54252],[106.70186,21.54345],[106.70191,21.54349],[106.70197,21.54354],[106.70204,21.54361],[106.70251,21.54411],[106.70288,21.54474],[106.7029,21.54477],[106.70291,21.54482],[106.70292,21.54488],[106.70292,21.54495],[106.70595,21.55221],[106.70903,21.55649],[106.71015,21.55851],[106.71063,21.56101],[106.71063,21.56101],[106.70871,21.56258],[106.70246,21.56953],[106.70001,21.5722],[106.69924,21.57304],[106.69875,21.5735],[106.69844,21.57379],[106.69739,21.57455],[106.69689,21.57476],[106.69659,21.57486],[106.69112,21.57643]]]},"properties":{"commune_code":"07537","commune_name":"Xã Biên Sơn","commune_kind":"XA","province_code":"24","province_name":"Tỉnh Bắc Ninh","area_km2":294.22,"valid_from":"16/6/2025","published":"13/07/2025","area_km2_geom":287.99401910336735,"quality_flag":null,"population":16112.0,"population_wp":15823.887974414974,"anchor_ratio":1.018207410596616,"pop_source":"WORLDPOP2025_ANCHORED_VNSDI","pop_density_ppkm2":55.94560626697269,"n_stations":0,"n_ports":0,"power_kw_site":0.0,"ports_per_10k_pop":0.0,"util_mean_port_weighted":null,"dist_station_m_pop_weighted":11814.795793878258}},{"type":"Feature","geometry":{"type":"Polygon","coordinates":[[[106.60234,21.5569],[106.60197,21.557],[106.60184,21.55699],[106.59823,21.55628],[106.58914,21.55069],[106.58867,21.55034],[106.58535,21.54691],[106.58446,21.54578],[106.58339,21.54469],[106.5831,21.54441],[106.58243,21.54422],[106.57987,21.54347],[106.57596,21.54479],[106.57149,21.54526],[106.56827,21.5444],[106.56805,21.54415],[106.56802,21.54412],[106.56713,21.54312],[106.56682,21.54282],[106.56638,21.54245],[106.56546,21.54172],[106.56515,21.54154],[106.56473,21.54137],[106.56423,21.54128],[106.56329,21.54146],[106.56185,21.54189],[106.56097,21.54241],[106.55697,21.5451],[106.55431,21.54891],[106.55373,21.55138],[106.55326,21.55317],[106.55228,21.55409],[106.55226,21.55409],[106.55057,21.55411],[106.54927,21.55343],[106.54205,21.54775],[106.53967,21.54589],[106.53535,21.54217],[106.53052,21.53776],[106.52992,21.53738],[106.52696,21.53609],[106.52271,21.53475],[106.52173,21.53528],[106.52169,21.53534],[106.5191,21.53308],[106.51714,21.53197],[106.51624,21.53146],[106.5123,21.52901],[106.51216,21.52892],[106.50852,21.52544],[106.50841,21.5251],[106.50781,21.52329],[106.50778,21.52093],[106.50807,21.52005],[106.50905,21.51711],[106.51493,21.5086],[106.5187,21.50262],[106.51885,21.50226],[106.5196,21.50046],[106.5195,21.49823],[106.5183,21.49538],[106.51824,21.49523],[106.51521,21.49096],[106.51391,21.49028],[106.51243,21.48896],[106.51548,21.4871],[106.51623,21.48774],[106.51629,21.48778],[106.51639,21.48781],[106.51663,21.48785],[106.51683,21.48785],[106.51703,21.48785],[106.51719,21.48783],[106.5173,21.48779],[106.51935,21.48708],[106.52054,21.48658],[106.5206,21.48656],[106.52077,21.48645],[106.52175,21.48569],[106.52202,21.48542],[106.52249,21.48422],[106.52253,21.48409],[106.52258,21.48371],[106.52262,21.48336],[106.52273,21.48262],[106.52294,21.48167],[106.52323,21.48104],[106.52408,21.48009],[106.52522,21.4789],[106.52894,21.47667],[106.53234,21.47728],[106.53627,21.4792],[106.53873,21.48126],[106.53874,21.48144],[106.53877,21.48161],[106.5388,21.48173],[106.53888,21.48193],[106.53896,21.4821],[106.53899,21.48216],[106.53903,21.48221],[106.53907,21.48225],[106.53912,21.48228],[106.5402,21.48282],[106.54298,21.48411],[106.54356,21.4832],[106.54394,21.48254],[106.5444,21.48172],[106.54483,21.48084],[106.54499,21.48022],[106.54579,21.47909],[106.54703,21.47821],[106.54777,21.47822],[106.55153,21.47914],[106.55266,21.47947],[106.55515,21.48],[106.55839,21.4792],[106.55843,21.47916],[106.55851,21.47907],[106.55899,21.47841],[106.55962,21.47675],[106.55974,21.47625],[106.55975,21.47533],[106.55974,21.47521],[106.55972,21.47505],[106.55969,21.47498],[106.55945,21.47453],[106.5589,21.47349],[106.55797,21.47153],[106.55762,21.47066],[106.5559,21.46626],[106.55542,21.46384],[106.55607,21.46272],[106.55828,21.46128],[106.55925,21.46111],[106.56033,21.46105],[106.56043,21.46107],[106.56054,21.46111],[106.56071,21.4612],[106.56096,21.46137],[106.56119,21.46153],[106.56796,21.46291],[106.56986,21.46253],[106.57382,21.46289],[106.57438,21.46325],[106.5753,21.46403],[106.57535,21.46409],[106.57542,21.46418],[106.57549,21.46431],[106.5755,21.46433],[106.57587,21.4653],[106.57603,21.46576],[106.57615,21.4661],[106.57634,21.46668],[106.57728,21.46992],[106.58121,21.46985],[106.58214,21.4697],[106.58596,21.47092],[106.58627,21.47163],[106.58791,21.47269],[106.58907,21.47643],[106.58894,21.47674],[106.58891,21.47687],[106.58886,21.47716],[106.58867,21.47857],[106.58857,21.48171],[106.59047,21.4892],[106.59205,21.48931],[106.59401,21.48914],[106.5989,21.48798],[106.60396,21.48648],[106.60921,21.4863],[106.60935,21.48637],[106.60995,21.48661],[106.61001,21.48663],[106.61015,21.48667],[106.61028,21.48669],[106.61046,21.48671],[106.61082,21.48672],[106.6109,21.48672],[106.61106,21.48668],[106.61288,21.48629],[106.61677,21.48483],[106.61782,21.48387],[106.61914,21.48259],[106.61962,21.48106],[106.62036,21.47871],[106.62391,21.47439],[106.62786,21.46969],[106.63248,21.46951],[106.63565,21.46985],[106.64185,21.46864],[106.64424,21.46766],[106.64704,21.46606],[106.6492,21.46468],[106.65269,21.46559],[106.65434,21.46648],[106.65543,21.46734],[106.653,21.47337],[106.64884,21.47978],[106.64846,21.48261],[106.64826,21.48545],[106.64937,21.48855],[106.65009,21.49005],[106.65055,21.49417],[106.65045,21.49491],[106.64969,21.49776],[106.64733,21.5004],[106.64539,21.50244],[106.64511,21.50796],[106.64097,21.51843],[106.63729,21.52407],[106.63453,21.52937],[106.63385,21.53136],[106.63333,21.53183],[106.63118,21.53364],[106.62934,21.53482],[106.62913,21.53495],[106.62874,21.5351],[106.62864,21.53514],[106.62489,21.5357],[106.62387,21.53558],[106.62368,21.53555],[106.62312,21.53544],[106.62288,21.53537],[106.6226,21.53521],[106.62245,21.53495],[106.62234,21.53477],[106.62227,21.53472],[106.62179,21.53445],[106.62177,21.53444],[106.62169,21.53441],[106.62164,21.53439],[106.6216,21.53437],[106.62157,21.53437],[106.62153,21.53438],[106.62144,21.5344],[106.62061,21.53479],[106.62046,21.53488],[106.61817,21.53693],[106.61633,21.54041],[106.61233,21.54675],[106.60784,21.55199],[106.60723,21.55313],[106.60664,21.55377],[106.60608,21.55438],[106.60518,21.55512],[106.60234,21.5569]]]},"properties":{"commune_code":"07543","commune_name":"Xã Sơn Hải","commune_kind":"XA","province_code":"24","province_name":"Tỉnh Bắc Ninh","area_km2":102.89,"valid_from":"16/6/2025","published":"13/07/2025","area_km2_geom":100.42032749672029,"quality_flag":null,"population":9591.0,"population_wp":9305.81344981119,"anchor_ratio":1.0306460635308132,"pop_source":"WORLDPOP2025_ANCHORED_VNSDI","pop_density_ppkm2":95.50855129717876,"n_stations":0,"n_ports":0,"power_kw_site":0.0,"ports_per_10k_pop":0.0,"util_mean_port_weighted":null,"dist_station_m_pop_weighted":17519.404126494264}},{"type":"Feature","geometry":{"type":"Polygon","coordinates":[[[106.51243,21.48896],[106.51391,21.49028],[106.51059,21.48856],[106.50674,21.48666],[106.49883,21.48437],[106.49637,21.48353],[106.49444,21.48204],[106.49357,21.47954],[106.49113,21.47374],[106.48935,21.4714],[106.48824,21.46783],[106.48822,21.46571],[106.4882,21.46424],[106.48269,21.44967],[106.4813,21.44824],[106.47861,21.44769],[106.47579,21.44815],[106.47387,21.44781],[106.47224,21.44603],[106.47099,21.44346],[106.46947,21.43958],[106.46942,21.43946],[106.4671,21.43747],[106.46668,21.43731],[106.46572,21.43694],[106.4651,21.4367],[106.46229,21.43708],[106.46166,21.43711],[106.46094,21.435],[106.45943,21.42878],[106.45833,21.42217],[106.45822,21.42141],[106.45833,21.42083],[106.46027,21.41185],[106.46618,21.40694],[106.4715,21.40192],[106.47455,21.39914],[106.47626,21.39892],[106.47703,21.3994],[106.48303,21.40416],[106.48737,21.40495],[106.49481,21.4061],[106.50014,21.40716],[106.5046,21.40941],[106.51115,21.40822],[106.51316,21.40737],[106.51416,21.40749],[106.52155,21.40841],[106.5235,21.40881],[106.52667,21.41008],[106.53216,21.40974],[106.53507,21.40687],[106.53673,21.40599],[106.53724,21.40655],[106.53886,21.40795],[106.53903,21.40808],[106.53936,21.40824],[106.53943,21.40827],[106.53943,21.40828],[106.53956,21.40831],[106.54053,21.40838],[106.54272,21.40836],[106.54769,21.40801],[106.55014,21.40742],[106.55076,21.40597],[106.55233,21.40418],[106.55347,21.40309],[106.5543,21.4023],[106.5569,21.40028],[106.5574,21.39998],[106.55802,21.3996],[106.55835,21.39955],[106.56125,21.39971],[106.56226,21.40179],[106.56382,21.40454],[106.56647,21.40778],[106.5666,21.40793],[106.56696,21.40777],[106.56699,21.40776],[106.5672,21.40766],[106.56755,21.40748],[106.56766,21.40742],[106.56769,21.40737],[106.56906,21.40789],[106.57101,21.40968],[106.57243,21.41174],[106.57313,21.41421],[106.57228,21.41661],[106.572,21.41794],[106.57127,21.42904],[106.57134,21.43153],[106.57178,21.43365],[106.57369,21.43759],[106.57446,21.43956],[106.57333,21.4409],[106.57342,21.44327],[106.57878,21.45143],[106.58065,21.45389],[106.58749,21.45999],[106.58936,21.46115],[106.58964,21.46146],[106.58986,21.46173],[106.59029,21.46236],[106.59035,21.46249],[106.59036,21.46256],[106.5897,21.4665],[106.58947,21.46758],[106.5888,21.46982],[106.58874,21.46998],[106.58869,21.47007],[106.58864,21.47016],[106.58858,21.47024],[106.58818,21.47061],[106.58676,21.47145],[106.58627,21.47163],[106.58596,21.47092],[106.58214,21.4697],[106.58121,21.46985],[106.57728,21.46992],[106.57634,21.46668],[106.57615,21.4661],[106.57603,21.46576],[106.57587,21.4653],[106.5755,21.46433],[106.57549,21.46431],[106.57542,21.46418],[106.57535,21.46409],[106.5753,21.46403],[106.57438,21.46325],[106.57382,21.46289],[106.56986,21.46253],[106.56796,21.46291],[106.56119,21.46153],[106.56096,21.46137],[106.56071,21.4612],[106.56054,21.46111],[106.56043,21.46107],[106.56033,21.46105],[106.55925,21.46111],[106.55828,21.46128],[106.55607,21.46272],[106.55542,21.46384],[106.5559,21.46626],[106.55762,21.47066],[106.55797,21.47153],[106.5589,21.47349],[106.55945,21.47453],[106.55969,21.47498],[106.55972,21.47505],[106.55974,21.47521],[106.55975,21.47533],[106.55974,21.47625],[106.55962,21.47675],[106.55899,21.47841],[106.55851,21.47907],[106.55843,21.47916],[106.55839,21.4792],[106.55515,21.48],[106.55266,21.47947],[106.55153,21.47914],[106.54777,21.47822],[106.54703,21.47821],[106.54579,21.47909],[106.54499,21.48022],[106.54483,21.48084],[106.5444,21.48172],[106.54394,21.48254],[106.54356,21.4832],[106.54298,21.48411],[106.5402,21.48282],[106.53912,21.48228],[106.53907,21.48225],[106.53903,21.48221],[106.53899,21.48216],[106.53896,21.4821],[106.53888,21.48193],[106.5388,21.48173],[106.53877,21.48161],[106.53874,21.48144],[106.53873,21.48126],[106.53627,21.4792],[106.53234,21.47728],[106.52894,21.47667],[106.52522,21.4789],[106.52408,21.48009],[106.52323,21.48104],[106.52294,21.48167],[106.52273,21.48262],[106.52262,21.48336],[106.52258,21.48371],[106.52253,21.48409],[106.52249,21.48422],[106.52202,21.48542],[106.52175,21.48569],[106.52077,21.48645],[106.5206,21.48656],[106.52054,21.48658],[106.51935,21.48708],[106.5173,21.48779],[106.51719,21.48783],[106.51703,21.48785],[106.51683,21.48785],[106.51663,21.48785],[106.51639,21.48781],[106.51629,21.48778],[106.51623,21.48774],[106.51548,21.4871],[106.51243,21.48896]]]},"properties":{"commune_code":"07552","commune_name":"Xã Kiên Lao","commune_kind":"XA","province_code":"24","province_name":"Tỉnh Bắc Ninh","area_km2":85.57,"valid_from":"16/6/2025","published":"13/07/2025","area_km2_geom":85.52276330041103,"quality_flag":null,"population":18987.0,"population_wp":18223.102845368907,"anchor_ratio":1.0419191594929305,"pop_source":"WORLDPOP2025_ANCHORED_VNSDI","pop_density_ppkm2":222.01106778209945,"n_stations":0,"n_ports":0,"power_kw_site":0.0,"ports_per_10k_pop":0.0,"util_mean_port_weighted":null,"dist_station_m_pop_weighted":7653.499400878273}},{"type":"Feature","geometry":{"type":"Polygon","coordinates":[[[106.77674,21.42902],[106.7756,21.43099],[106.77131,21.43003],[106.76747,21.42916],[106.76185,21.42835],[106.76125,21.42828],[106.76011,21.42815],[106.76008,21.42815],[106.75467,21.42828],[106.75333,21.42816],[106.75275,21.42803],[106.7502,21.4251],[106.74736,21.42452],[106.74441,21.42422],[106.74428,21.42421],[106.74395,21.42421],[106.74363,21.4242],[106.742,21.4242],[106.74142,21.42421],[106.74084,21.42422],[106.74034,21.42422],[106.74003,21.42423],[106.73967,21.42425],[106.73942,21.42426],[106.7393,21.42429],[106.73923,21.42432],[106.73914,21.4244],[106.73903,21.42452],[106.73895,21.42463],[106.73831,21.42534],[106.73761,21.42602],[106.7374,21.42621],[106.73719,21.42638],[106.73679,21.42668],[106.7366,21.42681],[106.73548,21.42747],[106.73495,21.42777],[106.73192,21.42829],[106.71855,21.42846],[106.71511,21.42823],[106.71285,21.42557],[106.71133,21.42378],[106.71152,21.42272],[106.71254,21.42042],[106.71301,21.41969],[106.71672,21.41423],[106.71763,21.41366],[106.7193,21.41292],[106.72005,21.4127],[106.72551,21.40713],[106.72568,21.40649],[106.72588,21.40582],[106.72628,21.40478],[106.72633,21.40468],[106.72641,21.4046],[106.72657,21.40449],[106.73113,21.40154],[106.73212,21.40151],[106.73234,21.40153],[106.73256,21.40157],[106.73277,21.40173],[106.7328,21.40175],[106.73521,21.39924],[106.7366,21.39517],[106.73731,21.39277],[106.73567,21.38993],[106.73472,21.38861],[106.73346,21.38758],[106.73257,21.38693],[106.73159,21.38514],[106.73243,21.38301],[106.73421,21.38127],[106.73455,21.37979],[106.73388,21.37677],[106.73172,21.37615],[106.72963,21.37468],[106.72838,21.36904],[106.72893,21.36605],[106.72762,21.3632],[106.72709,21.36254],[106.72489,21.36179],[106.72466,21.36176],[106.72445,21.36182],[106.72096,21.35797],[106.71971,21.35234],[106.71922,21.34891],[106.71931,21.3482],[106.71925,21.3466],[106.71923,21.34643],[106.71922,21.34634],[106.71919,21.34627],[106.71915,21.34617],[106.71908,21.34606],[106.71868,21.3456],[106.71867,21.34559],[106.71865,21.34558],[106.71861,21.34556],[106.71858,21.34556],[106.71547,21.34498],[106.71475,21.34492],[106.71335,21.34508],[106.70859,21.34616],[106.70455,21.34723],[106.70311,21.34866],[106.69925,21.34858],[106.69622,21.34781],[106.6958,21.34767],[106.69723,21.3457],[106.69802,21.34354],[106.69795,21.34206],[106.69667,21.33862],[106.69605,21.33697],[106.69274,21.33265],[106.69175,21.33127],[106.69194,21.33013],[106.69244,21.32921],[106.69456,21.32728],[106.69748,21.32386],[106.69903,21.32107],[106.69981,21.318],[106.70062,21.31686],[106.70172,21.31531],[106.70304,21.31467],[106.70457,21.31489],[106.70555,21.31579],[106.70598,21.31732],[106.7059,21.31957],[106.70587,21.32076],[106.70587,21.32078],[106.7063,21.32319],[106.70792,21.32662],[106.71021,21.33013],[106.71021,21.33013],[106.71196,21.33174],[106.71371,21.33277],[106.71524,21.333],[106.71626,21.33299],[106.71737,21.33221],[106.71802,21.33086],[106.7204,21.32548],[106.7219,21.32208],[106.72355,21.3191],[106.7245,21.31794],[106.72557,21.31764],[106.72654,21.31768],[106.72788,21.31858],[106.73283,21.32378],[106.7352,21.32519],[106.73755,21.32569],[106.74061,21.32571],[106.74264,21.32492],[106.74431,21.32352],[106.74496,21.32218],[106.74504,21.32132],[106.74745,21.3213],[106.75365,21.32193],[106.75651,21.32227],[106.7586,21.3206],[106.75949,21.32013],[106.76015,21.31991],[106.76099,21.31986],[106.76178,21.31994],[106.76296,21.32031],[106.76401,21.3209],[106.7683,21.32383],[106.76887,21.32427],[106.77002,21.32537],[106.77097,21.32638],[106.77168,21.32725],[106.77222,21.32807],[106.77264,21.3289],[106.77272,21.32938],[106.77308,21.33372],[106.77255,21.33533],[106.7716,21.33769],[106.77124,21.3385],[106.77088,21.33894],[106.76917,21.33951],[106.76793,21.3396],[106.76737,21.33961],[106.76601,21.33964],[106.7607,21.34262],[106.75296,21.34706],[106.75239,21.34743],[106.7484,21.35007],[106.74786,21.35052],[106.74772,21.35111],[106.74773,21.35172],[106.74802,21.35243],[106.74848,21.35303],[106.74991,21.35476],[106.75094,21.35787],[106.75111,21.36132],[106.75067,21.36219],[106.75048,21.36334],[106.7505,21.36389],[106.75055,21.36437],[106.75068,21.36465],[106.75326,21.36692],[106.75458,21.36807],[106.75535,21.36841],[106.75656,21.36874],[106.75871,21.36914],[106.75934,21.36917],[106.76014,21.36903],[106.76191,21.37217],[106.76314,21.37622],[106.76395,21.38021],[106.76373,21.38107],[106.76366,21.38165],[106.76374,21.38201],[106.76405,21.38241],[106.76457,21.38269],[106.76816,21.38455],[106.76892,21.38486],[106.77474,21.38507],[106.77854,21.38472],[106.7791,21.38489],[106.77964,21.38504],[106.77965,21.38506],[106.77971,21.38517],[106.78017,21.38665],[106.77965,21.38762],[106.77701,21.39023],[106.77729,21.39707],[106.77945,21.40008],[106.78097,21.40376],[106.78097,21.4089],[106.77813,21.41197],[106.77731,21.41223],[106.77679,21.41265],[106.77631,21.41338],[106.7756,21.41592],[106.77539,21.4171],[106.7754,21.41777],[106.77561,21.41836],[106.77801,21.42241],[106.78088,21.42515],[106.7827,21.42762],[106.77674,21.42902]]]},"properties":{"commune_code":"07573","commune_name":"Xã Biển Động","commune_kind":"XA","province_code":"24","province_name":"Tỉnh Bắc Ninh","area_km2":57.7,"valid_from":"16/6/2025","published":"13/07/2025","area_km2_geom":58.80780872009284,"quality_flag":null,"population":17198.0,"population_wp":15502.753698918968,"anchor_ratio":1.1093513019689685,"pop_source":"WORLDPOP2025_ANCHORED_VNSDI","pop_density_ppkm2":292.44415621498865,"n_stations":1,"n_ports":2,"power_kw_site":180.0,"ports_per_10k_pop":1.1629259216187928,"util_mean_port_weighted":0.2951121794871795,"dist_station_m_pop_weighted":4342.099701245702}},{"type":"Feature","geometry":{"type":"Polygon","coordinates":[[[106.71285,21.42557],[106.71511,21.42823],[106.71341,21.42803],[106.71227,21.42794],[106.70937,21.42773],[106.70731,21.42758],[106.70576,21.42747],[106.70493,21.42731],[106.70385,21.42711],[106.70082,21.4258],[106.70068,21.42472],[106.70093,21.42397],[106.70094,21.42388],[106.70068,21.42339],[106.70006,21.42238],[106.6998,21.422],[106.69922,21.4214],[106.69873,21.42114],[106.69848,21.42101],[106.69605,21.42038],[106.68911,21.41956],[106.68778,21.41952],[106.67536,21.41946],[106.6575,21.41938],[106.63546,21.41934],[106.63062,21.41937],[106.6283,21.4197],[106.62634,21.41985],[106.62383,21.41998],[106.62321,21.41995],[106.62345,21.41927],[106.62361,21.41883],[106.62364,21.41809],[106.62336,21.41729],[106.62317,21.41673],[106.62304,21.41661],[106.62503,21.41155],[106.62714,21.40852],[106.62988,21.40496],[106.63033,21.404],[106.63033,21.40382],[106.63031,21.40252],[106.62995,21.40154],[106.62994,21.40152],[106.62901,21.39254],[106.629,21.39117],[106.629,21.39106],[106.62859,21.38635],[106.62849,21.38585],[106.62663,21.38365],[106.6196,21.37627],[106.61729,21.37587],[106.61671,21.37587],[106.61602,21.37541],[106.61567,21.37501],[106.6143,21.37283],[106.61463,21.37281],[106.61965,21.37115],[106.62168,21.37012],[106.62256,21.36879],[106.62348,21.36562],[106.62438,21.36041],[106.62438,21.3599],[106.62435,21.35778],[106.62383,21.35611],[106.62361,21.35432],[106.6238,21.35354],[106.62392,21.35307],[106.62474,21.35228],[106.62664,21.35107],[106.62829,21.35069],[106.6297,21.3508],[106.63585,21.35337],[106.63823,21.35526],[106.63902,21.35721],[106.6402,21.36014],[106.64132,21.36341],[106.64261,21.36483],[106.64421,21.36506],[106.65019,21.36374],[106.65094,21.36284],[106.65092,21.36117],[106.65065,21.36013],[106.64985,21.35707],[106.64925,21.35553],[106.64875,21.35426],[106.64909,21.35259],[106.64959,21.35129],[106.65054,21.34999],[106.65241,21.34878],[106.65404,21.34824],[106.65685,21.34835],[106.65904,21.34838],[106.66072,21.34764],[106.66182,21.34673],[106.66421,21.34474],[106.66616,21.343],[106.66703,21.34223],[106.66982,21.34053],[106.67156,21.34036],[106.67318,21.34021],[106.67482,21.34038],[106.67554,21.34074],[106.67687,21.34141],[106.67745,21.3426],[106.67748,21.34309],[106.67763,21.34518],[106.67706,21.34901],[106.67705,21.34952],[106.67703,21.35054],[106.6776,21.35178],[106.68084,21.3539],[106.6831,21.35488],[106.68458,21.3551],[106.68656,21.35417],[106.69178,21.35168],[106.69356,21.35076],[106.69544,21.34817],[106.6958,21.34767],[106.69622,21.34781],[106.69925,21.34858],[106.70311,21.34866],[106.70455,21.34723],[106.70859,21.34616],[106.71335,21.34508],[106.71475,21.34492],[106.71547,21.34498],[106.71858,21.34556],[106.71861,21.34556],[106.71865,21.34558],[106.71867,21.34559],[106.71868,21.3456],[106.71908,21.34606],[106.71915,21.34617],[106.71919,21.34627],[106.71922,21.34634],[106.71923,21.34643],[106.71925,21.3466],[106.71931,21.3482],[106.71922,21.34891],[106.71971,21.35234],[106.72096,21.35797],[106.72445,21.36182],[106.72466,21.36176],[106.72489,21.36179],[106.72709,21.36254],[106.72762,21.3632],[106.72893,21.36605],[106.72838,21.36904],[106.72963,21.37468],[106.73172,21.37615],[106.73388,21.37677],[106.73455,21.37979],[106.73421,21.38127],[106.73243,21.38301],[106.73159,21.38514],[106.73257,21.38693],[106.73346,21.38758],[106.73472,21.38861],[106.73567,21.38993],[106.73731,21.39277],[106.7366,21.39517],[106.73521,21.39924],[106.7328,21.40175],[106.73277,21.40173],[106.73256,21.40157],[106.73234,21.40153],[106.73212,21.40151],[106.73113,21.40154],[106.72657,21.40449],[106.72641,21.4046],[106.72633,21.40468],[106.72628,21.40478],[106.72588,21.40582],[106.72568,21.40649],[106.72551,21.40713],[106.72005,21.4127],[106.7193,21.41292],[106.71763,21.41366],[106.71672,21.41423],[106.71301,21.41969],[106.71254,21.42042],[106.71152,21.42272],[106.71133,21.42378],[106.71285,21.42557]]]},"properties":{"commune_code":"07582","commune_name":"Xã Lục Ngạn","commune_kind":"XA","province_code":"24","province_name":"Tỉnh Bắc Ninh","area_km2":82.71,"valid_from":"16/6/2025","published":"13/07/2025","area_km2_geom":82.6921160319437,"quality_flag":null,"population":42367.0,"population_wp":34278.61022001691,"anchor_ratio":1.235960260000853,"pop_source":"WORLDPOP2025_ANCHORED_VNSDI","pop_density_ppkm2":512.3463037713748,"n_stations":0,"n_ports":0,"power_kw_site":0.0,"ports_per_10k_pop":0.0,"util_mean_port_weighted":null,"dist_station_m_pop_weighted":8023.385333190955}},{"type":"Feature","geometry":{"type":"Polygon","coordinates":[[[106.6143,21.37283],[106.61298,21.37289],[106.61194,21.37246],[106.61086,21.37201],[106.60848,21.37018],[106.60706,21.36834],[106.60654,21.36709],[106.60581,21.36531],[106.60398,21.36103],[106.60249,21.35907],[106.60197,21.35881],[106.59933,21.35581],[106.59704,21.35265],[106.59623,21.3426],[106.60252,21.33932],[106.60347,21.33783],[106.60535,21.33516],[106.60634,21.33382],[106.61049,21.33161],[106.61067,21.33153],[106.61079,21.33144],[106.61148,21.33089],[106.61295,21.32875],[106.61332,21.32801],[106.61358,21.32737],[106.61382,21.32676],[106.61539,21.3214],[106.61553,21.31782],[106.61547,21.31703],[106.61533,21.31589],[106.61527,21.3155],[106.6191,21.31136],[106.62332,21.31096],[106.62348,21.31093],[106.62357,21.31088],[106.62399,21.31046],[106.6256,21.30846],[106.62566,21.30837],[106.62583,21.30806],[106.62705,21.30474],[106.6273,21.30302],[106.62733,21.30282],[106.62734,21.30262],[106.62734,21.30244],[106.62732,21.30228],[106.62704,21.30121],[106.62672,21.29995],[106.6267,21.29984],[106.62666,21.29958],[106.62658,21.29898],[106.62658,21.29887],[106.62662,21.29879],[106.62671,21.29868],[106.62699,21.29842],[106.62717,21.29833],[106.63204,21.29657],[106.63564,21.29562],[106.63731,21.29509],[106.63808,21.29426],[106.63815,21.29418],[106.6382,21.29405],[106.64067,21.2881],[106.64111,21.28708],[106.642,21.28554],[106.643,21.28412],[106.64326,21.28397],[106.64345,21.28377],[106.64358,21.28362],[106.64415,21.28278],[106.64423,21.28265],[106.64428,21.28254],[106.64466,21.28115],[106.64501,21.27872],[106.6469,21.27747],[106.64725,21.2774],[106.65061,21.27708],[106.65473,21.27681],[106.65881,21.27715],[106.66255,21.27822],[106.66344,21.27843],[106.66488,21.27856],[106.66733,21.27873],[106.67857,21.27877],[106.68165,21.27405],[106.68242,21.27254],[106.68437,21.26939],[106.68465,21.2691],[106.6856,21.26863],[106.68698,21.26818],[106.69138,21.26855],[106.69252,21.26884],[106.69369,21.26882],[106.69428,21.26863],[106.69473,21.26826],[106.69523,21.26728],[106.69561,21.26663],[106.69594,21.26634],[106.69753,21.2657],[106.69901,21.26521],[106.7,21.26496],[106.70053,21.26493],[106.70143,21.26504],[106.70544,21.26565],[106.70917,21.26647],[106.70978,21.2667],[106.7105,21.26736],[106.71118,21.26812],[106.71172,21.26883],[106.71183,21.26943],[106.71189,21.27058],[106.71182,21.2712],[106.71193,21.27163],[106.7126,21.27215],[106.71517,21.27374],[106.71609,21.27414],[106.71717,21.27449],[106.71803,21.27472],[106.71883,21.27476],[106.71946,21.27468],[106.72058,21.27421],[106.72177,21.27384],[106.72284,21.27355],[106.72366,21.27349],[106.72432,21.27351],[106.72944,21.27498],[106.73084,21.2754],[106.73305,21.27629],[106.73543,21.27762],[106.73587,21.278],[106.73613,21.2784],[106.73629,21.27883],[106.73683,21.28196],[106.73684,21.28265],[106.7367,21.28349],[106.73622,21.28397],[106.73567,21.28448],[106.7349,21.28649],[106.73483,21.28709],[106.73514,21.28783],[106.74223,21.29182],[106.74912,21.2944],[106.75135,21.29538],[106.7579,21.29909],[106.76118,21.30113],[106.76226,21.30419],[106.75966,21.30548],[106.75759,21.30765],[106.75528,21.31055],[106.75509,21.31089],[106.75528,21.31557],[106.75651,21.32227],[106.75365,21.32193],[106.74745,21.3213],[106.74504,21.32132],[106.74496,21.32218],[106.74431,21.32352],[106.74264,21.32492],[106.74061,21.32571],[106.73755,21.32569],[106.7352,21.32519],[106.73283,21.32378],[106.72788,21.31858],[106.72654,21.31768],[106.72557,21.31764],[106.7245,21.31794],[106.72355,21.3191],[106.7219,21.32208],[106.7204,21.32548],[106.71802,21.33086],[106.71737,21.33221],[106.71626,21.33299],[106.71524,21.333],[106.71371,21.33277],[106.71196,21.33174],[106.71021,21.33013],[106.71021,21.33013],[106.70792,21.32662],[106.7063,21.32319],[106.70587,21.32078],[106.70587,21.32076],[106.7059,21.31957],[106.70598,21.31732],[106.70555,21.31579],[106.70457,21.31489],[106.70304,21.31467],[106.70172,21.31531],[106.70062,21.31686],[106.69981,21.318],[106.69903,21.32107],[106.69748,21.32386],[106.69456,21.32728],[106.69244,21.32921],[106.69194,21.33013],[106.69175,21.33127],[106.69274,21.33265],[106.69605,21.33697],[106.69667,21.33862],[106.69795,21.34206],[106.69802,21.34354],[106.69723,21.3457],[106.6958,21.34767],[106.69544,21.34817],[106.69356,21.35076],[106.69178,21.35168],[106.68656,21.35417],[106.68458,21.3551],[106.6831,21.35488],[106.68084,21.3539],[106.6776,21.35178],[106.67703,21.35054],[106.67705,21.34952],[106.67706,21.34901],[106.67763,21.34518],[106.67748,21.34309],[106.67745,21.3426],[106.67687,21.34141],[106.67554,21.34074],[106.67482,21.34038],[106.67318,21.34021],[106.67156,21.34036],[106.66982,21.34053],[106.66703,21.34223],[106.66616,21.343],[106.66421,21.34474],[106.66182,21.34673],[106.66072,21.34764],[106.65904,21.34838],[106.65685,21.34835],[106.65404,21.34824],[106.65241,21.34878],[106.65054,21.34999],[106.64959,21.35129],[106.64909,21.35259],[106.64875,21.35426],[106.64925,21.35553],[106.64985,21.35707],[106.65065,21.36013],[106.65092,21.36117],[106.65094,21.36284],[106.65019,21.36374],[106.64421,21.36506],[106.64261,21.36483],[106.64132,21.36341],[106.6402,21.36014],[106.63902,21.35721],[106.63823,21.35526],[106.63585,21.35337],[106.6297,21.3508],[106.62829,21.35069],[106.62664,21.35107],[106.62474,21.35228],[106.62392,21.35307],[106.6238,21.35354],[106.62361,21.35432],[106.62383,21.35611],[106.62435,21.35778],[106.62438,21.3599],[106.62438,21.36041],[106.62348,21.36562],[106.62256,21.36879],[106.62168,21.37012],[106.61965,21.37115],[106.61463,21.37281],[106.6143,21.37283]]]},"properties":{"commune_code":"07594","commune_name":"Xã Đèo Gia","commune_kind":"XA","province_code":"24","province_name":"Tỉnh Bắc Ninh","area_km2":102.93,"valid_from":"16/6/2025","published":"13/07/2025","area_km2_geom":101.34678476202645,"quality_flag":null,"population":14680.0,"population_wp":13987.797876037657,"anchor_ratio":1.0494861399983586,"pop_source":"WORLDPOP2025_ANCHORED_VNSDI","pop_density_ppkm2":144.84919313888722,"n_stations":0,"n_ports":0,"power_kw_site":0.0,"ports_per_10k_pop":0.0,"util_mean_port_weighted":null,"dist_station_m_pop_weighted":12539.599367191326}},{"type":"Feature","geometry":{"type":"Polygon","coordinates":[[[106.56653,21.36592],[106.5643,21.36624],[106.56358,21.36592],[106.56065,21.3646],[106.55858,21.36318],[106.55808,21.36283],[106.55672,21.36123],[106.556,21.35939],[106.55608,21.35859],[106.55634,21.35598],[106.55639,21.35448],[106.556,21.35341],[106.55484,21.35253],[106.55356,21.35194],[106.55044,21.35006],[106.54878,21.34857],[106.54811,21.3475],[106.54792,21.34601],[106.54786,21.34557],[106.54747,21.34425],[106.54673,21.34368],[106.54579,21.34333],[106.54586,21.34324],[106.54658,21.34159],[106.54647,21.3385],[106.54456,21.3367],[106.54405,21.3367],[106.5436,21.33666],[106.54335,21.3366],[106.54308,21.33648],[106.54288,21.33632],[106.5425,21.33599],[106.54233,21.33574],[106.54118,21.33315],[106.54176,21.33187],[106.54193,21.33158],[106.54205,21.33143],[106.54218,21.3313],[106.54238,21.33116],[106.54263,21.33103],[106.54287,21.33094],[106.54306,21.33091],[106.54687,21.32665],[106.54732,21.32468],[106.54621,21.32214],[106.5452,21.32106],[106.54331,21.32084],[106.54062,21.31937],[106.53984,21.31855],[106.53928,21.31751],[106.53917,21.31638],[106.53929,21.31527],[106.53857,21.31133],[106.53895,21.3113],[106.54223,21.31041],[106.54519,21.30844],[106.54715,21.30592],[106.54843,21.3034],[106.54809,21.30089],[106.54821,21.29993],[106.54838,21.29852],[106.54855,21.29825],[106.55071,21.29499],[106.55281,21.29256],[106.55509,21.28993],[106.55882,21.28788],[106.56196,21.28807],[106.5664,21.28824],[106.57107,21.28798],[106.57259,21.2879],[106.57408,21.28728],[106.57541,21.28673],[106.57682,21.28506],[106.577,21.28485],[106.5789,21.28361],[106.58065,21.28345],[106.58263,21.28405],[106.58388,21.28442],[106.58642,21.28576],[106.58894,21.28574],[106.59092,21.28508],[106.59646,21.28079],[106.59812,21.27891],[106.59894,21.27625],[106.59942,21.27401],[106.60041,21.27225],[106.6041,21.26944],[106.6052,21.26886],[106.60796,21.26755],[106.61286,21.2661],[106.62375,21.26725],[106.631,21.26956],[106.63659,21.27462],[106.63738,21.27461],[106.63997,21.2755],[106.64061,21.27581],[106.64225,21.27665],[106.64275,21.27693],[106.64357,21.2774],[106.64402,21.2778],[106.64501,21.27872],[106.64466,21.28115],[106.64428,21.28254],[106.64423,21.28265],[106.64415,21.28278],[106.64358,21.28362],[106.64345,21.28377],[106.64326,21.28397],[106.643,21.28412],[106.642,21.28554],[106.64111,21.28708],[106.64067,21.2881],[106.6382,21.29405],[106.63815,21.29418],[106.63808,21.29426],[106.63731,21.29509],[106.63564,21.29562],[106.63204,21.29657],[106.62717,21.29833],[106.62699,21.29842],[106.62671,21.29868],[106.62662,21.29879],[106.62658,21.29887],[106.62658,21.29898],[106.62666,21.29958],[106.6267,21.29984],[106.62672,21.29995],[106.62704,21.30121],[106.62732,21.30228],[106.62734,21.30244],[106.62734,21.30262],[106.62733,21.30282],[106.6273,21.30302],[106.62705,21.30474],[106.62583,21.30806],[106.62566,21.30837],[106.6256,21.30846],[106.62399,21.31046],[106.62357,21.31088],[106.62348,21.31093],[106.62332,21.31096],[106.6191,21.31136],[106.61527,21.3155],[106.61533,21.31589],[106.61547,21.31703],[106.61553,21.31782],[106.61539,21.3214],[106.61382,21.32676],[106.61358,21.32737],[106.61332,21.32801],[106.61295,21.32875],[106.61148,21.33089],[106.61079,21.33144],[106.61067,21.33153],[106.61049,21.33161],[106.60634,21.33382],[106.60535,21.33516],[106.60347,21.33783],[106.60252,21.33932],[106.59623,21.3426],[106.59704,21.35265],[106.59933,21.35581],[106.60197,21.35881],[106.60044,21.35807],[106.5991,21.35796],[106.59637,21.35889],[106.59334,21.36073],[106.59269,21.36113],[106.58881,21.36279],[106.5871,21.36352],[106.58475,21.36402],[106.57774,21.36444],[106.57558,21.36446],[106.57193,21.36449],[106.56977,21.3648],[106.56964,21.36482],[106.56653,21.36592]]]},"properties":{"commune_code":"07603","commune_name":"Xã Nam Dương","commune_kind":"XA","province_code":"24","province_name":"Tỉnh Bắc Ninh","area_km2":67.19,"valid_from":"16/6/2025","published":"13/07/2025","area_km2_geom":67.3469114588318,"quality_flag":null,"population":16989.0,"population_wp":15772.872749596834,"anchor_ratio":1.0771024574730212,"pop_source":"WORLDPOP2025_ANCHORED_VNSDI","pop_density_ppkm2":252.2610114108222,"n_stations":0,"n_ports":0,"power_kw_site":0.0,"ports_per_10k_pop":0.0,"util_mean_port_weighted":null,"dist_station_m_pop_weighted":6732.806585632618}},{"type":"Feature","geometry":{"type":"Polygon","coordinates":[[[106.53216,21.40974],[106.52667,21.41008],[106.5235,21.40881],[106.52155,21.40841],[106.51416,21.40749],[106.51316,21.40737],[106.51115,21.40822],[106.5046,21.40941],[106.50014,21.40716],[106.49481,21.4061],[106.48737,21.40495],[106.48303,21.40416],[106.47703,21.3994],[106.47626,21.39892],[106.47613,21.39584],[106.47854,21.38981],[106.4803,21.38349],[106.47891,21.37935],[106.47611,21.37479],[106.47479,21.37424],[106.4725,21.37367],[106.4697,21.3733],[106.46867,21.37241],[106.46683,21.36984],[106.46658,21.36919],[106.46657,21.36894],[106.46666,21.36812],[106.46679,21.36746],[106.46859,21.36449],[106.47232,21.36136],[106.47687,21.36101],[106.47806,21.36014],[106.47839,21.35834],[106.47763,21.35738],[106.47886,21.35548],[106.48382,21.35117],[106.48503,21.35062],[106.48597,21.34959],[106.4865,21.3484],[106.48687,21.34666],[106.48696,21.34612],[106.48673,21.34558],[106.48468,21.34435],[106.48288,21.34356],[106.48247,21.34386],[106.48216,21.34395],[106.48073,21.34416],[106.48037,21.34403],[106.47984,21.34373],[106.47934,21.3434],[106.47573,21.33932],[106.47272,21.33967],[106.47074,21.34059],[106.4687,21.34141],[106.46632,21.34199],[106.4628,21.34237],[106.46193,21.34232],[106.46061,21.34221],[106.45462,21.3417],[106.45322,21.34137],[106.45102,21.34075],[106.44996,21.34043],[106.4497,21.34017],[106.44937,21.33983],[106.44895,21.33892],[106.4487,21.33793],[106.44891,21.33709],[106.44891,21.33699],[106.44886,21.33678],[106.44803,21.33488],[106.44412,21.32804],[106.44822,21.32547],[106.44911,21.32119],[106.45163,21.31681],[106.44929,21.31592],[106.4489,21.31609],[106.44853,21.31616],[106.44816,21.31616],[106.44793,21.31613],[106.44773,21.31607],[106.44764,21.31597],[106.44762,21.31572],[106.44764,21.31505],[106.44777,21.3134],[106.44955,21.31029],[106.45149,21.30738],[106.4522,21.30702],[106.45451,21.31309],[106.45619,21.31541],[106.45795,21.31645],[106.45799,21.31647],[106.46106,21.3174],[106.4631,21.3175],[106.46436,21.31677],[106.46467,21.31628],[106.46587,21.31431],[106.4672,21.3131],[106.46873,21.31279],[106.46981,21.31284],[106.47103,21.31396],[106.4724,21.31652],[106.47383,21.31967],[106.47383,21.31968],[106.47468,21.32212],[106.47457,21.32385],[106.47366,21.32762],[106.47373,21.32852],[106.4745,21.32947],[106.47604,21.33017],[106.4777,21.33034],[106.47916,21.33019],[106.47961,21.33014],[106.48291,21.32826],[106.48599,21.32531],[106.48891,21.32253],[106.49078,21.32053],[106.49351,21.31759],[106.49561,21.31668],[106.49745,21.31689],[106.49752,21.3169],[106.49814,21.31721],[106.49913,21.31772],[106.50002,21.31884],[106.50055,21.3195],[106.50064,21.31988],[106.50115,21.32194],[106.50086,21.32281],[106.50179,21.32256],[106.50403,21.32196],[106.50635,21.31912],[106.50771,21.31696],[106.50798,21.31402],[106.50719,21.31073],[106.50714,21.31058],[106.50663,21.30872],[106.50669,21.30729],[106.50775,21.30613],[106.50937,21.3057],[106.50943,21.30569],[106.51081,21.30557],[106.51124,21.30466],[106.51179,21.30241],[106.51613,21.30241],[106.51829,21.30231],[106.51906,21.30228],[106.51941,21.30217],[106.51978,21.30196],[106.52006,21.30179],[106.52034,21.30162],[106.52062,21.30128],[106.5207,21.30099],[106.52076,21.30064],[106.52082,21.30025],[106.52092,21.30007],[106.5216,21.29922],[106.52178,21.29909],[106.52195,21.29905],[106.5254,21.2991],[106.52651,21.2999],[106.52775,21.30109],[106.52797,21.30131],[106.53454,21.30578],[106.53503,21.30603],[106.53742,21.30733],[106.53798,21.30789],[106.53857,21.31133],[106.53929,21.31527],[106.53917,21.31638],[106.53928,21.31751],[106.53984,21.31855],[106.54062,21.31937],[106.54331,21.32084],[106.5452,21.32106],[106.54621,21.32214],[106.54732,21.32468],[106.54687,21.32665],[106.54306,21.33091],[106.54287,21.33094],[106.54263,21.33103],[106.54238,21.33116],[106.54218,21.3313],[106.54205,21.33143],[106.54193,21.33158],[106.54176,21.33187],[106.54118,21.33315],[106.54233,21.33574],[106.5425,21.33599],[106.54288,21.33632],[106.54308,21.33648],[106.54335,21.3366],[106.5436,21.33666],[106.54405,21.3367],[106.54456,21.3367],[106.54647,21.3385],[106.54658,21.34159],[106.54586,21.34324],[106.54579,21.34333],[106.54504,21.34305],[106.54308,21.34274],[106.5429,21.34271],[106.53998,21.34276],[106.53911,21.34278],[106.53797,21.34304],[106.53728,21.34348],[106.53589,21.34616],[106.53558,21.34684],[106.53758,21.34931],[106.5397,21.35029],[106.54073,21.34962],[106.54286,21.35087],[106.54289,21.35107],[106.54333,21.35765],[106.5434,21.36044],[106.54322,21.36281],[106.54291,21.36372],[106.54497,21.36574],[106.55628,21.36922],[106.55256,21.37606],[106.54869,21.3782],[106.54344,21.37963],[106.54251,21.37933],[106.54015,21.37926],[106.53514,21.38776],[106.53483,21.38861],[106.53441,21.38973],[106.53395,21.39202],[106.53393,21.39216],[106.53393,21.39219],[106.53413,21.39395],[106.53506,21.39776],[106.53579,21.39988],[106.53853,21.40298],[106.53756,21.405],[106.53673,21.40599],[106.53507,21.40687],[106.53216,21.40974]]]},"properties":{"commune_code":"07612","commune_name":"Phường Phượng Sơn","commune_kind":"PHUONG","province_code":"24","province_name":"Tỉnh Bắc Ninh","area_km2":78.74,"valid_from":"16/6/2025","published":"13/07/2025","area_km2_geom":78.74155330200855,"quality_flag":null,"population":41342.0,"population_wp":40956.871874667704,"anchor_ratio":1.009403260251682,"pop_source":"WORLDPOP2025_ANCHORED_VNSDI","pop_density_ppkm2":525.0340927544979,"n_stations":1,"n_ports":0,"power_kw_site":0.0,"ports_per_10k_pop":0.0,"util_mean_port_weighted":null,"dist_station_m_pop_weighted":8016.545646639488}},{"type":"Feature","geometry":{"type":"Polygon","coordinates":[[[106.88376,21.39609],[106.88056,21.39807],[106.88057,21.39803],[106.87969,21.39603],[106.87514,21.39567],[106.87048,21.39615],[106.86907,21.39619],[106.86905,21.39343],[106.86907,21.39118],[106.86859,21.39056],[106.86746,21.38921],[106.86523,21.38687],[106.86513,21.38678],[106.86504,21.38672],[106.86494,21.38668],[106.86484,21.38668],[106.86462,21.38671],[106.86421,21.38678],[106.86381,21.38689],[106.86351,21.38698],[106.86339,21.38702],[106.8633,21.3871],[106.8624,21.38786],[106.86106,21.38891],[106.86096,21.38895],[106.86087,21.38894],[106.85886,21.3886],[106.85839,21.38851],[106.85712,21.38798],[106.85644,21.38747],[106.85585,21.38701],[106.85495,21.38625],[106.85441,21.3858],[106.85441,21.3858],[106.85402,21.38546],[106.85216,21.38385],[106.85157,21.38332],[106.85149,21.38318],[106.84559,21.37946],[106.84413,21.37899],[106.83998,21.37336],[106.83983,21.37312],[106.83977,21.37298],[106.83973,21.37275],[106.83972,21.37252],[106.83971,21.37232],[106.83978,21.36854],[106.83984,21.36773],[106.84004,21.36681],[106.8403,21.36586],[106.84036,21.36554],[106.84039,21.36535],[106.84032,21.36509],[106.84019,21.36473],[106.84006,21.36457],[106.83975,21.36442],[106.83928,21.36419],[106.83825,21.36376],[106.83805,21.3637],[106.82935,21.36231],[106.82415,21.36143],[106.82577,21.35889],[106.82688,21.35229],[106.82775,21.34438],[106.82849,21.3439],[106.82862,21.34384],[106.8289,21.34372],[106.82974,21.34338],[106.83,21.34332],[106.83025,21.34333],[106.8307,21.34336],[106.83311,21.34363],[106.83444,21.34388],[106.83468,21.34391],[106.83489,21.34389],[106.83509,21.34385],[106.8353,21.34374],[106.83549,21.34361],[106.83562,21.34346],[106.83576,21.34318],[106.83594,21.34267],[106.83601,21.34234],[106.836,21.34211],[106.83582,21.34171],[106.83543,21.34089],[106.83522,21.34045],[106.83453,21.33945],[106.83433,21.3392],[106.82915,21.33471],[106.8279,21.33375],[106.82554,21.33231],[106.82509,21.33206],[106.8241,21.33153],[106.82329,21.33111],[106.82014,21.3295],[106.8193,21.32911],[106.81771,21.32841],[106.8164,21.32794],[106.81412,21.32714],[106.8138,21.327],[106.81329,21.32667],[106.8126,21.32618],[106.81241,21.32604],[106.81231,21.32592],[106.81225,21.32583],[106.81204,21.32526],[106.81185,21.32473],[106.81159,21.32351],[106.81153,21.32297],[106.81148,21.32247],[106.81148,21.32229],[106.81163,21.31872],[106.80811,21.31429],[106.80666,21.3141],[106.80646,21.31407],[106.80635,21.31402],[106.8062,21.31393],[106.80601,21.31377],[106.80581,21.31351],[106.8042,21.31109],[106.80283,21.30883],[106.80192,21.30721],[106.80145,21.30738],[106.80097,21.30808],[106.80089,21.3082],[106.80075,21.30902],[106.79894,21.30967],[106.79858,21.3097],[106.79803,21.30964],[106.7976,21.30957],[106.79724,21.30945],[106.79698,21.30924],[106.79685,21.30908],[106.79642,21.30846],[106.79616,21.30807],[106.79498,21.30598],[106.79497,21.30584],[106.79502,21.30573],[106.7951,21.30564],[106.79526,21.30546],[106.7956,21.30519],[106.79585,21.30503],[106.79613,21.30489],[106.79715,21.30443],[106.79737,21.3044],[106.8009,21.30197],[106.80098,21.30186],[106.80102,21.30166],[106.80105,21.30091],[106.80104,21.30052],[106.80089,21.30015],[106.80061,21.29952],[106.79899,21.29736],[106.79706,21.29585],[106.79631,21.29571],[106.7954,21.29544],[106.79496,21.29528],[106.79486,21.29516],[106.79385,21.29391],[106.79366,21.29364],[106.79349,21.29333],[106.79339,21.29305],[106.79328,21.29273],[106.79318,21.29235],[106.79315,21.29214],[106.79317,21.29196],[106.79325,21.29171],[106.79372,21.29092],[106.79691,21.28566],[106.79732,21.28499],[106.80106,21.28023],[106.80186,21.27954],[106.80307,21.2792],[106.80414,21.27869],[106.80539,21.27758],[106.80572,21.27717],[106.80583,21.27697],[106.80667,21.27488],[106.80685,21.27384],[106.80683,21.27323],[106.80695,21.27238],[106.80718,21.27158],[106.80751,21.27106],[106.80781,21.27074],[106.8082,21.27049],[106.80845,21.27037],[106.80859,21.27032],[106.81335,21.26934],[106.81898,21.27074],[106.82281,21.27161],[106.82762,21.27129],[106.84086,21.26959],[106.84423,21.26887],[106.84506,21.26977],[106.84602,21.27075],[106.8493,21.27252],[106.85168,21.27375],[106.85383,21.27479],[106.856,21.27537],[106.85841,21.27675],[106.86266,21.2791],[106.86593,21.28114],[106.86814,21.28372],[106.86806,21.28412],[106.86804,21.28502],[106.86805,21.28512],[106.86839,21.28622],[106.86862,21.28684],[106.86883,21.28728],[106.86903,21.2876],[106.87085,21.2894],[106.87204,21.29019],[106.87309,21.29376],[106.87325,21.29564],[106.87323,21.29884],[106.87319,21.2991],[106.87311,21.29955],[106.87304,21.29986],[106.87282,21.30072],[106.87267,21.30111],[106.86879,21.31056],[106.87035,21.3161],[106.87053,21.3162],[106.87068,21.31631],[106.87077,21.31648],[106.87078,21.3165],[106.87101,21.31736],[106.87114,21.31789],[106.87117,21.31817],[106.8713,21.31965],[106.87138,21.32354],[106.87137,21.32475],[106.86951,21.32641],[106.86823,21.3277],[106.86761,21.32881],[106.86573,21.3327],[106.86612,21.33326],[106.86813,21.33474],[106.87046,21.33523],[106.87279,21.33537],[106.87536,21.33574],[106.87547,21.33581],[106.87751,21.33703],[106.87752,21.33704],[106.87753,21.33705],[106.87849,21.33844],[106.87946,21.33983],[106.87997,21.34143],[106.88096,21.34457],[106.88144,21.34616],[106.88129,21.34877],[106.88458,21.35189],[106.88548,21.3522],[106.88594,21.35239],[106.88624,21.35256],[106.88826,21.35386],[106.88842,21.354],[106.88852,21.35414],[106.88865,21.35435],[106.88868,21.35446],[106.88909,21.35633],[106.88925,21.35774],[106.88918,21.36144],[106.88876,21.36292],[106.88875,21.36294],[106.88877,21.3634],[106.88889,21.36373],[106.88913,21.36405],[106.88981,21.36447],[106.89046,21.36484],[106.89139,21.36537],[106.89415,21.36648],[106.89447,21.36645],[106.89469,21.36642],[106.89489,21.36636],[106.89519,21.36625],[106.89546,21.36612],[106.89552,21.36609],[106.89628,21.36561],[106.89648,21.36548],[106.89797,21.36441],[106.89808,21.36503],[106.89807,21.36632],[106.89762,21.36816],[106.89628,21.36917],[106.8956,21.36928],[106.89537,21.36937],[106.89505,21.36957],[106.8946,21.36997],[106.89424,21.37031],[106.89368,21.37111],[106.89339,21.37155],[106.89293,21.37239],[106.89074,21.37686],[106.88702,21.38471],[106.88474,21.38861],[106.88504,21.39204],[106.88551,21.39371],[106.8849,21.39462],[106.88376,21.39609]]]},"properties":{"commune_code":"07615","commune_name":"Xã Sơn Động","commune_kind":"XA","province_code":"24","province_name":"Tỉnh Bắc Ninh","area_km2":78.72,"valid_from":"16/6/2025","published":"13/07/2025","area_km2_geom":78.97237130494595,"quality_flag":null,"population":24394.0,"population_wp":23672.58943507448,"anchor_ratio":1.0304745100616937,"pop_source":"WORLDPOP2025_ANCHORED_VNSDI","pop_density_ppkm2":308.89283931723895,"n_stations":1,"n_ports":6,"power_kw_site":270.0,"ports_per_10k_pop":2.459621218332377,"util_mean_port_weighted":0.39061779621945597,"dist_station_m_pop_weighted":2886.918470280547}},{"type":"Feature","geometry":{"type":"Polygon","coordinates":[[[106.77799,21.24546],[106.77497,21.24724],[106.7689,21.24707],[106.76788,21.24658],[106.76645,21.2453],[106.76552,21.24428],[106.76467,21.24314],[106.76431,21.24278],[106.76393,21.24245],[106.76208,21.24104],[106.76098,21.24021],[106.76049,21.23996],[106.75905,21.23922],[106.74918,21.23514],[106.74779,21.23431],[106.74357,21.23431],[106.74035,21.23464],[106.73532,21.23026],[106.72973,21.22797],[106.72766,21.22483],[106.72626,21.22249],[106.72549,21.22199],[106.71782,21.2215],[106.7123,21.22084],[106.7079,21.21672],[106.70651,21.21307],[106.70648,21.21273],[106.70642,21.21245],[106.70575,21.21137],[106.70504,21.21025],[106.70498,21.21018],[106.70482,21.21007],[106.70426,21.2097],[106.70354,21.20927],[106.70318,21.20909],[106.70303,21.20902],[106.70289,21.20904],[106.69665,21.20986],[106.69063,21.2087],[106.68956,21.20836],[106.68781,21.20825],[106.68764,21.20825],[106.68718,21.20826],[106.68692,21.20829],[106.68675,21.20834],[106.68434,21.20944],[106.6849,21.20865],[106.68569,21.20719],[106.67564,21.20327],[106.67516,21.2033],[106.67475,21.20294],[106.67413,21.20225],[106.67394,21.20168],[106.67401,21.20111],[106.67451,21.19976],[106.67511,21.19868],[106.67584,21.19784],[106.67705,21.19666],[106.67711,21.19305],[106.67509,21.19027],[106.67399,21.18553],[106.67388,21.18481],[106.67386,21.1834],[106.6764,21.17252],[106.6769,21.17044],[106.67717,21.17044],[106.67941,21.17022],[106.67943,21.1702],[106.68072,21.16892],[106.68193,21.16776],[106.6837,21.16731],[106.68661,21.16781],[106.69115,21.16875],[106.69126,21.16877],[106.69499,21.16965],[106.70547,21.16791],[106.70684,21.16751],[106.70787,21.16657],[106.71158,21.16316],[106.71528,21.16155],[106.72122,21.16019],[106.72834,21.16012],[106.73117,21.16076],[106.73336,21.16093],[106.7356,21.16038],[106.73806,21.15936],[106.73925,21.15887],[106.74371,21.15724],[106.74556,21.15688],[106.74631,21.15674],[106.75694,21.15558],[106.75914,21.15594],[106.76205,21.15648],[106.76429,21.15631],[106.76718,21.15556],[106.76843,21.15472],[106.77016,21.15286],[106.77017,21.15285],[106.77101,21.15258],[106.77183,21.15231],[106.7736,21.15218],[106.7782,21.15182],[106.78079,21.15165],[106.78649,21.15073],[106.79051,21.14966],[106.7906,21.14963],[106.79079,21.14963],[106.79432,21.14959],[106.79682,21.15009],[106.79707,21.15023],[106.8,21.15187],[106.80642,21.15429],[106.80844,21.15408],[106.81159,21.154],[106.8116,21.154],[106.81384,21.15464],[106.81684,21.15571],[106.81814,21.15617],[106.82008,21.15629],[106.82211,21.15594],[106.82911,21.15378],[106.83014,21.15437],[106.83052,21.15566],[106.83053,21.15685],[106.82989,21.15781],[106.82903,21.15911],[106.82773,21.16118],[106.82617,21.16424],[106.82614,21.16431],[106.82582,21.16694],[106.82599,21.17277],[106.82634,21.17483],[106.82654,21.17596],[106.82656,21.17804],[106.82656,21.17816],[106.82654,21.17832],[106.82585,21.18209],[106.82468,21.18636],[106.82474,21.18765],[106.82532,21.18845],[106.8268,21.18872],[106.82883,21.18822],[106.8293,21.18812],[106.83401,21.18711],[106.83808,21.18669],[106.84302,21.18625],[106.84357,21.18633],[106.84498,21.18655],[106.84753,21.18755],[106.84753,21.18755],[106.8481,21.19507],[106.84802,21.19743],[106.84698,21.19977],[106.84642,21.2041],[106.84626,21.20602],[106.84611,21.20853],[106.84603,21.21101],[106.84669,21.212],[106.84706,21.21258],[106.8473,21.21297],[106.84741,21.21328],[106.84742,21.21347],[106.84753,21.21634],[106.84733,21.21733],[106.84727,21.21747],[106.84694,21.21828],[106.84488,21.22292],[106.84516,21.22449],[106.84215,21.22351],[106.8388,21.22395],[106.83559,21.22672],[106.83127,21.23052],[106.8287,21.23062],[106.82609,21.23047],[106.82288,21.23059],[106.81897,21.23125],[106.81795,21.23168],[106.81753,21.23187],[106.81728,21.23205],[106.8171,21.23227],[106.81694,21.23247],[106.81319,21.23418],[106.80493,21.23596],[106.80124,21.23735],[106.79746,21.2386],[106.79333,21.23893],[106.78959,21.2414],[106.78502,21.24474],[106.7813,21.24466],[106.77799,21.24546]]]},"properties":{"commune_code":"07616","commune_name":"Xã Tây Yên Tử","commune_kind":"XA","province_code":"24","province_name":"Tỉnh Bắc Ninh","area_km2":132.76,"valid_from":"16/6/2025","published":"13/07/2025","area_km2_geom":131.5947102724209,"quality_flag":null,"population":10612.0,"population_wp":8966.529595971107,"anchor_ratio":1.183512515786291,"pop_source":"WORLDPOP2025_ANCHORED_VNSDI","pop_density_ppkm2":80.64153929919796,"n_stations":1,"n_ports":8,"power_kw_site":360.0,"ports_per_10k_pop":7.538635506973238,"util_mean_port_weighted":0.0529390063944909,"dist_station_m_pop_weighted":7714.0830418851365}},{"type":"Feature","geometry":{"type":"Polygon","coordinates":[[[106.98774,21.43914],[106.98428,21.43976],[106.97937,21.43886],[106.97332,21.43731],[106.96914,21.43586],[106.9685,21.43564],[106.9677,21.43483],[106.96674,21.43385],[106.96331,21.42901],[106.95793,21.42476],[106.95712,21.42412],[106.95496,21.42347],[106.95466,21.42338],[106.95411,21.42355],[106.95171,21.42427],[106.9494,21.42707],[106.9482,21.42942],[106.94622,21.43332],[106.94348,21.43469],[106.94133,21.43481],[106.93938,21.4334],[106.93546,21.43039],[106.93239,21.42995],[106.93077,21.4314],[106.93038,21.43283],[106.93019,21.43351],[106.92882,21.43802],[106.92751,21.43918],[106.92546,21.43901],[106.92248,21.43742],[106.91834,21.43317],[106.91525,21.431],[106.91311,21.43074],[106.91069,21.43144],[106.91116,21.43101],[106.90626,21.42837],[106.90036,21.42477],[106.8957,21.42107],[106.89355,21.4193],[106.89092,21.4154],[106.88833,21.41084],[106.88382,21.40512],[106.88334,21.40498],[106.88308,21.40488],[106.88077,21.40394],[106.88056,21.40379],[106.8802,21.40321],[106.88,21.40252],[106.87992,21.40175],[106.87988,21.40116],[106.88013,21.39932],[106.88044,21.39831],[106.88056,21.39807],[106.88376,21.39609],[106.8849,21.39462],[106.88551,21.39371],[106.88504,21.39204],[106.88474,21.38861],[106.88702,21.38471],[106.89074,21.37686],[106.89293,21.37239],[106.89339,21.37155],[106.89368,21.37111],[106.89424,21.37031],[106.8946,21.36997],[106.89505,21.36957],[106.89537,21.36937],[106.8956,21.36928],[106.89628,21.36917],[106.89762,21.36816],[106.89807,21.36632],[106.89808,21.36503],[106.89797,21.36441],[106.90135,21.36509],[106.90741,21.36485],[106.90957,21.36496],[106.9127,21.36568],[106.91535,21.36632],[106.9181,21.36718],[106.92029,21.36609],[106.92285,21.36293],[106.92961,21.36003],[106.93529,21.3611],[106.93848,21.36198],[106.9408,21.36472],[106.9447,21.36608],[106.94758,21.36635],[106.95429,21.36948],[106.95909,21.37092],[106.96022,21.37569],[106.9599,21.37597],[106.95958,21.37634],[106.95934,21.37664],[106.9592,21.377],[106.95889,21.3778],[106.95862,21.37862],[106.95848,21.37914],[106.95845,21.37959],[106.95843,21.3801],[106.95846,21.38039],[106.96007,21.38139],[106.96151,21.38207],[106.96838,21.38379],[106.97008,21.38318],[106.97007,21.38261],[106.97022,21.38165],[106.97055,21.38094],[106.97674,21.37685],[106.98083,21.37528],[106.98323,21.37436],[106.98613,21.37453],[106.98933,21.37401],[106.99058,21.37365],[106.99065,21.37507],[106.99212,21.37792],[106.99216,21.38126],[106.9918,21.38209],[106.99068,21.38463],[106.99007,21.38567],[106.98679,21.39127],[106.98602,21.39462],[106.98586,21.39816],[106.986,21.40084],[106.98821,21.40327],[106.98848,21.40358],[106.99149,21.40727],[106.99194,21.40985],[106.9919,21.41121],[106.99187,21.41252],[106.99221,21.4151],[106.99428,21.41718],[106.99508,21.41739],[106.99835,21.41827],[106.99838,21.41828],[107.00187,21.41948],[107.00353,21.42127],[107.00326,21.42262],[107.00324,21.42271],[107.00214,21.42473],[106.9984,21.42726],[106.99732,21.42788],[106.99313,21.43029],[106.99122,21.43212],[106.99076,21.43402],[106.99074,21.43414],[106.98935,21.4374],[106.98774,21.43914]]]},"properties":{"commune_code":"07621","commune_name":"Xã Vân Sơn","commune_kind":"XA","province_code":"24","province_name":"Tỉnh Bắc Ninh","area_km2":73.99,"valid_from":"16/6/2025","published":"13/07/2025","area_km2_geom":74.05166284742322,"quality_flag":null,"population":6049.000000000001,"population_wp":6040.974151983857,"anchor_ratio":1.001328568508029,"pop_source":"WORLDPOP2025_ANCHORED_VNSDI","pop_density_ppkm2":81.68621429154697,"n_stations":0,"n_ports":0,"power_kw_site":0.0,"ports_per_10k_pop":0.0,"util_mean_port_weighted":null,"dist_station_m_pop_weighted":11539.508854463698}},{"type":"Feature","geometry":{"type":"Polygon","coordinates":[[[106.89775,21.44315],[106.89684,21.44435],[106.89378,21.44405],[106.87689,21.44272],[106.87613,21.44266],[106.8567,21.44116],[106.83798,21.43972],[106.83519,21.4365],[106.83046,21.43206],[106.82778,21.43177],[106.8211,21.43104],[106.81684,21.43074],[106.80171,21.42974],[106.80097,21.4297],[106.79987,21.42964],[106.79804,21.42957],[106.79687,21.42964],[106.79591,21.42987],[106.78939,21.42966],[106.78487,21.42951],[106.78242,21.42794],[106.7827,21.42762],[106.78088,21.42515],[106.77801,21.42241],[106.77561,21.41836],[106.7754,21.41777],[106.77539,21.4171],[106.7756,21.41592],[106.77631,21.41338],[106.77679,21.41265],[106.77731,21.41223],[106.77813,21.41197],[106.78097,21.4089],[106.78097,21.40376],[106.77945,21.40008],[106.77729,21.39707],[106.77701,21.39023],[106.77965,21.38762],[106.78017,21.38665],[106.77971,21.38517],[106.77965,21.38506],[106.77861,21.38293],[106.77842,21.38264],[106.779,21.38152],[106.78516,21.38098],[106.79213,21.37795],[106.79604,21.37585],[106.79602,21.37525],[106.79599,21.37431],[106.79616,21.37303],[106.79626,21.37236],[106.79642,21.37146],[106.79659,21.37057],[106.79678,21.36982],[106.79689,21.36955],[106.79706,21.36936],[106.79762,21.36882],[106.79941,21.36832],[106.79969,21.36824],[106.80897,21.36666],[106.80964,21.36664],[106.80996,21.36665],[106.81026,21.36666],[106.81942,21.36746],[106.82259,21.36438],[106.82415,21.36143],[106.82935,21.36231],[106.83805,21.3637],[106.83825,21.36376],[106.83928,21.36419],[106.83975,21.36442],[106.84006,21.36457],[106.84019,21.36473],[106.84032,21.36509],[106.84039,21.36535],[106.84036,21.36554],[106.8403,21.36586],[106.84004,21.36681],[106.83984,21.36773],[106.83978,21.36854],[106.83971,21.37232],[106.83972,21.37252],[106.83973,21.37275],[106.83977,21.37298],[106.83983,21.37312],[106.83998,21.37336],[106.84413,21.37899],[106.84559,21.37946],[106.85149,21.38318],[106.85157,21.38332],[106.85216,21.38385],[106.85402,21.38546],[106.85441,21.3858],[106.85441,21.3858],[106.85495,21.38625],[106.85585,21.38701],[106.85644,21.38747],[106.85712,21.38798],[106.85839,21.38851],[106.85886,21.3886],[106.86087,21.38894],[106.86096,21.38895],[106.86106,21.38891],[106.8624,21.38786],[106.8633,21.3871],[106.86339,21.38702],[106.86351,21.38698],[106.86381,21.38689],[106.86421,21.38678],[106.86462,21.38671],[106.86484,21.38668],[106.86494,21.38668],[106.86504,21.38672],[106.86513,21.38678],[106.86523,21.38687],[106.86746,21.38921],[106.86859,21.39056],[106.86907,21.39118],[106.86905,21.39343],[106.86907,21.39619],[106.87048,21.39615],[106.87514,21.39567],[106.87969,21.39603],[106.88057,21.39803],[106.88056,21.39807],[106.88044,21.39831],[106.88013,21.39932],[106.87988,21.40116],[106.87992,21.40175],[106.88,21.40252],[106.8802,21.40321],[106.88056,21.40379],[106.88077,21.40394],[106.88308,21.40488],[106.88334,21.40498],[106.88382,21.40512],[106.88833,21.41084],[106.89092,21.4154],[106.89355,21.4193],[106.8957,21.42107],[106.90036,21.42477],[106.90626,21.42837],[106.91116,21.43101],[106.91069,21.43144],[106.90734,21.43482],[106.9024,21.43956],[106.89775,21.44315]]]},"properties":{"commune_code":"07627","commune_name":"Xã Đại Sơn","commune_kind":"XA","province_code":"24","province_name":"Tỉnh Bắc Ninh","area_km2":76.38,"valid_from":"16/6/2025","published":"13/07/2025","area_km2_geom":75.99676325936268,"quality_flag":null,"population":12153.0,"population_wp":9250.729113422334,"anchor_ratio":1.313734285264782,"pop_source":"WORLDPOP2025_ANCHORED_VNSDI","pop_density_ppkm2":159.91470529506753,"n_stations":0,"n_ports":0,"power_kw_site":0.0,"ports_per_10k_pop":0.0,"util_mean_port_weighted":null,"dist_station_m_pop_weighted":9299.820146802182}},{"type":"Feature","geometry":{"type":"Polygon","coordinates":[[[106.77861,21.38293],[106.77965,21.38506],[106.77964,21.38504],[106.7791,21.38489],[106.77854,21.38472],[106.77474,21.38507],[106.76892,21.38486],[106.76816,21.38455],[106.76457,21.38269],[106.76405,21.38241],[106.76374,21.38201],[106.76366,21.38165],[106.76373,21.38107],[106.76395,21.38021],[106.76314,21.37622],[106.76191,21.37217],[106.76014,21.36903],[106.75934,21.36917],[106.75871,21.36914],[106.75656,21.36874],[106.75535,21.36841],[106.75458,21.36807],[106.75326,21.36692],[106.75068,21.36465],[106.75055,21.36437],[106.7505,21.36389],[106.75048,21.36334],[106.75067,21.36219],[106.75111,21.36132],[106.75094,21.35787],[106.74991,21.35476],[106.74848,21.35303],[106.74802,21.35243],[106.74773,21.35172],[106.74772,21.35111],[106.74786,21.35052],[106.7484,21.35007],[106.75239,21.34743],[106.75296,21.34706],[106.7607,21.34262],[106.76601,21.33964],[106.76737,21.33961],[106.76793,21.3396],[106.76917,21.33951],[106.77088,21.33894],[106.77124,21.3385],[106.7716,21.33769],[106.77255,21.33533],[106.77308,21.33372],[106.77272,21.32938],[106.77264,21.3289],[106.77222,21.32807],[106.77168,21.32725],[106.77097,21.32638],[106.77002,21.32537],[106.76887,21.32427],[106.7683,21.32383],[106.76401,21.3209],[106.76296,21.32031],[106.76178,21.31994],[106.76099,21.31986],[106.76015,21.31991],[106.75949,21.32013],[106.7586,21.3206],[106.75651,21.32227],[106.75528,21.31557],[106.75509,21.31089],[106.75528,21.31055],[106.75759,21.30765],[106.75966,21.30548],[106.76226,21.30419],[106.76287,21.30388],[106.76609,21.30322],[106.77681,21.30247],[106.78055,21.30188],[106.78181,21.30186],[106.78258,21.30221],[106.78302,21.30321],[106.78307,21.30425],[106.78278,21.30547],[106.78238,21.30593],[106.78221,21.30612],[106.78057,21.30679],[106.77985,21.30744],[106.77952,21.30845],[106.77953,21.30927],[106.78,21.30991],[106.78092,21.31026],[106.782,21.3105],[106.78314,21.31049],[106.78436,21.31026],[106.78585,21.30935],[106.78767,21.30815],[106.7887,21.30788],[106.78969,21.30798],[106.79042,21.30833],[106.79089,21.30897],[106.79094,21.30954],[106.79087,21.31012],[106.78976,21.3124],[106.78977,21.31309],[106.79095,21.31457],[106.7923,21.31484],[106.79243,21.31484],[106.79725,21.31456],[106.79872,21.31377],[106.79877,21.31374],[106.80042,21.31084],[106.80075,21.30902],[106.80089,21.3082],[106.80097,21.30808],[106.80145,21.30738],[106.80192,21.30721],[106.80283,21.30883],[106.8042,21.31109],[106.80581,21.31351],[106.80601,21.31377],[106.8062,21.31393],[106.80635,21.31402],[106.80646,21.31407],[106.80666,21.3141],[106.80811,21.31429],[106.81163,21.31872],[106.81148,21.32229],[106.81148,21.32247],[106.81153,21.32297],[106.81159,21.32351],[106.81185,21.32473],[106.81204,21.32526],[106.81225,21.32583],[106.81231,21.32592],[106.81241,21.32604],[106.8126,21.32618],[106.81329,21.32667],[106.8138,21.327],[106.81412,21.32714],[106.8164,21.32794],[106.81771,21.32841],[106.8193,21.32911],[106.82014,21.3295],[106.82329,21.33111],[106.8241,21.33153],[106.82509,21.33206],[106.82554,21.33231],[106.8279,21.33375],[106.82915,21.33471],[106.83433,21.3392],[106.83453,21.33945],[106.83522,21.34045],[106.83543,21.34089],[106.83582,21.34171],[106.836,21.34211],[106.83601,21.34234],[106.83594,21.34267],[106.83576,21.34318],[106.83562,21.34346],[106.83549,21.34361],[106.8353,21.34374],[106.83509,21.34385],[106.83489,21.34389],[106.83468,21.34391],[106.83444,21.34388],[106.83311,21.34363],[106.8307,21.34336],[106.83025,21.34333],[106.83,21.34332],[106.82974,21.34338],[106.8289,21.34372],[106.82862,21.34384],[106.82849,21.3439],[106.82775,21.34438],[106.82688,21.35229],[106.82577,21.35889],[106.82415,21.36143],[106.82259,21.36438],[106.81942,21.36746],[106.81026,21.36666],[106.80996,21.36665],[106.80964,21.36664],[106.80897,21.36666],[106.79969,21.36824],[106.79941,21.36832],[106.79762,21.36882],[106.79706,21.36936],[106.79689,21.36955],[106.79678,21.36982],[106.79659,21.37057],[106.79642,21.37146],[106.79626,21.37236],[106.79616,21.37303],[106.79599,21.37431],[106.79602,21.37525],[106.79604,21.37585],[106.79213,21.37795],[106.78516,21.38098],[106.779,21.38152],[106.77842,21.38264],[106.77861,21.38293]]]},"properties":{"commune_code":"07642","commune_name":"Xã Yên Định","commune_kind":"XA","province_code":"24","province_name":"Tỉnh Bắc Ninh","area_km2":48.17,"valid_from":"16/6/2025","published":"13/07/2025","area_km2_geom":48.2469689442443,"quality_flag":null,"population":9342.0,"population_wp":7248.595787275583,"anchor_ratio":1.2888013449997096,"pop_source":"WORLDPOP2025_ANCHORED_VNSDI","pop_density_ppkm2":193.62874403148322,"n_stations":0,"n_ports":0,"power_kw_site":0.0,"ports_per_10k_pop":0.0,"util_mean_port_weighted":null,"dist_station_m_pop_weighted":7735.252606858708}},{"type":"Feature","geometry":{"type":"Polygon","coordinates":[[[106.97008,21.38318],[106.96838,21.38379],[106.96151,21.38207],[106.96007,21.38139],[106.95846,21.38039],[106.95843,21.3801],[106.95845,21.37959],[106.95848,21.37914],[106.95862,21.37862],[106.95889,21.3778],[106.9592,21.377],[106.95934,21.37664],[106.95958,21.37634],[106.9599,21.37597],[106.96022,21.37569],[106.95909,21.37092],[106.95429,21.36948],[106.94758,21.36635],[106.9447,21.36608],[106.9408,21.36472],[106.93848,21.36198],[106.93529,21.3611],[106.92961,21.36003],[106.92285,21.36293],[106.92029,21.36609],[106.9181,21.36718],[106.91535,21.36632],[106.9127,21.36568],[106.90957,21.36496],[106.90741,21.36485],[106.90135,21.36509],[106.89797,21.36441],[106.89648,21.36548],[106.89628,21.36561],[106.89552,21.36609],[106.89546,21.36612],[106.89519,21.36625],[106.89489,21.36636],[106.89469,21.36642],[106.89447,21.36645],[106.89415,21.36648],[106.89139,21.36537],[106.89046,21.36484],[106.88981,21.36447],[106.88913,21.36405],[106.88889,21.36373],[106.88877,21.3634],[106.88875,21.36294],[106.88876,21.36292],[106.88918,21.36144],[106.88925,21.35774],[106.88909,21.35633],[106.88868,21.35446],[106.88865,21.35435],[106.88852,21.35414],[106.88842,21.354],[106.88826,21.35386],[106.88624,21.35256],[106.88594,21.35239],[106.88548,21.3522],[106.88458,21.35189],[106.88129,21.34877],[106.88144,21.34616],[106.88096,21.34457],[106.87997,21.34143],[106.87946,21.33983],[106.87849,21.33844],[106.87753,21.33705],[106.87752,21.33704],[106.87751,21.33703],[106.87547,21.33581],[106.87536,21.33574],[106.87279,21.33537],[106.87046,21.33523],[106.86813,21.33474],[106.86612,21.33326],[106.86573,21.3327],[106.86761,21.32881],[106.86823,21.3277],[106.86951,21.32641],[106.87137,21.32475],[106.87138,21.32354],[106.8713,21.31965],[106.87117,21.31817],[106.87114,21.31789],[106.87101,21.31736],[106.87078,21.3165],[106.87077,21.31648],[106.87068,21.31631],[106.87053,21.3162],[106.87035,21.3161],[106.86879,21.31056],[106.87267,21.30111],[106.87282,21.30072],[106.87304,21.29986],[106.87311,21.29955],[106.87319,21.2991],[106.87323,21.29884],[106.87325,21.29564],[106.87309,21.29376],[106.87204,21.29019],[106.87085,21.2894],[106.86903,21.2876],[106.86883,21.28728],[106.86862,21.28684],[106.86839,21.28622],[106.86805,21.28512],[106.86804,21.28502],[106.86806,21.28412],[106.86814,21.28372],[106.86593,21.28114],[106.86266,21.2791],[106.85841,21.27675],[106.85887,21.27694],[106.85914,21.27698],[106.85946,21.27699],[106.85999,21.27693],[106.86064,21.2768],[106.86325,21.27614],[106.86438,21.27539],[106.86575,21.27414],[106.86873,21.27345],[106.87688,21.27324],[106.88121,21.27607],[106.88498,21.27913],[106.8853,21.28413],[106.88525,21.28434],[106.88459,21.28757],[106.88442,21.28837],[106.88461,21.28917],[106.88462,21.28917],[106.88482,21.28939],[106.88517,21.28952],[106.88645,21.28959],[106.88688,21.28961],[106.89641,21.28552],[106.90082,21.28332],[106.90251,21.28214],[106.90263,21.28207],[106.90297,21.28198],[106.90327,21.28192],[106.90719,21.28258],[106.90786,21.28274],[106.90801,21.2828],[106.90812,21.28285],[106.90826,21.28295],[106.90991,21.28478],[106.91027,21.28526],[106.91044,21.28554],[106.91568,21.28787],[106.92377,21.28629],[106.92846,21.28252],[106.93192,21.28131],[106.93464,21.28012],[106.9356,21.27763],[106.93569,21.27752],[106.93663,21.27712],[106.93724,21.27687],[106.93794,21.2766],[106.93909,21.27629],[106.9393,21.27629],[106.94732,21.27891],[106.94736,21.27908],[106.94776,21.27982],[106.94856,21.28098],[106.94874,21.28121],[106.9497,21.28201],[106.95178,21.28342],[106.95202,21.28356],[106.95217,21.28364],[106.95297,21.28395],[106.95353,21.28406],[106.95379,21.28406],[106.95639,21.28454],[106.95861,21.28563],[106.96023,21.28719],[106.96245,21.28937],[106.96558,21.29171],[106.96613,21.29178],[106.96627,21.29177],[106.96779,21.29132],[106.96815,21.29111],[106.9686,21.29082],[106.96942,21.29008],[106.97002,21.28947],[106.97128,21.28736],[106.97113,21.28501],[106.97315,21.28402],[106.97385,21.28383],[106.97397,21.28449],[106.97483,21.28563],[106.97739,21.2873],[106.97807,21.28774],[106.98187,21.29005],[106.98223,21.29027],[106.98624,21.29252],[106.98977,21.29355],[106.99574,21.29448],[106.99705,21.29468],[107.00441,21.29582],[107.00878,21.29634],[107.01308,21.29758],[107.02011,21.30049],[107.02288,21.30301],[107.0281,21.30777],[107.03222,21.31282],[107.03222,21.31284],[107.03213,21.31511],[107.03178,21.3233],[107.02411,21.32984],[107.02291,21.33139],[107.02275,21.33445],[107.02186,21.33656],[107.01744,21.34197],[107.01512,21.34391],[107.00825,21.34848],[107.00449,21.34948],[107.00185,21.35095],[106.99991,21.35336],[106.99945,21.35394],[106.9955,21.35637],[106.99103,21.35777],[106.98941,21.35864],[106.98862,21.36076],[106.98989,21.3639],[106.99095,21.36675],[106.99063,21.37096],[106.99058,21.37365],[106.98933,21.37401],[106.98613,21.37453],[106.98323,21.37436],[106.98083,21.37528],[106.97674,21.37685],[106.97055,21.38094],[106.97022,21.38165],[106.97007,21.38261],[106.97008,21.38318]]]},"properties":{"commune_code":"07654","commune_name":"Xã An Lạc","commune_kind":"XA","province_code":"24","province_name":"Tỉnh Bắc Ninh","area_km2":134.15,"valid_from":"16/6/2025","published":"13/07/2025","area_km2_geom":133.65518295466518,"quality_flag":null,"population":8331.0,"population_wp":8057.975021351129,"anchor_ratio":1.0338825794229245,"pop_source":"WORLDPOP2025_ANCHORED_VNSDI","pop_density_ppkm2":62.33203842776387,"n_stations":0,"n_ports":0,"power_kw_site":0.0,"ports_per_10k_pop":0.0,"util_mean_port_weighted":null,"dist_station_m_pop_weighted":8260.954286620865}},{"type":"Feature","geometry":{"type":"Polygon","coordinates":[[[106.79243,21.31484],[106.7923,21.31484],[106.79095,21.31457],[106.78977,21.31309],[106.78976,21.3124],[106.79087,21.31012],[106.79094,21.30954],[106.79089,21.30897],[106.79042,21.30833],[106.78969,21.30798],[106.7887,21.30788],[106.78767,21.30815],[106.78585,21.30935],[106.78436,21.31026],[106.78314,21.31049],[106.782,21.3105],[106.78092,21.31026],[106.78,21.30991],[106.77953,21.30927],[106.77952,21.30845],[106.77985,21.30744],[106.78057,21.30679],[106.78221,21.30612],[106.78238,21.30593],[106.78278,21.30547],[106.78307,21.30425],[106.78302,21.30321],[106.78258,21.30221],[106.78181,21.30186],[106.78055,21.30188],[106.77681,21.30247],[106.76609,21.30322],[106.76287,21.30388],[106.76226,21.30419],[106.76118,21.30113],[106.7579,21.29909],[106.75135,21.29538],[106.74912,21.2944],[106.74223,21.29182],[106.73514,21.28783],[106.73483,21.28709],[106.7349,21.28649],[106.73567,21.28448],[106.73622,21.28397],[106.7367,21.28349],[106.73684,21.28265],[106.73683,21.28196],[106.73629,21.27883],[106.73613,21.2784],[106.73587,21.278],[106.73543,21.27762],[106.73305,21.27629],[106.73084,21.2754],[106.72944,21.27498],[106.72432,21.27351],[106.72366,21.27349],[106.72284,21.27355],[106.72177,21.27384],[106.72058,21.27421],[106.71946,21.27468],[106.71883,21.27476],[106.71803,21.27472],[106.71717,21.27449],[106.71609,21.27414],[106.71517,21.27374],[106.7126,21.27215],[106.71193,21.27163],[106.71182,21.2712],[106.71189,21.27058],[106.71183,21.26943],[106.71172,21.26883],[106.71118,21.26812],[106.7105,21.26736],[106.70978,21.2667],[106.70917,21.26647],[106.70544,21.26565],[106.70143,21.26504],[106.70053,21.26493],[106.7,21.26496],[106.69901,21.26521],[106.69753,21.2657],[106.69594,21.26634],[106.69561,21.26663],[106.69523,21.26728],[106.69473,21.26826],[106.69428,21.26863],[106.69369,21.26882],[106.69252,21.26884],[106.69138,21.26855],[106.69139,21.26855],[106.69154,21.26795],[106.69193,21.26627],[106.69208,21.2655],[106.69212,21.26476],[106.69211,21.26426],[106.69203,21.26385],[106.69178,21.26362],[106.69045,21.26186],[106.68978,21.25852],[106.6897,21.25788],[106.68993,21.25616],[106.69013,21.25536],[106.69001,21.25455],[106.68991,21.25393],[106.6898,21.25338],[106.68941,21.25272],[106.68873,21.25184],[106.68622,21.25003],[106.68341,21.24762],[106.68289,21.24691],[106.68228,21.24498],[106.68199,21.24388],[106.68198,21.24338],[106.68226,21.24285],[106.68555,21.23825],[106.686,21.23775],[106.68692,21.23606],[106.68742,21.23503],[106.68776,21.23383],[106.68815,21.22733],[106.68812,21.22482],[106.6869,21.22048],[106.68506,21.21584],[106.68449,21.21467],[106.68412,21.21336],[106.68408,21.21238],[106.68406,21.21085],[106.68413,21.21007],[106.68433,21.20947],[106.68434,21.20944],[106.68675,21.20834],[106.68692,21.20829],[106.68718,21.20826],[106.68764,21.20825],[106.68781,21.20825],[106.68956,21.20836],[106.69063,21.2087],[106.69665,21.20986],[106.70289,21.20904],[106.70303,21.20902],[106.70318,21.20909],[106.70354,21.20927],[106.70426,21.2097],[106.70482,21.21007],[106.70498,21.21018],[106.70504,21.21025],[106.70575,21.21137],[106.70642,21.21245],[106.70648,21.21273],[106.70651,21.21307],[106.7079,21.21672],[106.7123,21.22084],[106.71782,21.2215],[106.72549,21.22199],[106.72626,21.22249],[106.72766,21.22483],[106.72973,21.22797],[106.73532,21.23026],[106.74035,21.23464],[106.74357,21.23431],[106.74779,21.23431],[106.74918,21.23514],[106.75905,21.23922],[106.76049,21.23996],[106.76098,21.24021],[106.76208,21.24104],[106.76393,21.24245],[106.76431,21.24278],[106.76467,21.24314],[106.76552,21.24428],[106.76645,21.2453],[106.76788,21.24658],[106.7689,21.24707],[106.77497,21.24724],[106.77799,21.24546],[106.7813,21.24466],[106.78502,21.24474],[106.78959,21.2414],[106.79333,21.23893],[106.79746,21.2386],[106.80124,21.23735],[106.80493,21.23596],[106.81319,21.23418],[106.81694,21.23247],[106.8171,21.23227],[106.81728,21.23205],[106.81753,21.23187],[106.81795,21.23168],[106.81897,21.23125],[106.82288,21.23059],[106.82609,21.23047],[106.8287,21.23062],[106.83127,21.23052],[106.83559,21.22672],[106.8388,21.22395],[106.84215,21.22351],[106.84516,21.22449],[106.84607,21.22555],[106.85159,21.23057],[106.85349,21.23171],[106.8544,21.23236],[106.8549,21.23282],[106.85524,21.23326],[106.8553,21.23366],[106.85506,21.23397],[106.85187,21.23743],[106.85133,21.24454],[106.84996,21.257],[106.85078,21.26107],[106.84938,21.26482],[106.84768,21.26561],[106.84588,21.26713],[106.84464,21.26828],[106.84423,21.26887],[106.84086,21.26959],[106.82762,21.27129],[106.82281,21.27161],[106.81898,21.27074],[106.81335,21.26934],[106.80859,21.27032],[106.80845,21.27037],[106.8082,21.27049],[106.80781,21.27074],[106.80751,21.27106],[106.80718,21.27158],[106.80695,21.27238],[106.80683,21.27323],[106.80685,21.27384],[106.80667,21.27488],[106.80583,21.27697],[106.80572,21.27717],[106.80539,21.27758],[106.80414,21.27869],[106.80307,21.2792],[106.80186,21.27954],[106.80106,21.28023],[106.79732,21.28499],[106.79691,21.28566],[106.79372,21.29092],[106.79325,21.29171],[106.79317,21.29196],[106.79315,21.29214],[106.79318,21.29235],[106.79328,21.29273],[106.79339,21.29305],[106.79349,21.29333],[106.79366,21.29364],[106.79385,21.29391],[106.79486,21.29516],[106.79496,21.29528],[106.7954,21.29544],[106.79631,21.29571],[106.79706,21.29585],[106.79899,21.29736],[106.80061,21.29952],[106.80089,21.30015],[106.80104,21.30052],[106.80105,21.30091],[106.80102,21.30166],[106.80098,21.30186],[106.8009,21.30197],[106.79737,21.3044],[106.79715,21.30443],[106.79613,21.30489],[106.79585,21.30503],[106.7956,21.30519],[106.79526,21.30546],[106.7951,21.30564],[106.79502,21.30573],[106.79497,21.30584],[106.79498,21.30598],[106.79616,21.30807],[106.79642,21.30846],[106.79685,21.30908],[106.79698,21.30924],[106.79724,21.30945],[106.7976,21.30957],[106.79803,21.30964],[106.79858,21.3097],[106.79894,21.30967],[106.80075,21.30902],[106.80042,21.31084],[106.79877,21.31374],[106.79872,21.31377],[106.79725,21.31456],[106.79243,21.31484]]]},"properties":{"commune_code":"07663","commune_name":"Xã Tuấn Đạo","commune_kind":"XA","province_code":"24","province_name":"Tỉnh Bắc Ninh","area_km2":97.87,"valid_from":"16/6/2025","published":"13/07/2025","area_km2_geom":98.03985117620702,"quality_flag":null,"population":6407.0,"population_wp":5649.4675879739225,"anchor_ratio":1.1340891686215961,"pop_source":"WORLDPOP2025_ANCHORED_VNSDI","pop_density_ppkm2":65.35097639514669,"n_stations":0,"n_ports":0,"power_kw_site":0.0,"ports_per_10k_pop":0.0,"util_mean_port_weighted":null,"dist_station_m_pop_weighted":14485.308981993197}},{"type":"Feature","geometry":{"type":"Polygon","coordinates":[[[106.96627,21.29177],[106.96613,21.29178],[106.96558,21.29171],[106.96245,21.28937],[106.96023,21.28719],[106.95861,21.28563],[106.95639,21.28454],[106.95379,21.28406],[106.95353,21.28406],[106.95297,21.28395],[106.95217,21.28364],[106.95202,21.28356],[106.95178,21.28342],[106.9497,21.28201],[106.94874,21.28121],[106.94856,21.28098],[106.94776,21.27982],[106.94736,21.27908],[106.94732,21.27891],[106.9393,21.27629],[106.93909,21.27629],[106.93794,21.2766],[106.93724,21.27687],[106.93663,21.27712],[106.93569,21.27752],[106.9356,21.27763],[106.93464,21.28012],[106.93192,21.28131],[106.92846,21.28252],[106.92377,21.28629],[106.91568,21.28787],[106.91044,21.28554],[106.91027,21.28526],[106.90991,21.28478],[106.90826,21.28295],[106.90812,21.28285],[106.90801,21.2828],[106.90786,21.28274],[106.90719,21.28258],[106.90327,21.28192],[106.90297,21.28198],[106.90263,21.28207],[106.90251,21.28214],[106.90082,21.28332],[106.89641,21.28552],[106.88688,21.28961],[106.88645,21.28959],[106.88517,21.28952],[106.88482,21.28939],[106.88462,21.28917],[106.88461,21.28917],[106.88442,21.28837],[106.88459,21.28757],[106.88525,21.28434],[106.8853,21.28413],[106.88498,21.27913],[106.88121,21.27607],[106.87688,21.27324],[106.86873,21.27345],[106.86575,21.27414],[106.86438,21.27539],[106.86325,21.27614],[106.86064,21.2768],[106.85999,21.27693],[106.85946,21.27699],[106.85914,21.27698],[106.85887,21.27694],[106.85841,21.27675],[106.856,21.27537],[106.85383,21.27479],[106.85168,21.27375],[106.8493,21.27252],[106.84602,21.27075],[106.84506,21.26977],[106.84423,21.26887],[106.84464,21.26828],[106.84588,21.26713],[106.84768,21.26561],[106.84938,21.26482],[106.85078,21.26107],[106.84996,21.257],[106.85133,21.24454],[106.85187,21.23743],[106.85506,21.23397],[106.8553,21.23366],[106.85524,21.23326],[106.8549,21.23282],[106.8544,21.23236],[106.85349,21.23171],[106.85159,21.23057],[106.84607,21.22555],[106.84516,21.22449],[106.84488,21.22292],[106.84694,21.21828],[106.84727,21.21747],[106.84733,21.21733],[106.84753,21.21634],[106.84742,21.21347],[106.84741,21.21328],[106.8473,21.21297],[106.84706,21.21258],[106.84669,21.212],[106.84603,21.21101],[106.84611,21.20853],[106.84626,21.20602],[106.84642,21.2041],[106.84698,21.19977],[106.84802,21.19743],[106.8481,21.19507],[106.84753,21.18755],[106.84753,21.18755],[106.84498,21.18655],[106.85019,21.18856],[106.85253,21.18887],[106.85371,21.18886],[106.85422,21.18885],[106.8546,21.18875],[106.85572,21.18845],[106.85645,21.18826],[106.85771,21.18719],[106.85799,21.18638],[106.85889,21.18378],[106.85937,21.17926],[106.86057,21.1771],[106.86208,21.17615],[106.87154,21.17432],[106.87445,21.17501],[106.87639,21.17714],[106.8792,21.18162],[106.88128,21.18303],[106.88327,21.18351],[106.887,21.18225],[106.88936,21.18118],[106.89057,21.18064],[106.89377,21.17988],[106.89676,21.18007],[106.89977,21.18103],[106.90021,21.18117],[106.90581,21.18283],[106.91171,21.18398],[106.915,21.18402],[106.91812,21.18276],[106.92376,21.17702],[106.92438,21.17638],[106.93073,21.17086],[106.93484,21.1696],[106.93633,21.16988],[106.93767,21.17014],[106.94137,21.17225],[106.94339,21.17452],[106.94491,21.17755],[106.94543,21.17858],[106.94664,21.18401],[106.94813,21.18679],[106.94999,21.18835],[106.95298,21.1891],[106.95483,21.19023],[106.95569,21.1918],[106.956,21.19706],[106.95638,21.20354],[106.95714,21.20649],[106.95719,21.20669],[106.9572,21.2067],[106.95897,21.20853],[106.9612,21.20973],[106.96298,21.21128],[106.96439,21.21356],[106.96501,21.21488],[106.96526,21.2154],[106.96722,21.21955],[106.96894,21.22247],[106.97072,21.2241],[106.97249,21.22448],[106.97325,21.22464],[106.97586,21.22576],[106.9768,21.22711],[106.97757,21.23312],[106.97783,21.23555],[106.97902,21.24048],[106.98144,21.24734],[106.98415,21.25504],[106.98444,21.25555],[106.98467,21.25655],[106.98501,21.25805],[106.9846,21.26128],[106.98372,21.26473],[106.98238,21.2669],[106.98002,21.26822],[106.97825,21.2691],[106.97706,21.26969],[106.97571,21.27142],[106.97364,21.28263],[106.97385,21.28383],[106.97315,21.28402],[106.97113,21.28501],[106.97128,21.28736],[106.97002,21.28947],[106.96942,21.29008],[106.9686,21.29082],[106.96815,21.29111],[106.96779,21.29132],[106.96627,21.29177]]]},"properties":{"commune_code":"07672","commune_name":"Xã Dương Hưu","commune_kind":"XA","province_code":"24","province_name":"Tỉnh Bắc Ninh","area_km2":142.59,"valid_from":"16/6/2025","published":"13/07/2025","area_km2_geom":142.30021432430917,"quality_flag":null,"population":12499.0,"population_wp":10937.530472807586,"anchor_ratio":1.1427625304518667,"pop_source":"WORLDPOP2025_ANCHORED_VNSDI","pop_density_ppkm2":87.83542638603598,"n_stations":1,"n_ports":4,"power_kw_site":240.0,"ports_per_10k_pop":3.2002560204816386,"util_mean_port_weighted":0.065389634601044,"dist_station_m_pop_weighted":5908.027440644957}},{"type":"Feature","geometry":{"type":"Polygon","coordinates":[[[106.23553,21.24645],[106.235,21.2465],[106.23328,21.24642],[106.23164,21.24634],[106.23108,21.24619],[106.23049,21.24603],[106.22987,21.24557],[106.22933,21.24475],[106.22917,21.24382],[106.22956,21.24087],[106.22952,21.23958],[106.22866,21.23826],[106.22689,21.23709],[106.22509,21.2365],[106.22283,21.23626],[106.21541,21.23606],[106.21408,21.23607],[106.21278,21.23662],[106.21204,21.23711],[106.21174,21.23731],[106.21235,21.23532],[106.21305,21.22874],[106.21076,21.22389],[106.20604,21.21383],[106.20351,21.21124],[106.19852,21.20634],[106.1971,21.2064],[106.19412,21.20702],[106.19401,21.20707],[106.19203,21.20788],[106.19099,21.20849],[106.18986,21.20943],[106.18303,21.2106],[106.17819,21.21413],[106.17451,21.21715],[106.17038,21.2199],[106.16992,21.2202],[106.16931,21.22058],[106.16479,21.22327],[106.15987,21.22399],[106.15741,21.22385],[106.15506,21.22413],[106.15354,21.22434],[106.15244,21.22485],[106.15246,21.22431],[106.15243,21.22318],[106.15167,21.2143],[106.15149,21.21279],[106.15118,21.21208],[106.15024,21.21117],[106.15064,21.2108],[106.15177,21.20978],[106.15419,21.20651],[106.16714,21.18744],[106.16812,21.18549],[106.1696,21.18255],[106.17092,21.18086],[106.17264,21.17975],[106.17939,21.17669],[106.18342,21.17605],[106.1852,21.17603],[106.18648,21.17693],[106.18667,21.17736],[106.18688,21.17781],[106.18757,21.17936],[106.18865,21.1806],[106.19105,21.18149],[106.19339,21.18201],[106.19437,21.18223],[106.19821,21.18179],[106.20573,21.178],[106.21037,21.17626],[106.21228,21.17625],[106.21317,21.17624],[106.21568,21.17648],[106.21725,21.17663],[106.21954,21.17643],[106.221,21.17577],[106.22114,21.17554],[106.22176,21.17451],[106.22176,21.17434],[106.22175,21.17337],[106.22123,21.17236],[106.2202,21.17105],[106.21679,21.1679],[106.21616,21.16732],[106.20792,21.15769],[106.20753,21.1565],[106.20791,21.1556],[106.20866,21.15523],[106.20924,21.15494],[106.2121,21.15462],[106.2131,21.15461],[106.21968,21.15456],[106.22323,21.15502],[106.22491,21.15524],[106.2283,21.15677],[106.23273,21.16104],[106.23653,21.16538],[106.2371,21.16603],[106.24057,21.16869],[106.24536,21.17069],[106.25027,21.17226],[106.24338,21.1735],[106.23845,21.17507],[106.23676,21.1761],[106.23357,21.17879],[106.23281,21.18271],[106.23294,21.18434],[106.23331,21.18531],[106.23353,21.18555],[106.23365,21.18561],[106.23605,21.18565],[106.24036,21.18619],[106.24267,21.18925],[106.24389,21.19292],[106.24814,21.19414],[106.24855,21.19425],[106.24864,21.19428],[106.24877,21.19431],[106.24889,21.19432],[106.24901,21.19431],[106.24959,21.19425],[106.24987,21.19421],[106.25027,21.19417],[106.25041,21.19415],[106.2509,21.19409],[106.25109,21.19408],[106.25111,21.19408],[106.25127,21.19409],[106.25144,21.19412],[106.25158,21.19417],[106.25169,21.19424],[106.25188,21.19437],[106.25258,21.19521],[106.25283,21.19556],[106.25301,21.19584],[106.25303,21.19587],[106.2531,21.19605],[106.25316,21.19631],[106.25338,21.19737],[106.25372,21.19906],[106.25362,21.19908],[106.25326,21.19913],[106.24974,21.20317],[106.25073,21.20612],[106.25188,21.20865],[106.2522,21.21],[106.25349,21.21633],[106.2522,21.21999],[106.25155,21.22241],[106.24994,21.22161],[106.24921,21.22158],[106.24791,21.22181],[106.24704,21.22226],[106.24552,21.22304],[106.24468,21.22377],[106.24438,21.22449],[106.24431,21.22574],[106.24458,21.22785],[106.24513,21.23226],[106.24519,21.23452],[106.24508,21.2353],[106.24487,21.23682],[106.24332,21.24087],[106.24314,21.24135],[106.24167,21.24427],[106.2416,21.24441],[106.24058,21.24556],[106.23925,21.24614],[106.23553,21.24645]]]},"properties":{"commune_code":"07681","commune_name":"Phường Yên Dũng","commune_kind":"PHUONG","province_code":"24","province_name":"Tỉnh Bắc Ninh","area_km2":52.42,"valid_from":"16/6/2025","published":"13/07/2025","area_km2_geom":52.273808025303005,"quality_flag":null,"population":44149.0,"population_wp":41910.63129016198,"anchor_ratio":1.0534081363351702,"pop_source":"WORLDPOP2025_ANCHORED_VNSDI","pop_density_ppkm2":844.5721034639333,"n_stations":3,"n_ports":26,"power_kw_site":917.0,"ports_per_10k_pop":5.889148112075019,"util_mean_port_weighted":0.17635328095932895,"dist_station_m_pop_weighted":3287.7068891450676}},{"type":"Feature","geometry":{"type":"Polygon","coordinates":[[[106.28828,21.28653],[106.28746,21.28715],[106.28657,21.28671],[106.28455,21.28545],[106.28346,21.28127],[106.28284,21.2807],[106.28184,21.28064],[106.2781,21.28106],[106.27565,21.28144],[106.27496,21.2813],[106.27431,21.2807],[106.27411,21.28016],[106.27531,21.27646],[106.27594,21.27513],[106.2759,21.27405],[106.27547,21.2728],[106.27493,21.27237],[106.27393,21.27234],[106.27199,21.2734],[106.27043,21.27477],[106.26785,21.27737],[106.26618,21.2785],[106.26431,21.2793],[106.26374,21.27941],[106.26274,21.2791],[106.2544,21.27421],[106.25371,21.27418],[106.25335,21.27433],[106.25267,21.27447],[106.2521,21.27457],[106.25197,21.2746],[106.25207,21.26601],[106.25265,21.26262],[106.25361,21.25903],[106.25525,21.25423],[106.26085,21.25399],[106.26405,21.25256],[106.2658,21.2507],[106.26738,21.2497],[106.2701,21.24913],[106.2712,21.24901],[106.27575,21.25093],[106.27668,21.25192],[106.27707,21.25228],[106.27718,21.25236],[106.27724,21.25238],[106.27835,21.25239],[106.27852,21.25237],[106.27892,21.25222],[106.28138,21.25113],[106.28296,21.24901],[106.284,21.24531],[106.28297,21.24114],[106.27849,21.2333],[106.2758,21.23254],[106.27403,21.23339],[106.27279,21.23398],[106.27116,21.23355],[106.26929,21.22938],[106.26781,21.22804],[106.26819,21.2279],[106.26914,21.22714],[106.2696,21.22645],[106.26943,21.22534],[106.2687,21.22398],[106.26827,21.22313],[106.26826,21.22248],[106.26826,21.22241],[106.26859,21.22108],[106.26897,21.21993],[106.26977,21.21834],[106.27092,21.21644],[106.27162,21.2158],[106.27364,21.21393],[106.28141,21.20839],[106.28838,21.20489],[106.294,21.20318],[106.29614,21.20305],[106.29791,21.2035],[106.29866,21.20446],[106.29896,21.20487],[106.29916,21.20664],[106.29908,21.20686],[106.29853,21.20816],[106.29798,21.20914],[106.29729,21.21036],[106.29696,21.21133],[106.29704,21.21255],[106.29763,21.21387],[106.29879,21.21565],[106.29991,21.21686],[106.30068,21.21736],[106.30175,21.21764],[106.30309,21.21784],[106.30512,21.21786],[106.30672,21.21745],[106.30825,21.21676],[106.30923,21.21597],[106.30968,21.2151],[106.31039,21.21364],[106.31118,21.21016],[106.31117,21.20795],[106.31115,21.20586],[106.31068,21.20156],[106.31109,21.19927],[106.3137,21.19316],[106.31437,21.19341],[106.31446,21.19345],[106.3174,21.19302],[106.31824,21.19288],[106.32271,21.19212],[106.32344,21.19225],[106.32651,21.19278],[106.32962,21.19361],[106.3319,21.19423],[106.33558,21.19546],[106.33719,21.19688],[106.33758,21.19781],[106.33762,21.19791],[106.33758,21.19801],[106.3373,21.1987],[106.33721,21.19895],[106.3355,21.19988],[106.33234,21.20162],[106.33218,21.20183],[106.33046,21.20405],[106.32878,21.2079],[106.32764,21.21278],[106.32691,21.22002],[106.32701,21.22501],[106.3271,21.23263],[106.32458,21.23617],[106.32269,21.23897],[106.32255,21.23903],[106.3225,21.23905],[106.32224,21.2391],[106.32203,21.23907],[106.32049,21.23871],[106.31982,21.23829],[106.31975,21.23746],[106.31972,21.23731],[106.31968,21.23699],[106.31777,21.23708],[106.31766,21.23721],[106.31758,21.23744],[106.31751,21.2377],[106.31749,21.23782],[106.31737,21.24037],[106.31838,21.24085],[106.31989,21.23972],[106.32034,21.24135],[106.32038,21.24165],[106.32042,21.24236],[106.32015,21.24368],[106.32005,21.24379],[106.31976,21.24412],[106.31958,21.24433],[106.31575,21.24704],[106.31568,21.24705],[106.31548,21.24708],[106.31501,21.24703],[106.31431,21.24683],[106.31003,21.2453],[106.30639,21.24653],[106.30616,21.24666],[106.30601,21.24697],[106.30576,21.24777],[106.30567,21.24819],[106.30571,21.24864],[106.30642,21.25057],[106.30663,21.25097],[106.3068,21.25118],[106.30758,21.25187],[106.30806,21.25249],[106.3081,21.25309],[106.308,21.25357],[106.30798,21.25369],[106.30732,21.25498],[106.30565,21.25759],[106.30516,21.25773],[106.30479,21.25783],[106.30467,21.2578],[106.30447,21.25775],[106.30428,21.25766],[106.30396,21.25688],[106.30302,21.25568],[106.30205,21.25525],[106.30126,21.25516],[106.29965,21.25514],[106.29944,21.25531],[106.2992,21.25584],[106.29906,21.25624],[106.29884,21.25727],[106.30011,21.26335],[106.30246,21.27103],[106.30402,21.27451],[106.3021,21.28074],[106.3013,21.28508],[106.30119,21.28583],[106.30117,21.28589],[106.30112,21.28594],[106.29923,21.28635],[106.29894,21.28641],[106.29865,21.28635],[106.29792,21.28606],[106.29486,21.28605],[106.28828,21.28653]]]},"properties":{"commune_code":"07682","commune_name":"Phường Tân An","commune_kind":"PHUONG","province_code":"24","province_name":"Tỉnh Bắc Ninh","area_km2":42.87,"valid_from":"16/6/2025","published":"13/07/2025","area_km2_geom":42.8675449631711,"quality_flag":null,"population":37816.0,"population_wp":37131.65650851652,"anchor_ratio":1.0184301901889703,"pop_source":"WORLDPOP2025_ANCHORED_VNSDI","pop_density_ppkm2":882.15921934622,"n_stations":16,"n_ports":8,"power_kw_site":300.0,"ports_per_10k_pop":2.115506663845991,"util_mean_port_weighted":0.055743769470404984,"dist_station_m_pop_weighted":2275.991040778103}},{"type":"Feature","geometry":{"type":"Polygon","coordinates":[[[106.19026,21.26826],[106.19021,21.26828],[106.18781,21.2671],[106.18212,21.26346],[106.17276,21.25661],[106.16944,21.25847],[106.16664,21.25914],[106.16652,21.25915],[106.16506,21.25926],[106.1624,21.25814],[106.16207,21.25795],[106.16196,21.25786],[106.16475,21.25376],[106.16628,21.25285],[106.16407,21.24991],[106.15883,21.24517],[106.15782,21.24444],[106.15709,21.24401],[106.15582,21.24336],[106.15496,21.243],[106.15455,21.24302],[106.15423,21.24329],[106.15359,21.24413],[106.15329,21.24465],[106.15224,21.24647],[106.15205,21.24668],[106.15083,21.24753],[106.14845,21.24779],[106.14579,21.24756],[106.14441,21.24715],[106.14405,21.24593],[106.14188,21.23572],[106.14188,21.23278],[106.14206,21.23257],[106.14505,21.2309],[106.14917,21.22921],[106.14986,21.22879],[106.15161,21.22732],[106.15213,21.22653],[106.15241,21.22567],[106.15244,21.22485],[106.15354,21.22434],[106.15506,21.22413],[106.15741,21.22385],[106.15987,21.22399],[106.16479,21.22327],[106.16931,21.22058],[106.16992,21.2202],[106.17038,21.2199],[106.17451,21.21715],[106.17819,21.21413],[106.18303,21.2106],[106.18986,21.20943],[106.19099,21.20849],[106.19203,21.20788],[106.19401,21.20707],[106.19412,21.20702],[106.1971,21.2064],[106.19852,21.20634],[106.20351,21.21124],[106.20604,21.21383],[106.21076,21.22389],[106.21305,21.22874],[106.21235,21.23532],[106.21174,21.23731],[106.21038,21.23822],[106.20898,21.23927],[106.20849,21.24002],[106.20847,21.24027],[106.20842,21.24088],[106.20885,21.24239],[106.20987,21.2456],[106.21016,21.24786],[106.21001,21.24897],[106.20941,21.25041],[106.20507,21.25776],[106.20207,21.26411],[106.20135,21.26564],[106.20029,21.26654],[106.19937,21.26676],[106.19838,21.26673],[106.19789,21.26656],[106.19642,21.26603],[106.19428,21.26572],[106.19282,21.26573],[106.19187,21.26628],[106.19085,21.2674],[106.19026,21.26826]]]},"properties":{"commune_code":"07696","commune_name":"Phường Tiền Phong","commune_kind":"PHUONG","province_code":"24","province_name":"Tỉnh Bắc Ninh","area_km2":30.7,"valid_from":"16/6/2025","published":"13/07/2025","area_km2_geom":30.681051357692947,"quality_flag":null,"population":36335.0,"population_wp":39322.57393103093,"anchor_ratio":0.9240239477641793,"pop_source":"WORLDPOP2025_ANCHORED_VNSDI","pop_density_ppkm2":1184.281450345064,"n_stations":1,"n_ports":8,"power_kw_site":360.0,"ports_per_10k_pop":2.2017338654190173,"util_mean_port_weighted":0.3197788619946775,"dist_station_m_pop_weighted":2596.1291321850686}},{"type":"Feature","geometry":{"type":"Polygon","coordinates":[[[106.25045,21.27827],[106.24872,21.27891],[106.24393,21.27864],[106.24041,21.27693],[106.2276,21.26924],[106.22244,21.26724],[106.22029,21.2637],[106.21225,21.26651],[106.20915,21.26757],[106.20673,21.26759],[106.20605,21.26709],[106.20424,21.26575],[106.20392,21.26551],[106.20207,21.26411],[106.20507,21.25776],[106.20941,21.25041],[106.21001,21.24897],[106.21016,21.24786],[106.20987,21.2456],[106.20885,21.24239],[106.20842,21.24088],[106.20847,21.24027],[106.20849,21.24002],[106.20898,21.23927],[106.21038,21.23822],[106.21174,21.23731],[106.21204,21.23711],[106.21278,21.23662],[106.21408,21.23607],[106.21541,21.23606],[106.22283,21.23626],[106.22509,21.2365],[106.22689,21.23709],[106.22866,21.23826],[106.22952,21.23958],[106.22956,21.24087],[106.22917,21.24382],[106.22933,21.24475],[106.22987,21.24557],[106.23049,21.24603],[106.23108,21.24619],[106.23164,21.24634],[106.23328,21.24642],[106.235,21.2465],[106.23553,21.24645],[106.23925,21.24614],[106.24058,21.24556],[106.2416,21.24441],[106.24167,21.24427],[106.24314,21.24135],[106.24332,21.24087],[106.24487,21.23682],[106.24508,21.2353],[106.24519,21.23452],[106.24513,21.23226],[106.24458,21.22785],[106.24431,21.22574],[106.24438,21.22449],[106.24468,21.22377],[106.24552,21.22304],[106.24704,21.22226],[106.24791,21.22181],[106.24921,21.22158],[106.24994,21.22161],[106.25155,21.22241],[106.25552,21.22438],[106.2585,21.22583],[106.26104,21.22707],[106.26158,21.22729],[106.26349,21.228],[106.2656,21.22845],[106.26682,21.22841],[106.26781,21.22804],[106.26929,21.22938],[106.27116,21.23355],[106.27279,21.23398],[106.27403,21.23339],[106.2758,21.23254],[106.27849,21.2333],[106.28297,21.24114],[106.284,21.24531],[106.28296,21.24901],[106.28138,21.25113],[106.27892,21.25222],[106.27852,21.25237],[106.27835,21.25239],[106.27724,21.25238],[106.27718,21.25236],[106.27707,21.25228],[106.27668,21.25192],[106.27575,21.25093],[106.2712,21.24901],[106.2701,21.24913],[106.26738,21.2497],[106.2658,21.2507],[106.26405,21.25256],[106.26085,21.25399],[106.25525,21.25423],[106.25361,21.25903],[106.25265,21.26262],[106.25207,21.26601],[106.25197,21.2746],[106.2521,21.27457],[106.25267,21.27447],[106.25335,21.27433],[106.25186,21.27776],[106.25045,21.27827]]]},"properties":{"commune_code":"07699","commune_name":"Phường Tân Tiến","commune_kind":"PHUONG","province_code":"24","province_name":"Tỉnh Bắc Ninh","area_km2":25.46,"valid_from":"16/6/2025","published":"13/07/2025","area_km2_geom":25.661753127206236,"quality_flag":null,"population":34321.0,"population_wp":31103.821119921282,"anchor_ratio":1.1034335578151262,"pop_source":"WORLDPOP2025_ANCHORED_VNSDI","pop_density_ppkm2":1337.437852740207,"n_stations":17,"n_ports":63,"power_kw_site":1968.5,"ports_per_10k_pop":18.35610850499694,"util_mean_port_weighted":0.24204495983514254,"dist_station_m_pop_weighted":1738.949409793388}},{"type":"Feature","geometry":{"type":"Polygon","coordinates":[[[106.30672,21.21745],[106.30512,21.21786],[106.30309,21.21784],[106.30175,21.21764],[106.30068,21.21736],[106.29991,21.21686],[106.29879,21.21565],[106.29763,21.21387],[106.29704,21.21255],[106.29696,21.21133],[106.29729,21.21036],[106.29798,21.20914],[106.29853,21.20816],[106.29908,21.20686],[106.29916,21.20664],[106.29896,21.20487],[106.29866,21.20446],[106.30041,21.20478],[106.30446,21.20245],[106.30457,21.20036],[106.30333,21.19691],[106.30245,21.19694],[106.30096,21.19657],[106.30025,21.19557],[106.29982,21.19494],[106.29875,21.19281],[106.29751,21.18998],[106.29699,21.18873],[106.29631,21.18704],[106.29516,21.18544],[106.29276,21.18508],[106.29239,21.18506],[106.29178,21.1853],[106.29052,21.18675],[106.29012,21.18722],[106.28786,21.18978],[106.28667,21.19077],[106.28225,21.19202],[106.27581,21.18875],[106.27401,21.18491],[106.27374,21.18339],[106.27368,21.1819],[106.27682,21.17879],[106.28057,21.16969],[106.28056,21.16783],[106.28054,21.16644],[106.28053,21.16643],[106.28023,21.16638],[106.27992,21.16634],[106.27854,21.1662],[106.27734,21.16613],[106.27734,21.16679],[106.27738,21.16759],[106.27701,21.1686],[106.27486,21.16812],[106.27466,21.16732],[106.27424,21.16434],[106.27393,21.15763],[106.27376,21.14979],[106.26992,21.14396],[106.26763,21.14394],[106.26831,21.14255],[106.27006,21.13705],[106.27038,21.13649],[106.27165,21.13424],[106.27183,21.13392],[106.27331,21.13219],[106.27475,21.1315],[106.27609,21.13142],[106.27758,21.13173],[106.27996,21.13235],[106.28217,21.13234],[106.28607,21.13184],[106.28866,21.13114],[106.29284,21.12896],[106.29784,21.12436],[106.30015,21.12224],[106.30328,21.12504],[106.30722,21.12759],[106.31157,21.1291],[106.31403,21.13098],[106.31688,21.13497],[106.31722,21.13561],[106.3208,21.14228],[106.32284,21.14953],[106.32294,21.1499],[106.32243,21.15392],[106.32071,21.15972],[106.31727,21.1652],[106.31587,21.16721],[106.31238,21.17224],[106.30904,21.18213],[106.30906,21.18448],[106.30912,21.18465],[106.31151,21.19106],[106.31293,21.19288],[106.3137,21.19316],[106.31109,21.19927],[106.31068,21.20156],[106.31115,21.20586],[106.31117,21.20795],[106.31118,21.21016],[106.31039,21.21364],[106.30968,21.2151],[106.30923,21.21597],[106.30825,21.21676],[106.30672,21.21745]]]},"properties":{"commune_code":"07735","commune_name":"Xã Đồng Việt","commune_kind":"XA","province_code":"24","province_name":"Tỉnh Bắc Ninh","area_km2":33.21,"valid_from":"16/6/2025","published":"13/07/2025","area_km2_geom":32.91936778526297,"quality_flag":null,"population":26714.0,"population_wp":25734.0620106142,"anchor_ratio":1.0380794135407623,"pop_source":"WORLDPOP2025_ANCHORED_VNSDI","pop_density_ppkm2":811.4979660076907,"n_stations":0,"n_ports":0,"power_kw_site":0.0,"ports_per_10k_pop":0.0,"util_mean_port_weighted":null,"dist_station_m_pop_weighted":7006.7827052042785}},{"type":"Feature","geometry":{"type":"Polygon","coordinates":[[[106.26682,21.22841],[106.2656,21.22845],[106.26349,21.228],[106.26158,21.22729],[106.26104,21.22707],[106.2585,21.22583],[106.25552,21.22438],[106.25155,21.22241],[106.2522,21.21999],[106.25349,21.21633],[106.2522,21.21],[106.25188,21.20865],[106.25073,21.20612],[106.24974,21.20317],[106.25326,21.19913],[106.25362,21.19908],[106.25372,21.19906],[106.25338,21.19737],[106.25316,21.19631],[106.2531,21.19605],[106.25303,21.19587],[106.25301,21.19584],[106.25283,21.19556],[106.25258,21.19521],[106.25188,21.19437],[106.25169,21.19424],[106.25158,21.19417],[106.25144,21.19412],[106.25127,21.19409],[106.25111,21.19408],[106.25109,21.19408],[106.2509,21.19409],[106.25041,21.19415],[106.25027,21.19417],[106.24987,21.19421],[106.24959,21.19425],[106.24901,21.19431],[106.24889,21.19432],[106.24877,21.19431],[106.24864,21.19428],[106.24855,21.19425],[106.24814,21.19414],[106.24389,21.19292],[106.24267,21.18925],[106.24036,21.18619],[106.23605,21.18565],[106.23365,21.18561],[106.23353,21.18555],[106.23331,21.18531],[106.23294,21.18434],[106.23281,21.18271],[106.23357,21.17879],[106.23676,21.1761],[106.23845,21.17507],[106.24338,21.1735],[106.25027,21.17226],[106.25416,21.1717],[106.25515,21.1708],[106.25549,21.17049],[106.258,21.16629],[106.25801,21.16611],[106.25805,21.16486],[106.25786,21.16414],[106.25682,21.1626],[106.25636,21.16177],[106.25566,21.16051],[106.25547,21.15941],[106.25539,21.15896],[106.25563,21.15663],[106.25636,21.15262],[106.25737,21.15142],[106.25737,21.15142],[106.25921,21.15045],[106.26145,21.14951],[106.26213,21.14923],[106.26497,21.147],[106.26705,21.14461],[106.26763,21.14394],[106.26992,21.14396],[106.27376,21.14979],[106.27393,21.15763],[106.27424,21.16434],[106.27466,21.16732],[106.27486,21.16812],[106.27701,21.1686],[106.27738,21.16759],[106.27734,21.16679],[106.27734,21.16613],[106.27854,21.1662],[106.27992,21.16634],[106.28023,21.16638],[106.28053,21.16643],[106.28054,21.16644],[106.28056,21.16783],[106.28057,21.16969],[106.27682,21.17879],[106.27368,21.1819],[106.27374,21.18339],[106.27401,21.18491],[106.27581,21.18875],[106.28225,21.19202],[106.28667,21.19077],[106.28786,21.18978],[106.29012,21.18722],[106.29052,21.18675],[106.29178,21.1853],[106.29239,21.18506],[106.29276,21.18508],[106.29516,21.18544],[106.29631,21.18704],[106.29699,21.18873],[106.29751,21.18998],[106.29875,21.19281],[106.29982,21.19494],[106.30025,21.19557],[106.30096,21.19657],[106.30245,21.19694],[106.30333,21.19691],[106.30457,21.20036],[106.30446,21.20245],[106.30041,21.20478],[106.29866,21.20446],[106.29791,21.2035],[106.29614,21.20305],[106.294,21.20318],[106.28838,21.20489],[106.28141,21.20839],[106.27364,21.21393],[106.27162,21.2158],[106.27092,21.21644],[106.26977,21.21834],[106.26897,21.21993],[106.26859,21.22108],[106.26826,21.22241],[106.26826,21.22248],[106.26827,21.22313],[106.2687,21.22398],[106.26943,21.22534],[106.2696,21.22645],[106.26914,21.22714],[106.26819,21.2279],[106.26781,21.22804],[106.26682,21.22841]]]},"properties":{"commune_code":"07738","commune_name":"Phường Cảnh Thụy","commune_kind":"PHUONG","province_code":"24","province_name":"Tỉnh Bắc Ninh","area_km2":27.73,"valid_from":"16/6/2025","published":"13/07/2025","area_km2_geom":27.635999587131824,"quality_flag":null,"population":26927.999999999996,"population_wp":26546.534906143323,"anchor_ratio":1.0143696755604965,"pop_source":"WORLDPOP2025_ANCHORED_VNSDI","pop_density_ppkm2":974.3812564152196,"n_stations":0,"n_ports":0,"power_kw_site":0.0,"ports_per_10k_pop":0.0,"util_mean_port_weighted":null,"dist_station_m_pop_weighted":3216.294562073212}},{"type":"Feature","geometry":{"type":"Polygon","coordinates":[[[106.06335,21.34159],[106.05588,21.34331],[106.05687,21.33912],[106.0571,21.33831],[106.05721,21.33791],[106.05737,21.33712],[106.05742,21.33649],[106.05261,21.33609],[106.04291,21.33568],[106.03912,21.33702],[106.03435,21.3386],[106.02953,21.33328],[106.02634,21.32876],[106.02547,21.32459],[106.02505,21.32261],[106.02916,21.31201],[106.02798,21.30326],[106.02751,21.30119],[106.0264,21.29637],[106.03042,21.29219],[106.03014,21.28882],[106.03101,21.28436],[106.0317,21.28259],[106.0322,21.28232],[106.03603,21.28206],[106.03698,21.28178],[106.03956,21.27881],[106.03976,21.27882],[106.03987,21.27881],[106.04014,21.27873],[106.04046,21.27862],[106.0415,21.27824],[106.04203,21.27804],[106.04252,21.27786],[106.04344,21.27752],[106.04665,21.27627],[106.04728,21.27601],[106.04777,21.27577],[106.04789,21.27545],[106.04784,21.27491],[106.04782,21.27484],[106.04781,21.27481],[106.04758,21.27434],[106.04749,21.27419],[106.04712,21.27378],[106.04827,21.2731],[106.05332,21.27064],[106.05348,21.27059],[106.05357,21.27058],[106.05681,21.27083],[106.05725,21.27087],[106.05753,21.27094],[106.05778,21.27102],[106.05804,21.27115],[106.06054,21.27276],[106.06073,21.27298],[106.06288,21.27755],[106.06377,21.28124],[106.06418,21.28324],[106.06368,21.28464],[106.06367,21.28468],[106.06521,21.28523],[106.06771,21.28491],[106.07136,21.28442],[106.07392,21.28228],[106.07583,21.28121],[106.07667,21.28089],[106.07826,21.28071],[106.07875,21.2811],[106.07893,21.28132],[106.07938,21.28323],[106.08243,21.28477],[106.08591,21.28631],[106.08705,21.28659],[106.08756,21.28629],[106.0934,21.28776],[106.09808,21.29058],[106.09874,21.29181],[106.09877,21.30035],[106.09862,21.30081],[106.098,21.3014],[106.09541,21.30342],[106.09422,21.30421],[106.09403,21.30431],[106.09316,21.30475],[106.09097,21.30528],[106.09042,21.3054],[106.08855,21.30577],[106.08759,21.30567],[106.08698,21.30557],[106.0862,21.30505],[106.08613,21.30493],[106.08566,21.30449],[106.08496,21.30406],[106.08444,21.3038],[106.08424,21.30374],[106.08422,21.30377],[106.08346,21.30482],[106.0831,21.30557],[106.08249,21.30793],[106.08245,21.30817],[106.08224,21.30931],[106.08284,21.31083],[106.08695,21.31955],[106.08715,21.31971],[106.08835,21.32115],[106.08851,21.32297],[106.08838,21.32574],[106.08796,21.32669],[106.08791,21.32681],[106.08777,21.32671],[106.08551,21.33203],[106.0767,21.3373],[106.07633,21.3374],[106.07602,21.3374],[106.07258,21.3364],[106.07011,21.33285],[106.06825,21.33376],[106.06818,21.33384],[106.06706,21.33614],[106.06706,21.33644],[106.06714,21.33679],[106.06806,21.33876],[106.06831,21.33972],[106.06826,21.34008],[106.06806,21.34054],[106.06755,21.34115],[106.0668,21.34182],[106.06335,21.34159]]]},"properties":{"commune_code":"07774","commune_name":"Phường Tự Lạn","commune_kind":"PHUONG","province_code":"24","province_name":"Tỉnh Bắc Ninh","area_km2":39.89,"valid_from":"16/6/2025","published":"13/07/2025","area_km2_geom":40.497410806032775,"quality_flag":null,"population":45470.0,"population_wp":54721.4230513908,"anchor_ratio":0.8309359929711173,"pop_source":"WORLDPOP2025_ANCHORED_VNSDI","pop_density_ppkm2":1122.7878300117516,"n_stations":1,"n_ports":24,"power_kw_site":522.0,"ports_per_10k_pop":5.278205410160545,"util_mean_port_weighted":0.1260772220344711,"dist_station_m_pop_weighted":2878.5914042895}},{"type":"Feature","geometry":{"type":"Polygon","coordinates":[[[106.13683,21.33775],[106.1352,21.33865],[106.13504,21.33841],[106.13423,21.33632],[106.13211,21.3344],[106.1303,21.3343],[106.12865,21.33507],[106.12605,21.33583],[106.12579,21.33571],[106.12295,21.33315],[106.12049,21.33063],[106.12133,21.32927],[106.11881,21.32778],[106.11446,21.33079],[106.11127,21.33023],[106.10934,21.32806],[106.1054,21.32525],[106.10082,21.32963],[106.1007,21.3295],[106.09626,21.32749],[106.0953,21.33042],[106.09255,21.32943],[106.0896,21.32813],[106.08791,21.32681],[106.08796,21.32669],[106.08838,21.32574],[106.08851,21.32297],[106.08835,21.32115],[106.08715,21.31971],[106.08695,21.31955],[106.08284,21.31083],[106.08224,21.30931],[106.08245,21.30817],[106.08249,21.30793],[106.0831,21.30557],[106.08346,21.30482],[106.08422,21.30377],[106.08424,21.30374],[106.08444,21.3038],[106.08496,21.30406],[106.08566,21.30449],[106.08613,21.30493],[106.0862,21.30505],[106.08698,21.30557],[106.08759,21.30567],[106.08855,21.30577],[106.09042,21.3054],[106.09097,21.30528],[106.09316,21.30475],[106.09403,21.30431],[106.09422,21.30421],[106.09541,21.30342],[106.098,21.3014],[106.09862,21.30081],[106.09877,21.30035],[106.09874,21.29181],[106.09808,21.29058],[106.0934,21.28776],[106.08756,21.28629],[106.08705,21.28659],[106.08591,21.28631],[106.08243,21.28477],[106.07938,21.28323],[106.07893,21.28132],[106.07955,21.27961],[106.08017,21.27802],[106.08141,21.27576],[106.08034,21.26949],[106.08023,21.26814],[106.08087,21.26705],[106.08221,21.26543],[106.08479,21.26302],[106.0877,21.26238],[106.09314,21.26166],[106.09839,21.25872],[106.09888,21.25806],[106.0997,21.25731],[106.10118,21.25619],[106.10129,21.25612],[106.10191,21.25574],[106.10205,21.2557],[106.10428,21.2554],[106.10695,21.25626],[106.11,21.25657],[106.11334,21.25622],[106.11432,21.25543],[106.11576,21.25563],[106.11932,21.25691],[106.12449,21.26319],[106.12882,21.26311],[106.13525,21.26056],[106.13532,21.26052],[106.13544,21.26046],[106.13583,21.26021],[106.13621,21.25996],[106.13639,21.25983],[106.13839,21.25973],[106.14095,21.26035],[106.14174,21.26069],[106.142,21.26092],[106.14221,21.26111],[106.14238,21.26128],[106.14059,21.26399],[106.13947,21.26517],[106.1393,21.26554],[106.13937,21.26696],[106.1405,21.26867],[106.14163,21.27034],[106.14121,21.27094],[106.14057,21.27397],[106.14067,21.27947],[106.14157,21.27848],[106.14463,21.27539],[106.14481,21.27539],[106.1464,21.2754],[106.14764,21.2754],[106.1477,21.27877],[106.14723,21.27879],[106.14691,21.27884],[106.14676,21.27887],[106.14632,21.27912],[106.14575,21.27966],[106.1448,21.28101],[106.1448,21.28123],[106.14504,21.28174],[106.1453,21.28199],[106.14793,21.28346],[106.1549,21.28653],[106.15889,21.2878],[106.15903,21.29133],[106.15979,21.29477],[106.16029,21.29538],[106.1607,21.29557],[106.16119,21.2956],[106.16179,21.29543],[106.16279,21.29658],[106.16086,21.29886],[106.15462,21.30459],[106.15014,21.30606],[106.14939,21.30626],[106.14871,21.30684],[106.14861,21.30709],[106.1486,21.3076],[106.14864,21.30812],[106.14944,21.30982],[106.15022,21.31105],[106.15162,21.31224],[106.15173,21.32074],[106.14731,21.32411],[106.14563,21.32539],[106.14663,21.32658],[106.14689,21.32705],[106.14704,21.32761],[106.14704,21.3283],[106.14695,21.32999],[106.1467,21.33017],[106.14636,21.33042],[106.14605,21.33064],[106.14261,21.33114],[106.14152,21.33084],[106.14102,21.33087],[106.14044,21.33091],[106.13915,21.33141],[106.139,21.33167],[106.1389,21.33201],[106.13888,21.33226],[106.13875,21.33512],[106.13858,21.3356],[106.1377,21.33673],[106.13683,21.33775]]]},"properties":{"commune_code":"07777","commune_name":"Phường Việt Yên","commune_kind":"PHUONG","province_code":"24","province_name":"Tỉnh Bắc Ninh","area_km2":51.97,"valid_from":"16/6/2025","published":"13/07/2025","area_km2_geom":51.275296976749885,"quality_flag":null,"population":59470.0,"population_wp":59526.48274789564,"anchor_ratio":0.9990511324491511,"pop_source":"WORLDPOP2025_ANCHORED_VNSDI","pop_density_ppkm2":1159.817758383065,"n_stations":3,"n_ports":34,"power_kw_site":875.0,"ports_per_10k_pop":5.717168320161426,"util_mean_port_weighted":0.08939351917796827,"dist_station_m_pop_weighted":1927.8225876698612}},{"type":"Feature","geometry":{"type":"Polygon","coordinates":[[[106.14683,21.26973],[106.14409,21.27113],[106.14163,21.27034],[106.1405,21.26867],[106.13937,21.26696],[106.1393,21.26554],[106.13947,21.26517],[106.14059,21.26399],[106.14238,21.26128],[106.14221,21.26111],[106.142,21.26092],[106.14174,21.26069],[106.14095,21.26035],[106.13839,21.25973],[106.13639,21.25983],[106.13621,21.25996],[106.13583,21.26021],[106.13544,21.26046],[106.13532,21.26052],[106.13525,21.26056],[106.12882,21.26311],[106.12449,21.26319],[106.11932,21.25691],[106.11576,21.25563],[106.11432,21.25543],[106.11334,21.25622],[106.11,21.25657],[106.10695,21.25626],[106.10428,21.2554],[106.09976,21.25223],[106.09802,21.25141],[106.09663,21.25136],[106.09294,21.25189],[106.09279,21.25159],[106.09278,21.25156],[106.09278,21.25151],[106.09263,21.24844],[106.09263,21.24017],[106.09398,21.23712],[106.09634,21.23182],[106.09629,21.22945],[106.09551,21.22361],[106.09362,21.22106],[106.09067,21.21776],[106.08844,21.21594],[106.08651,21.21565],[106.08671,21.21537],[106.08736,21.21431],[106.08736,21.21326],[106.08565,21.21031],[106.08565,21.20926],[106.08589,21.2083],[106.08624,21.20774],[106.08685,21.20676],[106.08883,21.2056],[106.09666,21.20335],[106.09951,21.20277],[106.10389,21.20187],[106.11158,21.20091],[106.11652,21.20007],[106.11962,21.19828],[106.12102,21.19799],[106.1213,21.19793],[106.12189,21.19807],[106.12268,21.19826],[106.12396,21.19916],[106.12473,21.20073],[106.12491,21.20312],[106.12463,21.20738],[106.1249,21.2091],[106.12527,21.21072],[106.1254,21.2109],[106.1263,21.21215],[106.12779,21.21391],[106.12969,21.21518],[106.13158,21.21574],[106.13301,21.21593],[106.1355,21.21572],[106.14355,21.21404],[106.14949,21.21185],[106.15024,21.21117],[106.15118,21.21208],[106.15149,21.21279],[106.15167,21.2143],[106.15243,21.22318],[106.15246,21.22431],[106.15244,21.22485],[106.15241,21.22567],[106.15213,21.22653],[106.15161,21.22732],[106.14986,21.22879],[106.14917,21.22921],[106.14505,21.2309],[106.14206,21.23257],[106.14188,21.23278],[106.14188,21.23572],[106.14405,21.24593],[106.14441,21.24715],[106.14579,21.24756],[106.14845,21.24779],[106.15083,21.24753],[106.15205,21.24668],[106.15224,21.24647],[106.15329,21.24465],[106.15359,21.24413],[106.15423,21.24329],[106.15455,21.24302],[106.15496,21.243],[106.15582,21.24336],[106.15709,21.24401],[106.15782,21.24444],[106.15883,21.24517],[106.16407,21.24991],[106.16628,21.25285],[106.16475,21.25376],[106.16196,21.25786],[106.16162,21.25843],[106.15894,21.26273],[106.15856,21.26327],[106.15834,21.26355],[106.15633,21.26359],[106.1527,21.26348],[106.1514,21.26356],[106.15058,21.26395],[106.14973,21.26474],[106.14887,21.26609],[106.14867,21.26714],[106.14886,21.2684],[106.14683,21.26973]]]},"properties":{"commune_code":"07795","commune_name":"Phường Nếnh","commune_kind":"PHUONG","province_code":"24","province_name":"Tỉnh Bắc Ninh","area_km2":35.98,"valid_from":"16/6/2025","published":"13/07/2025","area_km2_geom":36.45735987119799,"quality_flag":null,"population":55559.0,"population_wp":73047.34643528052,"anchor_ratio":0.7605888880470821,"pop_source":"WORLDPOP2025_ANCHORED_VNSDI","pop_density_ppkm2":1523.9446903529806,"n_stations":4,"n_ports":46,"power_kw_site":1348.0,"ports_per_10k_pop":8.279486671826346,"util_mean_port_weighted":0.2860487798973616,"dist_station_m_pop_weighted":1856.20069659605}},{"type":"Feature","geometry":{"type":"Polygon","coordinates":[[[106.06771,21.28491],[106.06521,21.28523],[106.06367,21.28468],[106.06368,21.28464],[106.06418,21.28324],[106.06377,21.28124],[106.06288,21.27755],[106.06073,21.27298],[106.06054,21.27276],[106.05804,21.27115],[106.05778,21.27102],[106.05753,21.27094],[106.05725,21.27087],[106.05681,21.27083],[106.05357,21.27058],[106.05348,21.27059],[106.05332,21.27064],[106.04827,21.2731],[106.04712,21.27378],[106.04749,21.27419],[106.04758,21.27434],[106.04781,21.27481],[106.04782,21.27484],[106.04784,21.27491],[106.04789,21.27545],[106.04777,21.27577],[106.04728,21.27601],[106.04665,21.27627],[106.04344,21.27752],[106.04252,21.27786],[106.04203,21.27804],[106.0415,21.27824],[106.04046,21.27862],[106.04014,21.27873],[106.03987,21.27881],[106.03976,21.27882],[106.03956,21.27881],[106.03735,21.2765],[106.03112,21.2699],[106.03077,21.2695],[106.03059,21.26933],[106.03032,21.26913],[106.02966,21.26878],[106.02829,21.26814],[106.02764,21.26784],[106.02621,21.26719],[106.02159,21.26519],[106.01728,21.26827],[106.01352,21.2683],[106.00765,21.26738],[106.00411,21.26226],[106.0037,21.2582],[106.00367,21.25784],[106.00711,21.25841],[106.00976,21.2584],[106.0116,21.2581],[106.02228,21.25392],[106.02542,21.25245],[106.0265,21.25194],[106.02734,21.25137],[106.02937,21.25001],[106.03355,21.24721],[106.03558,21.24557],[106.03588,21.24471],[106.03577,21.2439],[106.03465,21.2419],[106.03448,21.24161],[106.03411,21.24018],[106.03357,21.23583],[106.03431,21.232],[106.03433,21.23189],[106.03485,21.22798],[106.03429,21.22144],[106.03435,21.21522],[106.03569,21.21058],[106.03821,21.20659],[106.04117,21.20214],[106.04134,21.20189],[106.04174,21.20172],[106.04287,21.20126],[106.04424,21.20139],[106.04654,21.20238],[106.04674,21.20293],[106.04696,21.20353],[106.04692,21.20453],[106.04621,21.20554],[106.04434,21.20746],[106.04283,21.21034],[106.04243,21.21206],[106.04255,21.21407],[106.04266,21.2155],[106.04277,21.21569],[106.04315,21.21632],[106.04374,21.21731],[106.04414,21.21757],[106.04796,21.22245],[106.04956,21.22488],[106.05141,21.22678],[106.0533,21.22782],[106.05473,21.22781],[106.05712,21.22741],[106.06237,21.22601],[106.06277,21.2259],[106.06367,21.22539],[106.06673,21.22367],[106.06967,21.22126],[106.07205,21.21828],[106.07367,21.21684],[106.07404,21.21677],[106.07479,21.21664],[106.07607,21.21697],[106.07631,21.21718],[106.0773,21.21806],[106.07914,21.21953],[106.08073,21.22014],[106.0818,21.22004],[106.08353,21.21955],[106.0852,21.21748],[106.08651,21.21565],[106.08844,21.21594],[106.09067,21.21776],[106.09362,21.22106],[106.09551,21.22361],[106.09629,21.22945],[106.09634,21.23182],[106.09398,21.23712],[106.09263,21.24017],[106.09263,21.24844],[106.09278,21.25151],[106.09278,21.25156],[106.09279,21.25159],[106.09294,21.25189],[106.09663,21.25136],[106.09802,21.25141],[106.09976,21.25223],[106.10428,21.2554],[106.10205,21.2557],[106.10191,21.25574],[106.10129,21.25612],[106.10118,21.25619],[106.0997,21.25731],[106.09888,21.25806],[106.09839,21.25872],[106.09314,21.26166],[106.0877,21.26238],[106.08479,21.26302],[106.08221,21.26543],[106.08087,21.26705],[106.08023,21.26814],[106.08034,21.26949],[106.08141,21.27576],[106.08017,21.27802],[106.07955,21.27961],[106.07893,21.28132],[106.07875,21.2811],[106.07826,21.28071],[106.07667,21.28089],[106.07583,21.28121],[106.07392,21.28228],[106.07136,21.28442],[106.06771,21.28491]]]},"properties":{"commune_code":"07798","commune_name":"Phường Vân Hà","commune_kind":"PHUONG","province_code":"24","province_name":"Tỉnh Bắc Ninh","area_km2":43.17,"valid_from":"16/6/2025","published":"13/07/2025","area_km2_geom":43.113403994372725,"quality_flag":null,"population":58177.0,"population_wp":52030.738806581125,"anchor_ratio":1.1181275018266983,"pop_source":"WORLDPOP2025_ANCHORED_VNSDI","pop_density_ppkm2":1349.3947266978366,"n_stations":0,"n_ports":0,"power_kw_site":0.0,"ports_per_10k_pop":0.0,"util_mean_port_weighted":null,"dist_station_m_pop_weighted":5161.639885359691}},{"type":"Feature","geometry":{"type":"Polygon","coordinates":[[[105.96495,21.4349],[105.96149,21.43535],[105.96109,21.43512],[105.95824,21.43343],[105.95722,21.43101],[105.95745,21.43006],[105.95834,21.42211],[105.95667,21.40851],[105.95633,21.40709],[105.95425,21.40429],[105.9541,21.40409],[105.9517,21.40156],[105.94796,21.40016],[105.94574,21.39827],[105.94385,21.39558],[105.94352,21.39405],[105.94373,21.39329],[105.94474,21.38976],[105.94472,21.38656],[105.94471,21.38582],[105.94455,21.38104],[105.9439,21.37895],[105.94576,21.37883],[105.94712,21.37821],[105.94812,21.37647],[105.94821,21.37595],[105.95363,21.37298],[105.95674,21.37207],[105.96412,21.37157],[105.96534,21.37163],[105.96892,21.37274],[105.96895,21.37342],[105.97597,21.37546],[105.97968,21.37486],[105.9815,21.37352],[105.98293,21.37057],[105.98323,21.36944],[105.98321,21.36936],[105.98266,21.36841],[105.98225,21.36777],[105.98219,21.36771],[105.98198,21.36756],[105.98076,21.36666],[105.98039,21.36612],[105.9821,21.36041],[105.98383,21.35893],[105.98425,21.35868],[105.9845,21.35916],[105.98558,21.35865],[105.98604,21.35842],[105.98611,21.35839],[105.98616,21.35836],[105.99127,21.35566],[105.99635,21.35267],[105.99982,21.35043],[106.0052,21.34676],[106.0072,21.3467],[106.01411,21.34824],[106.01579,21.34869],[106.01891,21.35078],[106.01897,21.35126],[106.01883,21.35382],[106.01821,21.35552],[106.01685,21.3564],[106.0166,21.35673],[106.01643,21.35695],[106.01622,21.35725],[106.01568,21.35803],[106.01553,21.35827],[106.01517,21.35922],[106.01475,21.36166],[106.01381,21.36279],[106.01001,21.36582],[106.00815,21.36593],[106.0063,21.37254],[106.00588,21.37468],[106.00586,21.37482],[106.00597,21.37649],[106.00632,21.37805],[106.00862,21.38073],[106.01517,21.3803],[106.01956,21.37908],[106.02196,21.37935],[106.02685,21.38109],[106.02885,21.38378],[106.02509,21.38802],[106.02485,21.38829],[106.02393,21.38869],[106.02391,21.38869],[106.02365,21.3888],[106.02361,21.38881],[106.02301,21.38888],[106.02274,21.38886],[106.02197,21.38846],[106.01822,21.38651],[106.01755,21.38617],[106.01712,21.38604],[106.01663,21.38606],[106.01623,21.38612],[106.01437,21.38695],[106.01296,21.38791],[106.01287,21.38797],[106.0126,21.3883],[106.01257,21.38849],[106.01247,21.38904],[106.01276,21.39306],[106.01347,21.39795],[106.01336,21.39917],[106.0128,21.40039],[106.01189,21.40201],[106.01061,21.40398],[106.00999,21.40456],[106.00944,21.40477],[106.00676,21.40521],[106.00581,21.40513],[106.00351,21.40493],[106.00032,21.40537],[105.99643,21.40623],[105.99565,21.40653],[105.99274,21.40765],[105.9856,21.41126],[105.98478,21.41173],[105.98416,21.41209],[105.97616,21.41671],[105.97177,21.42117],[105.97154,21.4214],[105.96996,21.423],[105.96903,21.42525],[105.96865,21.42616],[105.96753,21.42885],[105.967,21.43014],[105.96587,21.43276],[105.96495,21.4349]]]},"properties":{"commune_code":"07822","commune_name":"Xã Hoàng Vân","commune_kind":"XA","province_code":"24","province_name":"Tỉnh Bắc Ninh","area_km2":40.23,"valid_from":"16/6/2025","published":"13/07/2025","area_km2_geom":38.8057608911393,"quality_flag":null,"population":52899.0,"population_wp":38830.331898966804,"anchor_ratio":1.3623113018358604,"pop_source":"WORLDPOP2025_ANCHORED_VNSDI","pop_density_ppkm2":1363.1738892685564,"n_stations":1,"n_ports":2,"power_kw_site":22.0,"ports_per_10k_pop":0.37807898069906803,"util_mean_port_weighted":0.1251548946716233,"dist_station_m_pop_weighted":2735.6167781637755}},{"type":"Feature","geometry":{"type":"Polygon","coordinates":[[[105.97968,21.37486],[105.97597,21.37546],[105.96895,21.37342],[105.96892,21.37274],[105.96534,21.37163],[105.96412,21.37157],[105.95674,21.37207],[105.95662,21.37138],[105.95683,21.36946],[105.95703,21.36923],[105.9578,21.36916],[105.95824,21.36609],[105.95814,21.36234],[105.95681,21.35849],[105.95562,21.3576],[105.95456,21.357],[105.95395,21.35707],[105.95259,21.35763],[105.95233,21.35751],[105.95031,21.35566],[105.95044,21.35439],[105.95083,21.3521],[105.95261,21.34738],[105.95646,21.34279],[105.95953,21.34109],[105.96052,21.34126],[105.9638,21.33984],[105.96834,21.33689],[105.96813,21.33279],[105.97018,21.32854],[105.9703,21.32844],[105.9704,21.32826],[105.97082,21.3268],[105.96909,21.32048],[105.96887,21.31981],[105.96863,21.31918],[105.96842,21.31865],[105.96825,21.3183],[105.96794,21.31778],[105.96777,21.31749],[105.96772,21.31739],[105.9676,21.3172],[105.96733,21.31673],[105.96629,21.31485],[105.96667,21.31468],[105.97649,21.31272],[105.9772,21.31266],[105.97862,21.31134],[105.97895,21.3092],[105.97877,21.30755],[105.97793,21.30508],[105.97951,21.30041],[105.98182,21.29994],[105.98378,21.30015],[105.98421,21.30003],[105.9849,21.29959],[105.98571,21.29898],[105.98603,21.2987],[105.98667,21.29781],[105.98736,21.29488],[105.98755,21.29403],[105.98782,21.29272],[105.9879,21.2923],[105.98806,21.29152],[105.98883,21.28401],[105.98881,21.28273],[105.98846,21.28048],[105.98782,21.27654],[105.98616,21.27461],[105.98532,21.27364],[105.98507,21.27298],[105.98495,21.27262],[105.98476,21.27204],[105.98417,21.26798],[105.98639,21.26646],[105.98778,21.26607],[105.98887,21.2656],[105.98985,21.26492],[105.99239,21.26306],[105.99577,21.2634],[105.99693,21.26172],[105.99898,21.2591],[105.99911,21.25894],[106.00124,21.25802],[106.00297,21.25772],[106.00367,21.25784],[106.0037,21.2582],[106.00411,21.26226],[106.00765,21.26738],[106.01352,21.2683],[106.01728,21.26827],[106.02159,21.26519],[106.02621,21.26719],[106.02764,21.26784],[106.02829,21.26814],[106.02966,21.26878],[106.03032,21.26913],[106.03059,21.26933],[106.03077,21.2695],[106.03112,21.2699],[106.03735,21.2765],[106.03956,21.27881],[106.03698,21.28178],[106.03603,21.28206],[106.0322,21.28232],[106.0317,21.28259],[106.03101,21.28436],[106.03014,21.28882],[106.03042,21.29219],[106.0264,21.29637],[106.02751,21.30119],[106.02798,21.30326],[106.02916,21.31201],[106.02505,21.32261],[106.02547,21.32459],[106.02634,21.32876],[106.02953,21.33328],[106.03435,21.3386],[106.03317,21.33999],[106.03161,21.3438],[106.03265,21.34636],[106.03411,21.34749],[106.03276,21.35192],[106.03197,21.35419],[106.03162,21.35463],[106.02556,21.36126],[106.02036,21.3614],[106.01517,21.35922],[106.01553,21.35827],[106.01568,21.35803],[106.01622,21.35725],[106.01643,21.35695],[106.0166,21.35673],[106.01685,21.3564],[106.01821,21.35552],[106.01883,21.35382],[106.01897,21.35126],[106.01891,21.35078],[106.01579,21.34869],[106.01411,21.34824],[106.0072,21.3467],[106.0052,21.34676],[105.99982,21.35043],[105.99635,21.35267],[105.99127,21.35566],[105.98616,21.35836],[105.98611,21.35839],[105.98604,21.35842],[105.98558,21.35865],[105.9845,21.35916],[105.98425,21.35868],[105.98383,21.35893],[105.9821,21.36041],[105.98039,21.36612],[105.98076,21.36666],[105.98198,21.36756],[105.98219,21.36771],[105.98225,21.36777],[105.98266,21.36841],[105.98321,21.36936],[105.98323,21.36944],[105.98293,21.37057],[105.9815,21.37352],[105.97968,21.37486]]]},"properties":{"commune_code":"07840","commune_name":"Xã Hiệp Hòa","commune_kind":"XA","province_code":"24","province_name":"Tỉnh Bắc Ninh","area_km2":62.18,"valid_from":"16/6/2025","published":"13/07/2025","area_km2_geom":62.08916882517016,"quality_flag":null,"population":90443.00000000001,"population_wp":90306.00616582856,"anchor_ratio":1.0015169958232888,"pop_source":"WORLDPOP2025_ANCHORED_VNSDI","pop_density_ppkm2":1456.6630816828647,"n_stations":3,"n_ports":50,"power_kw_site":1680.0,"ports_per_10k_pop":5.528343818758775,"util_mean_port_weighted":0.15444066006808388,"dist_station_m_pop_weighted":3363.2261986830495}},{"type":"Feature","geometry":{"type":"Polygon","coordinates":[[[105.94576,21.37883],[105.9439,21.37895],[105.94341,21.37738],[105.94325,21.37686],[105.94235,21.37573],[105.94081,21.37377],[105.93901,21.3727],[105.93646,21.37272],[105.93406,21.37325],[105.93315,21.37345],[105.92767,21.37444],[105.92317,21.37444],[105.91825,21.374],[105.91436,21.37476],[105.91172,21.37537],[105.91019,21.37466],[105.90864,21.37251],[105.90658,21.36858],[105.90174,21.3574],[105.90023,21.35248],[105.90009,21.35069],[105.90028,21.35005],[105.90084,21.34817],[105.90172,21.3465],[105.90159,21.3453],[105.90094,21.34387],[105.898,21.34305],[105.89443,21.34319],[105.893,21.34349],[105.89214,21.34368],[105.89051,21.34468],[105.89029,21.34481],[105.88997,21.345],[105.88832,21.34561],[105.88704,21.34562],[105.88576,21.34443],[105.88203,21.33859],[105.88163,21.3362],[105.88266,21.33496],[105.88509,21.33201],[105.88811,21.32854],[105.88967,21.32695],[105.89026,21.32673],[105.89123,21.32639],[105.89184,21.32627],[105.89678,21.32737],[105.89846,21.32646],[105.89918,21.32454],[105.89893,21.3215],[105.89824,21.31774],[105.89721,21.31203],[105.89729,21.30974],[105.898,21.30763],[105.8989,21.3059],[105.90226,21.30359],[105.90521,21.30233],[105.90755,21.30175],[105.90945,21.30181],[105.9101,21.30183],[105.91159,21.30243],[105.91652,21.30055],[105.91662,21.3002],[105.91692,21.29911],[105.91772,21.29653],[105.91914,21.29547],[105.92118,21.2946],[105.92377,21.29408],[105.92823,21.29521],[105.92748,21.29622],[105.92729,21.29618],[105.92708,21.29615],[105.92644,21.29635],[105.92467,21.29801],[105.92394,21.29917],[105.92285,21.30237],[105.92231,21.30484],[105.92293,21.30688],[105.92407,21.30854],[105.92472,21.30799],[105.92512,21.30745],[105.92586,21.30672],[105.9264,21.30629],[105.92754,21.30624],[105.92818,21.30651],[105.93057,21.31024],[105.9326,21.31311],[105.93442,21.3142],[105.9355,21.31466],[105.9388,21.31425],[105.93967,21.31398],[105.94092,21.31358],[105.94418,21.31083],[105.9473,21.30817],[105.94824,21.3066],[105.9493,21.30611],[105.95049,21.30563],[105.95201,21.30503],[105.95579,21.30815],[105.95795,21.31135],[105.95852,21.31457],[105.96056,21.31735],[105.96101,21.31778],[105.96133,21.318],[105.9628,21.3184],[105.96501,21.31866],[105.96693,21.31802],[105.96777,21.31749],[105.96794,21.31778],[105.96825,21.3183],[105.96842,21.31865],[105.96863,21.31918],[105.96887,21.31981],[105.96909,21.32048],[105.97082,21.3268],[105.9704,21.32826],[105.9703,21.32844],[105.97018,21.32854],[105.96813,21.33279],[105.96834,21.33689],[105.9638,21.33984],[105.96052,21.34126],[105.95953,21.34109],[105.95646,21.34279],[105.95261,21.34738],[105.95083,21.3521],[105.95044,21.35439],[105.95031,21.35566],[105.95233,21.35751],[105.95259,21.35763],[105.95395,21.35707],[105.95456,21.357],[105.95562,21.3576],[105.95681,21.35849],[105.95814,21.36234],[105.95824,21.36609],[105.9578,21.36916],[105.95703,21.36923],[105.95683,21.36946],[105.95662,21.37138],[105.95674,21.37207],[105.95363,21.37298],[105.94821,21.37595],[105.94812,21.37647],[105.94712,21.37821],[105.94576,21.37883]]]},"properties":{"commune_code":"07864","commune_name":"Xã Hợp Thịnh","commune_kind":"XA","province_code":"24","province_name":"Tỉnh Bắc Ninh","area_km2":49.27,"valid_from":"16/6/2025","published":"13/07/2025","area_km2_geom":49.69194875649981,"quality_flag":null,"population":71714.0,"population_wp":71280.10230280831,"anchor_ratio":1.0060872204608857,"pop_source":"WORLDPOP2025_ANCHORED_VNSDI","pop_density_ppkm2":1443.1714149793663,"n_stations":2,"n_ports":16,"power_kw_site":428.0,"ports_per_10k_pop":2.2310845859943664,"util_mean_port_weighted":0.12731235836672,"dist_station_m_pop_weighted":3153.0370001349374}},{"type":"Feature","geometry":{"type":"Polygon","coordinates":[[[105.96693,21.31802],[105.96501,21.31866],[105.9628,21.3184],[105.96133,21.318],[105.96101,21.31778],[105.96056,21.31735],[105.95852,21.31457],[105.95795,21.31135],[105.95579,21.30815],[105.95201,21.30503],[105.95049,21.30563],[105.9493,21.30611],[105.94824,21.3066],[105.9473,21.30817],[105.94418,21.31083],[105.94092,21.31358],[105.93967,21.31398],[105.9388,21.31425],[105.9355,21.31466],[105.93442,21.3142],[105.9326,21.31311],[105.93057,21.31024],[105.92818,21.30651],[105.92754,21.30624],[105.9264,21.30629],[105.92586,21.30672],[105.92512,21.30745],[105.92472,21.30799],[105.92407,21.30854],[105.92293,21.30688],[105.92231,21.30484],[105.92285,21.30237],[105.92394,21.29917],[105.92467,21.29801],[105.92644,21.29635],[105.92708,21.29615],[105.92729,21.29618],[105.92748,21.29622],[105.92823,21.29521],[105.92377,21.29408],[105.92454,21.29362],[105.92565,21.29266],[105.92564,21.29094],[105.92482,21.2896],[105.92442,21.28892],[105.92418,21.28849],[105.92316,21.28671],[105.92243,21.28364],[105.9223,21.2793],[105.92213,21.27362],[105.92319,21.26978],[105.93127,21.25806],[105.93787,21.24881],[105.93852,21.24722],[105.93864,21.24667],[105.93877,21.24603],[105.93851,21.24464],[105.93781,21.24367],[105.93712,21.24269],[105.93604,21.24083],[105.93577,21.23985],[105.93551,21.23887],[105.93555,21.23756],[105.93556,21.23749],[105.93789,21.23528],[105.9419,21.23301],[105.94389,21.2328],[105.94432,21.2328],[105.94491,21.2328],[105.94634,21.23346],[105.94808,21.23426],[105.94976,21.23473],[105.95119,21.23468],[105.95307,21.2339],[105.95409,21.23308],[105.9552,21.23135],[105.95555,21.23013],[105.95558,21.23003],[105.9562,21.22786],[105.95669,21.22739],[105.95694,21.22715],[105.95716,21.22694],[105.95756,21.22685],[105.95785,21.22678],[105.95838,21.22665],[105.9592,21.22693],[105.95997,21.22812],[105.96023,21.22881],[105.96044,21.22936],[105.96182,21.23022],[105.96315,21.23021],[105.96394,21.23012],[105.96403,21.23011],[105.96493,21.23001],[105.9661,21.22919],[105.96616,21.22905],[105.96705,21.22722],[105.96709,21.22711],[105.96775,21.22526],[105.96933,21.22458],[105.9748,21.22279],[105.97719,21.22288],[105.97832,21.22344],[105.97833,21.22346],[105.9793,21.22639],[105.97952,21.22788],[105.9802,21.23075],[105.98159,21.23251],[105.98198,21.23265],[105.98343,21.23317],[105.98742,21.23434],[105.98972,21.23499],[105.991,21.23632],[105.99157,21.23823],[105.99149,21.24053],[105.99107,21.24185],[105.99089,21.24244],[105.98931,21.24477],[105.98867,21.24571],[105.98854,21.246],[105.98756,21.24825],[105.98701,21.25002],[105.98687,21.25222],[105.98715,21.25528],[105.99148,21.26176],[105.99239,21.26306],[105.98985,21.26492],[105.98887,21.2656],[105.98778,21.26607],[105.98639,21.26646],[105.98417,21.26798],[105.98476,21.27204],[105.98495,21.27262],[105.98507,21.27298],[105.98532,21.27364],[105.98616,21.27461],[105.98782,21.27654],[105.98846,21.28048],[105.98881,21.28273],[105.98883,21.28401],[105.98806,21.29152],[105.9879,21.2923],[105.98782,21.29272],[105.98755,21.29403],[105.98736,21.29488],[105.98667,21.29781],[105.98603,21.2987],[105.98571,21.29898],[105.9849,21.29959],[105.98421,21.30003],[105.98378,21.30015],[105.98182,21.29994],[105.97951,21.30041],[105.97793,21.30508],[105.97877,21.30755],[105.97895,21.3092],[105.97862,21.31134],[105.9772,21.31266],[105.97649,21.31272],[105.96667,21.31468],[105.96629,21.31485],[105.96733,21.31673],[105.9676,21.3172],[105.96772,21.31739],[105.96777,21.31749],[105.96693,21.31802]]]},"properties":{"commune_code":"07870","commune_name":"Xã Xuân Cẩm","commune_kind":"XA","province_code":"24","province_name":"Tỉnh Bắc Ninh","area_km2":54.32,"valid_from":"16/6/2025","published":"13/07/2025","area_km2_geom":54.795475839621176,"quality_flag":null,"population":73763.0,"population_wp":74245.93198123947,"anchor_ratio":0.9934955092036356,"pop_source":"WORLDPOP2025_ANCHORED_VNSDI","pop_density_ppkm2":1346.1512811001799,"n_stations":2,"n_ports":6,"power_kw_site":79.0,"ports_per_10k_pop":0.8134159402410422,"util_mean_port_weighted":0.09105213732620514,"dist_station_m_pop_weighted":4192.870893718999}},{"type":"Feature","geometry":{"type":"Polygon","coordinates":[[[106.08145,21.21062],[106.07854,21.21106],[106.07676,21.21016],[106.07124,21.20594],[106.06981,21.20668],[106.06878,21.20556],[106.0682,21.20492],[106.0679,21.20458],[106.06783,21.20448],[106.06515,21.19855],[106.06633,21.19751],[106.06888,21.19528],[106.06936,21.19488],[106.06956,21.19471],[106.07003,21.19432],[106.07517,21.18956],[106.07992,21.18515],[106.0802,21.18414],[106.0783,21.18198],[106.07948,21.18103],[106.0795,21.18102],[106.07975,21.18088],[106.07977,21.18087],[106.08024,21.18073],[106.08197,21.18043],[106.08549,21.17953],[106.08855,21.17794],[106.09288,21.17514],[106.09589,21.17314],[106.09617,21.17295],[106.10023,21.176],[106.10215,21.17936],[106.10246,21.18189],[106.10598,21.18196],[106.10827,21.1817],[106.11154,21.17939],[106.11278,21.18174],[106.11533,21.18735],[106.11587,21.18892],[106.11669,21.19161],[106.11739,21.19222],[106.11859,21.19303],[106.11929,21.19346],[106.11974,21.19368],[106.12075,21.19337],[106.12105,21.19329],[106.12158,21.19487],[106.1219,21.19586],[106.12204,21.1972],[106.12213,21.1981],[106.12189,21.19807],[106.1213,21.19793],[106.12102,21.19799],[106.11962,21.19828],[106.11652,21.20007],[106.11158,21.20091],[106.10389,21.20187],[106.09951,21.20277],[106.09666,21.20335],[106.08883,21.2056],[106.08685,21.20676],[106.08624,21.20774],[106.0862,21.20778],[106.08595,21.2081],[106.08579,21.20831],[106.08565,21.20857],[106.08557,21.20887],[106.08552,21.20917],[106.08551,21.20948],[106.08497,21.20977],[106.08145,21.21062]]]},"properties":{"commune_code":"09169","commune_name":"Phường Vũ Ninh","commune_kind":"PHUONG","province_code":"24","province_name":"Tỉnh Bắc Ninh","area_km2":13.43,"valid_from":"16/6/2025","published":"13/07/2025","area_km2_geom":13.328147559675317,"quality_flag":null,"population":45480.0,"population_wp":50425.4775869865,"anchor_ratio":0.9019250223568969,"pop_source":"WORLDPOP2025_ANCHORED_VNSDI","pop_density_ppkm2":3412.32716672503,"n_stations":4,"n_ports":10,"power_kw_site":189.0,"ports_per_10k_pop":2.198768689533861,"util_mean_port_weighted":0.2895517212859899,"dist_station_m_pop_weighted":1117.333082041778}},{"type":"Feature","geometry":{"type":"Polygon","coordinates":[[[106.05712,21.22741],[106.05473,21.22781],[106.0533,21.22782],[106.05141,21.22678],[106.04956,21.22488],[106.04796,21.22245],[106.04414,21.21757],[106.04374,21.21731],[106.04315,21.21632],[106.04277,21.21569],[106.04266,21.2155],[106.04255,21.21407],[106.04243,21.21206],[106.04283,21.21034],[106.04434,21.20746],[106.04621,21.20554],[106.04692,21.20453],[106.04696,21.20353],[106.04674,21.20293],[106.04654,21.20238],[106.04424,21.20139],[106.04287,21.20126],[106.04174,21.20172],[106.04134,21.20189],[106.04117,21.20214],[106.03989,21.20353],[106.03709,21.20829],[106.0356,21.20712],[106.03921,21.20261],[106.03558,21.20016],[106.03453,21.19758],[106.03486,21.19213],[106.03227,21.18713],[106.03521,21.18702],[106.03654,21.18685],[106.03773,21.18513],[106.03774,21.18513],[106.03777,21.18509],[106.03801,21.18434],[106.03818,21.18328],[106.03821,21.18311],[106.03931,21.17971],[106.03946,21.17936],[106.04127,21.17579],[106.0415,21.17583],[106.0446,21.17632],[106.04682,21.17673],[106.04758,21.17674],[106.04982,21.17658],[106.05189,21.17634],[106.05228,21.17618],[106.05299,21.17585],[106.05626,21.17288],[106.06355,21.17332],[106.06674,21.17239],[106.0679,21.17524],[106.06814,21.1782],[106.06926,21.18048],[106.06935,21.18058],[106.06942,21.18063],[106.06989,21.18079],[106.07019,21.18008],[106.07081,21.17855],[106.07514,21.17826],[106.0783,21.18198],[106.0802,21.18414],[106.07992,21.18515],[106.07517,21.18956],[106.07003,21.19432],[106.06956,21.19471],[106.06936,21.19488],[106.06888,21.19528],[106.06633,21.19751],[106.06515,21.19855],[106.06783,21.20448],[106.0679,21.20458],[106.0682,21.20492],[106.06878,21.20556],[106.06981,21.20668],[106.07124,21.20594],[106.07676,21.21016],[106.07854,21.21106],[106.08145,21.21062],[106.08497,21.20977],[106.08551,21.20948],[106.08552,21.20917],[106.08557,21.20887],[106.08565,21.20857],[106.08579,21.20831],[106.08595,21.2081],[106.0862,21.20778],[106.08624,21.20774],[106.08589,21.2083],[106.08565,21.20926],[106.08565,21.21031],[106.08736,21.21326],[106.08736,21.21431],[106.08671,21.21537],[106.08651,21.21565],[106.0852,21.21748],[106.08353,21.21955],[106.0818,21.22004],[106.08073,21.22014],[106.07914,21.21953],[106.0773,21.21806],[106.07631,21.21718],[106.07607,21.21697],[106.07479,21.21664],[106.07404,21.21677],[106.07367,21.21684],[106.07205,21.21828],[106.06967,21.22126],[106.06673,21.22367],[106.06367,21.22539],[106.06277,21.2259],[106.06237,21.22601],[106.05712,21.22741]]]},"properties":{"commune_code":"09187","commune_name":"Phường Kinh Bắc","commune_kind":"PHUONG","province_code":"24","province_name":"Tỉnh Bắc Ninh","area_km2":19.95,"valid_from":"16/6/2025","published":"13/07/2025","area_km2_geom":19.699129627543044,"quality_flag":null,"population":84275.0,"population_wp":95748.90112229809,"anchor_ratio":0.8801667592232446,"pop_source":"WORLDPOP2025_ANCHORED_VNSDI","pop_density_ppkm2":4278.1077942737065,"n_stations":5,"n_ports":22,"power_kw_site":392.0,"ports_per_10k_pop":2.6105013349154556,"util_mean_port_weighted":0.2474406832406799,"dist_station_m_pop_weighted":1052.9834903619428}},{"type":"Feature","geometry":{"type":"Polygon","coordinates":[[[106.03227,21.18713],[106.02172,21.18817],[106.01952,21.1746],[106.02273,21.17312],[106.02434,21.17238],[106.02474,21.17219],[106.02619,21.17126],[106.02815,21.16835],[106.02685,21.16504],[106.02537,21.16239],[106.02594,21.16137],[106.03322,21.15478],[106.03375,21.14934],[106.03644,21.14827],[106.0386,21.1493],[106.04046,21.14801],[106.0409,21.1477],[106.04739,21.14965],[106.0488,21.14802],[106.04772,21.14731],[106.04898,21.14801],[106.04901,21.14803],[106.04903,21.14804],[106.04904,21.14806],[106.04906,21.14808],[106.04907,21.14809],[106.04909,21.14811],[106.0491,21.14814],[106.04912,21.14817],[106.04914,21.1482],[106.04916,21.14825],[106.04919,21.14831],[106.04993,21.15008],[106.04984,21.15092],[106.05017,21.1516],[106.05095,21.15261],[106.05171,21.15354],[106.05385,21.15571],[106.05397,21.15559],[106.05508,21.15435],[106.05867,21.15254],[106.05983,21.15333],[106.05993,21.1534],[106.06249,21.15517],[106.06408,21.15629],[106.06367,21.15787],[106.06382,21.15869],[106.06622,21.15935],[106.06625,21.15936],[106.06637,21.15939],[106.06762,21.15973],[106.06773,21.15976],[106.06935,21.15929],[106.07157,21.15904],[106.07187,21.1591],[106.07327,21.15953],[106.07357,21.15964],[106.075,21.16039],[106.07554,21.1607],[106.07575,21.16084],[106.0806,21.16156],[106.09378,21.16724],[106.09509,21.16879],[106.09506,21.16946],[106.09503,21.16996],[106.09497,21.17139],[106.09521,21.17218],[106.09563,21.17276],[106.09617,21.17295],[106.09589,21.17314],[106.09288,21.17514],[106.08855,21.17794],[106.08549,21.17953],[106.08197,21.18043],[106.08024,21.18073],[106.07977,21.18087],[106.07975,21.18088],[106.0795,21.18102],[106.07948,21.18103],[106.0783,21.18198],[106.07514,21.17826],[106.07081,21.17855],[106.07019,21.18008],[106.06989,21.18079],[106.06942,21.18063],[106.06935,21.18058],[106.06926,21.18048],[106.06814,21.1782],[106.0679,21.17524],[106.06674,21.17239],[106.06355,21.17332],[106.05626,21.17288],[106.05299,21.17585],[106.05228,21.17618],[106.05189,21.17634],[106.04982,21.17658],[106.04758,21.17674],[106.04682,21.17673],[106.0446,21.17632],[106.0415,21.17583],[106.04127,21.17579],[106.03946,21.17936],[106.03931,21.17971],[106.03821,21.18311],[106.03818,21.18328],[106.03801,21.18434],[106.03777,21.18509],[106.03774,21.18513],[106.03773,21.18513],[106.03654,21.18685],[106.03521,21.18702],[106.03227,21.18713]]]},"properties":{"commune_code":"09190","commune_name":"Phường Võ Cường","commune_kind":"PHUONG","province_code":"24","province_name":"Tỉnh Bắc Ninh","area_km2":18.08,"valid_from":"16/6/2025","published":"13/07/2025","area_km2_geom":18.129635564871297,"quality_flag":null,"population":67255.0,"population_wp":93115.01090592146,"anchor_ratio":0.7222788178369107,"pop_source":"WORLDPOP2025_ANCHORED_VNSDI","pop_density_ppkm2":3709.6719213879824,"n_stations":15,"n_ports":109,"power_kw_site":3598.0,"ports_per_10k_pop":16.20697345922236,"util_mean_port_weighted":0.30790235254804715,"dist_station_m_pop_weighted":918.498835282289}},{"type":"Feature","geometry":{"type":"Polygon","coordinates":[[[105.96403,21.23011],[105.96394,21.23012],[105.96326,21.22687],[105.9636,21.22669],[105.96376,21.2266],[105.96425,21.22617],[105.9631,21.22355],[105.96016,21.22006],[105.95919,21.21871],[105.9588,21.21745],[105.95854,21.21547],[105.95824,21.21383],[105.95665,21.21106],[105.95508,21.2111],[105.95478,21.21172],[105.95466,21.21227],[105.95456,21.21359],[105.95304,21.21681],[105.95295,21.21695],[105.95291,21.21701],[105.95283,21.21711],[105.95251,21.21742],[105.9512,21.21837],[105.94535,21.2171],[105.9402,21.21588],[105.93417,21.21444],[105.9341,21.21441],[105.93405,21.21438],[105.93399,21.21434],[105.93395,21.21429],[105.93393,21.21423],[105.93392,21.21417],[105.93393,21.21408],[105.93431,21.21288],[105.93727,21.20982],[105.93787,21.20898],[105.93854,21.20796],[105.93889,21.20738],[105.93988,21.2057],[105.94028,21.2048],[105.94055,21.20401],[105.94039,21.20361],[105.93838,21.19906],[105.93794,21.19807],[105.93694,21.19589],[105.93649,21.1949],[105.93529,21.19105],[105.93523,21.19086],[105.93523,21.19081],[105.93527,21.19075],[105.93534,21.19067],[105.93601,21.19005],[105.93996,21.18673],[105.94144,21.18616],[105.9425,21.18573],[105.94264,21.18568],[105.94307,21.18548],[105.94333,21.18536],[105.94425,21.18491],[105.9445,21.18478],[105.94481,21.1846],[105.94773,21.18259],[105.94977,21.18091],[105.9523,21.17713],[105.95623,21.17684],[105.95867,21.17796],[105.95871,21.17798],[105.95954,21.17786],[105.96431,21.17696],[105.96462,21.17686],[105.96415,21.17303],[105.96367,21.16937],[105.96327,21.1665],[105.96742,21.16269],[105.96903,21.16257],[105.97004,21.16303],[105.97146,21.1641],[105.97272,21.16552],[105.97311,21.16649],[105.9734,21.16909],[105.97794,21.17203],[105.98457,21.17822],[105.98467,21.17825],[105.98519,21.17814],[105.98521,21.17813],[105.98683,21.17693],[105.98746,21.17669],[105.98868,21.1771],[105.99126,21.17834],[105.99208,21.17907],[105.99244,21.17941],[105.99411,21.18091],[105.99451,21.18122],[105.99858,21.1838],[106.00477,21.18356],[106.00528,21.18353],[106.00453,21.18676],[106.00438,21.18868],[106.00521,21.19091],[106.00618,21.1943],[106.00635,21.19711],[106.00454,21.19823],[106.00362,21.19881],[106.00499,21.20083],[106.00625,21.20181],[106.00401,21.20401],[106.00003,21.20239],[105.99999,21.20231],[105.99952,21.20119],[105.99949,21.20112],[105.99854,21.19873],[105.9971,21.19617],[105.99383,21.19734],[105.9936,21.1979],[105.99367,21.19815],[105.99415,21.19989],[105.99412,21.1999],[105.99364,21.20003],[105.99286,21.20014],[105.98908,21.20066],[105.98673,21.19993],[105.98533,21.20013],[105.98213,21.20654],[105.98052,21.21541],[105.979,21.22269],[105.97833,21.22346],[105.97832,21.22344],[105.97719,21.22288],[105.9748,21.22279],[105.96933,21.22458],[105.96775,21.22526],[105.96709,21.22711],[105.96705,21.22722],[105.96616,21.22905],[105.9661,21.22919],[105.96493,21.23001],[105.96403,21.23011]]]},"properties":{"commune_code":"09193","commune_name":"Xã Yên Phong","commune_kind":"XA","province_code":"24","province_name":"Tỉnh Bắc Ninh","area_km2":27.89,"valid_from":"16/6/2025","published":"13/07/2025","area_km2_geom":27.848669390903773,"quality_flag":null,"population":63489.00000000001,"population_wp":70501.4349670969,"anchor_ratio":0.90053486187381,"pop_source":"WORLDPOP2025_ANCHORED_VNSDI","pop_density_ppkm2":2279.7857631480756,"n_stations":3,"n_ports":54,"power_kw_site":1508.0,"ports_per_10k_pop":8.505410386051127,"util_mean_port_weighted":0.33139246300303954,"dist_station_m_pop_weighted":1925.5230346273438}},{"type":"Feature","geometry":{"type":"Polygon","coordinates":[[[105.93595,21.24522],[105.93528,21.24539],[105.93494,21.24539],[105.93433,21.2454],[105.93406,21.24532],[105.93343,21.24515],[105.93118,21.24154],[105.92811,21.23947],[105.9252,21.23734],[105.92119,21.23412],[105.92062,21.23193],[105.9184,21.23149],[105.9154,21.23194],[105.90738,21.23127],[105.90675,21.23078],[105.90374,21.22616],[105.90374,21.22591],[105.90377,21.22365],[105.90454,21.22246],[105.90594,21.22254],[105.90771,21.22351],[105.90838,21.22389],[105.90879,21.22412],[105.90884,21.22413],[105.90987,21.22454],[105.91045,21.22431],[105.91202,21.22224],[105.91411,21.21911],[105.91525,21.21655],[105.91535,21.2157],[105.91562,21.21098],[105.91561,21.20978],[105.91557,21.20899],[105.91448,21.20829],[105.91122,21.20787],[105.91019,21.20756],[105.90993,21.20717],[105.91005,21.2063],[105.91059,21.20555],[105.91187,21.20445],[105.91252,21.20411],[105.91309,21.20381],[105.91315,21.20367],[105.91306,21.20246],[105.91267,21.20218],[105.91156,21.20154],[105.91101,21.20124],[105.90983,21.20082],[105.90952,21.20079],[105.90862,21.20071],[105.90841,21.20076],[105.90709,21.19806],[105.90709,21.19798],[105.90693,21.19472],[105.90693,21.19291],[105.91282,21.19169],[105.91625,21.19293],[105.91825,21.1941],[105.92432,21.20596],[105.92465,21.20884],[105.9279,21.2118],[105.92807,21.21194],[105.92819,21.21201],[105.92839,21.2121],[105.9288,21.21217],[105.92889,21.21218],[105.93037,21.21149],[105.93727,21.20982],[105.93431,21.21288],[105.93393,21.21408],[105.93392,21.21417],[105.93393,21.21423],[105.93395,21.21429],[105.93399,21.21434],[105.93405,21.21438],[105.9341,21.21441],[105.93417,21.21444],[105.9402,21.21588],[105.94535,21.2171],[105.9512,21.21837],[105.95251,21.21742],[105.95283,21.21711],[105.95291,21.21701],[105.95295,21.21695],[105.95304,21.21681],[105.95456,21.21359],[105.95466,21.21227],[105.95478,21.21172],[105.95508,21.2111],[105.95665,21.21106],[105.95824,21.21383],[105.95854,21.21547],[105.9588,21.21745],[105.95919,21.21871],[105.96016,21.22006],[105.9631,21.22355],[105.96425,21.22617],[105.96376,21.2266],[105.9636,21.22669],[105.96326,21.22687],[105.96394,21.23012],[105.96315,21.23021],[105.96182,21.23022],[105.96044,21.22936],[105.96023,21.22881],[105.95997,21.22812],[105.9592,21.22693],[105.95838,21.22665],[105.95785,21.22678],[105.95756,21.22685],[105.95716,21.22694],[105.95694,21.22715],[105.95669,21.22739],[105.9562,21.22786],[105.95558,21.23003],[105.95555,21.23013],[105.9552,21.23135],[105.95409,21.23308],[105.95307,21.2339],[105.95119,21.23468],[105.94976,21.23473],[105.94808,21.23426],[105.94634,21.23346],[105.94491,21.2328],[105.94432,21.2328],[105.94389,21.2328],[105.9419,21.23301],[105.93789,21.23528],[105.93556,21.23749],[105.93555,21.23756],[105.93551,21.23887],[105.93577,21.23985],[105.93604,21.24083],[105.93712,21.24269],[105.93781,21.24367],[105.93595,21.24522]]]},"properties":{"commune_code":"09202","commune_name":"Xã Tam Giang","commune_kind":"XA","province_code":"24","province_name":"Tỉnh Bắc Ninh","area_km2":14.93,"valid_from":"16/6/2025","published":"13/07/2025","area_km2_geom":14.87786325607309,"quality_flag":null,"population":25590.0,"population_wp":30464.45852334425,"anchor_ratio":0.8399952351160597,"pop_source":"WORLDPOP2025_ANCHORED_VNSDI","pop_density_ppkm2":1720.0050544592991,"n_stations":4,"n_ports":16,"power_kw_site":363.5,"ports_per_10k_pop":6.252442360296991,"util_mean_port_weighted":0.16335422981537615,"dist_station_m_pop_weighted":2224.409767159658}},{"type":"Feature","geometry":{"type":"Polygon","coordinates":[[[105.99693,21.26172],[105.99577,21.2634],[105.99239,21.26306],[105.99148,21.26176],[105.98715,21.25528],[105.98687,21.25222],[105.98701,21.25002],[105.98756,21.24825],[105.98854,21.246],[105.98867,21.24571],[105.98931,21.24477],[105.99089,21.24244],[105.99107,21.24185],[105.99149,21.24053],[105.99157,21.23823],[105.991,21.23632],[105.98972,21.23499],[105.98742,21.23434],[105.98343,21.23317],[105.98198,21.23265],[105.98159,21.23251],[105.9802,21.23075],[105.97952,21.22788],[105.9793,21.22639],[105.97833,21.22346],[105.979,21.22269],[105.98052,21.21541],[105.98213,21.20654],[105.98533,21.20013],[105.98673,21.19993],[105.98908,21.20066],[105.99286,21.20014],[105.99364,21.20003],[105.99412,21.1999],[105.99415,21.19989],[105.99367,21.19815],[105.9936,21.1979],[105.99383,21.19734],[105.9971,21.19617],[105.99854,21.19873],[105.99949,21.20112],[105.99952,21.20119],[105.99999,21.20231],[106.00003,21.20239],[106.00401,21.20401],[106.00625,21.20181],[106.00625,21.20201],[106.00621,21.20255],[106.00599,21.20297],[106.00493,21.20402],[106.00371,21.20505],[106.00364,21.20511],[106.00361,21.20516],[106.00358,21.20525],[106.00355,21.20554],[106.00317,21.20925],[106.00315,21.20941],[106.00316,21.20968],[106.0033,21.21316],[106.00398,21.21342],[106.00647,21.21377],[106.00873,21.21407],[106.00931,21.21417],[106.00949,21.21422],[106.00957,21.21427],[106.0113,21.21555],[106.01147,21.21637],[106.01163,21.21726],[106.01102,21.21967],[106.01002,21.22204],[106.00833,21.2269],[106.00781,21.23126],[106.00929,21.23299],[106.00987,21.23469],[106.00986,21.23981],[106.01004,21.24247],[106.01008,21.24295],[106.01014,21.24357],[106.0102,21.24411],[106.01028,21.24465],[106.01046,21.24487],[106.01505,21.24901],[106.02166,21.24759],[106.02348,21.24786],[106.02696,21.25091],[106.02734,21.25137],[106.0265,21.25194],[106.02542,21.25245],[106.02228,21.25392],[106.0116,21.2581],[106.00976,21.2584],[106.00711,21.25841],[106.00367,21.25784],[106.00297,21.25772],[106.00124,21.25802],[105.99911,21.25894],[105.99898,21.2591],[105.99693,21.26172]]]},"properties":{"commune_code":"09205","commune_name":"Xã Yên Trung","commune_kind":"XA","province_code":"24","province_name":"Tỉnh Bắc Ninh","area_km2":18.34,"valid_from":"16/6/2025","published":"13/07/2025","area_km2_geom":17.84265222100273,"quality_flag":null,"population":36329.0,"population_wp":36885.82289100066,"anchor_ratio":0.9849041488745934,"pop_source":"WORLDPOP2025_ANCHORED_VNSDI","pop_density_ppkm2":2036.076226225877,"n_stations":6,"n_ports":20,"power_kw_site":356.9,"ports_per_10k_pop":5.505243744666795,"util_mean_port_weighted":0.2500509035212223,"dist_station_m_pop_weighted":1629.582752217251}},{"type":"Feature","geometry":{"type":"Polygon","coordinates":[[[106.02937,21.25001],[106.02734,21.25137],[106.02696,21.25091],[106.02348,21.24786],[106.02166,21.24759],[106.01505,21.24901],[106.01046,21.24487],[106.01028,21.24465],[106.0102,21.24411],[106.01014,21.24357],[106.01008,21.24295],[106.01004,21.24247],[106.00986,21.23981],[106.00987,21.23469],[106.00929,21.23299],[106.00781,21.23126],[106.00833,21.2269],[106.01002,21.22204],[106.01102,21.21967],[106.01163,21.21726],[106.01147,21.21637],[106.0113,21.21555],[106.00957,21.21427],[106.00949,21.21422],[106.00931,21.21417],[106.00873,21.21407],[106.00647,21.21377],[106.00398,21.21342],[106.0033,21.21316],[106.00316,21.20968],[106.00315,21.20941],[106.00317,21.20925],[106.00355,21.20554],[106.00358,21.20525],[106.00361,21.20516],[106.00364,21.20511],[106.00371,21.20505],[106.00493,21.20402],[106.00599,21.20297],[106.00621,21.20255],[106.00625,21.20201],[106.00625,21.20181],[106.00499,21.20083],[106.00362,21.19881],[106.00454,21.19823],[106.00635,21.19711],[106.00618,21.1943],[106.00521,21.19091],[106.00438,21.18868],[106.00453,21.18676],[106.00528,21.18353],[106.00793,21.18228],[106.01811,21.17603],[106.01952,21.1746],[106.02172,21.18817],[106.03227,21.18713],[106.03486,21.19213],[106.03453,21.19758],[106.03558,21.20016],[106.03921,21.20261],[106.0356,21.20712],[106.03709,21.20829],[106.03989,21.20353],[106.04117,21.20214],[106.03821,21.20659],[106.03569,21.21058],[106.03435,21.21522],[106.03429,21.22144],[106.03485,21.22798],[106.03433,21.23189],[106.03431,21.232],[106.03357,21.23583],[106.03411,21.24018],[106.03448,21.24161],[106.03465,21.2419],[106.03577,21.2439],[106.03588,21.24471],[106.03558,21.24557],[106.03355,21.24721],[106.02937,21.25001]]]},"properties":{"commune_code":"09208","commune_name":"Xã Tam Đa","commune_kind":"XA","province_code":"24","province_name":"Tỉnh Bắc Ninh","area_km2":20.52,"valid_from":"16/6/2025","published":"13/07/2025","area_km2_geom":20.60127295767757,"quality_flag":null,"population":36730.0,"population_wp":42549.934765547514,"anchor_ratio":0.8632210649060762,"pop_source":"WORLDPOP2025_ANCHORED_VNSDI","pop_density_ppkm2":1782.8995361333566,"n_stations":5,"n_ports":48,"power_kw_site":1705.0,"ports_per_10k_pop":13.068336509665125,"util_mean_port_weighted":0.15850242926949895,"dist_station_m_pop_weighted":2401.6451653818367}},{"type":"Feature","geometry":{"type":"Polygon","coordinates":[[[105.93037,21.21149],[105.92889,21.21218],[105.9288,21.21217],[105.92839,21.2121],[105.92819,21.21201],[105.92807,21.21194],[105.9279,21.2118],[105.92465,21.20884],[105.92432,21.20596],[105.91825,21.1941],[105.91625,21.19293],[105.91282,21.19169],[105.91621,21.18703],[105.9193,21.18483],[105.92037,21.18432],[105.92236,21.18338],[105.92103,21.17933],[105.91904,21.17683],[105.91819,21.17317],[105.91784,21.17164],[105.91717,21.16774],[105.91781,21.16522],[105.91862,21.16397],[105.91983,21.16357],[105.92293,21.16376],[105.92492,21.16428],[105.93419,21.16443],[105.93704,21.16434],[105.93768,21.16432],[105.94922,21.16233],[105.95102,21.15911],[105.94953,21.15656],[105.95359,21.15629],[105.95373,21.15628],[105.95771,21.1569],[105.95753,21.16433],[105.95988,21.16539],[105.9625,21.1665],[105.96327,21.1665],[105.96367,21.16937],[105.96415,21.17303],[105.96462,21.17686],[105.96431,21.17696],[105.95954,21.17786],[105.95871,21.17798],[105.95867,21.17796],[105.95623,21.17684],[105.9523,21.17713],[105.94977,21.18091],[105.94773,21.18259],[105.94481,21.1846],[105.9445,21.18478],[105.94425,21.18491],[105.94333,21.18536],[105.94307,21.18548],[105.94264,21.18568],[105.9425,21.18573],[105.94144,21.18616],[105.93996,21.18673],[105.93601,21.19005],[105.93534,21.19067],[105.93527,21.19075],[105.93523,21.19081],[105.93523,21.19086],[105.93529,21.19105],[105.93649,21.1949],[105.93694,21.19589],[105.93794,21.19807],[105.93838,21.19906],[105.94039,21.20361],[105.94055,21.20401],[105.94028,21.2048],[105.93988,21.2057],[105.93889,21.20738],[105.93854,21.20796],[105.93787,21.20898],[105.93727,21.20982],[105.93037,21.21149]]]},"properties":{"commune_code":"09238","commune_name":"Xã Văn Môn","commune_kind":"XA","province_code":"24","province_name":"Tỉnh Bắc Ninh","area_km2":15.26,"valid_from":"16/6/2025","published":"13/07/2025","area_km2_geom":15.516449105801199,"quality_flag":null,"population":37449.0,"population_wp":57741.849401310086,"anchor_ratio":0.64855906744044,"pop_source":"WORLDPOP2025_ANCHORED_VNSDI","pop_density_ppkm2":2413.503227745502,"n_stations":5,"n_ports":12,"power_kw_site":357.0,"ports_per_10k_pop":3.204357926780421,"util_mean_port_weighted":0.25546036006458683,"dist_station_m_pop_weighted":1312.7574952290806}},{"type":"Feature","geometry":{"type":"Polygon","coordinates":[[[106.1696,21.18255],[106.16812,21.18549],[106.16706,21.185],[106.16796,21.18259],[106.16375,21.17787],[106.16375,21.17787],[106.16374,21.17787],[106.16374,21.17786],[106.16329,21.17748],[106.1624,21.17675],[106.16218,21.17658],[106.16002,21.17573],[106.15489,21.17492],[106.15447,21.17472],[106.15323,21.17385],[106.15204,21.17302],[106.15136,21.17253],[106.15079,21.17212],[106.14808,21.17004],[106.14781,21.16983],[106.14795,21.16934],[106.14795,21.16934],[106.14949,21.16417],[106.14853,21.15995],[106.14696,21.15406],[106.1487,21.151],[106.15195,21.14671],[106.15305,21.14116],[106.15682,21.14147],[106.15771,21.14139],[106.15787,21.14094],[106.15802,21.14049],[106.15815,21.13977],[106.15826,21.13889],[106.15837,21.13782],[106.16148,21.13749],[106.16701,21.13738],[106.17384,21.13441],[106.17719,21.13151],[106.1806,21.13249],[106.18387,21.13511],[106.18605,21.1362],[106.18811,21.13679],[106.18998,21.13715],[106.19363,21.138],[106.19502,21.13904],[106.19566,21.14014],[106.19707,21.14425],[106.19545,21.14625],[106.19026,21.14975],[106.18632,21.15243],[106.18641,21.1527],[106.1885,21.15803],[106.19,21.16065],[106.19222,21.16276],[106.19777,21.16889],[106.19814,21.16944],[106.19911,21.17079],[106.20019,21.17108],[106.20294,21.1717],[106.20867,21.17041],[106.21679,21.1679],[106.2202,21.17105],[106.22123,21.17236],[106.22175,21.17337],[106.22176,21.17434],[106.22176,21.17451],[106.22114,21.17554],[106.221,21.17577],[106.21954,21.17643],[106.21725,21.17663],[106.21568,21.17648],[106.21317,21.17624],[106.21228,21.17625],[106.21037,21.17626],[106.20573,21.178],[106.19821,21.18179],[106.19437,21.18223],[106.19339,21.18201],[106.19105,21.18149],[106.18865,21.1806],[106.18757,21.17936],[106.18688,21.17781],[106.18667,21.17736],[106.18648,21.17693],[106.1852,21.17603],[106.18342,21.17605],[106.17939,21.17669],[106.17264,21.17975],[106.17092,21.18086],[106.1696,21.18255]]]},"properties":{"commune_code":"09247","commune_name":"Phường Quế Võ","commune_kind":"PHUONG","province_code":"24","province_name":"Tỉnh Bắc Ninh","area_km2":23.51,"valid_from":"16/6/2025","published":"13/07/2025","area_km2_geom":23.039050871555585,"quality_flag":null,"population":40194.0,"population_wp":48568.830812208354,"anchor_ratio":0.8275677904500176,"pop_source":"WORLDPOP2025_ANCHORED_VNSDI","pop_density_ppkm2":1744.6031185956629,"n_stations":0,"n_ports":0,"power_kw_site":0.0,"ports_per_10k_pop":0.0,"util_mean_port_weighted":null,"dist_station_m_pop_weighted":2471.7174079038637}},{"type":"Feature","geometry":{"type":"Polygon","coordinates":[[[106.1355,21.21572],[106.13301,21.21593],[106.13158,21.21574],[106.12969,21.21518],[106.12779,21.21391],[106.1263,21.21215],[106.1254,21.2109],[106.12527,21.21072],[106.1249,21.2091],[106.12463,21.20738],[106.12491,21.20312],[106.12473,21.20073],[106.12396,21.19916],[106.12268,21.19826],[106.12189,21.19807],[106.12213,21.1981],[106.12204,21.1972],[106.1219,21.19586],[106.12158,21.19487],[106.12105,21.19329],[106.12075,21.19337],[106.11974,21.19368],[106.11929,21.19346],[106.11859,21.19303],[106.11739,21.19222],[106.11669,21.19161],[106.11587,21.18892],[106.11533,21.18735],[106.11278,21.18174],[106.11154,21.17939],[106.11177,21.17737],[106.11186,21.177],[106.11206,21.17615],[106.11218,21.17568],[106.11241,21.17475],[106.11513,21.17095],[106.11867,21.16988],[106.12148,21.17132],[106.13104,21.17178],[106.13099,21.17199],[106.13099,21.17212],[106.13101,21.17223],[106.1311,21.17262],[106.13124,21.17311],[106.1313,21.17328],[106.13388,21.17328],[106.13937,21.17308],[106.14539,21.17199],[106.1473,21.17063],[106.14795,21.16934],[106.14795,21.16934],[106.14781,21.16983],[106.14808,21.17004],[106.15079,21.17212],[106.15136,21.17253],[106.15204,21.17302],[106.15323,21.17385],[106.15447,21.17472],[106.15489,21.17492],[106.16002,21.17573],[106.16218,21.17658],[106.1624,21.17675],[106.16329,21.17748],[106.16374,21.17786],[106.16374,21.17787],[106.16375,21.17787],[106.16375,21.17787],[106.16796,21.18259],[106.16706,21.185],[106.16812,21.18549],[106.16714,21.18744],[106.15419,21.20651],[106.15177,21.20978],[106.15064,21.2108],[106.15024,21.21117],[106.14949,21.21185],[106.14355,21.21404],[106.1355,21.21572]]]},"properties":{"commune_code":"09253","commune_name":"Phường Nhân Hòa","commune_kind":"PHUONG","province_code":"24","province_name":"Tỉnh Bắc Ninh","area_km2":20.3,"valid_from":"16/6/2025","published":"13/07/2025","area_km2_geom":19.87803335003685,"quality_flag":null,"population":30909.0,"population_wp":32019.813266839832,"anchor_ratio":0.9653085651192661,"pop_source":"WORLDPOP2025_ANCHORED_VNSDI","pop_density_ppkm2":1554.9324953689495,"n_stations":1,"n_ports":6,"power_kw_site":160.0,"ports_per_10k_pop":1.9411821799475881,"util_mean_port_weighted":0.2549101132493862,"dist_station_m_pop_weighted":2274.399355135019}},{"type":"Feature","geometry":{"type":"Polygon","coordinates":[[[106.10827,21.1817],[106.10598,21.18196],[106.10246,21.18189],[106.10215,21.17936],[106.10023,21.176],[106.09617,21.17295],[106.09777,21.17153],[106.09926,21.17128],[106.10081,21.17097],[106.10147,21.16978],[106.105,21.16728],[106.10623,21.16686],[106.10755,21.16847],[106.11234,21.16512],[106.11208,21.16479],[106.11194,21.1646],[106.11069,21.16299],[106.11773,21.15464],[106.12077,21.15198],[106.12688,21.14914],[106.13264,21.14587],[106.13425,21.1406],[106.13859,21.13772],[106.14374,21.13747],[106.1454,21.13765],[106.14542,21.1376],[106.14563,21.13663],[106.14599,21.13489],[106.1461,21.13429],[106.14612,21.13392],[106.14964,21.13429],[106.1539,21.13761],[106.15305,21.14116],[106.15195,21.14671],[106.1487,21.151],[106.14696,21.15406],[106.14853,21.15995],[106.14949,21.16417],[106.14795,21.16934],[106.1473,21.17063],[106.14539,21.17199],[106.13937,21.17308],[106.13388,21.17328],[106.1313,21.17328],[106.13124,21.17311],[106.1311,21.17262],[106.13101,21.17223],[106.13099,21.17212],[106.13099,21.17199],[106.13104,21.17178],[106.12148,21.17132],[106.11867,21.16988],[106.11513,21.17095],[106.11241,21.17475],[106.11218,21.17568],[106.11206,21.17615],[106.11186,21.177],[106.11177,21.17737],[106.11154,21.17939],[106.10827,21.1817]]]},"properties":{"commune_code":"09265","commune_name":"Phường Phương Liễu","commune_kind":"PHUONG","province_code":"24","province_name":"Tỉnh Bắc Ninh","area_km2":13.37,"valid_from":"16/6/2025","published":"13/07/2025","area_km2_geom":13.385325131651422,"quality_flag":null,"population":42255.0,"population_wp":39464.31847533956,"anchor_ratio":1.0707140432794824,"pop_source":"WORLDPOP2025_ANCHORED_VNSDI","pop_density_ppkm2":3156.8153619281393,"n_stations":5,"n_ports":62,"power_kw_site":1523.5,"ports_per_10k_pop":14.67281978464087,"util_mean_port_weighted":0.37909577299197744,"dist_station_m_pop_weighted":1150.1594195901766}},{"type":"Feature","geometry":{"type":"Polygon","coordinates":[[[106.09777,21.17153],[106.09617,21.17295],[106.09563,21.17276],[106.09521,21.17218],[106.09497,21.17139],[106.09503,21.16996],[106.09506,21.16946],[106.09509,21.16879],[106.09378,21.16724],[106.0806,21.16156],[106.07575,21.16084],[106.07487,21.15902],[106.07467,21.15817],[106.07441,21.15637],[106.07621,21.15183],[106.0768,21.15037],[106.07686,21.15022],[106.07791,21.14945],[106.07813,21.14953],[106.07906,21.14986],[106.07911,21.14988],[106.07918,21.14991],[106.07934,21.14968],[106.07943,21.14955],[106.07953,21.1494],[106.07992,21.14883],[106.08007,21.14861],[106.08096,21.14728],[106.08129,21.14669],[106.08377,21.142],[106.0864,21.13564],[106.08701,21.13176],[106.08775,21.13148],[106.0915,21.13007],[106.10313,21.12527],[106.1068,21.12612],[106.106,21.1294],[106.10547,21.13158],[106.10541,21.13192],[106.11287,21.13289],[106.11397,21.133],[106.11868,21.13323],[106.12178,21.13032],[106.12307,21.12895],[106.12591,21.12621],[106.12688,21.12659],[106.12888,21.12737],[106.129,21.12742],[106.12893,21.12756],[106.12798,21.12919],[106.13208,21.13526],[106.13392,21.13971],[106.13403,21.13998],[106.13411,21.1402],[106.13425,21.1406],[106.13264,21.14587],[106.12688,21.14914],[106.12077,21.15198],[106.11773,21.15464],[106.11069,21.16299],[106.11194,21.1646],[106.11208,21.16479],[106.11234,21.16512],[106.10755,21.16847],[106.10623,21.16686],[106.105,21.16728],[106.10147,21.16978],[106.10081,21.17097],[106.09926,21.17128],[106.09777,21.17153]]]},"properties":{"commune_code":"09286","commune_name":"Phường Nam Sơn","commune_kind":"PHUONG","province_code":"24","province_name":"Tỉnh Bắc Ninh","area_km2":18.53,"valid_from":"16/6/2025","published":"13/07/2025","area_km2_geom":18.54152283073226,"quality_flag":null,"population":43511.0,"population_wp":38489.68951979838,"anchor_ratio":1.1304585862564245,"pop_source":"WORLDPOP2025_ANCHORED_VNSDI","pop_density_ppkm2":2346.6788783864754,"n_stations":3,"n_ports":10,"power_kw_site":200.5,"ports_per_10k_pop":2.298269403139436,"util_mean_port_weighted":0.35807642499044406,"dist_station_m_pop_weighted":1452.4081591603265}},{"type":"Feature","geometry":{"type":"Polygon","coordinates":[[[106.25416,21.1717],[106.25027,21.17226],[106.24536,21.17069],[106.24057,21.16869],[106.2371,21.16603],[106.23653,21.16538],[106.23273,21.16104],[106.2283,21.15677],[106.22491,21.15524],[106.22323,21.15502],[106.21968,21.15456],[106.2131,21.15461],[106.21652,21.14927],[106.21865,21.14777],[106.22153,21.14755],[106.22656,21.14563],[106.2269,21.14548],[106.22902,21.14414],[106.22919,21.14401],[106.22965,21.1435],[106.2302,21.14273],[106.23078,21.1415],[106.2311,21.14107],[106.23162,21.14049],[106.23219,21.14001],[106.23261,21.13974],[106.23501,21.13834],[106.23659,21.13969],[106.23936,21.13802],[106.24036,21.13712],[106.24062,21.13681],[106.24159,21.1352],[106.24478,21.12692],[106.24475,21.12675],[106.24448,21.12538],[106.24427,21.12431],[106.24351,21.12057],[106.2421,21.12066],[106.23813,21.12115],[106.2373,21.12125],[106.23686,21.12108],[106.23589,21.12047],[106.23452,21.11888],[106.23283,21.11577],[106.23281,21.11325],[106.23281,21.11307],[106.23287,21.11098],[106.233,21.11047],[106.24712,21.11441],[106.25584,21.11483],[106.26359,21.11337],[106.26868,21.11159],[106.27679,21.10877],[106.27916,21.10675],[106.28853,21.09874],[106.29216,21.09441],[106.2956,21.09161],[106.29813,21.09064],[106.29966,21.09005],[106.30157,21.08765],[106.30086,21.09009],[106.29981,21.09371],[106.29713,21.10154],[106.29526,21.10622],[106.29506,21.11002],[106.2954,21.11339],[106.29729,21.11814],[106.29928,21.12146],[106.30015,21.12224],[106.29784,21.12436],[106.29284,21.12896],[106.28866,21.13114],[106.28607,21.13184],[106.28217,21.13234],[106.27996,21.13235],[106.27758,21.13173],[106.27609,21.13142],[106.27475,21.1315],[106.27331,21.13219],[106.27183,21.13392],[106.27165,21.13424],[106.27038,21.13649],[106.27006,21.13705],[106.26831,21.14255],[106.26763,21.14394],[106.26705,21.14461],[106.26497,21.147],[106.26213,21.14923],[106.26145,21.14951],[106.25921,21.15045],[106.25737,21.15142],[106.25737,21.15142],[106.25636,21.15262],[106.25563,21.15663],[106.25539,21.15896],[106.25547,21.15941],[106.25566,21.16051],[106.25636,21.16177],[106.25682,21.1626],[106.25786,21.16414],[106.25805,21.16486],[106.25801,21.16611],[106.258,21.16629],[106.25549,21.17049],[106.25515,21.1708],[106.25416,21.1717]]]},"properties":{"commune_code":"09292","commune_name":"Xã Phù Lãng","commune_kind":"XA","province_code":"24","province_name":"Tỉnh Bắc Ninh","area_km2":28.15,"valid_from":"16/6/2025","published":"13/07/2025","area_km2_geom":29.46087021758806,"quality_flag":null,"population":26964.0,"population_wp":28447.974430721253,"anchor_ratio":0.9478354975910449,"pop_source":"WORLDPOP2025_ANCHORED_VNSDI","pop_density_ppkm2":915.2479136173841,"n_stations":0,"n_ports":0,"power_kw_site":0.0,"ports_per_10k_pop":0.0,"util_mean_port_weighted":null,"dist_station_m_pop_weighted":6753.991766508423}},{"type":"Feature","geometry":{"type":"Polygon","coordinates":[[[106.15771,21.14139],[106.15682,21.14147],[106.15305,21.14116],[106.1539,21.13761],[106.14964,21.13429],[106.14612,21.13392],[106.14301,21.13372],[106.14284,21.13106],[106.14158,21.12998],[106.14035,21.12944],[106.1383,21.12911],[106.13127,21.12517],[106.12958,21.12373],[106.13008,21.12027],[106.13372,21.1139],[106.13452,21.1126],[106.13546,21.11132],[106.13935,21.11095],[106.14204,21.11149],[106.14549,21.11235],[106.14734,21.11261],[106.14788,21.11268],[106.14881,21.11267],[106.15004,21.11241],[106.15012,21.11237],[106.15031,21.11225],[106.15044,21.11216],[106.15065,21.11197],[106.15077,21.11181],[106.15082,21.11173],[106.15082,21.11172],[106.15027,21.11098],[106.15041,21.10996],[106.15167,21.1089],[106.1598,21.10984],[106.16218,21.10969],[106.16892,21.10855],[106.16981,21.1084],[106.17509,21.10588],[106.1823,21.10031],[106.18268,21.1001],[106.18694,21.09776],[106.19142,21.09687],[106.19594,21.09684],[106.19641,21.09683],[106.19775,21.09733],[106.19809,21.09746],[106.19705,21.09883],[106.19635,21.09976],[106.19631,21.09987],[106.19491,21.10399],[106.19316,21.10458],[106.1914,21.10477],[106.18886,21.10618],[106.1886,21.10657],[106.18843,21.10764],[106.18794,21.11285],[106.18778,21.1178],[106.18778,21.11784],[106.19026,21.1192],[106.1941,21.12187],[106.1991,21.12953],[106.19782,21.13237],[106.19829,21.13322],[106.19872,21.13397],[106.2003,21.13668],[106.20044,21.1369],[106.19976,21.13975],[106.19502,21.13904],[106.19363,21.138],[106.18998,21.13715],[106.18811,21.13679],[106.18605,21.1362],[106.18387,21.13511],[106.1806,21.13249],[106.17719,21.13151],[106.17384,21.13441],[106.16701,21.13738],[106.16148,21.13749],[106.15837,21.13782],[106.15826,21.13889],[106.15815,21.13977],[106.15802,21.14049],[106.15787,21.14094],[106.15771,21.14139]]]},"properties":{"commune_code":"09295","commune_name":"Phường Bồng Lai","commune_kind":"PHUONG","province_code":"24","province_name":"Tỉnh Bắc Ninh","area_km2":19.76,"valid_from":"16/6/2025","published":"13/07/2025","area_km2_geom":19.77920221805944,"quality_flag":null,"population":25375.0,"population_wp":28378.861458908767,"anchor_ratio":0.8941514456716942,"pop_source":"WORLDPOP2025_ANCHORED_VNSDI","pop_density_ppkm2":1282.9132196662263,"n_stations":2,"n_ports":8,"power_kw_site":330.0,"ports_per_10k_pop":3.1527093596059115,"util_mean_port_weighted":0.5432066953764363,"dist_station_m_pop_weighted":2096.620126500728}},{"type":"Feature","geometry":{"type":"Polygon","coordinates":[[[106.20867,21.17041],[106.20294,21.1717],[106.20019,21.17108],[106.19911,21.17079],[106.19814,21.16944],[106.19777,21.16889],[106.19222,21.16276],[106.19,21.16065],[106.1885,21.15803],[106.18641,21.1527],[106.18632,21.15243],[106.19026,21.14975],[106.19545,21.14625],[106.19707,21.14425],[106.19566,21.14014],[106.19502,21.13904],[106.19976,21.13975],[106.20044,21.1369],[106.2003,21.13668],[106.19872,21.13397],[106.19829,21.13322],[106.19782,21.13237],[106.1991,21.12953],[106.1941,21.12187],[106.19026,21.1192],[106.18778,21.11784],[106.18778,21.1178],[106.18794,21.11285],[106.18843,21.10764],[106.1886,21.10657],[106.18886,21.10618],[106.1914,21.10477],[106.19316,21.10458],[106.19491,21.10399],[106.19631,21.09987],[106.19635,21.09976],[106.19705,21.09883],[106.19809,21.09746],[106.22242,21.10658],[106.233,21.11047],[106.23287,21.11098],[106.23281,21.11307],[106.23281,21.11325],[106.23283,21.11577],[106.23452,21.11888],[106.23589,21.12047],[106.23686,21.12108],[106.2373,21.12125],[106.23813,21.12115],[106.2421,21.12066],[106.24351,21.12057],[106.24427,21.12431],[106.24448,21.12538],[106.24475,21.12675],[106.24478,21.12692],[106.24159,21.1352],[106.24062,21.13681],[106.24036,21.13712],[106.23936,21.13802],[106.23659,21.13969],[106.23501,21.13834],[106.23261,21.13974],[106.23219,21.14001],[106.23162,21.14049],[106.2311,21.14107],[106.23078,21.1415],[106.2302,21.14273],[106.22965,21.1435],[106.22919,21.14401],[106.22902,21.14414],[106.2269,21.14548],[106.22656,21.14563],[106.22153,21.14755],[106.21865,21.14777],[106.21652,21.14927],[106.2131,21.15461],[106.2121,21.15462],[106.20924,21.15494],[106.20866,21.15523],[106.20791,21.1556],[106.20753,21.1565],[106.20792,21.15769],[106.21616,21.16732],[106.21679,21.1679],[106.20867,21.17041]]]},"properties":{"commune_code":"09301","commune_name":"Phường Đào Viên","commune_kind":"PHUONG","province_code":"24","province_name":"Tỉnh Bắc Ninh","area_km2":26.63,"valid_from":"16/6/2025","published":"13/07/2025","area_km2_geom":27.093608796573644,"quality_flag":null,"population":34724.0,"population_wp":37492.63252764568,"anchor_ratio":0.9261552912934511,"pop_source":"WORLDPOP2025_ANCHORED_VNSDI","pop_density_ppkm2":1281.6306701967042,"n_stations":2,"n_ports":5,"power_kw_site":69.0,"ports_per_10k_pop":1.4399262757746802,"util_mean_port_weighted":0.10791374975019163,"dist_station_m_pop_weighted":2733.729820090155}},{"type":"Feature","geometry":{"type":"Polygon","coordinates":[[[106.13859,21.13772],[106.13425,21.1406],[106.13411,21.1402],[106.13403,21.13998],[106.13392,21.13971],[106.13208,21.13526],[106.12798,21.12919],[106.12893,21.12756],[106.129,21.12742],[106.12888,21.12737],[106.12688,21.12659],[106.12591,21.12621],[106.12307,21.12895],[106.12178,21.13032],[106.11868,21.13323],[106.11397,21.133],[106.11287,21.13289],[106.10541,21.13192],[106.10547,21.13158],[106.106,21.1294],[106.1068,21.12612],[106.11212,21.10559],[106.11083,21.10532],[106.11045,21.10524],[106.10966,21.10529],[106.10551,21.10618],[106.10215,21.10689],[106.1009,21.10698],[106.09896,21.10675],[106.09602,21.10623],[106.09317,21.10571],[106.09236,21.10553],[106.09214,21.09784],[106.09219,21.09198],[106.08841,21.09082],[106.08992,21.08848],[106.09345,21.08336],[106.09504,21.08108],[106.09834,21.07636],[106.09984,21.07403],[106.09994,21.07386],[106.10231,21.07519],[106.10529,21.07862],[106.10569,21.07952],[106.10647,21.08209],[106.10774,21.08792],[106.10874,21.09165],[106.10896,21.09207],[106.1108,21.0934],[106.1133,21.09363],[106.11376,21.09367],[106.11671,21.09279],[106.11934,21.09057],[106.12141,21.0877],[106.12509,21.0826],[106.12812,21.08],[106.13209,21.07873],[106.13355,21.07872],[106.13555,21.0787],[106.13881,21.07945],[106.14127,21.08058],[106.14333,21.08324],[106.14335,21.08334],[106.14485,21.09124],[106.14609,21.09776],[106.14715,21.1032],[106.14942,21.10682],[106.15167,21.1089],[106.15041,21.10996],[106.15027,21.11098],[106.15082,21.11172],[106.15082,21.11173],[106.15077,21.11181],[106.15065,21.11197],[106.15044,21.11216],[106.15031,21.11225],[106.15012,21.11237],[106.15004,21.11241],[106.14881,21.11267],[106.14788,21.11268],[106.14734,21.11261],[106.14549,21.11235],[106.14204,21.11149],[106.13935,21.11095],[106.13546,21.11132],[106.13452,21.1126],[106.13372,21.1139],[106.13008,21.12027],[106.12958,21.12373],[106.13127,21.12517],[106.1383,21.12911],[106.14035,21.12944],[106.14158,21.12998],[106.14284,21.13106],[106.14301,21.13372],[106.14612,21.13392],[106.1461,21.13429],[106.14599,21.13489],[106.14563,21.13663],[106.14542,21.1376],[106.1454,21.13765],[106.14374,21.13747],[106.13859,21.13772]]]},"properties":{"commune_code":"09313","commune_name":"Xã Chi Lăng","commune_kind":"XA","province_code":"24","province_name":"Tỉnh Bắc Ninh","area_km2":23.39,"valid_from":"16/6/2025","published":"13/07/2025","area_km2_geom":23.448872825655727,"quality_flag":null,"population":23317.0,"population_wp":22562.778713781387,"anchor_ratio":1.0334276773169757,"pop_source":"WORLDPOP2025_ANCHORED_VNSDI","pop_density_ppkm2":994.376155023049,"n_stations":1,"n_ports":4,"power_kw_site":47.0,"ports_per_10k_pop":1.7154865548741263,"util_mean_port_weighted":0.09148976738273802,"dist_station_m_pop_weighted":2636.956477579323}},{"type":"Feature","geometry":{"type":"Polygon","coordinates":[[[106.00477,21.18356],[105.99858,21.1838],[105.99451,21.18122],[105.99411,21.18091],[105.99244,21.17941],[105.99208,21.17907],[105.99126,21.17834],[105.98868,21.1771],[105.98746,21.17669],[105.98683,21.17693],[105.98521,21.17813],[105.98519,21.17814],[105.98467,21.17825],[105.98457,21.17822],[105.97794,21.17203],[105.9734,21.16909],[105.97311,21.16649],[105.97272,21.16552],[105.97146,21.1641],[105.97004,21.16303],[105.96903,21.16257],[105.97219,21.16131],[105.97671,21.1634],[105.99015,21.16287],[105.99052,21.1627],[105.99612,21.16007],[106.00528,21.15401],[106.00549,21.14968],[106.00479,21.14595],[106.00113,21.14757],[106.00071,21.14776],[105.99897,21.13664],[105.99599,21.13484],[105.99635,21.13273],[105.99658,21.13168],[105.99956,21.12899],[105.99965,21.12875],[106.00131,21.12912],[106.00188,21.12924],[106.00367,21.12965],[106.00459,21.12987],[106.00466,21.12988],[106.00543,21.13006],[106.00675,21.13034],[106.00835,21.12814],[106.00888,21.12741],[106.00932,21.1268],[106.00978,21.12616],[106.01014,21.12565],[106.01021,21.12556],[106.01026,21.12549],[106.01383,21.1279],[106.02132,21.13251],[106.02301,21.13392],[106.02455,21.13718],[106.03173,21.14098],[106.03729,21.14568],[106.04046,21.14801],[106.0386,21.1493],[106.03644,21.14827],[106.03375,21.14934],[106.03322,21.15478],[106.02594,21.16137],[106.02537,21.16239],[106.02685,21.16504],[106.02815,21.16835],[106.02619,21.17126],[106.02474,21.17219],[106.02434,21.17238],[106.02273,21.17312],[106.01952,21.1746],[106.01811,21.17603],[106.00793,21.18228],[106.00528,21.18353],[106.00477,21.18356]]]},"properties":{"commune_code":"09319","commune_name":"Xã Tiên Du","commune_kind":"XA","province_code":"24","province_name":"Tỉnh Bắc Ninh","area_km2":20.97,"valid_from":"16/6/2025","published":"13/07/2025","area_km2_geom":20.84682141434673,"quality_flag":null,"population":44812.0,"population_wp":47121.59156937525,"anchor_ratio":0.9509865543065342,"pop_source":"WORLDPOP2025_ANCHORED_VNSDI","pop_density_ppkm2":2149.5842991757245,"n_stations":2,"n_ports":3,"power_kw_site":70.0,"ports_per_10k_pop":0.6694635365527091,"util_mean_port_weighted":0.3726369662009945,"dist_station_m_pop_weighted":1442.4981619565299}},{"type":"Feature","geometry":{"type":"Polygon","coordinates":[[[106.07487,21.15902],[106.07575,21.16084],[106.07554,21.1607],[106.075,21.16039],[106.07357,21.15964],[106.07327,21.15953],[106.07187,21.1591],[106.07157,21.15904],[106.06935,21.15929],[106.06773,21.15976],[106.06762,21.15973],[106.06637,21.15939],[106.06625,21.15936],[106.06622,21.15935],[106.06382,21.15869],[106.06367,21.15787],[106.06408,21.15629],[106.06249,21.15517],[106.05993,21.1534],[106.05983,21.15333],[106.05867,21.15254],[106.05508,21.15435],[106.05397,21.15559],[106.05385,21.15571],[106.05171,21.15354],[106.05095,21.15261],[106.05017,21.1516],[106.04984,21.15092],[106.04993,21.15008],[106.04919,21.14831],[106.04916,21.14825],[106.04914,21.1482],[106.04912,21.14817],[106.0491,21.14814],[106.04909,21.14811],[106.04907,21.14809],[106.04906,21.14808],[106.04904,21.14806],[106.04903,21.14804],[106.04901,21.14803],[106.04898,21.14801],[106.04772,21.14731],[106.04732,21.14065],[106.04013,21.13684],[106.04101,21.13483],[106.04378,21.13574],[106.04732,21.13063],[106.04766,21.13013],[106.06023,21.12815],[106.06026,21.12814],[106.0621,21.12543],[106.06161,21.12349],[106.07091,21.1215],[106.0735,21.12725],[106.08886,21.12479],[106.0915,21.13007],[106.08775,21.13148],[106.08701,21.13176],[106.0864,21.13564],[106.08377,21.142],[106.08129,21.14669],[106.08096,21.14728],[106.08007,21.14861],[106.07992,21.14883],[106.07953,21.1494],[106.07943,21.14955],[106.07934,21.14968],[106.07918,21.14991],[106.07911,21.14988],[106.07906,21.14986],[106.07813,21.14953],[106.07791,21.14945],[106.07686,21.15022],[106.0768,21.15037],[106.07621,21.15183],[106.07441,21.15637],[106.07467,21.15817],[106.07487,21.15902]]]},"properties":{"commune_code":"09325","commune_name":"Phường Hạp Lĩnh","commune_kind":"PHUONG","province_code":"24","province_name":"Tỉnh Bắc Ninh","area_km2":12.65,"valid_from":"16/6/2025","published":"13/07/2025","area_km2_geom":12.57708740760614,"quality_flag":null,"population":22630.0,"population_wp":28588.64677971229,"anchor_ratio":0.791572968611414,"pop_source":"WORLDPOP2025_ANCHORED_VNSDI","pop_density_ppkm2":1799.3037073364255,"n_stations":1,"n_ports":8,"power_kw_site":390.0,"ports_per_10k_pop":3.5351303579319486,"util_mean_port_weighted":0.5512165450121654,"dist_station_m_pop_weighted":2236.1001490459703}},{"type":"Feature","geometry":{"type":"Polygon","coordinates":[[[106.0488,21.14802],[106.04739,21.14965],[106.0409,21.1477],[106.04046,21.14801],[106.03729,21.14568],[106.03173,21.14098],[106.02455,21.13718],[106.02301,21.13392],[106.02132,21.13251],[106.01383,21.1279],[106.01026,21.12549],[106.00733,21.12363],[106.00587,21.11822],[106.00556,21.11647],[106.0059,21.11569],[106.00669,21.11443],[106.01172,21.11039],[106.01357,21.10857],[106.01444,21.1104],[106.01747,21.11666],[106.01967,21.11626],[106.01996,21.11637],[106.02022,21.11598],[106.01819,21.11096],[106.01811,21.11092],[106.01982,21.10834],[106.03008,21.10494],[106.03046,21.10485],[106.03204,21.10461],[106.03358,21.10474],[106.03542,21.10515],[106.03552,21.10519],[106.03566,21.10529],[106.03601,21.10556],[106.03619,21.10579],[106.03624,21.10584],[106.03635,21.10601],[106.0391,21.10619],[106.04097,21.10403],[106.04533,21.09893],[106.04569,21.09746],[106.04925,21.09694],[106.05388,21.09643],[106.05557,21.09626],[106.05571,21.09625],[106.05585,21.09624],[106.05599,21.09622],[106.05612,21.09621],[106.05624,21.09621],[106.05635,21.0962],[106.05645,21.0962],[106.05887,21.09622],[106.06081,21.09626],[106.06178,21.09639],[106.06384,21.09674],[106.06398,21.09677],[106.0641,21.0968],[106.0642,21.09684],[106.06431,21.09688],[106.06443,21.09692],[106.06454,21.09696],[106.06466,21.09701],[106.06476,21.09706],[106.06487,21.09711],[106.06496,21.09716],[106.06504,21.0972],[106.06511,21.09723],[106.06517,21.09726],[106.06519,21.09728],[106.06522,21.09729],[106.06525,21.09732],[106.0653,21.09735],[106.06535,21.09739],[106.0654,21.09743],[106.06545,21.09748],[106.0655,21.09752],[106.06776,21.0997],[106.06825,21.10119],[106.06821,21.1017],[106.06645,21.11088],[106.06641,21.11102],[106.06634,21.11121],[106.06629,21.11127],[106.06626,21.11131],[106.06617,21.11139],[106.06604,21.11147],[106.06568,21.11154],[106.06536,21.11159],[106.06532,21.1116],[106.06428,21.11174],[106.06367,21.11182],[106.06361,21.11168],[106.06342,21.11099],[106.06331,21.11067],[106.06325,21.11061],[106.06317,21.11059],[106.06305,21.11062],[106.06125,21.11124],[106.05939,21.11189],[106.05727,21.11436],[106.05646,21.11547],[106.0574,21.1189],[106.05938,21.12059],[106.05992,21.1206],[106.06074,21.12069],[106.06078,21.12071],[106.06081,21.12076],[106.06113,21.12178],[106.06117,21.12193],[106.06156,21.12328],[106.06161,21.12349],[106.0621,21.12543],[106.06026,21.12814],[106.06023,21.12815],[106.04766,21.13013],[106.04732,21.13063],[106.04378,21.13574],[106.04101,21.13483],[106.04013,21.13684],[106.04732,21.14065],[106.04772,21.14731],[106.0488,21.14802]]]},"properties":{"commune_code":"09334","commune_name":"Xã Liên Bão","commune_kind":"XA","province_code":"24","province_name":"Tỉnh Bắc Ninh","area_km2":19.82,"valid_from":"16/6/2025","published":"13/07/2025","area_km2_geom":19.722515121461512,"quality_flag":null,"population":34273.0,"population_wp":35048.25484528765,"anchor_ratio":0.9778803581316721,"pop_source":"WORLDPOP2025_ANCHORED_VNSDI","pop_density_ppkm2":1737.7601076195926,"n_stations":1,"n_ports":20,"power_kw_site":1280.0,"ports_per_10k_pop":5.8354973302599715,"util_mean_port_weighted":0.17306144842721288,"dist_station_m_pop_weighted":2920.4757587006584}},{"type":"Feature","geometry":{"type":"Polygon","coordinates":[[[105.99956,21.12899],[105.99658,21.13168],[105.99785,21.12574],[105.9902,21.12416],[105.99118,21.12069],[105.98498,21.11757],[105.98666,21.11462],[105.9879,21.11243],[105.98784,21.1068],[105.9874,21.10629],[105.98291,21.10117],[105.97895,21.10262],[105.97642,21.10099],[105.97641,21.09991],[105.98125,21.09293],[105.98053,21.08705],[105.98523,21.07003],[105.99093,21.06939],[105.99093,21.06939],[105.99332,21.06914],[105.994,21.06943],[105.99707,21.07202],[105.9984,21.07313],[105.99893,21.07324],[105.99962,21.07307],[105.99992,21.07289],[106.00023,21.07271],[106.00207,21.06979],[106.00244,21.07008],[106.00857,21.07157],[106.0154,21.07287],[106.01932,21.07272],[106.01947,21.07878],[106.02163,21.08193],[106.02033,21.08898],[106.0192,21.09212],[106.01786,21.09254],[106.01787,21.09257],[106.01795,21.09368],[106.01806,21.09496],[106.01833,21.09694],[106.0192,21.09765],[106.01984,21.0981],[106.0202,21.09964],[106.01815,21.10202],[106.01782,21.10232],[106.01714,21.1028],[106.01615,21.10253],[106.01611,21.10252],[106.01662,21.10051],[106.01699,21.09881],[106.0161,21.09864],[106.01433,21.09831],[106.01411,21.09843],[106.01317,21.09897],[106.01137,21.10207],[106.01285,21.10726],[106.01357,21.10857],[106.01172,21.11039],[106.00669,21.11443],[106.0059,21.11569],[106.00556,21.11647],[106.00587,21.11822],[106.00733,21.12363],[106.01026,21.12549],[106.01021,21.12556],[106.01014,21.12565],[106.00978,21.12616],[106.00932,21.1268],[106.00888,21.12741],[106.00835,21.12814],[106.00675,21.13034],[106.00543,21.13006],[106.00466,21.12988],[106.00459,21.12987],[106.00367,21.12965],[106.00188,21.12924],[106.00131,21.12912],[105.99965,21.12875],[105.99956,21.12899]]]},"properties":{"commune_code":"09340","commune_name":"Xã Đại Đồng","commune_kind":"XA","province_code":"24","province_name":"Tỉnh Bắc Ninh","area_km2":19.88,"valid_from":"16/6/2025","published":"13/07/2025","area_km2_geom":19.804675707701325,"quality_flag":null,"population":84258.0,"population_wp":71710.42438826896,"anchor_ratio":1.174975615034621,"pop_source":"WORLDPOP2025_ANCHORED_VNSDI","pop_density_ppkm2":4254.449870503818,"n_stations":2,"n_ports":20,"power_kw_site":587.5,"ports_per_10k_pop":2.373661848133115,"util_mean_port_weighted":0.31474434484510316,"dist_station_m_pop_weighted":1787.9962641043464}},{"type":"Feature","geometry":{"type":"Polygon","coordinates":[[[106.10313,21.12527],[106.0915,21.13007],[106.08886,21.12479],[106.0735,21.12725],[106.07091,21.1215],[106.06161,21.12349],[106.06156,21.12328],[106.06117,21.12193],[106.06113,21.12178],[106.06081,21.12076],[106.06078,21.12071],[106.06074,21.12069],[106.05992,21.1206],[106.05938,21.12059],[106.0574,21.1189],[106.05646,21.11547],[106.05727,21.11436],[106.05939,21.11189],[106.06125,21.11124],[106.06305,21.11062],[106.06317,21.11059],[106.06325,21.11061],[106.06331,21.11067],[106.06342,21.11099],[106.06361,21.11168],[106.06367,21.11182],[106.06428,21.11174],[106.06532,21.1116],[106.06536,21.11159],[106.06568,21.11154],[106.06604,21.11147],[106.06617,21.11139],[106.06626,21.11131],[106.06629,21.11127],[106.06634,21.11121],[106.06641,21.11102],[106.06645,21.11088],[106.06821,21.1017],[106.06825,21.10119],[106.06776,21.0997],[106.06888,21.09847],[106.06891,21.09844],[106.06894,21.09842],[106.06896,21.09841],[106.06899,21.09839],[106.06904,21.09836],[106.06912,21.09832],[106.06921,21.09828],[106.0693,21.09825],[106.0694,21.09821],[106.06952,21.09816],[106.06965,21.09811],[106.06977,21.09807],[106.06988,21.09803],[106.06989,21.09803],[106.07,21.09799],[106.07009,21.09797],[106.07016,21.09796],[106.07169,21.09771],[106.07236,21.09761],[106.07245,21.0976],[106.0725,21.09759],[106.07254,21.09759],[106.07262,21.09758],[106.0727,21.09757],[106.07278,21.09758],[106.07286,21.09758],[106.07294,21.09759],[106.07302,21.0976],[106.07312,21.09762],[106.07322,21.09763],[106.07333,21.09765],[106.07341,21.09767],[106.07345,21.09768],[106.07532,21.09721],[106.07681,21.09154],[106.07718,21.09007],[106.07738,21.08927],[106.07738,21.08912],[106.07735,21.08887],[106.07649,21.08512],[106.07627,21.08457],[106.07627,21.08457],[106.07582,21.08346],[106.07484,21.08129],[106.07521,21.08123],[106.07536,21.0812],[106.07572,21.08098],[106.07743,21.07993],[106.0785,21.07927],[106.08053,21.07706],[106.08194,21.07552],[106.08609,21.07138],[106.08842,21.07031],[106.08913,21.07031],[106.0924,21.07029],[106.09448,21.07116],[106.09994,21.07386],[106.09984,21.07403],[106.09834,21.07636],[106.09504,21.08108],[106.09345,21.08336],[106.08992,21.08848],[106.08841,21.09082],[106.09219,21.09198],[106.09214,21.09784],[106.09236,21.10553],[106.09317,21.10571],[106.09602,21.10623],[106.09896,21.10675],[106.1009,21.10698],[106.10215,21.10689],[106.10551,21.10618],[106.10966,21.10529],[106.11045,21.10524],[106.11083,21.10532],[106.11212,21.10559],[106.1068,21.12612],[106.10313,21.12527]]]},"properties":{"commune_code":"09343","commune_name":"Xã Tân Chi","commune_kind":"XA","province_code":"24","province_name":"Tỉnh Bắc Ninh","area_km2":18.11,"valid_from":"16/6/2025","published":"13/07/2025","area_km2_geom":18.0283917049453,"quality_flag":null,"population":27812.0,"population_wp":30093.92572746426,"anchor_ratio":0.924173211958793,"pop_source":"WORLDPOP2025_ANCHORED_VNSDI","pop_density_ppkm2":1542.677819251675,"n_stations":1,"n_ports":8,"power_kw_site":330.0,"ports_per_10k_pop":2.8764562059542644,"util_mean_port_weighted":0.4744922777575094,"dist_station_m_pop_weighted":2546.145817411244}},{"type":"Feature","geometry":{"type":"Polygon","coordinates":[[[106.01967,21.11626],[106.01747,21.11666],[106.01444,21.1104],[106.01357,21.10857],[106.01285,21.10726],[106.01137,21.10207],[106.01317,21.09897],[106.01411,21.09843],[106.01433,21.09831],[106.0161,21.09864],[106.01699,21.09881],[106.01662,21.10051],[106.01611,21.10252],[106.01615,21.10253],[106.01714,21.1028],[106.01782,21.10232],[106.01815,21.10202],[106.0202,21.09964],[106.01984,21.0981],[106.0192,21.09765],[106.01833,21.09694],[106.01806,21.09496],[106.01795,21.09368],[106.01787,21.09257],[106.01786,21.09254],[106.0192,21.09212],[106.02033,21.08898],[106.02163,21.08193],[106.01947,21.07878],[106.01932,21.07272],[106.02131,21.07264],[106.02782,21.07136],[106.03331,21.07018],[106.03729,21.07025],[106.04075,21.07109],[106.04169,21.07162],[106.0518,21.07733],[106.05875,21.08102],[106.06343,21.08248],[106.06355,21.08252],[106.06377,21.08251],[106.07484,21.08129],[106.07582,21.08346],[106.07627,21.08457],[106.07627,21.08457],[106.07649,21.08512],[106.07735,21.08887],[106.07738,21.08912],[106.07738,21.08927],[106.07718,21.09007],[106.07681,21.09154],[106.07532,21.09721],[106.07345,21.09768],[106.07341,21.09767],[106.07333,21.09765],[106.07322,21.09763],[106.07312,21.09762],[106.07302,21.0976],[106.07294,21.09759],[106.07286,21.09758],[106.07278,21.09758],[106.0727,21.09757],[106.07262,21.09758],[106.07254,21.09759],[106.0725,21.09759],[106.07245,21.0976],[106.07236,21.09761],[106.07169,21.09771],[106.07016,21.09796],[106.07009,21.09797],[106.07,21.09799],[106.06989,21.09803],[106.06988,21.09803],[106.06977,21.09807],[106.06965,21.09811],[106.06952,21.09816],[106.0694,21.09821],[106.0693,21.09825],[106.06921,21.09828],[106.06912,21.09832],[106.06904,21.09836],[106.06899,21.09839],[106.06896,21.09841],[106.06894,21.09842],[106.06891,21.09844],[106.06888,21.09847],[106.06776,21.0997],[106.0655,21.09752],[106.06545,21.09748],[106.0654,21.09743],[106.06535,21.09739],[106.0653,21.09735],[106.06525,21.09732],[106.06522,21.09729],[106.06519,21.09728],[106.06517,21.09726],[106.06511,21.09723],[106.06504,21.0972],[106.06496,21.09716],[106.06487,21.09711],[106.06476,21.09706],[106.06466,21.09701],[106.06454,21.09696],[106.06443,21.09692],[106.06431,21.09688],[106.0642,21.09684],[106.0641,21.0968],[106.06398,21.09677],[106.06384,21.09674],[106.06178,21.09639],[106.06081,21.09626],[106.05887,21.09622],[106.05645,21.0962],[106.05635,21.0962],[106.05624,21.09621],[106.05612,21.09621],[106.05599,21.09622],[106.05585,21.09624],[106.05571,21.09625],[106.05557,21.09626],[106.05388,21.09643],[106.04925,21.09694],[106.04569,21.09746],[106.04533,21.09893],[106.04097,21.10403],[106.0391,21.10619],[106.03635,21.10601],[106.03624,21.10584],[106.03619,21.10579],[106.03601,21.10556],[106.03566,21.10529],[106.03552,21.10519],[106.03542,21.10515],[106.03358,21.10474],[106.03204,21.10461],[106.03046,21.10485],[106.03008,21.10494],[106.01982,21.10834],[106.01811,21.11092],[106.01819,21.11096],[106.02022,21.11598],[106.01996,21.11637],[106.01967,21.11626]]]},"properties":{"commune_code":"09349","commune_name":"Xã Phật Tích","commune_kind":"XA","province_code":"24","province_name":"Tỉnh Bắc Ninh","area_km2":16.83,"valid_from":"16/6/2025","published":"13/07/2025","area_km2_geom":17.11439999480155,"quality_flag":null,"population":23960.0,"population_wp":26870.937253635377,"anchor_ratio":0.891669679172,"pop_source":"WORLDPOP2025_ANCHORED_VNSDI","pop_density_ppkm2":1399.9906515728148,"n_stations":2,"n_ports":4,"power_kw_site":45.5,"ports_per_10k_pop":1.669449081803005,"util_mean_port_weighted":0.012024825446082235,"dist_station_m_pop_weighted":2113.5897158631274}},{"type":"Feature","geometry":{"type":"Polygon","coordinates":[[[105.9736,21.12068],[105.97112,21.12434],[105.95927,21.11993],[105.95573,21.11687],[105.95367,21.11521],[105.95362,21.11519],[105.95172,21.11419],[105.95028,21.11352],[105.95027,21.11352],[105.95009,21.11358],[105.95006,21.11361],[105.94996,21.11376],[105.94906,21.11591],[105.94908,21.11671],[105.94905,21.11778],[105.94671,21.11855],[105.94147,21.11912],[105.93824,21.11339],[105.93917,21.10868],[105.93704,21.10657],[105.93453,21.10467],[105.93494,21.10361],[105.93507,21.09798],[105.9372,21.0934],[105.93901,21.08953],[105.93996,21.08607],[105.94003,21.08581],[105.94103,21.08503],[105.94256,21.08505],[105.94758,21.08696],[105.95372,21.09182],[105.95547,21.09176],[105.95762,21.09142],[105.95977,21.09022],[105.96026,21.08707],[105.9621,21.07733],[105.9621,21.07733],[105.96952,21.0719],[105.9762,21.07053],[105.98523,21.07003],[105.98053,21.08705],[105.98125,21.09293],[105.97641,21.09991],[105.97642,21.10099],[105.97895,21.10262],[105.98291,21.10117],[105.9874,21.10629],[105.98784,21.1068],[105.9879,21.11243],[105.98666,21.11462],[105.98543,21.11462],[105.98065,21.11516],[105.97864,21.11824],[105.97611,21.12199],[105.9736,21.12068]]]},"properties":{"commune_code":"09367","commune_name":"Phường Từ Sơn","commune_kind":"PHUONG","province_code":"24","province_name":"Tỉnh Bắc Ninh","area_km2":20.31,"valid_from":"16/6/2025","published":"13/07/2025","area_km2_geom":20.039741615597237,"quality_flag":null,"population":65697.0,"population_wp":70369.89239742234,"anchor_ratio":0.9335952885783649,"pop_source":"WORLDPOP2025_ANCHORED_VNSDI","pop_density_ppkm2":3278.335682176013,"n_stations":13,"n_ports":100,"power_kw_site":3175.5,"ports_per_10k_pop":15.221395193083398,"util_mean_port_weighted":0.2580725500217726,"dist_station_m_pop_weighted":1086.560837286908}},{"type":"Feature","geometry":{"type":"Polygon","coordinates":[[[105.96742,21.16269],[105.96327,21.1665],[105.9625,21.1665],[105.95988,21.16539],[105.95753,21.16433],[105.95771,21.1569],[105.95373,21.15628],[105.95359,21.15629],[105.95238,21.15328],[105.95252,21.14945],[105.95367,21.14847],[105.95595,21.14631],[105.95831,21.14103],[105.96403,21.14161],[105.97233,21.14145],[105.97256,21.14144],[105.97442,21.14101],[105.97673,21.14042],[105.97832,21.13966],[105.97981,21.1383],[105.98049,21.13509],[105.98255,21.13095],[105.9834,21.13127],[105.98398,21.13146],[105.98441,21.13158],[105.98443,21.13159],[105.98708,21.13142],[105.98883,21.13012],[105.9902,21.12416],[105.99785,21.12574],[105.99658,21.13168],[105.99635,21.13273],[105.99599,21.13484],[105.99897,21.13664],[106.00071,21.14776],[106.00113,21.14757],[106.00479,21.14595],[106.00549,21.14968],[106.00528,21.15401],[105.99612,21.16007],[105.99052,21.1627],[105.99015,21.16287],[105.97671,21.1634],[105.97219,21.16131],[105.96903,21.16257],[105.96742,21.16269]]]},"properties":{"commune_code":"09370","commune_name":"Phường Tam Sơn","commune_kind":"PHUONG","province_code":"24","province_name":"Tỉnh Bắc Ninh","area_km2":14.11,"valid_from":"16/6/2025","published":"13/07/2025","area_km2_geom":14.199827880383536,"quality_flag":null,"population":28562.0,"population_wp":26967.018628515303,"anchor_ratio":1.0591456324281299,"pop_source":"WORLDPOP2025_ANCHORED_VNSDI","pop_density_ppkm2":2011.4328314822183,"n_stations":2,"n_ports":16,"power_kw_site":467.0,"ports_per_10k_pop":5.601848610041314,"util_mean_port_weighted":0.35870436937404987,"dist_station_m_pop_weighted":1926.4527817974758}},{"type":"Feature","geometry":{"type":"Polygon","coordinates":[[[105.93704,21.16434],[105.93419,21.16443],[105.92492,21.16428],[105.92293,21.16376],[105.92333,21.16192],[105.92333,21.16192],[105.92203,21.15978],[105.92056,21.15675],[105.92036,21.15499],[105.92063,21.15341],[105.92125,21.15197],[105.92193,21.15037],[105.92211,21.15011],[105.92311,21.14861],[105.92609,21.14415],[105.92595,21.13825],[105.92522,21.13442],[105.92447,21.13334],[105.92352,21.13315],[105.92163,21.1351],[105.91247,21.12775],[105.91291,21.12657],[105.91574,21.11893],[105.92148,21.11852],[105.92247,21.11799],[105.93018,21.112],[105.93375,21.10664],[105.93453,21.10467],[105.93704,21.10657],[105.93917,21.10868],[105.93824,21.11339],[105.94147,21.11912],[105.93879,21.12974],[105.94021,21.13782],[105.94106,21.14133],[105.94211,21.14258],[105.94754,21.14601],[105.95114,21.14884],[105.95167,21.15278],[105.95238,21.15328],[105.95359,21.15629],[105.94953,21.15656],[105.95102,21.15911],[105.94922,21.16233],[105.93768,21.16432],[105.93704,21.16434]]]},"properties":{"commune_code":"09379","commune_name":"Phường Phù Khê","commune_kind":"PHUONG","province_code":"24","province_name":"Tỉnh Bắc Ninh","area_km2":14.03,"valid_from":"16/6/2025","published":"13/07/2025","area_km2_geom":13.952121697883449,"quality_flag":null,"population":50574.0,"population_wp":55173.407681602985,"anchor_ratio":0.9166372374868444,"pop_source":"WORLDPOP2025_ANCHORED_VNSDI","pop_density_ppkm2":3624.825033433598,"n_stations":5,"n_ports":31,"power_kw_site":891.0,"ports_per_10k_pop":6.129631826630284,"util_mean_port_weighted":0.20123910158036445,"dist_station_m_pop_weighted":1519.891670794005}},{"type":"Feature","geometry":{"type":"Polygon","coordinates":[[[105.95252,21.14945],[105.95238,21.15328],[105.95167,21.15278],[105.95114,21.14884],[105.94754,21.14601],[105.94211,21.14258],[105.94106,21.14133],[105.94021,21.13782],[105.93879,21.12974],[105.94147,21.11912],[105.94671,21.11855],[105.94905,21.11778],[105.94908,21.11671],[105.94906,21.11591],[105.94996,21.11376],[105.95006,21.11361],[105.95009,21.11358],[105.95027,21.11352],[105.95028,21.11352],[105.95172,21.11419],[105.95362,21.11519],[105.95367,21.11521],[105.95573,21.11687],[105.95927,21.11993],[105.97112,21.12434],[105.9736,21.12068],[105.97611,21.12199],[105.97864,21.11824],[105.98065,21.11516],[105.98543,21.11462],[105.98666,21.11462],[105.98498,21.11757],[105.99118,21.12069],[105.9902,21.12416],[105.98883,21.13012],[105.98708,21.13142],[105.98443,21.13159],[105.98441,21.13158],[105.98398,21.13146],[105.9834,21.13127],[105.98255,21.13095],[105.98049,21.13509],[105.97981,21.1383],[105.97832,21.13966],[105.97673,21.14042],[105.97442,21.14101],[105.97256,21.14144],[105.97233,21.14145],[105.96403,21.14161],[105.95831,21.14103],[105.95595,21.14631],[105.95367,21.14847],[105.95252,21.14945]]]},"properties":{"commune_code":"09385","commune_name":"Phường Đồng Nguyên","commune_kind":"PHUONG","province_code":"24","province_name":"Tỉnh Bắc Ninh","area_km2":12.64,"valid_from":"16/6/2025","published":"13/07/2025","area_km2_geom":12.62169078958694,"quality_flag":null,"population":46023.0,"population_wp":49262.492040872574,"anchor_ratio":0.9342401915399489,"pop_source":"WORLDPOP2025_ANCHORED_VNSDI","pop_density_ppkm2":3646.341901987456,"n_stations":3,"n_ports":24,"power_kw_site":560.5,"ports_per_10k_pop":5.21478391239163,"util_mean_port_weighted":0.2358302312956789,"dist_station_m_pop_weighted":1523.992957038871}},{"type":"Feature","geometry":{"type":"Polygon","coordinates":[[[106.06377,21.08251],[106.06355,21.08252],[106.06343,21.08248],[106.05875,21.08102],[106.0518,21.07733],[106.04169,21.07162],[106.04336,21.06893],[106.04538,21.06564],[106.04771,21.06051],[106.05128,21.05744],[106.0514,21.05742],[106.05343,21.05728],[106.05731,21.05703],[106.05832,21.05697],[106.05962,21.05691],[106.06187,21.0568],[106.06393,21.05667],[106.06454,21.05663],[106.0651,21.05659],[106.06691,21.05646],[106.06898,21.05497],[106.06897,21.05494],[106.06892,21.05467],[106.0689,21.05457],[106.06876,21.05394],[106.06874,21.05385],[106.06778,21.05002],[106.06713,21.04745],[106.06667,21.04564],[106.06486,21.04211],[106.06261,21.03524],[106.05902,21.03309],[106.05625,21.03231],[106.05565,21.03192],[106.05536,21.03158],[106.055,21.03114],[106.05373,21.02958],[106.05366,21.02949],[106.0536,21.02941],[106.05526,21.02864],[106.05876,21.02703],[106.06334,21.02491],[106.06944,21.02207],[106.07202,21.02239],[106.07805,21.02414],[106.07852,21.02465],[106.08193,21.02351],[106.08209,21.02345],[106.08254,21.02319],[106.08258,21.02316],[106.08262,21.02312],[106.08304,21.02271],[106.08412,21.0216],[106.08409,21.02108],[106.08465,21.02066],[106.08505,21.02049],[106.08595,21.02015],[106.08632,21.02002],[106.08908,21.01902],[106.09147,21.01917],[106.09314,21.02007],[106.09412,21.02078],[106.09381,21.02188],[106.09528,21.02425],[106.0972,21.02765],[106.09752,21.03006],[106.09533,21.0335],[106.09382,21.03481],[106.09372,21.0349],[106.09343,21.03517],[106.09342,21.03518],[106.09804,21.03786],[106.10106,21.03776],[106.10185,21.03976],[106.1015,21.04164],[106.1013,21.04295],[106.10132,21.04301],[106.10238,21.04434],[106.10242,21.04439],[106.10209,21.04562],[106.10184,21.04632],[106.10133,21.04775],[106.09922,21.05199],[106.09766,21.05475],[106.09705,21.05665],[106.09683,21.05742],[106.09711,21.05985],[106.09886,21.06062],[106.09991,21.06233],[106.09855,21.06576],[106.09814,21.0668],[106.09784,21.06749],[106.09759,21.06742],[106.09584,21.06692],[106.09495,21.06959],[106.09448,21.07116],[106.0924,21.07029],[106.08913,21.07031],[106.08842,21.07031],[106.08609,21.07138],[106.08194,21.07552],[106.08053,21.07706],[106.0785,21.07927],[106.07743,21.07993],[106.07572,21.08098],[106.07536,21.0812],[106.07521,21.08123],[106.07484,21.08129],[106.06377,21.08251]]]},"properties":{"commune_code":"09400","commune_name":"Phường Thuận Thành","commune_kind":"PHUONG","province_code":"24","province_name":"Tỉnh Bắc Ninh","area_km2":26.58,"valid_from":"16/6/2025","published":"13/07/2025","area_km2_geom":26.008709752739062,"quality_flag":null,"population":52318.0,"population_wp":51986.28828541562,"anchor_ratio":1.0063807539550278,"pop_source":"WORLDPOP2025_ANCHORED_VNSDI","pop_density_ppkm2":2011.5569167936221,"n_stations":7,"n_ports":44,"power_kw_site":1496.0,"ports_per_10k_pop":8.41010742000841,"util_mean_port_weighted":0.20145494853874313,"dist_station_m_pop_weighted":1827.6419375442397}},{"type":"Feature","geometry":{"type":"Polygon","coordinates":[[[106.11671,21.09279],[106.11376,21.09367],[106.1133,21.09363],[106.1108,21.0934],[106.10896,21.09207],[106.10874,21.09165],[106.10774,21.08792],[106.10647,21.08209],[106.10569,21.07952],[106.10529,21.07862],[106.10231,21.07519],[106.09994,21.07386],[106.09448,21.07116],[106.09495,21.06959],[106.09584,21.06692],[106.09759,21.06742],[106.09784,21.06749],[106.09814,21.0668],[106.09855,21.06576],[106.09991,21.06233],[106.09886,21.06062],[106.09711,21.05985],[106.09683,21.05742],[106.09705,21.05665],[106.09766,21.05475],[106.09922,21.05199],[106.10133,21.04775],[106.10184,21.04632],[106.10209,21.04562],[106.10242,21.04439],[106.10238,21.04434],[106.10132,21.04301],[106.1013,21.04295],[106.1015,21.04164],[106.10185,21.03976],[106.10186,21.03976],[106.10306,21.03998],[106.10396,21.04013],[106.10529,21.0401],[106.10689,21.03973],[106.1202,21.03859],[106.12333,21.03978],[106.12634,21.04063],[106.12817,21.0388],[106.13024,21.03762],[106.13146,21.03684],[106.13234,21.03621],[106.13517,21.0336],[106.13685,21.03153],[106.13799,21.03436],[106.13803,21.03513],[106.13785,21.03563],[106.13934,21.04439],[106.14084,21.04867],[106.1425,21.04928],[106.14175,21.05171],[106.13855,21.05157],[106.13219,21.06794],[106.13095,21.0723],[106.13355,21.07872],[106.13209,21.07873],[106.12812,21.08],[106.12509,21.0826],[106.12141,21.0877],[106.11934,21.09057],[106.11671,21.09279]]]},"properties":{"commune_code":"09409","commune_name":"Phường Mão Điền","commune_kind":"PHUONG","province_code":"24","province_name":"Tỉnh Bắc Ninh","area_km2":19.5,"valid_from":"16/6/2025","published":"13/07/2025","area_km2_geom":19.505159847664338,"quality_flag":null,"population":42785.0,"population_wp":36769.886752363294,"anchor_ratio":1.1635880275657933,"pop_source":"WORLDPOP2025_ANCHORED_VNSDI","pop_density_ppkm2":2193.5221415334017,"n_stations":1,"n_ports":2,"power_kw_site":23.5,"ports_per_10k_pop":0.46745354680378637,"util_mean_port_weighted":0.14132579245034854,"dist_station_m_pop_weighted":2102.52870919368}},{"type":"Feature","geometry":{"type":"Polygon","coordinates":[[[106.01932,21.07272],[106.0154,21.07287],[106.00857,21.07157],[106.00244,21.07008],[106.00207,21.06979],[106.00236,21.06933],[106.00448,21.06611],[106.00719,21.05892],[106.00829,21.05757],[106.00864,21.05714],[106.01333,21.05134],[106.01901,21.04806],[106.01991,21.04545],[106.02018,21.04215],[106.02004,21.04179],[106.01841,21.03774],[106.02479,21.03703],[106.0246,21.03218],[106.02546,21.03225],[106.02858,21.03258],[106.02871,21.03259],[106.02898,21.03262],[106.02884,21.03383],[106.02876,21.03448],[106.02863,21.03561],[106.02894,21.03699],[106.03022,21.03772],[106.0313,21.03775],[106.03245,21.03771],[106.03373,21.03754],[106.03424,21.03747],[106.035,21.03737],[106.03523,21.03731],[106.03569,21.03713],[106.03981,21.03495],[106.04022,21.03447],[106.0406,21.03393],[106.04075,21.03365],[106.04095,21.03323],[106.04115,21.03274],[106.042,21.03035],[106.0451,21.02884],[106.04962,21.02695],[106.05256,21.0258],[106.0537,21.02535],[106.05536,21.02442],[106.05876,21.02703],[106.05526,21.02864],[106.0536,21.02941],[106.05366,21.02949],[106.05373,21.02958],[106.055,21.03114],[106.05536,21.03158],[106.05565,21.03192],[106.05625,21.03231],[106.05902,21.03309],[106.06261,21.03524],[106.06486,21.04211],[106.06667,21.04564],[106.06713,21.04745],[106.06778,21.05002],[106.06874,21.05385],[106.06876,21.05394],[106.0689,21.05457],[106.06892,21.05467],[106.06897,21.05494],[106.06898,21.05497],[106.06691,21.05646],[106.0651,21.05659],[106.06454,21.05663],[106.06393,21.05667],[106.06187,21.0568],[106.05962,21.05691],[106.05832,21.05697],[106.05731,21.05703],[106.05343,21.05728],[106.0514,21.05742],[106.05128,21.05744],[106.04771,21.06051],[106.04538,21.06564],[106.04336,21.06893],[106.04169,21.07162],[106.04075,21.07109],[106.03729,21.07025],[106.03331,21.07018],[106.02782,21.07136],[106.02131,21.07264],[106.01932,21.07272]]]},"properties":{"commune_code":"09427","commune_name":"Phường Trí Quả","commune_kind":"PHUONG","province_code":"24","province_name":"Tỉnh Bắc Ninh","area_km2":19.95,"valid_from":"16/6/2025","published":"13/07/2025","area_km2_geom":20.420032129732565,"quality_flag":null,"population":34574.0,"population_wp":32160.696234442294,"anchor_ratio":1.0750389154502569,"pop_source":"WORLDPOP2025_ANCHORED_VNSDI","pop_density_ppkm2":1693.14131243009,"n_stations":1,"n_ports":2,"power_kw_site":40.0,"ports_per_10k_pop":0.5784693700468561,"util_mean_port_weighted":0.20177777777777778,"dist_station_m_pop_weighted":1839.870743351786}},{"type":"Feature","geometry":{"type":"Polygon","coordinates":[[[106.12817,21.0388],[106.12634,21.04063],[106.12333,21.03978],[106.1202,21.03859],[106.10689,21.03973],[106.10529,21.0401],[106.10396,21.04013],[106.10306,21.03998],[106.10186,21.03976],[106.10185,21.03976],[106.10106,21.03776],[106.09804,21.03786],[106.09342,21.03518],[106.09343,21.03517],[106.09372,21.0349],[106.09382,21.03481],[106.09533,21.0335],[106.09752,21.03006],[106.0972,21.02765],[106.09528,21.02425],[106.09381,21.02188],[106.09412,21.02078],[106.09436,21.02038],[106.09483,21.01994],[106.09584,21.01943],[106.09815,21.01964],[106.10059,21.01987],[106.10175,21.02002],[106.1032,21.02184],[106.10403,21.02185],[106.10521,21.02178],[106.11468,21.02111],[106.11684,21.02018],[106.11802,21.01906],[106.11649,21.01249],[106.11578,21.01051],[106.11572,21.01037],[106.11571,21.01036],[106.11564,21.01027],[106.11397,21.01045],[106.11129,21.01103],[106.10994,21.01004],[106.10992,21.00997],[106.10985,21.00956],[106.10958,21.00765],[106.10952,21.00697],[106.10923,21.00186],[106.10824,20.99956],[106.10975,20.99916],[106.11449,20.99608],[106.1154,20.99533],[106.11582,20.99355],[106.11555,20.99069],[106.11533,20.98992],[106.11493,20.98851],[106.11493,20.988],[106.11496,20.9853],[106.11532,20.9842],[106.11684,20.98362],[106.118,20.9835],[106.11819,20.98368],[106.11911,20.98458],[106.11913,20.98476],[106.11944,20.98762],[106.12036,20.98882],[106.12324,20.98943],[106.12471,20.98936],[106.12549,20.9885],[106.12567,20.98729],[106.12528,20.98517],[106.1254,20.98397],[106.12564,20.98365],[106.12588,20.98333],[106.12737,20.98321],[106.12768,20.98318],[106.12805,20.98315],[106.1306,20.99505],[106.13246,20.99886],[106.13471,21.00038],[106.137,21.00092],[106.14069,21.0009],[106.14018,21.01072],[106.14019,21.01082],[106.14025,21.01549],[106.14026,21.01684],[106.14033,21.02197],[106.14055,21.02613],[106.14167,21.02795],[106.13914,21.02898],[106.13685,21.03153],[106.13517,21.0336],[106.13234,21.03621],[106.13146,21.03684],[106.13024,21.03762],[106.12817,21.0388]]]},"properties":{"commune_code":"09430","commune_name":"Phường Trạm Lộ","commune_kind":"PHUONG","province_code":"24","province_name":"Tỉnh Bắc Ninh","area_km2":18.24,"valid_from":"16/6/2025","published":"13/07/2025","area_km2_geom":17.745531511682675,"quality_flag":null,"population":21132.0,"population_wp":21247.330744996667,"anchor_ratio":0.9945719890003677,"pop_source":"WORLDPOP2025_ANCHORED_VNSDI","pop_density_ppkm2":1190.834999001741,"n_stations":1,"n_ports":8,"power_kw_site":330.0,"ports_per_10k_pop":3.7857278061707365,"util_mean_port_weighted":0.5952304279375984,"dist_station_m_pop_weighted":3265.328367922233}},{"type":"Feature","geometry":{"type":"Polygon","coordinates":[[[106.03245,21.03771],[106.0313,21.03775],[106.03022,21.03772],[106.02894,21.03699],[106.02863,21.03561],[106.02876,21.03448],[106.02884,21.03383],[106.02898,21.03262],[106.02871,21.03259],[106.02858,21.03258],[106.02546,21.03225],[106.0246,21.03218],[106.02479,21.03703],[106.01841,21.03774],[106.01809,21.03694],[106.01397,21.03161],[106.01311,21.0305],[106.00926,21.02722],[106.00712,21.02517],[106.00695,21.02489],[106.0043,21.02054],[106.00349,21.01838],[106.00395,21.01707],[106.0052,21.01362],[106.00801,21.01191],[106.00955,21.01157],[106.00994,21.0105],[106.00913,21.00906],[106.00735,21.00826],[106.00407,21.00721],[106.00083,21.0065],[106.00029,21.00626],[105.99967,21.00598],[105.99931,21.00529],[106.00028,21.00129],[106.00028,21.00129],[106.00329,21.00138],[106.00409,21.00105],[106.00433,21.00095],[106.00434,21.00094],[106.00435,21.00093],[106.00519,20.99943],[106.00528,20.99931],[106.00596,20.99854],[106.00701,20.99831],[106.01086,20.99843],[106.01096,20.99845],[106.0113,20.99853],[106.0115,20.99961],[106.01159,21.00011],[106.01182,21.00137],[106.01242,21.00188],[106.01566,21.00203],[106.0163,21.00191],[106.01702,21.00177],[106.0175,21.00013],[106.01776,20.99917],[106.01817,20.99788],[106.01862,20.99767],[106.02332,20.99548],[106.02406,20.99536],[106.03113,20.99425],[106.03696,20.998],[106.03779,20.99871],[106.0419,21.00227],[106.04208,21.00243],[106.04347,21.00364],[106.04269,21.00455],[106.0425,21.00477],[106.04248,21.00481],[106.04247,21.00482],[106.04246,21.00487],[106.04219,21.00808],[106.04219,21.00817],[106.04219,21.00823],[106.04222,21.00832],[106.04236,21.00878],[106.046,21.01168],[106.04604,21.01168],[106.0476,21.01206],[106.05045,21.01279],[106.05107,21.01295],[106.05357,21.01697],[106.05409,21.02119],[106.0541,21.02123],[106.05488,21.02321],[106.05521,21.02404],[106.05536,21.02442],[106.0537,21.02535],[106.05256,21.0258],[106.04962,21.02695],[106.0451,21.02884],[106.042,21.03035],[106.04115,21.03274],[106.04095,21.03323],[106.04075,21.03365],[106.0406,21.03393],[106.04022,21.03447],[106.03981,21.03495],[106.03569,21.03713],[106.03523,21.03731],[106.035,21.03737],[106.03424,21.03747],[106.03373,21.03754],[106.03245,21.03771]]]},"properties":{"commune_code":"09433","commune_name":"Phường Song Liễu","commune_kind":"PHUONG","province_code":"24","province_name":"Tỉnh Bắc Ninh","area_km2":17.75,"valid_from":"16/6/2025","published":"13/07/2025","area_km2_geom":17.57307106545101,"quality_flag":null,"population":31758.000000000004,"population_wp":29621.578261315823,"anchor_ratio":1.0721238321549609,"pop_source":"WORLDPOP2025_ANCHORED_VNSDI","pop_density_ppkm2":1807.196925438766,"n_stations":3,"n_ports":42,"power_kw_site":1155.0,"ports_per_10k_pop":13.225014169658037,"util_mean_port_weighted":0.1845496616057241,"dist_station_m_pop_weighted":2256.148222587338}},{"type":"Feature","geometry":{"type":"Polygon","coordinates":[[[106.06334,21.02491],[106.05876,21.02703],[106.05536,21.02442],[106.05521,21.02404],[106.05488,21.02321],[106.0541,21.02123],[106.05409,21.02119],[106.05357,21.01697],[106.05107,21.01295],[106.05045,21.01279],[106.0476,21.01206],[106.04604,21.01168],[106.046,21.01168],[106.04236,21.00878],[106.04222,21.00832],[106.04219,21.00823],[106.04219,21.00817],[106.04219,21.00808],[106.04246,21.00487],[106.04247,21.00482],[106.04248,21.00481],[106.0425,21.00477],[106.04269,21.00455],[106.04347,21.00364],[106.04347,21.00364],[106.04509,21.00504],[106.05,21.00611],[106.05026,21.00616],[106.05249,21.00609],[106.05519,21.006],[106.05526,21.00599],[106.05888,21.00036],[106.05971,21.00042],[106.06194,21.00056],[106.06196,21.00056],[106.06769,21.00087],[106.07001,21.00017],[106.07153,20.99912],[106.07323,20.99762],[106.07457,20.99715],[106.07987,20.99578],[106.07987,20.99578],[106.08225,21.00002],[106.08256,21.00058],[106.0828,21.00111],[106.08436,21.00455],[106.08464,21.00517],[106.08473,21.00538],[106.08516,21.00583],[106.08572,21.00641],[106.08749,21.00686],[106.08969,21.00684],[106.09066,21.00624],[106.09317,21.00466],[106.09438,21.00385],[106.09883,21.00089],[106.09999,20.99972],[106.10427,20.99801],[106.10824,20.99956],[106.10923,21.00186],[106.10952,21.00697],[106.10958,21.00765],[106.10985,21.00956],[106.10992,21.00997],[106.10994,21.01004],[106.11129,21.01103],[106.11397,21.01045],[106.11564,21.01027],[106.11571,21.01036],[106.11572,21.01037],[106.11578,21.01051],[106.11649,21.01249],[106.11802,21.01906],[106.11684,21.02018],[106.11468,21.02111],[106.10521,21.02178],[106.10403,21.02185],[106.1032,21.02184],[106.10175,21.02002],[106.10059,21.01987],[106.09815,21.01964],[106.09584,21.01943],[106.09483,21.01994],[106.09436,21.02038],[106.09412,21.02078],[106.09314,21.02007],[106.09147,21.01917],[106.08908,21.01902],[106.08632,21.02002],[106.08595,21.02015],[106.08505,21.02049],[106.08465,21.02066],[106.08409,21.02108],[106.08412,21.0216],[106.08304,21.02271],[106.08262,21.02312],[106.08258,21.02316],[106.08254,21.02319],[106.08209,21.02345],[106.08193,21.02351],[106.07852,21.02465],[106.07805,21.02414],[106.07202,21.02239],[106.06944,21.02207],[106.06334,21.02491]]]},"properties":{"commune_code":"09445","commune_name":"Phường Ninh Xá","commune_kind":"PHUONG","province_code":"24","province_name":"Tỉnh Bắc Ninh","area_km2":15.81,"valid_from":"16/6/2025","published":"13/07/2025","area_km2_geom":15.346211029293539,"quality_flag":null,"population":22369.0,"population_wp":20687.299108587205,"anchor_ratio":1.0812914669327098,"pop_source":"WORLDPOP2025_ANCHORED_VNSDI","pop_density_ppkm2":1457.6236412558803,"n_stations":1,"n_ports":3,"power_kw_site":34.5,"ports_per_10k_pop":1.341141758683893,"util_mean_port_weighted":0.06464443166570825,"dist_station_m_pop_weighted":2068.787565031756}},{"type":"Feature","geometry":{"type":"Polygon","coordinates":[[[106.20327,21.08461],[106.20321,21.08466],[106.19897,21.0833],[106.19573,21.08172],[106.19486,21.08071],[106.19408,21.07993],[106.19352,21.07953],[106.19255,21.07899],[106.19118,21.0784],[106.18753,21.07717],[106.18568,21.07696],[106.18341,21.07654],[106.18245,21.07109],[106.18189,21.07096],[106.18081,21.07051],[106.17953,21.06697],[106.17844,21.06391],[106.17736,21.06314],[106.17563,21.06225],[106.17324,21.06229],[106.17251,21.06226],[106.17172,21.06204],[106.17152,21.06194],[106.17148,21.06191],[106.16746,21.05896],[106.16685,21.05634],[106.1677,21.05458],[106.16352,21.05473],[106.15925,21.05518],[106.15383,21.0568],[106.14901,21.05851],[106.14439,21.05998],[106.14403,21.06],[106.14272,21.0593],[106.14225,21.05895],[106.14352,21.05504],[106.14388,21.05397],[106.14394,21.05378],[106.14423,21.05288],[106.14424,21.05284],[106.14428,21.05266],[106.14429,21.05265],[106.1443,21.05253],[106.1443,21.05237],[106.1443,21.05205],[106.14425,21.05192],[106.1442,21.05186],[106.14411,21.05183],[106.14329,21.05171],[106.14288,21.05169],[106.14219,21.05169],[106.14194,21.05169],[106.14191,21.05169],[106.14175,21.05171],[106.1425,21.04928],[106.14084,21.04867],[106.13934,21.04439],[106.13785,21.03563],[106.13803,21.03513],[106.13799,21.03436],[106.13685,21.03153],[106.13914,21.02898],[106.14167,21.02795],[106.14055,21.02613],[106.1434,21.02481],[106.15285,21.02016],[106.15491,21.02483],[106.15436,21.02854],[106.14886,21.02963],[106.15065,21.03475],[106.15436,21.03634],[106.15698,21.04298],[106.15759,21.04331],[106.15782,21.04329],[106.15849,21.04312],[106.16238,21.04103],[106.16577,21.03829],[106.1682,21.03633],[106.16985,21.03509],[106.17181,21.03409],[106.17258,21.03412],[106.17569,21.03498],[106.17577,21.0347],[106.17503,21.0212],[106.17538,21.01701],[106.17613,21.01498],[106.17669,21.01402],[106.18146,21.01273],[106.18706,21.01323],[106.18719,21.01341],[106.18777,21.01424],[106.18836,21.01653],[106.18921,21.01979],[106.18703,21.02542],[106.18367,21.02729],[106.18472,21.03135],[106.18473,21.03219],[106.18385,21.03327],[106.17704,21.03326],[106.17705,21.03536],[106.18384,21.03724],[106.19007,21.03883],[106.19164,21.0391],[106.1926,21.03916],[106.20199,21.03949],[106.20528,21.03621],[106.20716,21.03386],[106.21008,21.03411],[106.21102,21.03545],[106.2114,21.03603],[106.21292,21.03839],[106.21319,21.03882],[106.21396,21.04185],[106.21518,21.04663],[106.21491,21.04792],[106.21488,21.04799],[106.21431,21.04896],[106.21292,21.05029],[106.21505,21.05422],[106.21424,21.05685],[106.21365,21.05839],[106.21297,21.05971],[106.21169,21.06173],[106.21166,21.06177],[106.21163,21.06182],[106.21146,21.06198],[106.21125,21.06211],[106.211,21.06224],[106.21028,21.06257],[106.21007,21.06264],[106.21129,21.06655],[106.21291,21.07016],[106.21294,21.07022],[106.21299,21.07034],[106.21354,21.07167],[106.21371,21.07207],[106.21458,21.07416],[106.21478,21.07465],[106.20327,21.08461]]]},"properties":{"commune_code":"09454","commune_name":"Xã Gia Bình","commune_kind":"XA","province_code":"24","province_name":"Tỉnh Bắc Ninh","area_km2":29.98,"valid_from":"16/6/2025","published":"13/07/2025","area_km2_geom":30.202306369872325,"quality_flag":null,"population":42764.00000000001,"population_wp":38588.9731132742,"anchor_ratio":1.1081922256513645,"pop_source":"WORLDPOP2025_ANCHORED_VNSDI","pop_density_ppkm2":1415.9183565748588,"n_stations":2,"n_ports":22,"power_kw_site":537.5,"ports_per_10k_pop":5.144514077261247,"util_mean_port_weighted":0.2526774266857337,"dist_station_m_pop_weighted":2549.142081238393}},{"type":"Feature","geometry":{"type":"Polygon","coordinates":[[[106.26359,21.11337],[106.25584,21.11483],[106.24712,21.11441],[106.24712,21.1143],[106.24713,21.11427],[106.24683,21.1117],[106.24542,21.10952],[106.2463,21.10609],[106.24944,21.102],[106.24952,21.10151],[106.24877,21.09864],[106.24789,21.09639],[106.24721,21.09486],[106.24712,21.09369],[106.24871,21.09202],[106.25561,21.08691],[106.26254,21.08221],[106.2691,21.08127],[106.27224,21.07958],[106.27576,21.07667],[106.27755,21.07382],[106.28269,21.06972],[106.28326,21.0696],[106.28339,21.07013],[106.28361,21.07336],[106.28398,21.07413],[106.28946,21.07101],[106.29232,21.06907],[106.29472,21.06743],[106.29625,21.06566],[106.29657,21.06503],[106.30368,21.06901],[106.30355,21.06927],[106.30217,21.07426],[106.30248,21.08237],[106.30256,21.08448],[106.30227,21.08543],[106.30157,21.08765],[106.29966,21.09005],[106.29813,21.09064],[106.2956,21.09161],[106.29216,21.09441],[106.28853,21.09874],[106.27916,21.10675],[106.27679,21.10877],[106.26868,21.11159],[106.26359,21.11337]]]},"properties":{"commune_code":"09466","commune_name":"Xã Cao Đức","commune_kind":"XA","province_code":"24","province_name":"Tỉnh Bắc Ninh","area_km2":19.76,"valid_from":"16/6/2025","published":"13/07/2025","area_km2_geom":17.931787950829595,"quality_flag":null,"population":16966.0,"population_wp":13829.249119492248,"anchor_ratio":1.2268200430409861,"pop_source":"WORLDPOP2025_ANCHORED_VNSDI","pop_density_ppkm2":946.1410120687428,"n_stations":1,"n_ports":4,"power_kw_site":120.0,"ports_per_10k_pop":2.357656489449487,"util_mean_port_weighted":0.40713367609254497,"dist_station_m_pop_weighted":3055.599227128686}},{"type":"Feature","geometry":{"type":"Polygon","coordinates":[[[106.22245,21.10645],[106.22242,21.10658],[106.19809,21.09746],[106.19775,21.09733],[106.19641,21.09683],[106.19594,21.09684],[106.19142,21.09687],[106.18694,21.09776],[106.18268,21.1001],[106.1823,21.10031],[106.18052,21.09825],[106.18116,21.09671],[106.18153,21.09585],[106.18214,21.09455],[106.18224,21.09435],[106.18339,21.0916],[106.18342,21.09064],[106.18343,21.08895],[106.18342,21.08892],[106.18325,21.08822],[106.18324,21.08821],[106.1826,21.08679],[106.18253,21.08669],[106.18241,21.08655],[106.18232,21.08647],[106.18167,21.08595],[106.18119,21.08566],[106.1806,21.08662],[106.17453,21.09148],[106.17248,21.093],[106.16707,21.09576],[106.16791,21.09795],[106.16668,21.10093],[106.16663,21.10088],[106.16528,21.09971],[106.16346,21.0981],[106.15656,21.09404],[106.15696,21.091],[106.15699,21.09084],[106.15808,21.08798],[106.15908,21.08701],[106.16431,21.08219],[106.17044,21.07961],[106.1767,21.07701],[106.17972,21.07451],[106.18005,21.07102],[106.18245,21.07109],[106.18341,21.07654],[106.18568,21.07696],[106.18753,21.07717],[106.19118,21.0784],[106.19255,21.07899],[106.19352,21.07953],[106.19408,21.07993],[106.19486,21.08071],[106.19573,21.08172],[106.19897,21.0833],[106.20321,21.08466],[106.20327,21.08461],[106.21478,21.07465],[106.215,21.07495],[106.21724,21.07511],[106.21744,21.0751],[106.21788,21.07508],[106.21884,21.07504],[106.21936,21.07501],[106.22474,21.07476],[106.22546,21.07446],[106.22764,21.0779],[106.22765,21.07794],[106.22769,21.07831],[106.22772,21.07867],[106.22787,21.08171],[106.22787,21.08317],[106.22746,21.08359],[106.22629,21.08382],[106.22531,21.08494],[106.22522,21.08676],[106.2268,21.08957],[106.22843,21.09387],[106.22719,21.09666],[106.22344,21.10297],[106.22245,21.10645]]]},"properties":{"commune_code":"09469","commune_name":"Xã Đại Lai","commune_kind":"XA","province_code":"24","province_name":"Tỉnh Bắc Ninh","area_km2":15.32,"valid_from":"16/6/2025","published":"13/07/2025","area_km2_geom":15.238896121313347,"quality_flag":null,"population":19308.0,"population_wp":13496.896743860096,"anchor_ratio":1.4305510641758037,"pop_source":"WORLDPOP2025_ANCHORED_VNSDI","pop_density_ppkm2":1267.0209079642943,"n_stations":0,"n_ports":0,"power_kw_site":0.0,"ports_per_10k_pop":0.0,"util_mean_port_weighted":null,"dist_station_m_pop_weighted":5015.054551601605}},{"type":"Feature","geometry":{"type":"Polygon","coordinates":[[[106.24712,21.1143],[106.24712,21.11441],[106.233,21.11047],[106.22242,21.10658],[106.22245,21.10645],[106.22344,21.10297],[106.22719,21.09666],[106.22843,21.09387],[106.2268,21.08957],[106.22522,21.08676],[106.22531,21.08494],[106.22629,21.08382],[106.22746,21.08359],[106.22787,21.08317],[106.22787,21.08171],[106.22772,21.07867],[106.22769,21.07831],[106.22765,21.07794],[106.22764,21.0779],[106.22546,21.07446],[106.22474,21.07476],[106.21936,21.07501],[106.21884,21.07504],[106.21788,21.07508],[106.21744,21.0751],[106.21724,21.07511],[106.215,21.07495],[106.21478,21.07465],[106.21458,21.07416],[106.21371,21.07207],[106.21354,21.07167],[106.21299,21.07034],[106.21294,21.07022],[106.21291,21.07016],[106.21129,21.06655],[106.21007,21.06264],[106.21028,21.06257],[106.211,21.06224],[106.21125,21.06211],[106.21146,21.06198],[106.21163,21.06182],[106.21166,21.06177],[106.21169,21.06173],[106.21297,21.05971],[106.21365,21.05839],[106.21424,21.05685],[106.21505,21.05422],[106.2164,21.05579],[106.22123,21.05781],[106.22538,21.06088],[106.22615,21.06118],[106.22817,21.06169],[106.22885,21.06182],[106.2297,21.06199],[106.23035,21.06195],[106.23085,21.06171],[106.23126,21.06122],[106.23209,21.05982],[106.233,21.05846],[106.23353,21.05807],[106.23421,21.05782],[106.239,21.05617],[106.23947,21.05601],[106.23985,21.05621],[106.24155,21.05801],[106.24313,21.0597],[106.24582,21.06215],[106.24693,21.0627],[106.24758,21.06287],[106.24823,21.06287],[106.25686,21.06062],[106.25725,21.06061],[106.25841,21.06058],[106.26005,21.06057],[106.26184,21.06084],[106.26216,21.06093],[106.26311,21.0612],[106.26413,21.06166],[106.26472,21.0621],[106.26591,21.06301],[106.26672,21.06385],[106.26736,21.06488],[106.268,21.06594],[106.26897,21.06871],[106.26933,21.06975],[106.27035,21.07337],[106.27126,21.07664],[106.27187,21.0788],[106.27224,21.07958],[106.2691,21.08127],[106.26254,21.08221],[106.25561,21.08691],[106.24871,21.09202],[106.24712,21.09369],[106.24721,21.09486],[106.24789,21.09639],[106.24877,21.09864],[106.24952,21.10151],[106.24944,21.102],[106.2463,21.10609],[106.24542,21.10952],[106.24683,21.1117],[106.24713,21.11427],[106.24712,21.1143]]]},"properties":{"commune_code":"09475","commune_name":"Xã Nhân Thắng","commune_kind":"XA","province_code":"24","province_name":"Tỉnh Bắc Ninh","area_km2":22.14,"valid_from":"16/6/2025","published":"13/07/2025","area_km2_geom":21.541239380527244,"quality_flag":null,"population":26738.0,"population_wp":21968.088942352682,"anchor_ratio":1.2171290852911343,"pop_source":"WORLDPOP2025_ANCHORED_VNSDI","pop_density_ppkm2":1241.2470576864998,"n_stations":1,"n_ports":2,"power_kw_site":180.0,"ports_per_10k_pop":0.7479991024010771,"util_mean_port_weighted":0.531660777385159,"dist_station_m_pop_weighted":2571.6637721353773}},{"type":"Feature","geometry":{"type":"Polygon","coordinates":[[[106.16218,21.10969],[106.1598,21.10984],[106.15167,21.1089],[106.14942,21.10682],[106.14715,21.1032],[106.14609,21.09776],[106.14485,21.09124],[106.14335,21.08334],[106.14333,21.08324],[106.14127,21.08058],[106.13881,21.07945],[106.13555,21.0787],[106.13355,21.07872],[106.13095,21.0723],[106.13219,21.06794],[106.13855,21.05157],[106.14175,21.05171],[106.14191,21.05169],[106.14194,21.05169],[106.14219,21.05169],[106.14288,21.05169],[106.14329,21.05171],[106.14411,21.05183],[106.1442,21.05186],[106.14425,21.05192],[106.1443,21.05205],[106.1443,21.05237],[106.1443,21.05253],[106.14429,21.05265],[106.14428,21.05266],[106.14424,21.05284],[106.14423,21.05288],[106.14394,21.05378],[106.14388,21.05397],[106.14352,21.05504],[106.14225,21.05895],[106.14272,21.0593],[106.14403,21.06],[106.14439,21.05998],[106.14901,21.05851],[106.15383,21.0568],[106.15925,21.05518],[106.16352,21.05473],[106.1677,21.05458],[106.16685,21.05634],[106.16746,21.05896],[106.17148,21.06191],[106.17152,21.06194],[106.17172,21.06204],[106.17251,21.06226],[106.17324,21.06229],[106.17563,21.06225],[106.17736,21.06314],[106.17844,21.06391],[106.17953,21.06697],[106.18081,21.07051],[106.18189,21.07096],[106.18245,21.07109],[106.18005,21.07102],[106.17972,21.07451],[106.1767,21.07701],[106.17044,21.07961],[106.16431,21.08219],[106.15908,21.08701],[106.15808,21.08798],[106.15699,21.09084],[106.15696,21.091],[106.15656,21.09404],[106.16346,21.0981],[106.16528,21.09971],[106.16663,21.10088],[106.16668,21.10093],[106.16791,21.09795],[106.16707,21.09576],[106.17248,21.093],[106.17453,21.09148],[106.1806,21.08662],[106.18119,21.08566],[106.18167,21.08595],[106.18232,21.08647],[106.18241,21.08655],[106.18253,21.08669],[106.1826,21.08679],[106.18324,21.08821],[106.18325,21.08822],[106.18342,21.08892],[106.18343,21.08895],[106.18342,21.09064],[106.18339,21.0916],[106.18224,21.09435],[106.18214,21.09455],[106.18153,21.09585],[106.18116,21.09671],[106.18052,21.09825],[106.1823,21.10031],[106.17509,21.10588],[106.16981,21.1084],[106.16892,21.10855],[106.16218,21.10969]]]},"properties":{"commune_code":"09487","commune_name":"Xã Đông Cứu","commune_kind":"XA","province_code":"24","province_name":"Tỉnh Bắc Ninh","area_km2":20.39,"valid_from":"16/6/2025","published":"13/07/2025","area_km2_geom":19.92674625578091,"quality_flag":null,"population":28528.0,"population_wp":21845.580862648785,"anchor_ratio":1.3058934060561742,"pop_source":"WORLDPOP2025_ANCHORED_VNSDI","pop_density_ppkm2":1431.6436629348757,"n_stations":0,"n_ports":0,"power_kw_site":0.0,"ports_per_10k_pop":0.0,"util_mean_port_weighted":null,"dist_station_m_pop_weighted":3465.949048567253}},{"type":"Feature","geometry":{"type":"Polygon","coordinates":[[[106.24823,21.06287],[106.24758,21.06287],[106.24693,21.0627],[106.24582,21.06215],[106.24313,21.0597],[106.24155,21.05801],[106.23985,21.05621],[106.23947,21.05601],[106.239,21.05617],[106.23421,21.05782],[106.23353,21.05807],[106.233,21.05846],[106.23209,21.05982],[106.23126,21.06122],[106.23085,21.06171],[106.23035,21.06195],[106.2297,21.06199],[106.22885,21.06182],[106.22817,21.06169],[106.22615,21.06118],[106.22538,21.06088],[106.22123,21.05781],[106.2164,21.05579],[106.21505,21.05422],[106.21292,21.05029],[106.21431,21.04896],[106.21488,21.04799],[106.21491,21.04792],[106.21518,21.04663],[106.21396,21.04185],[106.21319,21.03882],[106.21292,21.03839],[106.2114,21.03603],[106.21102,21.03545],[106.21008,21.03411],[106.20716,21.03386],[106.20528,21.03621],[106.20199,21.03949],[106.1926,21.03916],[106.19164,21.0391],[106.19007,21.03883],[106.18384,21.03724],[106.17705,21.03536],[106.17704,21.03326],[106.18385,21.03327],[106.18473,21.03219],[106.18472,21.03135],[106.18367,21.02729],[106.18703,21.02542],[106.18921,21.01979],[106.18836,21.01653],[106.18777,21.01424],[106.18719,21.01341],[106.18688,21.01207],[106.18678,21.00979],[106.18714,21.00636],[106.18762,21.00477],[106.18785,21.00474],[106.18895,21.00461],[106.19022,21.00445],[106.19022,21.0033],[106.19129,21.00305],[106.19459,21.00327],[106.19575,21.00344],[106.19621,21.00426],[106.19868,21.00469],[106.20204,21.00516],[106.20242,21.00515],[106.20282,21.00313],[106.20299,21.00225],[106.20323,21.00223],[106.20376,21.0022],[106.20438,21.00216],[106.20442,21.00216],[106.20469,21.00216],[106.20602,21.00437],[106.20762,21.00799],[106.20711,21.0083],[106.20368,21.01066],[106.20785,21.01599],[106.20971,21.01616],[106.21234,21.01627],[106.21477,21.01602],[106.21689,21.01551],[106.21833,21.01692],[106.21831,21.02091],[106.21956,21.02184],[106.22146,21.02322],[106.2218,21.02347],[106.22183,21.0235],[106.22312,21.02444],[106.22876,21.02716],[106.23491,21.03041],[106.23834,21.03362],[106.24308,21.03476],[106.24834,21.03511],[106.24832,21.03515],[106.24831,21.0352],[106.2483,21.03527],[106.24828,21.03535],[106.24827,21.03546],[106.24823,21.03578],[106.2482,21.03612],[106.24813,21.03739],[106.24813,21.03749],[106.24814,21.03841],[106.24841,21.03947],[106.24918,21.04034],[106.25028,21.04108],[106.25139,21.04156],[106.25144,21.04159],[106.25148,21.04159],[106.25197,21.04164],[106.26299,21.04174],[106.26639,21.04154],[106.26683,21.04151],[106.26792,21.04143],[106.26815,21.04139],[106.26865,21.04132],[106.26943,21.04122],[106.26951,21.04121],[106.26975,21.04295],[106.26984,21.04365],[106.27016,21.04663],[106.26807,21.04829],[106.26563,21.04889],[106.26229,21.04969],[106.26026,21.05007],[106.25808,21.05046],[106.25704,21.05078],[106.25594,21.05122],[106.25466,21.05181],[106.25388,21.05237],[106.25307,21.0532],[106.25273,21.05381],[106.2525,21.05445],[106.25239,21.05506],[106.2524,21.05583],[106.25249,21.05683],[106.25686,21.06062],[106.24823,21.06287]]]},"properties":{"commune_code":"09496","commune_name":"Xã Lương Tài","commune_kind":"XA","province_code":"24","province_name":"Tỉnh Bắc Ninh","area_km2":24.69,"valid_from":"16/6/2025","published":"13/07/2025","area_km2_geom":24.84605451716912,"quality_flag":null,"population":31830.0,"population_wp":27868.486247260123,"anchor_ratio":1.1421503025888013,"pop_source":"WORLDPOP2025_ANCHORED_VNSDI","pop_density_ppkm2":1281.088712817757,"n_stations":3,"n_ports":8,"power_kw_site":297.0,"ports_per_10k_pop":2.5133521834747095,"util_mean_port_weighted":0.2693904968179288,"dist_station_m_pop_weighted":2036.1998307262656}},{"type":"Feature","geometry":{"type":"Polygon","coordinates":[[[106.27576,21.07667],[106.27224,21.07958],[106.27187,21.0788],[106.27126,21.07664],[106.27035,21.07337],[106.26933,21.06975],[106.26897,21.06871],[106.268,21.06594],[106.26736,21.06488],[106.26672,21.06385],[106.26591,21.06301],[106.26472,21.0621],[106.26413,21.06166],[106.26311,21.0612],[106.26216,21.06093],[106.26184,21.06084],[106.26005,21.06057],[106.25841,21.06058],[106.25725,21.06061],[106.25686,21.06062],[106.25249,21.05683],[106.2524,21.05583],[106.25239,21.05506],[106.2525,21.05445],[106.25273,21.05381],[106.25307,21.0532],[106.25388,21.05237],[106.25466,21.05181],[106.25594,21.05122],[106.25704,21.05078],[106.25808,21.05046],[106.26026,21.05007],[106.26229,21.04969],[106.26563,21.04889],[106.26807,21.04829],[106.27016,21.04663],[106.26984,21.04365],[106.26975,21.04295],[106.26951,21.04121],[106.26943,21.04122],[106.26865,21.04132],[106.26815,21.04139],[106.26792,21.04143],[106.26683,21.04151],[106.26639,21.04154],[106.26299,21.04174],[106.25197,21.04164],[106.25148,21.04159],[106.25144,21.04159],[106.25139,21.04156],[106.25028,21.04108],[106.24918,21.04034],[106.24841,21.03947],[106.24814,21.03841],[106.24813,21.03749],[106.24813,21.03739],[106.2482,21.03612],[106.24823,21.03578],[106.24827,21.03546],[106.24828,21.03535],[106.2483,21.03527],[106.24831,21.0352],[106.24832,21.03515],[106.24834,21.03511],[106.24866,21.03363],[106.24931,21.03062],[106.24933,21.03057],[106.24934,21.03052],[106.24936,21.03047],[106.24938,21.0304],[106.24941,21.03034],[106.24943,21.03029],[106.24945,21.03024],[106.24947,21.03018],[106.24981,21.02943],[106.24987,21.02931],[106.24993,21.0292],[106.24997,21.0291],[106.24998,21.02909],[106.25001,21.02903],[106.25004,21.02897],[106.25008,21.02891],[106.25011,21.02885],[106.25068,21.02785],[106.25073,21.02777],[106.25078,21.02768],[106.25084,21.02758],[106.25091,21.02748],[106.25098,21.02738],[106.25105,21.02728],[106.25112,21.02719],[106.25119,21.0271],[106.25126,21.02702],[106.25133,21.02694],[106.25139,21.02686],[106.25146,21.02679],[106.25228,21.02589],[106.26345,21.01883],[106.27209,21.0146],[106.27768,21.01038],[106.27932,21.0087],[106.27962,21.00899],[106.2815,21.01039],[106.28897,21.01597],[106.29461,21.02052],[106.29526,21.02243],[106.29519,21.02311],[106.29503,21.0247],[106.29447,21.02703],[106.29357,21.03081],[106.29334,21.0321],[106.29323,21.03271],[106.29326,21.03681],[106.29389,21.03918],[106.29406,21.03982],[106.29641,21.04342],[106.30578,21.05239],[106.30825,21.05524],[106.30941,21.05738],[106.30927,21.05903],[106.30726,21.06188],[106.30368,21.06901],[106.29657,21.06503],[106.29625,21.06566],[106.29472,21.06743],[106.29232,21.06907],[106.28946,21.07101],[106.28398,21.07413],[106.28361,21.07336],[106.28339,21.07013],[106.28326,21.0696],[106.28269,21.06972],[106.27755,21.07382],[106.27576,21.07667]]]},"properties":{"commune_code":"09499","commune_name":"Xã Trung Kênh","commune_kind":"XA","province_code":"24","province_name":"Tỉnh Bắc Ninh","area_km2":27.32,"valid_from":"16/6/2025","published":"13/07/2025","area_km2_geom":26.682366444556976,"quality_flag":null,"population":38606.0,"population_wp":32654.349723074585,"anchor_ratio":1.1822620976194111,"pop_source":"WORLDPOP2025_ANCHORED_VNSDI","pop_density_ppkm2":1446.8731654749972,"n_stations":0,"n_ports":0,"power_kw_site":0.0,"ports_per_10k_pop":0.0,"util_mean_port_weighted":null,"dist_station_m_pop_weighted":5566.548939491408}},{"type":"Feature","geometry":{"type":"Polygon","coordinates":[[[106.24866,21.03363],[106.24834,21.03511],[106.24308,21.03476],[106.23834,21.03362],[106.23491,21.03041],[106.22876,21.02716],[106.22312,21.02444],[106.22183,21.0235],[106.2218,21.02347],[106.22146,21.02322],[106.21956,21.02184],[106.21831,21.02091],[106.21833,21.01692],[106.21689,21.01551],[106.21477,21.01602],[106.21234,21.01627],[106.20971,21.01616],[106.20785,21.01599],[106.20368,21.01066],[106.20711,21.0083],[106.20762,21.00799],[106.20602,21.00437],[106.20469,21.00216],[106.20442,21.00216],[106.20438,21.00216],[106.20376,21.0022],[106.20323,21.00223],[106.20299,21.00225],[106.20282,21.00313],[106.20242,21.00515],[106.20204,21.00516],[106.19868,21.00469],[106.19621,21.00426],[106.19575,21.00344],[106.19459,21.00327],[106.19129,21.00305],[106.19022,21.0033],[106.18936,20.99946],[106.19246,20.99701],[106.19712,20.99289],[106.19911,20.98985],[106.20242,20.98441],[106.20277,20.98329],[106.20459,20.98381],[106.21823,20.99029],[106.21993,20.99123],[106.22412,20.99354],[106.2306,20.99626],[106.23872,20.99534],[106.24,20.99568],[106.24167,20.9979],[106.24253,20.99858],[106.24363,20.99869],[106.24973,20.99744],[106.25327,20.99644],[106.25819,20.99319],[106.26558,20.98895],[106.2689,20.98983],[106.27249,20.99169],[106.27323,20.99206],[106.27325,20.99207],[106.27275,20.9944],[106.27332,20.99957],[106.27337,21.00007],[106.27654,21.00608],[106.27932,21.0087],[106.27768,21.01038],[106.27209,21.0146],[106.26345,21.01883],[106.25228,21.02589],[106.25146,21.02679],[106.25139,21.02686],[106.25133,21.02694],[106.25126,21.02702],[106.25119,21.0271],[106.25112,21.02719],[106.25105,21.02728],[106.25098,21.02738],[106.25091,21.02748],[106.25084,21.02758],[106.25078,21.02768],[106.25073,21.02777],[106.25068,21.02785],[106.25011,21.02885],[106.25008,21.02891],[106.25004,21.02897],[106.25001,21.02903],[106.24998,21.02909],[106.24997,21.0291],[106.24993,21.0292],[106.24987,21.02931],[106.24981,21.02943],[106.24947,21.03018],[106.24945,21.03024],[106.24943,21.03029],[106.24941,21.03034],[106.24938,21.0304],[106.24936,21.03047],[106.24934,21.03052],[106.24933,21.03057],[106.24931,21.03062],[106.24866,21.03363]]]},"properties":{"commune_code":"09523","commune_name":"Xã Trung Chính","commune_kind":"XA","province_code":"24","province_name":"Tỉnh Bắc Ninh","area_km2":27.64,"valid_from":"16/6/2025","published":"13/07/2025","area_km2_geom":26.72308525840112,"quality_flag":null,"population":26960.0,"population_wp":19140.05006082356,"anchor_ratio":1.4085647589387738,"pop_source":"WORLDPOP2025_ANCHORED_VNSDI","pop_density_ppkm2":1008.8655459991993,"n_stations":1,"n_ports":12,"power_kw_site":321.0,"ports_per_10k_pop":4.451038575667655,"util_mean_port_weighted":0.1978605935127674,"dist_station_m_pop_weighted":3945.6590767541097}},{"type":"Feature","geometry":{"type":"Polygon","coordinates":[[[106.15782,21.04329],[106.15759,21.04331],[106.15698,21.04298],[106.15436,21.03634],[106.15065,21.03475],[106.14886,21.02963],[106.15436,21.02854],[106.15491,21.02483],[106.15285,21.02016],[106.1434,21.02481],[106.14055,21.02613],[106.14033,21.02197],[106.14026,21.01684],[106.14025,21.01549],[106.14019,21.01082],[106.14018,21.01072],[106.14069,21.0009],[106.137,21.00092],[106.13893,21.00041],[106.13949,21.00025],[106.14303,20.9965],[106.14684,20.9928],[106.14828,20.9914],[106.15091,20.98937],[106.15376,20.98868],[106.15798,20.98884],[106.15814,20.98884],[106.16283,20.98929],[106.16694,20.98812],[106.1673,20.98802],[106.16747,20.9878],[106.16851,20.98648],[106.1688,20.98456],[106.16765,20.9818],[106.16359,20.97523],[106.16559,20.97321],[106.16679,20.97119],[106.16733,20.96992],[106.16764,20.96919],[106.16832,20.96905],[106.16934,20.96948],[106.17083,20.97083],[106.17116,20.97121],[106.1731,20.97349],[106.17711,20.97588],[106.18486,20.97824],[106.19088,20.97994],[106.20277,20.98329],[106.20242,20.98441],[106.19911,20.98985],[106.19712,20.99289],[106.19246,20.99701],[106.18936,20.99946],[106.19022,21.0033],[106.19022,21.00445],[106.18895,21.00461],[106.18785,21.00474],[106.18762,21.00477],[106.18714,21.00636],[106.18678,21.00979],[106.18688,21.01207],[106.18719,21.01341],[106.18706,21.01323],[106.18146,21.01273],[106.17669,21.01402],[106.17613,21.01498],[106.17538,21.01701],[106.17503,21.0212],[106.17577,21.0347],[106.17569,21.03498],[106.17258,21.03412],[106.17181,21.03409],[106.16985,21.03509],[106.1682,21.03633],[106.16577,21.03829],[106.16238,21.04103],[106.15849,21.04312],[106.15782,21.04329]]]},"properties":{"commune_code":"09529","commune_name":"Xã Lâm Thao","commune_kind":"XA","province_code":"24","province_name":"Tỉnh Bắc Ninh","area_km2":26.26,"valid_from":"16/6/2025","published":"13/07/2025","area_km2_geom":26.287837011480168,"quality_flag":null,"population":32432.000000000004,"population_wp":28024.892037203535,"anchor_ratio":1.1572569113538762,"pop_source":"WORLDPOP2025_ANCHORED_VNSDI","pop_density_ppkm2":1233.726456301316,"n_stations":0,"n_ports":0,"power_kw_site":0.0,"ports_per_10k_pop":0.0,"util_mean_port_weighted":null,"dist_station_m_pop_weighted":4452.483809803053}}]}