{"type":"FeatureCollection","features":[{"type":"Feature","geometry":{"type":"MultiPolygon","coordinates":[[[[109.197481,12.216473],[109.197482,12.216446],[109.197501,12.216421],[109.197514,12.216413],[109.197543,12.216406],[109.19757,12.216413],[109.19768,12.216356],[109.19771,12.216338],[109.197725,12.216325],[109.197731,12.216303],[109.19774,12.216278],[109.197752,12.216259],[109.197788,12.216246],[109.197831,12.216256],[109.198071,12.216592],[109.198092,12.216629],[109.198095,12.216664],[109.198077,12.216695],[109.198051,12.216705],[109.198023,12.216722],[109.197498,12.216522],[109.197485,12.216499],[109.197481,12.216473]]]]},"properties":{"group":"public","tag":"leisure=park","name":null,"levels":null,"lat":12.216497090622466,"lng":109.1978046927714,"osm_type":"way","osm_id":118901328}},{"type":"Feature","geometry":{"type":"MultiPolygon","coordinates":[[[[109.198861,12.268653],[109.198941,12.268614],[109.198897,12.267487],[109.199166,12.267415],[109.199577,12.26751],[109.199624,12.267407],[109.199767,12.267378],[109.199677,12.267084],[109.200312,12.266809],[109.201271,12.266459],[109.201643,12.266298],[109.201802,12.266252],[109.201934,12.266244],[109.202201,12.266253],[109.20379,12.266567],[109.204118,12.266657],[109.204396,12.266833],[109.204647,12.267071],[109.204647,12.267128],[109.204506,12.267344],[109.204471,12.267535],[109.204435,12.267887],[109.2044,12.268095],[109.204345,12.268197],[109.204306,12.268245],[109.204204,12.268351],[109.204178,12.26838],[109.204081,12.268452],[109.203956,12.268529],[109.203901,12.268561],[109.203989,12.268682],[109.204031,12.268658],[109.20421,12.268888],[109.203881,12.26909],[109.203897,12.269148],[109.204171,12.269493],[109.20407,12.269615],[109.20375,12.269729],[109.20353,12.26983],[109.203213,12.270011],[109.203133,12.270186],[109.202675,12.270096],[109.202547,12.270021],[109.202092,12.269705],[109.20135,12.269202],[109.200775,12.268811],[109.200913,12.26864],[109.20085,12.268541],[109.200944,12.268478],[109.200865,12.268383],[109.200811,12.268155],[109.200593,12.268177],[109.20061,12.268281],[109.200649,12.268398],[109.200661,12.268485],[109.200603,12.268577],[109.200491,12.268497],[109.200414,12.268631],[109.200252,12.268719],[109.19975,12.268892],[109.199778,12.269],[109.199804,12.26917],[109.199736,12.269244],[109.199632,12.269182],[109.199086,12.269381],[109.198861,12.268653]]]]},"properties":{"group":"edu_health","tag":"amenity=university","name":"Trường Đại học Nha Trang","levels":null,"lat":12.26801877571033,"lng":109.20196641125153,"osm_type":"way","osm_id":126760189}},{"type":"Feature","geometry":{"type":"MultiPolygon","coordinates":[[[[109.19668,12.286883],[109.196826,12.28265],[109.196862,12.282603],[109.196946,12.28256],[109.201115,12.282465],[109.201284,12.287854],[109.196743,12.287879],[109.19668,12.286883]]]]},"properties":{"group":"edu_health","tag":"amenity=university","name":"Trường Sĩ Quan Thông Tin","levels":null,"lat":12.285221070048195,"lng":109.19897890230193,"osm_type":"way","osm_id":126760209}},{"type":"Feature","geometry":{"type":"MultiPolygon","coordinates":[[[[109.202399,12.271153],[109.202419,12.270566],[109.202614,12.270217],[109.203091,12.2703],[109.203445,12.27038],[109.204057,12.270565],[109.204307,12.270655],[109.204082,12.271418],[109.204066,12.271515],[109.203775,12.271717],[109.203396,12.27187],[109.202987,12.271702],[109.202632,12.27152],[109.202508,12.271309],[109.202399,12.271153]]]]},"properties":{"group":"edu_health","tag":"amenity=university","name":"Trường Đại học Tôn Đức Thắng (Phân hiệu Khánh Hòa)","levels":null,"lat":12.271017442428766,"lng":109.20328717977206,"osm_type":"way","osm_id":126760239}},{"type":"Feature","geometry":{"type":"MultiPolygon","coordinates":[[[[109.179942,12.28729],[109.18016,12.28709],[109.180315,12.286911],[109.180561,12.285964],[109.1806,12.285917],[109.182659,12.285904],[109.182689,12.286176],[109.182827,12.286508],[109.182494,12.286646],[109.182091,12.286766],[109.182072,12.28678],[109.182009,12.286824],[109.182839,12.288244],[109.181313,12.289108],[109.181067,12.289256],[109.180951,12.289314],[109.180904,12.28929],[109.180504,12.288724],[109.180106,12.288885],[109.179997,12.288732],[109.179944,12.288564],[109.179961,12.288357],[109.180061,12.28776],[109.179942,12.28729]]]]},"properties":{"group":"edu_health","tag":"amenity=college","name":"Trường Cao đẳng Sư phạm Trung ương Nha Trang","levels":null,"lat":12.287482854335204,"lng":109.18131418213089,"osm_type":"way","osm_id":162813673}},{"type":"Feature","geometry":{"type":"MultiPolygon","coordinates":[[[[109.213125,12.014549],[109.2139,12.014288],[109.214165,12.01504],[109.21339,12.015301],[109.213125,12.014549]]]]},"properties":{"group":"public","tag":"leisure=park","name":null,"levels":null,"lat":12.014794376227258,"lng":109.21364498690987,"osm_type":"way","osm_id":231880962}},{"type":"Feature","geometry":{"type":"MultiPolygon","coordinates":[[[[109.201276,12.268813],[109.201278,12.268726],[109.2013,12.268726],[109.201684,12.268739],[109.201699,12.268761],[109.201697,12.268824],[109.201276,12.268813]]]]},"properties":{"group":"public","tag":"leisure=garden","name":null,"levels":null,"lat":12.268775720934542,"lng":109.2014857757154,"osm_type":"way","osm_id":232004725}},{"type":"Feature","geometry":{"type":"MultiPolygon","coordinates":[[[[109.196188,12.236721],[109.196247,12.236375],[109.196338,12.236388],[109.196453,12.236408],[109.196782,12.236465],[109.196756,12.236607],[109.196722,12.236809],[109.196188,12.236721]]]]},"properties":{"group":"apartment","tag":"building=apartments","name":"Mường Thanh Luxury","levels":46.0,"lat":12.236592056177107,"lng":109.19648425981684,"osm_type":"way","osm_id":232453953}},{"type":"Feature","geometry":{"type":"MultiPolygon","coordinates":[[[[109.184322,12.249566],[109.184645,12.249553],[109.184694,12.250217],[109.184368,12.250091],[109.184322,12.249566]]]]},"properties":{"group":"public","tag":"leisure=park","name":null,"levels":null,"lat":12.249856553984435,"lng":109.18451346482227,"osm_type":"way","osm_id":232457148}},{"type":"Feature","geometry":{"type":"MultiPolygon","coordinates":[[[[109.184221,12.248985],[109.184222,12.248935],[109.184226,12.248908],[109.184242,12.248889],[109.184288,12.248871],[109.184556,12.248797],[109.184576,12.249429],[109.184276,12.249439],[109.184221,12.248985]]]]},"properties":{"group":"public","tag":"leisure=park","name":null,"levels":null,"lat":12.249132146815787,"lng":109.18440836498671,"osm_type":"way","osm_id":232457150}},{"type":"Feature","geometry":{"type":"MultiPolygon","coordinates":[[[[108.970372,11.586305],[108.970911,11.585819],[108.971252,11.586203],[108.971362,11.586122],[108.971673,11.586406],[108.970995,11.587001],[108.970372,11.586305]]]]},"properties":{"group":"edu_health","tag":"amenity=school","name":"Trường Tiểu học Phước Mỹ 1","levels":null,"lat":11.586403841259488,"lng":108.9709998572433,"osm_type":"way","osm_id":282910604}},{"type":"Feature","geometry":{"type":"MultiPolygon","coordinates":[[[[109.058935,11.717095],[109.060373,11.716563],[109.060502,11.718165],[109.059379,11.718291],[109.059248,11.717955],[109.058935,11.717095]]]]},"properties":{"group":"public","tag":"leisure=park","name":"Công viên 7 Tháng 2","levels":null,"lat":11.717488700192547,"lng":109.05981258445706,"osm_type":"way","osm_id":301078963}},{"type":"Feature","geometry":{"type":"MultiPolygon","coordinates":[[[[109.14594,11.923261],[109.146321,11.922883],[109.147399,11.921833],[109.147817,11.922248],[109.147325,11.922777],[109.147721,11.923154],[109.147565,11.923296],[109.146771,11.924048],[109.14594,11.923261]]]]},"properties":{"group":"edu_health","tag":"amenity=school","name":"Trường Trung học phổ thông Phan Bội Châu","levels":1.0,"lat":11.922996086722705,"lng":109.1469449116104,"osm_type":"way","osm_id":307832201}},{"type":"Feature","geometry":{"type":"MultiPolygon","coordinates":[[[[109.161601,11.925901],[109.164324,11.922894],[109.164696,11.92321],[109.161972,11.926217],[109.161904,11.92622],[109.16161,11.925972],[109.161601,11.925901]]]]},"properties":{"group":"public","tag":"leisure=park","name":"Công viên 18 Tháng 10","levels":null,"lat":11.924570814045127,"lng":109.16313457412754,"osm_type":"way","osm_id":324504905}},{"type":"Feature","geometry":{"type":"MultiPolygon","coordinates":[[[[109.197473,12.264565],[109.197632,12.264552],[109.197639,12.264627],[109.19748,12.26464],[109.197473,12.264565]]]]},"properties":{"group":"public","tag":"leisure=park","name":null,"levels":null,"lat":12.264595926773282,"lng":109.19755603254518,"osm_type":"way","osm_id":361720817}},{"type":"Feature","geometry":{"type":"MultiPolygon","coordinates":[[[[109.191814,12.244946],[109.191817,12.244899],[109.191832,12.244857],[109.192039,12.244675],[109.192068,12.244659],[109.192103,12.244663],[109.192139,12.244678],[109.192156,12.244712],[109.192166,12.245152],[109.192163,12.245178],[109.192145,12.245203],[109.192104,12.245227],[109.19206,12.245218],[109.191833,12.245026],[109.191814,12.244946]],[[109.191929,12.244952],[109.191934,12.244988],[109.191983,12.245009],[109.191983,12.245051],[109.192026,12.245078],[109.192074,12.245072],[109.192095,12.245004],[109.192058,12.244952],[109.192085,12.244899],[109.192074,12.244842],[109.192015,12.244826],[109.191988,12.244863],[109.191983,12.244905],[109.191956,12.244915],[109.191929,12.244952]]]]},"properties":{"group":"public","tag":"leisure=park","name":null,"levels":null,"lat":12.24493878069145,"lng":109.19202080385637,"osm_type":"relation","osm_id":5388986}},{"type":"Feature","geometry":{"type":"MultiPolygon","coordinates":[[[[109.19429,12.23262],[109.194331,12.232425],[109.194399,12.232439],[109.194358,12.232634],[109.19429,12.23262]]]]},"properties":{"group":"apartment","tag":"building=apartments","name":"07 Galaxy","levels":null,"lat":12.232529469622314,"lng":109.19434459821815,"osm_type":"way","osm_id":408075629}},{"type":"Feature","geometry":{"type":"MultiPolygon","coordinates":[[[[109.194406,12.23262],[109.194444,12.232453],[109.194508,12.232467],[109.19447,12.232634],[109.194406,12.23262]]]]},"properties":{"group":"apartment","tag":"building=apartments","name":"Lavu 2","levels":null,"lat":12.232543520683494,"lng":109.19445716961167,"osm_type":"way","osm_id":408075630}},{"type":"Feature","geometry":{"type":"MultiPolygon","coordinates":[[[[109.194176,12.232554],[109.19421,12.2324],[109.194262,12.232411],[109.194228,12.232565],[109.194176,12.232554]]]]},"properties":{"group":"apartment","tag":"building=apartments","name":"Quang Vu","levels":null,"lat":12.232482549999999,"lng":109.19421925,"osm_type":"way","osm_id":408075631}},{"type":"Feature","geometry":{"type":"MultiPolygon","coordinates":[[[[109.19598,12.230892],[109.195999,12.230832],[109.196077,12.230854],[109.196055,12.230913],[109.19598,12.230892]]]]},"properties":{"group":"apartment","tag":"building=apartments","name":null,"levels":null,"lat":12.230872473449082,"lng":109.1960278920833,"osm_type":"way","osm_id":408075745}},{"type":"Feature","geometry":{"type":"MultiPolygon","coordinates":[[[[109.193836,12.288108],[109.194351,12.288089],[109.195668,12.288309],[109.195741,12.289942],[109.193877,12.290021],[109.193836,12.288108]]]]},"properties":{"group":"edu_health","tag":"amenity=college","name":"Trường Cao đẳng Du lịch Nha Trang","levels":null,"lat":12.289078278212381,"lng":109.19475332400485,"osm_type":"way","osm_id":409076603}},{"type":"Feature","geometry":{"type":"MultiPolygon","coordinates":[[[[109.19678,12.289523],[109.196796,12.288547],[109.197679,12.288561],[109.197671,12.289517],[109.19678,12.289523]]]]},"properties":{"group":"edu_health","tag":"amenity=school","name":"Trường tiểu học Vĩnh Hòa 1","levels":null,"lat":12.289037658336117,"lng":109.19722995608171,"osm_type":"way","osm_id":409076604}},{"type":"Feature","geometry":{"type":"MultiPolygon","coordinates":[[[[109.169254,12.253528],[109.169965,12.253303],[109.169977,12.253336],[109.170199,12.253268],[109.170234,12.253381],[109.170021,12.253441],[109.170039,12.253511],[109.169335,12.253732],[109.169254,12.253528]]]]},"properties":{"group":"public","tag":"leisure=park","name":"Công Viên Khu Đô Thị Vĩnh Điềm Trung B","levels":null,"lat":12.253495469597544,"lng":109.16971313862611,"osm_type":"way","osm_id":438294068}},{"type":"Feature","geometry":{"type":"MultiPolygon","coordinates":[[[[109.133565,12.25779],[109.133912,12.25778],[109.133919,12.257501],[109.134546,12.257494],[109.134546,12.257776],[109.13437,12.257783],[109.134367,12.258563],[109.133572,12.258563],[109.133565,12.25779]]]]},"properties":{"group":"mall","tag":"shop=mall","name":"MM Mega Market","levels":null,"lat":12.25805373410162,"lng":109.13402723990144,"osm_type":"way","osm_id":454422052}},{"type":"Feature","geometry":{"type":"MultiPolygon","coordinates":[[[[109.216926,12.68602],[109.217902,12.685612],[109.218326,12.686423],[109.217275,12.686428],[109.217103,12.686345],[109.216926,12.68602]]]]},"properties":{"group":"public","tag":"leisure=park","name":null,"levels":null,"lat":12.686106996003062,"lng":109.21763802217716,"osm_type":"way","osm_id":469350170}},{"type":"Feature","geometry":{"type":"MultiPolygon","coordinates":[[[[109.21576,12.677512],[109.216994,12.676538],[109.217643,12.677522],[109.216742,12.678412],[109.215921,12.677925],[109.21576,12.677512]]]]},"properties":{"group":"edu_health","tag":"amenity=hospital","name":null,"levels":null,"lat":12.677520586243544,"lng":109.21671624871314,"osm_type":"way","osm_id":469614616}},{"type":"Feature","geometry":{"type":"MultiPolygon","coordinates":[[[[109.211632,12.198685],[109.211721,12.198601],[109.211794,12.198675],[109.211704,12.198759],[109.211632,12.198685]]]]},"properties":{"group":"apartment","tag":"building=apartments","name":"LY LY VILLA","levels":3.0,"lat":12.198679816549177,"lng":109.21171270181046,"osm_type":"way","osm_id":477245956}},{"type":"Feature","geometry":{"type":"MultiPolygon","coordinates":[[[[109.021749,11.563243],[109.021926,11.563026],[109.024136,11.562843],[109.024243,11.562906],[109.024324,11.563469],[109.024233,11.563994],[109.024195,11.564331],[109.024238,11.564662],[109.024179,11.565108],[109.024056,11.565471],[109.023991,11.566133],[109.024034,11.566753],[109.023965,11.56678],[109.023825,11.566926],[109.02257,11.567142],[109.022462,11.567052],[109.022296,11.567001],[109.021749,11.563243]]]]},"properties":{"group":"public","tag":"leisure=park","name":"Công viên Biển Bình Sơn","levels":null,"lat":11.564829908636757,"lng":109.02307944811712,"osm_type":"way","osm_id":477664809}},{"type":"Feature","geometry":{"type":"MultiPolygon","coordinates":[[[[109.021625,11.562243],[109.02426,11.561997],[109.024179,11.562407],[109.024061,11.56249],[109.021894,11.562701],[109.021679,11.562544],[109.021625,11.562243]]]]},"properties":{"group":"public","tag":"leisure=park","name":null,"levels":null,"lat":11.562353091794765,"lng":109.0229484361177,"osm_type":"way","osm_id":477666510}},{"type":"Feature","geometry":{"type":"MultiPolygon","coordinates":[[[[109.021467,11.562894],[109.021469,11.562863],[109.021479,11.562834],[109.021501,11.562802],[109.021532,11.562779],[109.021569,11.562765],[109.021608,11.562764],[109.021648,11.562775],[109.021682,11.562798],[109.021707,11.562832],[109.02172,11.562873],[109.021717,11.562918],[109.021707,11.562945],[109.021689,11.562969],[109.021667,11.56299],[109.021642,11.563003],[109.021596,11.563011],[109.021553,11.563005],[109.021515,11.562985],[109.021486,11.562953],[109.021473,11.562926],[109.021467,11.562894]]]]},"properties":{"group":"public","tag":"leisure=park","name":null,"levels":null,"lat":11.562887360659998,"lng":109.02159362186036,"osm_type":"way","osm_id":477671728}},{"type":"Feature","geometry":{"type":"MultiPolygon","coordinates":[[[[108.995197,11.56607],[108.995353,11.565872],[108.99803,11.565615],[108.998123,11.565679],[108.998274,11.567254],[108.998226,11.567334],[108.998145,11.567371],[108.995323,11.566853],[108.995271,11.566807],[108.995197,11.56607]]]]},"properties":{"group":"public","tag":"leisure=park","name":"Công viên 16 tháng 4","levels":null,"lat":11.566441716087544,"lng":108.99686817759085,"osm_type":"way","osm_id":477671731}},{"type":"Feature","geometry":{"type":"MultiPolygon","coordinates":[[[[108.998387,11.565358],[108.99843,11.565279],[108.998486,11.565232],[108.998561,11.5652],[109.000501,11.564982],[109.000592,11.564993],[109.000656,11.565024],[109.000718,11.56509],[109.000737,11.565164],[109.000731,11.565245],[109.000697,11.565309],[109.00063,11.565361],[109.000565,11.565388],[108.998567,11.565608],[108.998518,11.565597],[108.998473,11.56557],[108.998419,11.565512],[108.998387,11.565432],[108.998387,11.565358]]]]},"properties":{"group":"public","tag":"leisure=park","name":"Quảng trường Thành phố Phan Rang-Tháp Chàm","levels":null,"lat":11.565293390433512,"lng":108.99956290135135,"osm_type":"way","osm_id":477671735}},{"type":"Feature","geometry":{"type":"MultiPolygon","coordinates":[[[[108.982686,11.574465],[108.982687,11.574444],[108.982696,11.574425],[108.98271,11.57441],[108.982729,11.5744],[108.98275,11.574397],[108.982771,11.574401],[108.982789,11.574411],[108.982803,11.574427],[108.982811,11.574446],[108.982812,11.574466],[108.982806,11.574485],[108.982795,11.574502],[108.982778,11.574514],[108.982759,11.57452],[108.982739,11.57452],[108.982719,11.574514],[108.982703,11.574502],[108.982691,11.574485],[108.982686,11.574465]]]]},"properties":{"group":"public","tag":"leisure=park","name":null,"levels":null,"lat":11.574459060077091,"lng":108.98274877305661,"osm_type":"way","osm_id":477678994}},{"type":"Feature","geometry":{"type":"MultiPolygon","coordinates":[[[[109.140528,12.504962],[109.140568,12.504823],[109.140681,12.504538],[109.14089,12.504585],[109.141826,12.504975],[109.141912,12.50509],[109.141829,12.505218],[109.141333,12.505677],[109.140528,12.504962]]]]},"properties":{"group":"public","tag":"leisure=park","name":null,"levels":null,"lat":12.505070156938123,"lng":109.14119221135553,"osm_type":"way","osm_id":541123374}},{"type":"Feature","geometry":{"type":"MultiPolygon","coordinates":[[[[108.919328,12.385128],[108.920073,12.384607],[108.92049,12.38525],[108.920459,12.385313],[108.919792,12.385776],[108.919328,12.385128]]]]},"properties":{"group":"edu_health","tag":"amenity=school","name":"Trường Trung Học Cơ Sở Chu Văn An","levels":null,"lat":12.38519490384782,"lng":108.91992365784213,"osm_type":"way","osm_id":547617125}},{"type":"Feature","geometry":{"type":"MultiPolygon","coordinates":[[[[109.199971,12.263782],[109.200309,12.263782],[109.200646,12.264262],[109.200795,12.264432],[109.200954,12.264589],[109.201233,12.26485],[109.201249,12.264865],[109.201802,12.265408],[109.201583,12.26585],[109.201304,12.265693],[109.201124,12.265568],[109.200979,12.265473],[109.200833,12.265359],[109.200634,12.265168],[109.200604,12.265126],[109.200509,12.264993],[109.200376,12.264804],[109.200274,12.264623],[109.200245,12.264571],[109.200167,12.264382],[109.200102,12.264194],[109.20004,12.264009],[109.199971,12.263782]]]]},"properties":{"group":"public","tag":"leisure=park","name":"Công Viên Sanest","levels":null,"lat":12.264860535682502,"lng":109.20086074032884,"osm_type":"way","osm_id":554587649}},{"type":"Feature","geometry":{"type":"MultiPolygon","coordinates":[[[[109.195479,12.254352],[109.195626,12.253692],[109.195726,12.253668],[109.195968,12.254645],[109.195923,12.254699],[109.195479,12.254352]]]]},"properties":{"group":"public","tag":"leisure=park","name":"Công Viên Yến Phi","levels":null,"lat":12.254209369076289,"lng":109.19571516852079,"osm_type":"way","osm_id":557175763}},{"type":"Feature","geometry":{"type":"MultiPolygon","coordinates":[[[[109.195988,12.254347],[109.196495,12.254227],[109.196573,12.254244],[109.196609,12.254483],[109.196536,12.254575],[109.196071,12.254685],[109.195988,12.254347]]]]},"properties":{"group":"public","tag":"leisure=park","name":"Công viên Yến Phi","levels":null,"lat":12.254447625707979,"lng":109.19630556299846,"osm_type":"way","osm_id":557175765}},{"type":"Feature","geometry":{"type":"MultiPolygon","coordinates":[[[[114.331569,11.428205],[114.331648,11.428116],[114.331602,11.428077],[114.331649,11.428023],[114.331698,11.428064],[114.331766,11.427987],[114.331926,11.428123],[114.331732,11.428344],[114.331569,11.428205]]]]},"properties":{"group":"public","tag":"amenity=community_centre","name":"Nhà văn hóa Trường Sa","levels":null,"lat":11.428158955996967,"lng":114.33174123108935,"osm_type":"way","osm_id":610144901}},{"type":"Feature","geometry":{"type":"MultiPolygon","coordinates":[[[[114.330683,11.426899],[114.330827,11.426601],[114.331352,11.426864],[114.331339,11.426893],[114.331563,11.426989],[114.33144,11.427249],[114.330683,11.426899]]]]},"properties":{"group":"edu_health","tag":"amenity=school","name":"Trường Song Tử Tây","levels":null,"lat":11.426928268984625,"lng":114.33111736951788,"osm_type":"relation","osm_id":10074917}},{"type":"Feature","geometry":{"type":"MultiPolygon","coordinates":[[[[114.330732,11.428354],[114.330934,11.428182],[114.331261,11.428426],[114.331229,11.428483],[114.331003,11.428696],[114.330732,11.428354]]]]},"properties":{"group":"edu_health","tag":"amenity=hospital","name":"Bệnh xá Đảo Song Tử Tây","levels":null,"lat":11.4284267511761,"lng":114.33099363099728,"osm_type":"way","osm_id":614046133}},{"type":"Feature","geometry":{"type":"MultiPolygon","coordinates":[[[[108.999139,11.565807],[109.00018,11.565699],[109.000347,11.567243],[108.999307,11.567351],[108.999139,11.565807]]]]},"properties":{"group":"public","tag":"leisure=park","name":null,"levels":null,"lat":11.566525087834357,"lng":108.99974312309332,"osm_type":"way","osm_id":632006832}},{"type":"Feature","geometry":{"type":"MultiPolygon","coordinates":[[[[109.196922,12.233338],[109.19707,12.232719],[109.197222,12.232754],[109.197582,12.232835],[109.197578,12.232855],[109.197502,12.233158],[109.197463,12.233322],[109.197431,12.233455],[109.197192,12.233401],[109.196922,12.233338]]]]},"properties":{"group":"mall","tag":"shop=mall","name":"Vincom Plaza","levels":4.0,"lat":12.233086773973955,"lng":109.197251351859,"osm_type":"way","osm_id":650939315}},{"type":"Feature","geometry":{"type":"MultiPolygon","coordinates":[[[[109.195461,12.247741],[109.195816,12.247735],[109.196137,12.247731],[109.196178,12.247752],[109.196194,12.247802],[109.196197,12.247975],[109.196204,12.248459],[109.195885,12.248464],[109.195627,12.248468],[109.195478,12.248471],[109.195467,12.248007],[109.195462,12.247798],[109.195461,12.247741]]]]},"properties":{"group":"mall","tag":"shop=mall","name":"Trung Tâm Thương Mại Nha Trang","levels":4.0,"lat":12.248100370918957,"lng":109.19583296454564,"osm_type":"way","osm_id":650959852}},{"type":"Feature","geometry":{"type":"MultiPolygon","coordinates":[[[[109.178048,12.237186],[109.17805,12.237171],[109.178055,12.237156],[109.178065,12.237144],[109.178077,12.237135],[109.178092,12.237129],[109.178108,12.237127],[109.178123,12.23713],[109.178138,12.237137],[109.178149,12.237147],[109.178158,12.23716],[109.178163,12.237174],[109.178163,12.23719],[109.17816,12.237205],[109.178152,12.237218],[109.178141,12.237229],[109.178127,12.237237],[109.178112,12.23724],[109.178096,12.23724],[109.178081,12.237235],[109.178068,12.237227],[109.178057,12.237215],[109.178051,12.237201],[109.178048,12.237186]]]]},"properties":{"group":"public","tag":"leisure=playground","name":null,"levels":null,"lat":12.237184065892476,"lng":109.17810586502804,"osm_type":"way","osm_id":735385998}},{"type":"Feature","geometry":{"type":"MultiPolygon","coordinates":[[[[109.227247,12.701787],[109.227273,12.701747],[109.227319,12.701721],[109.227382,12.701715],[109.227448,12.701747],[109.227992,12.702449],[109.227819,12.702546],[109.227761,12.702556],[109.227681,12.702544],[109.227372,12.702453],[109.227339,12.70243],[109.227298,12.702364],[109.227247,12.701787]]]]},"properties":{"group":"public","tag":"leisure=park","name":null,"levels":null,"lat":12.70219158447909,"lng":109.22754403856206,"osm_type":"way","osm_id":739787530}},{"type":"Feature","geometry":{"type":"MultiPolygon","coordinates":[[[[109.17672,12.251784],[109.176727,12.251756],[109.176743,12.25173],[109.176765,12.25171],[109.176792,12.251697],[109.176822,12.251692],[109.176849,12.251695],[109.177244,12.251453],[109.177314,12.251563],[109.177408,12.251705],[109.177624,12.252163],[109.177635,12.252215],[109.177624,12.252245],[109.177232,12.252464],[109.176858,12.251895],[109.176829,12.2519],[109.176799,12.251897],[109.176771,12.251885],[109.176747,12.251867],[109.17673,12.251842],[109.176721,12.251814],[109.17672,12.251784]]]]},"properties":{"group":"mall","tag":"shop=mall","name":"LotteMart","levels":2.0,"lat":12.251954152422568,"lng":109.1772099735195,"osm_type":"way","osm_id":753496267}},{"type":"Feature","geometry":{"type":"MultiPolygon","coordinates":[[[[109.169686,12.264041],[109.169687,12.263967],[109.169748,12.263862],[109.169832,12.263776],[109.169926,12.263705],[109.169992,12.263649],[109.170048,12.263689],[109.170079,12.26375],[109.170109,12.263767],[109.170169,12.263775],[109.170185,12.263879],[109.170168,12.264],[109.170133,12.264025],[109.17004,12.264027],[109.169929,12.264025],[109.169815,12.264075],[109.16972,12.264084],[109.169686,12.264041]]]]},"properties":{"group":"public","tag":"leisure=park","name":null,"levels":null,"lat":12.263893120828904,"lng":109.16994565982367,"osm_type":"way","osm_id":774889928}},{"type":"Feature","geometry":{"type":"MultiPolygon","coordinates":[[[[109.198495,12.219731],[109.199384,12.220379],[109.200666,12.220909],[109.201053,12.221216],[109.201237,12.221211],[109.201054,12.221326],[109.200973,12.22131],[109.199274,12.220611],[109.198763,12.220194],[109.198495,12.219731]]]]},"properties":{"group":"apartment","tag":"residential=apartments","name":null,"levels":1.0,"lat":12.220654619628887,"lng":109.19980278493209,"osm_type":"way","osm_id":776807609}},{"type":"Feature","geometry":{"type":"MultiPolygon","coordinates":[[[[109.181495,12.242926],[109.181552,12.242576],[109.182043,12.242653],[109.182069,12.242645],[109.182091,12.242647],[109.18211,12.242658],[109.182129,12.242678],[109.182131,12.242698],[109.182127,12.242716],[109.182077,12.243018],[109.181495,12.242926]]]]},"properties":{"group":"mall","tag":"shop=mall","name":"CoopMart","levels":null,"lat":12.242796533559304,"lng":109.18181532243018,"osm_type":"way","osm_id":776810898}},{"type":"Feature","geometry":{"type":"MultiPolygon","coordinates":[[[[109.186496,12.248283],[109.186847,12.248169],[109.186964,12.248512],[109.186613,12.248626],[109.186496,12.248283]]]]},"properties":{"group":"mall","tag":"shop=mall","name":"Vincom Plaza Nha Trang","levels":4.0,"lat":12.24839725,"lng":109.18672975,"osm_type":"way","osm_id":776810945}},{"type":"Feature","geometry":{"type":"MultiPolygon","coordinates":[[[[109.201215,12.274165],[109.201221,12.273822],[109.201221,12.273772],[109.201496,12.273776],[109.20149,12.274169],[109.20135,12.274167],[109.201215,12.274165]]]]},"properties":{"group":"apartment","tag":"building=apartments","name":"Muong Thanh Luxury Vien Trieu","levels":40.0,"lat":12.27397016531887,"lng":109.20135544800314,"osm_type":"way","osm_id":777337269}},{"type":"Feature","geometry":{"type":"MultiPolygon","coordinates":[[[[109.201863,12.273853],[109.201875,12.273815],[109.201889,12.273772],[109.201925,12.273783],[109.201965,12.27366],[109.201929,12.273649],[109.201959,12.273557],[109.202163,12.273621],[109.20236,12.273682],[109.202332,12.273768],[109.202277,12.273751],[109.202235,12.273881],[109.202289,12.273898],[109.202264,12.273977],[109.202158,12.273945],[109.201863,12.273853]]]]},"properties":{"group":"apartment","tag":"building=apartments","name":"OC1B","levels":40.0,"lat":12.273765714842499,"lng":109.20210755331111,"osm_type":"way","osm_id":777337271}},{"type":"Feature","geometry":{"type":"MultiPolygon","coordinates":[[[[109.202095,12.273441],[109.2022,12.273133],[109.20254,12.273243],[109.202509,12.273336],[109.202471,12.273323],[109.202428,12.273449],[109.202466,12.273461],[109.202435,12.273552],[109.202288,12.273504],[109.202095,12.273441]]]]},"properties":{"group":"apartment","tag":"building=apartments","name":"OC2B","levels":40.0,"lat":12.27334003767909,"lng":109.20231054713413,"osm_type":"way","osm_id":777337272}},{"type":"Feature","geometry":{"type":"MultiPolygon","coordinates":[[[[109.201635,12.273291],[109.201735,12.272986],[109.202091,12.273098],[109.20199,12.273404],[109.20181,12.273347],[109.201635,12.273291]]]]},"properties":{"group":"apartment","tag":"building=apartments","name":"OC2A","levels":40.0,"lat":12.273194775554689,"lng":109.20186288092275,"osm_type":"way","osm_id":777337273}},{"type":"Feature","geometry":{"type":"MultiPolygon","coordinates":[[[[109.201188,12.26964],[109.20132,12.269451],[109.201886,12.269828],[109.201754,12.270018],[109.201188,12.26964]]]]},"properties":{"group":"apartment","tag":"residential=apartments","name":"Napoleon","levels":36.0,"lat":12.2697342,"lng":109.20153710000001,"osm_type":"way","osm_id":777339754}},{"type":"Feature","geometry":{"type":"MultiPolygon","coordinates":[[[[109.201632,12.274247],[109.201659,12.274166],[109.201685,12.274174],[109.201732,12.274031],[109.201706,12.274023],[109.201731,12.273949],[109.202118,12.274072],[109.202092,12.274152],[109.202051,12.274139],[109.202005,12.274277],[109.202046,12.27429],[109.202019,12.27437],[109.201821,12.274307],[109.201632,12.274247]]]]},"properties":{"group":"apartment","tag":"building=apartments","name":"OC1A","levels":40.0,"lat":12.274158681347759,"lng":109.20187203922576,"osm_type":"way","osm_id":790438484}},{"type":"Feature","geometry":{"type":"MultiPolygon","coordinates":[[[[109.201227,12.273498],[109.201233,12.273027],[109.201502,12.27303],[109.201499,12.27326],[109.201495,12.273501],[109.201227,12.273498]]]]},"properties":{"group":"apartment","tag":"building=apartments","name":"OC3","levels":40.0,"lat":12.273263700002365,"lng":109.20136405955762,"osm_type":"way","osm_id":790440054}},{"type":"Feature","geometry":{"type":"MultiPolygon","coordinates":[[[[109.194986,12.252723],[109.195297,12.252656],[109.195217,12.2523],[109.195179,12.252308],[109.195157,12.25221],[109.19533,12.252172],[109.195451,12.252708],[109.195004,12.252804],[109.194986,12.252723]]]]},"properties":{"group":"edu_health","tag":"amenity=school","name":"Trường Tiểu học Xương Huân 1","levels":null,"lat":12.252515912794662,"lng":109.19527504216694,"osm_type":"way","osm_id":810683458}},{"type":"Feature","geometry":{"type":"MultiPolygon","coordinates":[[[[109.19836,12.055146],[109.199878,12.052885],[109.204719,12.056259],[109.203833,12.058025],[109.20042,12.056229],[109.19836,12.055146]]]]},"properties":{"group":"public","tag":"leisure=park","name":null,"levels":null,"lat":12.05550323955023,"lng":109.20155498912207,"osm_type":"way","osm_id":826312082}},{"type":"Feature","geometry":{"type":"MultiPolygon","coordinates":[[[[109.169944,12.235523],[109.170122,12.235044],[109.170506,12.235178],[109.17034,12.235658],[109.169944,12.235523]]]]},"properties":{"group":"public","tag":"leisure=park","name":"Công viên Mỹ Gia 2 - Khu A","levels":null,"lat":12.235351610053375,"lng":109.17022732609733,"osm_type":"way","osm_id":868630553}},{"type":"Feature","geometry":{"type":"MultiPolygon","coordinates":[[[[109.209754,12.19808],[109.20976,12.197769],[109.209833,12.197773],[109.209845,12.197835],[109.209867,12.197882],[109.209899,12.197929],[109.20991,12.197934],[109.209909,12.197978],[109.209921,12.197985],[109.209968,12.197978],[109.209991,12.197993],[109.20994,12.198081],[109.209754,12.19808]]]]},"properties":{"group":"public","tag":"leisure=garden","name":null,"levels":null,"lat":12.197956489136791,"lng":109.20983818008578,"osm_type":"way","osm_id":891464519}},{"type":"Feature","geometry":{"type":"MultiPolygon","coordinates":[[[[109.209236,12.197817],[109.209237,12.197738],[109.209428,12.197741],[109.209427,12.19782],[109.209236,12.197817]]]]},"properties":{"group":"public","tag":"leisure=garden","name":null,"levels":null,"lat":12.197778774607318,"lng":109.20933197991847,"osm_type":"way","osm_id":891469234}},{"type":"Feature","geometry":{"type":"MultiPolygon","coordinates":[[[[109.208411,12.194482],[109.208471,12.194435],[109.208511,12.194424],[109.208557,12.194427],[109.208568,12.194464],[109.208567,12.19456],[109.208572,12.194624],[109.208539,12.194605],[109.208411,12.194482]]]]},"properties":{"group":"public","tag":"leisure=garden","name":null,"levels":null,"lat":12.194505180209696,"lng":109.20851148477541,"osm_type":"way","osm_id":891779864}},{"type":"Feature","geometry":{"type":"MultiPolygon","coordinates":[[[[109.206158,12.199001],[109.206392,12.198782],[109.206423,12.198754],[109.206493,12.198828],[109.206652,12.198987],[109.206682,12.199017],[109.206757,12.199088],[109.206777,12.199158],[109.206777,12.199238],[109.20677,12.19929],[109.206723,12.199348],[109.20668,12.199379],[109.206584,12.199287],[109.206649,12.19922],[109.206354,12.19893],[109.206269,12.199014],[109.206223,12.199059],[109.206158,12.199001]]]]},"properties":{"group":"public","tag":"leisure=garden","name":null,"levels":null,"lat":12.19904245595921,"lng":109.20653434961041,"osm_type":"way","osm_id":892208765}},{"type":"Feature","geometry":{"type":"MultiPolygon","coordinates":[[[[109.206677,12.19866],[109.206812,12.198522],[109.206909,12.198434],[109.207231,12.198747],[109.207001,12.198973],[109.206823,12.198798],[109.206677,12.19866]]]]},"properties":{"group":"edu_health","tag":"amenity=school","name":"EFI International School","levels":null,"lat":12.198701994792229,"lng":109.20695389078634,"osm_type":"way","osm_id":892218008}},{"type":"Feature","geometry":{"type":"MultiPolygon","coordinates":[[[[109.204796,12.198526],[109.204942,12.19838],[109.205049,12.198485],[109.205084,12.198516],[109.20494,12.198659],[109.204796,12.198526]]]]},"properties":{"group":"public","tag":"leisure=garden","name":null,"levels":null,"lat":12.198520270846634,"lng":109.20493993236505,"osm_type":"way","osm_id":892536257}},{"type":"Feature","geometry":{"type":"MultiPolygon","coordinates":[[[[109.20551,12.196777],[109.20572,12.196584],[109.205775,12.19664],[109.205565,12.196831],[109.20551,12.196777]]]]},"properties":{"group":"public","tag":"leisure=playground","name":null,"levels":null,"lat":12.19670727443209,"lng":109.20564254429469,"osm_type":"way","osm_id":892548057}},{"type":"Feature","geometry":{"type":"MultiPolygon","coordinates":[[[[109.204366,12.197883],[109.204584,12.197664],[109.204653,12.197729],[109.204435,12.197949],[109.204366,12.197883]]]]},"properties":{"group":"public","tag":"leisure=garden","name":null,"levels":null,"lat":12.197806147659417,"lng":109.20450990195178,"osm_type":"way","osm_id":892548062}},{"type":"Feature","geometry":{"type":"MultiPolygon","coordinates":[[[[109.194008,12.231969],[109.194129,12.231485],[109.194289,12.2307],[109.194447,12.230046],[109.194574,12.229615],[109.194574,12.229614],[109.194653,12.229419],[109.194653,12.229419],[109.194703,12.229335],[109.195748,12.229624],[109.195433,12.230745],[109.195402,12.230863],[109.195375,12.230965],[109.195213,12.231483],[109.195213,12.231484],[109.195103,12.231815],[109.195103,12.231816],[109.195004,12.232154],[109.194308,12.232023],[109.194008,12.231969]]]]},"properties":{"group":"edu_health","tag":"amenity=hospital","name":"Bệnh viện Quân y 87","levels":null,"lat":12.230739824232154,"lng":109.19485572961952,"osm_type":"way","osm_id":951335139}},{"type":"Feature","geometry":{"type":"MultiPolygon","coordinates":[[[[109.099692,12.259191],[109.099737,12.259149],[109.100138,12.259137],[109.100181,12.259165],[109.100315,12.259508],[109.100339,12.259599],[109.100352,12.259716],[109.100347,12.260047],[109.100299,12.260092],[109.099759,12.260094],[109.099711,12.260056],[109.099692,12.259191]]]]},"properties":{"group":"public","tag":"leisure=park","name":null,"levels":null,"lat":12.259637540578114,"lng":109.10000684345063,"osm_type":"way","osm_id":1023029337}},{"type":"Feature","geometry":{"type":"MultiPolygon","coordinates":[[[[109.16983,12.256532],[109.169882,12.256438],[109.170021,12.256192],[109.170234,12.255806],[109.170297,12.255788],[109.170298,12.255788],[109.170377,12.255769],[109.17084,12.256017],[109.170862,12.256177],[109.170887,12.256353],[109.170707,12.256693],[109.170732,12.256716],[109.170543,12.257025],[109.170381,12.256935],[109.170377,12.256933],[109.169866,12.25665],[109.16983,12.256532]]]]},"properties":{"group":"mall","tag":"shop=mall","name":"GO! Market","levels":null,"lat":12.256380470648685,"lng":109.1703937953506,"osm_type":"way","osm_id":1050249766}},{"type":"Feature","geometry":{"type":"MultiPolygon","coordinates":[[[[109.034607,11.601948],[109.034919,11.600272],[109.035771,11.600424],[109.035868,11.60043],[109.035959,11.600419],[109.036088,11.600393],[109.036415,11.600298],[109.036442,11.600881],[109.036426,11.60115],[109.036361,11.601496],[109.036265,11.601759],[109.03597,11.602201],[109.035707,11.602537],[109.034699,11.602153],[109.034607,11.601948]]]]},"properties":{"group":"edu_health","tag":"amenity=university","name":"Phân hiệu Trường Đại học Nông Lâm Thành phố Hồ Chí Minh tại Ninh Thuận","levels":null,"lat":11.60133282671333,"lng":109.03553407594978,"osm_type":"way","osm_id":1084150582}},{"type":"Feature","geometry":{"type":"MultiPolygon","coordinates":[[[[109.031018,11.590377],[109.031217,11.589588],[109.031268,11.589575],[109.031858,11.58999],[109.032075,11.590077],[109.032445,11.590161],[109.032515,11.590216],[109.032515,11.590277],[109.032413,11.590682],[109.032343,11.590723],[109.031053,11.590437],[109.031018,11.590377]]]]},"properties":{"group":"edu_health","tag":"amenity=school","name":"Trường Trung học phổ thông Ninh Hải","levels":null,"lat":11.590234117687752,"lng":109.03172310609365,"osm_type":"way","osm_id":1084150586}},{"type":"Feature","geometry":{"type":"MultiPolygon","coordinates":[[[[109.037397,11.596456],[109.037426,11.59605],[109.037482,11.59601],[109.038243,11.595981],[109.038281,11.596018],[109.038454,11.596018],[109.038491,11.595978],[109.039387,11.59595],[109.039387,11.596353],[109.039448,11.596379],[109.039434,11.596844],[109.038547,11.596844],[109.037432,11.596516],[109.037397,11.596456]]]]},"properties":{"group":"edu_health","tag":"amenity=school","name":"Trường Tiểu học Dư Khánh","levels":null,"lat":11.596378129780746,"lng":109.03850603335364,"osm_type":"way","osm_id":1084150588}},{"type":"Feature","geometry":{"type":"MultiPolygon","coordinates":[[[[109.041566,11.592838],[109.04185,11.592822],[109.041921,11.59284],[109.042003,11.592871],[109.042075,11.592885],[109.042448,11.592899],[109.042447,11.593397],[109.042407,11.593431],[109.041626,11.593455],[109.041585,11.593416],[109.041566,11.592838]]]]},"properties":{"group":"edu_health","tag":"amenity=school","name":"Trường Tiểu học Ninh Chữ","levels":null,"lat":11.593150158142999,"lng":109.04199704197103,"osm_type":"way","osm_id":1084150589}},{"type":"Feature","geometry":{"type":"MultiPolygon","coordinates":[[[[109.03461,11.594927],[109.035401,11.594929],[109.03535,11.595859],[109.034658,11.595712],[109.03461,11.594927]]]]},"properties":{"group":"edu_health","tag":"amenity=school","name":"Trường Trung học cơ sở Đoàn Thị Điểm","levels":null,"lat":11.595348608354497,"lng":109.03501619390819,"osm_type":"way","osm_id":1084150590}},{"type":"Feature","geometry":{"type":"MultiPolygon","coordinates":[[[[109.039698,11.605444],[109.040494,11.605373],[109.040787,11.606112],[109.040612,11.606222],[109.040135,11.60639],[109.039966,11.606369],[109.03973,11.605786],[109.039698,11.605444]]]]},"properties":{"group":"edu_health","tag":"amenity=school","name":"Trường Trung học cơ sở Lý Thường Kiệt","levels":null,"lat":11.605859200716708,"lng":109.04021491801112,"osm_type":"way","osm_id":1084150592}},{"type":"Feature","geometry":{"type":"MultiPolygon","coordinates":[[[[109.028382,11.598177],[109.029637,11.597594],[109.030426,11.599259],[109.029149,11.599795],[109.028382,11.598177]]]]},"properties":{"group":"edu_health","tag":"amenity=hospital","name":"Trung tâm Y tế huyện Ninh Hải","levels":null,"lat":11.598704902165743,"lng":109.02940157254804,"osm_type":"way","osm_id":1084150597}},{"type":"Feature","geometry":{"type":"MultiPolygon","coordinates":[[[[109.027178,11.599039],[109.027199,11.598957],[109.027956,11.598563],[109.028296,11.598429],[109.029007,11.599924],[109.028058,11.600455],[109.027178,11.599039]]]]},"properties":{"group":"edu_health","tag":"amenity=school","name":"Trường Trung cấp Y tế Ninh Thuận","levels":null,"lat":11.599424174918186,"lng":109.02811003559073,"osm_type":"way","osm_id":1084150598}},{"type":"Feature","geometry":{"type":"MultiPolygon","coordinates":[[[[109.013174,11.562543],[109.01404,11.562425],[109.014064,11.562449],[109.014193,11.563545],[109.01334,11.563629],[109.013292,11.563597],[109.013174,11.562543]]]]},"properties":{"group":"edu_health","tag":"amenity=college","name":"Trường Cao đẳng nghề Ninh Thuận","levels":null,"lat":11.563035888296866,"lng":109.01368359042777,"osm_type":"way","osm_id":1084170103}},{"type":"Feature","geometry":{"type":"MultiPolygon","coordinates":[[[[109.013373,11.56067],[109.014588,11.560538],[109.014626,11.560562],[109.014757,11.561755],[109.013529,11.561873],[109.013494,11.561844],[109.013373,11.56067]]]]},"properties":{"group":"edu_health","tag":"amenity=school","name":"Trường Trung học cơ sở & Trung học phổ thông Trần Hưng Đạo","levels":null,"lat":11.561209550222927,"lng":109.01406375843406,"osm_type":"way","osm_id":1084170104}},{"type":"Feature","geometry":{"type":"MultiPolygon","coordinates":[[[[109.011501,11.562757],[109.01183,11.562725],[109.011894,11.563356],[109.011566,11.563388],[109.011501,11.562757]]]]},"properties":{"group":"public","tag":"leisure=park","name":null,"levels":null,"lat":11.563056515807663,"lng":109.01169762703698,"osm_type":"way","osm_id":1084170105}},{"type":"Feature","geometry":{"type":"MultiPolygon","coordinates":[[[[109.012209,11.56495],[109.012737,11.564892],[109.012766,11.565145],[109.012238,11.565203],[109.012209,11.56495]]]]},"properties":{"group":"public","tag":"leisure=park","name":null,"levels":null,"lat":11.565047568917171,"lng":109.01248748977144,"osm_type":"way","osm_id":1084170106}},{"type":"Feature","geometry":{"type":"MultiPolygon","coordinates":[[[[108.967637,11.584695],[108.967897,11.58383],[108.96827,11.584203],[108.967674,11.584721],[108.967637,11.584695]]]]},"properties":{"group":"public","tag":"leisure=park","name":null,"levels":null,"lat":11.584265540580523,"lng":108.96792860845039,"osm_type":"way","osm_id":1084170110}},{"type":"Feature","geometry":{"type":"MultiPolygon","coordinates":[[[[109.194759,12.244561],[109.195383,12.244545],[109.195378,12.245182],[109.196239,12.245234],[109.196239,12.245862],[109.196185,12.245912],[109.19483,12.245718],[109.194778,12.245632],[109.194759,12.244561]]]]},"properties":{"group":"edu_health","tag":"amenity=university","name":"Trường Đại học Khánh Hoà","levels":null,"lat":12.24531464164746,"lng":109.1953980290315,"osm_type":"way","osm_id":1084960023}},{"type":"Feature","geometry":{"type":"MultiPolygon","coordinates":[[[[109.201722,12.2785],[109.201727,12.27722],[109.202189,12.277232],[109.202647,12.2783],[109.202647,12.278363],[109.202636,12.278429],[109.202605,12.278474],[109.202554,12.278502],[109.201722,12.2785]]]]},"properties":{"group":"edu_health","tag":"amenity=university","name":"Trường Đại học Khánh Hoà","levels":null,"lat":12.277936887023378,"lng":109.20210198308394,"osm_type":"way","osm_id":1084960028}},{"type":"Feature","geometry":{"type":"MultiPolygon","coordinates":[[[[109.175365,12.244396],[109.175451,12.244077],[109.175496,12.244055],[109.176281,12.244257],[109.17631,12.244308],[109.176226,12.244624],[109.176182,12.244652],[109.175399,12.24445],[109.175365,12.244396]]]]},"properties":{"group":"public","tag":"leisure=park","name":null,"levels":null,"lat":12.244353174988568,"lng":109.17583780586862,"osm_type":"way","osm_id":1115569063}},{"type":"Feature","geometry":{"type":"MultiPolygon","coordinates":[[[[109.175569,12.244167],[109.175571,12.244155],[109.175575,12.244145],[109.175583,12.244137],[109.175594,12.244132],[109.175605,12.24413],[109.175617,12.244132],[109.175627,12.244138],[109.175635,12.244146],[109.17564,12.244157],[109.17564,12.244169],[109.175637,12.24418],[109.17563,12.244189],[109.175621,12.244196],[109.175609,12.244199],[109.175606,12.244199],[109.175597,12.244199],[109.175586,12.244195],[109.175578,12.244187],[109.175572,12.244178],[109.175569,12.244167]]]]},"properties":{"group":"public","tag":"leisure=playground","name":null,"levels":null,"lat":12.244164722906573,"lng":109.17560495353887,"osm_type":"way","osm_id":1115569069}},{"type":"Feature","geometry":{"type":"MultiPolygon","coordinates":[[[[109.17563,12.244189],[109.175637,12.24418],[109.17564,12.244169],[109.17564,12.244157],[109.175635,12.244146],[109.17565,12.244137],[109.175669,12.244131],[109.175693,12.244131],[109.175714,12.244132],[109.175739,12.244143],[109.175758,12.244154],[109.175774,12.244167],[109.175785,12.244184],[109.17577,12.244194],[109.17575,12.244204],[109.175726,12.24421],[109.175701,12.244213],[109.175675,12.244212],[109.175653,12.244203],[109.17564,12.244196],[109.17563,12.244189]]]]},"properties":{"group":"public","tag":"leisure=playground","name":null,"levels":null,"lat":12.24417282092513,"lng":109.17570187712734,"osm_type":"way","osm_id":1115569070}},{"type":"Feature","geometry":{"type":"MultiPolygon","coordinates":[[[[109.175513,12.244259],[109.175516,12.244243],[109.175524,12.244225],[109.175537,12.24421],[109.175553,12.244198],[109.17557,12.244192],[109.175578,12.244187],[109.175586,12.244195],[109.175597,12.244199],[109.175606,12.244199],[109.17562,12.244228],[109.175613,12.244247],[109.175601,12.244267],[109.175585,12.244284],[109.175566,12.244297],[109.175532,12.244314],[109.175521,12.244299],[109.175514,12.244281],[109.175513,12.244259]]]]},"properties":{"group":"public","tag":"leisure=playground","name":null,"levels":null,"lat":12.24424784585603,"lng":109.17556279551806,"osm_type":"way","osm_id":1115569071}},{"type":"Feature","geometry":{"type":"MultiPolygon","coordinates":[[[[109.17546,12.244125],[109.175474,12.244115],[109.175496,12.244107],[109.17552,12.244107],[109.17554,12.244112],[109.175554,12.244121],[109.175566,12.244133],[109.175575,12.244145],[109.175571,12.244155],[109.175569,12.244167],[109.17556,12.244177],[109.175545,12.244188],[109.175523,12.244191],[109.175505,12.244187],[109.17549,12.244176],[109.175477,12.244162],[109.175466,12.244146],[109.17546,12.244125]]]]},"properties":{"group":"public","tag":"leisure=playground","name":null,"levels":null,"lat":12.244146856648015,"lng":109.17551838399233,"osm_type":"way","osm_id":1115569072}},{"type":"Feature","geometry":{"type":"MultiPolygon","coordinates":[[[[109.17561,12.244338],[109.175617,12.244321],[109.175627,12.2443],[109.175639,12.244281],[109.175659,12.24426],[109.175686,12.244243],[109.175712,12.244233],[109.175738,12.24423],[109.175759,12.244232],[109.175788,12.244237],[109.175766,12.244263],[109.175739,12.244287],[109.175708,12.244306],[109.17569,12.244316],[109.175677,12.244322],[109.175647,12.244332],[109.17561,12.244338]]]]},"properties":{"group":"public","tag":"leisure=playground","name":null,"levels":null,"lat":12.244278881040527,"lng":109.17569428586638,"osm_type":"way","osm_id":1115569073}},{"type":"Feature","geometry":{"type":"MultiPolygon","coordinates":[[[[109.175628,12.244406],[109.175651,12.244401],[109.175693,12.244399],[109.175738,12.2444],[109.175749,12.244402],[109.175756,12.244379],[109.175771,12.244352],[109.175785,12.244355],[109.175828,12.244357],[109.175862,12.244354],[109.175864,12.244364],[109.175862,12.244386],[109.175851,12.24441],[109.175838,12.244433],[109.175817,12.244451],[109.175793,12.244466],[109.175765,12.244474],[109.175736,12.244477],[109.175708,12.244471],[109.175678,12.244458],[109.175655,12.24444],[109.175639,12.244422],[109.175628,12.244406]]]]},"properties":{"group":"public","tag":"leisure=playground","name":null,"levels":null,"lat":12.24441694936888,"lng":109.17576069245965,"osm_type":"way","osm_id":1115569074}},{"type":"Feature","geometry":{"type":"MultiPolygon","coordinates":[[[[109.175961,12.244211],[109.175982,12.244206],[109.176009,12.244206],[109.176044,12.244212],[109.176073,12.244224],[109.176093,12.24424],[109.176073,12.244255],[109.176041,12.244266],[109.176009,12.24427],[109.175978,12.244267],[109.175969,12.244245],[109.175961,12.244211]]]]},"properties":{"group":"public","tag":"leisure=playground","name":null,"levels":null,"lat":12.244237446542781,"lng":109.17601967003526,"osm_type":"way","osm_id":1115569075}},{"type":"Feature","geometry":{"type":"MultiPolygon","coordinates":[[[[109.176041,12.244362],[109.176055,12.244345],[109.176076,12.244327],[109.176107,12.244314],[109.176135,12.244312],[109.176158,12.244318],[109.176163,12.244341],[109.176156,12.244368],[109.176139,12.244392],[109.176119,12.244407],[109.176099,12.244412],[109.176051,12.244373],[109.176041,12.244362]]]]},"properties":{"group":"public","tag":"leisure=playground","name":null,"levels":null,"lat":12.244358038271022,"lng":109.1761078509226,"osm_type":"way","osm_id":1115569076}},{"type":"Feature","geometry":{"type":"MultiPolygon","coordinates":[[[[109.175834,12.244503],[109.175838,12.244482],[109.17585,12.244459],[109.175865,12.244437],[109.175882,12.244419],[109.1759,12.244407],[109.175926,12.244395],[109.175953,12.24439],[109.175976,12.244392],[109.175974,12.244368],[109.175977,12.244347],[109.175987,12.244328],[109.176,12.244309],[109.176012,12.24433],[109.176041,12.244362],[109.176051,12.244373],[109.176099,12.244412],[109.176114,12.244424],[109.176117,12.244457],[109.176117,12.244479],[109.176115,12.244504],[109.176107,12.244527],[109.176095,12.244544],[109.176072,12.244542],[109.176047,12.244535],[109.176027,12.244521],[109.176011,12.244502],[109.176,12.244478],[109.175994,12.244454],[109.175979,12.244471],[109.175959,12.244487],[109.175938,12.244499],[109.175913,12.244507],[109.175886,12.244511],[109.175858,12.244509],[109.175834,12.244503]]]]},"properties":{"group":"public","tag":"leisure=playground","name":null,"levels":null,"lat":12.244445564067995,"lng":109.17599547784322,"osm_type":"way","osm_id":1115569077}},{"type":"Feature","geometry":{"type":"MultiPolygon","coordinates":[[[[109.174797,12.241122],[109.174882,12.240802],[109.175679,12.241005],[109.175593,12.241325],[109.175387,12.241272],[109.175,12.241174],[109.174797,12.241122]]]]},"properties":{"group":"apartment","tag":"building=apartments","name":"CT3 VCN Phước Hải","levels":null,"lat":12.24106337093203,"lng":109.17523789395263,"osm_type":"way","osm_id":1115570435}},{"type":"Feature","geometry":{"type":"MultiPolygon","coordinates":[[[[109.174797,12.241122],[109.174882,12.240802],[109.175679,12.241005],[109.175593,12.241325],[109.175387,12.241272],[109.175417,12.241158],[109.175031,12.241059],[109.175,12.241174],[109.174797,12.241122]]]]},"properties":{"group":"apartment","tag":"building=apartments","name":"CT3 VCN Phước Hải","levels":null,"lat":12.24104187562464,"lng":109.17524401443471,"osm_type":"way","osm_id":1115570436}},{"type":"Feature","geometry":{"type":"MultiPolygon","coordinates":[[[[109.218372,11.96579],[109.218559,11.96554],[109.219035,11.965462],[109.219068,11.965656],[109.218904,11.965683],[109.218821,11.965697],[109.218679,11.96572],[109.218619,11.965799],[109.218588,11.96584],[109.218629,11.966067],[109.218428,11.966101],[109.218372,11.96579]]]]},"properties":{"group":"apartment","tag":"building=apartments","name":null,"levels":null,"lat":11.965727774224757,"lng":109.2186620624439,"osm_type":"way","osm_id":1115951346}},{"type":"Feature","geometry":{"type":"MultiPolygon","coordinates":[[[[109.219622,11.965978],[109.219766,11.965836],[109.220269,11.966326],[109.220125,11.966468],[109.219622,11.965978]]]]},"properties":{"group":"apartment","tag":"building=apartments","name":null,"levels":null,"lat":11.966151996454267,"lng":109.21994534564969,"osm_type":"way","osm_id":1115951347}},{"type":"Feature","geometry":{"type":"MultiPolygon","coordinates":[[[[109.221834,11.967703],[109.222071,11.967703],[109.222131,11.967568],[109.22232,11.967647],[109.222207,11.967902],[109.221834,11.967902],[109.221834,11.967703]]]]},"properties":{"group":"apartment","tag":"building=apartments","name":null,"levels":null,"lat":11.96776909256784,"lng":109.22207346514405,"osm_type":"way","osm_id":1115951349}},{"type":"Feature","geometry":{"type":"MultiPolygon","coordinates":[[[[109.219026,11.967272],[109.219166,11.967137],[109.219396,11.967363],[109.219626,11.967358],[109.21963,11.967547],[109.219314,11.967553],[109.219026,11.967272]]]]},"properties":{"group":"apartment","tag":"building=apartments","name":null,"levels":null,"lat":11.967387136285456,"lng":109.21933634749563,"osm_type":"way","osm_id":1115951350}},{"type":"Feature","geometry":{"type":"MultiPolygon","coordinates":[[[[109.218499,11.966517],[109.218691,11.966488],[109.218725,11.966703],[109.218957,11.966931],[109.21882,11.967071],[109.218545,11.966808],[109.218499,11.966517]]]]},"properties":{"group":"apartment","tag":"building=apartments","name":null,"levels":null,"lat":11.966775869268595,"lng":109.21869693115056,"osm_type":"way","osm_id":1115951351}},{"type":"Feature","geometry":{"type":"MultiPolygon","coordinates":[[[[109.21882,11.967071],[109.218957,11.966931],[109.219166,11.967137],[109.219026,11.967272],[109.21882,11.967071]]]]},"properties":{"group":"apartment","tag":"building=apartments","name":null,"levels":null,"lat":11.967102365524966,"lng":109.21899219063883,"osm_type":"way","osm_id":1115951352}},{"type":"Feature","geometry":{"type":"MultiPolygon","coordinates":[[[[109.218782,11.965945],[109.218792,11.965909],[109.218813,11.965877],[109.218844,11.965855],[109.21888,11.965843],[109.218918,11.965843],[109.218955,11.965854],[109.218986,11.965878],[109.219008,11.96591],[109.219018,11.965948],[109.219014,11.965987],[109.218997,11.966022],[109.21897,11.96605],[109.218934,11.966067],[109.218895,11.966072],[109.218856,11.966064],[109.218823,11.966045],[109.218798,11.966017],[109.218784,11.965982],[109.218782,11.965945]]]]},"properties":{"group":"public","tag":"leisure=playground","name":null,"levels":null,"lat":11.965956817672968,"lng":109.21889952422818,"osm_type":"way","osm_id":1115951425}},{"type":"Feature","geometry":{"type":"MultiPolygon","coordinates":[[[[109.238801,11.958002],[109.239379,11.957782],[109.239435,11.95777],[109.239493,11.957771],[109.239546,11.957788],[109.239584,11.957827],[109.23962,11.957912],[109.239622,11.957972],[109.239599,11.958027],[109.239544,11.958075],[109.238919,11.958309],[109.238801,11.958002]]]]},"properties":{"group":"public","tag":"leisure=park","name":null,"levels":null,"lat":11.958020350883533,"lng":109.23921982748506,"osm_type":"way","osm_id":1117202700}},{"type":"Feature","geometry":{"type":"MultiPolygon","coordinates":[[[[109.240021,11.957542],[109.240634,11.957312],[109.240702,11.957304],[109.24076,11.957333],[109.240805,11.957383],[109.240832,11.957458],[109.240842,11.957524],[109.240818,11.957581],[109.240755,11.957628],[109.240141,11.957851],[109.240021,11.957542]]]]},"properties":{"group":"public","tag":"leisure=park","name":null,"levels":null,"lat":11.95756368808026,"lng":109.24044033163268,"osm_type":"way","osm_id":1117202702}},{"type":"Feature","geometry":{"type":"MultiPolygon","coordinates":[[[[109.188012,12.5171],[109.188124,12.516722],[109.188138,12.516676],[109.18823,12.516364],[109.188404,12.516413],[109.189103,12.51661],[109.189231,12.516646],[109.189119,12.51701],[109.189003,12.51739],[109.188891,12.517357],[109.188158,12.517143],[109.188012,12.5171]]]]},"properties":{"group":"public","tag":"leisure=park","name":null,"levels":null,"lat":12.516874944653468,"lng":109.18861997221346,"osm_type":"way","osm_id":1117209066}},{"type":"Feature","geometry":{"type":"MultiPolygon","coordinates":[[[[109.19004,12.51722],[109.190092,12.517047],[109.190134,12.516906],[109.190952,12.517138],[109.190911,12.517278],[109.190859,12.517452],[109.19004,12.51722]]]]},"properties":{"group":"public","tag":"leisure=park","name":null,"levels":null,"lat":12.517178774501433,"lng":109.19049631611715,"osm_type":"way","osm_id":1117209444}},{"type":"Feature","geometry":{"type":"MultiPolygon","coordinates":[[[[109.238324,11.956767],[109.23897,11.956522],[109.23904,11.956528],[109.239097,11.956563],[109.239135,11.956637],[109.239148,11.9567],[109.23913,11.956762],[109.239082,11.956807],[109.238436,11.957058],[109.238324,11.956767]]]]},"properties":{"group":"public","tag":"leisure=park","name":null,"levels":null,"lat":11.956773614425437,"lng":109.23874164783084,"osm_type":"way","osm_id":1117646395}},{"type":"Feature","geometry":{"type":"MultiPolygon","coordinates":[[[[109.23954,11.956294],[109.240159,11.956057],[109.240225,11.956054],[109.240283,11.956089],[109.240327,11.956147],[109.240349,11.956219],[109.240341,11.956299],[109.240302,11.956349],[109.239658,11.9566],[109.23954,11.956294]]]]},"properties":{"group":"public","tag":"leisure=park","name":null,"levels":null,"lat":11.956310547104362,"lng":109.23995303420054,"osm_type":"way","osm_id":1117646396}},{"type":"Feature","geometry":{"type":"MultiPolygon","coordinates":[[[[109.23782,11.955462],[109.238081,11.955365],[109.238291,11.955287],[109.238423,11.955238],[109.238499,11.955222],[109.238576,11.955255],[109.238617,11.955309],[109.238643,11.955386],[109.238633,11.955466],[109.238591,11.955523],[109.238415,11.955591],[109.238204,11.955673],[109.23794,11.955774],[109.23782,11.955462]]]]},"properties":{"group":"public","tag":"leisure=park","name":null,"levels":null,"lat":11.955482338026512,"lng":109.23823914432934,"osm_type":"way","osm_id":1117646397}},{"type":"Feature","geometry":{"type":"MultiPolygon","coordinates":[[[[109.24054,11.958885],[109.241154,11.958663],[109.241213,11.958662],[109.241268,11.958675],[109.241316,11.95871],[109.241348,11.95876],[109.241367,11.958828],[109.241353,11.958915],[109.241295,11.958968],[109.240663,11.959204],[109.24054,11.958885]]]]},"properties":{"group":"public","tag":"leisure=park","name":null,"levels":null,"lat":11.958913145164146,"lng":109.240960258369,"osm_type":"way","osm_id":1117646405}},{"type":"Feature","geometry":{"type":"MultiPolygon","coordinates":[[[[109.239327,11.959357],[109.239921,11.959131],[109.239987,11.959118],[109.240045,11.959128],[109.240086,11.959165],[109.240132,11.959253],[109.240139,11.959308],[109.240118,11.959371],[109.240067,11.959411],[109.239443,11.959656],[109.239327,11.959357]]]]},"properties":{"group":"public","tag":"leisure=park","name":null,"levels":null,"lat":11.959370265940654,"lng":109.23973918046211,"osm_type":"way","osm_id":1117646406}},{"type":"Feature","geometry":{"type":"MultiPolygon","coordinates":[[[[109.240796,11.963135],[109.241383,11.962907],[109.241449,11.962896],[109.241506,11.962916],[109.24156,11.962967],[109.241594,11.963036],[109.241594,11.963109],[109.241574,11.963166],[109.241517,11.96321],[109.24091,11.963429],[109.240796,11.963135]]]]},"properties":{"group":"public","tag":"leisure=park","name":null,"levels":null,"lat":11.963149658572826,"lng":109.2412064392946,"osm_type":"way","osm_id":1117646407}},{"type":"Feature","geometry":{"type":"MultiPolygon","coordinates":[[[[109.242003,11.962677],[109.242626,11.96244],[109.242699,11.962449],[109.242772,11.962498],[109.242808,11.962578],[109.242813,11.962647],[109.242785,11.962703],[109.242731,11.962747],[109.242116,11.962971],[109.242003,11.962677]]]]},"properties":{"group":"public","tag":"leisure=park","name":null,"levels":null,"lat":11.962691378527694,"lng":109.24241621920343,"osm_type":"way","osm_id":1117646408}},{"type":"Feature","geometry":{"type":"MultiPolygon","coordinates":[[[[109.240306,11.961878],[109.240909,11.961653],[109.240982,11.961644],[109.241039,11.961675],[109.241086,11.961738],[109.241112,11.961824],[109.241089,11.961896],[109.241025,11.961947],[109.240424,11.96218],[109.240306,11.961878]]]]},"properties":{"group":"public","tag":"leisure=park","name":null,"levels":null,"lat":11.961896092211639,"lng":109.2407137732879,"osm_type":"way","osm_id":1117646409}},{"type":"Feature","geometry":{"type":"MultiPolygon","coordinates":[[[[109.241519,11.961423],[109.242139,11.961199],[109.242206,11.961196],[109.242264,11.961218],[109.242306,11.961258],[109.242332,11.961311],[109.242338,11.961372],[109.242322,11.961435],[109.242289,11.961482],[109.242229,11.961515],[109.241636,11.961726],[109.241519,11.961423]]]]},"properties":{"group":"public","tag":"leisure=park","name":null,"levels":null,"lat":11.96144486074441,"lng":109.24193802271259,"osm_type":"way","osm_id":1117646410}},{"type":"Feature","geometry":{"type":"MultiPolygon","coordinates":[[[[109.239816,11.960617],[109.240442,11.96037],[109.240501,11.960369],[109.240556,11.960399],[109.240591,11.960444],[109.240625,11.960525],[109.240625,11.960572],[109.240595,11.96063],[109.240545,11.960679],[109.239934,11.960921],[109.239816,11.960617]]]]},"properties":{"group":"public","tag":"leisure=park","name":null,"levels":null,"lat":11.960628884623752,"lng":109.2402283523828,"osm_type":"way","osm_id":1117646411}},{"type":"Feature","geometry":{"type":"MultiPolygon","coordinates":[[[[109.241028,11.96015],[109.24165,11.959916],[109.241723,11.959914],[109.241789,11.959934],[109.241827,11.959983],[109.241852,11.960054],[109.241848,11.960125],[109.241811,11.960187],[109.241752,11.960227],[109.241146,11.960455],[109.241028,11.96015]]]]},"properties":{"group":"public","tag":"leisure=park","name":null,"levels":null,"lat":11.960166069518188,"lng":109.24144913048708,"osm_type":"way","osm_id":1117646412}},{"type":"Feature","geometry":{"type":"MultiPolygon","coordinates":[[[[109.237115,11.957206],[109.237725,11.956973],[109.237778,11.956972],[109.237825,11.956992],[109.237863,11.957025],[109.237902,11.957093],[109.237917,11.957157],[109.237902,11.95722],[109.237861,11.95727],[109.237231,11.957504],[109.237115,11.957206]]]]},"properties":{"group":"public","tag":"leisure=park","name":null,"levels":null,"lat":11.957223297539452,"lng":109.23752374472407,"osm_type":"way","osm_id":1117646413}},{"type":"Feature","geometry":{"type":"MultiPolygon","coordinates":[[[[109.239044,11.955009],[109.239648,11.954782],[109.239733,11.954769],[109.239785,11.954786],[109.239823,11.954835],[109.239857,11.954904],[109.239864,11.954978],[109.239833,11.955044],[109.23976,11.955096],[109.239161,11.955312],[109.239044,11.955009]]]]},"properties":{"group":"public","tag":"leisure=park","name":null,"levels":null,"lat":11.955026869024037,"lng":109.23946389154455,"osm_type":"way","osm_id":1117646414}},{"type":"Feature","geometry":{"type":"MultiPolygon","coordinates":[[[[109.236618,11.955935],[109.237232,11.955694],[109.237293,11.955689],[109.237354,11.955707],[109.237393,11.955763],[109.237425,11.955847],[109.237407,11.955943],[109.237341,11.956007],[109.236738,11.956241],[109.236618,11.955935]]]]},"properties":{"group":"public","tag":"leisure=park","name":null,"levels":null,"lat":11.955949428673325,"lng":109.23703089974747,"osm_type":"way","osm_id":1117646415}},{"type":"Feature","geometry":{"type":"MultiPolygon","coordinates":[[[[109.23604,11.954454],[109.236708,11.95426],[109.23677,11.95426],[109.236827,11.954313],[109.236942,11.954607],[109.236938,11.954671],[109.236874,11.954742],[109.236245,11.954979],[109.23604,11.954454]]]]},"properties":{"group":"public","tag":"leisure=park","name":null,"levels":null,"lat":11.954595658818794,"lng":109.23650240296695,"osm_type":"way","osm_id":1117646416}},{"type":"Feature","geometry":{"type":"MultiPolygon","coordinates":[[[[109.237291,11.954093],[109.237984,11.95391],[109.238054,11.953928],[109.238111,11.953995],[109.238165,11.954155],[109.238141,11.954228],[109.23809,11.954275],[109.237457,11.954524],[109.237291,11.954093]]]]},"properties":{"group":"public","tag":"leisure=park","name":null,"levels":null,"lat":11.954191009845857,"lng":109.2377316351683,"osm_type":"way","osm_id":1117646417}},{"type":"Feature","geometry":{"type":"MultiPolygon","coordinates":[[[[109.23856,11.953753],[109.239166,11.953576],[109.239244,11.953565],[109.239302,11.953575],[109.23935,11.95363],[109.239373,11.9537],[109.23937,11.953771],[109.239333,11.95382],[109.238677,11.954057],[109.23856,11.953753]]]]},"properties":{"group":"public","tag":"leisure=park","name":null,"levels":null,"lat":11.953790495695644,"lng":109.23897009287663,"osm_type":"way","osm_id":1117646418}},{"type":"Feature","geometry":{"type":"MultiPolygon","coordinates":[[[[109.218844,11.963884],[109.218901,11.963709],[109.219207,11.963804],[109.219347,11.964075],[109.21925,11.96437],[109.21906,11.96431],[109.219133,11.964089],[109.219066,11.963954],[109.218844,11.963884]]]]},"properties":{"group":"apartment","tag":"building=apartments","name":null,"levels":null,"lat":11.964012651980532,"lng":109.21913472024217,"osm_type":"way","osm_id":1118444547}},{"type":"Feature","geometry":{"type":"MultiPolygon","coordinates":[[[[109.217998,11.963788],[109.218367,11.963546],[109.218689,11.963647],[109.218629,11.963829],[109.218408,11.96376],[109.218224,11.963883],[109.218268,11.964101],[109.21825,11.964104],[109.218084,11.964136],[109.218069,11.964139],[109.217998,11.963788]]]]},"properties":{"group":"apartment","tag":"building=apartments","name":null,"levels":null,"lat":11.963800476629372,"lng":109.21829076814218,"osm_type":"way","osm_id":1118444548}},{"type":"Feature","geometry":{"type":"MultiPolygon","coordinates":[[[[109.218118,11.964371],[109.21813,11.964368],[109.218296,11.964336],[109.218313,11.964333],[109.218359,11.964561],[109.218485,11.964647],[109.218714,11.964603],[109.218751,11.964783],[109.218436,11.964845],[109.218179,11.964674],[109.218118,11.964371]]]]},"properties":{"group":"apartment","tag":"building=apartments","name":null,"levels":null,"lat":11.964628305865503,"lng":109.21839577648608,"osm_type":"way","osm_id":1118444549}},{"type":"Feature","geometry":{"type":"MultiPolygon","coordinates":[[[[109.218084,11.964136],[109.21825,11.964104],[109.218296,11.964336],[109.21813,11.964368],[109.218084,11.964136]]]]},"properties":{"group":"apartment","tag":"building=apartments","name":null,"levels":null,"lat":11.964236178318542,"lng":109.21819014470007,"osm_type":"way","osm_id":1118444550}},{"type":"Feature","geometry":{"type":"MultiPolygon","coordinates":[[[[109.217885,11.96374],[109.217917,11.963718],[109.218156,11.963562],[109.218349,11.963435],[109.218375,11.963417],[109.218822,11.963564],[109.218892,11.963586],[109.219305,11.963715],[109.219488,11.964085],[109.219374,11.964433],[109.219349,11.964508],[109.219201,11.96446],[109.219184,11.964454],[109.219073,11.964418],[109.219034,11.964405],[109.219026,11.964402],[109.21889,11.964357],[109.218857,11.964388],[109.21884,11.964403],[109.218835,11.964408],[109.218774,11.964453],[109.218799,11.964584],[109.218814,11.964664],[109.218819,11.964692],[109.218852,11.964868],[109.218819,11.964874],[109.218788,11.96488],[109.218427,11.96495],[109.218405,11.964954],[109.218131,11.964774],[109.218091,11.964748],[109.218085,11.964714],[109.218017,11.964394],[109.218011,11.964362],[109.217981,11.964203],[109.217974,11.964168],[109.217885,11.96374]]]]},"properties":{"group":"apartment","tag":"residential=apartments","name":null,"levels":null,"lat":11.964138477303667,"lng":109.21861720568009,"osm_type":"way","osm_id":1118444551}},{"type":"Feature","geometry":{"type":"MultiPolygon","coordinates":[[[[109.218965,11.964467],[109.218971,11.964447],[109.218983,11.96443],[109.219001,11.964418],[109.219021,11.964412],[109.219032,11.964412],[109.219042,11.964413],[109.219061,11.96442],[109.21907,11.964428],[109.219077,11.964434],[109.219088,11.964451],[109.219092,11.964471],[109.21909,11.964491],[109.219081,11.96451],[109.219066,11.964524],[109.219048,11.964534],[109.219027,11.964537],[109.219006,11.964533],[109.218988,11.964522],[109.218974,11.964507],[109.218966,11.964487],[109.218965,11.964482],[109.218965,11.964467]]]]},"properties":{"group":"public","tag":"leisure=playground","name":null,"levels":null,"lat":11.964474042709003,"lng":109.21902830419923,"osm_type":"way","osm_id":1118444557}},{"type":"Feature","geometry":{"type":"MultiPolygon","coordinates":[[[[109.002458,11.581675],[109.002978,11.580571],[109.003681,11.578937],[109.005901,11.579841],[109.00596,11.579951],[109.004748,11.582658],[109.004657,11.582684],[109.002919,11.581922],[109.002458,11.581675]]]]},"properties":{"group":"edu_health","tag":"amenity=hospital","name":"Bệnh viện đa khoa tỉnh Ninh Thuận","levels":null,"lat":11.580812388421778,"lng":109.00422069736047,"osm_type":"way","osm_id":1135093836}},{"type":"Feature","geometry":{"type":"MultiPolygon","coordinates":[[[[109.201068,12.215816],[109.202179,12.214587],[109.202524,12.214889],[109.202559,12.214847],[109.203566,12.215778],[109.203579,12.215765],[109.203679,12.215663],[109.206453,12.212773],[109.207168,12.213396],[109.207701,12.212856],[109.207994,12.213125],[109.208321,12.212782],[109.209243,12.213662],[109.20867,12.214239],[109.209158,12.214696],[109.206989,12.216817],[109.206871,12.216817],[109.20671,12.21697],[109.206711,12.217068],[109.204851,12.218835],[109.204087,12.218076],[109.204,12.218081],[109.203741,12.217977],[109.20335,12.218561],[109.201418,12.217748],[109.201835,12.21681],[109.201233,12.216516],[109.20144,12.216145],[109.201068,12.215816]]]]},"properties":{"group":"edu_health","tag":"amenity=university","name":"Học viện Hải quân","levels":null,"lat":12.215814460654345,"lng":109.20519663244193,"osm_type":"way","osm_id":1158398951}},{"type":"Feature","geometry":{"type":"MultiPolygon","coordinates":[[[[109.198227,12.212848],[109.200056,12.211238],[109.200137,12.211238],[109.200905,12.212012],[109.20092,12.212101],[109.199202,12.213826],[109.199106,12.213819],[109.198242,12.212979],[109.198227,12.212848]]]]},"properties":{"group":"edu_health","tag":"amenity=school","name":"Trường Trung học phổ thông Phạm Văn Đồng","levels":null,"lat":12.212527014933189,"lng":109.19957483500094,"osm_type":"way","osm_id":1158399640}},{"type":"Feature","geometry":{"type":"MultiPolygon","coordinates":[[[[109.189528,12.254368],[109.189643,12.254018],[109.189674,12.253986],[109.189733,12.253988],[109.190266,12.25417],[109.19013,12.254579],[109.189528,12.254368]]]]},"properties":{"group":"edu_health","tag":"amenity=school","name":"Trường Trung học cơ sở Trưng Vương","levels":null,"lat":12.254271482449315,"lng":109.18989788842929,"osm_type":"way","osm_id":1167494824}},{"type":"Feature","geometry":{"type":"MultiPolygon","coordinates":[[[[109.190905,12.249201],[109.191253,12.247787],[109.192423,12.247766],[109.192436,12.248328],[109.192879,12.248323],[109.192978,12.248319],[109.193007,12.249287],[109.190998,12.249302],[109.190905,12.249201]]]]},"properties":{"group":"edu_health","tag":"amenity=hospital","name":"Bệnh viện Đa khoa Khánh Hòa","levels":null,"lat":12.248620109876477,"lng":109.19194787775885,"osm_type":"way","osm_id":1167738442}},{"type":"Feature","geometry":{"type":"MultiPolygon","coordinates":[[[[109.180542,12.277507],[109.18073,12.277271],[109.182034,12.277497],[109.182339,12.277489],[109.182365,12.278823],[109.182302,12.27898],[109.181371,12.279025],[109.181312,12.278983],[109.180628,12.277785],[109.180542,12.277507]]]]},"properties":{"group":"edu_health","tag":"amenity=hospital","name":"Bệnh viện Ung bướu tỉnh Khánh Hoà","levels":null,"lat":12.278124595633619,"lng":109.18156904667133,"osm_type":"way","osm_id":1173358240}},{"type":"Feature","geometry":{"type":"MultiPolygon","coordinates":[[[[109.182302,12.27898],[109.182365,12.278823],[109.182339,12.277489],[109.18438,12.27746],[109.184286,12.278595],[109.184347,12.278611],[109.184312,12.278826],[109.182302,12.27898]]]]},"properties":{"group":"edu_health","tag":"amenity=hospital","name":"Bệnh viện Da liễu tỉnh Khánh Hoà","levels":null,"lat":12.278183805321449,"lng":109.18332689810266,"osm_type":"way","osm_id":1173358242}},{"type":"Feature","geometry":{"type":"MultiPolygon","coordinates":[[[[109.187187,12.277227],[109.187388,12.277235],[109.188078,12.277358],[109.188646,12.277479],[109.188646,12.277796],[109.188177,12.27783],[109.188142,12.278202],[109.187511,12.27816],[109.187511,12.278087],[109.187227,12.278055],[109.18719,12.278019],[109.187187,12.277227]]]]},"properties":{"group":"edu_health","tag":"amenity=hospital","name":"Bệnh viện Lao và Bệnh phổi tỉnh Khánh Hoà","levels":null,"lat":12.277698262965474,"lng":109.1878072526823,"osm_type":"way","osm_id":1173358243}},{"type":"Feature","geometry":{"type":"MultiPolygon","coordinates":[[[[109.172013,12.196202],[109.172026,12.196134],[109.172619,12.195856],[109.173314,12.195534],[109.173413,12.195576],[109.173598,12.19599],[109.173848,12.19642],[109.173837,12.19648],[109.173958,12.196661],[109.174043,12.196674],[109.174183,12.19686],[109.174462,12.197173],[109.17477,12.197453],[109.174754,12.197537],[109.173609,12.198258],[109.173518,12.198268],[109.173391,12.19822],[109.173306,12.198176],[109.172884,12.197536],[109.172903,12.19746],[109.172828,12.197363],[109.172753,12.19735],[109.172013,12.196202]]]]},"properties":{"group":"edu_health","tag":"amenity=school","name":"Trường Trung học phổ thông chuyên Lê Quý Đôn","levels":null,"lat":12.196917458260017,"lng":109.17335653247807,"osm_type":"way","osm_id":1184404987}},{"type":"Feature","geometry":{"type":"MultiPolygon","coordinates":[[[[109.170634,12.200495],[109.173097,12.198916],[109.173191,12.198905],[109.173317,12.198937],[109.173408,12.198978],[109.174336,12.200397],[109.174314,12.200468],[109.17171,12.202141],[109.170634,12.200495]]]]},"properties":{"group":"edu_health","tag":"amenity=college","name":"Trường Cao đẳng Kỹ thuật Công nghệ Nha Trang","levels":null,"lat":12.200471792158135,"lng":109.17249513272938,"osm_type":"way","osm_id":1184404988}},{"type":"Feature","geometry":{"type":"MultiPolygon","coordinates":[[[[109.173716,12.198774],[109.173734,12.198606],[109.173775,12.198491],[109.175036,12.197707],[109.175503,12.198098],[109.175494,12.198158],[109.175736,12.198365],[109.175822,12.198362],[109.175926,12.198451],[109.175934,12.198543],[109.175628,12.199039],[109.175381,12.199403],[109.174982,12.19988],[109.174676,12.200156],[109.174606,12.200142],[109.174209,12.199511],[109.174217,12.199461],[109.174097,12.199288],[109.174037,12.199269],[109.173716,12.198774]]]]},"properties":{"group":"edu_health","tag":"amenity=college","name":"Trường Chính trị tỉnh Khánh Hoà","levels":null,"lat":12.19884336591476,"lng":109.17480723697547,"osm_type":"way","osm_id":1184404989}},{"type":"Feature","geometry":{"type":"MultiPolygon","coordinates":[[[[109.016727,11.573611],[109.01678,11.573558],[109.018636,11.573344],[109.018706,11.573389],[109.018854,11.574524],[109.018794,11.574587],[109.016933,11.574792],[109.016863,11.574747],[109.016727,11.573611]]]]},"properties":{"group":"edu_health","tag":"amenity=school","name":"Trường Trung học phổ thông chuyên Lê Quý Đôn","levels":null,"lat":11.574070395429626,"lng":109.01778891015006,"osm_type":"way","osm_id":1184404991}},{"type":"Feature","geometry":{"type":"MultiPolygon","coordinates":[[[[108.998942,11.56404],[108.99909,11.564026],[108.999105,11.564106],[108.999139,11.564189],[108.999209,11.564249],[108.99899,11.564537],[108.998942,11.56404]]]]},"properties":{"group":"public","tag":"leisure=park","name":null,"levels":null,"lat":11.56424383762284,"lng":108.99904884361774,"osm_type":"way","osm_id":1189320691}},{"type":"Feature","geometry":{"type":"MultiPolygon","coordinates":[[[[108.998892,11.563523],[108.999359,11.563474],[108.999374,11.563614],[108.999337,11.56362],[108.99927,11.563652],[108.999199,11.563708],[108.99915,11.563762],[108.999111,11.563834],[108.999086,11.563902],[108.999081,11.563957],[108.998936,11.563973],[108.998892,11.563523]]]]},"properties":{"group":"public","tag":"leisure=park","name":null,"levels":null,"lat":11.563677130469843,"lng":108.99908824036063,"osm_type":"way","osm_id":1189320692}},{"type":"Feature","geometry":{"type":"MultiPolygon","coordinates":[[[[108.999496,11.563454],[108.999881,11.563412],[108.999673,11.563678],[108.999615,11.56364],[108.999566,11.563619],[108.999508,11.563606],[108.999496,11.563454]]]]},"properties":{"group":"public","tag":"leisure=park","name":null,"levels":null,"lat":11.56352535504478,"lng":108.99965936336955,"osm_type":"way","osm_id":1189320693}},{"type":"Feature","geometry":{"type":"MultiPolygon","coordinates":[[[[108.998101,11.563383],[108.998409,11.563347],[108.998552,11.564902],[108.998296,11.564932],[108.998264,11.564907],[108.998101,11.563383]]]]},"properties":{"group":"public","tag":"leisure=park","name":null,"levels":null,"lat":11.564131152310713,"lng":108.99833135091919,"osm_type":"way","osm_id":1189320694}},{"type":"Feature","geometry":{"type":"MultiPolygon","coordinates":[[[[109.000343,11.563128],[109.000598,11.563099],[109.000633,11.56313],[109.000797,11.564636],[109.000766,11.564677],[109.000508,11.564707],[109.000343,11.563128]]]]},"properties":{"group":"public","tag":"leisure=park","name":null,"levels":null,"lat":11.56390324303156,"lng":109.00057003882274,"osm_type":"way","osm_id":1189320695}},{"type":"Feature","geometry":{"type":"MultiPolygon","coordinates":[[[[108.998541,11.567655],[108.9994,11.567544],[108.999526,11.568479],[108.998667,11.56859],[108.998541,11.567655]]]]},"properties":{"group":"edu_health","tag":"amenity=school","name":"Trường Trung học cơ sở Trần Phú","levels":null,"lat":11.568067022824382,"lng":108.99903370736713,"osm_type":"way","osm_id":1189320738}},{"type":"Feature","geometry":{"type":"MultiPolygon","coordinates":[[[[108.996136,11.5766],[108.996203,11.576423],[108.996908,11.576501],[108.996888,11.576679],[108.996136,11.5766]]]]},"properties":{"group":"public","tag":"leisure=park","name":null,"levels":null,"lat":11.576551413329609,"lng":108.99653203536704,"osm_type":"way","osm_id":1189320739}},{"type":"Feature","geometry":{"type":"MultiPolygon","coordinates":[[[[108.989548,11.566781],[108.989606,11.566221],[108.989632,11.566185],[108.989673,11.566175],[108.990126,11.566222],[108.990159,11.566245],[108.990194,11.566326],[108.99019,11.566374],[108.990088,11.566463],[108.989654,11.566844],[108.989603,11.566864],[108.989574,11.566855],[108.989552,11.566826],[108.989548,11.566781]]]]},"properties":{"group":"public","tag":"leisure=park","name":"Công viên Yersin","levels":null,"lat":11.566455615680303,"lng":108.98981379396587,"osm_type":"way","osm_id":1189320746}},{"type":"Feature","geometry":{"type":"MultiPolygon","coordinates":[[[[108.987413,11.563296],[108.98809,11.563197],[108.98869,11.563545],[108.987884,11.563859],[108.987413,11.563296]]]]},"properties":{"group":"edu_health","tag":"amenity=school","name":"Trường Tiểu học Mỹ Hương","levels":null,"lat":11.563494178590993,"lng":108.98801807562263,"osm_type":"way","osm_id":1189320753}},{"type":"Feature","geometry":{"type":"MultiPolygon","coordinates":[[[[108.98846,11.574665],[108.988477,11.573915],[108.98945,11.574001],[108.989362,11.574695],[108.98846,11.574665]]]]},"properties":{"group":"edu_health","tag":"amenity=school","name":"Trường Tiểu học Phủ Hà 2","levels":null,"lat":11.574313791757447,"lng":108.98893226695532,"osm_type":"way","osm_id":1189320754}},{"type":"Feature","geometry":{"type":"MultiPolygon","coordinates":[[[[109.205535,12.28881],[109.20568,12.288743],[109.205726,12.288822],[109.205572,12.288893],[109.205535,12.28881]]]]},"properties":{"group":"apartment","tag":"building=apartments","name":null,"levels":20.0,"lat":12.288817578843956,"lng":109.20562839344058,"osm_type":"way","osm_id":1226925789}},{"type":"Feature","geometry":{"type":"MultiPolygon","coordinates":[[[[109.194521,12.232439],[109.19456,12.232268],[109.19462,12.232282],[109.194581,12.232452],[109.194521,12.232439]]]]},"properties":{"group":"apartment","tag":"building=apartments","name":"New house","levels":null,"lat":12.232360299999998,"lng":109.19457055,"osm_type":"way","osm_id":1237718464}},{"type":"Feature","geometry":{"type":"MultiPolygon","coordinates":[[[[109.194875,12.247804],[109.19523,12.247796],[109.195338,12.247793],[109.195344,12.248031],[109.195351,12.248424],[109.195356,12.24866],[109.194894,12.248669],[109.194889,12.248433],[109.194881,12.248043],[109.194875,12.247804]]]]},"properties":{"group":"mall","tag":"shop=mall","name":"Lotte Mart Nha Trang Gold Coast","levels":4.0,"lat":12.248231565412716,"lng":109.1951160881611,"osm_type":"way","osm_id":1239587429}},{"type":"Feature","geometry":{"type":"MultiPolygon","coordinates":[[[[109.194558,12.212748],[109.194636,12.212703],[109.194649,12.212726],[109.194803,12.212638],[109.194789,12.212614],[109.194878,12.212563],[109.194927,12.212645],[109.194969,12.21262],[109.194822,12.212377],[109.195083,12.212227],[109.195325,12.212631],[109.195078,12.212773],[109.195013,12.212665],[109.194926,12.212715],[109.194958,12.212767],[109.194907,12.212796],[109.194896,12.212778],[109.194723,12.212877],[109.194733,12.212893],[109.194688,12.212919],[109.194608,12.212787],[109.194586,12.212799],[109.194558,12.212748]]]]},"properties":{"group":"edu_health","tag":"amenity=hospital","name":"Tam Tri Nha Trang","levels":null,"lat":12.212578741837508,"lng":109.19497924694079,"osm_type":"way","osm_id":1241370724}},{"type":"Feature","geometry":{"type":"MultiPolygon","coordinates":[[[[109.187293,12.248455],[109.187541,12.248366],[109.187385,12.247937],[109.18881,12.247457],[109.188938,12.247603],[109.188404,12.249309],[109.187355,12.249332],[109.187293,12.248455]]]]},"properties":{"group":"public","tag":"amenity=community_centre","name":"Nhà Thiếu Nhi Tỉnh Khánh Hòa Đường Lê Thành Phương","levels":null,"lat":12.248452793367079,"lng":109.18806684839255,"osm_type":"way","osm_id":1241549485}},{"type":"Feature","geometry":{"type":"MultiPolygon","coordinates":[[[[109.137699,12.501077],[109.13771,12.501061],[109.13773,12.501053],[109.137777,12.501053],[109.137877,12.50104],[109.138022,12.50101],[109.138049,12.501016],[109.138064,12.501038],[109.138069,12.501057],[109.138021,12.501342],[109.138003,12.50137],[109.13799,12.501386],[109.137966,12.501394],[109.137947,12.501392],[109.137925,12.50138],[109.137912,12.501368],[109.137709,12.501111],[109.137699,12.501093],[109.137699,12.501077]]]]},"properties":{"group":"public","tag":"leisure=park","name":null,"levels":null,"lat":12.50117408967501,"lng":109.13791404501747,"osm_type":"way","osm_id":1242122450}},{"type":"Feature","geometry":{"type":"MultiPolygon","coordinates":[[[[109.1926,12.256253],[109.192928,12.256138],[109.193154,12.256757],[109.192853,12.256867],[109.1926,12.256253]]]]},"properties":{"group":"edu_health","tag":"amenity=school","name":"Trường Tiểu học Xương Huân 2","levels":null,"lat":12.256499635342735,"lng":109.1928819426264,"osm_type":"way","osm_id":1242167113}},{"type":"Feature","geometry":{"type":"MultiPolygon","coordinates":[[[[109.194105,12.232554],[109.194143,12.232387],[109.194207,12.232401],[109.194169,12.232568],[109.194105,12.232554]]]]},"properties":{"group":"apartment","tag":"building=apartments","name":"Newday 2 Apartment","levels":null,"lat":12.232477620683492,"lng":109.19415616961167,"osm_type":"way","osm_id":1243079806}},{"type":"Feature","geometry":{"type":"MultiPolygon","coordinates":[[[[109.187064,12.292962],[109.187275,12.292456],[109.187721,12.291712],[109.189123,12.292212],[109.189021,12.292437],[109.189037,12.292478],[109.189564,12.29266],[109.189491,12.292829],[109.189202,12.293052],[109.189037,12.293153],[109.18889,12.293194],[109.188451,12.293261],[109.187064,12.292962]]]]},"properties":{"group":"edu_health","tag":"amenity=university","name":null,"levels":null,"lat":12.292585855900782,"lng":109.18824764567911,"osm_type":"way","osm_id":1243195676}},{"type":"Feature","geometry":{"type":"MultiPolygon","coordinates":[[[[109.19468,12.232294],[109.194711,12.232151],[109.194771,12.232162],[109.194757,12.232228],[109.19474,12.232306],[109.19468,12.232294]]]]},"properties":{"group":"apartment","tag":"building=apartments","name":null,"levels":null,"lat":12.232228331449948,"lng":109.1947255720765,"osm_type":"way","osm_id":1245518565}},{"type":"Feature","geometry":{"type":"MultiPolygon","coordinates":[[[[109.194221,12.232607],[109.194263,12.232411],[109.194331,12.232425],[109.19429,12.23262],[109.194221,12.232607]]]]},"properties":{"group":"apartment","tag":"building=apartments","name":null,"levels":null,"lat":12.232515869622313,"lng":109.19427619821815,"osm_type":"way","osm_id":1245518566}},{"type":"Feature","geometry":{"type":"MultiPolygon","coordinates":[[[[109.193949,12.232311],[109.194006,12.232037],[109.194349,12.232106],[109.194292,12.232379],[109.193949,12.232311]]]]},"properties":{"group":"apartment","tag":"building=apartments","name":null,"levels":null,"lat":12.232208350000002,"lng":109.19414895000001,"osm_type":"way","osm_id":1249488755}},{"type":"Feature","geometry":{"type":"MultiPolygon","coordinates":[[[[109.166492,12.190168],[109.167004,12.189457],[109.16733,12.189984],[109.167255,12.190079],[109.167487,12.190241],[109.16757,12.190342],[109.167252,12.190768],[109.166492,12.190168]]]]},"properties":{"group":"edu_health","tag":"amenity=school","name":"Trường Trung học cơ sở Lam Sơn","levels":null,"lat":12.190156190698541,"lng":109.16704143617267,"osm_type":"way","osm_id":1251613757}},{"type":"Feature","geometry":{"type":"MultiPolygon","coordinates":[[[[109.185484,12.242742],[109.185838,12.24243],[109.186343,12.243028],[109.185996,12.243313],[109.185484,12.242742]]]]},"properties":{"group":"edu_health","tag":"amenity=school","name":"Trường Trung học cơ sở Âu Cơ","levels":null,"lat":12.242875218241515,"lng":109.18591360734119,"osm_type":"way","osm_id":1251625981}},{"type":"Feature","geometry":{"type":"MultiPolygon","coordinates":[[[[109.164632,12.237306],[109.164933,12.236476],[109.164998,12.236438],[109.166291,12.236901],[109.166316,12.236956],[109.16601,12.237791],[109.165944,12.237816],[109.164658,12.237358],[109.164632,12.237306]]]]},"properties":{"group":"edu_health","tag":"amenity=school","name":"Trường Trung học cơ sở Cao Bá Quát","levels":null,"lat":12.237128360822902,"lng":109.16547361823594,"osm_type":"way","osm_id":1251625984}},{"type":"Feature","geometry":{"type":"MultiPolygon","coordinates":[[[[109.174918,12.240274],[109.175536,12.237952],[109.176247,12.238129],[109.175636,12.240468],[109.174918,12.240274]]]]},"properties":{"group":"apartment","tag":"residential=apartments","name":"Villa","levels":null,"lat":12.239209022762774,"lng":109.17558398468934,"osm_type":"way","osm_id":1299718189}},{"type":"Feature","geometry":{"type":"MultiPolygon","coordinates":[[[[109.192192,12.086425],[109.192219,12.086374],[109.192263,12.086367],[109.1923,12.086378],[109.192346,12.08645],[109.192363,12.086495],[109.192356,12.086534],[109.192329,12.086556],[109.192283,12.086553],[109.19224,12.08653],[109.192198,12.086481],[109.192192,12.086425]]]]},"properties":{"group":"public","tag":"leisure=garden","name":null,"levels":null,"lat":12.086463157390076,"lng":109.19227618922102,"osm_type":"way","osm_id":1301971633}},{"type":"Feature","geometry":{"type":"MultiPolygon","coordinates":[[[[109.192091,12.086068],[109.19211,12.086018],[109.192163,12.086002],[109.192307,12.086242],[109.192297,12.086297],[109.192241,12.086296],[109.192189,12.086281],[109.192164,12.086254],[109.192134,12.086197],[109.192105,12.086145],[109.192091,12.086068]]]]},"properties":{"group":"public","tag":"leisure=garden","name":null,"levels":null,"lat":12.086161945254444,"lng":109.19219109537538,"osm_type":"way","osm_id":1301971634}},{"type":"Feature","geometry":{"type":"MultiPolygon","coordinates":[[[[109.194656,12.086336],[109.194938,12.085332],[109.195407,12.085452],[109.195099,12.086486],[109.194716,12.086391],[109.194656,12.086336]]]]},"properties":{"group":"public","tag":"leisure=garden","name":"Coconut garden","levels":null,"lat":12.085906591860466,"lng":109.19502424561023,"osm_type":"way","osm_id":1301971669}},{"type":"Feature","geometry":{"type":"MultiPolygon","coordinates":[[[[109.189935,12.08485],[109.190084,12.084305],[109.190107,12.084278],[109.190138,12.084274],[109.190157,12.084282],[109.190174,12.084304],[109.19018,12.084335],[109.190022,12.08489],[109.189988,12.084898],[109.189944,12.084883],[109.189935,12.08485]]]]},"properties":{"group":"public","tag":"leisure=garden","name":null,"levels":null,"lat":12.084584765775471,"lng":109.19005789647491,"osm_type":"way","osm_id":1301971676}},{"type":"Feature","geometry":{"type":"MultiPolygon","coordinates":[[[[112.25618,8.866393],[112.256569,8.866252],[112.256629,8.866408],[112.256693,8.866574],[112.25631,8.866713],[112.25618,8.866393]]]]},"properties":{"group":"public","tag":"leisure=park","name":null,"levels":null,"lat":8.866482479744407,"lng":112.25643794568946,"osm_type":"way","osm_id":1305770101}},{"type":"Feature","geometry":{"type":"MultiPolygon","coordinates":[[[[109.192715,12.251993],[109.192846,12.251843],[109.193129,12.251837],[109.193134,12.252045],[109.192984,12.252217],[109.192715,12.251993]]]]},"properties":{"group":"apartment","tag":"building=apartments","name":"Marina Suites","levels":31.0,"lat":12.25199342322949,"lng":109.19295483861407,"osm_type":"way","osm_id":1327766596}},{"type":"Feature","geometry":{"type":"MultiPolygon","coordinates":[[[[109.186615,12.235066],[109.187461,12.234314],[109.187252,12.234112],[109.186646,12.232927],[109.188228,12.232001],[109.18836,12.232234],[109.19226,12.230225],[109.192978,12.231548],[109.191927,12.236128],[109.192298,12.236214],[109.192127,12.236972],[109.191604,12.236863],[109.191536,12.237079],[109.190661,12.236883],[109.1902,12.236772],[109.189192,12.235825],[109.188513,12.236491],[109.187305,12.235736],[109.186615,12.235066]]]]},"properties":{"group":"edu_health","tag":"amenity=college","name":"Trường Sĩ quan Không quân","levels":null,"lat":12.23382363129899,"lng":109.19008702720122,"osm_type":"way","osm_id":1339203986}},{"type":"Feature","geometry":{"type":"MultiPolygon","coordinates":[[[[109.193693,12.257622],[109.194655,12.257348],[109.194622,12.25765],[109.194562,12.257737],[109.193772,12.257944],[109.193693,12.257622]]]]},"properties":{"group":"apartment","tag":"residential=apartments","name":null,"levels":null,"lat":12.257654030133002,"lng":109.19418538893181,"osm_type":"way","osm_id":1351853048}},{"type":"Feature","geometry":{"type":"MultiPolygon","coordinates":[[[[109.194811,12.258115],[109.194871,12.257808],[109.196656,12.258141],[109.196596,12.258449],[109.194811,12.258115]]]]},"properties":{"group":"apartment","tag":"residential=apartments","name":null,"levels":null,"lat":12.258128200242203,"lng":109.19573358398516,"osm_type":"way","osm_id":1351853050}},{"type":"Feature","geometry":{"type":"MultiPolygon","coordinates":[[[[109.193856,12.25247],[109.193916,12.252337],[109.194013,12.252378],[109.194252,12.251845],[109.194813,12.252085],[109.194866,12.251965],[109.194933,12.251994],[109.194805,12.25228],[109.194677,12.252225],[109.194506,12.252608],[109.194604,12.25265],[109.194551,12.252768],[109.193856,12.25247]]]]},"properties":{"group":"edu_health","tag":"amenity=school","name":"Trường Trung học phổ thông Nguyễn Văn Trỗi","levels":null,"lat":12.252290393180376,"lng":109.19437779634681,"osm_type":"way","osm_id":1368606021}},{"type":"Feature","geometry":{"type":"MultiPolygon","coordinates":[[[[109.188962,12.284175],[109.189991,12.284252],[109.190012,12.285742],[109.188962,12.285719],[109.188962,12.284175]]]]},"properties":{"group":"edu_health","tag":"amenity=school","name":"Trường Phổ thông Hermann Gmeiner","levels":null,"lat":12.284974513612012,"lng":109.18947831902851,"osm_type":"way","osm_id":1395156145}},{"type":"Feature","geometry":{"type":"MultiPolygon","coordinates":[[[[109.206223,12.209102],[109.206392,12.208669],[109.206455,12.208645],[109.206569,12.208683],[109.206664,12.208765],[109.207085,12.209065],[109.206966,12.209404],[109.206223,12.209102]]]]},"properties":{"group":"edu_health","tag":"amenity=school","name":"Trường Trung học cơ sở Bùi Thị Xuân","levels":null,"lat":12.209031204711009,"lng":109.20665142025477,"osm_type":"way","osm_id":1395156858}},{"type":"Feature","geometry":{"type":"MultiPolygon","coordinates":[[[[109.166138,12.259364],[109.16647,12.258741],[109.167688,12.25941],[109.1677,12.2595],[109.167391,12.260039],[109.166138,12.259364]]]]},"properties":{"group":"edu_health","tag":"amenity=school","name":"Trường liên cấp quốc tế Việt Nam Singapore","levels":null,"lat":12.25939296508432,"lng":109.166931124981,"osm_type":"way","osm_id":1396494231}},{"type":"Feature","geometry":{"type":"MultiPolygon","coordinates":[[[[109.165774,12.257741],[109.165791,12.257702],[109.16597,12.257406],[109.166006,12.257387],[109.166033,12.257394],[109.166415,12.257608],[109.166438,12.257655],[109.166249,12.257997],[109.166216,12.258004],[109.165798,12.25777],[109.165774,12.257741]]]]},"properties":{"group":"public","tag":"leisure=park","name":"Công Viên Thiếu Nhi","levels":null,"lat":12.257692944247028,"lng":109.1661104442378,"osm_type":"way","osm_id":1396494233}},{"type":"Feature","geometry":{"type":"MultiPolygon","coordinates":[[[[109.167094,12.258473],[109.1673,12.25809],[109.16771,12.258306],[109.167497,12.258681],[109.167472,12.258691],[109.167108,12.258492],[109.167094,12.258473]]]]},"properties":{"group":"public","tag":"leisure=park","name":null,"levels":null,"lat":12.258393369155415,"lng":109.16739740385064,"osm_type":"way","osm_id":1396494236}},{"type":"Feature","geometry":{"type":"MultiPolygon","coordinates":[[[[109.168797,12.258105],[109.169016,12.257708],[109.169881,12.258123],[109.169842,12.258299],[109.1701,12.258515],[109.169929,12.258936],[109.168803,12.258238],[109.168841,12.258127],[109.168797,12.258105]]]]},"properties":{"group":"edu_health","tag":"amenity=hospital","name":"Bệnh viện đa khoa Sài Gòn Nha Trang","levels":null,"lat":12.258294958162024,"lng":109.16945034892775,"osm_type":"way","osm_id":1396494237}},{"type":"Feature","geometry":{"type":"MultiPolygon","coordinates":[[[[109.179259,12.247927],[109.179873,12.247658],[109.179984,12.247678],[109.18,12.248003],[109.179934,12.248066],[109.179438,12.24831],[109.179259,12.247927]]]]},"properties":{"group":"public","tag":"leisure=park","name":null,"levels":null,"lat":12.247968254854518,"lng":109.17965890500425,"osm_type":"way","osm_id":1396494238}},{"type":"Feature","geometry":{"type":"MultiPolygon","coordinates":[[[[109.178565,12.247735],[109.17858,12.247697],[109.178805,12.247675],[109.179205,12.247495],[109.179261,12.247653],[109.179347,12.247653],[109.179413,12.247803],[109.178763,12.24811],[109.178719,12.248062],[109.178565,12.247735]]]]},"properties":{"group":"public","tag":"leisure=park","name":null,"levels":null,"lat":12.247799250622563,"lng":109.17897466108451,"osm_type":"way","osm_id":1396494239}},{"type":"Feature","geometry":{"type":"MultiPolygon","coordinates":[[[[109.176038,12.248223],[109.176113,12.247947],[109.178439,12.247721],[109.178591,12.247965],[109.178569,12.248026],[109.176054,12.248268],[109.176038,12.248223]]]]},"properties":{"group":"public","tag":"leisure=park","name":null,"levels":null,"lat":12.247992319109626,"lng":109.17730099182273,"osm_type":"way","osm_id":1396494240}},{"type":"Feature","geometry":{"type":"MultiPolygon","coordinates":[[[[109.173004,12.248532],[109.173056,12.248234],[109.17445,12.248106],[109.174538,12.248368],[109.174505,12.248424],[109.173053,12.248556],[109.173004,12.248532]]]]},"properties":{"group":"public","tag":"leisure=park","name":null,"levels":null,"lat":12.248332420674295,"lng":109.17376520074211,"osm_type":"way","osm_id":1396494241}},{"type":"Feature","geometry":{"type":"MultiPolygon","coordinates":[[[[109.174581,12.248149],[109.174611,12.248117],[109.175888,12.247975],[109.175888,12.248031],[109.175803,12.248256],[109.174707,12.248395],[109.17465,12.248366],[109.174581,12.248149]]]]},"properties":{"group":"public","tag":"leisure=park","name":null,"levels":null,"lat":12.248184564890021,"lng":109.17523073346852,"osm_type":"way","osm_id":1396494242}},{"type":"Feature","geometry":{"type":"MultiPolygon","coordinates":[[[[109.172787,12.249485],[109.172868,12.249071],[109.173656,12.248998],[109.173682,12.24903],[109.173725,12.249231],[109.1737,12.249266],[109.172806,12.249503],[109.172787,12.249485]]]]},"properties":{"group":"public","tag":"leisure=park","name":null,"levels":null,"lat":12.249219067373845,"lng":109.17323118514238,"osm_type":"way","osm_id":1396494243}},{"type":"Feature","geometry":{"type":"MultiPolygon","coordinates":[[[[109.177882,12.231331],[109.178016,12.230789],[109.178168,12.230455],[109.178706,12.230581],[109.178737,12.230639],[109.178556,12.230946],[109.178432,12.231435],[109.178384,12.231488],[109.1779,12.231372],[109.177882,12.231331]]]]},"properties":{"group":"public","tag":"leisure=park","name":null,"levels":null,"lat":12.230964651163687,"lng":109.17828005442917,"osm_type":"way","osm_id":1396494626}},{"type":"Feature","geometry":{"type":"MultiPolygon","coordinates":[[[[109.178222,12.232793],[109.178289,12.232502],[109.17833,12.232476],[109.178795,12.232597],[109.178837,12.232651],[109.178768,12.232917],[109.178222,12.232793]]]]},"properties":{"group":"public","tag":"leisure=park","name":null,"levels":null,"lat":12.232697074007895,"lng":109.1785300742346,"osm_type":"way","osm_id":1396494628}},{"type":"Feature","geometry":{"type":"MultiPolygon","coordinates":[[[[109.17951,12.228454],[109.179934,12.2276],[109.180499,12.227793],[109.180519,12.227843],[109.180324,12.228648],[109.18027,12.228664],[109.179537,12.22848],[109.17951,12.228454]]]]},"properties":{"group":"public","tag":"leisure=park","name":"Công viên SSH","levels":null,"lat":12.228156700161023,"lng":109.18005845019417,"osm_type":"way","osm_id":1396494629}},{"type":"Feature","geometry":{"type":"MultiPolygon","coordinates":[[[[109.173583,12.260644],[109.173692,12.259984],[109.174425,12.260086],[109.174316,12.26074],[109.173583,12.260644]]]]},"properties":{"group":"edu_health","tag":"amenity=school","name":"Trường Trung học cơ sở Lương Định Của","levels":null,"lat":12.26036343793638,"lng":109.17400359046836,"osm_type":"way","osm_id":1396495683}},{"type":"Feature","geometry":{"type":"MultiPolygon","coordinates":[[[[109.214133,12.010267],[109.214166,12.010194],[109.214258,12.010169],[109.214363,12.01014],[109.214422,12.010174],[109.214444,12.010208],[109.215156,12.012212],[109.215141,12.0123],[109.214948,12.012361],[109.214879,12.012348],[109.214831,12.012305],[109.214133,12.010267]]]]},"properties":{"group":"public","tag":"leisure=garden","name":null,"levels":null,"lat":12.011265502389277,"lng":109.21464724856791,"osm_type":"way","osm_id":1396496331}},{"type":"Feature","geometry":{"type":"MultiPolygon","coordinates":[[[[109.144485,11.923319],[109.145092,11.922653],[109.146095,11.923538],[109.145484,11.92421],[109.144485,11.923319]]]]},"properties":{"group":"edu_health","tag":"amenity=school","name":"Trung tâm Giáo dục thường xuyên và Hướng nghiệp Cam Ranh","levels":null,"lat":11.923430503242603,"lng":109.14528960699607,"osm_type":"way","osm_id":1408697656}},{"type":"Feature","geometry":{"type":"MultiPolygon","coordinates":[[[[109.139447,11.917124],[109.139916,11.916355],[109.141223,11.917146],[109.14073,11.917899],[109.139447,11.917124]]]]},"properties":{"group":"edu_health","tag":"amenity=school","name":"Trường Trung học cơ sở Lê Hồng Phong","levels":null,"lat":11.917129965640964,"lng":109.14032969217467,"osm_type":"way","osm_id":1408697658}},{"type":"Feature","geometry":{"type":"MultiPolygon","coordinates":[[[[109.160108,11.924642],[109.161563,11.92296],[109.162289,11.923598],[109.160767,11.925229],[109.160108,11.924642]]]]},"properties":{"group":"edu_health","tag":"amenity=school","name":"Trường Trung học cơ sở Trần Phú","levels":null,"lat":11.924094945849847,"lng":109.16119284833181,"osm_type":"way","osm_id":1408697659}},{"type":"Feature","geometry":{"type":"MultiPolygon","coordinates":[[[[109.144299,11.920443],[109.144908,11.919714],[109.146229,11.920771],[109.145606,11.921475],[109.144299,11.920443]]]]},"properties":{"group":"edu_health","tag":"amenity=hospital","name":"Bệnh viện Đa Khoa khu vực Cam Ranh","levels":null,"lat":11.920598926167877,"lng":109.14526035514652,"osm_type":"way","osm_id":1408697660}},{"type":"Feature","geometry":{"type":"MultiPolygon","coordinates":[[[[109.148895,11.91061],[109.149791,11.909606],[109.15044,11.910155],[109.149565,11.911194],[109.148895,11.91061]]]]},"properties":{"group":"edu_health","tag":"amenity=school","name":"Trường Trung học phổ thông Trần Hưng Đạo","levels":null,"lat":11.910395546668925,"lng":109.14967005290524,"osm_type":"way","osm_id":1408697661}},{"type":"Feature","geometry":{"type":"MultiPolygon","coordinates":[[[[109.179179,11.954775],[109.181036,11.953942],[109.182153,11.955652],[109.180001,11.956592],[109.179179,11.954775]]]]},"properties":{"group":"edu_health","tag":"amenity=school","name":"Trường Trung cấp nghề Cam Ranh","levels":null,"lat":11.955260185929662,"lng":109.18060540608323,"osm_type":"way","osm_id":1408706738}},{"type":"Feature","geometry":{"type":"MultiPolygon","coordinates":[[[[109.146502,11.90861],[109.147217,11.907703],[109.147796,11.908146],[109.147095,11.909015],[109.146502,11.90861]]]]},"properties":{"group":"edu_health","tag":"amenity=school","name":"Trường Trung học cơ sở Nguyễn Trọng Kỷ","levels":null,"lat":11.90836565210639,"lng":109.14715215078925,"osm_type":"way","osm_id":1408768788}},{"type":"Feature","geometry":{"type":"MultiPolygon","coordinates":[[[[109.13904,11.920694],[109.139568,11.919859],[109.140402,11.92041],[109.139837,11.921202],[109.13904,11.920694]]]]},"properties":{"group":"edu_health","tag":"amenity=school","name":"Trường Tiểu học Cam Lộc 1","levels":null,"lat":11.920536992254668,"lng":109.13971318809473,"osm_type":"way","osm_id":1408768789}},{"type":"Feature","geometry":{"type":"MultiPolygon","coordinates":[[[[109.141364,11.920898],[109.141913,11.920148],[109.142307,11.920433],[109.142216,11.920552],[109.141738,11.921172],[109.141364,11.920898]]]]},"properties":{"group":"edu_health","tag":"amenity=school","name":"Trường Tiểu học Cam Lộc 2","levels":null,"lat":11.920659771224955,"lng":109.14183283775778,"osm_type":"way","osm_id":1408768790}},{"type":"Feature","geometry":{"type":"MultiPolygon","coordinates":[[[[109.155527,11.920623],[109.156329,11.919704],[109.156751,11.919235],[109.157,11.919347],[109.156965,11.919472],[109.157092,11.919524],[109.156982,11.920049],[109.156007,11.921052],[109.155527,11.920623]]]]},"properties":{"group":"edu_health","tag":"amenity=school","name":"Trường Tiểu học Cam Phú","levels":null,"lat":11.920154207215097,"lng":109.1563756689197,"osm_type":"way","osm_id":1408768792}},{"type":"Feature","geometry":{"type":"MultiPolygon","coordinates":[[[[109.146248,11.917232],[109.147146,11.916187],[109.14765,11.91564],[109.147708,11.915737],[109.146586,11.917015],[109.146498,11.917093],[109.146373,11.917175],[109.146248,11.917232]]]]},"properties":{"group":"public","tag":"leisure=park","name":"Công viên phường Cam Lợi","levels":null,"lat":11.916421943841419,"lng":109.14702562782853,"osm_type":"way","osm_id":1408821726}},{"type":"Feature","geometry":{"type":"MultiPolygon","coordinates":[[[[109.146649,11.917683],[109.146671,11.91767],[109.147468,11.917868],[109.147389,11.918114],[109.146663,11.917728],[109.146649,11.917706],[109.146649,11.917683]]]]},"properties":{"group":"public","tag":"leisure=park","name":"Công viên Quốc lộ 1 - Lê Duẩn","levels":null,"lat":11.917874649792791,"lng":109.14712584626858,"osm_type":"way","osm_id":1408821727}},{"type":"Feature","geometry":{"type":"MultiPolygon","coordinates":[[[[109.142783,11.921938],[109.142787,11.921905],[109.143325,11.921239],[109.143371,11.921214],[109.143411,11.921217],[109.143443,11.921235],[109.143471,11.921267],[109.143486,11.921302],[109.143475,11.921347],[109.142947,11.922023],[109.142899,11.92205],[109.14284,11.922043],[109.142809,11.922017],[109.142792,11.921986],[109.142783,11.921938]]],[[[109.143461,11.921122],[109.143466,11.921075],[109.143985,11.92041],[109.144037,11.920389],[109.14409,11.920391],[109.144129,11.920416],[109.144156,11.920472],[109.144153,11.920508],[109.14361,11.921193],[109.143566,11.921211],[109.143514,11.921202],[109.14348,11.921162],[109.143461,11.921122]]],[[[109.144127,11.920292],[109.144132,11.920246],[109.144685,11.919563],[109.144726,11.919555],[109.144772,11.919566],[109.14481,11.919598],[109.144825,11.919629],[109.144821,11.91967],[109.144269,11.920355],[109.144246,11.920372],[109.14421,11.920377],[109.144165,11.92036],[109.144135,11.920331],[109.144127,11.920292]]],[[[109.144803,11.919434],[109.144805,11.919403],[109.146122,11.917764],[109.146152,11.917752],[109.146182,11.917749],[109.146216,11.917773],[109.146241,11.917804],[109.146252,11.917842],[109.146239,11.917886],[109.144936,11.919531],[109.144901,11.919539],[109.144871,11.919532],[109.144837,11.919509],[109.144808,11.919471],[109.144803,11.919434]]]]},"properties":{"group":"public","tag":"leisure=park","name":"Công viên 22 tháng 8","levels":null,"lat":11.919920385957804,"lng":109.14450493342869,"osm_type":"relation","osm_id":19280388}},{"type":"Feature","geometry":{"type":"MultiPolygon","coordinates":[[[[109.160783,11.925235],[109.161165,11.924834],[109.161861,11.925416],[109.161476,11.925823],[109.160783,11.925235]]]]},"properties":{"group":"edu_health","tag":"amenity=school","name":"Trung tâm Bồi dưỡng Chính trị Cam Ranh","levels":null,"lat":11.925327723382393,"lng":109.16132190258865,"osm_type":"way","osm_id":1408948513}},{"type":"Feature","geometry":{"type":"MultiPolygon","coordinates":[[[[109.174819,11.938074],[109.175559,11.937734],[109.176187,11.938977],[109.175451,11.939357],[109.174819,11.938074]]]]},"properties":{"group":"edu_health","tag":"amenity=school","name":"Trường Trung học cơ sở Chu Văn An","levels":null,"lat":11.938538077230433,"lng":109.17550321445516,"osm_type":"way","osm_id":1409161599}},{"type":"Feature","geometry":{"type":"MultiPolygon","coordinates":[[[[109.18694,11.96089],[109.188,11.960521],[109.188091,11.960562],[109.18833,11.961203],[109.187354,11.96164],[109.18694,11.96089]]]]},"properties":{"group":"edu_health","tag":"amenity=school","name":"Trường Trung học cơ sở Nguyễn Thị Minh Khai","levels":null,"lat":11.961057052337996,"lng":109.1876581834701,"osm_type":"way","osm_id":1414855991}},{"type":"Feature","geometry":{"type":"MultiPolygon","coordinates":[[[[109.189622,11.960732],[109.190384,11.960436],[109.190714,11.961188],[109.189905,11.961515],[109.189622,11.960732]]]]},"properties":{"group":"edu_health","tag":"amenity=school","name":"Trường Tiểu học Cam Phúc Bắc 2","levels":null,"lat":11.960972493427088,"lng":109.1901571599584,"osm_type":"way","osm_id":1414855992}},{"type":"Feature","geometry":{"type":"MultiPolygon","coordinates":[[[[109.192369,11.966879],[109.192911,11.966655],[109.193131,11.967182],[109.192971,11.967262],[109.192753,11.967374],[109.19268,11.967282],[109.192566,11.96732],[109.192369,11.966879]]]]},"properties":{"group":"edu_health","tag":"amenity=school","name":"Trường Tiểu học Cam Phúc Bắc 1","levels":null,"lat":11.967023489496652,"lng":109.19275919496295,"osm_type":"way","osm_id":1414855993}},{"type":"Feature","geometry":{"type":"MultiPolygon","coordinates":[[[[109.194046,11.987531],[109.194179,11.986213],[109.195017,11.986315],[109.194901,11.987633],[109.194046,11.987531]]]]},"properties":{"group":"edu_health","tag":"amenity=school","name":"Trường Trung học cơ sở Nguyễn Văn Trỗi","levels":null,"lat":11.986925218015793,"lng":109.19453573496425,"osm_type":"way","osm_id":1415415231}},{"type":"Feature","geometry":{"type":"MultiPolygon","coordinates":[[[[109.180755,11.988432],[109.180761,11.98736],[109.181939,11.987307],[109.1821,11.987401],[109.181981,11.98767],[109.181848,11.988163],[109.181769,11.988528],[109.180755,11.988432]]]]},"properties":{"group":"edu_health","tag":"amenity=school","name":"Trường Trung học phổ thông Ngô Gia Tự","levels":null,"lat":11.98788144804501,"lng":109.18135545274926,"osm_type":"way","osm_id":1415415232}},{"type":"Feature","geometry":{"type":"MultiPolygon","coordinates":[[[[109.189995,11.992081],[109.191201,11.992049],[109.191317,11.992696],[109.190036,11.992738],[109.189995,11.992081]]]]},"properties":{"group":"edu_health","tag":"amenity=school","name":"Trường Tiểu học Cam Nghĩa 1","levels":null,"lat":11.9923941915583,"lng":109.1906365883606,"osm_type":"way","osm_id":1415415234}},{"type":"Feature","geometry":{"type":"MultiPolygon","coordinates":[[[[109.198254,12.273588],[109.198255,12.273511],[109.198527,12.273447],[109.198529,12.273611],[109.198533,12.274207],[109.198287,12.274172],[109.198265,12.274151],[109.198254,12.273588]]]]},"properties":{"group":"public","tag":"leisure=park","name":null,"levels":null,"lat":12.273831508004626,"lng":109.19839821576728,"osm_type":"way","osm_id":1415798571}},{"type":"Feature","geometry":{"type":"MultiPolygon","coordinates":[[[[109.142231,11.921521],[109.142777,11.920806],[109.143141,11.921063],[109.143169,11.9211],[109.143177,11.921153],[109.142691,11.921772],[109.142646,11.92179],[109.142609,11.921787],[109.142231,11.921521]]]]},"properties":{"group":"public","tag":"leisure=playground","name":"Nhà thiếu nhi Cam Ranh","levels":null,"lat":11.92131211820007,"lng":109.14271752240413,"osm_type":"way","osm_id":1417137088}},{"type":"Feature","geometry":{"type":"MultiPolygon","coordinates":[[[[109.142435,11.920388],[109.142626,11.920136],[109.143519,11.920826],[109.143376,11.921],[109.143347,11.921017],[109.143318,11.921019],[109.143282,11.921013],[109.143254,11.920998],[109.142435,11.920388]]]]},"properties":{"group":"public","tag":"leisure=park","name":null,"levels":null,"lat":11.920595236373064,"lng":109.14297119182133,"osm_type":"way","osm_id":1417137090}},{"type":"Feature","geometry":{"type":"MultiPolygon","coordinates":[[[[109.150173,11.906942],[109.150695,11.906613],[109.150728,11.906623],[109.150775,11.906649],[109.150792,11.906674],[109.150908,11.906896],[109.150342,11.907243],[109.150173,11.906942]]]]},"properties":{"group":"edu_health","tag":"amenity=school","name":"Trường Tiểu học Cam Linh 1","levels":null,"lat":11.906917679546744,"lng":109.15054078895513,"osm_type":"way","osm_id":1417163037}},{"type":"Feature","geometry":{"type":"MultiPolygon","coordinates":[[[[109.150602,11.908128],[109.150872,11.907942],[109.151167,11.90835],[109.150888,11.908551],[109.150602,11.908128]]]]},"properties":{"group":"edu_health","tag":"amenity=school","name":"Trường Tiểu học Cam Linh 2","levels":null,"lat":11.908244864544661,"lng":109.15088308664374,"osm_type":"way","osm_id":1417163038}},{"type":"Feature","geometry":{"type":"MultiPolygon","coordinates":[[[[109.132359,11.913422],[109.132506,11.913092],[109.132976,11.913326],[109.132796,11.913581],[109.132767,11.91359],[109.132746,11.913586],[109.132359,11.913422]]]]},"properties":{"group":"edu_health","tag":"amenity=school","name":"Trường Tiểu học Ba Ngòi","levels":null,"lat":11.913354769349862,"lng":109.13265403683062,"osm_type":"way","osm_id":1417174957}},{"type":"Feature","geometry":{"type":"MultiPolygon","coordinates":[[[[109.13386,12.076097],[109.133872,12.075493],[109.134749,12.07551],[109.134822,12.074576],[109.135916,12.074784],[109.136665,12.074837],[109.136241,12.076177],[109.13386,12.076097]]]]},"properties":{"group":"edu_health","tag":"amenity=school","name":"Trường Trung cấp Du lịch - Kỹ thuật Cam Ranh (Cơ sở 2)","levels":null,"lat":12.075485137071984,"lng":109.13536153324681,"osm_type":"way","osm_id":1417232248}},{"type":"Feature","geometry":{"type":"MultiPolygon","coordinates":[[[[109.156117,12.074937],[109.156164,12.074113],[109.156884,12.074156],[109.156818,12.074993],[109.156117,12.074937]]]]},"properties":{"group":"edu_health","tag":"amenity=school","name":"Trường Trung học phổ thông Trần Bình Trọng","levels":null,"lat":12.074548113326454,"lng":109.15649673956277,"osm_type":"way","osm_id":1417257956}},{"type":"Feature","geometry":{"type":"MultiPolygon","coordinates":[[[[109.155306,12.070128],[109.155381,12.068881],[109.155454,12.068827],[109.156418,12.068957],[109.156465,12.069024],[109.156443,12.069676],[109.15625,12.07027],[109.156214,12.070295],[109.155364,12.070188],[109.155306,12.070128]]]]},"properties":{"group":"edu_health","tag":"amenity=school","name":"Trường Trung học cơ sở Hùng Vương","levels":null,"lat":12.069554004038205,"lng":109.15587466606709,"osm_type":"way","osm_id":1417257957}},{"type":"Feature","geometry":{"type":"MultiPolygon","coordinates":[[[[109.156217,12.071688],[109.156269,12.071146],[109.157224,12.071321],[109.157166,12.071825],[109.156217,12.071688]]]]},"properties":{"group":"edu_health","tag":"amenity=school","name":"Trường Tiểu học Cam Đức 2","levels":null,"lat":12.071493549331942,"lng":109.15671321227576,"osm_type":"way","osm_id":1417257958}},{"type":"Feature","geometry":{"type":"MultiPolygon","coordinates":[[[[109.128642,12.030431],[109.129716,12.030344],[109.12974,12.031035],[109.128906,12.031151],[109.128704,12.031156],[109.128642,12.030431]]]]},"properties":{"group":"edu_health","tag":"amenity=school","name":"Trường Tiểu học Cam Hiệp Nam","levels":null,"lat":12.030744570386279,"lng":109.12919491159926,"osm_type":"way","osm_id":1417655931}},{"type":"Feature","geometry":{"type":"MultiPolygon","coordinates":[[[[109.128542,12.029797],[109.129734,12.029687],[109.129798,12.030333],[109.128592,12.030429],[109.128542,12.029797]]]]},"properties":{"group":"edu_health","tag":"amenity=school","name":"Trường Trung học cơ sở Nguyễn Công Trứ","levels":null,"lat":12.030061929111262,"lng":109.12916897042716,"osm_type":"way","osm_id":1417655932}},{"type":"Feature","geometry":{"type":"MultiPolygon","coordinates":[[[[109.113771,12.016167],[109.114729,12.016143],[109.114745,12.016929],[109.114726,12.016962],[109.113795,12.016986],[109.113771,12.016167]]]]},"properties":{"group":"edu_health","tag":"amenity=school","name":"Trường Trung học cơ sở Nguyễn Trãi","levels":null,"lat":12.016563921506666,"lng":109.1142600341586,"osm_type":"way","osm_id":1417655935}},{"type":"Feature","geometry":{"type":"MultiPolygon","coordinates":[[[[109.169896,11.991923],[109.169934,11.991856],[109.170459,11.991779],[109.170529,11.992372],[109.170009,11.992441],[109.169962,11.992413],[109.169896,11.991923]]]]},"properties":{"group":"edu_health","tag":"amenity=school","name":"Trường Tiểu học Cam Nghĩa 2","levels":null,"lat":11.99211469327169,"lng":109.17021272249968,"osm_type":"way","osm_id":1417694222}},{"type":"Feature","geometry":{"type":"MultiPolygon","coordinates":[[[[109.153762,11.995966],[109.15391,11.995242],[109.155368,11.995647],[109.155472,11.995664],[109.155927,11.99565],[109.155939,11.995683],[109.155887,11.996229],[109.155835,11.996275],[109.155714,11.996285],[109.155662,11.996286],[109.155634,11.9963],[109.155607,11.996337],[109.155561,11.996532],[109.154941,11.996448],[109.154965,11.996189],[109.153762,11.995966]]]]},"properties":{"group":"edu_health","tag":"amenity=school","name":"Trường Tiểu học - Trung học cơ sở Cam Thành Nam","levels":null,"lat":11.995878951130306,"lng":109.15487867385222,"osm_type":"way","osm_id":1417694224}},{"type":"Feature","geometry":{"type":"MultiPolygon","coordinates":[[[[109.004018,11.550755],[109.005609,11.550303],[109.00624,11.552256],[109.004632,11.55276],[109.004018,11.550755]]]]},"properties":{"group":"edu_health","tag":"amenity=school","name":"Trường Cao đẳng nghề Ninh Thuận (cơ sở 1)","levels":null,"lat":11.551522457638502,"lng":109.00512263493081,"osm_type":"way","osm_id":1417718771}},{"type":"Feature","geometry":{"type":"MultiPolygon","coordinates":[[[[108.996354,11.555607],[108.99723,11.555361],[108.99743,11.556025],[108.996446,11.556337],[108.996354,11.555607]]]]},"properties":{"group":"edu_health","tag":"amenity=school","name":"Trường Trung học cơ sở Trần Thi","levels":null,"lat":11.555840600809109,"lng":108.99686309953144,"osm_type":"way","osm_id":1417718772}},{"type":"Feature","geometry":{"type":"MultiPolygon","coordinates":[[[[108.993721,11.560995],[108.993768,11.560944],[108.994362,11.560726],[108.99456,11.561549],[108.994481,11.561628],[108.993751,11.561566],[108.993721,11.560995]]]]},"properties":{"group":"edu_health","tag":"amenity=school","name":"Trường Tiểu học Tấn Tài 1","levels":null,"lat":11.561228649843128,"lng":108.9941286410099,"osm_type":"way","osm_id":1417718773}},{"type":"Feature","geometry":{"type":"MultiPolygon","coordinates":[[[[108.98958,11.558387],[108.989591,11.557773],[108.990338,11.557771],[108.990336,11.558383],[108.98958,11.558387]]]]},"properties":{"group":"edu_health","tag":"amenity=school","name":"Trường Tiểu học Kinh Dinh","levels":null,"lat":11.558079159250726,"lng":108.9899608331334,"osm_type":"way","osm_id":1417718774}},{"type":"Feature","geometry":{"type":"MultiPolygon","coordinates":[[[[108.989943,11.564161],[108.989987,11.563768],[108.990417,11.563709],[108.990572,11.564509],[108.990503,11.564549],[108.989967,11.564208],[108.989943,11.564161]]]]},"properties":{"group":"edu_health","tag":"amenity=school","name":"Trường Trung học cơ sở Lý Tự Trọng","levels":null,"lat":11.564090749053642,"lng":108.99026082684138,"osm_type":"way","osm_id":1417718775}},{"type":"Feature","geometry":{"type":"MultiPolygon","coordinates":[[[[108.986973,11.5574],[108.987048,11.557169],[108.98746,11.557151],[108.987497,11.557813],[108.987447,11.557867],[108.987047,11.557746],[108.987138,11.557454],[108.986973,11.5574]]]]},"properties":{"group":"edu_health","tag":"amenity=school","name":"Trường Tiểu học Đạo Long","levels":null,"lat":11.557482837210946,"lng":108.98727257477086,"osm_type":"way","osm_id":1417718776}},{"type":"Feature","geometry":{"type":"MultiPolygon","coordinates":[[[[108.988716,11.556767],[108.989191,11.556622],[108.989317,11.557131],[108.989023,11.557187],[108.988939,11.557175],[108.988877,11.557135],[108.988843,11.557095],[108.988809,11.557035],[108.988716,11.556767]]]]},"properties":{"group":"public","tag":"leisure=park","name":null,"levels":null,"lat":11.556921150810947,"lng":108.98903108288275,"osm_type":"way","osm_id":1417718779}},{"type":"Feature","geometry":{"type":"MultiPolygon","coordinates":[[[[108.988478,11.568746],[108.988911,11.567423],[108.98927,11.567516],[108.9888,11.568883],[108.988478,11.568746]]]]},"properties":{"group":"edu_health","tag":"amenity=school","name":"Trường Trung học phổ thông Nguyễn Trãi","levels":null,"lat":11.56813558634098,"lng":108.98886835968936,"osm_type":"way","osm_id":1417733424}},{"type":"Feature","geometry":{"type":"MultiPolygon","coordinates":[[[[108.989841,11.578931],[108.989856,11.577611],[108.990878,11.577697],[108.990798,11.578978],[108.989841,11.578931]]]]},"properties":{"group":"edu_health","tag":"amenity=school","name":"Trường Trung học phổ thông Dân tộc nội trú Ninh Thuận","levels":null,"lat":11.578297079615389,"lng":108.99034140993513,"osm_type":"way","osm_id":1417733426}},{"type":"Feature","geometry":{"type":"MultiPolygon","coordinates":[[[[108.991908,11.577962],[108.992152,11.577333],[108.992942,11.577654],[108.992682,11.578274],[108.991908,11.577962]]]]},"properties":{"group":"edu_health","tag":"amenity=school","name":"Trung tâm Giáo dục thường xuyên - Hướng nghiệp Ninh Thuận","levels":null,"lat":11.577804587526147,"lng":108.99242092208279,"osm_type":"way","osm_id":1417733427}},{"type":"Feature","geometry":{"type":"MultiPolygon","coordinates":[[[[108.993857,11.579704],[108.994144,11.578684],[108.994374,11.578762],[108.994419,11.578827],[108.994912,11.578974],[108.995073,11.578714],[108.995621,11.578959],[108.995209,11.580122],[108.993857,11.579704]]]]},"properties":{"group":"public","tag":"amenity=community_centre","name":"Trung tâm Văn hóa Nghệ Thuật Ninh Thuận","levels":null,"lat":11.57937549888453,"lng":108.99474253989801,"osm_type":"way","osm_id":1417733428}},{"type":"Feature","geometry":{"type":"MultiPolygon","coordinates":[[[[108.992729,11.581416],[108.992858,11.581133],[108.992971,11.58078],[108.993179,11.580836],[108.993602,11.580326],[108.993967,11.580437],[108.993579,11.581681],[108.992729,11.581416]]]]},"properties":{"group":"edu_health","tag":"amenity=school","name":"Trường Tiểu học Đài Sơn","levels":null,"lat":11.581038432508118,"lng":108.99339130882564,"osm_type":"way","osm_id":1417733429}},{"type":"Feature","geometry":{"type":"MultiPolygon","coordinates":[[[[109.002991,11.583593],[109.003548,11.58234],[109.004624,11.582806],[109.004653,11.582885],[109.004136,11.584074],[109.002991,11.583593]]]]},"properties":{"group":"edu_health","tag":"amenity=hospital","name":"Bệnh viện Y học cổ truyền Ninh Thuận","levels":null,"lat":11.583209633852825,"lng":109.0038358488601,"osm_type":"way","osm_id":1417733433}},{"type":"Feature","geometry":{"type":"MultiPolygon","coordinates":[[[[109.004462,11.578941],[109.004468,11.578897],[109.004496,11.578851],[109.004533,11.578824],[109.004584,11.578798],[109.006244,11.578726],[109.006284,11.579215],[109.006018,11.579692],[109.004589,11.579065],[109.004529,11.579034],[109.004475,11.578992],[109.004462,11.578941]]]]},"properties":{"group":"public","tag":"leisure=park","name":null,"levels":null,"lat":11.579098454461064,"lng":109.00553438065167,"osm_type":"way","osm_id":1417733434}},{"type":"Feature","geometry":{"type":"MultiPolygon","coordinates":[[[[108.991703,11.573084],[108.99213,11.573035],[108.992251,11.574027],[108.991832,11.5741],[108.991703,11.573084]]]]},"properties":{"group":"public","tag":"leisure=park","name":null,"levels":null,"lat":11.573560701242704,"lng":108.99197786216934,"osm_type":"way","osm_id":1417741669}},{"type":"Feature","geometry":{"type":"MultiPolygon","coordinates":[[[[109.016114,11.57648],[109.0168,11.576307],[109.016959,11.576717],[109.017142,11.577568],[109.016416,11.577724],[109.016114,11.57648]]]]},"properties":{"group":"edu_health","tag":"amenity=school","name":"Trường Tiểu học & Trung học cơ sở Nguyễn Đình Chính","levels":null,"lat":11.577019465153398,"lng":109.01663130171326,"osm_type":"way","osm_id":1417746114}},{"type":"Feature","geometry":{"type":"MultiPolygon","coordinates":[[[[109.013765,11.586636],[109.014344,11.585873],[109.01531,11.58655],[109.014714,11.587344],[109.013771,11.586669],[109.013765,11.586636]]]]},"properties":{"group":"edu_health","tag":"amenity=school","name":"Trường Tiểu học Văn Hải 4","levels":null,"lat":11.586606078717269,"lng":109.01453093494928,"osm_type":"way","osm_id":1417746730}},{"type":"Feature","geometry":{"type":"MultiPolygon","coordinates":[[[[109.032165,11.589854],[109.032526,11.589305],[109.032589,11.58929],[109.032708,11.589367],[109.032731,11.589459],[109.032615,11.589968],[109.032509,11.590035],[109.032176,11.589957],[109.032165,11.589854]]]]},"properties":{"group":"edu_health","tag":"amenity=school","name":"Trường Mầm non Ninh Hải","levels":null,"lat":11.589698051669133,"lng":109.03247906799236,"osm_type":"way","osm_id":1417749355}},{"type":"Feature","geometry":{"type":"MultiPolygon","coordinates":[[[[109.026413,11.550721],[109.026419,11.550678],[109.026453,11.550514],[109.026454,11.550477],[109.026764,11.549861],[109.027583,11.550088],[109.027499,11.550394],[109.02739,11.550507],[109.027315,11.5505],[109.027081,11.551012],[109.026413,11.550721]]]]},"properties":{"group":"edu_health","tag":"amenity=school","name":"Trường Tiểu học & Trung học cơ sở Võ Nguyên Giáp","levels":null,"lat":11.550405567267058,"lng":109.02696705035476,"osm_type":"way","osm_id":1417752681}},{"type":"Feature","geometry":{"type":"MultiPolygon","coordinates":[[[[109.024023,11.548497],[109.024044,11.548049],[109.024457,11.548032],[109.024548,11.548191],[109.024573,11.548427],[109.024514,11.548505],[109.024023,11.548497]]]]},"properties":{"group":"edu_health","tag":"amenity=school","name":"Trường Tiểu học Đông Hải 1","levels":null,"lat":11.54827785940014,"lng":109.02428925740134,"osm_type":"way","osm_id":1417752682}},{"type":"Feature","geometry":{"type":"MultiPolygon","coordinates":[[[[108.975455,11.580188],[108.976317,11.5795],[108.976934,11.580211],[108.976382,11.581358],[108.975455,11.580188]]]]},"properties":{"group":"edu_health","tag":"amenity=school","name":"Trường Chính trị Ninh Thuận","levels":null,"lat":11.580351779975091,"lng":108.9762489337445,"osm_type":"way","osm_id":1417761129}},{"type":"Feature","geometry":{"type":"MultiPolygon","coordinates":[[[[108.974437,11.579143],[108.974759,11.578977],[108.975185,11.578847],[108.975275,11.578952],[108.975365,11.578884],[108.975863,11.579555],[108.975204,11.580118],[108.975127,11.58011],[108.974437,11.579143]]]]},"properties":{"group":"edu_health","tag":"amenity=school","name":"Trường Trung học cơ sở Chu Văn An","levels":null,"lat":11.579426658701527,"lng":108.9751663637938,"osm_type":"way","osm_id":1417761130}},{"type":"Feature","geometry":{"type":"MultiPolygon","coordinates":[[[[109.0162,11.564153],[109.016225,11.564114],[109.016624,11.564081],[109.016718,11.564969],[109.016687,11.565002],[109.016288,11.565032],[109.0162,11.564153]]]]},"properties":{"group":"apartment","tag":"residential=apartments","name":"Chung cư D7 - D10","levels":null,"lat":11.56455830777067,"lng":109.01645747926588,"osm_type":"way","osm_id":1417976209}},{"type":"Feature","geometry":{"type":"MultiPolygon","coordinates":[[[[108.980737,11.564528],[108.980825,11.564388],[108.981857,11.563845],[108.982211,11.56429],[108.981305,11.564801],[108.981279,11.564757],[108.980953,11.564948],[108.980737,11.564528]]]]},"properties":{"group":"edu_health","tag":"amenity=hospital","name":"Bệnh viện Lao và Bệnh phổi Ninh Thuận","levels":null,"lat":11.564389860852959,"lng":108.98144281548689,"osm_type":"way","osm_id":1417977004}},{"type":"Feature","geometry":{"type":"MultiPolygon","coordinates":[[[[108.995621,11.614223],[108.997164,11.612459],[108.996584,11.611985],[108.997919,11.610438],[108.999438,11.611677],[108.999438,11.611716],[108.997062,11.614561],[108.995621,11.614223]]]]},"properties":{"group":"edu_health","tag":"amenity=school","name":"Trung tâm Đào tạo & Sát hạch lái xe","levels":null,"lat":11.612535221997257,"lng":108.99761127931887,"osm_type":"way","osm_id":1417982065}},{"type":"Feature","geometry":{"type":"MultiPolygon","coordinates":[[[[108.790952,11.747439],[108.791619,11.747421],[108.791649,11.74806],[108.790982,11.7481],[108.790952,11.747439]]]]},"properties":{"group":"edu_health","tag":"amenity=school","name":"Trường Tiểu học Quảng Sơn B","levels":null,"lat":11.74775496489528,"lng":108.79129865971908,"osm_type":"way","osm_id":1418114078}},{"type":"Feature","geometry":{"type":"MultiPolygon","coordinates":[[[[108.791805,11.756661],[108.791869,11.756321],[108.791924,11.756075],[108.792722,11.75629],[108.792557,11.756853],[108.791805,11.756661]]]]},"properties":{"group":"edu_health","tag":"amenity=school","name":"Trường Tiểu học Quảng Sơn A","levels":null,"lat":11.756466176755557,"lng":108.79225054779072,"osm_type":"way","osm_id":1418114079}},{"type":"Feature","geometry":{"type":"MultiPolygon","coordinates":[[[[108.776252,11.782346],[108.776552,11.782146],[108.776612,11.782243],[108.776775,11.782137],[108.776706,11.782035],[108.777025,11.781834],[108.777543,11.782602],[108.777701,11.782496],[108.778256,11.783251],[108.777262,11.783873],[108.776261,11.782555],[108.776359,11.782489],[108.776252,11.782346]]]]},"properties":{"group":"edu_health","tag":"amenity=school","name":"Trường Trung học cơ sở Nguyễn Trường Tộ","levels":null,"lat":11.782878430334573,"lng":108.77720798851418,"osm_type":"way","osm_id":1418229516}},{"type":"Feature","geometry":{"type":"MultiPolygon","coordinates":[[[[108.775491,11.781489],[108.776438,11.780786],[108.776826,11.781306],[108.77583,11.781989],[108.775491,11.781489]]]]},"properties":{"group":"edu_health","tag":"amenity=school","name":"Trường Tiểu học Tân Sơn A","levels":null,"lat":11.781389627823739,"lng":108.7761528730714,"osm_type":"way","osm_id":1418229520}},{"type":"Feature","geometry":{"type":"MultiPolygon","coordinates":[[[[108.886456,11.635013],[108.886866,11.63474],[108.88734,11.635417],[108.886957,11.635674],[108.886456,11.635013]]]]},"properties":{"group":"edu_health","tag":"amenity=school","name":"Trường Tiểu học Nha Hố","levels":null,"lat":11.635207401811412,"lng":108.8869020100986,"osm_type":"way","osm_id":1418270520}},{"type":"Feature","geometry":{"type":"MultiPolygon","coordinates":[[[[108.885454,11.630947],[108.887112,11.629744],[108.887731,11.630634],[108.886108,11.63178],[108.885454,11.630947]]]]},"properties":{"group":"edu_health","tag":"amenity=school","name":"Trường Trung học phổ thông Lê Duẩn","levels":null,"lat":11.630771676773485,"lng":108.8866028607834,"osm_type":"way","osm_id":1418270526}},{"type":"Feature","geometry":{"type":"MultiPolygon","coordinates":[[[[109.189963,12.245495],[109.190024,12.245413],[109.190519,12.244935],[109.190919,12.245338],[109.190357,12.24586],[109.189963,12.245495]]]]},"properties":{"group":"edu_health","tag":"amenity=school","name":"Trường Tiểu học Phước Tiến","levels":null,"lat":12.245401801786771,"lng":109.19043765376908,"osm_type":"way","osm_id":1418297720}},{"type":"Feature","geometry":{"type":"MultiPolygon","coordinates":[[[[109.190637,12.246905],[109.190711,12.246593],[109.190722,12.246563],[109.190732,12.246466],[109.19064,12.246393],[109.1908,12.246212],[109.19112,12.246522],[109.191163,12.246564],[109.191358,12.246614],[109.191259,12.247019],[109.190637,12.246905]]]]},"properties":{"group":"edu_health","tag":"amenity=college","name":"Trường Cao đẳng Y tế Khánh Hòa","levels":null,"lat":12.246677545320603,"lng":109.19096780843876,"osm_type":"way","osm_id":1418297721}},{"type":"Feature","geometry":{"type":"MultiPolygon","coordinates":[[[[109.189605,12.248837],[109.189617,12.248831],[109.189918,12.248661],[109.190098,12.248974],[109.189868,12.24912],[109.189826,12.249071],[109.189749,12.249078],[109.189724,12.249048],[109.189605,12.248837]]]]},"properties":{"group":"edu_health","tag":"amenity=school","name":"Trường Tiểu học Phương Sài","levels":null,"lat":12.24890006984483,"lng":109.18985514661239,"osm_type":"way","osm_id":1418301438}},{"type":"Feature","geometry":{"type":"MultiPolygon","coordinates":[[[[108.91926,12.281791],[108.919369,12.281727],[108.919473,12.281861],[108.919691,12.281946],[108.920123,12.282083],[108.920153,12.282108],[108.920204,12.282313],[108.920387,12.282366],[108.920415,12.282601],[108.920185,12.282615],[108.920052,12.282806],[108.920018,12.282804],[108.919878,12.283079],[108.919322,12.28311],[108.91926,12.281791]]]]},"properties":{"group":"edu_health","tag":"amenity=school","name":"Trường Trung học cơ sở Khánh Vĩnh","levels":null,"lat":12.282469829752166,"lng":108.91971634389331,"osm_type":"way","osm_id":1418303406}},{"type":"Feature","geometry":{"type":"MultiPolygon","coordinates":[[[[108.918172,12.282568],[108.91838,12.281804],[108.919237,12.281856],[108.919268,12.282708],[108.918421,12.282787],[108.918385,12.282603],[108.918172,12.282568]]]]},"properties":{"group":"edu_health","tag":"amenity=hospital","name":"Bệnh viện Đa khoa Khánh Vĩnh","levels":null,"lat":12.282293479534248,"lng":108.91876143966238,"osm_type":"way","osm_id":1418303407}},{"type":"Feature","geometry":{"type":"MultiPolygon","coordinates":[[[[108.908467,12.277508],[108.908801,12.276537],[108.909488,12.276774],[108.909132,12.277757],[108.908467,12.277508]]]]},"properties":{"group":"edu_health","tag":"amenity=school","name":"Trường PTDT nội trú Trung học cơ sở Khánh Vĩnh","levels":null,"lat":12.277142272287184,"lng":108.90897370534096,"osm_type":"way","osm_id":1418303408}},{"type":"Feature","geometry":{"type":"MultiPolygon","coordinates":[[[[108.909424,12.278901],[108.909594,12.278441],[108.910409,12.278704],[108.910291,12.279016],[108.91025,12.278992],[108.910228,12.279047],[108.910115,12.279014],[108.910071,12.27912],[108.909424,12.278901]]]]},"properties":{"group":"edu_health","tag":"amenity=school","name":"Trường Trung học phổ thông Lạc Long Quân","levels":null,"lat":12.278789817073053,"lng":108.90990149331084,"osm_type":"way","osm_id":1418303409}},{"type":"Feature","geometry":{"type":"MultiPolygon","coordinates":[[[[108.910796,12.276021],[108.910987,12.275499],[108.911729,12.275771],[108.911347,12.276378],[108.910845,12.276132],[108.910796,12.276021]]]]},"properties":{"group":"edu_health","tag":"amenity=school","name":"Trường Tiểu học Khánh Vĩnh","levels":null,"lat":12.275927391417682,"lng":108.91122177073785,"osm_type":"way","osm_id":1418303413}},{"type":"Feature","geometry":{"type":"MultiPolygon","coordinates":[[[[109.089494,12.501765],[109.089513,12.501689],[109.089914,12.501302],[109.089962,12.501207],[109.089968,12.501131],[109.089891,12.501014],[109.090371,12.50123],[109.090589,12.500859],[109.090682,12.500885],[109.09045,12.501364],[109.090418,12.501503],[109.090441,12.501625],[109.090674,12.502448],[109.090059,12.50261],[109.089576,12.501975],[109.089512,12.501866],[109.089494,12.501765]]]]},"properties":{"group":"edu_health","tag":"amenity=school","name":"Trường Trung học phổ thông Nguyễn Chí Thanh","levels":null,"lat":12.501844339899478,"lng":109.09012343822785,"osm_type":"way","osm_id":1418314869}},{"type":"Feature","geometry":{"type":"MultiPolygon","coordinates":[[[[109.076254,12.504865],[109.076428,12.504847],[109.076262,12.5035],[109.076963,12.503397],[109.077125,12.505217],[109.076327,12.505303],[109.076277,12.505293],[109.076264,12.505197],[109.076254,12.504865]]]]},"properties":{"group":"edu_health","tag":"amenity=school","name":"Trường Tiểu học Ninh Xuân 1","levels":null,"lat":12.504384893336946,"lng":109.07668476313616,"osm_type":"way","osm_id":1418314871}},{"type":"Feature","geometry":{"type":"MultiPolygon","coordinates":[[[[109.098604,12.50123],[109.098682,12.500282],[109.09992,12.499812],[109.10009,12.500888],[109.100105,12.501217],[109.098604,12.50123]]]]},"properties":{"group":"edu_health","tag":"amenity=school","name":"Trường Trung học cơ sở Trần Quốc Tuấn","levels":null,"lat":12.50064414198976,"lng":109.0993849701554,"osm_type":"way","osm_id":1418330028}},{"type":"Feature","geometry":{"type":"MultiPolygon","coordinates":[[[[109.104947,12.498868],[109.105827,12.498563],[109.106245,12.49901],[109.106269,12.499179],[109.106112,12.4994],[109.106116,12.49952],[109.105983,12.499631],[109.105881,12.499675],[109.105569,12.499706],[109.105477,12.499586],[109.105155,12.499696],[109.105003,12.499241],[109.105099,12.499201],[109.104947,12.498868]]]]},"properties":{"group":"edu_health","tag":"amenity=school","name":"Trường Tiểu học Số 1 Ninh Phụng","levels":null,"lat":12.499164547121158,"lng":109.10561417855367,"osm_type":"way","osm_id":1418330030}},{"type":"Feature","geometry":{"type":"MultiPolygon","coordinates":[[[[109.129751,12.484621],[109.129783,12.484551],[109.130574,12.484132],[109.130653,12.484151],[109.13123,12.485249],[109.130411,12.485684],[109.13035,12.48566],[109.129751,12.484621]]]]},"properties":{"group":"edu_health","tag":"amenity=school","name":"Trường Trung học phổ thông Trần Cao Vân","levels":null,"lat":12.484905037044975,"lng":109.1304880339201,"osm_type":"way","osm_id":1418336261}},{"type":"Feature","geometry":{"type":"MultiPolygon","coordinates":[[[[109.125557,12.4837],[109.126304,12.483743],[109.126263,12.483963],[109.126468,12.484046],[109.126533,12.484494],[109.125642,12.484383],[109.125557,12.4837]]]]},"properties":{"group":"edu_health","tag":"amenity=school","name":"Trường Tiểu học Số 2 Ninh Hiệp","levels":null,"lat":12.48409739413485,"lng":109.12602220739146,"osm_type":"way","osm_id":1418336262}},{"type":"Feature","geometry":{"type":"MultiPolygon","coordinates":[[[[109.126646,12.482537],[109.126796,12.482357],[109.12712,12.482238],[109.127763,12.482323],[109.127695,12.482896],[109.127274,12.48286],[109.127274,12.482752],[109.127085,12.482658],[109.126979,12.482808],[109.126895,12.482813],[109.126646,12.482537]]]]},"properties":{"group":"edu_health","tag":"amenity=school","name":"Trường Trung học cơ sở Đinh Tiên Hoàng","levels":null,"lat":12.48254702709661,"lng":109.12726495296542,"osm_type":"way","osm_id":1418336264}},{"type":"Feature","geometry":{"type":"MultiPolygon","coordinates":[[[[109.130363,12.492043],[109.130668,12.491873],[109.130802,12.492109],[109.130523,12.492279],[109.130363,12.492043]]]]},"properties":{"group":"edu_health","tag":"amenity=school","name":"Trường Tiểu học Số 1 Ninh Hiệp","levels":null,"lat":12.492075286356418,"lng":109.13058710446748,"osm_type":"way","osm_id":1418336265}},{"type":"Feature","geometry":{"type":"MultiPolygon","coordinates":[[[[108.946884,11.597281],[108.947251,11.597038],[108.947494,11.597453],[108.947492,11.597481],[108.94695,11.597584],[108.946884,11.597281]]]]},"properties":{"group":"edu_health","tag":"amenity=school","name":"Trường Tiểu học Đô Vinh 2","levels":null,"lat":11.597345545113553,"lng":108.94717001183614,"osm_type":"way","osm_id":1418823252}},{"type":"Feature","geometry":{"type":"MultiPolygon","coordinates":[[[[109.059093,11.715062],[109.059123,11.714975],[109.060234,11.714589],[109.060365,11.716249],[109.059603,11.716488],[109.059093,11.715062]]]]},"properties":{"group":"edu_health","tag":"amenity=school","name":"Trường Phổ thông Dân tộc Nội trú Thuận Bắc","levels":null,"lat":11.715524115642788,"lng":109.05980842018049,"osm_type":"way","osm_id":1418875169}},{"type":"Feature","geometry":{"type":"MultiPolygon","coordinates":[[[[109.05759,11.717733],[109.057607,11.717665],[109.057661,11.717598],[109.057747,11.717518],[109.057835,11.717466],[109.058142,11.717344],[109.058457,11.718086],[109.058515,11.718474],[109.057721,11.718569],[109.05768,11.718535],[109.05759,11.717733]]]]},"properties":{"group":"edu_health","tag":"amenity=school","name":"Trường Trung học cơ sở Bùi Thị Xuân","levels":null,"lat":11.718020050501574,"lng":109.05801845927911,"osm_type":"way","osm_id":1418875175}},{"type":"Feature","geometry":{"type":"MultiPolygon","coordinates":[[[[109.055268,11.709731],[109.055975,11.709645],[109.056222,11.709667],[109.056386,11.710971],[109.055446,11.711078],[109.055268,11.709731]]]]},"properties":{"group":"edu_health","tag":"amenity=hospital","name":"Trung tâm Y tế Thuận Bắc","levels":null,"lat":11.710351255488844,"lng":109.0558276479884,"osm_type":"way","osm_id":1418875177}},{"type":"Feature","geometry":{"type":"MultiPolygon","coordinates":[[[[109.11924,12.449316],[109.120958,12.449319],[109.121081,12.449473],[109.121047,12.450332],[109.119245,12.45032],[109.11924,12.449316]]]]},"properties":{"group":"edu_health","tag":"amenity=school","name":"Trường Trung học phổ thông Tôn Đức Thắng","levels":null,"lat":12.449822054435161,"lng":109.12015121140367,"osm_type":"way","osm_id":1422676034}},{"type":"Feature","geometry":{"type":"MultiPolygon","coordinates":[[[[109.174747,12.246769],[109.174789,12.246586],[109.174818,12.246567],[109.174856,12.246551],[109.175637,12.246755],[109.175648,12.24678],[109.175653,12.246827],[109.175611,12.246986],[109.175592,12.247009],[109.175563,12.247013],[109.174783,12.246814],[109.174747,12.246769]]]]},"properties":{"group":"public","tag":"leisure=park","name":null,"levels":null,"lat":12.246781687413042,"lng":109.17520290356147,"osm_type":"way","osm_id":1422778534}},{"type":"Feature","geometry":{"type":"MultiPolygon","coordinates":[[[[109.177057,12.2496],[109.177075,12.249568],[109.177667,12.249267],[109.177697,12.249268],[109.177719,12.249284],[109.177792,12.249436],[109.177787,12.249471],[109.177775,12.249493],[109.177749,12.249513],[109.177124,12.249695],[109.177083,12.249674],[109.177063,12.249633],[109.177057,12.2496]]]]},"properties":{"group":"public","tag":"leisure=park","name":null,"levels":null,"lat":12.249491386828014,"lng":109.17745294016402,"osm_type":"way","osm_id":1422778535}},{"type":"Feature","geometry":{"type":"MultiPolygon","coordinates":[[[[109.178914,12.247185],[109.178928,12.247163],[109.178968,12.24714],[109.179513,12.247132],[109.179544,12.247147],[109.179552,12.247177],[109.179552,12.247213],[109.179544,12.247243],[109.178985,12.247504],[109.178959,12.247513],[109.178945,12.247499],[109.178937,12.24747],[109.178914,12.247185]]]]},"properties":{"group":"public","tag":"leisure=park","name":null,"levels":null,"lat":12.247272781181527,"lng":109.17918070543698,"osm_type":"way","osm_id":1422778536}},{"type":"Feature","geometry":{"type":"MultiPolygon","coordinates":[[[[109.176289,12.249967],[109.176292,12.249939],[109.176872,12.249665],[109.176911,12.24965],[109.176943,12.249655],[109.176971,12.249733],[109.176962,12.249748],[109.17694,12.249761],[109.176338,12.249976],[109.176301,12.249978],[109.176289,12.249967]]]]},"properties":{"group":"public","tag":"leisure=park","name":null,"levels":null,"lat":12.249810091287271,"lng":109.17666942176639,"osm_type":"way","osm_id":1422778538}},{"type":"Feature","geometry":{"type":"MultiPolygon","coordinates":[[[[109.174819,12.200366],[109.174825,12.200333],[109.175211,12.199955],[109.175502,12.199619],[109.175757,12.199268],[109.175899,12.19905],[109.176065,12.198777],[109.17613,12.198648],[109.176136,12.198537],[109.17613,12.19851],[109.176149,12.198507],[109.176187,12.198537],[109.176492,12.198787],[109.175466,12.200179],[109.175699,12.200346],[109.175696,12.200406],[109.175705,12.200497],[109.175717,12.20056],[109.175682,12.200627],[109.175648,12.200649],[109.175611,12.200653],[109.174879,12.200459],[109.17485,12.200433],[109.174827,12.200405],[109.174819,12.200366]]]]},"properties":{"group":"public","tag":"leisure=park","name":null,"levels":null,"lat":12.199734157855325,"lng":109.1756469211309,"osm_type":"way","osm_id":1422781992}},{"type":"Feature","geometry":{"type":"MultiPolygon","coordinates":[[[[109.202078,12.205962],[109.202104,12.205875],[109.202179,12.205804],[109.202649,12.206016],[109.202613,12.206045],[109.202286,12.206019],[109.202078,12.205962]]]]},"properties":{"group":"public","tag":"leisure=park","name":null,"levels":null,"lat":12.205945048743839,"lng":109.20231771255831,"osm_type":"way","osm_id":1423462222}},{"type":"Feature","geometry":{"type":"MultiPolygon","coordinates":[[[[109.200482,12.215105],[109.200706,12.214855],[109.201061,12.215179],[109.200832,12.215431],[109.200482,12.215105]]]]},"properties":{"group":"apartment","tag":"building=apartments","name":null,"levels":null,"lat":12.215142877748205,"lng":109.20077074802208,"osm_type":"way","osm_id":1423462910}},{"type":"Feature","geometry":{"type":"MultiPolygon","coordinates":[[[[109.197409,12.212378],[109.197456,12.212336],[109.197435,12.212315],[109.197474,12.21228],[109.197458,12.212264],[109.197503,12.212224],[109.197484,12.212203],[109.19768,12.212027],[109.197991,12.212358],[109.197739,12.212584],[109.197701,12.212543],[109.197673,12.212551],[109.197633,12.212508],[109.197761,12.212393],[109.197667,12.212293],[109.197484,12.212457],[109.197409,12.212378]]]]},"properties":{"group":"apartment","tag":"building=apartments","name":null,"levels":null,"lat":12.212302879732805,"lng":109.1977011403225,"osm_type":"way","osm_id":1423463259}},{"type":"Feature","geometry":{"type":"MultiPolygon","coordinates":[[[[109.198529,12.273611],[109.199546,12.273444],[109.199519,12.274184],[109.199459,12.274256],[109.198904,12.274227],[109.198533,12.274207],[109.198529,12.273611]]]]},"properties":{"group":"edu_health","tag":"amenity=school","name":"Trường PT Dân tộc nội trú Khánh Hòa","levels":null,"lat":12.273876192735283,"lng":109.19905573903283,"osm_type":"way","osm_id":1423620304}},{"type":"Feature","geometry":{"type":"MultiPolygon","coordinates":[[[[109.184048,12.211697],[109.18416,12.211155],[109.184495,12.211198],[109.184048,12.211697]]]]},"properties":{"group":"public","tag":"leisure=park","name":null,"levels":null,"lat":12.211349966666667,"lng":109.1842346,"osm_type":"way","osm_id":1423791417}},{"type":"Feature","geometry":{"type":"MultiPolygon","coordinates":[[[[109.182851,12.209329],[109.182877,12.209198],[109.182901,12.209174],[109.182948,12.20917],[109.1853,12.209669],[109.185337,12.209694],[109.185358,12.209725],[109.185339,12.209855],[109.185311,12.20989],[109.185283,12.209891],[109.182901,12.209397],[109.182866,12.209368],[109.182851,12.209329]]]]},"properties":{"group":"public","tag":"leisure=park","name":null,"levels":null,"lat":12.209529529282637,"lng":109.18409673195085,"osm_type":"way","osm_id":1423791418}},{"type":"Feature","geometry":{"type":"MultiPolygon","coordinates":[[[[109.186711,12.204802],[109.186865,12.204206],[109.186949,12.204237],[109.187022,12.204298],[109.187084,12.204375],[109.187137,12.204461],[109.187168,12.204562],[109.187182,12.204636],[109.187191,12.204727],[109.187202,12.20484],[109.186999,12.204846],[109.186896,12.204838],[109.186711,12.204802]]]]},"properties":{"group":"public","tag":"leisure=park","name":null,"levels":null,"lat":12.204586206669738,"lng":109.18696347685679,"osm_type":"way","osm_id":1423798705}},{"type":"Feature","geometry":{"type":"MultiPolygon","coordinates":[[[[109.190904,12.203947],[109.190934,12.203833],[109.191016,12.203634],[109.191141,12.203689],[109.191483,12.203972],[109.191531,12.204528],[109.191045,12.204568],[109.190975,12.204543],[109.190937,12.204491],[109.190904,12.203947]]]]},"properties":{"group":"edu_health","tag":"amenity=school","name":"Trường Trung học cơ sở Lê Thanh liêm","levels":null,"lat":12.204160687124704,"lng":109.19119469606632,"osm_type":"way","osm_id":1423798706}},{"type":"Feature","geometry":{"type":"MultiPolygon","coordinates":[[[[109.164223,12.238392],[109.164506,12.237575],[109.165922,12.238077],[109.16572,12.238679],[109.165766,12.238928],[109.164223,12.238392]]]]},"properties":{"group":"edu_health","tag":"amenity=hospital","name":"Bệnh viện đa khoa Yersin Nha Trang","levels":null,"lat":12.238238875589863,"lng":109.16508067320743,"osm_type":"way","osm_id":1427024979}},{"type":"Feature","geometry":{"type":"MultiPolygon","coordinates":[[[[109.175861,12.241466],[109.175933,12.241148],[109.176816,12.241355],[109.176744,12.24168],[109.175861,12.241466]]]]},"properties":{"group":"apartment","tag":"building=apartments","name":"CT2 VCN Phước Hải","levels":15.0,"lat":12.24141269113095,"lng":109.17633978012785,"osm_type":"way","osm_id":1427427317}},{"type":"Feature","geometry":{"type":"MultiPolygon","coordinates":[[[[109.21189,12.202334],[109.211909,12.202314],[109.211932,12.202282],[109.211968,12.202243],[109.212001,12.202213],[109.212004,12.20224],[109.212,12.202261],[109.211994,12.202276],[109.211965,12.202285],[109.211944,12.202295],[109.211935,12.202324],[109.21194,12.202335],[109.211934,12.202355],[109.211929,12.202364],[109.211912,12.202359],[109.21189,12.202334]]]]},"properties":{"group":"public","tag":"leisure=garden","name":null,"levels":null,"lat":12.2022913042214,"lng":109.21194948774799,"osm_type":"way","osm_id":1428240559}},{"type":"Feature","geometry":{"type":"MultiPolygon","coordinates":[[[[109.213832,12.208818],[109.213893,12.20825],[109.213998,12.207958],[109.21411,12.207912],[109.214066,12.207758],[109.214204,12.208065],[109.214354,12.208105],[109.214858,12.208091],[109.215069,12.207943],[109.215231,12.20783],[109.215582,12.207926],[109.215579,12.20803],[109.215663,12.208126],[109.216,12.208037],[109.216,12.208202],[109.215767,12.20861],[109.215916,12.209082],[109.216251,12.209481],[109.216545,12.209729],[109.216687,12.209727],[109.216897,12.209534],[109.217366,12.209434],[109.21746,12.209502],[109.217519,12.209645],[109.21726,12.210451],[109.216831,12.211159],[109.216611,12.211364],[109.216112,12.21129],[109.215522,12.211264],[109.215254,12.211332],[109.21468,12.21027],[109.214408,12.20971],[109.214097,12.209064],[109.213918,12.209041],[109.213832,12.208818]],[[109.214015,12.20833],[109.214052,12.208451],[109.21417,12.208613],[109.214444,12.20897],[109.214702,12.209447],[109.214921,12.209421],[109.214943,12.209284],[109.214793,12.209043],[109.214648,12.20877],[109.214444,12.20865],[109.214331,12.208466],[109.214154,12.208236],[109.214015,12.20833]],[[109.215104,12.210181],[109.215426,12.210443],[109.215485,12.210113],[109.215238,12.209992],[109.215104,12.210181]]]]},"properties":{"group":"public","tag":"leisure=park","name":null,"levels":null,"lat":12.209708661723544,"lng":109.215622782445,"osm_type":"relation","osm_id":5735978}},{"type":"Feature","geometry":{"type":"MultiPolygon","coordinates":[[[[109.247819,11.917514],[109.248018,11.91634],[109.248253,11.916373],[109.248053,11.917554],[109.247819,11.917514]]]]},"properties":{"group":"public","tag":"leisure=garden","name":null,"levels":null,"lat":11.916945549519022,"lng":109.24803561268298,"osm_type":"way","osm_id":1447361327}},{"type":"Feature","geometry":{"type":"MultiPolygon","coordinates":[[[[109.108713,12.266715],[109.109171,12.266667],[109.109726,12.267048],[109.109832,12.267128],[109.109723,12.267818],[109.109749,12.267915],[109.109636,12.268016],[109.108951,12.268178],[109.108883,12.267981],[109.108854,12.267804],[109.108816,12.267543],[109.108805,12.267405],[109.108749,12.267055],[109.108713,12.266715]]]]},"properties":{"group":"edu_health","tag":"amenity=school","name":"Trường THPT Hoàng Hoa Thám","levels":null,"lat":12.267405234534639,"lng":109.10924794355768,"osm_type":"way","osm_id":1456832814}},{"type":"Feature","geometry":{"type":"MultiPolygon","coordinates":[[[[109.037021,12.26067],[109.03773,12.260504],[109.037743,12.260679],[109.037824,12.260641],[109.037899,12.261061],[109.037951,12.261054],[109.037945,12.261137],[109.03732,12.261289],[109.037333,12.261343],[109.037255,12.261347],[109.037021,12.26067]]]]},"properties":{"group":"edu_health","tag":"amenity=school","name":"Trường THCS Nguyễn Huệ","levels":null,"lat":12.260908082017606,"lng":109.03748505377398,"osm_type":"way","osm_id":1456833081}},{"type":"Feature","geometry":{"type":"MultiPolygon","coordinates":[[[[109.151465,11.920169],[109.151475,11.92014],[109.151492,11.920125],[109.15151,11.92011],[109.151536,11.920108],[109.151568,11.920108],[109.151595,11.920117],[109.151923,11.920282],[109.151816,11.920509],[109.151475,11.920217],[109.151467,11.920192],[109.151465,11.920169]]]]},"properties":{"group":"public","tag":"leisure=park","name":null,"levels":null,"lat":11.920282196605442,"lng":109.15169857086352,"osm_type":"way","osm_id":1465235076}},{"type":"Feature","geometry":{"type":"MultiPolygon","coordinates":[[[[109.092313,12.253748],[109.092334,12.253146],[109.092782,12.253206],[109.092938,12.253227],[109.092919,12.253409],[109.092936,12.253552],[109.09303,12.253611],[109.093004,12.254393],[109.092998,12.254726],[109.092336,12.254728],[109.092369,12.254219],[109.092382,12.254005],[109.092388,12.253921],[109.092393,12.253759],[109.092313,12.253748]]]]},"properties":{"group":"edu_health","tag":"amenity=school","name":"Trường THCS Phan Chu Trinh","levels":null,"lat":12.253964319448313,"lng":109.09266901020082,"osm_type":"way","osm_id":1465605345}},{"type":"Feature","geometry":{"type":"MultiPolygon","coordinates":[[[[109.095328,12.255148],[109.095534,12.255127],[109.095531,12.254782],[109.095506,12.254748],[109.095587,12.254742],[109.095783,12.254727],[109.095778,12.254867],[109.09591,12.254989],[109.095914,12.254997],[109.095981,12.255153],[109.095965,12.25537],[109.09595,12.255374],[109.095878,12.255394],[109.095874,12.255469],[109.095851,12.255875],[109.095848,12.255929],[109.095455,12.255876],[109.095452,12.255413],[109.095349,12.255397],[109.095348,12.255384],[109.09534,12.255286],[109.095328,12.255148]]]]},"properties":{"group":"edu_health","tag":"amenity=school","name":"Trường Tiểu học Thị Trấn 1","levels":null,"lat":12.255342730771146,"lng":109.09566979676457,"osm_type":"way","osm_id":1465605652}},{"type":"Feature","geometry":{"type":"MultiPolygon","coordinates":[[[[109.119765,12.272229],[109.119769,12.271836],[109.119827,12.271816],[109.119831,12.271541],[109.11989,12.271481],[109.120679,12.271499],[109.120678,12.27213],[109.120677,12.27239],[109.120572,12.272386],[109.119851,12.272384],[109.119849,12.272229],[109.119765,12.272229]]]]},"properties":{"group":"edu_health","tag":"amenity=school","name":"Trường THCS Trịnh Phong","levels":null,"lat":12.271939549971448,"lng":109.12024060475274,"osm_type":"way","osm_id":1465606202}},{"type":"Feature","geometry":{"type":"MultiPolygon","coordinates":[[[[109.09012,12.247766],[109.090431,12.247015],[109.09072,12.247216],[109.090926,12.247364],[109.090583,12.248007],[109.09012,12.247766]]]]},"properties":{"group":"edu_health","tag":"amenity=school","name":"Trường Tiểu học Diên Thạnh","levels":null,"lat":12.247527423877727,"lng":109.09051523138878,"osm_type":"way","osm_id":1465607574}},{"type":"Feature","geometry":{"type":"MultiPolygon","coordinates":[[[[109.1048,12.249644],[109.105439,12.249135],[109.106156,12.249811],[109.105648,12.25031],[109.1048,12.249644]]]]},"properties":{"group":"edu_health","tag":"amenity=school","name":"Trường Tiểu học Diên Toàn","levels":null,"lat":12.249721116513896,"lng":109.10549904611379,"osm_type":"way","osm_id":1466710808}},{"type":"Feature","geometry":{"type":"MultiPolygon","coordinates":[[[[109.114306,12.266547],[109.114386,12.265995],[109.114446,12.26594],[109.114527,12.265958],[109.114548,12.265865],[109.11472,12.265898],[109.114788,12.266005],[109.114935,12.266042],[109.114953,12.266172],[109.114951,12.266286],[109.114899,12.26663],[109.114306,12.266547]]]]},"properties":{"group":"edu_health","tag":"amenity=school","name":"Trường Tiểu học Diên Phú","levels":null,"lat":12.26627258788412,"lng":109.11464079589614,"osm_type":"way","osm_id":1466712286}},{"type":"Feature","geometry":{"type":"MultiPolygon","coordinates":[[[[109.114612,12.244995],[109.114778,12.244415],[109.115508,12.244607],[109.115379,12.245123],[109.114612,12.244995]]]]},"properties":{"group":"edu_health","tag":"amenity=school","name":"Trường Tiểu học Diên An 2","levels":null,"lat":12.24478451130616,"lng":109.1150612866602,"osm_type":"way","osm_id":1466721133}},{"type":"Feature","geometry":{"type":"MultiPolygon","coordinates":[[[[109.108861,12.258224],[109.108875,12.258067],[109.108906,12.257987],[109.108927,12.257216],[109.109272,12.257202],[109.109272,12.257569],[109.109407,12.257579],[109.10988,12.257581],[109.109935,12.257676],[109.109964,12.257698],[109.110003,12.257891],[109.110532,12.257841],[109.110685,12.257826],[109.110697,12.258206],[109.108861,12.258224]]]]},"properties":{"group":"edu_health","tag":"amenity=hospital","name":"Bệnh viện Nhiệt đới Khánh Hòa","levels":null,"lat":12.257872910953154,"lng":109.10960529707164,"osm_type":"way","osm_id":1466723255}},{"type":"Feature","geometry":{"type":"MultiPolygon","coordinates":[[[[109.09866,12.247962],[109.098709,12.247817],[109.098741,12.24767],[109.099028,12.247844],[109.099035,12.247853],[109.099228,12.247812],[109.099414,12.247773],[109.099458,12.248094],[109.098877,12.248221],[109.09866,12.247962]]]]},"properties":{"group":"edu_health","tag":"amenity=school","name":"Trường Mầm non Diên Toàn","levels":null,"lat":12.24796914371391,"lng":109.09904877334162,"osm_type":"way","osm_id":1467030612}},{"type":"Feature","geometry":{"type":"MultiPolygon","coordinates":[[[[109.093175,12.251034],[109.093438,12.250579],[109.093815,12.250803],[109.093553,12.25122],[109.093175,12.251034]]]]},"properties":{"group":"edu_health","tag":"amenity=school","name":"Trường Mầm non Diên Thạnh","levels":null,"lat":12.250906402009242,"lng":109.09349415956328,"osm_type":"way","osm_id":1467032228}},{"type":"Feature","geometry":{"type":"MultiPolygon","coordinates":[[[[109.094011,12.250593],[109.094272,12.250169],[109.094645,12.250384],[109.094538,12.25069],[109.094278,12.250746],[109.094011,12.250593]]]]},"properties":{"group":"edu_health","tag":"amenity=school","name":"Trường Tiểu học Diên Thạnh","levels":null,"lat":12.25048620337507,"lng":109.0943395983854,"osm_type":"way","osm_id":1467032360}},{"type":"Feature","geometry":{"type":"MultiPolygon","coordinates":[[[[109.094844,12.254889],[109.094852,12.254468],[109.095438,12.254406],[109.095448,12.254761],[109.095345,12.254775],[109.095356,12.25484],[109.094844,12.254889]]]]},"properties":{"group":"edu_health","tag":"amenity=school","name":"Trung tâm Bồi dưỡng Chính trị Diên Khánh","levels":null,"lat":12.254645681611642,"lng":109.09513987175043,"osm_type":"way","osm_id":1467032573}},{"type":"Feature","geometry":{"type":"MultiPolygon","coordinates":[[[[109.125483,12.271284],[109.126649,12.271135],[109.126725,12.272073],[109.125893,12.272183],[109.125836,12.272121],[109.125614,12.272077],[109.125483,12.271284]]]]},"properties":{"group":"edu_health","tag":"amenity=school","name":"Trường Tiểu học Diên Phú 2","levels":null,"lat":12.271661139303363,"lng":109.12613129585594,"osm_type":"way","osm_id":1467507331}},{"type":"Feature","geometry":{"type":"MultiPolygon","coordinates":[[[[109.097957,12.25808],[109.098265,12.257612],[109.098897,12.257664],[109.098892,12.25808],[109.097957,12.25808]]]]},"properties":{"group":"edu_health","tag":"amenity=school","name":"Trường Mầm non Thị trấn Diên Khánh","levels":null,"lat":12.257872047786813,"lng":109.09848918463891,"osm_type":"way","osm_id":1467507647}},{"type":"Feature","geometry":{"type":"MultiPolygon","coordinates":[[[[109.077968,12.246053],[109.079921,12.246028],[109.079988,12.246103],[109.079926,12.246399],[109.079834,12.246431],[109.079804,12.246905],[109.077988,12.246942],[109.077968,12.246053]]]]},"properties":{"group":"edu_health","tag":"amenity=school","name":"Trường THPT Võ Nguyên Giáp","levels":null,"lat":12.246472691847865,"lng":109.07892761514222,"osm_type":"way","osm_id":1467524718}},{"type":"Feature","geometry":{"type":"MultiPolygon","coordinates":[[[[109.072637,12.259569],[109.07273,12.259353],[109.07278,12.259127],[109.073429,12.259288],[109.073523,12.259485],[109.073316,12.259899],[109.072637,12.259569]]]]},"properties":{"group":"edu_health","tag":"amenity=school","name":"Trường Tiểu học Diên Lạc","levels":null,"lat":12.259489883623818,"lng":109.07309405450088,"osm_type":"way","osm_id":1467535265}},{"type":"Feature","geometry":{"type":"MultiPolygon","coordinates":[[[[109.072271,12.258877],[109.072434,12.258307],[109.072757,12.258326],[109.072775,12.258403],[109.073558,12.258305],[109.073565,12.259203],[109.07231,12.258931],[109.072271,12.258877]]]]},"properties":{"group":"edu_health","tag":"amenity=school","name":"Trường THCS Nguyễn Du","levels":null,"lat":12.258715728646711,"lng":109.07298808474533,"osm_type":"way","osm_id":1467535516}},{"type":"Feature","geometry":{"type":"MultiPolygon","coordinates":[[[[109.07411,12.261208],[109.074176,12.260664],[109.074369,12.260706],[109.07433,12.261073],[109.074714,12.261073],[109.074751,12.261505],[109.074139,12.261601],[109.07411,12.261208]]]]},"properties":{"group":"edu_health","tag":"amenity=school","name":"Trường Mầm non Diên Lạc","levels":null,"lat":12.261224209999463,"lng":109.07438247708164,"osm_type":"way","osm_id":1467535679}},{"type":"Feature","geometry":{"type":"MultiPolygon","coordinates":[[[[109.105676,12.278754],[109.106483,12.278382],[109.106996,12.27949],[109.106315,12.279843],[109.105676,12.278754]]]]},"properties":{"group":"edu_health","tag":"amenity=school","name":"Trường Tiểu học Diên Điền","levels":null,"lat":12.279104841719692,"lng":109.10635873003261,"osm_type":"way","osm_id":1467546316}},{"type":"Feature","geometry":{"type":"MultiPolygon","coordinates":[[[[109.107249,12.279523],[109.107949,12.27921],[109.108276,12.279821],[109.108186,12.279879],[109.107597,12.280208],[109.107249,12.279523]]]]},"properties":{"group":"edu_health","tag":"amenity=school","name":"Trường Mầm non Diên Điền","levels":null,"lat":12.279695580389761,"lng":109.10776335733775,"osm_type":"way","osm_id":1467546317}},{"type":"Feature","geometry":{"type":"MultiPolygon","coordinates":[[[[109.110171,12.272777],[109.110566,12.270911],[109.110816,12.270947],[109.111042,12.270714],[109.111239,12.270919],[109.111157,12.270971],[109.111231,12.271023],[109.110816,12.272922],[109.110171,12.272777]]]]},"properties":{"group":"edu_health","tag":"amenity=hospital","name":"Trung tâm Y tế huyện Diên Khánh","levels":null,"lat":12.27185563100963,"lng":109.11071440186917,"osm_type":"way","osm_id":1467546640}},{"type":"Feature","geometry":{"type":"MultiPolygon","coordinates":[[[[109.10451,12.273881],[109.105109,12.272488],[109.106167,12.272975],[109.10551,12.274316],[109.10451,12.273881]]]]},"properties":{"group":"edu_health","tag":"amenity=school","name":"Trường THCS Trần Quang Khải","levels":null,"lat":12.273406964900287,"lng":109.1053260898143,"osm_type":"way","osm_id":1467547094}},{"type":"Feature","geometry":{"type":"MultiPolygon","coordinates":[[[[109.168141,12.257878],[109.168429,12.25733],[109.168488,12.257359],[109.168512,12.257314],[109.168598,12.257357],[109.168477,12.257587],[109.168644,12.257671],[109.168567,12.257817],[109.168387,12.257727],[109.168273,12.257944],[109.168141,12.257878]]]]},"properties":{"group":"apartment","tag":"building=apartments","name":null,"levels":11.0,"lat":12.25763849791457,"lng":109.16840362245404,"osm_type":"way","osm_id":1469670625}},{"type":"Feature","geometry":{"type":"MultiPolygon","coordinates":[[[[109.168663,12.256892],[109.168748,12.256749],[109.168923,12.256849],[109.169049,12.256638],[109.169176,12.25671],[109.16886,12.257243],[109.168802,12.257211],[109.168776,12.257255],[109.168693,12.257208],[109.168825,12.256984],[109.168663,12.256892]]]]},"properties":{"group":"apartment","tag":"building=apartments","name":null,"levels":11.0,"lat":12.256936293020528,"lng":109.16890169643189,"osm_type":"way","osm_id":1469670627}},{"type":"Feature","geometry":{"type":"MultiPolygon","coordinates":[[[[109.167871,12.256329],[109.167938,12.256216],[109.168135,12.256328],[109.168338,12.255987],[109.168464,12.256058],[109.168243,12.256429],[109.168186,12.256397],[109.168137,12.256481],[109.167871,12.256329]]]]},"properties":{"group":"apartment","tag":"building=apartments","name":null,"levels":14.0,"lat":12.256260295450591,"lng":109.1681920842792,"osm_type":"way","osm_id":1469670628}},{"type":"Feature","geometry":{"type":"MultiPolygon","coordinates":[[[[109.193409,12.25503],[109.193525,12.255003],[109.193551,12.255107],[109.193435,12.255134],[109.193409,12.25503]]]]},"properties":{"group":"apartment","tag":"building=apartments","name":null,"levels":14.0,"lat":12.255068578806089,"lng":109.19348009161006,"osm_type":"way","osm_id":1469687636}},{"type":"Feature","geometry":{"type":"MultiPolygon","coordinates":[[[[109.193274,12.243189],[109.193326,12.242548],[109.193974,12.242597],[109.194068,12.242711],[109.193365,12.243316],[109.193274,12.243189]]]]},"properties":{"group":"mall","tag":"shop=mall","name":null,"levels":4.0,"lat":12.242849172676635,"lng":109.19358171738224,"osm_type":"way","osm_id":1472130258}},{"type":"Feature","geometry":{"type":"MultiPolygon","coordinates":[[[[108.994981,12.28381],[108.995376,12.283296],[108.996217,12.284016],[108.996165,12.284061],[108.996252,12.284152],[108.996206,12.284191],[108.996604,12.284493],[108.996393,12.284763],[108.995886,12.284392],[108.99561,12.284197],[108.994981,12.28381]]]]},"properties":{"group":"edu_health","tag":"amenity=school","name":"Trường TH & THCS Diên Đồng","levels":null,"lat":12.284011838758143,"lng":108.99577024242724,"osm_type":"way","osm_id":1473275350}},{"type":"Feature","geometry":{"type":"MultiPolygon","coordinates":[[[[108.99514,12.284608],[108.995417,12.284271],[108.996021,12.284652],[108.995756,12.285023],[108.99514,12.284608]]]]},"properties":{"group":"edu_health","tag":"amenity=school","name":"Trường Mầm non Diên Đồng","levels":null,"lat":12.284641265627902,"lng":108.99558519965173,"osm_type":"way","osm_id":1473276426}},{"type":"Feature","geometry":{"type":"MultiPolygon","coordinates":[[[[109.028046,12.272032],[109.028604,12.271593],[109.029026,12.272255],[109.028428,12.272575],[109.028046,12.272032]]]]},"properties":{"group":"edu_health","tag":"amenity=school","name":"Trường Tiểu học Diên Lâm 2","levels":null,"lat":12.272106161721393,"lng":109.02853213826907,"osm_type":"way","osm_id":1473278464}},{"type":"Feature","geometry":{"type":"MultiPolygon","coordinates":[[[[109.026779,12.271904],[109.027276,12.271704],[109.027466,12.271942],[109.027122,12.272131],[109.027307,12.272487],[109.027114,12.272575],[109.027017,12.272349],[109.026779,12.271904]]]]},"properties":{"group":"edu_health","tag":"amenity=school","name":"Trường Mầm non Diên Lâm","levels":null,"lat":12.272071339257721,"lng":109.02711594525891,"osm_type":"way","osm_id":1473278465}},{"type":"Feature","geometry":{"type":"MultiPolygon","coordinates":[[[[109.112285,12.248744],[109.113372,12.248641],[109.113409,12.248595],[109.113593,12.248586],[109.113365,12.249365],[109.112341,12.249371],[109.112285,12.248744]]]]},"properties":{"group":"edu_health","tag":"amenity=school","name":"Trường THCS Trần Nhân Tông","levels":null,"lat":12.249007571820556,"lng":109.11291504096097,"osm_type":"way","osm_id":1474678074}},{"type":"Feature","geometry":{"type":"MultiPolygon","coordinates":[[[[109.081293,12.151114],[109.08193,12.150021],[109.083303,12.150976],[109.082417,12.151875],[109.081293,12.151114]]]]},"properties":{"group":"edu_health","tag":"amenity=school","name":"Trường Tiểu học Suối Tân","levels":null,"lat":12.150978064822967,"lng":109.08224734992577,"osm_type":"way","osm_id":1481410182}},{"type":"Feature","geometry":{"type":"MultiPolygon","coordinates":[[[[109.115376,12.257436],[109.115381,12.257234],[109.115413,12.257232],[109.11586,12.257251],[109.115853,12.257531],[109.115913,12.257621],[109.115949,12.257672],[109.116006,12.257683],[109.116005,12.25786],[109.115588,12.257851],[109.115586,12.257734],[109.115379,12.25773],[109.115376,12.257436]]]]},"properties":{"group":"edu_health","tag":"amenity=school","name":"Trường Tiểu học Diên An 1","levels":null,"lat":12.25754811034197,"lng":109.11566165800794,"osm_type":"way","osm_id":1483753217}},{"type":"Feature","geometry":{"type":"MultiPolygon","coordinates":[[[[109.19481,12.257676],[109.194813,12.257325],[109.195731,12.257238],[109.196869,12.25729],[109.19655,12.257512],[109.19481,12.257676]]]]},"properties":{"group":"apartment","tag":"residential=apartments","name":null,"levels":null,"lat":12.257430041823364,"lng":109.19569512523293,"osm_type":"way","osm_id":1485648668}},{"type":"Feature","geometry":{"type":"MultiPolygon","coordinates":[[[[109.210506,12.212718],[109.210538,12.212675],[109.210573,12.212629],[109.210662,12.212622],[109.210657,12.212559],[109.210744,12.212552],[109.210734,12.21243],[109.210789,12.212379],[109.210874,12.212417],[109.210876,12.212672],[109.21103,12.212812],[109.211057,12.212836],[109.211079,12.212856],[109.210997,12.212943],[109.210953,12.212903],[109.21093,12.212882],[109.210791,12.212756],[109.210648,12.212765],[109.210578,12.212769],[109.210506,12.212718]]]]},"properties":{"group":"edu_health","tag":"amenity=hospital","name":"Hospital VINMEC","levels":8.0,"lat":12.212671312574875,"lng":109.21079638415577,"osm_type":"relation","osm_id":20341892}},{"type":"Feature","geometry":{"type":"MultiPolygon","coordinates":[[[[109.036544,11.602202],[109.036595,11.601099],[109.036968,11.60105],[109.036965,11.601627],[109.036871,11.601966],[109.036694,11.602213],[109.036544,11.602202]]]]},"properties":{"group":"edu_health","tag":"amenity=school","name":"Trường Trung học cơ sở Đinh Bộ Lĩnh","levels":null,"lat":11.601593556068629,"lng":109.03675106848094,"osm_type":"relation","osm_id":20701116}},{"type":"Feature","geometry":{"type":"MultiPolygon","coordinates":[[[[109.078743,12.217595],[109.07908,12.217196],[109.079781,12.217793],[109.079781,12.217879],[109.079455,12.218294],[109.078757,12.217775],[109.078828,12.217664],[109.078743,12.217595]]]]},"properties":{"group":"edu_health","tag":"amenity=school","name":"Trường THCS Ngô Quyền","levels":null,"lat":12.21775118656541,"lng":109.07925690310425,"osm_type":"way","osm_id":1526670625}},{"type":"Feature","geometry":{"type":"MultiPolygon","coordinates":[[[[109.120733,12.27169],[109.120859,12.271681],[109.120854,12.271714],[109.121368,12.271724],[109.121355,12.272218],[109.120736,12.272224],[109.120735,12.272173],[109.120733,12.27169]]]]},"properties":{"group":"edu_health","tag":"amenity=school","name":"Trường Mầm non Diên Phú","levels":null,"lat":12.271965533486158,"lng":109.12104328675888,"osm_type":"way","osm_id":1526674868}},{"type":"Feature","geometry":{"type":"MultiPolygon","coordinates":[[[[109.08842,12.26113],[109.089203,12.260885],[109.089307,12.261342],[109.088578,12.261644],[109.08842,12.26113]]]]},"properties":{"group":"edu_health","tag":"amenity=school","name":"Trường Tiểu học Thị Trấn 2","levels":null,"lat":12.261251665142233,"lng":109.08886735963071,"osm_type":"way","osm_id":1526749484}},{"type":"Feature","geometry":{"type":"MultiPolygon","coordinates":[[[[109.134372,12.260058],[109.134606,12.259176],[109.135196,12.25937],[109.13504,12.259873],[109.135434,12.259968],[109.13534,12.26029],[109.134372,12.260058]]]]},"properties":{"group":"edu_health","tag":"amenity=school","name":"Trường THCS Nguyễn Đình Chiểu","levels":null,"lat":12.259773188447431,"lng":109.13486106855764,"osm_type":"way","osm_id":1526771966}},{"type":"Feature","geometry":{"type":"MultiPolygon","coordinates":[[[[109.134225,12.260759],[109.134348,12.26021],[109.135292,12.260412],[109.135169,12.260961],[109.134225,12.260759]]]]},"properties":{"group":"edu_health","tag":"amenity=school","name":"Trường Tiểu học Vĩnh Trung","levels":null,"lat":12.260585378958469,"lng":109.1347582134408,"osm_type":"way","osm_id":1526771967}},{"type":"Feature","geometry":{"type":"MultiPolygon","coordinates":[[[[109.154883,12.257415],[109.15498,12.257331],[109.155285,12.257142],[109.15543,12.257194],[109.155688,12.25763],[109.155827,12.257561],[109.155988,12.257834],[109.155929,12.257886],[109.15543,12.258201],[109.155081,12.257656],[109.154937,12.257703],[109.154899,12.257509],[109.154883,12.257415]]]]},"properties":{"group":"edu_health","tag":"amenity=school","name":"Trường THPT Hà Huy Tập","levels":null,"lat":12.25765488498169,"lng":109.15540892884722,"osm_type":"way","osm_id":1526896675}},{"type":"Feature","geometry":{"type":"MultiPolygon","coordinates":[[[[109.150993,12.261892],[109.151792,12.261782],[109.151792,12.261742],[109.15178,12.261517],[109.151985,12.261484],[109.152084,12.262099],[109.151849,12.262128],[109.151055,12.262235],[109.150993,12.261892]]]]},"properties":{"group":"edu_health","tag":"amenity=school","name":"Trường Tiểu học Vĩnh Thạnh","levels":null,"lat":12.261943150543901,"lng":109.15159093593532,"osm_type":"way","osm_id":1526899437}},{"type":"Feature","geometry":{"type":"MultiPolygon","coordinates":[[[[109.150854,12.261363],[109.151225,12.261309],[109.151252,12.261333],[109.151737,12.26128],[109.151774,12.261752],[109.150988,12.261875],[109.150854,12.261363]]]]},"properties":{"group":"edu_health","tag":"amenity=school","name":"Trường THCS Lương Thế Vinh","levels":null,"lat":12.261562984093429,"lng":109.15132794982469,"osm_type":"way","osm_id":1526899511}},{"type":"Feature","geometry":{"type":"MultiPolygon","coordinates":[[[[109.091364,12.254909],[109.091527,12.254917],[109.091548,12.254649],[109.09193,12.254649],[109.09191,12.2554],[109.09138,12.255399],[109.091364,12.254909]]]]},"properties":{"group":"edu_health","tag":"amenity=school","name":"Trường Mầm non Hoa Phượng","levels":null,"lat":12.255049969179643,"lng":109.0916690378162,"osm_type":"way","osm_id":1526901238}},{"type":"Feature","geometry":{"type":"MultiPolygon","coordinates":[[[[109.109123,12.268533],[109.109878,12.268374],[109.109964,12.268923],[109.109458,12.269003],[109.109338,12.268888],[109.109191,12.268715],[109.109123,12.268533]]]]},"properties":{"group":"edu_health","tag":"amenity=school","name":"Trường THCS Trịnh Phong","levels":null,"lat":12.268693470559935,"lng":109.10958613947427,"osm_type":"way","osm_id":1526902463}},{"type":"Feature","geometry":{"type":"MultiPolygon","coordinates":[[[[109.124756,12.257633],[109.124891,12.257415],[109.125011,12.257329],[109.125356,12.25735],[109.125375,12.257392],[109.125286,12.257879],[109.125109,12.257825],[109.124756,12.257633]]]]},"properties":{"group":"edu_health","tag":"amenity=school","name":"Trường Mầm Non Vĩnh Trung (Cơ sở 2)","levels":null,"lat":12.257573595885416,"lng":109.12510565193017,"osm_type":"way","osm_id":1528410058}},{"type":"Feature","geometry":{"type":"MultiPolygon","coordinates":[[[[109.05156,12.259978],[109.052698,12.259699],[109.053059,12.260651],[109.051895,12.26101],[109.05156,12.259978]]]]},"properties":{"group":"edu_health","tag":"amenity=school","name":"Trường THPT Nguyễn Thái Học","levels":null,"lat":12.260339979789093,"lng":109.05229778254566,"osm_type":"way","osm_id":1528417873}},{"type":"Feature","geometry":{"type":"MultiPolygon","coordinates":[[[[109.050611,12.246338],[109.050708,12.245718],[109.050853,12.245623],[109.052059,12.245757],[109.051714,12.246519],[109.05116,12.246436],[109.050694,12.246356],[109.050611,12.246338]]]]},"properties":{"group":"edu_health","tag":"amenity=school","name":"Trường THCS Trần Đại Nghĩa","levels":null,"lat":12.24605075836274,"lng":109.05129186424273,"osm_type":"way","osm_id":1528417881}},{"type":"Feature","geometry":{"type":"MultiPolygon","coordinates":[[[[109.052769,12.259521],[109.053411,12.259194],[109.053635,12.259702],[109.052978,12.260015],[109.052769,12.259521]]]]},"properties":{"group":"edu_health","tag":"amenity=school","name":"Trường Mầm non Diên Phước","levels":null,"lat":12.259607600135238,"lng":109.05320028641748,"osm_type":"way","osm_id":1528418404}},{"type":"Feature","geometry":{"type":"MultiPolygon","coordinates":[[[[109.099928,12.269619],[109.100025,12.269072],[109.100119,12.268755],[109.100504,12.268936],[109.100324,12.269674],[109.099928,12.269619]]]]},"properties":{"group":"edu_health","tag":"amenity=school","name":"Trường Tiểu học Diên Sơn 2","levels":null,"lat":12.269238563438261,"lng":109.10020857314383,"osm_type":"way","osm_id":1528436361}},{"type":"Feature","geometry":{"type":"MultiPolygon","coordinates":[[[[109.086691,12.266288],[109.08672,12.265145],[109.087971,12.265064],[109.087964,12.26525],[109.08848,12.265312],[109.088403,12.265948],[109.088344,12.266285],[109.086691,12.266288]]]]},"properties":{"group":"edu_health","tag":"amenity=school","name":"Trường THCS Mạc Đĩnh Chi","levels":null,"lat":12.265711809325879,"lng":109.08754175040033,"osm_type":"way","osm_id":1528436366}},{"type":"Feature","geometry":{"type":"MultiPolygon","coordinates":[[[[109.070363,12.259635],[109.070377,12.259397],[109.070388,12.259271],[109.07091,12.259238],[109.070904,12.259381],[109.070846,12.259738],[109.070839,12.259736],[109.070667,12.259713],[109.070612,12.259698],[109.070363,12.259635]]]]},"properties":{"group":"edu_health","tag":"amenity=school","name":"Trường Tiểu học Diên Lạc (Cơ sở 2)","levels":null,"lat":12.259472177066511,"lng":109.07064268719944,"osm_type":"way","osm_id":1528662067}},{"type":"Feature","geometry":{"type":"MultiPolygon","coordinates":[[[[109.1302,12.257584],[109.130202,12.257451],[109.130201,12.257417],[109.130386,12.257421],[109.130378,12.257585],[109.1302,12.257584]]]]},"properties":{"group":"edu_health","tag":"amenity=hospital","name":"Trung tâm Y tế Vĩnh Trung","levels":null,"lat":12.257501211732057,"lng":109.1302912254224,"osm_type":"way","osm_id":1528667934}},{"type":"Feature","geometry":{"type":"MultiPolygon","coordinates":[[[[109.146403,12.274156],[109.146416,12.273659],[109.146734,12.273654],[109.146735,12.273612],[109.147012,12.273608],[109.146976,12.274372],[109.146457,12.274347],[109.146409,12.274293],[109.146403,12.274156]]]]},"properties":{"group":"edu_health","tag":"amenity=school","name":null,"levels":null,"lat":12.273992735721155,"lng":109.14670922258712,"osm_type":"way","osm_id":1528671169}},{"type":"Feature","geometry":{"type":"MultiPolygon","coordinates":[[[[109.147167,12.274837],[109.147173,12.274625],[109.147259,12.274623],[109.147271,12.274597],[109.147436,12.2746],[109.147419,12.274847],[109.147167,12.274837]]]]},"properties":{"group":"edu_health","tag":"amenity=hospital","name":null,"levels":null,"lat":12.274723593087613,"lng":109.1473030989994,"osm_type":"way","osm_id":1528671177}},{"type":"Feature","geometry":{"type":"MultiPolygon","coordinates":[[[[109.147171,12.274578],[109.147177,12.274295],[109.14741,12.274306],[109.147401,12.274582],[109.147171,12.274578]]]]},"properties":{"group":"edu_health","tag":"amenity=school","name":"Trường Mầm non Vĩnh Phương 1","levels":null,"lat":12.274439790042042,"lng":109.14728919268246,"osm_type":"way","osm_id":1528671334}},{"type":"Feature","geometry":{"type":"MultiPolygon","coordinates":[[[[109.168311,12.266327],[109.168526,12.266342],[109.168739,12.266417],[109.168823,12.266507],[109.169055,12.267106],[109.169224,12.267632],[109.168806,12.267687],[109.16867,12.267256],[109.168434,12.26664],[109.168334,12.2664],[109.168311,12.266327]]]]},"properties":{"group":"edu_health","tag":"amenity=school","name":"Trường THCS Cao Thắng","levels":null,"lat":12.267009536761506,"lng":109.16878465667746,"osm_type":"way","osm_id":1528675110}},{"type":"Feature","geometry":{"type":"MultiPolygon","coordinates":[[[[108.944917,12.006453],[108.945453,12.006317],[108.945679,12.00729],[108.945577,12.007324],[108.945325,12.007371],[108.94521,12.007366],[108.945076,12.006778],[108.944917,12.006453]]]]},"properties":{"group":"edu_health","tag":"amenity=school","name":"Trường THCS Tô Hạp","levels":null,"lat":12.00684995109342,"lng":108.9453281247747,"osm_type":"way","osm_id":1528705903}},{"type":"Feature","geometry":{"type":"MultiPolygon","coordinates":[[[[108.944024,12.006312],[108.944024,12.006204],[108.944025,12.006119],[108.944028,12.005735],[108.944521,12.005727],[108.944521,12.006296],[108.944024,12.006312]]]]},"properties":{"group":"edu_health","tag":"amenity=school","name":"Trường Tiểu học Thị trấn Tô Hạp","levels":null,"lat":12.006017679034452,"lng":108.94427260676841,"osm_type":"way","osm_id":1528708149}},{"type":"Feature","geometry":{"type":"MultiPolygon","coordinates":[[[[108.944535,12.005724],[108.945093,12.005626],[108.945201,12.006163],[108.944658,12.006277],[108.944535,12.005724]]]]},"properties":{"group":"public","tag":"leisure=park","name":"Quảng trường 20/11","levels":null,"lat":12.00594678472288,"lng":108.94486977959497,"osm_type":"way","osm_id":1528708153}},{"type":"Feature","geometry":{"type":"MultiPolygon","coordinates":[[[[108.941985,12.006786],[108.941995,12.006531],[108.942093,12.00616],[108.942918,12.006325],[108.94288,12.006849],[108.942823,12.006879],[108.942505,12.006863],[108.94205,12.006803],[108.941985,12.006786]]]]},"properties":{"group":"edu_health","tag":"amenity=school","name":"Trường THPT Khánh Sơn","levels":null,"lat":12.006544884239597,"lng":108.94244843423262,"osm_type":"way","osm_id":1528709752}},{"type":"Feature","geometry":{"type":"MultiPolygon","coordinates":[[[[108.9524,12.010962],[108.952926,12.010144],[108.953657,12.010568],[108.953154,12.011385],[108.953004,12.011317],[108.9524,12.010962]]]]},"properties":{"group":"edu_health","tag":"amenity=hospital","name":"Bệnh viện Huyện Khánh Sơn","levels":null,"lat":12.010769386220023,"lng":108.95303118615337,"osm_type":"way","osm_id":1528723721}},{"type":"Feature","geometry":{"type":"MultiPolygon","coordinates":[[[[108.96312,12.00415],[108.964097,12.002914],[108.964749,12.003391],[108.964568,12.003622],[108.963741,12.004655],[108.96312,12.00415]]]]},"properties":{"group":"edu_health","tag":"amenity=school","name":"Trường PTDT Nội trú Khánh Sơn","levels":null,"lat":12.003777946841145,"lng":108.96392966735021,"osm_type":"way","osm_id":1528724715}},{"type":"Feature","geometry":{"type":"MultiPolygon","coordinates":[[[[108.955889,12.027392],[108.955907,12.026872],[108.956144,12.026934],[108.956148,12.027416],[108.955889,12.027392]]]]},"properties":{"group":"edu_health","tag":"amenity=hospital","name":"Trung tâm Y tế Sơn Trung","levels":null,"lat":12.027156674688161,"lng":108.95602033503052,"osm_type":"way","osm_id":1528726235}},{"type":"Feature","geometry":{"type":"MultiPolygon","coordinates":[[[[108.955763,12.026675],[108.955835,12.025996],[108.956317,12.02604],[108.956191,12.026773],[108.955763,12.026675]]]]},"properties":{"group":"edu_health","tag":"amenity=school","name":"Trường Mầm non Hoàng Oanh","levels":null,"lat":12.026365395219537,"lng":108.95603054849794,"osm_type":"way","osm_id":1528726237}},{"type":"Feature","geometry":{"type":"MultiPolygon","coordinates":[[[[108.896698,12.02217],[108.89718,12.022003],[108.897368,12.022671],[108.896905,12.022787],[108.896698,12.02217]]]]},"properties":{"group":"edu_health","tag":"amenity=school","name":"Trường Tiểu học Sơn Bình","levels":null,"lat":12.022403359082112,"lng":108.89703927798858,"osm_type":"way","osm_id":1528727439}},{"type":"Feature","geometry":{"type":"MultiPolygon","coordinates":[[[[108.897053,12.023181],[108.897121,12.023157],[108.897072,12.022906],[108.897988,12.022683],[108.898029,12.023372],[108.897181,12.02352],[108.897053,12.023181]]]]},"properties":{"group":"edu_health","tag":"amenity=school","name":"Trường THCS Sơn Bình","levels":null,"lat":12.023117633128882,"lng":108.89756454011432,"osm_type":"way","osm_id":1528727444}},{"type":"Feature","geometry":{"type":"MultiPolygon","coordinates":[[[[108.895383,12.024371],[108.895509,12.024167],[108.895827,12.024404],[108.895662,12.024576],[108.895383,12.024371]]]]},"properties":{"group":"edu_health","tag":"amenity=hospital","name":"Trạm y tế Sơn Bình","levels":null,"lat":12.02437704828011,"lng":108.89559672648679,"osm_type":"way","osm_id":1528728153}},{"type":"Feature","geometry":{"type":"MultiPolygon","coordinates":[[[[108.866524,12.029648],[108.866657,12.02884],[108.867391,12.028957],[108.867386,12.028997],[108.867311,12.029571],[108.867289,12.029737],[108.866524,12.029648]]]]},"properties":{"group":"edu_health","tag":"amenity=school","name":"Trường THCS Sơn Lâm","levels":null,"lat":12.029297224061194,"lng":108.86696257648161,"osm_type":"way","osm_id":1528732348}},{"type":"Feature","geometry":{"type":"MultiPolygon","coordinates":[[[[108.868089,12.029592],[108.868175,12.029106],[108.868729,12.029196],[108.868634,12.02969],[108.868089,12.029592]]]]},"properties":{"group":"edu_health","tag":"amenity=hospital","name":"Phòng khám đa khoa Sơn Lâm","levels":null,"lat":12.029395407614745,"lng":108.86840749068607,"osm_type":"way","osm_id":1528732350}},{"type":"Feature","geometry":{"type":"MultiPolygon","coordinates":[[[[108.865262,12.029476],[108.865324,12.028574],[108.865412,12.028531],[108.865739,12.028645],[108.865999,12.028705],[108.865823,12.029562],[108.865262,12.029476]]]]},"properties":{"group":"edu_health","tag":"amenity=school","name":"Trường Tiểu học Sơn Lâm","levels":null,"lat":12.02905251106782,"lng":108.86560045467647,"osm_type":"way","osm_id":1528732361}},{"type":"Feature","geometry":{"type":"MultiPolygon","coordinates":[[[[108.858004,12.027434],[108.858129,12.027144],[108.858365,12.027218],[108.858251,12.027535],[108.858004,12.027434]]]]},"properties":{"group":"edu_health","tag":"amenity=hospital","name":"Trạm Y  tế Sơn Lâm","levels":null,"lat":12.027335405461855,"lng":108.85818786287929,"osm_type":"way","osm_id":1528732845}},{"type":"Feature","geometry":{"type":"MultiPolygon","coordinates":[[[[108.842158,12.039148],[108.842873,12.038941],[108.843093,12.039741],[108.842384,12.03995],[108.842158,12.039148]]]]},"properties":{"group":"edu_health","tag":"amenity=school","name":"Trường Tiểu học &THCS Thành Sơn","levels":null,"lat":12.039444737052353,"lng":108.84262665270087,"osm_type":"way","osm_id":1528734636}},{"type":"Feature","geometry":{"type":"MultiPolygon","coordinates":[[[[108.835638,12.039006],[108.835884,12.038998],[108.835915,12.039384],[108.835695,12.039404],[108.835638,12.039006]]]]},"properties":{"group":"edu_health","tag":"amenity=hospital","name":"Trạm Y tế Thành Sơn","levels":null,"lat":12.039194958083328,"lng":108.83578192757624,"osm_type":"way","osm_id":1528734643}},{"type":"Feature","geometry":{"type":"MultiPolygon","coordinates":[[[[108.826703,12.03896],[108.82743,12.038788],[108.827482,12.039188],[108.827332,12.039188],[108.827289,12.039203],[108.827253,12.039271],[108.827269,12.039365],[108.827192,12.039476],[108.827094,12.039525],[108.826975,12.039567],[108.826703,12.03896]]]]},"properties":{"group":"edu_health","tag":"amenity=school","name":"Trường Mầm non Anh Đào","levels":null,"lat":12.039134643998414,"lng":108.82710766749389,"osm_type":"way","osm_id":1528735224}},{"type":"Feature","geometry":{"type":"MultiPolygon","coordinates":[[[[109.068269,12.237768],[109.068288,12.236523],[109.069209,12.236438],[109.069179,12.237789],[109.068924,12.237866],[109.068827,12.23777],[109.068269,12.237768]]]]},"properties":{"group":"edu_health","tag":"amenity=school","name":"Trường Tiểu học Diên Bình","levels":null,"lat":12.237134456115854,"lng":109.06874543295717,"osm_type":"way","osm_id":1528738147}},{"type":"Feature","geometry":{"type":"MultiPolygon","coordinates":[[[[109.067264,12.239405],[109.067325,12.238899],[109.067381,12.238862],[109.067974,12.23888],[109.067953,12.239613],[109.067264,12.239405]]]]},"properties":{"group":"edu_health","tag":"amenity=school","name":"Trường Mầm non Diên Bình","levels":null,"lat":12.239197603083596,"lng":109.06764594381598,"osm_type":"way","osm_id":1528738153}},{"type":"Feature","geometry":{"type":"MultiPolygon","coordinates":[[[[109.066892,12.238219],[109.066914,12.237951],[109.06719,12.237967],[109.067228,12.238223],[109.066892,12.238219]]]]},"properties":{"group":"edu_health","tag":"amenity=hospital","name":"Trạm Y tế Bình Lộc","levels":null,"lat":12.238094033834338,"lng":109.06705464353995,"osm_type":"way","osm_id":1528739555}},{"type":"Feature","geometry":{"type":"MultiPolygon","coordinates":[[[[109.078252,12.266544],[109.078821,12.266409],[109.078881,12.267194],[109.07831,12.267198],[109.078252,12.266544]]]]},"properties":{"group":"edu_health","tag":"amenity=school","name":"Trường Tiểu học Diên Sơn 2","levels":null,"lat":12.266834199139758,"lng":109.07857449913784,"osm_type":"way","osm_id":1529005750}},{"type":"Feature","geometry":{"type":"MultiPolygon","coordinates":[[[[109.107244,12.261521],[109.107626,12.261385],[109.107576,12.261141],[109.10792,12.261064],[109.108004,12.261496],[109.107302,12.261681],[109.107244,12.261521]]]]},"properties":{"group":"edu_health","tag":"amenity=school","name":"Trường Trung cấp nghề Diên Khánh","levels":null,"lat":12.261390897442318,"lng":109.10768731768849,"osm_type":"way","osm_id":1529007333}},{"type":"Feature","geometry":{"type":"MultiPolygon","coordinates":[[[[109.096048,12.271296],[109.096118,12.270923],[109.096177,12.270532],[109.096198,12.27044],[109.096225,12.270375],[109.096616,12.27037],[109.096552,12.271032],[109.096514,12.271287],[109.096463,12.271323],[109.096048,12.271296]]]]},"properties":{"group":"edu_health","tag":"amenity=school","name":"Trường Mầm non Diên Sơn","levels":null,"lat":12.270851714637269,"lng":109.09634830791339,"osm_type":"way","osm_id":1529007941}},{"type":"Feature","geometry":{"type":"MultiPolygon","coordinates":[[[[109.096692,12.270625],[109.096709,12.270373],[109.097191,12.270392],[109.097257,12.270445],[109.097265,12.270605],[109.096692,12.270625]]]]},"properties":{"group":"edu_health","tag":"amenity=hospital","name":"Trạm Y Tế Diên Sơn","levels":null,"lat":12.270501419640535,"lng":109.09696838899701,"osm_type":"way","osm_id":1529007946}},{"type":"Feature","geometry":{"type":"MultiPolygon","coordinates":[[[[109.026625,12.265457],[109.027337,12.26535],[109.027439,12.265782],[109.02742,12.265936],[109.02742,12.266125],[109.026696,12.266222],[109.026625,12.265457]]]]},"properties":{"group":"edu_health","tag":"amenity=school","name":"TrườngTiểu học Diên Thọ","levels":null,"lat":12.265787493484556,"lng":109.02703306878014,"osm_type":"way","osm_id":1529012287}},{"type":"Feature","geometry":{"type":"MultiPolygon","coordinates":[[[[109.027613,12.265369],[109.028182,12.265325],[109.02819,12.265798],[109.028057,12.265892],[109.027971,12.26599],[109.027647,12.26602],[109.027613,12.265369]]]]},"properties":{"group":"edu_health","tag":"amenity=school","name":"Trường Mầm non Diên Thọ","levels":null,"lat":12.26565323042453,"lng":109.02789510101884,"osm_type":"way","osm_id":1529012288}},{"type":"Feature","geometry":{"type":"MultiPolygon","coordinates":[[[[109.04077,12.25813],[109.041787,12.25792],[109.04211,12.25941],[109.041122,12.259657],[109.04077,12.25813]]]]},"properties":{"group":"edu_health","tag":"amenity=hospital","name":"Bệnh viện CK Tâm Thần Khánh Hòa","levels":null,"lat":12.25877715048139,"lng":109.04144459526637,"osm_type":"way","osm_id":1529013510}},{"type":"Feature","geometry":{"type":"MultiPolygon","coordinates":[[[[109.042568,12.25985],[109.042939,12.259747],[109.043046,12.260042],[109.042843,12.260087],[109.042872,12.260154],[109.042665,12.260206],[109.042568,12.25985]]]]},"properties":{"group":"edu_health","tag":"amenity=hospital","name":"Phòng khám ĐK Diên Phước","levels":null,"lat":12.259966526010022,"lng":109.04279648994928,"osm_type":"way","osm_id":1529014955}},{"type":"Feature","geometry":{"type":"MultiPolygon","coordinates":[[[[109.044991,12.260743],[109.045344,12.260673],[109.045654,12.260613],[109.045657,12.260593],[109.045729,12.26058],[109.045723,12.260515],[109.046281,12.260416],[109.046396,12.260966],[109.045781,12.261129],[109.04579,12.261184],[109.045171,12.261433],[109.044991,12.260743]]]]},"properties":{"group":"edu_health","tag":"amenity=school","name":"Trường Tiểu học Diên Phước","levels":null,"lat":12.26088783252976,"lng":109.04568387582029,"osm_type":"way","osm_id":1529015762}},{"type":"Feature","geometry":{"type":"MultiPolygon","coordinates":[[[[108.944567,12.284074],[108.944697,12.283062],[108.945348,12.283177],[108.945213,12.284143],[108.944567,12.284074]]]]},"properties":{"group":"edu_health","tag":"amenity=school","name":"Trường Tiểu học Sông Cầu","levels":null,"lat":12.283612174728535,"lng":108.94495386844746,"osm_type":"way","osm_id":1530001456}},{"type":"Feature","geometry":{"type":"MultiPolygon","coordinates":[[[[108.943581,12.281399],[108.943609,12.280895],[108.944192,12.280941],[108.944142,12.281449],[108.943581,12.281399]]]]},"properties":{"group":"edu_health","tag":"amenity=school","name":null,"levels":null,"lat":12.281169439659088,"lng":108.94388153303044,"osm_type":"way","osm_id":1530001465}},{"type":"Feature","geometry":{"type":"MultiPolygon","coordinates":[[[[108.943741,12.280288],[108.943749,12.280024],[108.94428,12.28005],[108.944258,12.28033],[108.943741,12.280288]]]]},"properties":{"group":"edu_health","tag":"amenity=hospital","name":"Trạm Y tế Sông Cầu","levels":null,"lat":12.280172829611251,"lng":108.94400987475515,"osm_type":"way","osm_id":1530003708}},{"type":"Feature","geometry":{"type":"MultiPolygon","coordinates":[[[[108.933724,12.284842],[108.933794,12.284213],[108.934976,12.284155],[108.934948,12.284838],[108.933724,12.284842]]]]},"properties":{"group":"edu_health","tag":"amenity=school","name":null,"levels":null,"lat":12.284514072106779,"lng":108.93436893485864,"osm_type":"way","osm_id":1530003714}},{"type":"Feature","geometry":{"type":"MultiPolygon","coordinates":[[[[109.066375,12.194684],[109.06692,12.193471],[109.067285,12.193504],[109.068281,12.193877],[109.06862,12.19434],[109.068522,12.194717],[109.06823,12.195432],[109.067496,12.195147],[109.066816,12.194866],[109.066375,12.194684]]]]},"properties":{"group":"edu_health","tag":"amenity=school","name":"Trường THPT Đoàn Thị Điểm","levels":null,"lat":12.194413953454157,"lng":109.06755754661417,"osm_type":"way","osm_id":1530016990}},{"type":"Feature","geometry":{"type":"MultiPolygon","coordinates":[[[[109.066083,12.195326],[109.066375,12.194684],[109.066816,12.194866],[109.067496,12.195147],[109.06823,12.195432],[109.068427,12.195519],[109.068235,12.196161],[109.066083,12.195326]]]]},"properties":{"group":"edu_health","tag":"amenity=school","name":"Trường THCS Alexander Yersin","levels":null,"lat":12.19542202567822,"lng":109.06727086557486,"osm_type":"way","osm_id":1530019250}},{"type":"Feature","geometry":{"type":"MultiPolygon","coordinates":[[[[109.065006,12.189583],[109.065322,12.188899],[109.065783,12.189107],[109.065489,12.189768],[109.065006,12.189583]]]]},"properties":{"group":"edu_health","tag":"amenity=school","name":"Trường Mầm Non Vành Khuyên","levels":null,"lat":12.189339490285436,"lng":109.06539822994512,"osm_type":"way","osm_id":1530019257}},{"type":"Feature","geometry":{"type":"MultiPolygon","coordinates":[[[[109.065369,12.188804],[109.065505,12.188553],[109.065951,12.188752],[109.065826,12.189003],[109.065369,12.188804]]]]},"properties":{"group":"edu_health","tag":"amenity=hospital","name":"Trạm Y tế Suối Cát","levels":null,"lat":12.188778159383983,"lng":109.06566174718914,"osm_type":"way","osm_id":1530019262}},{"type":"Feature","geometry":{"type":"MultiPolygon","coordinates":[[[[109.065947,12.187383],[109.066213,12.186822],[109.067054,12.187213],[109.06683,12.187781],[109.065947,12.187383]]]]},"properties":{"group":"edu_health","tag":"amenity=school","name":"Trường Tiểu học Suối Cát","levels":null,"lat":12.187300934231086,"lng":109.06650890317633,"osm_type":"way","osm_id":1530019264}},{"type":"Feature","geometry":{"type":"MultiPolygon","coordinates":[[[[109.046566,12.204406],[109.04683,12.204064],[109.047073,12.204231],[109.046798,12.204543],[109.046566,12.204406]]]]},"properties":{"group":"edu_health","tag":"amenity=hospital","name":"Trạm Y tế Suối Tiên","levels":null,"lat":12.204307703868896,"lng":109.0468183652912,"osm_type":"way","osm_id":1530021522}},{"type":"Feature","geometry":{"type":"MultiPolygon","coordinates":[[[[109.042317,12.208832],[109.042784,12.208119],[109.043831,12.208786],[109.04332,12.209523],[109.042317,12.208832]]]]},"properties":{"group":"edu_health","tag":"amenity=school","name":"Trường Tiểu học Suối Tiên","levels":null,"lat":12.208816831447495,"lng":109.04306815905227,"osm_type":"way","osm_id":1530021524}},{"type":"Feature","geometry":{"type":"MultiPolygon","coordinates":[[[[109.044134,12.211364],[109.044256,12.2108],[109.04478,12.210846],[109.044699,12.211432],[109.044134,12.211364]]]]},"properties":{"group":"edu_health","tag":"amenity=school","name":"Trường Mầm non Suối Tiên","levels":null,"lat":12.211114349117437,"lng":109.04446809574836,"osm_type":"way","osm_id":1530021525}},{"type":"Feature","geometry":{"type":"MultiPolygon","coordinates":[[[[109.189551,12.242179],[109.190007,12.24177],[109.19011,12.241877],[109.19018,12.241813],[109.190351,12.241989],[109.190277,12.242058],[109.190308,12.242105],[109.190221,12.242175],[109.189823,12.24249],[109.189551,12.242179]]]]},"properties":{"group":"edu_health","tag":"amenity=school","name":"Trường Tiểu học Tân Lập 2","levels":null,"lat":12.242115807745316,"lng":109.18995308920054,"osm_type":"way","osm_id":1530296709}},{"type":"Feature","geometry":{"type":"MultiPolygon","coordinates":[[[[109.183639,12.240535],[109.183721,12.240029],[109.184177,12.240104],[109.184072,12.240599],[109.183639,12.240535]]]]},"properties":{"group":"edu_health","tag":"amenity=school","name":"Trường THCS Trần Nhật Duật","levels":null,"lat":12.240314435844494,"lng":109.18390194269342,"osm_type":"way","osm_id":1530296710}},{"type":"Feature","geometry":{"type":"MultiPolygon","coordinates":[[[[109.184528,12.240569],[109.184601,12.240096],[109.184832,12.240165],[109.184729,12.240625],[109.184528,12.240569]]]]},"properties":{"group":"edu_health","tag":"amenity=school","name":"Trường Tiểu học Phước Hòa 1","levels":null,"lat":12.240358167878986,"lng":109.18467349292413,"osm_type":"way","osm_id":1530296711}},{"type":"Feature","geometry":{"type":"MultiPolygon","coordinates":[[[[109.180671,12.239434],[109.18086,12.239391],[109.180923,12.239604],[109.181043,12.239592],[109.181087,12.239761],[109.181677,12.239651],[109.181697,12.239775],[109.180782,12.239985],[109.180683,12.239656],[109.180699,12.239642],[109.180671,12.239434]]]]},"properties":{"group":"edu_health","tag":"amenity=school","name":"Trường THCS Nguyễn Hiền","levels":null,"lat":12.239731327124526,"lng":109.18104204961216,"osm_type":"way","osm_id":1530296712}},{"type":"Feature","geometry":{"type":"MultiPolygon","coordinates":[[[[109.181858,12.246187],[109.181933,12.245822],[109.182216,12.245874],[109.182155,12.246244],[109.181858,12.246187]]]]},"properties":{"group":"edu_health","tag":"amenity=school","name":"Trường Tiểu học Phước Tân","levels":null,"lat":12.246033462492534,"lng":109.18204049737709,"osm_type":"way","osm_id":1530296713}},{"type":"Feature","geometry":{"type":"MultiPolygon","coordinates":[[[[109.18277,12.251756],[109.183019,12.251513],[109.183405,12.251898],[109.183202,12.252118],[109.18277,12.251756]]]]},"properties":{"group":"edu_health","tag":"amenity=school","name":"Trường Tiểu học Phương Sơn","levels":null,"lat":12.251817371207544,"lng":109.18309336110696,"osm_type":"way","osm_id":1530296714}},{"type":"Feature","geometry":{"type":"MultiPolygon","coordinates":[[[[109.198855,12.266625],[109.19913,12.266595],[109.199782,12.26688],[109.199029,12.267169],[109.198996,12.267077],[109.198901,12.267047],[109.198855,12.266625]]]]},"properties":{"group":"edu_health","tag":"amenity=school","name":"Trường Tiểu họcVĩnh Thọ","levels":null,"lat":12.26686211588416,"lng":109.19920711298315,"osm_type":"way","osm_id":1530299319}},{"type":"Feature","geometry":{"type":"MultiPolygon","coordinates":[[[[109.203673,12.289705],[109.204192,12.289423],[109.204377,12.289773],[109.203843,12.290086],[109.203673,12.289705]]]]},"properties":{"group":"edu_health","tag":"amenity=school","name":"Trường Mầm non Sao Biển","levels":null,"lat":12.289749446241064,"lng":109.20401992322437,"osm_type":"way","osm_id":1530299322}},{"type":"Feature","geometry":{"type":"MultiPolygon","coordinates":[[[[109.20761,12.297639],[109.207639,12.297604],[109.207919,12.29761],[109.207983,12.297639],[109.207954,12.297965],[109.20773,12.298671],[109.207621,12.298607],[109.20761,12.297639]]]]},"properties":{"group":"edu_health","tag":"amenity=school","name":"Trường Mầm non Sao Biển","levels":null,"lat":12.298040081654609,"lng":109.20776259678543,"osm_type":"way","osm_id":1530299323}},{"type":"Feature","geometry":{"type":"MultiPolygon","coordinates":[[[[109.207236,12.300497],[109.207309,12.300263],[109.207523,12.299703],[109.207638,12.299456],[109.208308,12.29979],[109.207747,12.300759],[109.207236,12.300497]]]]},"properties":{"group":"edu_health","tag":"amenity=school","name":"Trường Tiểu học Vĩnh Hòa","levels":null,"lat":12.300100999224913,"lng":109.20773695078478,"osm_type":"way","osm_id":1530303090}},{"type":"Feature","geometry":{"type":"MultiPolygon","coordinates":[[[[109.209635,12.300603],[109.209862,12.300207],[109.209899,12.300177],[109.210086,12.300479],[109.209662,12.30062],[109.209635,12.300603]]]]},"properties":{"group":"public","tag":"leisure=park","name":"Công viên Tổ 16","levels":null,"lat":12.300424788885273,"lng":109.20986497300146,"osm_type":"way","osm_id":1530303091}},{"type":"Feature","geometry":{"type":"MultiPolygon","coordinates":[[[[109.210064,12.299021],[109.210321,12.298597],[109.210434,12.298918],[109.210064,12.299021]]]]},"properties":{"group":"public","tag":"leisure=park","name":"Công viên Hòn Xện","levels":null,"lat":12.298845433333334,"lng":109.21027323333333,"osm_type":"way","osm_id":1530303092}},{"type":"Feature","geometry":{"type":"MultiPolygon","coordinates":[[[[109.196632,12.343101],[109.198305,12.342479],[109.198595,12.343281],[109.196914,12.343837],[109.196632,12.343101]]]]},"properties":{"group":"edu_health","tag":"amenity=school","name":"Trường THCS Nguyễn Viết Xuân","levels":null,"lat":12.343169944145265,"lng":109.19762240819684,"osm_type":"way","osm_id":1530303093}},{"type":"Feature","geometry":{"type":"MultiPolygon","coordinates":[[[[109.194359,12.392003],[109.195052,12.39203],[109.195109,12.392288],[109.194485,12.392368],[109.194359,12.392003]]]]},"properties":{"group":"edu_health","tag":"amenity=school","name":"Trường Tiểu học số 2 Ninh Ích","levels":null,"lat":12.392171524049717,"lng":109.19473184395093,"osm_type":"way","osm_id":1530303094}},{"type":"Feature","geometry":{"type":"MultiPolygon","coordinates":[[[[109.195125,12.392094],[109.195343,12.392038],[109.195505,12.392398],[109.195285,12.392503],[109.195125,12.392094]]]]},"properties":{"group":"edu_health","tag":"amenity=school","name":"Trường Mầm non điểm Ngọc Diêm","levels":null,"lat":12.392261645492514,"lng":109.19531359494044,"osm_type":"way","osm_id":1530303095}},{"type":"Feature","geometry":{"type":"MultiPolygon","coordinates":[[[[109.175419,12.399878],[109.176547,12.399173],[109.177062,12.398915],[109.177166,12.399429],[109.176946,12.399591],[109.176254,12.400011],[109.175726,12.4003],[109.175419,12.399878]]]]},"properties":{"group":"edu_health","tag":"amenity=school","name":"Trường THCS Võ Thị Sáu","levels":null,"lat":12.399624709913844,"lng":109.17634118857988,"osm_type":"way","osm_id":1530303567}},{"type":"Feature","geometry":{"type":"MultiPolygon","coordinates":[[[[109.173326,12.399398],[109.173741,12.399156],[109.174133,12.39987],[109.173767,12.40005],[109.173326,12.399398]]]]},"properties":{"group":"edu_health","tag":"amenity=school","name":"Trường Tiểu học Ninh Ích","levels":null,"lat":12.399608139880389,"lng":109.17373734994246,"osm_type":"way","osm_id":1530303568}},{"type":"Feature","geometry":{"type":"MultiPolygon","coordinates":[[[[109.172802,12.399589],[109.172983,12.399498],[109.173285,12.400086],[109.172988,12.400189],[109.172802,12.399589]]]]},"properties":{"group":"edu_health","tag":"amenity=school","name":"Trường Mầm non Điểm Tân Đảo","levels":null,"lat":12.399861719313748,"lng":109.17302441300289,"osm_type":"way","osm_id":1530303569}},{"type":"Feature","geometry":{"type":"MultiPolygon","coordinates":[[[[109.12191,12.431921],[109.121914,12.431851],[109.122105,12.431574],[109.122596,12.430852],[109.123092,12.431188],[109.122427,12.432214],[109.12191,12.431921]]]]},"properties":{"group":"edu_health","tag":"amenity=school","name":"Trường Tiểu học Ninh Lộc","levels":null,"lat":12.431542041461077,"lng":109.12249530784325,"osm_type":"way","osm_id":1530307306}},{"type":"Feature","geometry":{"type":"MultiPolygon","coordinates":[[[[109.122524,12.432279],[109.122696,12.431951],[109.123324,12.432357],[109.12311,12.432664],[109.122524,12.432279]]]]},"properties":{"group":"edu_health","tag":"amenity=school","name":"Trường Mầm non Ninh Lộc","levels":null,"lat":12.43231133122765,"lng":109.12291511813218,"osm_type":"way","osm_id":1530307308}},{"type":"Feature","geometry":{"type":"MultiPolygon","coordinates":[[[[109.125867,12.437388],[109.126038,12.436555],[109.127617,12.43678],[109.127507,12.437664],[109.125867,12.437388]]]]},"properties":{"group":"edu_health","tag":"amenity=school","name":"Trường THCS Lê Thánh Tông","levels":null,"lat":12.437100562982552,"lng":109.12676311326442,"osm_type":"way","osm_id":1530307309}},{"type":"Feature","geometry":{"type":"MultiPolygon","coordinates":[[[[109.097775,12.462215],[109.097797,12.461728],[109.099487,12.461892],[109.099456,12.462385],[109.097775,12.462215]]]]},"properties":{"group":"edu_health","tag":"amenity=school","name":"Trường THCS Ngô Gia Tự","levels":null,"lat":12.462055155767441,"lng":109.09863081949347,"osm_type":"way","osm_id":1530307312}},{"type":"Feature","geometry":{"type":"MultiPolygon","coordinates":[[[[109.09949,12.462386],[109.09951,12.461877],[109.099782,12.461869],[109.099896,12.462422],[109.09949,12.462386]]]]},"properties":{"group":"edu_health","tag":"amenity=school","name":"Trường Mầm non Ninh Hưng","levels":null,"lat":12.462155841163167,"lng":109.09967311813728,"osm_type":"way","osm_id":1530307313}},{"type":"Feature","geometry":{"type":"MultiPolygon","coordinates":[[[[109.09995,12.461804],[109.100752,12.461611],[109.100748,12.462486],[109.100129,12.462468],[109.09995,12.461804]]]]},"properties":{"group":"edu_health","tag":"amenity=school","name":"Trường Tiểu học Ninh Hưng","levels":null,"lat":12.46207175288726,"lng":109.1004071069574,"osm_type":"way","osm_id":1530307314}},{"type":"Feature","geometry":{"type":"MultiPolygon","coordinates":[[[[109.099181,12.462955],[109.099226,12.462547],[109.099604,12.462568],[109.099559,12.463005],[109.099181,12.462955]]]]},"properties":{"group":"edu_health","tag":"amenity=hospital","name":"Trạm Y tế Ninh Hưng","levels":null,"lat":12.46276928366872,"lng":109.09939459332989,"osm_type":"way","osm_id":1530307315}},{"type":"Feature","geometry":{"type":"MultiPolygon","coordinates":[[[[109.098508,12.462974],[109.098547,12.462484],[109.099212,12.462527],[109.099142,12.46304],[109.098508,12.462974]]]]},"properties":{"group":"edu_health","tag":"amenity=school","name":"Trường Mầm non Ninh Hưng","levels":null,"lat":12.46275467789809,"lng":109.09885540973575,"osm_type":"way","osm_id":1530307316}},{"type":"Feature","geometry":{"type":"MultiPolygon","coordinates":[[[[109.117821,12.473541],[109.117887,12.473502],[109.118385,12.473525],[109.118486,12.47396],[109.11796,12.474094],[109.117821,12.473541]]]]},"properties":{"group":"edu_health","tag":"amenity=school","name":"Trường Tiểu học Ninh Quang","levels":null,"lat":12.473771468598652,"lng":109.11814732650784,"osm_type":"way","osm_id":1530308449}},{"type":"Feature","geometry":{"type":"MultiPolygon","coordinates":[[[[109.132675,12.466734],[109.133852,12.466625],[109.133898,12.467515],[109.132802,12.467658],[109.132675,12.466734]]]]},"properties":{"group":"edu_health","tag":"amenity=school","name":"Trường THCS Trần Phú","levels":null,"lat":12.467128420705466,"lng":109.13330180715542,"osm_type":"way","osm_id":1530308958}},{"type":"Feature","geometry":{"type":"MultiPolygon","coordinates":[[[[109.136499,12.468302],[109.136808,12.468176],[109.137042,12.468522],[109.137198,12.468875],[109.136783,12.469042],[109.136651,12.468653],[109.136499,12.468302]]]]},"properties":{"group":"edu_health","tag":"amenity=school","name":"Trường Tiểu học Ninh Hà","levels":null,"lat":12.468611167706356,"lng":109.13684226182463,"osm_type":"way","osm_id":1530308959}},{"type":"Feature","geometry":{"type":"MultiPolygon","coordinates":[[[[109.21915,12.539305],[109.220455,12.539369],[109.22037,12.540254],[109.219174,12.540162],[109.21915,12.539305]]]]},"properties":{"group":"edu_health","tag":"amenity=school","name":"Trường THCS Trần Quốc Toản","levels":null,"lat":12.53976657560196,"lng":109.21979172994112,"osm_type":"way","osm_id":1530309314}},{"type":"Feature","geometry":{"type":"MultiPolygon","coordinates":[[[[109.2233,12.533921],[109.223664,12.532625],[109.224246,12.532686],[109.224048,12.533993],[109.2233,12.533921]]]]},"properties":{"group":"edu_health","tag":"amenity=school","name":"Trường Tiểu học Ninh Thủy","levels":null,"lat":12.533333075198449,"lng":109.22380856704417,"osm_type":"way","osm_id":1530309316}},{"type":"Feature","geometry":{"type":"MultiPolygon","coordinates":[[[[109.222878,12.535714],[109.223174,12.534412],[109.224145,12.534496],[109.223869,12.53577],[109.223747,12.535781],[109.222878,12.535714]]]]},"properties":{"group":"edu_health","tag":"amenity=school","name":"Trường THCS Nguyễn Trung Trực","levels":null,"lat":12.535103835517017,"lng":109.2235142101321,"osm_type":"way","osm_id":1530309317}},{"type":"Feature","geometry":{"type":"MultiPolygon","coordinates":[[[[109.219241,12.542681],[109.220217,12.542665],[109.220168,12.543702],[109.219273,12.543657],[109.219241,12.542681]]]]},"properties":{"group":"edu_health","tag":"amenity=school","name":"Trường Tiểu học Ninh Diêm","levels":null,"lat":12.543169001230165,"lng":109.21972964503549,"osm_type":"way","osm_id":1530313183}},{"type":"Feature","geometry":{"type":"MultiPolygon","coordinates":[[[[109.214291,12.540418],[109.214528,12.538041],[109.215591,12.53812],[109.215494,12.539135],[109.21533,12.540551],[109.214291,12.540418]]]]},"properties":{"group":"edu_health","tag":"amenity=hospital","name":"Bệnh viện Đa khoa Ninh Diêm","levels":null,"lat":12.53927922734972,"lng":109.21494062647788,"osm_type":"way","osm_id":1530313184}},{"type":"Feature","geometry":{"type":"MultiPolygon","coordinates":[[[[109.216462,12.546768],[109.216487,12.546221],[109.217303,12.546231],[109.217277,12.546801],[109.216462,12.546768]]]]},"properties":{"group":"edu_health","tag":"amenity=school","name":"Trường THPT Trần Quý Cáp","levels":null,"lat":12.546505215169622,"lng":109.21688510907381,"osm_type":"way","osm_id":1530313185}},{"type":"Feature","geometry":{"type":"MultiPolygon","coordinates":[[[[109.214581,12.537756],[109.214688,12.536724],[109.215589,12.536806],[109.215417,12.537833],[109.214581,12.537756]]]]},"properties":{"group":"public","tag":"leisure=park","name":"Nhà bia tưởng niệm liệt sĩ và Khu vui chơi thiếu nhi Ninh Diêm","levels":null,"lat":12.537273211827056,"lng":109.21506955487294,"osm_type":"way","osm_id":1530313190}},{"type":"Feature","geometry":{"type":"MultiPolygon","coordinates":[[[[109.216219,12.539144],[109.21633,12.538563],[109.216638,12.538585],[109.216759,12.538767],[109.216767,12.539172],[109.216219,12.539144]]]]},"properties":{"group":"edu_health","tag":"amenity=school","name":"Trường Tiểu học Ninh Diêm","levels":null,"lat":12.538888714866106,"lng":109.21650884787803,"osm_type":"way","osm_id":1530313191}},{"type":"Feature","geometry":{"type":"MultiPolygon","coordinates":[[[[109.219313,12.56506],[109.220184,12.564367],[109.220848,12.565153],[109.220021,12.565867],[109.219313,12.56506]]]]},"properties":{"group":"edu_health","tag":"amenity=school","name":"Trường THCS Trịnh Phong","levels":null,"lat":12.565113209894376,"lng":109.22008739983413,"osm_type":"way","osm_id":1530315149}},{"type":"Feature","geometry":{"type":"MultiPolygon","coordinates":[[[[109.21882,12.565442],[109.219163,12.565079],[109.219616,12.565648],[109.219223,12.565964],[109.21882,12.565442]]]]},"properties":{"group":"edu_health","tag":"amenity=school","name":"Trường Mầm non Ninh Hải","levels":null,"lat":12.56553130101406,"lng":109.21920941409505,"osm_type":"way","osm_id":1530315150}},{"type":"Feature","geometry":{"type":"MultiPolygon","coordinates":[[[[108.98284,12.242614],[108.983324,12.242268],[108.983698,12.242715],[108.983199,12.243065],[108.98284,12.242614]]]]},"properties":{"group":"edu_health","tag":"amenity=school","name":"Trường Mầm non Diên Tân","levels":null,"lat":12.242666132474056,"lng":108.98326633325918,"osm_type":"way","osm_id":1530499825}},{"type":"Feature","geometry":{"type":"MultiPolygon","coordinates":[[[[108.98254,12.243685],[108.98267,12.243552],[108.982632,12.243485],[108.982693,12.243349],[108.982715,12.243259],[108.983052,12.242922],[108.983696,12.243543],[108.983868,12.243764],[108.983748,12.243849],[108.983423,12.243928],[108.983265,12.243849],[108.983114,12.243942],[108.982981,12.243893],[108.982859,12.244018],[108.98254,12.243685]]]]},"properties":{"group":"edu_health","tag":"amenity=school","name":"Trường TH & THCS Diên Tân","levels":null,"lat":12.243541123212385,"lng":108.9831458695552,"osm_type":"way","osm_id":1530499826}},{"type":"Feature","geometry":{"type":"MultiPolygon","coordinates":[[[[108.985284,12.243057],[108.98548,12.242909],[108.985774,12.24323],[108.985614,12.243358],[108.985284,12.243057]]]]},"properties":{"group":"edu_health","tag":"amenity=hospital","name":"Trạm Y tế Diên Tân","levels":null,"lat":12.243134152786611,"lng":108.98553316382093,"osm_type":"way","osm_id":1530499827}},{"type":"Feature","geometry":{"type":"MultiPolygon","coordinates":[[[[108.954818,12.252613],[108.954914,12.252505],[108.954948,12.252445],[108.95514,12.252416],[108.955213,12.252891],[108.954923,12.252945],[108.954818,12.252613]]]]},"properties":{"group":"edu_health","tag":"amenity=school","name":"Trường Tiểu học Khánh Phú - Điểm Nước Nhĩ","levels":null,"lat":12.25268744641801,"lng":108.95502466569782,"osm_type":"way","osm_id":1530500226}},{"type":"Feature","geometry":{"type":"MultiPolygon","coordinates":[[[[108.934475,12.234074],[108.934841,12.233719],[108.935208,12.234096],[108.934855,12.234389],[108.934475,12.234074]]]]},"properties":{"group":"edu_health","tag":"amenity=school","name":"Trường Tiểu học Khánh Phú","levels":null,"lat":12.234064448130093,"lng":108.93484357588827,"osm_type":"way","osm_id":1530501206}},{"type":"Feature","geometry":{"type":"MultiPolygon","coordinates":[[[[108.934145,12.235062],[108.934549,12.234851],[108.934673,12.235038],[108.934254,12.235274],[108.934145,12.235062]]]]},"properties":{"group":"edu_health","tag":"amenity=school","name":"Trường Mầm non Ngọc Lan","levels":null,"lat":12.235058285623747,"lng":108.93440348686094,"osm_type":"way","osm_id":1530501208}},{"type":"Feature","geometry":{"type":"MultiPolygon","coordinates":[[[[108.930704,12.230992],[108.93091,12.230344],[108.93155,12.230516],[108.931341,12.231196],[108.930704,12.230992]]]]},"properties":{"group":"edu_health","tag":"amenity=school","name":"Trường THCS Cao Văn Bé","levels":null,"lat":12.23076327766842,"lng":108.93112853432679,"osm_type":"way","osm_id":1530501209}},{"type":"Feature","geometry":{"type":"MultiPolygon","coordinates":[[[[108.930572,12.217008],[108.930669,12.216586],[108.931336,12.216674],[108.931257,12.217096],[108.930572,12.217008]]]]},"properties":{"group":"edu_health","tag":"amenity=school","name":"Trường Mầm non Ngọc Lan","levels":null,"lat":12.216841957001106,"lng":108.93095792987779,"osm_type":"way","osm_id":1530501214}},{"type":"Feature","geometry":{"type":"MultiPolygon","coordinates":[[[[108.930876,12.21657],[108.930896,12.21634],[108.931351,12.216326],[108.93134,12.216621],[108.930876,12.21657]]]]},"properties":{"group":"edu_health","tag":"amenity=school","name":"Trường Tiểu học Khánh Phú 1","levels":null,"lat":12.216465056174098,"lng":108.93112524772127,"osm_type":"way","osm_id":1530501215}},{"type":"Feature","geometry":{"type":"MultiPolygon","coordinates":[[[[108.92429,12.210827],[108.924304,12.210748],[108.924819,12.210418],[108.92493,12.210504],[108.924637,12.211011],[108.92429,12.210827]]]]},"properties":{"group":"edu_health","tag":"amenity=school","name":"Trường Tiểu học Khánh Phú 1 - Điểm trường Xóm Mới","levels":null,"lat":12.210718470295642,"lng":108.92461931462235,"osm_type":"way","osm_id":1530501666}},{"type":"Feature","geometry":{"type":"MultiPolygon","coordinates":[[[[108.894818,12.322374],[108.89556,12.321746],[108.896245,12.322523],[108.895556,12.323124],[108.894818,12.322374]]]]},"properties":{"group":"edu_health","tag":"amenity=school","name":"Trường TH&THCS Khánh Trung","levels":null,"lat":12.322438582782505,"lng":108.8955403657789,"osm_type":"way","osm_id":1530514353}},{"type":"Feature","geometry":{"type":"MultiPolygon","coordinates":[[[[108.894629,12.322084],[108.895228,12.321445],[108.895495,12.321761],[108.894834,12.322312],[108.894629,12.322084]]]]},"properties":{"group":"edu_health","tag":"amenity=school","name":"Trường Mầm non Họa My","levels":null,"lat":12.32188551646242,"lng":108.89506178749673,"osm_type":"way","osm_id":1530514354}},{"type":"Feature","geometry":{"type":"MultiPolygon","coordinates":[[[[108.892331,12.322914],[108.892481,12.322461],[108.892696,12.322516],[108.892562,12.322976],[108.892331,12.322914]]]]},"properties":{"group":"edu_health","tag":"amenity=hospital","name":"Trạm Y tế Khánh Trung","levels":null,"lat":12.32271975742813,"lng":108.8925166120692,"osm_type":"way","osm_id":1530514355}},{"type":"Feature","geometry":{"type":"MultiPolygon","coordinates":[[[[108.891364,12.321794],[108.891725,12.321488],[108.891979,12.321886],[108.891673,12.32208],[108.891364,12.321794]]]]},"properties":{"group":"edu_health","tag":"amenity=school","name":"Trường TH & THCS Khánh Trung","levels":null,"lat":12.321801503730674,"lng":108.89168266200623,"osm_type":"way","osm_id":1530514357}},{"type":"Feature","geometry":{"type":"MultiPolygon","coordinates":[[[[108.959823,12.359716],[108.960276,12.359271],[108.960624,12.359562],[108.96021,12.360017],[108.959823,12.359716]]]]},"properties":{"group":"edu_health","tag":"amenity=hospital","name":"Phòng khám ĐK khu vực Khánh Bình","levels":null,"lat":12.359643398212125,"lng":108.96022997752503,"osm_type":"way","osm_id":1530517976}},{"type":"Feature","geometry":{"type":"MultiPolygon","coordinates":[[[[108.959359,12.361173],[108.959812,12.360678],[108.960492,12.361385],[108.960043,12.361783],[108.959359,12.361173]]]]},"properties":{"group":"edu_health","tag":"amenity=school","name":"Trường Tiểu học Khánh Bình","levels":null,"lat":12.361245938196296,"lng":108.95992248999427,"osm_type":"way","osm_id":1530517977}},{"type":"Feature","geometry":{"type":"MultiPolygon","coordinates":[[[[108.960158,12.361906],[108.960614,12.361454],[108.961082,12.361887],[108.960637,12.362303],[108.960158,12.361906]]]]},"properties":{"group":"edu_health","tag":"amenity=school","name":"Trường THCS Nguyễn Thái Bình","levels":null,"lat":12.361884707512402,"lng":108.96062158323521,"osm_type":"way","osm_id":1530517982}},{"type":"Feature","geometry":{"type":"MultiPolygon","coordinates":[[[[108.954951,12.363577],[108.954988,12.363079],[108.955611,12.363077],[108.955586,12.363619],[108.954951,12.363577]]]]},"properties":{"group":"edu_health","tag":"amenity=school","name":"Trường Mầm non Trầm Hương","levels":null,"lat":12.363339391111284,"lng":108.95528821137152,"osm_type":"way","osm_id":1530517985}},{"type":"Feature","geometry":{"type":"MultiPolygon","coordinates":[[[[109.006221,12.540586],[109.007099,12.540517],[109.007372,12.541922],[109.006514,12.542116],[109.006221,12.540586]]]]},"properties":{"group":"edu_health","tag":"amenity=school","name":"Trường PTDTNT khu vực Ninh Hòa","levels":null,"lat":12.541287121200709,"lng":109.00679546179857,"osm_type":"way","osm_id":1530522335}},{"type":"Feature","geometry":{"type":"MultiPolygon","coordinates":[[[[109.011039,12.5404],[109.01182,12.540213],[109.012161,12.54164],[109.012135,12.541693],[109.012063,12.541741],[109.011313,12.541934],[109.011123,12.54099],[109.011039,12.5404]]]]},"properties":{"group":"edu_health","tag":"amenity=school","name":null,"levels":null,"lat":12.541076956826588,"lng":109.0115830319219,"osm_type":"way","osm_id":1530522337}},{"type":"Feature","geometry":{"type":"MultiPolygon","coordinates":[[[[108.978421,12.324836],[108.978608,12.324067],[108.979013,12.324174],[108.978822,12.324898],[108.978421,12.324836]]]]},"properties":{"group":"edu_health","tag":"amenity=school","name":"Trường Mầm non Diên Xuân","levels":null,"lat":12.324491204471892,"lng":108.97871457283966,"osm_type":"way","osm_id":1530535202}},{"type":"Feature","geometry":{"type":"MultiPolygon","coordinates":[[[[108.979124,12.324505],[108.979364,12.323947],[108.979882,12.324132],[108.979688,12.324689],[108.979124,12.324505]]]]},"properties":{"group":"edu_health","tag":"amenity=school","name":"Trường Tiểu học Diên Xuân","levels":null,"lat":12.324321438360734,"lng":108.97951181009839,"osm_type":"way","osm_id":1530535203}},{"type":"Feature","geometry":{"type":"MultiPolygon","coordinates":[[[[109.001321,12.305862],[109.001661,12.30549],[109.00205,12.305824],[109.001759,12.306137],[109.001321,12.305862]]]]},"properties":{"group":"edu_health","tag":"amenity=school","name":"Trường Tiểu học Diên Lâm","levels":null,"lat":12.30582360023904,"lng":109.0016921551795,"osm_type":"way","osm_id":1530541677}},{"type":"Feature","geometry":{"type":"MultiPolygon","coordinates":[[[[108.990664,12.309644],[108.991535,12.309469],[108.991755,12.310268],[108.99095,12.310567],[108.990664,12.309644]]]]},"properties":{"group":"edu_health","tag":"amenity=school","name":"Trường THCS Đinh Bộ Lĩnh","levels":null,"lat":12.309987553800262,"lng":108.9912149294877,"osm_type":"way","osm_id":1530542591}},{"type":"Feature","geometry":{"type":"MultiPolygon","coordinates":[[[[108.996896,12.288904],[108.997,12.288794],[108.997238,12.288544],[108.997462,12.288303],[108.997807,12.288132],[108.998084,12.288537],[108.997378,12.289226],[108.996896,12.288904]]]]},"properties":{"group":"edu_health","tag":"amenity=school","name":"Trường Tiểu học Diên Đồng","levels":null,"lat":12.288680489378445,"lng":108.99751397600484,"osm_type":"way","osm_id":1530544777}},{"type":"Feature","geometry":{"type":"MultiPolygon","coordinates":[[[[108.996884,12.287095],[108.997104,12.286991],[108.997178,12.287261],[108.996965,12.287336],[108.996884,12.287095]]]]},"properties":{"group":"edu_health","tag":"amenity=hospital","name":"Trạm Y tế Diên Đồng","levels":null,"lat":12.287168663870094,"lng":108.9970341010923,"osm_type":"way","osm_id":1530544783}},{"type":"Feature","geometry":{"type":"MultiPolygon","coordinates":[[[[109.137956,12.108261],[109.138329,12.108183],[109.138465,12.108734],[109.138064,12.108806],[109.137956,12.108261]]]]},"properties":{"group":"edu_health","tag":"amenity=school","name":"Trường Mẫu giáo Hoàng Yến","levels":null,"lat":12.108498986703662,"lng":109.13820490600025,"osm_type":"way","osm_id":1530545644}},{"type":"Feature","geometry":{"type":"MultiPolygon","coordinates":[[[[109.132572,12.106709],[109.132979,12.106652],[109.133032,12.106914],[109.133232,12.106893],[109.133288,12.107577],[109.133144,12.107605],[109.132718,12.10769],[109.132603,12.106929],[109.132572,12.106709]]]]},"properties":{"group":"edu_health","tag":"amenity=school","name":"Trường Tiểu học Cam Hòa 1","levels":null,"lat":12.107181103258835,"lng":109.13292499195941,"osm_type":"way","osm_id":1530545645}},{"type":"Feature","geometry":{"type":"MultiPolygon","coordinates":[[[[109.140493,12.108857],[109.140647,12.108824],[109.140671,12.109125],[109.140528,12.109146],[109.140493,12.108857]]]]},"properties":{"group":"edu_health","tag":"amenity=hospital","name":"Trạm Y tế Cam Hòa","levels":null,"lat":12.108985964035723,"lng":109.1405850746535,"osm_type":"way","osm_id":1530545648}},{"type":"Feature","geometry":{"type":"MultiPolygon","coordinates":[[[[109.143777,12.11016],[109.143834,12.109616],[109.144287,12.109687],[109.144266,12.110179],[109.144437,12.110277],[109.144526,12.110109],[109.144578,12.110141],[109.14461,12.110797],[109.144503,12.110847],[109.144032,12.110862],[109.143866,12.110651],[109.143917,12.110382],[109.143806,12.110209],[109.143777,12.11016]]]]},"properties":{"group":"edu_health","tag":"amenity=school","name":"Trường Tiểu học Cam Hòa 1 - Điểm Văn Tứ","levels":null,"lat":12.110301860960849,"lng":109.14416842796382,"osm_type":"way","osm_id":1530547995}},{"type":"Feature","geometry":{"type":"MultiPolygon","coordinates":[[[[109.158158,12.057338],[109.158302,12.056745],[109.158908,12.056894],[109.158777,12.057475],[109.158158,12.057338]]]]},"properties":{"group":"edu_health","tag":"amenity=school","name":"Trường Tiểu học Cam Đức 1","levels":null,"lat":12.057113460899865,"lng":109.15853484417671,"osm_type":"way","osm_id":1530549971}},{"type":"Feature","geometry":{"type":"MultiPolygon","coordinates":[[[[109.045756,12.236465],[109.045799,12.235715],[109.046581,12.23576],[109.046568,12.236475],[109.045756,12.236465]]]]},"properties":{"group":"edu_health","tag":"amenity=school","name":"Trường Tiểu học Bình Lộc (Cơ sở 2)","levels":null,"lat":12.236105835352783,"lng":109.04617270955374,"osm_type":"way","osm_id":1530760172}},{"type":"Feature","geometry":{"type":"MultiPolygon","coordinates":[[[[109.046766,12.236417],[109.046802,12.235883],[109.047937,12.235995],[109.047893,12.236527],[109.046841,12.236488],[109.046766,12.236417]]]]},"properties":{"group":"edu_health","tag":"amenity=school","name":"Trường Mầm non Bình Lộc","levels":null,"lat":12.236220482495423,"lng":109.04733866159286,"osm_type":"way","osm_id":1530760176}},{"type":"Feature","geometry":{"type":"MultiPolygon","coordinates":[[[[109.047898,12.236571],[109.047969,12.236029],[109.048122,12.236023],[109.048206,12.23618],[109.048187,12.236574],[109.047898,12.236571]]]]},"properties":{"group":"edu_health","tag":"amenity=hospital","name":"Trạm Y tế Bình Lộc","levels":null,"lat":12.23631852451602,"lng":109.04806075157767,"osm_type":"way","osm_id":1530760179}},{"type":"Feature","geometry":{"type":"MultiPolygon","coordinates":[[[[109.168449,12.036024],[109.168565,12.035542],[109.169168,12.035691],[109.169215,12.035754],[109.169056,12.036242],[109.168449,12.036024]]]]},"properties":{"group":"edu_health","tag":"amenity=school","name":"Trường Mầm non Hoa Hồng","levels":null,"lat":12.035878876425546,"lng":109.16883126915886,"osm_type":"way","osm_id":1530764924}},{"type":"Feature","geometry":{"type":"MultiPolygon","coordinates":[[[[109.192163,12.257718],[109.192374,12.25776],[109.192875,12.257698],[109.192882,12.257889],[109.193102,12.257869],[109.193084,12.257691],[109.193584,12.257613],[109.193634,12.257948],[109.192196,12.258109],[109.192163,12.257718]]]]},"properties":{"group":"apartment","tag":"residential=apartments","name":null,"levels":null,"lat":12.257871102575361,"lng":109.19287838873701,"osm_type":"way","osm_id":1530886184}},{"type":"Feature","geometry":{"type":"MultiPolygon","coordinates":[[[[109.056562,12.172111],[109.056691,12.171318],[109.056932,12.171264],[109.057433,12.171259],[109.057395,12.171781],[109.05732,12.172008],[109.057193,12.172028],[109.057193,12.172299],[109.056562,12.172111]]]]},"properties":{"group":"edu_health","tag":"amenity=school","name":"Trường Tiểu Học Khánh Hòa Jeju","levels":null,"lat":12.171727398563958,"lng":109.05700480899513,"osm_type":"way","osm_id":1531375421}},{"type":"Feature","geometry":{"type":"MultiPolygon","coordinates":[[[[109.081079,12.221751],[109.081704,12.221061],[109.08211,12.221608],[109.081788,12.221821],[109.081461,12.222053],[109.081366,12.222107],[109.08134,12.22209],[109.081188,12.221893],[109.081079,12.221751]]]]},"properties":{"group":"edu_health","tag":"amenity=school","name":"Trường Mầm non Suối Hiệp","levels":null,"lat":12.221613944242142,"lng":109.08158451692398,"osm_type":"way","osm_id":1531571920}},{"type":"Feature","geometry":{"type":"MultiPolygon","coordinates":[[[[109.101758,12.121852],[109.10197,12.121023],[109.102968,12.121476],[109.102639,12.122215],[109.101758,12.121852]]]]},"properties":{"group":"edu_health","tag":"amenity=school","name":"Trường Tiểu học Cam Tân","levels":null,"lat":12.12163086989679,"lng":109.10233289367983,"osm_type":"way","osm_id":1531586679}},{"type":"Feature","geometry":{"type":"MultiPolygon","coordinates":[[[[109.102696,12.122271],[109.102833,12.121929],[109.103065,12.122015],[109.10288,12.122347],[109.102696,12.122271]]]]},"properties":{"group":"edu_health","tag":"amenity=hospital","name":"Trạm Y tế Cam Tân","levels":null,"lat":12.122134406194494,"lng":109.10287198599373,"osm_type":"way","osm_id":1531586681}},{"type":"Feature","geometry":{"type":"MultiPolygon","coordinates":[[[[109.126009,12.065793],[109.126226,12.065555],[109.126349,12.065569],[109.126512,12.065623],[109.126619,12.065667],[109.126623,12.065724],[109.126321,12.066048],[109.126009,12.065793]]]]},"properties":{"group":"edu_health","tag":"amenity=school","name":"Trường Mầm non Thỏ Hồng","levels":null,"lat":12.065771170027936,"lng":109.12631918159478,"osm_type":"way","osm_id":1531587707}},{"type":"Feature","geometry":{"type":"MultiPolygon","coordinates":[[[[109.077672,12.146277],[109.078463,12.145592],[109.079112,12.146094],[109.078359,12.14677],[109.077672,12.146277]]]]},"properties":{"group":"edu_health","tag":"amenity=school","name":"Trường Mầm non Sen Hồng","levels":null,"lat":12.146183562320674,"lng":109.0783985338993,"osm_type":"way","osm_id":1531811213}},{"type":"Feature","geometry":{"type":"MultiPolygon","coordinates":[[[[109.124579,12.056212],[109.125238,12.056164],[109.125231,12.056814],[109.124619,12.056791],[109.124591,12.056391],[109.124579,12.056212]]]]},"properties":{"group":"edu_health","tag":"amenity=school","name":"Trường Tiểu học Cam Hiệp Bắc","levels":null,"lat":12.056491394177225,"lng":109.12492274210982,"osm_type":"way","osm_id":1531812234}},{"type":"Feature","geometry":{"type":"MultiPolygon","coordinates":[[[[109.123939,12.056804],[109.123978,12.05627],[109.124562,12.056214],[109.124602,12.056859],[109.123939,12.056804]]]]},"properties":{"group":"edu_health","tag":"amenity=school","name":"Trường THCS Lê Thánh Tôn","levels":null,"lat":12.056543110896765,"lng":109.12428030337719,"osm_type":"way","osm_id":1531812235}},{"type":"Feature","geometry":{"type":"MultiPolygon","coordinates":[[[[109.128519,12.026142],[109.129016,12.02609],[109.129057,12.026482],[109.128596,12.026527],[109.128568,12.026236],[109.128521,12.026239],[109.128519,12.026142]]]]},"properties":{"group":"edu_health","tag":"amenity=school","name":"Trường Mầm non Thỏ Ngọc","levels":null,"lat":12.026306742458134,"lng":109.12880127187219,"osm_type":"way","osm_id":1531814409}},{"type":"Feature","geometry":{"type":"MultiPolygon","coordinates":[[[[109.134254,11.989484],[109.134277,11.98877],[109.134637,11.988746],[109.134643,11.988679],[109.134973,11.988665],[109.134984,11.989475],[109.134254,11.989484]]]]},"properties":{"group":"edu_health","tag":"amenity=school","name":"Trường Tiểu học Cam An Nam (Điểm A)","levels":null,"lat":11.989099786662278,"lng":109.13463210890171,"osm_type":"way","osm_id":1531815648}},{"type":"Feature","geometry":{"type":"MultiPolygon","coordinates":[[[[109.075729,12.159598],[109.075883,12.159383],[109.076469,12.159741],[109.076393,12.159827],[109.076302,12.159932],[109.075729,12.159598]]]]},"properties":{"group":"edu_health","tag":"amenity=hospital","name":"Phòng khám Đa Khoa Suối Tân","levels":null,"lat":12.159661189577049,"lng":109.07609357427471,"osm_type":"way","osm_id":1532608735}},{"type":"Feature","geometry":{"type":"MultiPolygon","coordinates":[[[[109.171344,12.039386],[109.171827,12.038732],[109.172091,12.038911],[109.172251,12.038765],[109.173251,12.039385],[109.172631,12.04023],[109.171344,12.039386]]]]},"properties":{"group":"edu_health","tag":"amenity=school","name":"Trường THCS Nguyễn Hiền","levels":null,"lat":12.039426504149331,"lng":109.17230861848569,"osm_type":"way","osm_id":1532610594}},{"type":"Feature","geometry":{"type":"MultiPolygon","coordinates":[[[[109.178717,11.939636],[109.17973,11.939132],[109.180219,11.939835],[109.179892,11.9401],[109.179605,11.939623],[109.178902,11.940008],[109.178717,11.939636]]]]},"properties":{"group":"edu_health","tag":"amenity=school","name":"Trường Tiểu học Cam Phúc Bắc","levels":null,"lat":11.939621313947951,"lng":109.17950220166249,"osm_type":"way","osm_id":1532632762}},{"type":"Feature","geometry":{"type":"MultiPolygon","coordinates":[[[[109.073891,12.210475],[109.07424,12.210289],[109.074568,12.21078],[109.074207,12.210989],[109.073891,12.210475]]]]},"properties":{"group":"edu_health","tag":"amenity=school","name":"Trường Tiểu học Suối Hiệp 2","levels":null,"lat":12.21063601308682,"lng":109.0742272716874,"osm_type":"way","osm_id":1534230084}},{"type":"Feature","geometry":{"type":"MultiPolygon","coordinates":[[[[108.7424,11.805211],[108.743556,11.804749],[108.744045,11.805765],[108.743823,11.805867],[108.743859,11.805962],[108.742919,11.806383],[108.742678,11.805866],[108.7424,11.805211]]]]},"properties":{"group":"edu_health","tag":"amenity=school","name":"Trường THCS Huỳnh Thúc Kháng","levels":null,"lat":11.805551001020527,"lng":108.74322404005325,"osm_type":"way","osm_id":1534516937}},{"type":"Feature","geometry":{"type":"MultiPolygon","coordinates":[[[[108.722896,11.810871],[108.723725,11.810298],[108.72389,11.810175],[108.724307,11.810818],[108.72321,11.81137],[108.722896,11.810871]]]]},"properties":{"group":"edu_health","tag":"amenity=school","name":"Trường Tiểu học Lập Lá","levels":null,"lat":11.810797071637351,"lng":108.72359887933581,"osm_type":"way","osm_id":1534517876}},{"type":"Feature","geometry":{"type":"MultiPolygon","coordinates":[[[[108.705523,11.825779],[108.706087,11.825354],[108.706337,11.825267],[108.706759,11.825768],[108.706068,11.82637],[108.705523,11.825779]]]]},"properties":{"group":"edu_health","tag":"amenity=school","name":"Trường THCS Lê Lợi","levels":null,"lat":11.825790255311022,"lng":108.7061509497078,"osm_type":"way","osm_id":1534517879}},{"type":"Feature","geometry":{"type":"MultiPolygon","coordinates":[[[[108.704307,11.825294],[108.70478,11.824986],[108.705242,11.825539],[108.704767,11.825879],[108.704307,11.825294]]]]},"properties":{"group":"edu_health","tag":"amenity=school","name":"Trường Mẫu giáo Lâm Sơn","levels":null,"lat":11.825427405495777,"lng":108.7047739750531,"osm_type":"way","osm_id":1534517883}},{"type":"Feature","geometry":{"type":"MultiPolygon","coordinates":[[[[108.695069,11.829138],[108.6956,11.828798],[108.695865,11.829206],[108.6953,11.829523],[108.695069,11.829138]]]]},"properties":{"group":"edu_health","tag":"amenity=school","name":"Trường Tiểu học Lâm Sơn","levels":null,"lat":11.829164882957906,"lng":108.69546255321481,"osm_type":"way","osm_id":1534522584}},{"type":"Feature","geometry":{"type":"MultiPolygon","coordinates":[[[[108.694722,11.829335],[108.695004,11.82917],[108.695223,11.829516],[108.69494,11.829662],[108.694722,11.829335]]]]},"properties":{"group":"edu_health","tag":"amenity=hospital","name":"Trạm Y tế Lâm Sơn","levels":null,"lat":11.829419540383567,"lng":108.694972568584,"osm_type":"way","osm_id":1534522589}},{"type":"Feature","geometry":{"type":"MultiPolygon","coordinates":[[[[108.865514,11.667198],[108.865933,11.666231],[108.866434,11.666458],[108.86597,11.667398],[108.865514,11.667198]]]]},"properties":{"group":"edu_health","tag":"amenity=school","name":"Trường Tiểu học Mỹ Sơn A","levels":null,"lat":11.666813026572155,"lng":108.86596627888937,"osm_type":"way","osm_id":1534522591}},{"type":"Feature","geometry":{"type":"MultiPolygon","coordinates":[[[[108.947097,11.598284],[108.948156,11.597947],[108.948242,11.598164],[108.948402,11.598717],[108.947741,11.598913],[108.947613,11.598709],[108.947169,11.598826],[108.947097,11.598284]]]]},"properties":{"group":"edu_health","tag":"amenity=hospital","name":"Bệnh viện Đa khoa Tỉnh (Cơ sở 2)","levels":null,"lat":11.598455345234997,"lng":108.94776555488886,"osm_type":"way","osm_id":1534525351}},{"type":"Feature","geometry":{"type":"MultiPolygon","coordinates":[[[[108.952214,11.59468],[108.952806,11.594647],[108.952871,11.594602],[108.953198,11.594574],[108.953193,11.595057],[108.952241,11.595121],[108.952214,11.59468]]]]},"properties":{"group":"edu_health","tag":"amenity=school","name":"Trường THCS Nguyễn Văn Trỗi","levels":null,"lat":11.594860037916593,"lng":108.95272105457414,"osm_type":"way","osm_id":1534525355}},{"type":"Feature","geometry":{"type":"MultiPolygon","coordinates":[[[[108.954906,11.594996],[108.955142,11.59491],[108.95495,11.594032],[108.954925,11.5939],[108.954928,11.593819],[108.954979,11.593766],[108.955874,11.59365],[108.955931,11.594072],[108.955918,11.594139],[108.955943,11.594405],[108.95584,11.594425],[108.9559,11.594784],[108.955987,11.595623],[108.955416,11.595774],[108.955245,11.59542],[108.954906,11.594996]]]]},"properties":{"group":"edu_health","tag":"amenity=school","name":"Trường THPT Tháp Chàm","levels":null,"lat":11.594651624737063,"lng":108.95549137985817,"osm_type":"way","osm_id":1534526674}},{"type":"Feature","geometry":{"type":"MultiPolygon","coordinates":[[[[108.954557,11.58437],[108.954971,11.584252],[108.955123,11.58479],[108.955324,11.584756],[108.955405,11.585108],[108.954731,11.585242],[108.954557,11.58437]]]]},"properties":{"group":"edu_health","tag":"amenity=school","name":"Trường Tiểu học Thuận Hòa A - Hiệp  Hòa","levels":null,"lat":11.584789293111118,"lng":108.95493092661981,"osm_type":"way","osm_id":1534527929}},{"type":"Feature","geometry":{"type":"MultiPolygon","coordinates":[[[[108.970415,11.581722],[108.970906,11.581269],[108.971134,11.581568],[108.970653,11.581987],[108.970415,11.581722]]]]},"properties":{"group":"edu_health","tag":"amenity=school","name":"Trường Mẫu Giáo Bình Minh (PRESCHOOL)","levels":null,"lat":11.581633697349703,"lng":108.97077790138157,"osm_type":"way","osm_id":1534836715}},{"type":"Feature","geometry":{"type":"MultiPolygon","coordinates":[[[[109.016685,11.552653],[109.017034,11.552353],[109.017389,11.552762],[109.017043,11.553065],[109.016685,11.552653]]]]},"properties":{"group":"edu_health","tag":"amenity=school","name":"Trường Tiểu học Mỹ Đông","levels":null,"lat":11.552708451341147,"lng":109.01703738941346,"osm_type":"way","osm_id":1534841577}},{"type":"Feature","geometry":{"type":"MultiPolygon","coordinates":[[[[108.990949,11.589757],[108.991031,11.589746],[108.991517,11.58978],[108.991525,11.590135],[108.991039,11.590326],[108.990972,11.590287],[108.990949,11.589757]]]]},"properties":{"group":"edu_health","tag":"amenity=school","name":"Trường Tiểu học Thành Hải 1","levels":null,"lat":11.590003209413068,"lng":108.9912189778649,"osm_type":"way","osm_id":1534857268}},{"type":"Feature","geometry":{"type":"MultiPolygon","coordinates":[[[[108.998619,11.579693],[108.998701,11.579487],[108.998779,11.579386],[108.999085,11.578978],[108.999407,11.578565],[108.999575,11.578333],[108.999539,11.578097],[108.999536,11.578027],[108.999537,11.577986],[108.999922,11.577853],[109.000755,11.577914],[109.000586,11.579512],[109.000536,11.580336],[109.000119,11.580303],[108.99972,11.58019],[108.998706,11.580018],[108.998652,11.57996],[108.998619,11.579693]]]]},"properties":{"group":"edu_health","tag":"amenity=school","name":"iSchool Ninh Thuận","levels":null,"lat":11.57916149322013,"lng":108.99984484224301,"osm_type":"way","osm_id":1534857273}},{"type":"Feature","geometry":{"type":"MultiPolygon","coordinates":[[[[109.1102,12.017507],[109.110212,12.016932],[109.110213,12.016859],[109.110217,12.016222],[109.110221,12.016186],[109.110892,12.016199],[109.11089,12.017468],[109.1102,12.017507]]]]},"properties":{"group":"edu_health","tag":"amenity=school","name":"Trường Tiểu học Cam An Bắc","levels":null,"lat":12.01684248148262,"lng":109.11054870518079,"osm_type":"way","osm_id":1536133652}},{"type":"Feature","geometry":{"type":"MultiPolygon","coordinates":[[[[109.109684,12.016182],[109.110215,12.016188],[109.110213,12.016859],[109.109691,12.016856],[109.109684,12.016182]]]]},"properties":{"group":"edu_health","tag":"amenity=school","name":"Trường Mầm Non Thiên Nga","levels":null,"lat":12.016520437090472,"lng":109.10995060653688,"osm_type":"way","osm_id":1536133653}},{"type":"Feature","geometry":{"type":"MultiPolygon","coordinates":[[[[109.098555,11.950222],[109.098956,11.949894],[109.099225,11.949658],[109.099617,11.950168],[109.09884,11.950672],[109.098709,11.950475],[109.098555,11.950222]]]]},"properties":{"group":"edu_health","tag":"amenity=school","name":"Trường Tiểu Học Cam Phước Đông","levels":null,"lat":11.950176210895624,"lng":109.09907210628599,"osm_type":"way","osm_id":1536141815}},{"type":"Feature","geometry":{"type":"MultiPolygon","coordinates":[[[[109.183219,11.975175],[109.183462,11.974045],[109.183777,11.974036],[109.18387,11.974626],[109.183862,11.975033],[109.183219,11.975175]]]]},"properties":{"group":"edu_health","tag":"amenity=school","name":"Trường Tiểu học Cam Nghĩa 2","levels":null,"lat":11.974629603708271,"lng":109.18358333822707,"osm_type":"way","osm_id":1536410148}},{"type":"Feature","geometry":{"type":"MultiPolygon","coordinates":[[[[109.182074,11.953458],[109.182622,11.953199],[109.182912,11.953717],[109.18265,11.953863],[109.182884,11.954329],[109.182604,11.954533],[109.182074,11.953458]]]]},"properties":{"group":"edu_health","tag":"amenity=school","name":"Trung tâm Giáo dục thường xuyên & Hướng nghiệp (Cơ sở 2)","levels":null,"lat":11.95379478417004,"lng":109.1825321725007,"osm_type":"way","osm_id":1536415966}},{"type":"Feature","geometry":{"type":"MultiPolygon","coordinates":[[[[109.161106,12.0575],[109.161176,12.056934],[109.161693,12.057011],[109.161576,12.057536],[109.161106,12.0575]]]]},"properties":{"group":"edu_health","tag":"amenity=school","name":"Trường Mầm non Hướng Dương","levels":null,"lat":12.057240119096145,"lng":109.16138562984592,"osm_type":"way","osm_id":1536420370}},{"type":"Feature","geometry":{"type":"MultiPolygon","coordinates":[[[[109.162922,12.062375],[109.163329,12.060727],[109.16461,12.061018],[109.164726,12.061103],[109.164291,12.062689],[109.162922,12.062375]]]]},"properties":{"group":"edu_health","tag":"amenity=hospital","name":"Bệnh viện đa khoa Cam Lâm","levels":null,"lat":12.061706798014173,"lng":109.1638207966299,"osm_type":"way","osm_id":1536420880}},{"type":"Feature","geometry":{"type":"MultiPolygon","coordinates":[[[[109.135306,12.103751],[109.135544,12.103084],[109.136864,12.103277],[109.13665,12.10409],[109.135306,12.103751]]]]},"properties":{"group":"edu_health","tag":"amenity=school","name":"Trường THCS Lương Thế Vinh","levels":null,"lat":12.103557539848593,"lng":109.13610978438719,"osm_type":"way","osm_id":1536425287}},{"type":"Feature","geometry":{"type":"MultiPolygon","coordinates":[[[[109.116185,12.104887],[109.116489,12.104723],[109.117086,12.104691],[109.117097,12.105321],[109.116437,12.105361],[109.116359,12.105156],[109.116185,12.104887]]]]},"properties":{"group":"edu_health","tag":"amenity=school","name":"Trường Tiểu Học Cam Hoà 2","levels":null,"lat":12.105020016334137,"lng":109.11670547410998,"osm_type":"way","osm_id":1536449416}},{"type":"Feature","geometry":{"type":"MultiPolygon","coordinates":[[[[109.163322,12.041983],[109.163825,12.041068],[109.164878,12.041542],[109.164896,12.041674],[109.164726,12.041991],[109.164231,12.042542],[109.163322,12.041983]]]]},"properties":{"group":"edu_health","tag":"amenity=school","name":"Trường Tiểu học Cam Thành Bắc","levels":null,"lat":12.041795574008914,"lng":109.16411377160789,"osm_type":"way","osm_id":1536477000}},{"type":"Feature","geometry":{"type":"MultiPolygon","coordinates":[[[[109.157599,12.09365],[109.158018,12.092804],[109.158773,12.093127],[109.158219,12.09396],[109.157599,12.09365]]]]},"properties":{"group":"edu_health","tag":"amenity=school","name":"Trường Tiểu học Cam Hải Tây","levels":null,"lat":12.093374687590682,"lng":109.15816174824688,"osm_type":"way","osm_id":1536478638}},{"type":"Feature","geometry":{"type":"MultiPolygon","coordinates":[[[[109.082482,12.149776],[109.083111,12.149075],[109.083875,12.149671],[109.083527,12.150082],[109.083272,12.149911],[109.083036,12.150173],[109.082482,12.149776]]]]},"properties":{"group":"edu_health","tag":"amenity=school","name":"Trường mầm non Vàng Anh","levels":null,"lat":12.149661752402231,"lng":109.08317296451227,"osm_type":"way","osm_id":1536486114}},{"type":"Feature","geometry":{"type":"MultiPolygon","coordinates":[[[[109.083066,12.150173],[109.08327,12.149941],[109.083599,12.150181],[109.083387,12.150431],[109.083066,12.150173]]]]},"properties":{"group":"edu_health","tag":"amenity=hospital","name":"Trạm Y tế Suối Tân","levels":null,"lat":12.150183063544848,"lng":109.08333184585008,"osm_type":"way","osm_id":1536486120}},{"type":"Feature","geometry":{"type":"MultiPolygon","coordinates":[[[[109.080108,12.151077],[109.080646,12.150398],[109.081377,12.150913],[109.080915,12.151561],[109.080108,12.151077]]]]},"properties":{"group":"edu_health","tag":"amenity=school","name":"Trường THCS Phan Đình Phùng","levels":null,"lat":12.150986679730195,"lng":109.08075418414299,"osm_type":"way","osm_id":1536486881}},{"type":"Feature","geometry":{"type":"MultiPolygon","coordinates":[[[[109.150148,12.222608],[109.150183,12.222557],[109.150702,12.222485],[109.150936,12.224024],[109.150353,12.224097],[109.150148,12.222608]]]]},"properties":{"group":"edu_health","tag":"amenity=school","name":"Trường Tiểu Học Vĩnh Thái (Điểm Đất Lành)","levels":null,"lat":12.22329789746939,"lng":109.150534398761,"osm_type":"way","osm_id":1536779418}},{"type":"Feature","geometry":{"type":"MultiPolygon","coordinates":[[[[109.15913,12.254904],[109.1599,12.254756],[109.159901,12.254886],[109.159807,12.255115],[109.15978,12.255374],[109.159758,12.255566],[109.159774,12.255699],[109.159341,12.255768],[109.15931,12.255498],[109.15913,12.254904]]]]},"properties":{"group":"edu_health","tag":"amenity=school","name":"Trường Tiểu học Vĩnh Hiệp","levels":null,"lat":12.25522998238314,"lng":109.15953228683462,"osm_type":"way","osm_id":1536786248}},{"type":"Feature","geometry":{"type":"MultiPolygon","coordinates":[[[[109.143884,12.257053],[109.143952,12.256441],[109.144472,12.256495],[109.144455,12.256677],[109.144241,12.256661],[109.144233,12.256747],[109.144215,12.257055],[109.143884,12.257053]]]]},"properties":{"group":"edu_health","tag":"amenity=school","name":"Trường Tiểu Học Vĩnh Hiệp","levels":null,"lat":12.25672703897158,"lng":109.14412325851104,"osm_type":"way","osm_id":1536786254}},{"type":"Feature","geometry":{"type":"MultiPolygon","coordinates":[[[[108.979916,12.321771],[108.979995,12.321765],[108.980064,12.321528],[108.980125,12.321412],[108.980708,12.321418],[108.98071,12.322359],[108.980003,12.322449],[108.979973,12.322324],[108.980043,12.322323],[108.980014,12.321909],[108.979932,12.321896],[108.979916,12.321771]]]]},"properties":{"group":"edu_health","tag":"amenity=school","name":"Trường Tiểu học Diên Xuân","levels":null,"lat":12.321915922448564,"lng":108.98035616802434,"osm_type":"way","osm_id":1539008420}},{"type":"Feature","geometry":{"type":"MultiPolygon","coordinates":[[[[108.978589,12.346913],[108.978775,12.346664],[108.979121,12.346892],[108.978946,12.347139],[108.978589,12.346913]]]]},"properties":{"group":"edu_health","tag":"amenity=school","name":"Trường Tiểu Học Khánh Đông","levels":null,"lat":12.346901886134813,"lng":108.97885698181422,"osm_type":"way","osm_id":1539014852}},{"type":"Feature","geometry":{"type":"MultiPolygon","coordinates":[[[[108.977532,12.354144],[108.977801,12.353735],[108.97811,12.353973],[108.977869,12.354367],[108.977532,12.354144]]]]},"properties":{"group":"edu_health","tag":"amenity=school","name":"Trường Mầm non Sen Hồng","levels":null,"lat":12.35405472373143,"lng":108.97782557023575,"osm_type":"way","osm_id":1539014859}},{"type":"Feature","geometry":{"type":"MultiPolygon","coordinates":[[[[108.977029,12.354152],[108.977263,12.353779],[108.977608,12.353991],[108.977393,12.354359],[108.977029,12.354152]]]]},"properties":{"group":"edu_health","tag":"amenity=school","name":"Trường Tiểu học Khánh Đông","levels":null,"lat":12.354070508539868,"lng":108.97732173510099,"osm_type":"way","osm_id":1539014860}},{"type":"Feature","geometry":{"type":"MultiPolygon","coordinates":[[[[109.106521,12.279774],[109.107037,12.279522],[109.107213,12.279873],[109.10672,12.280124],[109.106521,12.279774]]]]},"properties":{"group":"edu_health","tag":"amenity=hospital","name":"Trạm Y tế Diên Điền","levels":null,"lat":12.279822702350279,"lng":109.10687112757797,"osm_type":"way","osm_id":1539383189}},{"type":"Feature","geometry":{"type":"MultiPolygon","coordinates":[[[[109.108284,12.267536],[109.108477,12.267488],[109.108521,12.267661],[109.108332,12.267705],[109.108284,12.267536]]]]},"properties":{"group":"edu_health","tag":"amenity=hospital","name":"Trạm Y tế Thị Trấn","levels":null,"lat":12.267597329655178,"lng":109.1084036430566,"osm_type":"way","osm_id":1539640476}},{"type":"Feature","geometry":{"type":"MultiPolygon","coordinates":[[[[108.921401,12.385789],[108.921572,12.385671],[108.9218,12.385943],[108.921621,12.386078],[108.921401,12.385789]]]]},"properties":{"group":"edu_health","tag":"amenity=hospital","name":"Trạm Y tế Khánh Hiệp","levels":null,"lat":12.385872215045953,"lng":108.92159954318663,"osm_type":"way","osm_id":1539672056}},{"type":"Feature","geometry":{"type":"MultiPolygon","coordinates":[[[[108.920746,12.385908],[108.921241,12.3856],[108.921578,12.386086],[108.921107,12.386438],[108.920746,12.385908]]]]},"properties":{"group":"edu_health","tag":"amenity=school","name":"Trường Mầm non Hoa Phượng","levels":null,"lat":12.386010647817276,"lng":108.92116478469079,"osm_type":"way","osm_id":1539672057}},{"type":"Feature","geometry":{"type":"MultiPolygon","coordinates":[[[[108.920663,12.385294],[108.921358,12.384812],[108.921706,12.385239],[108.921603,12.385317],[108.921731,12.385461],[108.921369,12.385695],[108.92126,12.385575],[108.921038,12.385711],[108.920663,12.385294]]]]},"properties":{"group":"edu_health","tag":"amenity=school","name":"Trường Tiểu học Khánh Hiệp","levels":null,"lat":12.385300830871385,"lng":108.92123397942112,"osm_type":"way","osm_id":1539672062}},{"type":"Feature","geometry":{"type":"MultiPolygon","coordinates":[[[[108.90186,12.397255],[108.902053,12.397078],[108.902301,12.397315],[108.902078,12.397504],[108.90186,12.397255]]]]},"properties":{"group":"edu_health","tag":"amenity=school","name":"Trường Tiểu học Khánh Hiệp (Điểm Ba Cẳng 1)","levels":null,"lat":12.397289822484048,"lng":108.90207582114849,"osm_type":"way","osm_id":1539675616}},{"type":"Feature","geometry":{"type":"MultiPolygon","coordinates":[[[[108.924712,12.3708],[108.924898,12.370477],[108.92532,12.370798],[108.925201,12.371047],[108.924712,12.3708]]]]},"properties":{"group":"edu_health","tag":"amenity=school","name":"Trường Tiểu học Khánh Hiệp (Điểm Soi Mít)","levels":null,"lat":12.370774593475677,"lng":108.92502075394462,"osm_type":"way","osm_id":1539675619}},{"type":"Feature","geometry":{"type":"MultiPolygon","coordinates":[[[[108.915651,12.370985],[108.91567,12.370557],[108.916137,12.370564],[108.916139,12.371053],[108.915651,12.370985]]]]},"properties":{"group":"edu_health","tag":"amenity=school","name":"Trường Mầm Non Hoa Phượng 1","levels":null,"lat":12.370791831128372,"lng":108.91590426406081,"osm_type":"way","osm_id":1539675625}},{"type":"Feature","geometry":{"type":"MultiPolygon","coordinates":[[[[108.914944,12.371263],[108.915146,12.371208],[108.915105,12.371093],[108.91539,12.371042],[108.915536,12.37151],[108.915267,12.371492],[108.915001,12.371501],[108.914944,12.371263]]]]},"properties":{"group":"edu_health","tag":"amenity=school","name":"Trường Tiểu học Khánh Hiệp 1 (Điểm thôn Cà Thiêu)","levels":null,"lat":12.371309966874936,"lng":108.91524635868818,"osm_type":"way","osm_id":1539675629}},{"type":"Feature","geometry":{"type":"MultiPolygon","coordinates":[[[[108.888629,12.295282],[108.888954,12.294918],[108.889246,12.295154],[108.889121,12.295271],[108.889197,12.295356],[108.888945,12.295526],[108.888629,12.295282]]]]},"properties":{"group":"edu_health","tag":"amenity=school","name":"Trường Tiểu học Khánh Nam","levels":null,"lat":12.295232967081237,"lng":108.88894949252989,"osm_type":"way","osm_id":1539683780}},{"type":"Feature","geometry":{"type":"MultiPolygon","coordinates":[[[[108.88704,12.296933],[108.887186,12.29672],[108.887337,12.296822],[108.88737,12.296759],[108.88767,12.29697],[108.88748,12.297231],[108.88704,12.296933]]]]},"properties":{"group":"edu_health","tag":"amenity=school","name":"Trường Mầm non A Xây","levels":null,"lat":12.296963764244554,"lng":108.88735942598299,"osm_type":"way","osm_id":1539683785}},{"type":"Feature","geometry":{"type":"MultiPolygon","coordinates":[[[[108.906511,12.283143],[108.906751,12.282667],[108.907078,12.282836],[108.907018,12.282941],[108.906808,12.2833],[108.906511,12.283143]]]]},"properties":{"group":"edu_health","tag":"amenity=school","name":null,"levels":null,"lat":12.28298302257554,"lng":108.90678911802986,"osm_type":"way","osm_id":1539685989}},{"type":"Feature","geometry":{"type":"MultiPolygon","coordinates":[[[[108.879421,12.236521],[108.879538,12.2358],[108.87997,12.235854],[108.879902,12.236157],[108.879972,12.23618],[108.87991,12.23636],[108.879857,12.236356],[108.879793,12.236597],[108.879421,12.236521]]]]},"properties":{"group":"edu_health","tag":"amenity=school","name":"Trường Tiểu học Khánh Thành (Điểm Trường thôn Tà Mơ)","levels":null,"lat":12.236188596857916,"lng":108.87969382288195,"osm_type":"way","osm_id":1539685999}},{"type":"Feature","geometry":{"type":"MultiPolygon","coordinates":[[[[108.883712,12.239135],[108.883834,12.239002],[108.883933,12.238971],[108.884058,12.23898],[108.884176,12.238995],[108.884357,12.239169],[108.884098,12.239497],[108.883712,12.239135]]]]},"properties":{"group":"edu_health","tag":"amenity=school","name":"Trường Mầm Non Khánh Thành","levels":null,"lat":12.239186748263137,"lng":108.88404356178481,"osm_type":"way","osm_id":1539686004}},{"type":"Feature","geometry":{"type":"MultiPolygon","coordinates":[[[[108.883541,12.250762],[108.883772,12.250611],[108.883964,12.250894],[108.883732,12.251032],[108.883541,12.250762]]]]},"properties":{"group":"edu_health","tag":"amenity=hospital","name":"Trạm y tế Khánh Thành","levels":null,"lat":12.250823930176718,"lng":108.88375227912783,"osm_type":"way","osm_id":1539698620}},{"type":"Feature","geometry":{"type":"MultiPolygon","coordinates":[[[[108.818116,12.268993],[108.81818,12.268442],[108.818602,12.268492],[108.81851,12.269042],[108.818116,12.268993]]]]},"properties":{"group":"edu_health","tag":"amenity=school","name":"Trường Tiểu học Liên Sang","levels":null,"lat":12.268739176657942,"lng":108.81835270497353,"osm_type":"way","osm_id":1539698624}},{"type":"Feature","geometry":{"type":"MultiPolygon","coordinates":[[[[108.815744,12.269091],[108.815861,12.268647],[108.816539,12.268811],[108.816527,12.269185],[108.816248,12.269211],[108.815884,12.269152],[108.815744,12.269091]]]]},"properties":{"group":"edu_health","tag":"amenity=school","name":"Trường Mầm non Hoa Lan","levels":null,"lat":12.268955331015535,"lng":108.81615149202867,"osm_type":"way","osm_id":1539698625}},{"type":"Feature","geometry":{"type":"MultiPolygon","coordinates":[[[[108.814974,12.268008],[108.815786,12.267643],[108.815836,12.2678],[108.815639,12.268153],[108.815551,12.26834],[108.815482,12.26837],[108.815068,12.268259],[108.814974,12.268008]]]]},"properties":{"group":"edu_health","tag":"amenity=hospital","name":"Phòng khám Đa Khoa Khánh Lê","levels":null,"lat":12.26803263506978,"lng":108.81542303308007,"osm_type":"way","osm_id":1539698626}},{"type":"Feature","geometry":{"type":"MultiPolygon","coordinates":[[[[108.814701,12.266151],[108.814832,12.265449],[108.814935,12.265398],[108.815461,12.265467],[108.815428,12.266552],[108.814785,12.266306],[108.814729,12.266219],[108.814701,12.266151]]]]},"properties":{"group":"edu_health","tag":"amenity=school","name":"Trường THCS Lê Văn Tám","levels":null,"lat":12.265937754612372,"lng":108.81511521378695,"osm_type":"way","osm_id":1539698627}},{"type":"Feature","geometry":{"type":"MultiPolygon","coordinates":[[[[108.868368,12.271507],[108.86885,12.270741],[108.869331,12.27103],[108.868838,12.271788],[108.868368,12.271507]]]]},"properties":{"group":"edu_health","tag":"amenity=school","name":"Trường Tiểu học Cầu Bà","levels":null,"lat":12.27126501933631,"lng":108.86884760913,"osm_type":"way","osm_id":1539701223}},{"type":"Feature","geometry":{"type":"MultiPolygon","coordinates":[[[[109.125003,11.99733],[109.125743,11.997243],[109.125854,11.998339],[109.125145,11.998374],[109.125003,11.99733]]]]},"properties":{"group":"edu_health","tag":"amenity=school","name":"Trường THCS Hoàng Hoa Thám","levels":null,"lat":11.997816643911746,"lng":109.1254385792666,"osm_type":"way","osm_id":1539926056}},{"type":"Feature","geometry":{"type":"MultiPolygon","coordinates":[[[[109.152422,11.920988],[109.152515,11.920716],[109.152821,11.92081],[109.152729,11.921101],[109.152664,11.921154],[109.1526,11.921152],[109.152422,11.920988]]]]},"properties":{"group":"edu_health","tag":"amenity=school","name":"Trường Mầm non Cam Thuận","levels":null,"lat":11.920931677511879,"lng":109.15261860529107,"osm_type":"way","osm_id":1539928222}},{"type":"Feature","geometry":{"type":"MultiPolygon","coordinates":[[[[109.199437,12.332496],[109.200342,12.331458],[109.200854,12.331933],[109.200847,12.331995],[109.200819,12.332051],[109.199954,12.332781],[109.199437,12.332496]]]]},"properties":{"group":"edu_health","tag":"amenity=school","name":"Trường Tiểu Học Vĩnh Lương 2","levels":null,"lat":12.332151994728768,"lng":109.20017444527309,"osm_type":"way","osm_id":1539970272}},{"type":"Feature","geometry":{"type":"MultiPolygon","coordinates":[[[[109.178171,12.279729],[109.179825,12.279525],[109.179875,12.279586],[109.179945,12.280784],[109.180045,12.282752],[109.178369,12.282817],[109.17831,12.282757],[109.178318,12.282386],[109.178374,12.281223],[109.178347,12.280882],[109.178171,12.279729]]]]},"properties":{"group":"edu_health","tag":"amenity=college","name":"Trường Cao đẳng Y tế Khánh Hoà (Cơ sở mới)","levels":null,"lat":12.281209500411402,"lng":109.17914161195976,"osm_type":"way","osm_id":1539970279}},{"type":"Feature","geometry":{"type":"MultiPolygon","coordinates":[[[[109.137854,12.274633],[109.137953,12.274574],[109.137903,12.274475],[109.138236,12.274316],[109.138405,12.274679],[109.138024,12.27495],[109.137854,12.274633]]]]},"properties":{"group":"edu_health","tag":"amenity=school","name":"Trường Mầm Non Vĩnh Phương 2","levels":null,"lat":12.274624682501779,"lng":109.1381243648895,"osm_type":"way","osm_id":1539970284}},{"type":"Feature","geometry":{"type":"MultiPolygon","coordinates":[[[[109.1596,12.248434],[109.159739,12.24795],[109.160421,12.248177],[109.160771,12.248214],[109.160919,12.248242],[109.160902,12.24845],[109.160635,12.248445],[109.160602,12.248637],[109.160302,12.248586],[109.159744,12.248489],[109.1596,12.248434]]]]},"properties":{"group":"edu_health","tag":"amenity=school","name":"Trường Tiểu học Vĩnh Thái","levels":null,"lat":12.248322004385738,"lng":109.16020524006296,"osm_type":"way","osm_id":1539971790}},{"type":"Feature","geometry":{"type":"MultiPolygon","coordinates":[[[[109.12987,12.256783],[109.129927,12.256546],[109.1302,12.256595],[109.130182,12.256701],[109.13035,12.256745],[109.130207,12.257198],[109.130092,12.257194],[109.130125,12.256909],[109.130118,12.256879],[109.12987,12.256783]]]]},"properties":{"group":"edu_health","tag":"amenity=school","name":"Trường Mầm non Vĩnh Trung","levels":null,"lat":12.256822003889535,"lng":109.13012158254459,"osm_type":"way","osm_id":1539979333}},{"type":"Feature","geometry":{"type":"Point","coordinates":[109.18798,12.20388]},"properties":{"group":"edu_health","tag":"amenity=school","name":"Basic school","levels":null,"lat":12.2038801,"lng":109.1879796,"osm_type":"node","osm_id":400863172}},{"type":"Feature","geometry":{"type":"Point","coordinates":[109.193185,12.247124]},"properties":{"group":"edu_health","tag":"amenity=school","name":"Lý Tự Trọng High School","levels":null,"lat":12.2471237,"lng":109.1931855,"osm_type":"node","osm_id":1708388507}},{"type":"Feature","geometry":{"type":"Point","coordinates":[109.187744,12.249264]},"properties":{"group":"edu_health","tag":"amenity=school","name":"Lê Quí Đôn High School","levels":null,"lat":12.2492638,"lng":109.1877439,"osm_type":"node","osm_id":1817686626}},{"type":"Feature","geometry":{"type":"Point","coordinates":[109.189777,12.24696]},"properties":{"group":"edu_health","tag":"amenity=school","name":"mẫu giáo 3/2","levels":null,"lat":12.2469598,"lng":109.189777,"osm_type":"node","osm_id":1817686649}},{"type":"Feature","geometry":{"type":"Point","coordinates":[109.193153,12.239669]},"properties":{"group":"edu_health","tag":"amenity=school","name":null,"levels":null,"lat":12.2396694,"lng":109.1931528,"osm_type":"node","osm_id":2070423530}},{"type":"Feature","geometry":{"type":"Point","coordinates":[109.277519,12.358958]},"properties":{"group":"public","tag":"leisure=playground","name":null,"levels":null,"lat":12.3589584,"lng":109.277519,"osm_type":"node","osm_id":2392409777}},{"type":"Feature","geometry":{"type":"Point","coordinates":[109.15327,12.267944]},"properties":{"group":"public","tag":"leisure=park","name":null,"levels":null,"lat":12.2679444,"lng":109.1532703,"osm_type":"node","osm_id":3832382223}},{"type":"Feature","geometry":{"type":"Point","coordinates":[109.186867,12.251099]},"properties":{"group":"mall","tag":"shop=department_store","name":"Shop Tự Lập","levels":null,"lat":12.251099,"lng":109.1868669,"osm_type":"node","osm_id":4234197790}},{"type":"Feature","geometry":{"type":"Point","coordinates":[109.1895,12.235656]},"properties":{"group":"public","tag":"leisure=playground","name":null,"levels":null,"lat":12.235656,"lng":109.1895,"osm_type":"node","osm_id":4336492890}},{"type":"Feature","geometry":{"type":"Point","coordinates":[109.168674,12.256052]},"properties":{"group":"public","tag":"leisure=park","name":"Công Viên KDT Vĩnh Điềm Trung A","levels":null,"lat":12.2560517,"lng":109.1686741,"osm_type":"node","osm_id":4360297544}},{"type":"Feature","geometry":{"type":"Point","coordinates":[109.193973,12.251819]},"properties":{"group":"edu_health","tag":"amenity=school","name":"iSchool","levels":null,"lat":12.2518195,"lng":109.1939733,"osm_type":"node","osm_id":4401175375}},{"type":"Feature","geometry":{"type":"Point","coordinates":[109.187023,12.248079]},"properties":{"group":"mall","tag":"shop=department_store","name":null,"levels":null,"lat":12.2480791,"lng":109.1870226,"osm_type":"node","osm_id":4465631990}},{"type":"Feature","geometry":{"type":"Point","coordinates":[108.956573,12.363881]},"properties":{"group":"mall","tag":"shop=department_store","name":"bách hóa phúc ngọc","levels":null,"lat":12.3638808,"lng":108.9565731,"osm_type":"node","osm_id":4560303092}},{"type":"Feature","geometry":{"type":"Point","coordinates":[109.225271,12.195065]},"properties":{"group":"public","tag":"leisure=playground","name":null,"levels":null,"lat":12.1950648,"lng":109.2252713,"osm_type":"node","osm_id":4653477847}},{"type":"Feature","geometry":{"type":"Point","coordinates":[108.993392,11.562571]},"properties":{"group":"edu_health","tag":"amenity=school","name":"học thêm","levels":null,"lat":11.5625709,"lng":108.993392,"osm_type":"node","osm_id":4688059790}},{"type":"Feature","geometry":{"type":"Point","coordinates":[108.993185,11.559766]},"properties":{"group":"edu_health","tag":"amenity=school","name":"học thêm","levels":null,"lat":11.559766,"lng":108.9931854,"osm_type":"node","osm_id":4688396723}},{"type":"Feature","geometry":{"type":"Point","coordinates":[109.188939,12.239576]},"properties":{"group":"edu_health","tag":"amenity=school","name":"Trường Trung học cơ sở Trần Quốc Toản","levels":null,"lat":12.2395755,"lng":109.1889393,"osm_type":"node","osm_id":4723987605}},{"type":"Feature","geometry":{"type":"Point","coordinates":[109.189763,12.238836]},"properties":{"group":"edu_health","tag":"amenity=school","name":"Trường Trung học cơ sở Trần Quốc Toản ( cơ sở 2 )","levels":null,"lat":12.2388361,"lng":109.1897635,"osm_type":"node","osm_id":4723988297}},{"type":"Feature","geometry":{"type":"Point","coordinates":[109.142541,12.506386]},"properties":{"group":"edu_health","tag":"amenity=school","name":"Trường ĐH Mở Thành phố Hồ Chí Minh","levels":null,"lat":12.5063858,"lng":109.142541,"osm_type":"node","osm_id":4843374524}},{"type":"Feature","geometry":{"type":"Point","coordinates":[109.137285,12.50917]},"properties":{"group":"edu_health","tag":"amenity=hospital","name":"Bệnh viện Đa Khoa KV Ninh Hoà","levels":null,"lat":12.50917,"lng":109.137285,"osm_type":"node","osm_id":4843374631}},{"type":"Feature","geometry":{"type":"Point","coordinates":[109.143086,12.507285]},"properties":{"group":"edu_health","tag":"amenity=school","name":"Trường ĐH Mở Thành phố Hồ Chí Minh","levels":null,"lat":12.5072849,"lng":109.1430856,"osm_type":"node","osm_id":4843375924}},{"type":"Feature","geometry":{"type":"Point","coordinates":[109.170607,12.190205]},"properties":{"group":"mall","tag":"shop=department_store","name":"Hoàng Xoan","levels":null,"lat":12.1902047,"lng":109.1706074,"osm_type":"node","osm_id":4858695222}},{"type":"Feature","geometry":{"type":"Point","coordinates":[109.16699,12.194106]},"properties":{"group":"mall","tag":"shop=department_store","name":"Quỳnh An","levels":null,"lat":12.1941064,"lng":109.1669896,"osm_type":"node","osm_id":4858695223}},{"type":"Feature","geometry":{"type":"Point","coordinates":[109.170541,12.190938]},"properties":{"group":"mall","tag":"shop=department_store","name":"Ngọc Lan Ngã ba phước đông","levels":null,"lat":12.1909378,"lng":109.1705406,"osm_type":"node","osm_id":4858695229}},{"type":"Feature","geometry":{"type":"Point","coordinates":[109.172913,12.193939]},"properties":{"group":"mall","tag":"shop=department_store","name":"Việt Mỹ đại lộ nguyễn tất thành phước đồng","levels":null,"lat":12.1939389,"lng":109.1729127,"osm_type":"node","osm_id":4858695230}},{"type":"Feature","geometry":{"type":"Point","coordinates":[109.198331,12.281506]},"properties":{"group":"mall","tag":"shop=department_store","name":"Căn tin trường học mai xuân thưởng- 20 đường số 3","levels":null,"lat":12.281506,"lng":109.1983307,"osm_type":"node","osm_id":4858695231}},{"type":"Feature","geometry":{"type":"Point","coordinates":[109.197272,12.282613]},"properties":{"group":"mall","tag":"shop=department_store","name":"Mini Mart 124 mai xuan thưởng","levels":null,"lat":12.2826134,"lng":109.1972723,"osm_type":"node","osm_id":4858695232}},{"type":"Feature","geometry":{"type":"Point","coordinates":[109.195566,12.282487]},"properties":{"group":"mall","tag":"shop=department_store","name":"TH trung thủy 42 mai xuân thưởng","levels":null,"lat":12.2824874,"lng":109.195566,"osm_type":"node","osm_id":4858695233}},{"type":"Feature","geometry":{"type":"Point","coordinates":[109.193516,12.281979]},"properties":{"group":"mall","tag":"shop=department_store","name":"TH cô diễm 265 đường 2/4","levels":null,"lat":12.281979,"lng":109.1935163,"osm_type":"node","osm_id":4858695234}},{"type":"Feature","geometry":{"type":"Point","coordinates":[109.19409,12.28714]},"properties":{"group":"mall","tag":"shop=department_store","name":"Thanh Thúy 25 Đặng Thái Thân","levels":null,"lat":12.2871397,"lng":109.19409,"osm_type":"node","osm_id":4858695235}},{"type":"Feature","geometry":{"type":"Point","coordinates":[109.193431,12.288011]},"properties":{"group":"mall","tag":"shop=department_store","name":"Thanh thanh 47 điện biên phủ","levels":null,"lat":12.2880106,"lng":109.1934308,"osm_type":"node","osm_id":4858695237}},{"type":"Feature","geometry":{"type":"Point","coordinates":[109.203803,12.288384]},"properties":{"group":"mall","tag":"shop=department_store","name":"Bánh ba lang- chợ ba làng","levels":null,"lat":12.2883836,"lng":109.2038031,"osm_type":"node","osm_id":4858695238}},{"type":"Feature","geometry":{"type":"Point","coordinates":[109.203407,12.286534]},"properties":{"group":"mall","tag":"shop=department_store","name":"Trúc linh 89 dương hiến quyền","levels":null,"lat":12.286534,"lng":109.2034068,"osm_type":"node","osm_id":4858695239}},{"type":"Feature","geometry":{"type":"Point","coordinates":[109.19855,12.282543]},"properties":{"group":"mall","tag":"shop=department_store","name":"Siẻu thị nguyễn huy 1 mai xuân thưởng","levels":null,"lat":12.282543,"lng":109.19855,"osm_type":"node","osm_id":4858695240}},{"type":"Feature","geometry":{"type":"Point","coordinates":[109.201845,12.282267]},"properties":{"group":"mall","tag":"shop=department_store","name":"Căn tin hà nội 2 mai xuân thưởng","levels":null,"lat":12.2822675,"lng":109.201845,"osm_type":"node","osm_id":4858695241}},{"type":"Feature","geometry":{"type":"Point","coordinates":[109.202039,12.280676]},"properties":{"group":"mall","tag":"shop=department_store","name":"TH Thu Hồng 2 phạm ngọc thạch","levels":null,"lat":12.2806761,"lng":109.2020388,"osm_type":"node","osm_id":4858695242}},{"type":"Feature","geometry":{"type":"Point","coordinates":[109.198778,12.280868]},"properties":{"group":"mall","tag":"shop=department_store","name":"TH Thương 97 phạm ngọc thạch","levels":null,"lat":12.2808678,"lng":109.1987779,"osm_type":"node","osm_id":4858695243}},{"type":"Feature","geometry":{"type":"Point","coordinates":[109.20868,12.212841]},"properties":{"group":"mall","tag":"shop=department_store","name":"TH cô lan 40/11 tô hiệu","levels":null,"lat":12.212841,"lng":109.2086801,"osm_type":"node","osm_id":4858695247}},{"type":"Feature","geometry":{"type":"Point","coordinates":[109.192277,12.218879]},"properties":{"group":"mall","tag":"shop=department_store","name":"Cô Liễu 57 Bửu Đóa","levels":null,"lat":12.2188786,"lng":109.1922769,"osm_type":"node","osm_id":4858695248}},{"type":"Feature","geometry":{"type":"Point","coordinates":[109.195021,12.208314]},"properties":{"group":"mall","tag":"shop=department_store","name":"Chị Nhã 89 chế lan viên Phước Long","levels":null,"lat":12.2083138,"lng":109.195021,"osm_type":"node","osm_id":4858695249}},{"type":"Feature","geometry":{"type":"Point","coordinates":[109.168718,12.184598]},"properties":{"group":"mall","tag":"shop=department_store","name":"Chị Hương- phước lộc phước đồng","levels":null,"lat":12.1845978,"lng":109.168718,"osm_type":"node","osm_id":4858695251}},{"type":"Feature","geometry":{"type":"Point","coordinates":[109.184712,12.171725]},"properties":{"group":"mall","tag":"shop=department_store","name":"Anh Đại sông lô phước đồng","levels":null,"lat":12.1717249,"lng":109.184712,"osm_type":"node","osm_id":4858695252}},{"type":"Feature","geometry":{"type":"Point","coordinates":[109.184618,12.171949]},"properties":{"group":"mall","tag":"shop=department_store","name":"Kho Báu sông lô phước đồng","levels":null,"lat":12.1719491,"lng":109.1846175,"osm_type":"node","osm_id":4858695253}},{"type":"Feature","geometry":{"type":"Point","coordinates":[109.191217,12.216917]},"properties":{"group":"mall","tag":"shop=department_store","name":"Lệ 31 Lý Nam Đế","levels":null,"lat":12.2169166,"lng":109.1912175,"osm_type":"node","osm_id":4858695254}},{"type":"Feature","geometry":{"type":"Point","coordinates":[109.191479,12.25414]},"properties":{"group":"mall","tag":"shop=department_store","name":"Thúy Phương","levels":null,"lat":12.2541395,"lng":109.1914787,"osm_type":"node","osm_id":4858700922}},{"type":"Feature","geometry":{"type":"Point","coordinates":[109.151807,12.219346]},"properties":{"group":"mall","tag":"shop=department_store","name":"Bích Ngọc Tổ 19 thôn đất lành vĩnh thái nha trang","levels":null,"lat":12.2193456,"lng":109.1518067,"osm_type":"node","osm_id":4858700925}},{"type":"Feature","geometry":{"type":"Point","coordinates":[109.145815,12.209638]},"properties":{"group":"mall","tag":"shop=department_store","name":"Cô Cảnh Thôn phước thượng xã phước đồng","levels":null,"lat":12.2096383,"lng":109.1458154,"osm_type":"node","osm_id":4858700926}},{"type":"Feature","geometry":{"type":"Point","coordinates":[109.196526,12.282438]},"properties":{"group":"mall","tag":"shop=department_store","name":"Nét 93-95 mai xuân thưởng","levels":null,"lat":12.2824384,"lng":109.1965259,"osm_type":"node","osm_id":4858700927}},{"type":"Feature","geometry":{"type":"Point","coordinates":[109.20538,12.290221]},"properties":{"group":"mall","tag":"shop=department_store","name":"TH Số 7 183 dương hiến quyền","levels":null,"lat":12.2902212,"lng":109.2053798,"osm_type":"node","osm_id":4858700928}},{"type":"Feature","geometry":{"type":"Point","coordinates":[109.20572,12.289935]},"properties":{"group":"mall","tag":"shop=department_store","name":"A Lớn 176 Dương hiến quyền","levels":null,"lat":12.2899347,"lng":109.2057205,"osm_type":"node","osm_id":4858700929}},{"type":"Feature","geometry":{"type":"Point","coordinates":[109.190882,12.215889]},"properties":{"group":"mall","tag":"shop=department_store","name":"Cửa hàng tự chọn 550 lê hồng phong","levels":null,"lat":12.2158892,"lng":109.1908819,"osm_type":"node","osm_id":4858700930}},{"type":"Feature","geometry":{"type":"Point","coordinates":[109.18136,12.172579]},"properties":{"group":"mall","tag":"shop=department_store","name":"Quang Thanh sông lô phước đông","levels":null,"lat":12.1725789,"lng":109.1813605,"osm_type":"node","osm_id":4858700936}},{"type":"Feature","geometry":{"type":"Point","coordinates":[109.181201,12.172883]},"properties":{"group":"mall","tag":"shop=department_store","name":"Bình Phương sông lô phước đồng","levels":null,"lat":12.1728834,"lng":109.1812013,"osm_type":"node","osm_id":4858700937}},{"type":"Feature","geometry":{"type":"Point","coordinates":[109.173372,12.180945]},"properties":{"group":"mall","tag":"shop=department_store","name":"Toàn Thiện phước trung phước đồng","levels":null,"lat":12.180945,"lng":109.1733725,"osm_type":"node","osm_id":4858700938}},{"type":"Feature","geometry":{"type":"Point","coordinates":[109.145995,12.20958]},"properties":{"group":"mall","tag":"shop=department_store","name":"Quang lan thôn phước thượng- phước đồng","levels":null,"lat":12.20958,"lng":109.1459946,"osm_type":"node","osm_id":4858701022}},{"type":"Feature","geometry":{"type":"Point","coordinates":[109.170117,12.188274]},"properties":{"group":"mall","tag":"shop=department_store","name":"Tám Hiền","levels":null,"lat":12.1882736,"lng":109.1701169,"osm_type":"node","osm_id":4858701023}},{"type":"Feature","geometry":{"type":"Point","coordinates":[109.170344,12.188591]},"properties":{"group":"mall","tag":"shop=department_store","name":"Nam Thư","levels":null,"lat":12.1885907,"lng":109.170344,"osm_type":"node","osm_id":4858701024}},{"type":"Feature","geometry":{"type":"Point","coordinates":[109.203431,12.284528]},"properties":{"group":"mall","tag":"shop=department_store","name":"TH 31 Dương hiên quyền","levels":null,"lat":12.2845276,"lng":109.2034315,"osm_type":"node","osm_id":4858701025}},{"type":"Feature","geometry":{"type":"Point","coordinates":[109.203437,12.286663]},"properties":{"group":"mall","tag":"shop=department_store","name":"TH Đào Hoa 84 Dương hiến quyền","levels":null,"lat":12.2866626,"lng":109.2034366,"osm_type":"node","osm_id":4858701026}},{"type":"Feature","geometry":{"type":"Point","coordinates":[109.194054,12.210335]},"properties":{"group":"mall","tag":"shop=department_store","name":"Cô trúc 121/28 phước long","levels":null,"lat":12.2103347,"lng":109.1940542,"osm_type":"node","osm_id":4858701031}},{"type":"Feature","geometry":{"type":"Point","coordinates":[109.20301,12.284014]},"properties":{"group":"mall","tag":"shop=department_store","name":"Nét Quyên 20 duong hiến quyền","levels":null,"lat":12.2840143,"lng":109.2030097,"osm_type":"node","osm_id":4858701321}},{"type":"Feature","geometry":{"type":"Point","coordinates":[109.184566,12.171656]},"properties":{"group":"mall","tag":"shop=department_store","name":"Xuân Đào sông lô Phước Đồng","levels":null,"lat":12.1716557,"lng":109.1845658,"osm_type":"node","osm_id":4858701322}},{"type":"Feature","geometry":{"type":"Point","coordinates":[109.181466,12.172877]},"properties":{"group":"mall","tag":"shop=department_store","name":"Thiên trang sông lô phước đồng","levels":null,"lat":12.1728771,"lng":109.1814656,"osm_type":"node","osm_id":4858701323}},{"type":"Feature","geometry":{"type":"Point","coordinates":[109.188334,12.216606]},"properties":{"group":"mall","tag":"shop=department_store","name":"Hạnh đường số 4 lô 14 khu đô thị phước long","levels":null,"lat":12.2166063,"lng":109.188334,"osm_type":"node","osm_id":4858775722}},{"type":"Feature","geometry":{"type":"Point","coordinates":[109.17079,12.19095]},"properties":{"group":"mall","tag":"shop=department_store","name":"Bánh kim ngân ngã ba phước đồng","levels":null,"lat":12.1909496,"lng":109.1707896,"osm_type":"node","osm_id":4858902422}},{"type":"Feature","geometry":{"type":"Point","coordinates":[109.169748,12.189219]},"properties":{"group":"mall","tag":"shop=department_store","name":"Tấn san Phước Đồng","levels":null,"lat":12.1892189,"lng":109.1697478,"osm_type":"node","osm_id":4858928448}},{"type":"Feature","geometry":{"type":"Point","coordinates":[109.169925,12.188554]},"properties":{"group":"mall","tag":"shop=department_store","name":"Tài lộc Phước đồng","levels":null,"lat":12.1885538,"lng":109.1699252,"osm_type":"node","osm_id":4858960721}},{"type":"Feature","geometry":{"type":"Point","coordinates":[109.190801,12.212673]},"properties":{"group":"mall","tag":"shop=department_store","name":"Tuyết lô 17 đại lộ nguyễn tất thành phước long","levels":null,"lat":12.2126729,"lng":109.1908011,"osm_type":"node","osm_id":4859041923}},{"type":"Feature","geometry":{"type":"Point","coordinates":[109.203474,12.22035]},"properties":{"group":"mall","tag":"shop=department_store","name":"Vi hân 1 hoàng diệu","levels":null,"lat":12.2203498,"lng":109.2034743,"osm_type":"node","osm_id":4860980321}},{"type":"Feature","geometry":{"type":"Point","coordinates":[109.169605,12.18931]},"properties":{"group":"mall","tag":"shop=department_store","name":"Thanh tâm phước đồng","levels":null,"lat":12.1893099,"lng":109.1696049,"osm_type":"node","osm_id":4863243821}},{"type":"Feature","geometry":{"type":"Point","coordinates":[109.165697,12.191529]},"properties":{"group":"mall","tag":"shop=department_store","name":"Linh Quyên Phước Tân","levels":null,"lat":12.191529,"lng":109.1656968,"osm_type":"node","osm_id":4863300721}},{"type":"Feature","geometry":{"type":"Point","coordinates":[109.212921,12.211476]},"properties":{"group":"mall","tag":"shop=department_store","name":"TH Hoa 106 trần phú","levels":null,"lat":12.2114762,"lng":109.2129209,"osm_type":"node","osm_id":4868926021}},{"type":"Feature","geometry":{"type":"Point","coordinates":[109.213509,12.209888]},"properties":{"group":"mall","tag":"shop=department_store","name":"TH tuyết 132/2 trần phú","levels":null,"lat":12.2098881,"lng":109.2135087,"osm_type":"node","osm_id":4868984625}},{"type":"Feature","geometry":{"type":"Point","coordinates":[109.212384,12.212115]},"properties":{"group":"mall","tag":"shop=department_store","name":"Bánh mì bảo 37 trần phú","levels":null,"lat":12.2121149,"lng":109.212384,"osm_type":"node","osm_id":4869326021}},{"type":"Feature","geometry":{"type":"Point","coordinates":[109.191763,12.246393]},"properties":{"group":"mall","tag":"shop=department_store","name":"Cơ sở kỳ nam 63/7 quang trung","levels":null,"lat":12.2463931,"lng":109.1917633,"osm_type":"node","osm_id":4871022421}},{"type":"Feature","geometry":{"type":"Point","coordinates":[109.190571,12.213899]},"properties":{"group":"mall","tag":"shop=department_store","name":"Siêu thị mini xanh mart khu đô thị phước long","levels":null,"lat":12.2138994,"lng":109.1905708,"osm_type":"node","osm_id":4873178621}},{"type":"Feature","geometry":{"type":"Point","coordinates":[109.194835,12.21341]},"properties":{"group":"mall","tag":"shop=department_store","name":"Trực dệt may vịnh nha trang","levels":null,"lat":12.2134098,"lng":109.1948353,"osm_type":"node","osm_id":4875346922}},{"type":"Feature","geometry":{"type":"Point","coordinates":[109.193027,12.21973]},"properties":{"group":"mall","tag":"shop=department_store","name":"Thủy 85 bửu đóa","levels":null,"lat":12.2197298,"lng":109.1930273,"osm_type":"node","osm_id":4877867722}},{"type":"Feature","geometry":{"type":"Point","coordinates":[109.193606,12.220053]},"properties":{"group":"mall","tag":"shop=department_store","name":"Cô hà 101 nguyễn thị định","levels":null,"lat":12.2200529,"lng":109.1936055,"osm_type":"node","osm_id":4877971821}},{"type":"Feature","geometry":{"type":"Point","coordinates":[108.910992,12.27414]},"properties":{"group":"edu_health","tag":"amenity=school","name":"trường mẫu giáo 2 tháng 8","levels":null,"lat":12.27414,"lng":108.9109924,"osm_type":"node","osm_id":4930672122}},{"type":"Feature","geometry":{"type":"Point","coordinates":[108.919444,12.281641]},"properties":{"group":"edu_health","tag":"amenity=school","name":"trường thcs thị trấn khánh vĩnh","levels":null,"lat":12.2816407,"lng":108.9194441,"osm_type":"node","osm_id":4930673723}},{"type":"Feature","geometry":{"type":"Point","coordinates":[108.910468,12.27546]},"properties":{"group":"edu_health","tag":"amenity=school","name":"trường mẫu giáo Sao Mai","levels":null,"lat":12.2754598,"lng":108.9104682,"osm_type":"node","osm_id":4930673724}},{"type":"Feature","geometry":{"type":"Point","coordinates":[108.909248,12.278493]},"properties":{"group":"edu_health","tag":"amenity=school","name":"Phòng giáo dục đào tạo Khánh Vĩnh","levels":null,"lat":12.2784935,"lng":108.9092482,"osm_type":"node","osm_id":4930673726}},{"type":"Feature","geometry":{"type":"Point","coordinates":[108.944751,12.282969]},"properties":{"group":"edu_health","tag":"amenity=school","name":"trường tiểu học Sông Cầu","levels":null,"lat":12.2829694,"lng":108.9447514,"osm_type":"node","osm_id":4930673727}},{"type":"Feature","geometry":{"type":"Point","coordinates":[109.192481,12.215576]},"properties":{"group":"mall","tag":"shop=department_store","name":"Công ty Hàn Quốc","levels":null,"lat":12.2155757,"lng":109.1924806,"osm_type":"node","osm_id":4984708623}},{"type":"Feature","geometry":{"type":"Point","coordinates":[109.205106,12.289605]},"properties":{"group":"public","tag":"leisure=playground","name":null,"levels":null,"lat":12.2896048,"lng":109.2051057,"osm_type":"node","osm_id":4995927421}},{"type":"Feature","geometry":{"type":"Point","coordinates":[109.180677,12.243631]},"properties":{"group":"mall","tag":"shop=department_store","name":"LẤY HÀNG YẾN SÀO","levels":null,"lat":12.2436308,"lng":109.1806766,"osm_type":"node","osm_id":5000983226}},{"type":"Feature","geometry":{"type":"Point","coordinates":[109.191291,12.247287]},"properties":{"group":"mall","tag":"shop=department_store","name":"Cửa hàng Thanh Hoa","levels":null,"lat":12.2472868,"lng":109.1912914,"osm_type":"node","osm_id":5028934223}},{"type":"Feature","geometry":{"type":"Point","coordinates":[109.188727,12.258039]},"properties":{"group":"mall","tag":"shop=department_store","name":null,"levels":null,"lat":12.2580391,"lng":109.1887268,"osm_type":"node","osm_id":5091121424}},{"type":"Feature","geometry":{"type":"Point","coordinates":[109.177688,12.253071]},"properties":{"group":"edu_health","tag":"amenity=hospital","name":null,"levels":null,"lat":12.2530712,"lng":109.1776875,"osm_type":"node","osm_id":5129911021}},{"type":"Feature","geometry":{"type":"Point","coordinates":[109.195397,12.237083]},"properties":{"group":"mall","tag":"shop=department_store","name":"cửa hàng 76 - Amart","levels":null,"lat":12.2370827,"lng":109.1953967,"osm_type":"node","osm_id":5301738126}},{"type":"Feature","geometry":{"type":"Point","coordinates":[108.766026,11.713845]},"properties":{"group":"edu_health","tag":"amenity=school","name":"Trường Trung học cơ sở Hoàng Hoa Thám","levels":null,"lat":11.7138453,"lng":108.766026,"osm_type":"node","osm_id":5371888021}},{"type":"Feature","geometry":{"type":"Point","coordinates":[108.84308,11.48257]},"properties":{"group":"edu_health","tag":"amenity=school","name":"Trường Trung học cơ sở Hoàng Hoa Thám","levels":null,"lat":11.4825704,"lng":108.84308,"osm_type":"node","osm_id":5374410521}},{"type":"Feature","geometry":{"type":"Point","coordinates":[108.903052,11.614408]},"properties":{"group":"edu_health","tag":"amenity=school","name":"Trường Trung học cơ sở Phan Bội Châu","levels":null,"lat":11.6144084,"lng":108.9030516,"osm_type":"node","osm_id":5377354921}},{"type":"Feature","geometry":{"type":"Point","coordinates":[108.887838,11.830209]},"properties":{"group":"edu_health","tag":"amenity=school","name":"Ptdt bán trú Tiểu Học Phước Đại A","levels":null,"lat":11.830209,"lng":108.8878379,"osm_type":"node","osm_id":5529508122}},{"type":"Feature","geometry":{"type":"Point","coordinates":[109.191288,12.247379]},"properties":{"group":"mall","tag":"shop=department_store","name":"Hà Phương","levels":null,"lat":12.2473792,"lng":109.1912885,"osm_type":"node","osm_id":5867479286}},{"type":"Feature","geometry":{"type":"Point","coordinates":[108.990166,11.564867]},"properties":{"group":"edu_health","tag":"amenity=school","name":"Sở GDĐT Ninh Thuận","levels":null,"lat":11.5648667,"lng":108.9901657,"osm_type":"node","osm_id":6054131386}},{"type":"Feature","geometry":{"type":"Point","coordinates":[109.036407,11.598221]},"properties":{"group":"mall","tag":"shop=department_store","name":"Tạp hóa THUÝ- Cây Da","levels":null,"lat":11.5982212,"lng":109.0364066,"osm_type":"node","osm_id":6172548788}},{"type":"Feature","geometry":{"type":"Point","coordinates":[109.153992,12.056551]},"properties":{"group":"public","tag":"amenity=community_centre","name":"Nhà thờ Hòa Yên","levels":null,"lat":12.0565505,"lng":109.1539915,"osm_type":"node","osm_id":6415407985}},{"type":"Feature","geometry":{"type":"Point","coordinates":[109.160523,12.055564]},"properties":{"group":"public","tag":"amenity=community_centre","name":"Chợ Cam Đức","levels":null,"lat":12.0555637,"lng":109.1605232,"osm_type":"node","osm_id":6415420087}},{"type":"Feature","geometry":{"type":"Point","coordinates":[109.157344,12.052406]},"properties":{"group":"public","tag":"amenity=community_centre","name":"Nhà thờ Hòa Nghĩa","levels":null,"lat":12.0524056,"lng":109.1573443,"osm_type":"node","osm_id":6415422885}},{"type":"Feature","geometry":{"type":"Point","coordinates":[109.205335,12.054682]},"properties":{"group":"public","tag":"amenity=community_centre","name":null,"levels":null,"lat":12.054682,"lng":109.2053354,"osm_type":"node","osm_id":6430907185}},{"type":"Feature","geometry":{"type":"Point","coordinates":[109.179018,12.213411]},"properties":{"group":"apartment","tag":"residential=apartments","name":"Căn hộ cho thuê An Bình/Apartment for Rent","levels":null,"lat":12.2134113,"lng":109.1790184,"osm_type":"node","osm_id":6441839231}},{"type":"Feature","geometry":{"type":"Point","coordinates":[108.992989,11.577123]},"properties":{"group":"edu_health","tag":"amenity=school","name":"Cơ Sở Ngoại Ngữ Ngọc Vân","levels":null,"lat":11.5771229,"lng":108.9929891,"osm_type":"node","osm_id":6442304637}},{"type":"Feature","geometry":{"type":"Point","coordinates":[108.993853,11.576592]},"properties":{"group":"edu_health","tag":"amenity=school","name":"Trường Tiểu Học Thanh Sơn","levels":null,"lat":11.5765921,"lng":108.9938527,"osm_type":"node","osm_id":6442318069}},{"type":"Feature","geometry":{"type":"Point","coordinates":[109.195639,12.240782]},"properties":{"group":"mall","tag":"shop=department_store","name":null,"levels":null,"lat":12.2407816,"lng":109.1956386,"osm_type":"node","osm_id":6717865285}},{"type":"Feature","geometry":{"type":"Point","coordinates":[109.151144,12.220744]},"properties":{"group":"public","tag":"leisure=park","name":"Công viên Khu Dân Cư Đất Lành","levels":null,"lat":12.2207438,"lng":109.1511438,"osm_type":"node","osm_id":7083412960}},{"type":"Feature","geometry":{"type":"Point","coordinates":[109.208874,12.197555]},"properties":{"group":"public","tag":"leisure=playground","name":null,"levels":null,"lat":12.1975553,"lng":109.2088745,"osm_type":"node","osm_id":8288565385}},{"type":"Feature","geometry":{"type":"Point","coordinates":[109.20746,12.045669]},"properties":{"group":"public","tag":"leisure=playground","name":null,"levels":null,"lat":12.0456686,"lng":109.2074604,"osm_type":"node","osm_id":9625994183}},{"type":"Feature","geometry":{"type":"Point","coordinates":[109.188314,12.252256]},"properties":{"group":"edu_health","tag":"amenity=hospital","name":"Prestige international polyclinic","levels":null,"lat":12.2522561,"lng":109.1883141,"osm_type":"node","osm_id":11252184737}},{"type":"Feature","geometry":{"type":"Point","coordinates":[109.029294,11.547875]},"properties":{"group":"edu_health","tag":"amenity=school","name":"Trường Tiểu học Đông Hải 2","levels":null,"lat":11.5478746,"lng":109.0292942,"osm_type":"node","osm_id":11528355839}},{"type":"Feature","geometry":{"type":"Point","coordinates":[109.193953,12.25496]},"properties":{"group":"edu_health","tag":"amenity=school","name":null,"levels":null,"lat":12.2549599,"lng":109.193953,"osm_type":"node","osm_id":11530209769}},{"type":"Feature","geometry":{"type":"Point","coordinates":[109.182963,12.262026]},"properties":{"group":"apartment","tag":"residential=apartments","name":"Phòng trọ","levels":null,"lat":12.262026,"lng":109.1829626,"osm_type":"node","osm_id":12373110316}},{"type":"Feature","geometry":{"type":"Point","coordinates":[109.199821,12.269166]},"properties":{"group":"mall","tag":"shop=department_store","name":"Tạp hóa Đăng Khoa","levels":null,"lat":12.2691661,"lng":109.1998212,"osm_type":"node","osm_id":12513737201}},{"type":"Feature","geometry":{"type":"Point","coordinates":[108.90822,12.27897]},"properties":{"group":"edu_health","tag":"amenity=school","name":null,"levels":null,"lat":12.2789701,"lng":108.9082205,"osm_type":"node","osm_id":12609368202}},{"type":"Feature","geometry":{"type":"Point","coordinates":[109.202421,12.218945]},"properties":{"group":"public","tag":"amenity=community_centre","name":null,"levels":null,"lat":12.2189448,"lng":109.202421,"osm_type":"node","osm_id":12614970701}},{"type":"Feature","geometry":{"type":"Point","coordinates":[109.195163,12.246363]},"properties":{"group":"edu_health","tag":"amenity=school","name":null,"levels":null,"lat":12.2463627,"lng":109.1951627,"osm_type":"node","osm_id":13469803693}},{"type":"Feature","geometry":{"type":"Point","coordinates":[108.905401,12.283788]},"properties":{"group":"public","tag":"leisure=park","name":"Công viên Thị trấn Khánh Vĩnh","levels":null,"lat":12.2837876,"lng":108.9054007,"osm_type":"node","osm_id":13516042450}},{"type":"Feature","geometry":{"type":"Point","coordinates":[109.192477,12.244769]},"properties":{"group":"edu_health","tag":"amenity=school","name":null,"levels":null,"lat":12.2447694,"lng":109.1924774,"osm_type":"node","osm_id":13619338983}},{"type":"Feature","geometry":{"type":"Point","coordinates":[109.107783,12.280297]},"properties":{"group":"public","tag":"amenity=community_centre","name":"Nhà Văn Hoá Thôn Đông 1 Xã Diên Điền","levels":null,"lat":12.2802974,"lng":109.1077827,"osm_type":"node","osm_id":14017167755}},{"type":"Feature","geometry":{"type":"Point","coordinates":[108.888025,12.296299]},"properties":{"group":"edu_health","tag":"amenity=hospital","name":"Trạm Y tế Khánh Nam","levels":null,"lat":12.2962989,"lng":108.888025,"osm_type":"node","osm_id":14019456504}}]}