{"type":"FeatureCollection","features":[{"type":"Feature","geometry":{"type":"Polygon","coordinates":[[[105.6571,20.7437],[105.6487,20.7927],[105.6332,20.7971],[105.6301,20.8165],[105.6415,20.8271],[105.6362,20.8379],[105.6189,20.8307],[105.5992,20.8411],[105.5826,20.8118],[105.5582,20.8099],[105.5623,20.821],[105.578,20.8259],[105.5869,20.8468],[105.5538,20.8896],[105.5598,20.9087],[105.582,20.9192],[105.5776,20.9297],[105.5135,20.9221],[105.4791,20.9471],[105.4463,20.9562],[105.4191,20.9967],[105.3953,21.0028],[105.3852,21.0228],[105.3554,21.0086],[105.3248,21.0187],[105.3187,21.0123],[105.3006,21.0286],[105.2953,21.0562],[105.3196,21.1098],[105.2888,21.165],[105.302,21.1925],[105.3457,21.2255],[105.3623,21.2829],[105.3917,21.3037],[105.4234,21.2929],[105.4433,21.2721],[105.446,21.2437],[105.4647,21.2151],[105.4697,21.1785],[105.4964,21.1585],[105.5216,21.1545],[105.6287,21.1697],[105.6243,21.181],[105.6313,21.1822],[105.6144,21.2059],[105.6392,21.2071],[105.636,21.2174],[105.659,21.221],[105.6457,21.2269],[105.647,21.2367],[105.6664,21.2392],[105.6757,21.2276],[105.6869,21.2349],[105.6893,21.2208],[105.6981,21.2169],[105.7375,21.2363],[105.7278,21.2452],[105.7247,21.2669],[105.7851,21.3429],[105.7952,21.3808],[105.8505,21.3765],[105.8606,21.3377],[105.8759,21.3277],[105.8985,21.3265],[105.8989,21.3059],[105.9257,21.2927],[105.9232,21.2698],[105.9385,21.2472],[105.9037,21.2262],[105.9154,21.2157],[105.9069,21.1929],[105.9224,21.1834],[105.9172,21.1677],[105.9259,21.1383],[105.9125,21.1277],[105.9157,21.1189],[105.9302,21.112],[105.941,21.085],[105.9576,21.0914],[105.9695,21.0719],[105.9996,21.0731],[106.0199,21.0455],[106.0035,21.0184],[106.0091,21.0091],[105.9622,20.9894],[105.9643,20.9634],[105.914,20.9737],[105.905,20.9536],[105.9124,20.9175],[105.8952,20.8979],[105.9361,20.862],[105.9119,20.834],[105.9214,20.7929],[105.9679,20.7731],[105.9641,20.7252],[105.9738,20.6996],[106.0014,20.7036],[105.9875,20.6812],[105.9584,20.6615],[105.9583,20.6506],[105.9447,20.6557],[105.9435,20.6817],[105.8963,20.6677],[105.8965,20.6525],[105.8804,20.6434],[105.857,20.6451],[105.8229,20.6648],[105.8332,20.6467],[105.8112,20.6292],[105.8105,20.6049],[105.7973,20.5731],[105.7696,20.5638],[105.7422,20.5973],[105.7069,20.6001],[105.6939,20.621],[105.6663,20.618],[105.6657,20.6291],[105.6861,20.6384],[105.6794,20.6677],[105.6737,20.6652],[105.6692,20.6791],[105.6816,20.6956],[105.6571,20.7437]]]},"properties":{"province_code":"01","province_name":"Thành phố Hà Nội","n_stations":710,"n_ports":7785,"ports_per_10k_pop":8.91,"population":8732930,"in_store":true}},{"type":"Feature","geometry":{"type":"Polygon","coordinates":[[[105.93,22.5265],[105.9079,22.4963],[105.8672,22.5187],[105.8042,22.5251],[105.7881,22.5467],[105.775,22.5512],[105.7771,22.5753],[105.7672,22.5871],[105.7509,22.5898],[105.7527,22.6081],[105.7284,22.6384],[105.7391,22.6428],[105.7735,22.6892],[105.7539,22.7063],[105.7583,22.7239],[105.7429,22.737],[105.7333,22.7407],[105.733,22.7281],[105.7202,22.7288],[105.717,22.7218],[105.7082,22.7275],[105.7021,22.7212],[105.665,22.7229],[105.6471,22.7008],[105.6154,22.6987],[105.5992,22.6666],[105.5808,22.6685],[105.5497,22.6568],[105.5386,22.634],[105.4966,22.6342],[105.4868,22.6765],[105.4991,22.702],[105.4761,22.7188],[105.471,22.7511],[105.3805,22.8109],[105.3493,22.819],[105.3178,22.8466],[105.2791,22.8575],[105.2668,22.8675],[105.2678,22.8793],[105.3041,22.8754],[105.3082,22.9127],[105.3628,22.9423],[105.3607,22.972],[105.3684,22.9865],[105.4877,23.009],[105.5309,23.1112],[105.5467,23.1095],[105.5633,23.1186],[105.5621,23.0869],[105.5783,23.07],[105.6047,23.0769],[105.6195,23.0674],[105.6436,23.0822],[105.676,23.0637],[105.7118,23.062],[105.7107,23.0715],[105.7285,23.0537],[105.7317,23.0368],[105.78,23.0228],[105.8035,22.991],[105.8228,22.9963],[105.8341,22.9907],[105.8399,22.9694],[105.8544,22.9695],[105.8456,22.9583],[105.8718,22.9331],[105.8759,22.9178],[105.8875,22.9204],[105.8894,22.9392],[105.9224,22.9465],[105.9496,22.9391],[105.9604,22.9509],[105.9965,22.9413],[106.0083,22.969],[106.0022,22.9915],[106.0644,22.9922],[106.0834,23.0006],[106.1003,22.9871],[106.1178,22.9854],[106.1448,22.9959],[106.17,22.9844],[106.2012,22.985],[106.2362,22.9537],[106.2349,22.9436],[106.2642,22.9115],[106.2498,22.8917],[106.2639,22.8839],[106.2594,22.8778],[106.279,22.8701],[106.2969,22.8748],[106.3098,22.8645],[106.3263,22.8743],[106.3496,22.8557],[106.3742,22.8837],[106.4142,22.8762],[106.4124,22.8888],[106.4214,22.8925],[106.4326,22.8839],[106.4486,22.9036],[106.4614,22.896],[106.4747,22.9094],[106.4866,22.9022],[106.4988,22.9064],[106.5008,22.9295],[106.5122,22.9463],[106.5232,22.9485],[106.5648,22.9205],[106.5895,22.9335],[106.602,22.9291],[106.6158,22.9016],[106.6513,22.8664],[106.6658,22.8766],[106.6685,22.8924],[106.7057,22.8883],[106.7173,22.8775],[106.7092,22.8658],[106.7687,22.8258],[106.7665,22.8118],[106.809,22.821],[106.8359,22.8047],[106.8178,22.7726],[106.786,22.767],[106.7875,22.7549],[106.765,22.7423],[106.7654,22.7197],[106.7793,22.7087],[106.7531,22.6965],[106.7568,22.675],[106.7418,22.6697],[106.7231,22.6395],[106.7288,22.6306],[106.7147,22.6152],[106.7294,22.6014],[106.7222,22.5872],[106.7083,22.579],[106.6941,22.5838],[106.6536,22.576],[106.6305,22.6048],[106.6089,22.6025],[106.6096,22.5814],[106.5816,22.5175],[106.5833,22.4743],[106.5762,22.4691],[106.5714,22.4754],[106.5594,22.4655],[106.5644,22.4232],[106.5364,22.4189],[106.519,22.3987],[106.4939,22.4022],[106.4829,22.3791],[106.489,22.3705],[106.4661,22.3596],[106.4267,22.3594],[106.3968,22.3724],[106.3776,22.3594],[106.3597,22.3585],[106.3432,22.3734],[106.3324,22.4112],[106.3139,22.4095],[106.2887,22.4269],[106.278,22.4468],[106.243,22.4597],[106.2159,22.4503],[106.1937,22.4166],[106.1854,22.3862],[106.1651,22.4087],[106.1391,22.3943],[106.1082,22.3997],[106.0947,22.4435],[106.1189,22.4725],[106.1191,22.5075],[106.1006,22.517],[106.0873,22.5523],[106.0744,22.5554],[106.0805,22.5732],[106.0665,22.5694],[106.0477,22.5778],[106.0328,22.5595],[105.9579,22.527],[105.93,22.5265]]]},"properties":{"province_code":"04","province_name":"Tỉnh Cao Bằng","n_stations":30,"n_ports":139,"ports_per_10k_pop":2.43,"population":573119,"in_store":true}},{"type":"Feature","geometry":{"type":"Polygon","coordinates":[[[104.8465,22.1847],[104.8186,22.1821],[104.8096,22.1716],[104.7594,22.1716],[104.7553,22.183],[104.7217,22.2089],[104.7291,22.2378],[104.7193,22.2597],[104.682,22.2619],[104.6707,22.2753],[104.6416,22.2778],[104.6112,22.2911],[104.5871,22.2663],[104.5862,22.2524],[104.5485,22.2436],[104.5453,22.2772],[104.579,22.3038],[104.5658,22.3316],[104.5811,22.3479],[104.5499,22.3568],[104.5491,22.3807],[104.4963,22.4058],[104.4875,22.4202],[104.4667,22.4252],[104.4532,22.4441],[104.4498,22.4603],[104.4736,22.4864],[104.4147,22.5326],[104.4263,22.5736],[104.466,22.5759],[104.4606,22.6103],[104.4302,22.6142],[104.4087,22.6386],[104.3904,22.6791],[104.3594,22.6739],[104.3376,22.6876],[104.3434,22.7136],[104.3524,22.6941],[104.3698,22.6887],[104.3864,22.7039],[104.3984,22.7016],[104.4236,22.7376],[104.5137,22.7898],[104.5274,22.8176],[104.5517,22.8339],[104.547,22.8395],[104.5702,22.8441],[104.5775,22.8536],[104.5972,22.8461],[104.6002,22.818],[104.6194,22.8224],[104.6237,22.8467],[104.629,22.8373],[104.6538,22.8345],[104.6718,22.8186],[104.6999,22.8265],[104.7325,22.8235],[104.7253,22.8513],[104.7558,22.859],[104.7732,22.9009],[104.8158,22.9219],[104.8386,22.9226],[104.8645,22.9465],[104.8597,22.977],[104.8368,22.9857],[104.8373,22.9968],[104.8291,22.9988],[104.8207,23.0535],[104.8139,23.0582],[104.817,23.0797],[104.8064,23.0837],[104.8022,23.1159],[104.8205,23.1181],[104.8262,23.1077],[104.8576,23.1287],[104.8759,23.126],[104.8818,23.1651],[104.8957,23.1793],[104.9169,23.1763],[104.9276,23.1577],[104.948,23.1512],[104.9473,23.1704],[104.9629,23.1989],[104.9968,23.2034],[105.0004,23.2144],[105.025,23.2197],[105.0798,23.2662],[105.1099,23.2461],[105.1551,23.2663],[105.1728,23.2893],[105.1824,23.2779],[105.1952,23.2807],[105.2116,23.2675],[105.2349,23.2628],[105.2422,23.2771],[105.2347,23.2887],[105.2456,23.2924],[105.2581,23.3168],[105.2514,23.3363],[105.2836,23.342],[105.2883,23.359],[105.3257,23.3918],[105.3501,23.3666],[105.3516,23.3454],[105.3702,23.3197],[105.4163,23.286],[105.4286,23.2908],[105.4291,23.3028],[105.4415,23.2997],[105.449,23.2806],[105.4911,23.2341],[105.4977,23.2043],[105.5242,23.1896],[105.552,23.1883],[105.5591,23.1708],[105.5747,23.1593],[105.5641,23.1433],[105.5633,23.1186],[105.5467,23.1095],[105.5309,23.1112],[105.4877,23.009],[105.3684,22.9865],[105.3607,22.972],[105.3628,22.9423],[105.3082,22.9127],[105.3041,22.8754],[105.2692,22.88],[105.2668,22.8675],[105.3178,22.8466],[105.3493,22.819],[105.3805,22.8109],[105.471,22.7511],[105.4761,22.7188],[105.4991,22.702],[105.4868,22.6765],[105.4966,22.6342],[105.5308,22.6331],[105.5294,22.6204],[105.5496,22.5842],[105.5646,22.564],[105.5824,22.5563],[105.5949,22.5346],[105.5958,22.4926],[105.566,22.4647],[105.5533,22.4388],[105.5525,22.4172],[105.5611,22.4041],[105.5217,22.4016],[105.5133,22.3503],[105.4996,22.3417],[105.4963,22.3194],[105.4802,22.3108],[105.4887,22.2931],[105.4626,22.2832],[105.47,22.2728],[105.465,22.2662],[105.4367,22.258],[105.4391,22.2319],[105.4315,22.2127],[105.4609,22.185],[105.4674,22.164],[105.4927,22.1565],[105.463,22.1144],[105.4732,22.0971],[105.4683,22.069],[105.488,22.0471],[105.5088,21.9923],[105.5564,21.9582],[105.5454,21.8953],[105.5199,21.8817],[105.5258,21.833],[105.4945,21.8271],[105.4963,21.773],[105.5239,21.7677],[105.5095,21.7469],[105.5166,21.7378],[105.4806,21.6981],[105.4875,21.6854],[105.4794,21.6745],[105.5039,21.6154],[105.5428,21.5751],[105.5223,21.5376],[105.4238,21.5018],[105.3711,21.5248],[105.3452,21.5175],[105.337,21.5044],[105.3198,21.513],[105.301,21.5094],[105.2941,21.5377],[105.2668,21.5464],[105.2734,21.562],[105.25,21.5827],[105.2486,21.6145],[105.2264,21.6259],[105.2348,21.6589],[105.2002,21.6647],[105.1726,21.6877],[105.1565,21.6826],[105.1493,21.6987],[105.1319,21.6988],[105.0761,21.7236],[105.0761,21.7353],[105.0587,21.7466],[105.0789,21.7654],[105.0755,21.781],[105.0878,21.8056],[105.1011,21.8125],[105.0452,21.8648],[105.0385,21.8896],[105.014,21.8984],[105.0221,21.9198],[105.0184,21.9345],[104.994,21.9302],[104.987,21.9371],[104.9983,21.984],[104.9903,21.999],[104.9984,22.0426],[104.9748,22.0407],[104.9642,22.0287],[104.9468,22.0366],[104.93,22.0612],[104.8794,22.0748],[104.865,22.0968],[104.8616,22.1479],[104.8465,22.1847]]]},"properties":{"province_code":"08","province_name":"Tỉnh Tuyên Quang","n_stations":101,"n_ports":531,"ports_per_10k_pop":2.86,"population":1858056,"in_store":true}},{"type":"Feature","geometry":{"type":"Polygon","coordinates":[[[102.9663,21.1004],[102.9416,21.1255],[102.9484,21.1412],[102.9372,21.1573],[102.9158,21.1592],[102.902,21.1697],[102.9103,21.2308],[102.8611,21.257],[102.824,21.2456],[102.8208,21.253],[102.8116,21.2511],[102.8082,21.2636],[102.8391,21.2826],[102.8413,21.2916],[102.8493,21.2903],[102.8524,21.2997],[102.8977,21.3083],[102.8916,21.3299],[102.8972,21.3822],[102.9399,21.4563],[102.9211,21.4563],[102.9049,21.4332],[102.8698,21.4287],[102.8856,21.4537],[102.8886,21.4764],[102.9071,21.4789],[102.9179,21.5052],[102.9599,21.5454],[102.9893,21.5906],[102.9806,21.6501],[102.988,21.6829],[102.9787,21.6948],[102.9889,21.709],[102.9873,21.72],[102.9695,21.7457],[102.9462,21.728],[102.8761,21.7053],[102.8587,21.7258],[102.8623,21.7645],[102.8516,21.8417],[102.8344,21.8459],[102.818,21.8406],[102.811,21.8257],[102.8194,21.7977],[102.8219,21.7334],[102.7446,21.6627],[102.6921,21.6632],[102.676,21.6558],[102.6464,21.7335],[102.6604,21.7919],[102.6491,21.8105],[102.6444,21.8567],[102.6122,21.8758],[102.6187,21.8991],[102.6119,21.9181],[102.5108,21.9677],[102.4871,22.0049],[102.5175,22.0222],[102.5194,22.0303],[102.4944,22.0371],[102.4421,22.0741],[102.446,22.0835],[102.4342,22.1154],[102.3862,22.1279],[102.3824,22.1499],[102.3586,22.1663],[102.3367,22.1661],[102.3327,22.191],[102.3225,22.201],[102.2795,22.2055],[102.2719,22.2368],[102.2403,22.2395],[102.2432,22.2532],[102.2306,22.2729],[102.2327,22.2838],[102.1764,22.3068],[102.1797,22.3212],[102.1958,22.3359],[102.1716,22.3443],[102.1635,22.3586],[102.1688,22.3741],[102.1434,22.4006],[102.1601,22.4296],[102.2358,22.4277],[102.2637,22.4154],[102.2669,22.4307],[102.2491,22.4604],[102.2756,22.4793],[102.2801,22.5026],[102.32,22.5477],[102.3389,22.5275],[102.3475,22.493],[102.3911,22.4611],[102.3968,22.4225],[102.3883,22.4076],[102.4517,22.3558],[102.519,22.2577],[102.5436,22.2431],[102.5619,22.2592],[102.5806,22.2595],[102.6177,22.2348],[102.6175,22.2009],[102.6414,22.1766],[102.675,22.1678],[102.6974,22.2092],[102.6856,22.2378],[102.6641,22.2563],[102.6766,22.2619],[102.6911,22.2489],[102.7263,22.2374],[102.7514,22.2103],[102.746,22.1786],[102.7369,22.1712],[102.7422,22.1351],[102.7735,22.1083],[102.7788,22.0882],[102.8198,22.0671],[102.8607,22.0596],[102.8684,22.0776],[102.8921,22.0758],[102.9253,22.0914],[102.926,22.1059],[102.9341,22.0923],[102.9306,22.0683],[102.9586,22.0514],[102.9665,22.0323],[102.9851,22.0272],[103.0069,22.053],[103.0413,22.0478],[103.0627,22.0619],[103.0953,22.0589],[103.0906,22.073],[103.1022,22.1005],[103.116,22.0975],[103.1425,22.0698],[103.1706,22.0811],[103.2806,22.0391],[103.2904,22.05],[103.2736,22.0742],[103.2862,22.1073],[103.3059,22.1164],[103.3317,22.1526],[103.3878,22.1559],[103.4233,22.0714],[103.4361,22.0559],[103.4547,22.0528],[103.4677,22.0309],[103.4554,22.006],[103.4764,21.9794],[103.504,21.9639],[103.5064,21.9561],[103.486,21.9386],[103.4796,21.9162],[103.4851,21.8942],[103.4936,21.8764],[103.5227,21.8612],[103.546,21.8009],[103.5413,21.7774],[103.5726,21.7365],[103.5967,21.6778],[103.5823,21.6849],[103.5709,21.6798],[103.5574,21.6562],[103.5428,21.6483],[103.5593,21.6236],[103.5315,21.5856],[103.5321,21.5665],[103.5191,21.5651],[103.5173,21.5353],[103.4595,21.518],[103.4486,21.489],[103.456,21.4613],[103.4475,21.4363],[103.4099,21.4266],[103.3935,21.4377],[103.3762,21.4281],[103.3421,21.4282],[103.3311,21.4166],[103.3617,21.3734],[103.3881,21.3676],[103.3693,21.333],[103.3987,21.317],[103.4282,21.3137],[103.44,21.2848],[103.4271,21.2528],[103.4372,21.1963],[103.4331,21.1689],[103.4261,21.1603],[103.4106,21.1642],[103.3976,21.15],[103.4234,21.0673],[103.3807,21.0609],[103.3383,21.0871],[103.2891,21.102],[103.2821,21.0903],[103.2883,21.0742],[103.2771,21.0568],[103.2886,21.0234],[103.2829,21.0002],[103.298,20.9708],[103.297,20.947],[103.2757,20.9373],[103.2866,20.9044],[103.2365,20.8939],[103.1674,20.915],[103.1527,20.9042],[103.1263,20.9083],[103.117,20.897],[103.1054,20.9333],[103.0843,20.9452],[103.0834,20.9673],[103.0322,21.0571],[102.9733,21.0689],[102.9624,21.0795],[102.9663,21.1004]]]},"properties":{"province_code":"11","province_name":"Tỉnh Điện Biên","n_stations":39,"n_ports":209,"ports_per_10k_pop":3.11,"population":673091,"in_store":true}},{"type":"Feature","geometry":{"type":"Polygon","coordinates":[[[103.3317,22.1526],[103.3059,22.1164],[103.2862,22.1073],[103.2735,22.0713],[103.2904,22.05],[103.2848,22.0398],[103.1706,22.0811],[103.1425,22.0698],[103.116,22.0975],[103.1022,22.1005],[103.0906,22.073],[103.0953,22.0589],[103.0627,22.0619],[103.0413,22.0478],[103.0069,22.053],[102.9851,22.0272],[102.9665,22.0323],[102.9586,22.0514],[102.9306,22.0683],[102.9341,22.0923],[102.926,22.1059],[102.9253,22.0914],[102.8921,22.0758],[102.8684,22.0776],[102.8607,22.0596],[102.8252,22.0644],[102.7788,22.0882],[102.7735,22.1083],[102.7422,22.1351],[102.7369,22.1712],[102.746,22.1786],[102.7514,22.2103],[102.7263,22.2374],[102.6911,22.2489],[102.6766,22.2619],[102.6641,22.2563],[102.6856,22.2378],[102.6974,22.2092],[102.675,22.1678],[102.6414,22.1766],[102.6175,22.2009],[102.6177,22.2348],[102.5806,22.2595],[102.5619,22.2592],[102.5436,22.2431],[102.519,22.2577],[102.4517,22.3558],[102.3883,22.4076],[102.3968,22.4225],[102.3911,22.4611],[102.3475,22.493],[102.3389,22.5275],[102.32,22.5477],[102.3225,22.5581],[102.3543,22.5668],[102.3477,22.5882],[102.3692,22.5937],[102.417,22.6378],[102.4017,22.6434],[102.3855,22.6732],[102.3867,22.685],[102.4121,22.6872],[102.4355,22.7027],[102.4448,22.7277],[102.456,22.7338],[102.4515,22.7508],[102.4593,22.7657],[102.4988,22.7801],[102.5473,22.7472],[102.5668,22.7055],[102.584,22.7076],[102.5866,22.7216],[102.6052,22.7339],[102.6562,22.6914],[102.6897,22.7044],[102.7075,22.695],[102.7097,22.6831],[102.7312,22.6685],[102.7476,22.668],[102.7626,22.6485],[102.7853,22.6449],[102.7879,22.6266],[102.8256,22.6265],[102.8431,22.6127],[102.8627,22.6094],[102.8772,22.5919],[102.8712,22.5759],[102.881,22.5682],[102.878,22.5594],[102.8939,22.5471],[102.8888,22.5372],[102.9081,22.5247],[102.9109,22.5098],[102.9223,22.5062],[102.9289,22.4839],[102.9862,22.4795],[102.9936,22.462],[103.0076,22.4615],[103.0302,22.443],[103.0568,22.4526],[103.0745,22.4486],[103.0805,22.4624],[103.0717,22.4902],[103.084,22.5113],[103.1165,22.5181],[103.1388,22.5411],[103.1584,22.5408],[103.1819,22.5574],[103.1586,22.596],[103.1875,22.6463],[103.2228,22.6485],[103.283,22.6847],[103.2865,22.7374],[103.318,22.7823],[103.3175,22.807],[103.3293,22.8112],[103.3733,22.7993],[103.4396,22.7536],[103.4411,22.7418],[103.4285,22.7339],[103.4313,22.7035],[103.4578,22.6821],[103.4569,22.6616],[103.4885,22.6197],[103.5287,22.5955],[103.5323,22.5865],[103.5721,22.5779],[103.5689,22.5638],[103.5826,22.5345],[103.5952,22.5262],[103.557,22.4647],[103.6246,22.398],[103.7289,22.4166],[103.7442,22.4097],[103.766,22.3856],[103.7681,22.3559],[103.7824,22.3386],[103.77,22.3324],[103.7628,22.313],[103.7934,22.2979],[103.8295,22.2654],[103.844,22.2241],[103.8723,22.1974],[103.8682,22.1794],[103.8893,22.1732],[103.9154,22.1453],[103.9375,22.1403],[103.9438,22.1075],[103.9387,22.0841],[103.9528,22.0618],[103.9531,22.027],[103.9643,22.0118],[103.9559,22.0004],[103.9852,21.9672],[103.9705,21.9579],[103.9445,21.9189],[103.9212,21.9303],[103.8927,21.919],[103.8881,21.8673],[103.9498,21.8023],[103.9663,21.77],[103.9644,21.7583],[103.9525,21.7532],[103.9528,21.7417],[103.9335,21.7447],[103.9176,21.7363],[103.9132,21.7172],[103.9234,21.7003],[103.9078,21.6955],[103.8826,21.7094],[103.8782,21.6865],[103.8535,21.6917],[103.8374,21.7093],[103.8351,21.741],[103.8047,21.7402],[103.7761,21.7787],[103.7551,21.783],[103.7565,21.8094],[103.7232,21.8086],[103.6968,21.8259],[103.696,21.8379],[103.7223,21.8789],[103.7057,21.8852],[103.7045,21.9034],[103.683,21.9224],[103.687,21.9428],[103.6666,21.9502],[103.6508,21.9932],[103.6342,21.9906],[103.6051,22.0107],[103.5416,22.0299],[103.5136,22.0143],[103.5131,21.9908],[103.4968,21.971],[103.4764,21.9794],[103.4538,22.0099],[103.4677,22.0309],[103.4547,22.0528],[103.4361,22.0559],[103.4233,22.0714],[103.3904,22.1552],[103.3317,22.1526]]]},"properties":{"province_code":"12","province_name":"Tỉnh Lai Châu","n_stations":24,"n_ports":88,"ports_per_10k_pop":1.72,"population":512601,"in_store":true}},{"type":"Feature","geometry":{"type":"Polygon","coordinates":[[[103.8001,20.8255],[103.7756,20.8051],[103.7869,20.7798],[103.7896,20.7471],[103.7285,20.7304],[103.7451,20.679],[103.7327,20.6693],[103.6871,20.6621],[103.6749,20.6698],[103.67,20.6959],[103.6486,20.699],[103.6381,20.7187],[103.6,20.7445],[103.5105,20.7544],[103.4828,20.7869],[103.4797,20.8106],[103.4622,20.8271],[103.4432,20.8163],[103.4381,20.7967],[103.414,20.7963],[103.3992,20.7829],[103.3647,20.8067],[103.3477,20.8044],[103.2977,20.8217],[103.2875,20.838],[103.2619,20.825],[103.2342,20.8375],[103.2262,20.8533],[103.2329,20.8748],[103.2152,20.8934],[103.2798,20.8987],[103.2885,20.9069],[103.2757,20.9373],[103.2979,20.9491],[103.297,20.9788],[103.2829,21.0002],[103.2877,21.0286],[103.2771,21.0568],[103.2888,21.0764],[103.2821,21.0903],[103.2867,21.1],[103.3233,21.0936],[103.3807,21.0609],[103.4241,21.0696],[103.3976,21.15],[103.4106,21.1642],[103.4261,21.1603],[103.4331,21.1689],[103.4372,21.1963],[103.4271,21.2528],[103.44,21.2848],[103.4282,21.3137],[103.3987,21.317],[103.3693,21.333],[103.3881,21.3676],[103.3617,21.3734],[103.3311,21.4166],[103.3421,21.4282],[103.3762,21.4281],[103.3935,21.4377],[103.4099,21.4266],[103.4475,21.4363],[103.456,21.4613],[103.4486,21.489],[103.4595,21.518],[103.5173,21.5353],[103.5191,21.5651],[103.5321,21.5665],[103.5315,21.5856],[103.5593,21.6236],[103.5428,21.6483],[103.5574,21.6562],[103.5709,21.6798],[103.5823,21.6849],[103.5967,21.6778],[103.5726,21.7365],[103.5413,21.7774],[103.5464,21.797],[103.5401,21.8268],[103.5282,21.8345],[103.5227,21.8612],[103.4936,21.8764],[103.4794,21.914],[103.486,21.9386],[103.5064,21.9561],[103.4968,21.971],[103.5131,21.9908],[103.5136,22.0143],[103.5416,22.0299],[103.6051,22.0107],[103.6342,21.9906],[103.6508,21.9932],[103.6666,21.9502],[103.687,21.9428],[103.683,21.9224],[103.7045,21.9034],[103.7057,21.8852],[103.7223,21.8789],[103.696,21.8379],[103.6968,21.8259],[103.7232,21.8086],[103.7565,21.8094],[103.7551,21.783],[103.7761,21.7787],[103.8047,21.7402],[103.8351,21.741],[103.8374,21.7093],[103.8535,21.6917],[103.8782,21.6865],[103.8826,21.7094],[103.9078,21.6955],[103.9234,21.7003],[103.9334,21.6944],[103.9378,21.6695],[103.9694,21.6646],[103.984,21.6773],[104.0085,21.6657],[104.0293,21.6715],[104.0902,21.6423],[104.1456,21.6552],[104.1961,21.6479],[104.2177,21.6724],[104.2521,21.6716],[104.299,21.6527],[104.3376,21.6529],[104.3387,21.6411],[104.3159,21.6165],[104.289,21.6015],[104.2969,21.5723],[104.2767,21.5505],[104.2937,21.5174],[104.2829,21.4709],[104.3015,21.4549],[104.3006,21.4372],[104.3199,21.4263],[104.3266,21.4106],[104.3404,21.4091],[104.3469,21.4184],[104.3682,21.3992],[104.3907,21.4009],[104.4167,21.3809],[104.4238,21.3582],[104.4755,21.3533],[104.5082,21.382],[104.5288,21.4125],[104.5793,21.4098],[104.5875,21.4228],[104.6405,21.3862],[104.674,21.3756],[104.6856,21.379],[104.6918,21.4006],[104.734,21.4049],[104.7487,21.3556],[104.7667,21.3469],[104.7709,21.3298],[104.814,21.3343],[104.82,21.3216],[104.8432,21.3085],[104.8416,21.2657],[104.8556,21.2358],[104.8447,21.2257],[104.8644,21.2063],[104.8518,21.1827],[104.859,21.1731],[104.8537,21.1515],[104.8953,21.1297],[104.9125,21.1119],[104.8762,21.0977],[104.8678,21.0762],[104.8537,21.0766],[104.8667,21.0322],[104.8802,21.0234],[104.9009,20.981],[104.9241,20.9614],[104.9424,20.9317],[104.9744,20.9083],[104.998,20.8697],[104.9976,20.8463],[105.0063,20.8407],[104.9978,20.8145],[105.033,20.7948],[105.0306,20.7736],[105.0166,20.7781],[104.9908,20.7544],[105.0098,20.7444],[105.017,20.7314],[105.0023,20.7231],[104.9836,20.7239],[104.9382,20.7462],[104.918,20.7432],[104.8869,20.76],[104.8673,20.7625],[104.8596,20.7537],[104.8447,20.7532],[104.8374,20.7463],[104.8377,20.7344],[104.8456,20.7304],[104.8392,20.717],[104.8497,20.7029],[104.8354,20.6974],[104.8369,20.6605],[104.8464,20.6509],[104.7989,20.6193],[104.7993,20.5856],[104.7415,20.574],[104.7156,20.6045],[104.6835,20.5979],[104.6831,20.6147],[104.6619,20.6253],[104.6363,20.6535],[104.635,20.6728],[104.5919,20.6771],[104.5846,20.7006],[104.559,20.7198],[104.5343,20.7168],[104.5215,20.702],[104.5083,20.7166],[104.4949,20.716],[104.4801,20.7698],[104.451,20.7822],[104.4477,20.7992],[104.4248,20.7934],[104.3857,20.8278],[104.3794,20.83],[104.3755,20.8216],[104.3373,20.8584],[104.3276,20.8573],[104.3301,20.8854],[104.2963,20.9089],[104.29,20.9234],[104.2686,20.9207],[104.2532,20.8998],[104.2396,20.9113],[104.2415,20.934],[104.1945,20.9469],[104.1885,20.9566],[104.1366,20.9478],[104.1198,20.9719],[104.1004,20.9765],[104.089,20.9638],[104.0543,20.9514],[104.0477,20.9162],[104.0327,20.9041],[103.9746,20.913],[103.9482,20.8958],[103.8929,20.9056],[103.8484,20.8623],[103.8217,20.8728],[103.8001,20.8482],[103.8001,20.8255]]]},"properties":{"province_code":"14","province_name":"Tỉnh Sơn La","n_stations":64,"n_ports":540,"ports_per_10k_pop":3.84,"population":1404587,"in_store":true}},{"type":"Feature","geometry":{"type":"Polygon","coordinates":[[[104.1611,21.6559],[104.0902,21.6423],[104.0293,21.6715],[104.0085,21.6657],[103.9818,21.6772],[103.9694,21.6646],[103.9365,21.6713],[103.9353,21.6919],[103.9137,21.7154],[103.9168,21.734],[103.9335,21.7447],[103.9528,21.7417],[103.9525,21.7532],[103.9644,21.7583],[103.9663,21.77],[103.9498,21.8023],[103.8895,21.8646],[103.8874,21.8983],[103.8927,21.919],[103.9212,21.9303],[103.9445,21.9189],[103.9705,21.9579],[103.9852,21.9672],[103.9559,22.0004],[103.9643,22.0118],[103.9531,22.027],[103.9528,22.0618],[103.9387,22.0841],[103.9438,22.1075],[103.9385,22.1383],[103.9154,22.1453],[103.8893,22.1732],[103.8682,22.1794],[103.8723,22.1974],[103.844,22.2241],[103.8295,22.2654],[103.7934,22.2979],[103.7628,22.313],[103.77,22.3324],[103.7824,22.3386],[103.7681,22.3559],[103.766,22.3856],[103.7442,22.4097],[103.7289,22.4166],[103.6246,22.398],[103.5555,22.4676],[103.5952,22.5262],[103.5826,22.5345],[103.5689,22.5638],[103.5721,22.5779],[103.5323,22.5865],[103.5287,22.5955],[103.579,22.6653],[103.5673,22.6835],[103.5654,22.7062],[103.6089,22.7561],[103.6205,22.7754],[103.6178,22.7849],[103.6309,22.7912],[103.638,22.7867],[103.6397,22.7974],[103.6608,22.7884],[103.6682,22.7713],[103.7388,22.7123],[103.7377,22.7024],[103.7526,22.6891],[103.768,22.69],[103.8213,22.6203],[103.8762,22.5653],[103.8916,22.569],[103.9156,22.5338],[103.9271,22.5397],[103.9584,22.5081],[103.9762,22.5069],[104.0118,22.5236],[104.0052,22.5394],[104.0151,22.5439],[104.01,22.5623],[104.0165,22.5645],[104.0056,22.5759],[104.0138,22.5784],[104.0197,22.5958],[104.0397,22.6778],[104.0281,22.6929],[104.0425,22.7281],[104.0889,22.7722],[104.099,22.7955],[104.1171,22.8114],[104.138,22.8059],[104.1652,22.8224],[104.22,22.8287],[104.2411,22.8439],[104.2672,22.8402],[104.2717,22.8288],[104.2567,22.7808],[104.2697,22.742],[104.3292,22.7269],[104.3434,22.7136],[104.3376,22.6876],[104.3594,22.6739],[104.3904,22.6791],[104.4087,22.6386],[104.4302,22.6142],[104.4606,22.6103],[104.466,22.5759],[104.4263,22.5736],[104.4147,22.5311],[104.4736,22.4864],[104.449,22.4576],[104.4667,22.4252],[104.4875,22.4202],[104.4963,22.4058],[104.5491,22.3807],[104.5499,22.3568],[104.5811,22.3479],[104.5658,22.3316],[104.579,22.3038],[104.5453,22.2772],[104.5485,22.2436],[104.5862,22.2524],[104.5871,22.2663],[104.6112,22.2911],[104.6416,22.2778],[104.6707,22.2753],[104.682,22.2619],[104.7193,22.2597],[104.7291,22.2378],[104.7217,22.2089],[104.7553,22.183],[104.7594,22.1716],[104.8096,22.1716],[104.8186,22.1821],[104.8477,22.1855],[104.8616,22.1479],[104.865,22.0968],[104.8794,22.0748],[104.93,22.0612],[104.9468,22.0366],[104.9642,22.0287],[104.9748,22.0407],[104.9984,22.0426],[104.9903,21.999],[104.9983,21.984],[104.987,21.9371],[104.994,21.9302],[105.0184,21.9345],[105.0221,21.9198],[105.014,21.8984],[105.0385,21.8896],[105.0452,21.8648],[105.1011,21.8125],[105.0878,21.8056],[105.0755,21.781],[105.0789,21.7654],[105.0583,21.7447],[105.0761,21.7353],[105.0761,21.7236],[105.0906,21.7138],[105.0864,21.7033],[105.0968,21.698],[105.0983,21.6806],[105.0531,21.6886],[105.0347,21.6999],[105.0203,21.6883],[105.0019,21.691],[104.9986,21.6794],[104.9795,21.6728],[104.986,21.6636],[104.9728,21.6476],[104.9549,21.6612],[104.9331,21.6417],[104.909,21.6335],[104.9068,21.6095],[104.8884,21.6115],[104.9029,21.5706],[104.8703,21.554],[104.868,21.5457],[104.8838,21.5251],[104.8856,21.4986],[104.9128,21.4382],[104.9064,21.4136],[104.8824,21.383],[104.9002,21.3529],[104.8891,21.3424],[104.8586,21.3661],[104.854,21.352],[104.8455,21.3504],[104.8483,21.3389],[104.7739,21.3277],[104.7667,21.3469],[104.7487,21.3556],[104.734,21.4049],[104.6918,21.4006],[104.6856,21.379],[104.674,21.3756],[104.6405,21.3862],[104.5875,21.4228],[104.5793,21.4098],[104.5288,21.4125],[104.5082,21.382],[104.4755,21.3533],[104.4314,21.3548],[104.421,21.3605],[104.4167,21.3809],[104.3907,21.4009],[104.3682,21.3992],[104.3469,21.4184],[104.3404,21.4091],[104.3266,21.4106],[104.3199,21.4263],[104.3006,21.4372],[104.3015,21.4549],[104.2829,21.4709],[104.2937,21.5174],[104.2767,21.5505],[104.2969,21.5723],[104.289,21.6015],[104.3159,21.6165],[104.3387,21.6411],[104.3376,21.6529],[104.299,21.6527],[104.2521,21.6716],[104.2255,21.6725],[104.2131,21.6709],[104.1923,21.647],[104.1611,21.6559]]]},"properties":{"province_code":"15","province_name":"Tỉnh Lào Cai","n_stations":87,"n_ports":639,"ports_per_10k_pop":3.61,"population":1770645,"in_store":true}},{"type":"Feature","geometry":{"type":"Polygon","coordinates":[[[105.6477,21.4649],[105.601,21.5267],[105.5141,21.6],[105.4794,21.6745],[105.4875,21.6854],[105.4806,21.6981],[105.5166,21.7378],[105.5095,21.7469],[105.5239,21.7677],[105.4963,21.773],[105.4945,21.8271],[105.5258,21.833],[105.5199,21.8817],[105.5454,21.8953],[105.5564,21.9582],[105.5088,21.9923],[105.488,22.0471],[105.4683,22.069],[105.4732,22.0971],[105.463,22.1144],[105.4927,22.1565],[105.4674,22.164],[105.4609,22.185],[105.4315,22.2127],[105.4391,22.2319],[105.4367,22.258],[105.465,22.2662],[105.47,22.2728],[105.4626,22.2832],[105.4887,22.2931],[105.4802,22.3108],[105.4963,22.3194],[105.4996,22.3417],[105.5133,22.3503],[105.5217,22.4016],[105.5611,22.4041],[105.5525,22.4172],[105.5533,22.4388],[105.566,22.4647],[105.5958,22.4926],[105.5949,22.5346],[105.5824,22.5563],[105.5646,22.564],[105.5496,22.5842],[105.5294,22.6204],[105.5308,22.6331],[105.5412,22.6367],[105.5497,22.6568],[105.5808,22.6685],[105.5992,22.6666],[105.5998,22.6781],[105.6187,22.7007],[105.6471,22.7008],[105.6699,22.7245],[105.7268,22.7241],[105.7353,22.7318],[105.7333,22.7407],[105.7583,22.7239],[105.7539,22.7063],[105.7735,22.6892],[105.7287,22.6365],[105.7527,22.6081],[105.7509,22.5898],[105.7672,22.5871],[105.7771,22.5753],[105.775,22.5512],[105.7881,22.5467],[105.8042,22.5251],[105.8672,22.5187],[105.9111,22.4963],[105.93,22.5265],[105.9579,22.527],[106.0328,22.5595],[106.0477,22.5778],[106.0665,22.5694],[106.0805,22.5732],[106.0744,22.5554],[106.0873,22.5523],[106.1006,22.517],[106.1191,22.5075],[106.1189,22.4725],[106.095,22.4452],[106.0996,22.4129],[106.1093,22.3992],[106.1391,22.3943],[106.1659,22.4085],[106.1899,22.3773],[106.2182,22.3565],[106.1996,22.3107],[106.2119,22.2907],[106.2219,22.2898],[106.2452,22.2665],[106.2371,22.2216],[106.2212,22.2042],[106.233,22.1768],[106.1905,22.1423],[106.1815,22.129],[106.1856,22.1184],[106.1697,22.1115],[106.1572,22.0822],[106.1228,22.0853],[106.1144,22.0712],[106.0983,22.0663],[106.102,22.0455],[106.0961,22.0326],[106.1088,22.0215],[106.1147,21.9924],[106.1126,21.9632],[106.0984,21.9569],[106.1104,21.9473],[106.0978,21.9382],[106.1321,21.9173],[106.1276,21.8997],[106.1139,21.8905],[106.1113,21.8515],[106.1179,21.8424],[106.0956,21.8201],[106.1132,21.7838],[106.135,21.7852],[106.1507,21.761],[106.1974,21.7351],[106.2337,21.7285],[106.2379,21.7169],[106.2251,21.6793],[106.1924,21.6478],[106.1976,21.6201],[106.1861,21.6052],[106.1605,21.6258],[106.1257,21.6165],[106.0972,21.6244],[106.0575,21.6012],[106.0305,21.562],[106.0563,21.5518],[106.0434,21.518],[106.0466,21.4795],[106.0409,21.4717],[106.0514,21.4509],[106.0264,21.4336],[106.035,21.4095],[106.0213,21.3962],[105.9762,21.4167],[105.9615,21.4354],[105.9433,21.3769],[105.9102,21.3747],[105.9009,21.3439],[105.887,21.3456],[105.882,21.3386],[105.8904,21.3257],[105.8606,21.3377],[105.8505,21.3765],[105.799,21.383],[105.7848,21.3606],[105.7774,21.3608],[105.7603,21.3801],[105.7653,21.3943],[105.7557,21.4118],[105.7267,21.4112],[105.7238,21.4321],[105.7115,21.4315],[105.6724,21.4589],[105.6477,21.4649]]]},"properties":{"province_code":"19","province_name":"Tỉnh Thái Nguyên","n_stations":136,"n_ports":1973,"ports_per_10k_pop":10.96,"population":1799489,"in_store":true}},{"type":"Feature","geometry":{"type":"Polygon","coordinates":[[[106.4378,21.4422],[106.4053,21.4266],[106.415,21.416],[106.4127,21.406],[106.3774,21.3944],[106.3395,21.3996],[106.3239,21.4115],[106.3291,21.4461],[106.3103,21.4518],[106.3017,21.4421],[106.2842,21.4516],[106.2865,21.4905],[106.2425,21.4863],[106.2373,21.4943],[106.1709,21.5112],[106.1695,21.5946],[106.1968,21.618],[106.1924,21.6478],[106.2251,21.6793],[106.2377,21.7203],[106.2298,21.7304],[106.2162,21.7278],[106.1507,21.761],[106.135,21.7852],[106.1132,21.7838],[106.0956,21.8201],[106.1179,21.8424],[106.1113,21.8515],[106.1139,21.8905],[106.1276,21.8997],[106.1321,21.9173],[106.0978,21.9382],[106.1104,21.9473],[106.0984,21.9569],[106.1126,21.9632],[106.1147,21.9924],[106.1088,22.0215],[106.0961,22.0326],[106.102,22.0455],[106.0983,22.0663],[106.1144,22.0712],[106.1228,22.0853],[106.1572,22.0822],[106.1697,22.1115],[106.1856,22.1184],[106.1815,22.129],[106.1905,22.1423],[106.233,22.1768],[106.2212,22.2042],[106.2371,22.2216],[106.2452,22.2665],[106.2018,22.3054],[106.2014,22.3215],[106.2198,22.3502],[106.1854,22.3862],[106.1937,22.4166],[106.2159,22.4503],[106.2393,22.4599],[106.278,22.4468],[106.2887,22.4269],[106.3139,22.4095],[106.3324,22.4112],[106.3432,22.3734],[106.3618,22.3579],[106.3968,22.3724],[106.4267,22.3594],[106.4661,22.3596],[106.489,22.3705],[106.4829,22.3791],[106.4939,22.4022],[106.519,22.3987],[106.5364,22.4189],[106.5644,22.4232],[106.5862,22.3897],[106.58,22.3719],[106.5617,22.3643],[106.5608,22.3473],[106.619,22.3331],[106.6498,22.3392],[106.6588,22.3337],[106.6674,22.3084],[106.6675,22.2851],[106.6905,22.2791],[106.685,22.2652],[106.7016,22.2196],[106.6954,22.2059],[106.6807,22.2048],[106.6708,22.1843],[106.6864,22.1648],[106.706,22.1599],[106.69,22.1375],[106.6956,22.1105],[106.7126,22.0956],[106.6973,22.054],[106.7077,22.0248],[106.683,22.0022],[106.6843,21.9832],[106.6947,21.9728],[106.6913,21.9646],[106.6992,21.9607],[106.7081,21.974],[106.7192,21.974],[106.7382,22.0074],[106.7651,22.0127],[106.7853,22.0024],[106.7883,21.9902],[106.796,21.9928],[106.8097,21.9743],[106.8327,21.975],[106.8357,21.9839],[106.9179,21.9752],[106.9308,21.9306],[106.9513,21.9313],[106.9612,21.9201],[106.9782,21.9264],[106.9908,21.9506],[107.0203,21.9454],[107.0488,21.9281],[107.0633,21.8949],[107.0059,21.8482],[107.0097,21.8273],[107.0422,21.8128],[107.0836,21.8088],[107.1118,21.7936],[107.1399,21.763],[107.1864,21.7462],[107.1984,21.7209],[107.2223,21.708],[107.2476,21.706],[107.2617,21.727],[107.3025,21.7417],[107.357,21.6688],[107.3646,21.6422],[107.3547,21.6284],[107.3587,21.5956],[107.3361,21.5882],[107.2953,21.5933],[107.2808,21.5654],[107.2585,21.5632],[107.246,21.5488],[107.2212,21.5536],[107.2051,21.5421],[107.2232,21.5196],[107.2329,21.5201],[107.246,21.4822],[107.2396,21.4614],[107.2444,21.4356],[107.2645,21.3996],[107.2527,21.3674],[107.2403,21.3652],[107.2169,21.3886],[107.1698,21.3634],[107.0989,21.3755],[107.0952,21.3589],[107.0785,21.3469],[107.0601,21.3458],[107.0507,21.3304],[107.0318,21.3233],[107.0151,21.3439],[106.9894,21.3586],[106.986,21.4008],[107.0035,21.4213],[106.9877,21.4391],[106.9685,21.4356],[106.9547,21.4234],[106.9435,21.4347],[106.9324,21.4299],[106.9275,21.4392],[106.9107,21.4314],[106.8915,21.4529],[106.9015,21.4707],[106.8866,21.4923],[106.843,21.4948],[106.8398,21.5121],[106.8654,21.5317],[106.844,21.5582],[106.8021,21.5608],[106.784,21.5763],[106.7612,21.5713],[106.7572,21.5435],[106.7437,21.5411],[106.7,21.5722],[106.7023,21.5927],[106.6697,21.6069],[106.6341,21.6015],[106.6148,21.6073],[106.556,21.593],[106.528,21.5595],[106.5221,21.5357],[106.5085,21.5254],[106.5195,21.4982],[106.4944,21.482],[106.4827,21.4497],[106.4651,21.4367],[106.4378,21.4422]]]},"properties":{"province_code":"20","province_name":"Tỉnh Lạng Sơn","n_stations":40,"n_ports":319,"ports_per_10k_pop":3.62,"population":881384,"in_store":true}},{"type":"Feature","geometry":{"type":"MultiPolygon","coordinates":[[[[106.9123,20.8509],[106.9174,20.8541],[106.9091,20.8403],[106.9123,20.8509]]],[[[107.0539,20.8469],[107.0451,20.8527],[107.0434,20.8574],[107.0535,20.8554],[107.0539,20.8469]]],[[[106.8872,20.872],[106.8965,20.8615],[106.8971,20.8448],[106.8776,20.8502],[106.8872,20.872]]],[[[107.0506,20.863],[107.0501,20.8606],[107.0481,20.8626],[107.0506,20.863]]],[[[107.0071,20.863],[107.0083,20.8634],[107.0076,20.8622],[107.0071,20.863]]],[[[107.0517,20.8635],[107.0533,20.8637],[107.0526,20.8626],[107.0517,20.8635]]],[[[107.0353,20.8637],[107.0369,20.8639],[107.037,20.863],[107.0353,20.8637]]],[[[107.02,20.8654],[107.0215,20.8654],[107.0219,20.8647],[107.02,20.8654]]],[[[106.9947,20.8648],[106.9964,20.8687],[106.9977,20.864],[106.9947,20.8648]]],[[[107.034,20.8657],[107.0327,20.8669],[107.0324,20.8688],[107.034,20.8657]]],[[[107.0496,20.8657],[107.0487,20.8683],[107.0496,20.8683],[107.0496,20.8657]]],[[[107.0273,20.8685],[107.0266,20.8649],[107.0248,20.8691],[107.0273,20.8685]]],[[[107.037,20.8668],[107.0384,20.8674],[107.0376,20.8664],[107.037,20.8668]]],[[[106.8527,20.869],[106.8645,20.8557],[106.8705,20.8324],[106.8565,20.8353],[106.8363,20.8127],[106.8234,20.8294],[106.7849,20.836],[106.7616,20.8531],[106.7532,20.8842],[106.7708,20.9153],[106.769,20.9676],[106.7517,20.9939],[106.6988,21.001],[106.6533,21.0189],[106.624,21.0119],[106.5764,21.0567],[106.5157,21.046],[106.5177,21.0597],[106.5013,21.0572],[106.4795,21.0695],[106.4557,21.0654],[106.4441,21.076],[106.4492,21.097],[106.4391,21.1068],[106.4416,21.1163],[106.4695,21.1179],[106.4845,21.1301],[106.4799,21.1471],[106.4962,21.1851],[106.5014,21.2254],[106.5285,21.222],[106.5436,21.192],[106.5812,21.1913],[106.5896,21.1787],[106.6048,21.1793],[106.611,21.1713],[106.6448,21.1759],[106.7943,21.1496],[106.8301,21.1544],[106.8268,21.1887],[106.8564,21.1883],[106.8606,21.1771],[106.8715,21.1743],[106.8833,21.1835],[106.915,21.184],[106.9377,21.1701],[106.9768,21.2271],[106.985,21.2581],[106.9748,21.2856],[107.0201,21.3005],[107.0322,21.3128],[107.0318,21.3233],[107.0507,21.3304],[107.0601,21.3458],[107.0785,21.3469],[107.0952,21.3589],[107.0989,21.3755],[107.1698,21.3634],[107.2169,21.3886],[107.2403,21.3652],[107.254,21.3687],[107.2645,21.3996],[107.2444,21.4356],[107.2396,21.4614],[107.246,21.4822],[107.2329,21.5201],[107.2232,21.5196],[107.2058,21.5434],[107.2212,21.5536],[107.246,21.5488],[107.2585,21.5632],[107.2808,21.5654],[107.2953,21.5933],[107.3361,21.5882],[107.3625,21.6007],[107.3826,21.5961],[107.4186,21.641],[107.4621,21.6637],[107.4816,21.6578],[107.4849,21.6286],[107.4974,21.6148],[107.4877,21.5997],[107.5248,21.5902],[107.5437,21.5906],[107.5594,21.6127],[107.5756,21.618],[107.6015,21.6036],[107.6762,21.6094],[107.7794,21.6484],[107.7846,21.6562],[107.8159,21.6579],[107.8402,21.642],[107.8592,21.6539],[107.888,21.6257],[107.8903,21.615],[107.8829,21.6097],[107.8923,21.6054],[107.8905,21.5987],[107.9014,21.587],[107.9248,21.589],[107.9431,21.5694],[107.9552,21.5378],[108.0057,21.5486],[108.0457,21.5392],[108.0484,21.5252],[108.0317,21.5309],[108.0404,21.5166],[108.0203,21.5118],[108.0448,21.5073],[108.0197,21.4884],[108.0626,21.495],[108.0872,21.4863],[108.021,21.4769],[107.9689,21.4332],[107.969,21.4478],[107.9905,21.4775],[107.9841,21.4808],[107.9798,21.4711],[107.9742,21.4882],[107.9644,21.4925],[107.9658,21.474],[107.9572,21.4719],[107.9488,21.4498],[107.9468,21.4635],[107.9394,21.4559],[107.9262,21.4707],[107.9381,21.4764],[107.9485,21.4965],[107.9391,21.5036],[107.9244,21.5015],[107.9149,21.5239],[107.9032,21.5192],[107.8957,21.529],[107.8886,21.5271],[107.8852,21.5137],[107.893,21.5127],[107.8865,21.5057],[107.8684,21.5112],[107.8586,21.5282],[107.8408,21.5028],[107.8319,21.5122],[107.8368,21.5251],[107.8246,21.5153],[107.8172,21.5203],[107.8107,21.5107],[107.7755,21.5225],[107.755,21.5071],[107.7595,21.5016],[107.7752,21.5061],[107.7991,21.4771],[107.7618,21.446],[107.7621,21.4358],[107.7532,21.4316],[107.7536,21.4038],[107.7296,21.4009],[107.7265,21.4101],[107.7101,21.403],[107.7027,21.4102],[107.682,21.4029],[107.6774,21.4158],[107.6711,21.4141],[107.6623,21.3965],[107.6727,21.3812],[107.6385,21.3796],[107.6348,21.3464],[107.6276,21.3356],[107.6168,21.3346],[107.5985,21.3071],[107.6046,21.2963],[107.5679,21.3126],[107.5541,21.3115],[107.5363,21.3371],[107.509,21.3085],[107.5095,21.3002],[107.4537,21.3155],[107.4401,21.2999],[107.4514,21.2819],[107.4283,21.2883],[107.4209,21.2864],[107.4203,21.2682],[107.4057,21.2844],[107.3666,21.2614],[107.3656,21.1931],[107.3693,21.1748],[107.3848,21.1752],[107.3809,21.1492],[107.3886,21.1294],[107.3725,21.0994],[107.366,21.1079],[107.359,21.1041],[107.3772,21.0857],[107.3555,21.0758],[107.3666,21.0653],[107.3639,21.0388],[107.3722,21.0263],[107.3558,21.0006],[107.3366,20.9903],[107.311,20.9986],[107.299,20.9962],[107.3024,20.9907],[107.272,21.0007],[107.2511,20.9977],[107.2424,20.9825],[107.2368,20.9829],[107.2277,20.9797],[107.2028,20.962],[107.1933,20.9442],[107.2009,20.9354],[107.1515,20.9388],[107.1644,20.935],[107.158,20.9277],[107.1448,20.9327],[107.1445,20.9423],[107.1211,20.9369],[107.096,20.9482],[107.0857,20.9493],[107.0341,20.9408],[106.9855,20.9561],[106.9781,20.9495],[106.9587,20.951],[106.9413,20.9342],[106.9269,20.9429],[106.9217,20.9653],[106.8984,20.9705],[106.888,20.9915],[106.8791,20.9796],[106.8872,20.9687],[106.879,20.9642],[106.8899,20.9647],[106.8897,20.9539],[106.9156,20.9465],[106.9474,20.9087],[106.8968,20.9032],[106.8975,20.9139],[106.8829,20.9304],[106.8907,20.9132],[106.8811,20.893],[106.8728,20.8917],[106.87,20.8732],[106.8527,20.869]]],[[[107.0006,20.8683],[107.0011,20.8698],[107.0021,20.8686],[107.0006,20.8683]]],[[[107.0563,20.868],[107.0549,20.87],[107.0558,20.8706],[107.0563,20.868]]],[[[107.037,20.8694],[107.0353,20.8704],[107.037,20.8703],[107.037,20.8694]]],[[[107.0373,20.8737],[107.0453,20.875],[107.0458,20.8657],[107.0389,20.868],[107.0373,20.8737]]],[[[107.0236,20.8703],[107.0132,20.8635],[107.0049,20.8716],[107.0144,20.8777],[107.0142,20.8704],[107.0183,20.8754],[107.0236,20.8703]]],[[[107.0341,20.8705],[107.0311,20.87],[107.0304,20.8725],[107.0341,20.8705]]],[[[107.0273,20.8728],[107.0272,20.8745],[107.0283,20.8735],[107.0273,20.8728]]],[[[106.9753,20.8735],[106.9764,20.8745],[106.9766,20.8738],[106.9753,20.8735]]],[[[106.9785,20.8735],[106.9779,20.8752],[106.9789,20.8747],[106.9785,20.8735]]],[[[107.0334,20.8726],[107.0342,20.8771],[107.034,20.872],[107.0334,20.8726]]],[[[106.938,20.8793],[106.9365,20.8729],[106.9338,20.8752],[106.938,20.8793]]],[[[107.0064,20.8778],[107.0051,20.875],[107.004,20.8771],[107.0064,20.8778]]],[[[106.9774,20.878],[106.9768,20.8759],[106.9759,20.8778],[106.9774,20.878]]],[[[107.0003,20.8767],[106.9987,20.8788],[106.9998,20.8791],[107.0003,20.8767]]],[[[107.0027,20.878],[107.0036,20.879],[107.0035,20.8774],[107.0027,20.878]]],[[[107.0268,20.8778],[107.0275,20.8789],[107.0279,20.8777],[107.0268,20.8778]]],[[[106.964,20.8791],[106.9666,20.8758],[106.9598,20.8802],[106.964,20.8791]]],[[[107.0312,20.8828],[107.0306,20.8753],[107.0293,20.8758],[107.0312,20.8828]]],[[[106.9711,20.8849],[106.9724,20.8745],[106.9691,20.8768],[106.9717,20.8775],[106.9711,20.8849]]],[[[106.9741,20.8793],[106.9753,20.8799],[106.9748,20.8789],[106.9741,20.8793]]],[[[106.9927,20.8817],[106.9908,20.8788],[106.9907,20.8804],[106.9927,20.8817]]],[[[106.9891,20.8857],[106.9884,20.8782],[106.9964,20.8695],[106.9804,20.8712],[106.9851,20.8782],[106.9785,20.8876],[106.9949,20.8874],[106.9891,20.8857]]],[[[106.9688,20.8798],[106.9683,20.8814],[106.9705,20.8801],[106.9688,20.8798]]],[[[107.0145,20.8825],[107.012,20.88],[107.0119,20.8815],[107.0145,20.8825]]],[[[106.9399,20.8806],[106.9407,20.8819],[106.941,20.8808],[106.9399,20.8806]]],[[[107.0274,20.8806],[107.0271,20.8831],[107.0279,20.8806],[107.0274,20.8806]]],[[[107.0076,20.8816],[107.0065,20.8829],[107.0074,20.883],[107.0076,20.8816]]],[[[106.9683,20.883],[106.9688,20.8844],[106.9693,20.883],[106.9683,20.883]]],[[[106.9919,20.8827],[106.9903,20.8853],[106.9928,20.8827],[106.9919,20.8827]]],[[[107.0237,20.8838],[107.0228,20.8865],[107.0238,20.8862],[107.0237,20.8838]]],[[[106.9521,20.8897],[106.9512,20.8878],[106.948,20.8877],[106.9521,20.8897]]],[[[107.0106,20.8951],[107.0037,20.8824],[107.0065,20.896],[107.0106,20.8951]]],[[[107.0186,20.8901],[107.0155,20.888],[107.0158,20.8901],[107.0186,20.8901]]],[[[106.9773,20.8883],[106.9771,20.89],[106.9779,20.8895],[106.9773,20.8883]]],[[[106.9678,20.8853],[106.95,20.8845],[106.9628,20.8875],[106.9666,20.8958],[106.9678,20.8853]]],[[[106.9832,20.8901],[106.985,20.89],[106.9833,20.8894],[106.9832,20.8901]]],[[[106.9994,20.8896],[106.9963,20.8901],[106.9991,20.8938],[106.9994,20.8896]]],[[[106.9606,20.8897],[106.9619,20.8911],[106.9618,20.8899],[106.9606,20.8897]]],[[[107.0258,20.8899],[107.0264,20.8911],[107.027,20.8901],[107.0258,20.8899]]],[[[106.9468,20.892],[106.9467,20.8905],[106.9462,20.8908],[106.9468,20.892]]],[[[106.9801,20.8903],[106.9807,20.8926],[106.9812,20.8921],[106.9801,20.8903]]],[[[106.9501,20.8917],[106.949,20.8928],[106.9503,20.8923],[106.9501,20.8917]]],[[[106.9745,20.8936],[106.9716,20.894],[106.9731,20.8954],[106.9745,20.8936]]],[[[106.9568,20.8922],[106.9582,20.8938],[106.9579,20.8923],[106.9568,20.8922]]],[[[106.9964,20.8928],[106.9967,20.8947],[106.9977,20.8945],[106.9964,20.8928]]],[[[107.0179,20.8974],[107.0184,20.8956],[107.018,20.8956],[107.0179,20.8974]]],[[[106.9656,20.8971],[106.9666,20.8986],[106.9663,20.8968],[106.9656,20.8971]]],[[[107.0141,20.9021],[107.0154,20.8956],[107.0114,20.8965],[107.0141,20.9021]]],[[[107.0087,20.8983],[107.0054,20.9004],[107.0061,20.9014],[107.0087,20.8983]]],[[[106.9671,20.9028],[106.9704,20.898],[106.9678,20.8985],[106.9671,20.9028]]],[[[107.0268,20.9007],[107.0262,20.9021],[107.0271,20.9016],[107.0268,20.9007]]],[[[106.9639,20.9026],[106.9652,20.903],[106.9648,20.9019],[106.9639,20.9026]]],[[[107.0077,20.9026],[107.0084,20.9045],[107.0089,20.903],[107.0077,20.9026]]],[[[106.9716,20.9048],[106.9732,20.905],[106.9723,20.9042],[106.9716,20.9048]]],[[[107.0101,20.9086],[107.0133,20.9039],[107.0099,20.9037],[107.0101,20.9086]]],[[[106.9443,20.9061],[106.9452,20.9072],[106.9454,20.9063],[106.9443,20.9061]]],[[[107.0222,20.9127],[107.0244,20.9034],[107.02,20.8996],[107.0145,20.9087],[107.0222,20.9127]]],[[[106.9509,20.9085],[106.9521,20.9095],[106.9522,20.9086],[106.9509,20.9085]]],[[[106.9483,20.9122],[106.9491,20.9138],[106.949,20.912],[106.9483,20.9122]]],[[[106.947,20.9161],[106.9471,20.9179],[106.9478,20.9163],[106.947,20.9161]]],[[[106.9493,20.9169],[106.9505,20.9191],[106.9513,20.919],[106.9493,20.9169]]],[[[106.9526,20.92],[106.954,20.9201],[106.9539,20.9195],[106.9526,20.92]]],[[[106.9956,20.9386],[106.9927,20.9168],[106.9819,20.9286],[106.9806,20.9137],[106.9608,20.9258],[106.9629,20.9429],[106.9956,20.9386]]],[[[107.0242,20.9422],[107.027,20.9407],[107.0243,20.9394],[107.0242,20.9422]]],[[[106.9177,20.9532],[106.8973,20.9575],[106.8951,20.9647],[106.9163,20.9622],[106.9177,20.9532]]],[[[107.1192,20.7712],[107.1204,20.7723],[107.1204,20.7713],[107.1192,20.7712]]],[[[107.117,20.7789],[107.1181,20.7799],[107.1178,20.7787],[107.117,20.7789]]],[[[107.1164,20.7808],[107.1163,20.7824],[107.1174,20.7818],[107.1164,20.7808]]],[[[107.1155,20.7928],[107.1144,20.7938],[107.116,20.7938],[107.1155,20.7928]]],[[[107.1149,20.7987],[107.1158,20.7999],[107.1164,20.7991],[107.1149,20.7987]]],[[[107.1122,20.8013],[107.1134,20.8028],[107.1138,20.8024],[107.1122,20.8013]]],[[[107.1095,20.8063],[107.1105,20.8075],[107.1106,20.8064],[107.1095,20.8063]]],[[[107.096,20.818],[107.0947,20.8207],[107.0974,20.8181],[107.096,20.818]]],[[[107.09,20.8224],[107.0899,20.824],[107.0908,20.8228],[107.09,20.8224]]],[[[107.1078,20.8243],[107.1051,20.8253],[107.105,20.8257],[107.1078,20.8243]]],[[[107.1022,20.8257],[107.102,20.8274],[107.1043,20.8253],[107.1022,20.8257]]],[[[107.0896,20.8271],[107.0863,20.829],[107.0881,20.831],[107.0896,20.8271]]],[[[107.1123,20.8289],[107.114,20.8287],[107.1132,20.8269],[107.1123,20.8289]]],[[[107.0982,20.829],[107.0993,20.8294],[107.0986,20.8281],[107.0982,20.829]]],[[[107.0897,20.8284],[107.0902,20.8296],[107.0903,20.8285],[107.0897,20.8284]]],[[[107.0889,20.8309],[107.0894,20.8324],[107.0899,20.8312],[107.0889,20.8309]]],[[[107.1145,20.8314],[107.114,20.8329],[107.1151,20.8322],[107.1145,20.8314]]],[[[107.0747,20.8391],[107.0797,20.8398],[107.087,20.8322],[107.0815,20.8306],[107.0747,20.8391]]],[[[107.1104,20.8381],[107.1094,20.8367],[107.108,20.8381],[107.1104,20.8381]]],[[[107.1193,20.8327],[107.117,20.8425],[107.1272,20.8341],[107.1193,20.8327]]],[[[107.0649,20.8374],[107.0639,20.8386],[107.0648,20.8388],[107.0649,20.8374]]],[[[107.1071,20.8401],[107.1075,20.8419],[107.108,20.8415],[107.1071,20.8401]]],[[[107.0668,20.8404],[107.0671,20.8429],[107.0672,20.8404],[107.0668,20.8404]]],[[[107.1103,20.8416],[107.1091,20.8428],[107.1107,20.8424],[107.1103,20.8416]]],[[[107.1031,20.8326],[107.1086,20.8356],[107.1106,20.828],[107.0967,20.832],[107.0957,20.8445],[107.0916,20.8358],[107.0841,20.8409],[107.0976,20.8587],[107.1031,20.8326]]],[[[107.0764,20.8448],[107.0778,20.8458],[107.0774,20.8447],[107.0764,20.8448]]],[[[107.118,20.8458],[107.1154,20.8461],[107.1185,20.8465],[107.118,20.8458]]],[[[107.1123,20.8474],[107.1133,20.8486],[107.1136,20.8476],[107.1123,20.8474]]],[[[107.0599,20.8477],[107.0609,20.849],[107.061,20.8478],[107.0599,20.8477]]],[[[107.0628,20.8485],[107.0639,20.8496],[107.064,20.8486],[107.0628,20.8485]]],[[[107.0747,20.8511],[107.0744,20.8476],[107.0724,20.8507],[107.0747,20.8511]]],[[[107.0873,20.8499],[107.0858,20.8509],[107.0869,20.8511],[107.0873,20.8499]]],[[[107.0817,20.8499],[107.0814,20.8515],[107.082,20.8513],[107.0817,20.8499]]],[[[107.1143,20.8505],[107.1156,20.8518],[107.1153,20.8498],[107.1143,20.8505]]],[[[107.0624,20.8503],[107.0611,20.8517],[107.0629,20.8507],[107.0624,20.8503]]],[[[107.0688,20.8521],[107.0696,20.851],[107.0683,20.8515],[107.0688,20.8521]]],[[[107.0818,20.8518],[107.0814,20.8535],[107.0824,20.8528],[107.0818,20.8518]]],[[[107.0558,20.8526],[107.0573,20.8533],[107.0572,20.8524],[107.0558,20.8526]]],[[[107.1097,20.8556],[107.1168,20.8553],[107.1192,20.8504],[107.1097,20.8556]]],[[[107.1032,20.8568],[107.1023,20.852],[107.0996,20.8548],[107.1032,20.8568]]],[[[107.0561,20.8561],[107.0561,20.8544],[107.0548,20.8558],[107.0561,20.8561]]],[[[107.0707,20.8561],[107.0716,20.858],[107.0723,20.857],[107.0707,20.8561]]],[[[107.1086,20.8566],[107.1073,20.8574],[107.1086,20.8577],[107.1086,20.8566]]],[[[107.0928,20.8564],[107.0913,20.8597],[107.0928,20.8608],[107.0928,20.8564]]],[[[107.08,20.8583],[107.0808,20.8596],[107.0811,20.859],[107.08,20.8583]]],[[[107.0858,20.8618],[107.0854,20.8579],[107.0838,20.861],[107.0858,20.8618]]],[[[107.0992,20.8622],[107.0988,20.8598],[107.0983,20.8593],[107.0992,20.8622]]],[[[107.0952,20.8613],[107.0917,20.8625],[107.0927,20.8639],[107.0952,20.8613]]],[[[107.0966,20.8636],[107.0972,20.8651],[107.0977,20.8638],[107.0966,20.8636]]],[[[107.0826,20.8659],[107.0884,20.8654],[107.0843,20.863],[107.0826,20.8659]]],[[[107.0723,20.8669],[107.0715,20.8651],[107.0699,20.8666],[107.0723,20.8669]]],[[[107.0635,20.8608],[107.064,20.8669],[107.0584,20.8771],[107.0724,20.8617],[107.0635,20.8608]]],[[[107.0846,20.8674],[107.0839,20.8688],[107.0847,20.8689],[107.0846,20.8674]]],[[[107.1173,20.8698],[107.1186,20.8736],[107.1193,20.8697],[107.1173,20.8698]]],[[[107.1121,20.8711],[107.1127,20.8724],[107.1131,20.8717],[107.1121,20.8711]]],[[[107.1098,20.8739],[107.113,20.8753],[107.1101,20.8722],[107.1098,20.8739]]],[[[107.1165,20.8748],[107.1179,20.8758],[107.1168,20.8743],[107.1165,20.8748]]],[[[107.1109,20.8792],[107.1086,20.8779],[107.1083,20.8789],[107.1109,20.8792]]],[[[107.1153,20.8801],[107.1136,20.879],[107.1133,20.8798],[107.1153,20.8801]]],[[[107.1176,20.8868],[107.1191,20.888],[107.1184,20.8866],[107.1176,20.8868]]],[[[107.1183,20.8905],[107.1167,20.8902],[107.1168,20.8919],[107.1183,20.8905]]],[[[107.1062,20.8949],[107.1098,20.8912],[107.1066,20.891],[107.1062,20.8949]]],[[[107.1039,20.8935],[107.1052,20.8942],[107.1049,20.8929],[107.1039,20.8935]]],[[[107.0982,20.8948],[107.0995,20.8956],[107.0993,20.8945],[107.0982,20.8948]]],[[[107.1051,20.896],[107.1069,20.8975],[107.106,20.8954],[107.1051,20.896]]],[[[107.1123,20.8964],[107.1105,20.8972],[107.1125,20.8968],[107.1123,20.8964]]],[[[107.1218,20.8991],[107.1223,20.9005],[107.123,20.8988],[107.1218,20.8991]]],[[[107.0994,20.9009],[107.1007,20.9002],[107.0997,20.8996],[107.0994,20.9009]]],[[[107.1145,20.9016],[107.1159,20.9007],[107.1149,20.9005],[107.1145,20.9016]]],[[[107.1057,20.9039],[107.1059,20.9054],[107.1068,20.9041],[107.1057,20.9039]]],[[[107.1087,20.9048],[107.1099,20.9112],[107.1093,20.9045],[107.1087,20.9048]]],[[[107.1182,20.9072],[107.1162,20.9089],[107.1192,20.9079],[107.1182,20.9072]]],[[[107.1128,20.9087],[107.1135,20.9123],[107.1151,20.9108],[107.1128,20.9087]]],[[[107.1043,20.9129],[107.103,20.914],[107.1041,20.9137],[107.1043,20.9129]]],[[[107.1142,20.914],[107.1144,20.9156],[107.115,20.9154],[107.1142,20.914]]],[[[107.111,20.9161],[107.1093,20.915],[107.1093,20.9171],[107.111,20.9161]]],[[[107.119,20.9169],[107.118,20.9144],[107.1166,20.9181],[107.119,20.9169]]],[[[107.0961,20.9186],[107.0961,20.9171],[107.0954,20.9177],[107.0961,20.9186]]],[[[107.1091,20.9196],[107.1094,20.9229],[107.1105,20.9212],[107.1091,20.9196]]],[[[107.1002,20.92],[107.1005,20.9216],[107.1017,20.924],[107.1002,20.92]]],[[[107.0921,20.9218],[107.0928,20.9233],[107.0929,20.9215],[107.0921,20.9218]]],[[[107.088,20.924],[107.0857,20.9234],[107.0859,20.9266],[107.088,20.924]]],[[[107.0816,20.9287],[107.0833,20.9282],[107.0825,20.9276],[107.0816,20.9287]]],[[[107.1168,20.9281],[107.1176,20.9293],[107.1183,20.9282],[107.1168,20.9281]]],[[[107.1105,20.9288],[107.1065,20.9277],[107.1069,20.9338],[107.1105,20.9288]]],[[[107.0977,20.9402],[107.1055,20.9324],[107.0956,20.9302],[107.0977,20.9402]]],[[[107.0847,20.9345],[107.0855,20.9363],[107.0856,20.9343],[107.0847,20.9345]]],[[[107.1069,20.9355],[107.1086,20.9356],[107.1078,20.9346],[107.1069,20.9355]]],[[[107.1119,20.9353],[107.1116,20.9373],[107.113,20.9355],[107.1119,20.9353]]],[[[107.0801,20.9339],[107.086,20.9457],[107.0896,20.9427],[107.0801,20.9339]]],[[[107.0973,20.9419],[107.0953,20.9415],[107.0941,20.9454],[107.0973,20.9419]]],[[[107.0936,20.9435],[107.0923,20.9448],[107.0937,20.9439],[107.0936,20.9435]]],[[[107.0984,20.9437],[107.0994,20.9452],[107.0995,20.9438],[107.0984,20.9437]]],[[[107.1507,20.7347],[107.1492,20.736],[107.1519,20.7362],[107.1507,20.7347]]],[[[107.1552,20.7356],[107.156,20.7366],[107.1562,20.7358],[107.1552,20.7356]]],[[[107.1478,20.7363],[107.1465,20.7367],[107.1477,20.7372],[107.1478,20.7363]]],[[[107.1588,20.7369],[107.1581,20.7382],[107.1595,20.7377],[107.1588,20.7369]]],[[[107.1414,20.7384],[107.1421,20.737],[107.1409,20.7374],[107.1414,20.7384]]],[[[107.1449,20.7391],[107.1464,20.7386],[107.1449,20.7385],[107.1449,20.7391]]],[[[107.1579,20.7438],[107.1584,20.7399],[107.1568,20.7423],[107.1579,20.7438]]],[[[107.1547,20.7419],[107.1558,20.7433],[107.1558,20.7418],[107.1547,20.7419]]],[[[107.1469,20.7485],[107.1439,20.7482],[107.1442,20.7494],[107.1469,20.7485]]],[[[107.1426,20.7668],[107.1541,20.75],[107.1446,20.7515],[107.1405,20.7458],[107.1555,20.7376],[107.1427,20.7404],[107.1338,20.7385],[107.1234,20.7605],[107.1426,20.7668]]],[[[107.1534,20.7595],[107.1549,20.7601],[107.1545,20.7593],[107.1534,20.7595]]],[[[107.1521,20.7634],[107.1524,20.7616],[107.1514,20.763],[107.1521,20.7634]]],[[[107.1555,20.7628],[107.154,20.763],[107.1552,20.7634],[107.1555,20.7628]]],[[[107.1231,20.7628],[107.1237,20.7645],[107.1241,20.7634],[107.1231,20.7628]]],[[[107.145,20.7648],[107.1443,20.7666],[107.1456,20.7651],[107.145,20.7648]]],[[[107.1324,20.7656],[107.1335,20.7662],[107.1337,20.7655],[107.1324,20.7656]]],[[[107.144,20.7677],[107.1449,20.7696],[107.1454,20.7693],[107.144,20.7677]]],[[[107.1379,20.7685],[107.1386,20.7701],[107.139,20.7687],[107.1379,20.7685]]],[[[107.1339,20.7691],[107.1346,20.7703],[107.1352,20.7695],[107.1339,20.7691]]],[[[107.1447,20.7733],[107.1439,20.77],[107.1438,20.7728],[107.1447,20.7733]]],[[[107.1419,20.7737],[107.1392,20.7735],[107.1387,20.7742],[107.1419,20.7737]]],[[[107.1366,20.7762],[107.1355,20.7752],[107.1353,20.7759],[107.1366,20.7762]]],[[[107.1419,20.7847],[107.1234,20.769],[107.1143,20.8159],[107.1234,20.8125],[107.1281,20.7948],[107.1356,20.7972],[107.1419,20.7847]]],[[[107.133,20.8],[107.1343,20.7999],[107.1332,20.7993],[107.133,20.8]]],[[[107.1351,20.8032],[107.136,20.8051],[107.137,20.8045],[107.1351,20.8032]]],[[[107.1296,20.8054],[107.1313,20.806],[107.1306,20.8051],[107.1296,20.8054]]],[[[107.133,20.8059],[107.1344,20.8064],[107.1339,20.8054],[107.133,20.8059]]],[[[107.1308,20.8121],[107.1275,20.8104],[107.1285,20.816],[107.1308,20.8121]]],[[[107.1237,20.8144],[107.1221,20.8174],[107.1237,20.8179],[107.1237,20.8144]]],[[[107.1364,20.8193],[107.1355,20.8211],[107.1371,20.82],[107.1364,20.8193]]],[[[107.1632,20.822],[107.1641,20.8234],[107.1645,20.8226],[107.1632,20.822]]],[[[107.1272,20.8223],[107.128,20.8238],[107.1283,20.8224],[107.1272,20.8223]]],[[[107.1265,20.8237],[107.1242,20.8235],[107.1265,20.8242],[107.1265,20.8237]]],[[[107.1435,20.8263],[107.1445,20.8226],[107.1408,20.8261],[107.1435,20.8263]]],[[[107.1627,20.8252],[107.1642,20.8255],[107.1639,20.8247],[107.1627,20.8252]]],[[[107.14,20.8287],[107.139,20.8351],[107.1396,20.8353],[107.14,20.8287]]],[[[107.1427,20.8319],[107.1409,20.8317],[107.1409,20.8328],[107.1427,20.8319]]],[[[107.1595,20.8321],[107.1601,20.8333],[107.16,20.8322],[107.1595,20.8321]]],[[[107.1589,20.8368],[107.1593,20.8384],[107.1598,20.8374],[107.1589,20.8368]]],[[[107.1601,20.8398],[107.1618,20.8376],[107.1621,20.8359],[107.1601,20.8398]]],[[[107.1588,20.8448],[107.1538,20.8396],[107.1569,20.8447],[107.1588,20.8448]]],[[[107.1606,20.8422],[107.1607,20.8434],[107.1613,20.8426],[107.1606,20.8422]]],[[[107.1539,20.8462],[107.1526,20.8415],[107.1509,20.8458],[107.1539,20.8462]]],[[[107.1405,20.8445],[107.1421,20.8446],[107.1411,20.8438],[107.1405,20.8445]]],[[[107.1217,20.8436],[107.1233,20.8453],[107.1239,20.8449],[107.1217,20.8436]]],[[[107.1596,20.8489],[107.1583,20.8456],[107.1558,20.8482],[107.1596,20.8489]]],[[[107.1252,20.8492],[107.1216,20.8505],[107.122,20.8511],[107.1252,20.8492]]],[[[107.1579,20.8503],[107.1572,20.849],[107.1563,20.8502],[107.1579,20.8503]]],[[[107.1463,20.8554],[107.148,20.8563],[107.1478,20.8553],[107.1463,20.8554]]],[[[107.148,20.8621],[107.1523,20.8595],[107.1495,20.8554],[107.148,20.8621]]],[[[107.1278,20.8594],[107.1289,20.8607],[107.1288,20.8594],[107.1278,20.8594]]],[[[107.1314,20.8638],[107.1389,20.8591],[107.1274,20.8624],[107.1314,20.8638]]],[[[107.1379,20.8648],[107.1361,20.8656],[107.1372,20.8663],[107.1379,20.8648]]],[[[107.1228,20.8665],[107.1227,20.868],[107.1238,20.8672],[107.1228,20.8665]]],[[[107.1551,20.8672],[107.1556,20.8686],[107.1562,20.8672],[107.1551,20.8672]]],[[[107.1519,20.8651],[107.1462,20.8699],[107.1384,20.8697],[107.1469,20.8727],[107.1519,20.8651]]],[[[107.1448,20.8686],[107.1462,20.8693],[107.1462,20.8683],[107.1448,20.8686]]],[[[107.1219,20.8707],[107.1229,20.8719],[107.1231,20.8708],[107.1219,20.8707]]],[[[107.154,20.8744],[107.1555,20.8748],[107.1552,20.874],[107.154,20.8744]]],[[[107.1366,20.8786],[107.1399,20.8714],[107.1368,20.8711],[107.1366,20.8786]]],[[[107.135,20.8762],[107.1322,20.8746],[107.1316,20.8767],[107.135,20.8762]]],[[[107.1311,20.8786],[107.1304,20.8763],[107.1281,20.8788],[107.1311,20.8786]]],[[[107.1268,20.8767],[107.1248,20.8786],[107.1273,20.8776],[107.1268,20.8767]]],[[[107.1325,20.8775],[107.1338,20.8787],[107.1342,20.8783],[107.1325,20.8775]]],[[[107.1303,20.8799],[107.1306,20.8813],[107.1314,20.8803],[107.1303,20.8799]]],[[[107.1281,20.881],[107.1262,20.8812],[107.1275,20.8819],[107.1281,20.881]]],[[[107.1602,20.8819],[107.1591,20.8805],[107.1583,20.8812],[107.1602,20.8819]]],[[[107.139,20.8822],[107.1399,20.8839],[107.1406,20.8834],[107.139,20.8822]]],[[[107.1632,20.8854],[107.1647,20.8861],[107.1647,20.8854],[107.1632,20.8854]]],[[[107.1253,20.8856],[107.126,20.8881],[107.126,20.8857],[107.1253,20.8856]]],[[[107.1222,20.8868],[107.1238,20.8877],[107.1233,20.8868],[107.1222,20.8868]]],[[[107.1369,20.887],[107.1372,20.8886],[107.1376,20.887],[107.1369,20.887]]],[[[107.1303,20.8917],[107.1308,20.8929],[107.1314,20.8923],[107.1303,20.8917]]],[[[107.1246,20.8944],[107.1261,20.8913],[107.1241,20.8923],[107.1246,20.8944]]],[[[107.1321,20.8925],[107.1332,20.8939],[107.1332,20.8924],[107.1321,20.8925]]],[[[107.1568,20.891],[107.1568,20.8928],[107.1638,20.8927],[107.1568,20.891]]],[[[107.1309,20.894],[107.13,20.8957],[107.1315,20.8951],[107.1309,20.894]]],[[[107.1511,20.8934],[107.1495,20.8968],[107.1501,20.8972],[107.1511,20.8934]]],[[[107.1291,20.8955],[107.1282,20.8967],[107.1295,20.8959],[107.1291,20.8955]]],[[[107.1589,20.9005],[107.1598,20.902],[107.16,20.9008],[107.1589,20.9005]]],[[[107.1429,20.9015],[107.1426,20.9034],[107.1436,20.9017],[107.1429,20.9015]]],[[[107.1408,20.9018],[107.1383,20.9023],[107.1393,20.9034],[107.1408,20.9018]]],[[[107.1497,20.9037],[107.1507,20.902],[107.1503,20.9019],[107.1497,20.9037]]],[[[107.1491,20.9074],[107.1498,20.9087],[107.15,20.9076],[107.1491,20.9074]]],[[[107.1404,20.9112],[107.1402,20.9072],[107.1396,20.9111],[107.1404,20.9112]]],[[[107.1237,20.9092],[107.1241,20.9106],[107.1249,20.9094],[107.1237,20.9092]]],[[[107.1526,20.9132],[107.1554,20.9084],[107.1486,20.9119],[107.1526,20.9132]]],[[[107.1261,20.9103],[107.1292,20.9104],[107.1261,20.9074],[107.1261,20.9103]]],[[[107.1557,20.9134],[107.1574,20.9134],[107.1569,20.9126],[107.1557,20.9134]]],[[[107.1232,20.9128],[107.122,20.9145],[107.1236,20.9138],[107.1232,20.9128]]],[[[107.1483,20.9129],[107.1473,20.9145],[107.1489,20.914],[107.1483,20.9129]]],[[[107.1288,20.9148],[107.1294,20.9157],[107.1302,20.9148],[107.1288,20.9148]]],[[[107.1501,20.9168],[107.1489,20.9178],[107.1506,20.918],[107.1501,20.9168]]],[[[107.1581,20.9186],[107.159,20.9201],[107.1586,20.9184],[107.1581,20.9186]]],[[[107.1265,20.9228],[107.1255,20.9262],[107.128,20.923],[107.1265,20.9228]]],[[[107.1388,20.9313],[107.1379,20.9284],[107.1367,20.9307],[107.1388,20.9313]]],[[[107.1319,20.9295],[107.1287,20.9279],[107.1366,20.9325],[107.1319,20.9295]]],[[[107.1787,20.7368],[107.1784,20.7382],[107.1795,20.7373],[107.1787,20.7368]]],[[[107.1934,20.7391],[107.1935,20.7403],[107.1941,20.7393],[107.1934,20.7391]]],[[[107.1946,20.7417],[107.1957,20.7432],[107.1962,20.7417],[107.1946,20.7417]]],[[[107.1898,20.744],[107.1914,20.7443],[107.1907,20.7434],[107.1898,20.744]]],[[[107.1921,20.7462],[107.193,20.7486],[107.1938,20.7464],[107.1921,20.7462]]],[[[107.1782,20.7489],[107.179,20.7499],[107.1793,20.7487],[107.1782,20.7489]]],[[[107.1789,20.7535],[107.1798,20.7548],[107.18,20.7537],[107.1789,20.7535]]],[[[107.1873,20.7546],[107.188,20.7559],[107.1885,20.7547],[107.1873,20.7546]]],[[[107.1932,20.7616],[107.1904,20.7613],[107.1902,20.762],[107.1932,20.7616]]],[[[107.1868,20.772],[107.1802,20.7731],[107.1805,20.7762],[107.1841,20.7747],[107.1878,20.7769],[107.1868,20.772]]],[[[107.175,20.7752],[107.1727,20.7746],[107.1742,20.7763],[107.175,20.7752]]],[[[107.1954,20.7754],[107.1959,20.777],[107.1969,20.7763],[107.1954,20.7754]]],[[[107.1844,20.776],[107.184,20.7774],[107.1851,20.7763],[107.1844,20.776]]],[[[107.1698,20.7778],[107.1744,20.7788],[107.1697,20.7751],[107.1698,20.7778]]],[[[107.1756,20.7788],[107.1773,20.7786],[107.1758,20.7778],[107.1756,20.7788]]],[[[107.1881,20.787],[107.1871,20.7855],[107.1869,20.7867],[107.1881,20.787]]],[[[107.1912,20.7867],[107.1918,20.7884],[107.1923,20.7873],[107.1912,20.7867]]],[[[107.1755,20.7991],[107.177,20.7945],[107.1717,20.7941],[107.1755,20.7991]]],[[[107.1811,20.7963],[107.1821,20.7981],[107.1822,20.7965],[107.1811,20.7963]]],[[[107.1839,20.7981],[107.1837,20.7999],[107.1845,20.7986],[107.1839,20.7981]]],[[[107.1812,20.7991],[107.1813,20.8],[107.1819,20.7993],[107.1812,20.7991]]],[[[107.1705,20.8007],[107.1699,20.8023],[107.1709,20.801],[107.1705,20.8007]]],[[[107.1753,20.8004],[107.1753,20.8025],[107.1758,20.8025],[107.1753,20.8004]]],[[[107.182,20.8041],[107.1832,20.8025],[107.182,20.8027],[107.182,20.8041]]],[[[107.1672,20.806],[107.1683,20.8051],[107.1673,20.805],[107.1672,20.806]]],[[[107.1692,20.8094],[107.174,20.8062],[107.1718,20.8053],[107.1692,20.8094]]],[[[107.1891,20.8097],[107.1858,20.8051],[107.1843,20.8103],[107.1891,20.8097]]],[[[107.1937,20.8085],[107.1939,20.8099],[107.1948,20.8089],[107.1937,20.8085]]],[[[107.1674,20.8079],[107.1674,20.8106],[107.1686,20.8091],[107.1674,20.8079]]],[[[107.1765,20.812],[107.1761,20.8106],[107.1731,20.8111],[107.1765,20.812]]],[[[107.1857,20.815],[107.1867,20.8158],[107.1868,20.8144],[107.1857,20.815]]],[[[107.1785,20.8149],[107.1698,20.8116],[107.1657,20.8135],[107.176,20.8262],[107.1785,20.8149]]],[[[107.1814,20.8197],[107.1829,20.8207],[107.1815,20.8191],[107.1814,20.8197]]],[[[107.1813,20.8242],[107.1807,20.8254],[107.1816,20.8251],[107.1813,20.8242]]],[[[107.1909,20.8256],[107.1924,20.8267],[107.1922,20.8254],[107.1909,20.8256]]],[[[107.1732,20.8266],[107.1744,20.8275],[107.1746,20.8267],[107.1732,20.8266]]],[[[107.1824,20.8267],[107.182,20.8286],[107.1828,20.8288],[107.1824,20.8267]]],[[[107.171,20.8282],[107.1727,20.8302],[107.1735,20.8301],[107.171,20.8282]]],[[[107.1843,20.8289],[107.1856,20.8316],[107.1861,20.8314],[107.1843,20.8289]]],[[[107.175,20.8307],[107.1763,20.8315],[107.1755,20.8302],[107.175,20.8307]]],[[[107.182,20.8332],[107.1831,20.8321],[107.1821,20.8315],[107.182,20.8332]]],[[[107.1763,20.8339],[107.1767,20.8359],[107.1774,20.8356],[107.1763,20.8339]]],[[[107.1619,20.8352],[107.1676,20.8383],[107.1678,20.844],[107.1749,20.8327],[107.1661,20.8284],[107.1619,20.8352]]],[[[107.1926,20.8372],[107.1923,20.8386],[107.1935,20.8376],[107.1926,20.8372]]],[[[107.189,20.8386],[107.1886,20.8401],[107.1901,20.8396],[107.189,20.8386]]],[[[107.1652,20.8393],[107.1648,20.8405],[107.1656,20.8403],[107.1652,20.8393]]],[[[107.1933,20.8414],[107.1929,20.8426],[107.1958,20.8413],[107.1933,20.8414]]],[[[107.1881,20.8438],[107.1889,20.8456],[107.1896,20.8451],[107.1881,20.8438]]],[[[107.1671,20.8445],[107.1631,20.844],[107.1614,20.8445],[107.1643,20.8463],[107.1671,20.8445]]],[[[107.1727,20.8515],[107.1829,20.8484],[107.1872,20.8409],[107.1737,20.8456],[107.1727,20.8515]]],[[[107.1657,20.8474],[107.1661,20.849],[107.1669,20.847],[107.1657,20.8474]]],[[[107.1638,20.8521],[107.165,20.8532],[107.1651,20.8522],[107.1638,20.8521]]],[[[107.1876,20.8535],[107.1886,20.8546],[107.1887,20.8537],[107.1876,20.8535]]],[[[107.1713,20.8539],[107.1727,20.8544],[107.1727,20.8537],[107.1713,20.8539]]],[[[107.1854,20.8552],[107.1854,20.8568],[107.1868,20.855],[107.1854,20.8552]]],[[[107.1768,20.8559],[107.1776,20.8574],[107.178,20.8559],[107.1768,20.8559]]],[[[107.1808,20.8566],[107.1805,20.8581],[107.1811,20.8579],[107.1808,20.8566]]],[[[107.1891,20.8567],[107.1903,20.8584],[107.1908,20.8578],[107.1891,20.8567]]],[[[107.1731,20.8577],[107.1739,20.859],[107.1742,20.8587],[107.1731,20.8577]]],[[[107.1884,20.8601],[107.1896,20.8606],[107.1892,20.8597],[107.1884,20.8601]]],[[[107.1833,20.8603],[107.1813,20.8601],[107.1812,20.8614],[107.1833,20.8603]]],[[[107.1716,20.862],[107.1726,20.8626],[107.1728,20.8617],[107.1716,20.862]]],[[[107.1761,20.8628],[107.1756,20.8647],[107.177,20.8635],[107.1761,20.8628]]],[[[107.1615,20.867],[107.1686,20.8629],[107.1606,20.8655],[107.1615,20.867]]],[[[107.1656,20.867],[107.1666,20.8682],[107.1666,20.8669],[107.1656,20.867]]],[[[107.185,20.8675],[107.1845,20.8691],[107.1853,20.8688],[107.185,20.8675]]],[[[107.1964,20.8664],[107.1959,20.8706],[107.1971,20.8697],[107.1964,20.8664]]],[[[107.1811,20.8717],[107.181,20.8735],[107.183,20.8741],[107.1811,20.8717]]],[[[107.1826,20.8751],[107.1866,20.875],[107.1882,20.8728],[107.1899,20.872],[107.1898,20.8706],[107.1826,20.8751]]],[[[107.1908,20.8735],[107.1904,20.8764],[107.1918,20.8732],[107.1908,20.8735]]],[[[107.1884,20.8755],[107.1874,20.8743],[107.1876,20.8759],[107.1884,20.8755]]],[[[107.1724,20.8777],[107.1712,20.8813],[107.172,20.8811],[107.1724,20.8777]]],[[[107.1755,20.8798],[107.1739,20.8796],[107.1731,20.8816],[107.1755,20.8798]]],[[[107.1663,20.8799],[107.1674,20.8806],[107.1675,20.8794],[107.1663,20.8799]]],[[[107.1826,20.8813],[107.1836,20.8822],[107.1842,20.8813],[107.1826,20.8813]]],[[[107.1792,20.8816],[107.18,20.8827],[107.1811,20.8813],[107.1792,20.8816]]],[[[107.1679,20.8841],[107.1694,20.8844],[107.1691,20.8832],[107.1679,20.8841]]],[[[107.173,20.8851],[107.1738,20.8865],[107.1743,20.8854],[107.173,20.8851]]],[[[107.1821,20.8866],[107.1833,20.8865],[107.1828,20.886],[107.1821,20.8866]]],[[[107.1879,20.8866],[107.1859,20.8869],[107.1875,20.8877],[107.1879,20.8866]]],[[[107.1665,20.8877],[107.1679,20.8888],[107.167,20.887],[107.1665,20.8877]]],[[[107.1797,20.8885],[107.178,20.8883],[107.1788,20.8894],[107.1797,20.8885]]],[[[107.1964,20.8889],[107.1978,20.8883],[107.1967,20.8879],[107.1964,20.8889]]],[[[107.175,20.8906],[107.1756,20.8925],[107.1762,20.8906],[107.175,20.8906]]],[[[107.1916,20.8919],[107.1928,20.8923],[107.1922,20.8914],[107.1916,20.8919]]],[[[107.1872,20.8926],[107.1887,20.892],[107.1875,20.8919],[107.1872,20.8926]]],[[[107.1704,20.8933],[107.1675,20.893],[107.1698,20.8943],[107.1704,20.8933]]],[[[107.169,20.899],[107.1686,20.8963],[107.1666,20.8989],[107.169,20.899]]],[[[107.1658,20.8992],[107.1642,20.9033],[107.1675,20.9033],[107.1658,20.8992]]],[[[107.1733,20.9004],[107.1738,20.9022],[107.1743,20.9017],[107.1733,20.9004]]],[[[107.1735,20.9057],[107.1749,20.9061],[107.1741,20.9048],[107.1735,20.9057]]],[[[107.1865,20.9089],[107.1883,20.9092],[107.1869,20.908],[107.1865,20.9089]]],[[[107.1648,20.9203],[107.1652,20.9221],[107.1664,20.9206],[107.1648,20.9203]]],[[[107.1806,20.9226],[107.1817,20.9238],[107.1827,20.9228],[107.1806,20.9226]]],[[[107.1779,20.9231],[107.1788,20.9242],[107.179,20.9232],[107.1779,20.9231]]],[[[107.189,20.9255],[107.1878,20.9267],[107.1893,20.9261],[107.189,20.9255]]],[[[107.1644,20.9278],[107.1651,20.9304],[107.166,20.9305],[107.1644,20.9278]]],[[[107.1984,20.7784],[107.1997,20.779],[107.1998,20.7784],[107.1984,20.7784]]],[[[107.2466,20.7952],[107.2473,20.7964],[107.2477,20.7955],[107.2466,20.7952]]],[[[107.2009,20.7965],[107.2022,20.7955],[107.2014,20.7954],[107.2009,20.7965]]],[[[107.246,20.8008],[107.2472,20.8017],[107.2473,20.8006],[107.246,20.8008]]],[[[107.2381,20.8033],[107.2396,20.8037],[107.2391,20.8028],[107.2381,20.8033]]],[[[107.2459,20.8057],[107.2478,20.8063],[107.2478,20.8054],[107.2459,20.8057]]],[[[107.2405,20.8141],[107.242,20.8144],[107.2415,20.8135],[107.2405,20.8141]]],[[[107.2207,20.8148],[107.2211,20.8161],[107.2218,20.8151],[107.2207,20.8148]]],[[[107.2144,20.8171],[107.2128,20.8166],[107.2128,20.8173],[107.2144,20.8171]]],[[[107.2198,20.8178],[107.2208,20.8191],[107.2212,20.8186],[107.2198,20.8178]]],[[[107.2302,20.8183],[107.2293,20.8201],[107.2307,20.8186],[107.2302,20.8183]]],[[[107.2134,20.8191],[107.2113,20.8187],[107.2106,20.8208],[107.2134,20.8191]]],[[[107.2244,20.8194],[107.225,20.821],[107.2256,20.8209],[107.2244,20.8194]]],[[[107.1983,20.8197],[107.197,20.8207],[107.1986,20.8202],[107.1983,20.8197]]],[[[107.2156,20.8203],[107.2168,20.8215],[107.2178,20.8197],[107.2156,20.8203]]],[[[107.2316,20.8215],[107.2348,20.8213],[107.231,20.8209],[107.2316,20.8215]]],[[[107.2125,20.8225],[107.2143,20.8224],[107.2134,20.8216],[107.2125,20.8225]]],[[[107.2568,20.8231],[107.253,20.8237],[107.2575,20.8241],[107.2568,20.8231]]],[[[107.2138,20.8239],[107.2116,20.8254],[107.2148,20.8253],[107.2138,20.8239]]],[[[107.226,20.8268],[107.2275,20.828],[107.2279,20.8272],[107.226,20.8268]]],[[[107.2083,20.8299],[107.2074,20.831],[107.2087,20.8305],[107.2083,20.8299]]],[[[107.22,20.8321],[107.2255,20.8324],[107.2244,20.8302],[107.22,20.8321]]],[[[107.2517,20.8309],[107.2529,20.8323],[107.2532,20.8318],[107.2517,20.8309]]],[[[107.2105,20.8318],[107.2121,20.8322],[107.2122,20.8313],[107.2105,20.8318]]],[[[107.2064,20.8316],[107.2064,20.8339],[107.2076,20.8325],[107.2064,20.8316]]],[[[107.2459,20.8326],[107.246,20.8345],[107.2476,20.8341],[107.2459,20.8326]]],[[[107.1988,20.8327],[107.1983,20.8348],[107.1999,20.8331],[107.1988,20.8327]]],[[[107.254,20.8334],[107.2542,20.835],[107.2551,20.8347],[107.254,20.8334]]],[[[107.222,20.8349],[107.2179,20.8361],[107.2226,20.8352],[107.222,20.8349]]],[[[107.2049,20.8377],[107.2148,20.8356],[107.2149,20.8338],[107.2049,20.8377]]],[[[107.2149,20.8392],[107.2156,20.8407],[107.216,20.8395],[107.2149,20.8392]]],[[[107.2114,20.8406],[107.2129,20.8402],[107.2121,20.8396],[107.2114,20.8406]]],[[[107.2465,20.8418],[107.2454,20.8429],[107.2467,20.8426],[107.2465,20.8418]]],[[[107.2151,20.8417],[107.216,20.8431],[107.2158,20.8418],[107.2151,20.8417]]],[[[107.2131,20.8435],[107.2112,20.8444],[107.212,20.8448],[107.2131,20.8435]]],[[[107.2098,20.8449],[107.2083,20.8438],[107.2084,20.845],[107.2098,20.8449]]],[[[107.2449,20.8488],[107.2518,20.8521],[107.2558,20.8485],[107.251,20.8432],[107.2449,20.8488]]],[[[107.2382,20.8508],[107.2367,20.8517],[107.2375,20.8521],[107.2382,20.8508]]],[[[107.2484,20.8572],[107.2479,20.8556],[107.2463,20.8571],[107.2484,20.8572]]],[[[107.2506,20.858],[107.2496,20.857],[107.2492,20.8575],[107.2506,20.858]]],[[[107.2108,20.8586],[107.212,20.86],[107.2121,20.8583],[107.2108,20.8586]]],[[[107.2529,20.8588],[107.2524,20.86],[107.2538,20.8599],[107.2529,20.8588]]],[[[107.2469,20.8633],[107.2475,20.8611],[107.2459,20.861],[107.2469,20.8633]]],[[[107.1992,20.865],[107.1966,20.8649],[107.1965,20.8652],[107.1992,20.865]]],[[[107.2476,20.8647],[107.2477,20.8665],[107.2489,20.8647],[107.2476,20.8647]]],[[[107.2018,20.8658],[107.2021,20.8683],[107.2028,20.8658],[107.2018,20.8658]]],[[[107.2445,20.8675],[107.2456,20.8688],[107.2457,20.867],[107.2445,20.8675]]],[[[107.2536,20.8688],[107.2545,20.8694],[107.2548,20.8685],[107.2536,20.8688]]],[[[107.2324,20.8711],[107.2315,20.8692],[107.2307,20.8712],[107.2324,20.8711]]],[[[107.2275,20.8708],[107.2253,20.8697],[107.2247,20.8704],[107.2275,20.8708]]],[[[107.2425,20.8697],[107.2425,20.8715],[107.2433,20.8703],[107.2425,20.8697]]],[[[107.2214,20.8701],[107.2225,20.8718],[107.223,20.8704],[107.2214,20.8701]]],[[[107.2383,20.8747],[107.2439,20.8655],[107.2311,20.8763],[107.2383,20.8747]]],[[[107.2139,20.8746],[107.2181,20.8807],[107.2219,20.8625],[107.228,20.8692],[107.2344,20.8628],[107.2109,20.8607],[107.1869,20.8832],[107.2019,20.8883],[107.2139,20.8746]]],[[[107.2564,20.8746],[107.2549,20.8741],[107.2551,20.875],[107.2564,20.8746]]],[[[107.2506,20.8741],[107.2516,20.8754],[107.2522,20.8743],[107.2506,20.8741]]],[[[107.2205,20.8754],[107.2218,20.8763],[107.2218,20.8754],[107.2205,20.8754]]],[[[107.2256,20.8749],[107.2247,20.8772],[107.2261,20.8752],[107.2256,20.8749]]],[[[107.2468,20.8772],[107.2473,20.8795],[107.2477,20.8774],[107.2468,20.8772]]],[[[107.2411,20.8781],[107.2415,20.8796],[107.2422,20.8785],[107.2411,20.8781]]],[[[107.2503,20.8839],[107.2496,20.8815],[107.2485,20.8839],[107.2503,20.8839]]],[[[107.2331,20.8831],[107.2346,20.884],[107.2343,20.882],[107.2331,20.8831]]],[[[107.2123,20.881],[107.2084,20.8832],[107.2087,20.8859],[107.2123,20.881]]],[[[107.2046,20.8866],[107.2049,20.8882],[107.2054,20.8872],[107.2046,20.8866]]],[[[107.2082,20.9339],[107.2072,20.933],[107.207,20.9333],[107.2082,20.9339]]],[[[107.2049,20.9337],[107.2064,20.9338],[107.2063,20.9333],[107.2049,20.9337]]],[[[107.2021,20.9336],[107.2023,20.935],[107.2039,20.9334],[107.2021,20.9336]]],[[[107.2042,20.938],[107.2052,20.9387],[107.2054,20.9377],[107.2042,20.938]]],[[[107.1984,20.9394],[107.1989,20.9408],[107.1994,20.9397],[107.1984,20.9394]]],[[[107.1984,20.9416],[107.1971,20.9429],[107.1981,20.9436],[107.1984,20.9416]]],[[[107.234,20.9483],[107.2344,20.9498],[107.2354,20.948],[107.234,20.9483]]],[[[107.2525,20.9486],[107.2521,20.9504],[107.253,20.9497],[107.2525,20.9486]]],[[[107.2176,20.9501],[107.2181,20.9518],[107.2189,20.9506],[107.2176,20.9501]]],[[[107.2459,20.9502],[107.2464,20.9517],[107.2472,20.9503],[107.2459,20.9502]]],[[[107.2446,20.951],[107.2416,20.9511],[107.2419,20.9525],[107.2446,20.951]]],[[[107.233,20.9516],[107.2352,20.9522],[107.2352,20.9519],[107.233,20.9516]]],[[[107.2196,20.9526],[107.2195,20.9544],[107.2203,20.9543],[107.2196,20.9526]]],[[[107.2501,20.9533],[107.2465,20.9549],[107.2508,20.9547],[107.2501,20.9533]]],[[[107.2423,20.9543],[107.2434,20.9553],[107.2429,20.9539],[107.2423,20.9543]]],[[[107.2361,20.9547],[107.2374,20.9566],[107.2374,20.9544],[107.2361,20.9547]]],[[[107.2306,20.9548],[107.2311,20.9561],[107.2314,20.955],[107.2306,20.9548]]],[[[107.2185,20.957],[107.2171,20.9561],[107.217,20.9571],[107.2185,20.957]]],[[[107.2322,20.9564],[107.2325,20.958],[107.2332,20.9563],[107.2322,20.9564]]],[[[107.2055,20.9494],[107.2098,20.9637],[107.2193,20.9657],[107.2132,20.9501],[107.2055,20.9494]]],[[[107.2384,20.961],[107.2368,20.9605],[107.2369,20.9617],[107.2384,20.961]]],[[[107.2247,20.9646],[107.2257,20.9658],[107.2256,20.9643],[107.2247,20.9646]]],[[[107.2405,20.965],[107.2419,20.9655],[107.2416,20.9645],[107.2405,20.965]]],[[[107.2201,20.9669],[107.2212,20.9679],[107.2211,20.9665],[107.2201,20.9669]]],[[[107.2267,20.9747],[107.2322,20.9733],[107.2347,20.966],[107.2286,20.9644],[107.2267,20.9747]]],[[[107.2412,20.9692],[107.2401,20.9712],[107.2419,20.9697],[107.2412,20.9692]]],[[[107.2396,20.9725],[107.2417,20.9726],[107.24,20.9718],[107.2396,20.9725]]],[[[107.2344,20.9749],[107.2326,20.9768],[107.2351,20.9754],[107.2344,20.9749]]],[[[107.238,20.9767],[107.2388,20.9777],[107.239,20.9768],[107.238,20.9767]]],[[[107.2475,20.9794],[107.247,20.9807],[107.2479,20.9798],[107.2475,20.9794]]],[[[107.2366,20.9801],[107.2352,20.9812],[107.2369,20.9807],[107.2366,20.9801]]],[[[107.2467,20.9866],[107.2563,20.9816],[107.25,20.982],[107.2467,20.9866]]],[[[107.2531,20.9877],[107.2535,20.9894],[107.2548,20.9866],[107.2531,20.9877]]],[[[107.2679,20.8045],[107.2685,20.8059],[107.2692,20.8051],[107.2679,20.8045]]],[[[107.2688,20.8129],[107.267,20.8153],[107.2693,20.8131],[107.2688,20.8129]]],[[[107.2702,20.8145],[107.2697,20.816],[107.2708,20.8155],[107.2702,20.8145]]],[[[107.2577,20.8159],[107.2583,20.8176],[107.2589,20.8168],[107.2577,20.8159]]],[[[107.2743,20.8166],[107.274,20.8197],[107.2757,20.8203],[107.2743,20.8166]]],[[[107.2713,20.8183],[107.2699,20.8191],[107.271,20.8196],[107.2713,20.8183]]],[[[107.2607,20.8193],[107.2621,20.8196],[107.2607,20.8187],[107.2607,20.8193]]],[[[107.265,20.8207],[107.2651,20.8189],[107.2631,20.8207],[107.265,20.8207]]],[[[107.2589,20.8203],[107.26,20.8219],[107.2595,20.82],[107.2589,20.8203]]],[[[107.2726,20.8226],[107.2709,20.8255],[107.2736,20.8263],[107.2726,20.8226]]],[[[107.2593,20.8243],[107.2598,20.8254],[107.2604,20.8244],[107.2593,20.8243]]],[[[107.2788,20.8242],[107.278,20.8256],[107.2793,20.8262],[107.2788,20.8242]]],[[[107.2955,20.8253],[107.2945,20.8278],[107.2964,20.8263],[107.2955,20.8253]]],[[[107.2807,20.8252],[107.2809,20.8291],[107.2821,20.828],[107.2807,20.8252]]],[[[107.2779,20.8271],[107.2771,20.8287],[107.2779,20.8288],[107.2779,20.8271]]],[[[107.2677,20.8291],[107.2693,20.8273],[107.2675,20.8281],[107.2677,20.8291]]],[[[107.2737,20.8285],[107.2752,20.8288],[107.2751,20.828],[107.2737,20.8285]]],[[[107.2893,20.8303],[107.2886,20.8323],[107.2903,20.8304],[107.2893,20.8303]]],[[[107.2564,20.8323],[107.2568,20.8339],[107.2575,20.8327],[107.2564,20.8323]]],[[[107.29,20.8329],[107.2914,20.8337],[107.2914,20.8328],[107.29,20.8329]]],[[[107.2587,20.8329],[107.2574,20.8402],[107.2633,20.8357],[107.2587,20.8329]]],[[[107.2891,20.8368],[107.2879,20.8376],[107.2898,20.838],[107.2891,20.8368]]],[[[107.3016,20.8382],[107.3022,20.8393],[107.3029,20.8384],[107.3016,20.8382]]],[[[107.3046,20.8421],[107.3025,20.8412],[107.3009,20.8424],[107.3046,20.8421]]],[[[107.2883,20.846],[107.2867,20.8452],[107.2874,20.8466],[107.2883,20.846]]],[[[107.2945,20.8473],[107.2846,20.8368],[107.2681,20.8387],[107.287,20.8586],[107.285,20.8438],[107.2945,20.8473]]],[[[107.2979,20.8483],[107.2972,20.8467],[107.2968,20.848],[107.2979,20.8483]]],[[[107.2985,20.8483],[107.2994,20.8496],[107.2998,20.8491],[107.2985,20.8483]]],[[[107.2634,20.8487],[107.263,20.8501],[107.2643,20.8491],[107.2634,20.8487]]],[[[107.2893,20.8494],[107.2904,20.8521],[107.2927,20.8526],[107.2893,20.8494]]],[[[107.2676,20.855],[107.2702,20.8494],[107.266,20.8507],[107.2676,20.855]]],[[[107.2735,20.8524],[107.2747,20.8548],[107.2743,20.8522],[107.2735,20.8524]]],[[[107.2945,20.8552],[107.2947,20.8531],[107.2939,20.8535],[107.2945,20.8552]]],[[[107.2699,20.8591],[107.2691,20.8561],[107.2681,20.8582],[107.2699,20.8591]]],[[[107.273,20.8573],[107.2726,20.8588],[107.2732,20.8588],[107.273,20.8573]]],[[[107.2946,20.8568],[107.2952,20.8598],[107.2963,20.8592],[107.2946,20.8568]]],[[[107.2668,20.8584],[107.2654,20.8589],[107.2671,20.8588],[107.2668,20.8584]]],[[[107.263,20.8597],[107.2625,20.8612],[107.2637,20.8604],[107.263,20.8597]]],[[[107.2831,20.8627],[107.2822,20.8614],[107.2816,20.8626],[107.2831,20.8627]]],[[[107.275,20.8611],[107.2621,20.8699],[107.2587,20.8619],[107.2585,20.8727],[107.275,20.8611]]],[[[107.2805,20.8701],[107.2863,20.867],[107.2859,20.8647],[107.2795,20.8634],[107.2805,20.8701]]],[[[107.3076,20.8682],[107.3116,20.8749],[107.3108,20.8679],[107.3065,20.8664],[107.3014,20.8694],[107.3015,20.861],[107.2946,20.8744],[107.3076,20.8682]]],[[[107.2758,20.8701],[107.2766,20.8712],[107.2771,20.8704],[107.2758,20.8701]]],[[[107.277,20.8749],[107.2767,20.8719],[107.2753,20.8751],[107.277,20.8749]]],[[[107.2894,20.8737],[107.2897,20.876],[107.2909,20.8751],[107.2894,20.8737]]],[[[107.2668,20.8746],[107.2678,20.8757],[107.2676,20.8744],[107.2668,20.8746]]],[[[107.2638,20.8758],[107.2626,20.8766],[107.2641,20.8763],[107.2638,20.8758]]],[[[107.2875,20.8754],[107.2877,20.8768],[107.2887,20.8762],[107.2875,20.8754]]],[[[107.2679,20.8763],[107.2691,20.8774],[107.2694,20.8765],[107.2679,20.8763]]],[[[107.282,20.8786],[107.2814,20.8757],[107.2781,20.8788],[107.282,20.8786]]],[[[107.2657,20.8779],[107.2644,20.877],[107.264,20.8779],[107.2657,20.8779]]],[[[107.2554,20.8776],[107.2559,20.8791],[107.2566,20.8779],[107.2554,20.8776]]],[[[107.2943,20.8787],[107.292,20.8792],[107.2945,20.8799],[107.2943,20.8787]]],[[[107.2882,20.8807],[107.2895,20.8821],[107.29,20.8813],[107.2882,20.8807]]],[[[107.262,20.8836],[107.2634,20.8844],[107.2628,20.8833],[107.262,20.8836]]],[[[107.2891,20.9054],[107.2907,20.9022],[107.2882,20.9048],[107.2891,20.9054]]],[[[107.2844,20.9055],[107.2852,20.9062],[107.2861,20.9047],[107.2844,20.9055]]],[[[107.2952,20.9085],[107.2953,20.9098],[107.2959,20.9087],[107.2952,20.9085]]],[[[107.2956,20.9112],[107.2944,20.9105],[107.2942,20.9118],[107.2956,20.9112]]],[[[107.2996,20.9101],[107.2988,20.9115],[107.2995,20.9127],[107.2996,20.9101]]],[[[107.26,20.9132],[107.2632,20.9099],[107.2583,20.911],[107.26,20.9132]]],[[[107.2962,20.9121],[107.2977,20.9115],[107.2967,20.9114],[107.2962,20.9121]]],[[[107.298,20.9144],[107.2971,20.9134],[107.2969,20.9145],[107.298,20.9144]]],[[[107.3014,20.9138],[107.3062,20.9125],[107.3027,20.9114],[107.3014,20.9138]]],[[[107.3046,20.9181],[107.303,20.9194],[107.304,20.9201],[107.3046,20.9181]]],[[[107.2822,20.9277],[107.2843,20.9285],[107.2846,20.9281],[107.2822,20.9277]]],[[[107.2782,20.9371],[107.2724,20.9394],[107.2721,20.9415],[107.2782,20.9371]]],[[[107.2982,20.9401],[107.2876,20.936],[107.2844,20.9417],[107.2982,20.9401]]],[[[107.2723,20.9424],[107.273,20.9434],[107.2735,20.9428],[107.2723,20.9424]]],[[[107.2647,20.9459],[107.2654,20.9484],[107.2657,20.9459],[107.2647,20.9459]]],[[[107.2735,20.9475],[107.2732,20.9497],[107.275,20.948],[107.2735,20.9475]]],[[[107.2692,20.9505],[107.2693,20.9483],[107.2676,20.9493],[107.2692,20.9505]]],[[[107.2627,20.9508],[107.2567,20.9489],[107.2558,20.95],[107.2627,20.9508]]],[[[107.2645,20.9517],[107.2649,20.9531],[107.2651,20.9518],[107.2645,20.9517]]],[[[107.2901,20.9563],[107.2818,20.9561],[107.2915,20.9588],[107.2901,20.9563]]],[[[107.2932,20.957],[107.2942,20.9591],[107.2947,20.9564],[107.2932,20.957]]],[[[107.3005,20.962],[107.3004,20.9632],[107.3014,20.9631],[107.3005,20.962]]],[[[107.2645,20.9685],[107.2635,20.9669],[107.2628,20.9689],[107.2645,20.9685]]],[[[107.2851,20.973],[107.2865,20.9738],[107.286,20.9725],[107.2851,20.973]]],[[[107.2692,20.974],[107.2675,20.9731],[107.2672,20.9737],[107.2692,20.974]]],[[[107.2707,20.9753],[107.2705,20.9768],[107.2715,20.9756],[107.2707,20.9753]]],[[[107.2617,20.9757],[107.2615,20.9771],[107.2623,20.9764],[107.2617,20.9757]]],[[[107.2828,20.9798],[107.2847,20.9764],[107.2823,20.9743],[107.2828,20.9798]]],[[[107.2741,20.9785],[107.2721,20.9784],[107.2724,20.979],[107.2741,20.9785]]],[[[107.2968,20.9799],[107.2903,20.9778],[107.2897,20.9787],[107.2968,20.9799]]],[[[107.2647,20.9818],[107.2707,20.9821],[107.2711,20.9774],[107.2647,20.9818]]],[[[107.2734,20.9809],[107.2744,20.9824],[107.2745,20.9808],[107.2734,20.9809]]],[[[107.2999,20.9814],[107.3004,20.9825],[107.3009,20.9818],[107.2999,20.9814]]],[[[107.2801,20.9822],[107.2767,20.9836],[107.2808,20.9829],[107.2801,20.9822]]],[[[107.2788,20.985],[107.2743,20.986],[107.2799,20.9859],[107.2788,20.985]]],[[[107.2975,20.9876],[107.2881,20.982],[107.282,20.9905],[107.2876,20.9864],[107.2975,20.9876]]],[[[107.2565,20.9867],[107.2581,20.9874],[107.258,20.9867],[107.2565,20.9867]]],[[[107.2935,20.9901],[107.2932,20.9912],[107.2942,20.9907],[107.2935,20.9901]]],[[[107.2557,20.9909],[107.2562,20.9921],[107.2571,20.9912],[107.2557,20.9909]]],[[[107.3472,20.6855],[107.3461,20.6877],[107.3472,20.6882],[107.3472,20.6855]]],[[[107.3411,20.7094],[107.3432,20.7103],[107.3419,20.7088],[107.3411,20.7094]]],[[[107.3375,20.7856],[107.3385,20.7865],[107.3382,20.7854],[107.3375,20.7856]]],[[[107.3383,20.7876],[107.3356,20.7874],[107.3377,20.7885],[107.3383,20.7876]]],[[[107.3383,20.7893],[107.336,20.7885],[107.3368,20.7908],[107.3383,20.7893]]],[[[107.3374,20.7933],[107.3388,20.7944],[107.339,20.7934],[107.3374,20.7933]]],[[[107.3447,20.7952],[107.3465,20.7966],[107.3455,20.7949],[107.3447,20.7952]]],[[[107.3424,20.7961],[107.3438,20.7965],[107.3435,20.7954],[107.3424,20.7961]]],[[[107.3414,20.798],[107.3421,20.7993],[107.3426,20.7984],[107.3414,20.798]]],[[[107.3339,20.809],[107.3324,20.8125],[107.3357,20.8104],[107.3339,20.809]]],[[[107.3374,20.8134],[107.3385,20.8148],[107.3384,20.8133],[107.3374,20.8134]]],[[[107.3326,20.8143],[107.333,20.8157],[107.3337,20.815],[107.3326,20.8143]]],[[[107.3312,20.8155],[107.3297,20.8152],[107.3297,20.8159],[107.3312,20.8155]]],[[[107.3477,20.8299],[107.3584,20.8441],[107.3647,20.8266],[107.3832,20.8285],[107.3832,20.7951],[107.3685,20.806],[107.344,20.8044],[107.3342,20.8535],[107.3463,20.8517],[107.3477,20.8299]]],[[[107.3332,20.8282],[107.3318,20.8295],[107.3335,20.8296],[107.3332,20.8282]]],[[[107.3292,20.8299],[107.3307,20.8305],[107.3297,20.8295],[107.3292,20.8299]]],[[[107.3136,20.8334],[107.3121,20.8291],[107.3111,20.8285],[107.3097,20.8326],[107.3136,20.8334]]],[[[107.3076,20.8311],[107.3095,20.8316],[107.3085,20.8306],[107.3076,20.8311]]],[[[107.335,20.8339],[107.3353,20.8349],[107.3362,20.8338],[107.335,20.8339]]],[[[107.3282,20.8359],[107.3289,20.8337],[107.3274,20.8343],[107.3282,20.8359]]],[[[107.3089,20.8362],[107.311,20.8348],[107.3084,20.8356],[107.3089,20.8362]]],[[[107.308,20.8381],[107.3067,20.8381],[107.3072,20.8397],[107.308,20.8381]]],[[[107.3288,20.8399],[107.3301,20.8406],[107.3299,20.8394],[107.3288,20.8399]]],[[[107.3086,20.8398],[107.3086,20.8415],[107.3094,20.84],[107.3086,20.8398]]],[[[107.3304,20.8414],[107.3315,20.8432],[107.3321,20.8415],[107.3304,20.8414]]],[[[107.3102,20.8434],[107.3089,20.8448],[107.3102,20.8448],[107.3102,20.8434]]],[[[107.3241,20.8464],[107.3217,20.8449],[107.3209,20.8457],[107.3241,20.8464]]],[[[107.3052,20.8475],[107.3068,20.848],[107.306,20.8472],[107.3052,20.8475]]],[[[107.3137,20.8538],[107.314,20.855],[107.3145,20.854],[107.3137,20.8538]]],[[[107.3123,20.854],[107.3107,20.855],[107.3119,20.8557],[107.3123,20.854]]],[[[107.3542,20.8563],[107.3553,20.8575],[107.3554,20.8563],[107.3542,20.8563]]],[[[107.3343,20.8589],[107.3332,20.8605],[107.3338,20.8608],[107.3343,20.8589]]],[[[107.3078,20.861],[107.3083,20.8627],[107.3085,20.861],[107.3078,20.861]]],[[[107.3141,20.8636],[107.3148,20.8653],[107.3155,20.8641],[107.3141,20.8636]]],[[[107.3225,20.8648],[107.3189,20.8652],[107.3213,20.8673],[107.3225,20.8648]]],[[[107.3088,20.8659],[107.3104,20.8654],[107.3096,20.865],[107.3088,20.8659]]],[[[107.3183,20.8664],[107.3169,20.8678],[107.3183,20.8675],[107.3183,20.8664]]],[[[107.3175,20.8693],[107.3186,20.8697],[107.3188,20.8688],[107.3175,20.8693]]],[[[107.3473,20.885],[107.3867,20.8881],[107.3946,20.876],[107.3734,20.8756],[107.3916,20.8646],[107.3523,20.8607],[107.3403,20.8867],[107.3377,20.873],[107.3297,20.8768],[107.3302,20.8949],[107.3473,20.885]]],[[[107.3151,20.8766],[107.2915,20.9076],[107.3242,20.8731],[107.3151,20.8766]]],[[[107.3504,20.8987],[107.3474,20.8874],[107.339,20.8996],[107.3504,20.8987]]],[[[107.358,20.8942],[107.3569,20.8957],[107.3577,20.896],[107.358,20.8942]]],[[[107.3374,20.897],[107.3359,20.8951],[107.3341,20.898],[107.3374,20.897]]],[[[107.3588,20.8967],[107.3584,20.899],[107.3596,20.8977],[107.3588,20.8967]]],[[[107.3301,20.8978],[107.3307,20.8987],[107.3316,20.8977],[107.3301,20.8978]]],[[[107.356,20.8987],[107.354,20.8998],[107.3562,20.8991],[107.356,20.8987]]],[[[107.3285,20.899],[107.3283,20.9012],[107.329,20.8992],[107.3285,20.899]]],[[[107.3073,20.8999],[107.3089,20.9006],[107.3087,20.8995],[107.3073,20.8999]]],[[[107.3329,20.9002],[107.3336,20.9019],[107.3344,20.9013],[107.3329,20.9002]]],[[[107.3167,20.8847],[107.307,20.92],[107.3236,20.8829],[107.3167,20.8847]]],[[[107.3481,20.901],[107.3482,20.903],[107.3491,20.9025],[107.3481,20.901]]],[[[107.3067,20.9023],[107.3057,20.904],[107.3071,20.9029],[107.3067,20.9023]]],[[[107.3304,20.904],[107.3321,20.9025],[107.3303,20.9023],[107.3304,20.904]]],[[[107.3417,20.9038],[107.3414,20.9023],[107.3387,20.9049],[107.3417,20.9038]]],[[[107.3272,20.9023],[107.3236,20.9044],[107.3191,20.909],[107.3272,20.9023]]],[[[107.304,20.9096],[107.3047,20.911],[107.3051,20.9102],[107.304,20.9096]]],[[[107.3227,20.915],[107.3243,20.915],[107.3242,20.9142],[107.3227,20.915]]],[[[107.3495,20.9151],[107.3117,20.9229],[107.3112,20.9244],[107.32,20.9279],[107.3495,20.9151]]],[[[107.3872,20.9609],[107.3821,20.9478],[107.3517,20.9257],[107.3109,20.9357],[107.3142,20.9425],[107.3387,20.944],[107.3426,20.9354],[107.3754,20.9604],[107.3872,20.9609]]],[[[107.3057,20.948],[107.3072,20.9493],[107.306,20.9474],[107.3057,20.948]]],[[[107.3357,20.9489],[107.3286,20.9479],[107.3259,20.9489],[107.3357,20.9489]]],[[[107.341,20.9509],[107.3424,20.9521],[107.343,20.9513],[107.341,20.9509]]],[[[107.3315,20.9524],[107.329,20.9534],[107.3317,20.9535],[107.3315,20.9524]]],[[[107.3108,20.954],[107.3027,20.9515],[107.2976,20.9564],[107.3108,20.954]]],[[[107.3512,20.953],[107.3524,20.9569],[107.3532,20.957],[107.3512,20.953]]],[[[107.3333,20.9553],[107.3324,20.9566],[107.3337,20.9565],[107.3333,20.9553]]],[[[107.3081,20.9557],[107.3083,20.9572],[107.3086,20.9558],[107.3081,20.9557]]],[[[107.3351,20.9579],[107.334,20.9569],[107.3332,20.9582],[107.3351,20.9579]]],[[[107.3157,20.9593],[107.3154,20.9612],[107.3164,20.9598],[107.3157,20.9593]]],[[[107.3068,20.971],[107.3139,20.9595],[107.3136,20.9575],[107.301,20.9642],[107.3068,20.971]]],[[[107.3483,20.9649],[107.349,20.9665],[107.3493,20.9656],[107.3483,20.9649]]],[[[107.3602,20.9691],[107.3574,20.9699],[107.3609,20.9696],[107.3602,20.9691]]],[[[107.3256,20.9739],[107.3233,20.9712],[107.3229,20.9734],[107.3256,20.9739]]],[[[107.3108,20.9722],[107.3121,20.9731],[107.3119,20.972],[107.3108,20.9722]]],[[[107.3087,20.9742],[107.3104,20.9749],[107.3102,20.9739],[107.3087,20.9742]]],[[[107.3201,20.983],[107.3203,20.9798],[107.318,20.9815],[107.3201,20.983]]],[[[107.3085,20.9822],[107.3099,20.9825],[107.3097,20.981],[107.3085,20.9822]]],[[[107.345,20.9831],[107.3435,20.9851],[107.3454,20.9836],[107.345,20.9831]]],[[[107.3119,20.9839],[107.3111,20.9858],[107.3129,20.9846],[107.3119,20.9839]]],[[[107.3499,20.9847],[107.35,20.9866],[107.3516,20.985],[107.3499,20.9847]]],[[[107.3136,20.9851],[107.3125,20.9866],[107.3139,20.9865],[107.3136,20.9851]]],[[[107.3421,20.9855],[107.341,20.9873],[107.3425,20.9869],[107.3421,20.9855]]],[[[107.3552,20.9857],[107.355,20.9873],[107.3563,20.9861],[107.3552,20.9857]]],[[[107.3448,20.9863],[107.3462,20.9886],[107.3477,20.9876],[107.3448,20.9863]]],[[[107.3585,20.9886],[107.358,20.9902],[107.3596,20.9897],[107.3585,20.9886]]],[[[107.3549,20.9894],[107.353,20.9901],[107.355,20.9903],[107.3549,20.9894]]],[[[107.3418,20.9882],[107.3433,20.9921],[107.3439,20.992],[107.3418,20.9882]]],[[[107.345,20.9901],[107.3457,20.9915],[107.347,20.9898],[107.345,20.9901]]],[[[107.3601,20.9901],[107.3607,20.9918],[107.3612,20.9908],[107.3601,20.9901]]],[[[107.3079,20.9929],[107.3093,20.9899],[107.3043,20.9904],[107.3079,20.9929]]],[[[107.3478,20.9907],[107.3482,20.9923],[107.3489,20.9916],[107.3478,20.9907]]],[[[107.3534,20.9936],[107.349,20.9925],[107.3508,20.9967],[107.3534,20.9936]]],[[[107.3541,20.9939],[107.3548,20.9953],[107.3555,20.9943],[107.3541,20.9939]]],[[[107.3631,20.9946],[107.3635,20.996],[107.3641,20.9947],[107.3631,20.9946]]],[[[107.3626,20.9971],[107.3627,20.9985],[107.3636,20.9977],[107.3626,20.9971]]],[[[107.3659,20.9978],[107.3666,20.9988],[107.3668,20.9983],[107.3659,20.9978]]],[[[107.378,20.749],[107.3761,20.7515],[107.3786,20.7524],[107.378,20.749]]],[[[107.3923,20.7572],[107.3986,20.7518],[107.3861,20.746],[107.3923,20.7572]]],[[[107.3858,20.7898],[107.3832,20.7888],[107.384,20.79],[107.3858,20.7898]]],[[[107.4326,20.7887],[107.4303,20.7898],[107.4309,20.7914],[107.4326,20.7887]]],[[[107.415,20.7729],[107.4009,20.7784],[107.3998,20.7998],[107.4069,20.8085],[107.4208,20.7968],[107.415,20.7729]]],[[[107.3693,20.8016],[107.3704,20.8044],[107.3703,20.8013],[107.3693,20.8016]]],[[[107.3703,20.8428],[107.3697,20.8407],[107.3675,20.8426],[107.3703,20.8428]]],[[[107.3888,20.8442],[107.3882,20.8476],[107.3906,20.8455],[107.3888,20.8442]]],[[[107.4146,20.8493],[107.4145,20.8561],[107.4166,20.8561],[107.4146,20.8493]]],[[[107.3945,20.8715],[107.396,20.8716],[107.3949,20.8709],[107.3945,20.8715]]],[[[107.3976,20.8788],[107.399,20.8791],[107.3982,20.8782],[107.3976,20.8788]]],[[[107.3977,20.8803],[107.3974,20.8834],[107.3993,20.8822],[107.3977,20.8803]]],[[[107.3994,20.8874],[107.3958,20.8855],[107.3936,20.8868],[107.3994,20.8874]]],[[[107.391,20.8863],[107.392,20.8886],[107.3925,20.8866],[107.391,20.8863]]],[[[107.3891,20.8893],[107.3894,20.8909],[107.3906,20.8891],[107.3891,20.8893]]],[[[107.3907,20.8915],[107.3912,20.8954],[107.3934,20.8935],[107.3907,20.8915]]],[[[107.3734,20.893],[107.3742,20.8943],[107.3746,20.893],[107.3734,20.893]]],[[[107.411,20.8937],[107.4119,20.8959],[107.4122,20.8939],[107.411,20.8937]]],[[[107.4518,20.8986],[107.4328,20.8854],[107.4157,20.8924],[107.4443,20.9056],[107.4437,20.8993],[107.4518,20.8986]]],[[[107.3701,20.9018],[107.374,20.8973],[107.3626,20.8998],[107.3701,20.9018]]],[[[107.3658,20.9162],[107.3678,20.9132],[107.3627,20.915],[107.3658,20.9162]]],[[[107.3972,20.9257],[107.3967,20.9278],[107.3989,20.9276],[107.3972,20.9257]]],[[[107.4307,20.9255],[107.4331,20.9292],[107.4356,20.9297],[107.4307,20.9255]]],[[[107.3944,20.9332],[107.395,20.9344],[107.3958,20.9331],[107.3944,20.9332]]],[[[107.4082,20.9156],[107.3724,20.9036],[107.3465,20.9046],[107.4051,20.9198],[107.421,20.9483],[107.4542,20.968],[107.448,20.9459],[107.4082,20.9156]]],[[[107.3856,20.934],[107.3866,20.9358],[107.3864,20.9339],[107.3856,20.934]]],[[[107.3961,20.9374],[107.3907,20.94],[107.3942,20.943],[107.3961,20.9374]]],[[[107.397,20.9402],[107.3987,20.9405],[107.3981,20.9395],[107.397,20.9402]]],[[[107.38,20.9395],[107.385,20.9464],[107.3926,20.9486],[107.3923,20.9431],[107.38,20.9395]]],[[[107.4146,20.9482],[107.4148,20.9497],[107.4155,20.9482],[107.4146,20.9482]]],[[[107.3938,20.949],[107.3929,20.9507],[107.3955,20.9493],[107.3938,20.949]]],[[[107.3943,20.9516],[107.393,20.9545],[107.395,20.9525],[107.3943,20.9516]]],[[[107.3887,20.9532],[107.3889,20.9554],[107.3902,20.9549],[107.3887,20.9532]]],[[[107.3665,20.962],[107.3675,20.9635],[107.3678,20.9621],[107.3665,20.962]]],[[[107.3707,20.9628],[107.3712,20.965],[107.3721,20.9642],[107.3707,20.9628]]],[[[107.4353,20.9668],[107.4317,20.962],[107.4294,20.9623],[107.4353,20.9668]]],[[[107.3694,20.966],[107.3707,20.9688],[107.3722,20.9688],[107.3694,20.966]]],[[[107.4066,20.9686],[107.4077,20.9699],[107.4079,20.969],[107.4066,20.9686]]],[[[107.378,20.9715],[107.3794,20.9712],[107.3782,20.9705],[107.378,20.9715]]],[[[107.3976,20.9717],[107.3974,20.9742],[107.399,20.9726],[107.3976,20.9717]]],[[[107.4337,20.9749],[107.4316,20.9719],[107.4304,20.9733],[107.4337,20.9749]]],[[[107.4147,20.9731],[107.4135,20.9741],[107.4151,20.9738],[107.4147,20.9731]]],[[[107.4181,20.9763],[107.4201,20.9754],[107.4176,20.9749],[107.4181,20.9763]]],[[[107.3745,20.9785],[107.3775,20.9757],[107.3741,20.9772],[107.3745,20.9785]]],[[[107.436,20.9765],[107.4372,20.9772],[107.4373,20.9767],[107.436,20.9765]]],[[[107.4179,20.9768],[107.4151,20.9773],[107.4149,20.9787],[107.4179,20.9768]]],[[[107.4033,20.9799],[107.4051,20.9765],[107.4018,20.9774],[107.4033,20.9799]]],[[[107.4072,20.9797],[107.4075,20.981],[107.4084,20.9799],[107.4072,20.9797]]],[[[107.426,20.9802],[107.4269,20.9814],[107.4267,20.9803],[107.426,20.9802]]],[[[107.3828,20.9832],[107.3854,20.9806],[107.3811,20.9818],[107.3828,20.9832]]],[[[107.4216,20.9819],[107.4232,20.9823],[107.4221,20.9813],[107.4216,20.9819]]],[[[107.4157,20.9813],[107.4156,20.9828],[107.4164,20.9814],[107.4157,20.9813]]],[[[107.4057,20.9817],[107.4058,20.9833],[107.4066,20.9819],[107.4057,20.9817]]],[[[107.4138,20.9852],[107.4146,20.9863],[107.415,20.9857],[107.4138,20.9852]]],[[[107.4108,20.9861],[107.4116,20.9876],[107.4121,20.9858],[107.4108,20.9861]]],[[[107.3894,20.9858],[107.3885,20.9879],[107.3896,20.9878],[107.3894,20.9858]]],[[[107.414,20.9883],[107.4153,20.9896],[107.416,20.987],[107.414,20.9883]]],[[[107.3999,20.9892],[107.4014,20.9894],[107.4008,20.9884],[107.3999,20.9892]]],[[[107.3979,20.9908],[107.399,20.9923],[107.3986,20.9907],[107.3979,20.9908]]],[[[107.3778,20.9915],[107.3761,20.992],[107.3768,20.9926],[107.3778,20.9915]]],[[[107.4056,20.9924],[107.4042,20.9917],[107.404,20.9924],[107.4056,20.9924]]],[[[107.4009,20.9929],[107.402,20.9944],[107.4023,20.9933],[107.4009,20.9929]]],[[[107.3939,20.9934],[107.3946,20.9946],[107.3951,20.9936],[107.3939,20.9934]]],[[[107.3909,20.9945],[107.3917,20.9959],[107.3918,20.9948],[107.3909,20.9945]]],[[[107.4054,20.9948],[107.4053,20.9965],[107.406,20.9961],[107.4054,20.9948]]],[[[107.4272,20.9947],[107.423,20.9947],[107.4247,20.9982],[107.4257,20.9953],[107.4272,20.9947]]],[[[107.4265,20.9955],[107.4275,20.9968],[107.4277,20.9956],[107.4265,20.9955]]],[[[107.3814,20.9959],[107.3785,20.9959],[107.3814,20.9974],[107.3814,20.9959]]],[[[107.4231,20.9962],[107.422,20.9973],[107.4235,20.9966],[107.4231,20.9962]]],[[[107.3776,20.998],[107.3787,20.9967],[107.3773,20.9974],[107.3776,20.998]]],[[[107.4093,20.9964],[107.4071,20.9975],[107.4112,20.9999],[107.4093,20.9964]]],[[[107.4296,20.9975],[107.43,20.999],[107.4305,20.9979],[107.4296,20.9975]]],[[[107.3894,20.9977],[107.3902,20.9989],[107.3905,20.9978],[107.3894,20.9977]]],[[[107.3927,20.9975],[107.3913,21.0002],[107.3945,20.9976],[107.3927,20.9975]]],[[[107.3834,21.0073],[107.3832,21.0021],[107.3795,21.0071],[107.3834,21.0073]]],[[[107.3879,21.0082],[107.3853,21.0073],[107.3844,21.0091],[107.3879,21.0082]]],[[[107.4045,21.0123],[107.4074,21.0099],[107.404,21.0091],[107.4045,21.0123]]],[[[107.4082,21.0155],[107.4063,21.0135],[107.4054,21.0144],[107.4082,21.0155]]],[[[107.4282,21.023],[107.4284,21.0192],[107.4272,21.0226],[107.4282,21.023]]],[[[107.4095,21.0277],[107.4065,21.0283],[107.4121,21.0305],[107.4095,21.0277]]],[[[107.4182,21.0289],[107.4172,21.0312],[107.419,21.0325],[107.4182,21.0289]]],[[[107.4234,21.0352],[107.4285,21.0333],[107.4216,21.0309],[107.4234,21.0352]]],[[[107.4058,21.0333],[107.4033,21.0343],[107.4035,21.0347],[107.4058,21.0333]]],[[[107.3707,21.0365],[107.3771,21.0544],[107.3746,21.0333],[107.3707,21.0365]]],[[[107.4235,21.0459],[107.4244,21.0486],[107.4247,21.0459],[107.4235,21.0459]]],[[[107.4181,21.0492],[107.4165,21.0473],[107.4159,21.0489],[107.4181,21.0492]]],[[[107.438,21.0574],[107.4315,21.0528],[107.4308,21.0546],[107.438,21.0574]]],[[[107.4302,21.057],[107.4279,21.0559],[107.4276,21.0568],[107.4302,21.057]]],[[[107.4,21.1322],[107.395,21.1677],[107.4036,21.1703],[107.4069,21.1381],[107.4,21.1322]]],[[[107.4273,21.178],[107.422,21.1865],[107.431,21.1948],[107.4377,21.1802],[107.4273,21.178]]],[[[107.3924,21.2187],[107.3902,21.1937],[107.38,21.1997],[107.3784,21.1901],[107.3702,21.1944],[107.385,21.238],[107.3958,21.2293],[107.4092,21.2411],[107.4105,21.2312],[107.3924,21.2187]]],[[[107.3738,21.2514],[107.3738,21.2559],[107.3744,21.2515],[107.3738,21.2514]]],[[[107.4385,21.2758],[107.4323,21.2708],[107.4311,21.2708],[107.4385,21.2758]]],[[[107.4239,21.2846],[107.4251,21.2865],[107.4255,21.2861],[107.4239,21.2846]]],[[[107.456,20.7282],[107.4574,20.729],[107.4575,20.7281],[107.456,20.7282]]],[[[107.4589,20.729],[107.4681,20.7392],[107.4726,20.7409],[107.4585,20.7181],[107.4465,20.7177],[107.4589,20.729]]],[[[107.4532,20.729],[107.4545,20.7294],[107.454,20.7286],[107.4532,20.729]]],[[[107.4575,20.7309],[107.4587,20.7301],[107.4579,20.7299],[107.4575,20.7309]]],[[[107.453,20.7303],[107.4539,20.7316],[107.4543,20.7308],[107.453,20.7303]]],[[[107.455,20.7313],[107.4564,20.7309],[107.4556,20.7305],[107.455,20.7313]]],[[[107.459,20.7337],[107.4606,20.7343],[107.4603,20.7334],[107.459,20.7337]]],[[[107.4659,20.7548],[107.4644,20.7557],[107.4659,20.7559],[107.4659,20.7548]]],[[[107.4738,20.764],[107.4794,20.7703],[107.4936,20.777],[107.4833,20.7581],[107.4738,20.764]]],[[[107.4888,20.7807],[107.4903,20.7802],[107.4894,20.7796],[107.4888,20.7807]]],[[[107.4814,20.8005],[107.4808,20.8031],[107.4826,20.801],[107.4814,20.8005]]],[[[107.5136,20.8804],[107.4962,20.8659],[107.4798,20.8187],[107.4703,20.8147],[107.4918,20.869],[107.4758,20.8852],[107.4938,20.8788],[107.5102,20.8853],[107.5191,20.9118],[107.5326,20.9169],[107.5511,20.9557],[107.5576,20.9323],[107.5225,20.9017],[107.5136,20.8804]]],[[[107.4693,20.8899],[107.4639,20.8971],[107.471,20.8903],[107.4693,20.8899]]],[[[107.461,20.899],[107.4593,20.8996],[107.461,20.8996],[107.461,20.899]]],[[[107.4475,20.9041],[107.4492,20.9037],[107.4472,20.9031],[107.4475,20.9041]]],[[[107.5044,20.8943],[107.4813,20.9006],[107.5163,20.9136],[107.5044,20.8943]]],[[[107.4764,20.9068],[107.4763,20.9082],[107.4773,20.9075],[107.4764,20.9068]]],[[[107.5218,20.925],[107.5226,20.9265],[107.5231,20.9259],[107.5218,20.925]]],[[[107.44,20.9314],[107.4406,20.9333],[107.4413,20.9331],[107.44,20.9314]]],[[[107.549,20.9915],[107.5158,20.9216],[107.451,20.906],[107.4604,20.9117],[107.4551,20.9167],[107.3951,20.8931],[107.395,20.9013],[107.4304,20.9171],[107.4819,20.9546],[107.4921,20.9796],[107.4689,20.9502],[107.4434,20.9327],[107.4689,20.9702],[107.4667,20.9794],[107.4864,20.9844],[107.5094,21.0173],[107.5103,21.0021],[107.5355,21.0406],[107.5371,21.0084],[107.5499,21.03],[107.5505,21.0448],[107.5582,21.0443],[107.5567,21.0297],[107.5459,21.0188],[107.5426,21.0027],[107.549,20.9915]]],[[[107.4667,20.9707],[107.4646,20.9697],[107.4651,20.9709],[107.4667,20.9707]]],[[[107.4388,20.9698],[107.4402,20.9716],[107.4391,20.9696],[107.4388,20.9698]]],[[[107.4476,20.9732],[107.4461,20.9692],[107.4447,20.969],[107.4476,20.9732]]],[[[107.4416,20.9728],[107.4415,20.9742],[107.4427,20.9734],[107.4416,20.9728]]],[[[107.4492,20.9733],[107.4501,20.9744],[107.4498,20.973],[107.4492,20.9733]]],[[[107.442,20.9821],[107.4432,20.9756],[107.4364,20.9799],[107.4409,20.9799],[107.442,20.9821]]],[[[107.4381,20.9838],[107.4404,20.9815],[107.4362,20.9823],[107.4381,20.9838]]],[[[107.5495,20.9833],[107.5492,20.9857],[107.5501,20.9834],[107.5495,20.9833]]],[[[107.551,20.9848],[107.5523,20.9858],[107.5515,20.9845],[107.551,20.9848]]],[[[107.5501,20.9856],[107.5493,20.9874],[107.5507,20.9861],[107.5501,20.9856]]],[[[107.4488,20.9935],[107.4475,20.9947],[107.4484,20.9948],[107.4488,20.9935]]],[[[107.4668,20.9947],[107.4668,20.9961],[107.4677,20.9956],[107.4668,20.9947]]],[[[107.4468,21.0101],[107.4475,21.0041],[107.4433,21.0095],[107.4468,21.0101]]],[[[107.4417,21.0115],[107.4418,21.0079],[107.4409,21.0073],[107.44,21.0099],[107.4417,21.0115]]],[[[107.5524,21.0097],[107.5498,21.0106],[107.5517,21.0113],[107.5524,21.0097]]],[[[107.4513,21.0123],[107.451,21.0092],[107.4494,21.0114],[107.4513,21.0123]]],[[[107.4456,21.0117],[107.4438,21.0139],[107.4462,21.0136],[107.4456,21.0117]]],[[[107.46,21.015],[107.4538,21.0145],[107.4572,21.017],[107.46,21.015]]],[[[107.4468,21.015],[107.4475,21.0171],[107.4483,21.0155],[107.4468,21.015]]],[[[107.4787,21.0163],[107.4796,21.0191],[107.4805,21.019],[107.4787,21.0163]]],[[[107.4342,21.0117],[107.4468,21.0244],[107.4438,21.0157],[107.4342,21.0117]]],[[[107.4614,21.0198],[107.4604,21.0194],[107.4588,21.0215],[107.4614,21.0198]]],[[[107.4553,21.0221],[107.4531,21.0208],[107.4534,21.0223],[107.4553,21.0221]]],[[[107.4523,21.026],[107.4501,21.0174],[107.4473,21.0216],[107.4523,21.026]]],[[[107.4607,21.028],[107.4623,21.0229],[107.4592,21.0241],[107.4607,21.028]]],[[[107.4876,21.0246],[107.4866,21.0271],[107.4875,21.0271],[107.4876,21.0246]]],[[[107.4561,21.0237],[107.4541,21.0266],[107.4552,21.0302],[107.4561,21.0237]]],[[[107.4924,21.0286],[107.4899,21.0291],[107.4864,21.0319],[107.4924,21.0286]]],[[[107.5145,21.0327],[107.5117,21.0313],[107.5116,21.0324],[107.5145,21.0327]]],[[[107.4923,21.0305],[107.493,21.0322],[107.4938,21.0309],[107.4923,21.0305]]],[[[107.5388,21.0195],[107.5469,21.0436],[107.547,21.0332],[107.5388,21.0195]]],[[[107.4935,21.0343],[107.4905,21.0347],[107.4919,21.0367],[107.4935,21.0343]]],[[[107.4895,21.0406],[107.4888,21.0362],[107.4864,21.0397],[107.4895,21.0406]]],[[[107.5109,21.0399],[107.5105,21.0426],[107.5123,21.0424],[107.5109,21.0399]]],[[[107.4459,21.0471],[107.4396,21.0434],[107.4438,21.0496],[107.4459,21.0471]]],[[[107.4366,21.0457],[107.4357,21.0478],[107.4375,21.0488],[107.4366,21.0457]]],[[[107.5594,21.05],[107.5596,21.052],[107.5608,21.0504],[107.5594,21.05]]],[[[107.4443,21.05],[107.4438,21.0533],[107.446,21.0541],[107.4443,21.05]]],[[[107.4697,21.0539],[107.4698,21.0512],[107.4678,21.0523],[107.4697,21.0539]]],[[[107.524,21.0454],[107.5081,21.0438],[107.4991,21.0347],[107.4949,21.0397],[107.5261,21.0668],[107.5232,21.0739],[107.537,21.0628],[107.524,21.0454]]],[[[107.4948,21.0574],[107.4943,21.0547],[107.4928,21.0553],[107.4948,21.0574]]],[[[107.5386,21.0534],[107.5398,21.0589],[107.5413,21.0545],[107.5386,21.0534]]],[[[107.4924,21.0555],[107.4915,21.0573],[107.4934,21.0574],[107.4924,21.0555]]],[[[107.4626,21.0565],[107.4605,21.057],[107.4625,21.0584],[107.4626,21.0565]]],[[[107.5445,21.0578],[107.5418,21.061],[107.5429,21.0622],[107.5445,21.0578]]],[[[107.4656,21.0586],[107.4653,21.0604],[107.4667,21.0604],[107.4656,21.0586]]],[[[107.5052,21.0582],[107.5006,21.0591],[107.5056,21.0609],[107.5052,21.0582]]],[[[107.5497,21.0527],[107.5558,21.0558],[107.5492,21.0593],[107.5576,21.0696],[107.5574,21.0505],[107.5497,21.0527]]],[[[107.5469,21.0612],[107.5485,21.0624],[107.5473,21.0604],[107.5469,21.0612]]],[[[107.4461,21.0644],[107.4497,21.063],[107.4462,21.0625],[107.4461,21.0644]]],[[[107.5158,21.067],[107.5123,21.065],[107.5056,21.0662],[107.5158,21.067]]],[[[107.4906,21.0629],[107.491,21.0664],[107.4936,21.0656],[107.4906,21.0629]]],[[[107.5361,21.0664],[107.5333,21.0672],[107.535,21.0686],[107.5361,21.0664]]],[[[107.4462,21.0695],[107.442,21.0644],[107.4406,21.0649],[107.4462,21.0695]]],[[[107.5479,21.0665],[107.5492,21.0682],[107.5499,21.0672],[107.5479,21.0665]]],[[[107.5156,21.0695],[107.4974,21.0721],[107.5151,21.0734],[107.5156,21.0695]]],[[[107.4512,21.074],[107.451,21.071],[107.4504,21.0711],[107.4512,21.074]]],[[[107.4814,21.0797],[107.4806,21.082],[107.4812,21.0821],[107.4814,21.0797]]],[[[107.464,21.0855],[107.4619,21.0853],[107.4639,21.0858],[107.464,21.0855]]],[[[107.4904,21.0894],[107.4916,21.0837],[107.4853,21.0835],[107.4904,21.0894]]],[[[107.5167,21.0861],[107.5136,21.0873],[107.5157,21.0886],[107.5167,21.0861]]],[[[107.4682,21.0871],[107.4674,21.0893],[107.4696,21.0874],[107.4682,21.0871]]],[[[107.4991,21.0918],[107.5022,21.095],[107.5029,21.0949],[107.4991,21.0918]]],[[[107.5662,21.0819],[107.5398,21.0668],[107.525,21.0796],[107.5519,21.1169],[107.563,21.1116],[107.5795,21.1199],[107.5662,21.0819]]],[[[107.5033,21.1013],[107.5037,21.1031],[107.5045,21.1018],[107.5033,21.1013]]],[[[107.5398,21.1057],[107.5371,21.1097],[107.5374,21.1101],[107.5398,21.1057]]],[[[107.5431,21.1142],[107.5415,21.1164],[107.5432,21.1169],[107.5431,21.1142]]],[[[107.5638,21.2027],[107.6108,21.2177],[107.5932,21.1891],[107.5587,21.1561],[107.4883,21.1091],[107.4528,21.0781],[107.4447,21.0796],[107.4422,21.0704],[107.4276,21.0687],[107.4291,21.059],[107.3952,21.0384],[107.3814,21.0394],[107.3815,21.0576],[107.3679,21.075],[107.3852,21.0855],[107.3824,21.0924],[107.3987,21.1023],[107.4239,21.1421],[107.4397,21.149],[107.4334,21.1597],[107.4255,21.1564],[107.4213,21.1687],[107.433,21.1739],[107.4471,21.1638],[107.4441,21.1845],[107.4765,21.1822],[107.4736,21.1942],[107.4566,21.206],[107.4641,21.2102],[107.4512,21.2349],[107.4563,21.2735],[107.4751,21.2701],[107.5267,21.2232],[107.5392,21.1991],[107.5638,21.2027]]],[[[107.5383,21.2567],[107.5462,21.2534],[107.5368,21.2562],[107.5383,21.2567]]],[[[107.5881,21.2619],[107.5673,21.2609],[107.557,21.2539],[107.5581,21.2631],[107.5473,21.2649],[107.5456,21.2561],[107.54,21.2651],[107.5702,21.2768],[107.5881,21.2619]]],[[[107.5583,21.2815],[107.5467,21.2754],[107.5426,21.2768],[107.5498,21.2827],[107.5583,21.2815]]],[[[107.5116,21.2874],[107.5227,21.2837],[107.5106,21.2859],[107.5116,21.2874]]],[[[107.4898,21.2929],[107.4892,21.2884],[107.4847,21.2962],[107.4898,21.2929]]],[[[107.4875,21.2973],[107.4792,21.2964],[107.4782,21.2989],[107.4823,21.2994],[107.4875,21.2973]]],[[[107.5112,21.3098],[107.5113,21.3063],[107.5096,21.3061],[107.5112,21.3098]]],[[[107.7842,20.9736],[107.7864,20.9774],[107.7906,20.9738],[107.7842,20.9736]]],[[[107.7475,21.0224],[107.7863,20.9879],[107.7808,20.9813],[107.781,20.9883],[107.7645,20.996],[107.763,20.9847],[107.7738,20.9836],[107.7799,20.9702],[107.7384,20.9424],[107.7629,20.9699],[107.7357,20.9911],[107.7321,21.0053],[107.7384,21.0163],[107.7475,21.0224]]],[[[107.5681,20.9835],[107.5657,20.9842],[107.5679,20.9871],[107.5681,20.9835]]],[[[107.7993,20.9835],[107.8011,20.9872],[107.8029,20.9839],[107.7993,20.9835]]],[[[107.8404,21.009],[107.842,21.0093],[107.842,21.0087],[107.8404,21.009]]],[[[107.8637,21.0275],[107.8436,21.017],[107.8359,20.9992],[107.8215,20.9934],[107.8212,20.9832],[107.8048,20.9769],[107.8072,21.0041],[107.8355,21.042],[107.8576,21.0442],[107.8637,21.0275]]],[[[107.8622,21.024],[107.8622,21.0251],[107.8628,21.0241],[107.8622,21.024]]],[[[107.7947,21.0354],[107.795,21.0335],[107.7935,21.0333],[107.7947,21.0354]]],[[[107.8214,21.0319],[107.8195,21.0373],[107.824,21.0371],[107.8214,21.0319]]],[[[107.7768,21.0508],[107.7811,21.0366],[107.7656,21.0322],[107.7651,21.0424],[107.7768,21.0508]]],[[[107.7059,21.0445],[107.707,21.0455],[107.7067,21.0442],[107.7059,21.0445]]],[[[107.8349,21.045],[107.8366,21.0474],[107.8375,21.0471],[107.8349,21.045]]],[[[107.5643,20.9696],[107.5745,20.9916],[107.5656,20.9986],[107.5864,21.0328],[107.5883,21.0714],[107.6311,21.1254],[107.5767,20.9787],[107.5643,20.9696]]],[[[107.7544,21.048],[107.7554,21.0515],[107.7564,21.0511],[107.7544,21.048]]],[[[107.8439,21.0504],[107.8453,21.0517],[107.8449,21.0502],[107.8439,21.0504]]],[[[107.8522,21.0506],[107.8521,21.0521],[107.8529,21.0515],[107.8522,21.0506]]],[[[107.8578,21.0509],[107.8592,21.0521],[107.8592,21.0507],[107.8578,21.0509]]],[[[107.8654,21.0555],[107.8633,21.0604],[107.8649,21.0607],[107.8654,21.0555]]],[[[107.5684,21.0634],[107.5678,21.0666],[107.5685,21.067],[107.5684,21.0634]]],[[[107.5748,21.0668],[107.5708,21.0638],[107.5707,21.068],[107.5748,21.0668]]],[[[107.7695,21.0689],[107.7769,21.0741],[107.7727,21.066],[107.7695,21.0689]]],[[[107.7447,21.0725],[107.7453,21.0739],[107.7459,21.0729],[107.7447,21.0725]]],[[[107.8208,21.0735],[107.8215,21.0749],[107.8219,21.0734],[107.8208,21.0735]]],[[[107.5722,21.0801],[107.5882,21.1016],[107.5735,21.0761],[107.5722,21.0801]]],[[[107.5974,21.092],[107.5983,21.0934],[107.5984,21.0919],[107.5974,21.092]]],[[[107.7696,21.0989],[107.77,21.1006],[107.7709,21.0997],[107.7696,21.0989]]],[[[107.8249,21.1017],[107.8267,21.1037],[107.8274,21.1035],[107.8249,21.1017]]],[[[107.803,21.1027],[107.8156,21.1156],[107.8204,21.1147],[107.821,21.1093],[107.803,21.1027]]],[[[107.5985,21.1088],[107.5993,21.1127],[107.6013,21.1125],[107.5985,21.1088]]],[[[107.614,21.1113],[107.6145,21.1131],[107.6155,21.1121],[107.614,21.1113]]],[[[107.6193,21.1205],[107.6199,21.1234],[107.6203,21.1235],[107.6193,21.1205]]],[[[107.603,21.1214],[107.6111,21.1234],[107.6071,21.118],[107.603,21.1214]]],[[[107.5818,21.1227],[107.5825,21.1252],[107.5833,21.1254],[107.5818,21.1227]]],[[[107.5588,21.1198],[107.5614,21.1344],[107.5822,21.1369],[107.5755,21.1269],[107.5588,21.1198]]],[[[107.8009,21.1306],[107.8005,21.1288],[107.7988,21.1299],[107.8009,21.1306]]],[[[107.7929,21.1292],[107.7935,21.1308],[107.7948,21.1304],[107.7929,21.1292]]],[[[107.8601,21.1289],[107.8591,21.131],[107.8599,21.1313],[107.8601,21.1289]]],[[[107.5903,21.1299],[107.5914,21.1327],[107.5927,21.1327],[107.5903,21.1299]]],[[[107.8016,21.131],[107.8032,21.1317],[107.8033,21.1311],[107.8016,21.131]]],[[[107.7993,21.1319],[107.801,21.1324],[107.7999,21.1312],[107.7993,21.1319]]],[[[107.797,21.1311],[107.7956,21.1334],[107.7969,21.1343],[107.797,21.1311]]],[[[107.7989,21.1351],[107.7998,21.1372],[107.7992,21.135],[107.7989,21.1351]]],[[[107.6433,21.1326],[107.6457,21.1394],[107.6502,21.1409],[107.6433,21.1326]]],[[[107.8518,21.1352],[107.8458,21.1374],[107.8479,21.1412],[107.8518,21.1352]]],[[[107.7996,21.1383],[107.8011,21.1392],[107.8005,21.1379],[107.7996,21.1383]]],[[[107.8645,21.1469],[107.8708,21.1401],[107.8683,21.1388],[107.8645,21.1469]]],[[[107.8452,21.1477],[107.8427,21.1465],[107.8417,21.1473],[107.8452,21.1477]]],[[[107.59,21.1562],[107.5857,21.145],[107.5817,21.1417],[107.5809,21.1486],[107.59,21.1562]]],[[[107.8681,21.1628],[107.8621,21.1556],[107.8516,21.1524],[107.8628,21.1638],[107.8681,21.1628]]],[[[107.6589,21.1764],[107.6706,21.2079],[107.6818,21.2152],[107.6643,21.1623],[107.6659,21.146],[107.6565,21.1382],[107.6589,21.1764]]],[[[107.6175,21.1735],[107.621,21.1831],[107.6269,21.1924],[107.6264,21.1888],[107.6175,21.1735]]],[[[108.0143,21.1947],[108.0202,21.1898],[108.0109,21.1905],[108.0143,21.1947]]],[[[108.0154,21.2063],[108.013,21.2028],[108.0115,21.207],[108.0154,21.2063]]],[[[107.5865,21.2135],[107.5725,21.209],[107.5872,21.2158],[107.5865,21.2135]]],[[[107.6881,21.2264],[107.6959,21.2339],[107.6815,21.2199],[107.6881,21.2264]]],[[[107.6001,21.2329],[107.5905,21.2257],[107.5797,21.2232],[107.581,21.2262],[107.6001,21.2329]]],[[[107.6169,21.2284],[107.6157,21.2297],[107.6184,21.2308],[107.6169,21.2284]]],[[[107.9799,21.2336],[107.9808,21.2337],[107.9809,21.2332],[107.9799,21.2336]]],[[[107.9803,21.2356],[107.981,21.2365],[107.9814,21.2363],[107.9803,21.2356]]],[[[107.6401,21.242],[107.6343,21.2333],[107.6287,21.2338],[107.6285,21.2368],[107.6401,21.242]]],[[[107.9689,21.2483],[107.979,21.2409],[107.9768,21.2306],[107.9475,21.2365],[107.9689,21.2483]]],[[[107.9828,21.2409],[107.9834,21.2419],[107.9837,21.2418],[107.9828,21.2409]]],[[[107.6305,21.2503],[107.6147,21.2337],[107.6055,21.2378],[107.6112,21.2432],[107.5888,21.2375],[107.6426,21.2602],[107.6215,21.2486],[107.6305,21.2503]]],[[[107.9779,21.2498],[107.9791,21.2504],[107.9788,21.2495],[107.9779,21.2498]]],[[[107.9741,21.2501],[107.9754,21.2514],[107.9749,21.2499],[107.9741,21.2501]]],[[[107.5708,21.2575],[107.57,21.2588],[107.5738,21.2566],[107.5708,21.2575]]],[[[107.6748,21.257],[107.6751,21.2603],[107.6794,21.2606],[107.6748,21.257]]],[[[107.6788,21.2625],[107.6794,21.2643],[107.6803,21.2635],[107.6788,21.2625]]],[[[107.6919,21.2669],[107.6841,21.2669],[107.6943,21.2697],[107.6919,21.2669]]],[[[107.6474,21.2743],[107.6443,21.2672],[107.6401,21.269],[107.6474,21.2743]]],[[[107.6633,21.2836],[107.6667,21.2779],[107.6508,21.2714],[107.6512,21.2769],[107.6633,21.2836]]],[[[107.7021,21.2764],[107.7043,21.2774],[107.7024,21.276],[107.7021,21.2764]]],[[[107.795,21.2956],[107.7515,21.284],[107.7667,21.2957],[107.795,21.2956]]],[[[107.7011,21.2951],[107.6679,21.2857],[107.7011,21.3003],[107.7011,21.2951]]],[[[108.0556,21.2977],[108.0662,21.3],[108.0705,21.2874],[108.0559,21.2895],[108.0556,21.2977]]],[[[107.8042,21.3159],[107.8055,21.3171],[107.8066,21.3163],[107.8042,21.3159]]],[[[107.7951,21.3319],[107.7346,21.303],[107.7297,21.3109],[107.7122,21.3042],[107.7966,21.3514],[107.8193,21.3564],[107.7951,21.3319]]],[[[107.8584,21.3605],[107.8547,21.3604],[107.8574,21.3628],[107.8584,21.3605]]],[[[107.8636,21.364],[107.8623,21.3656],[107.864,21.3651],[107.8636,21.364]]],[[[107.8713,21.3634],[107.8701,21.3664],[107.8737,21.366],[107.8713,21.3634]]],[[[107.7562,21.3716],[107.7615,21.3638],[107.7445,21.3624],[107.745,21.3694],[107.7562,21.3716]]],[[[108.0026,21.3948],[107.947,21.3567],[107.9248,21.3623],[107.8835,21.358],[107.8462,21.3395],[107.8427,21.3458],[107.8494,21.3572],[107.8482,21.3478],[107.8892,21.3711],[107.8337,21.3668],[107.8615,21.3784],[107.9632,21.3963],[108.0026,21.3948]]],[[[107.8496,21.3765],[107.8468,21.3768],[107.8496,21.3768],[107.8496,21.3765]]],[[[107.7652,21.3854],[107.7628,21.3834],[107.7618,21.3863],[107.7652,21.3854]]],[[[107.7667,21.3878],[107.7653,21.3862],[107.7647,21.3877],[107.7667,21.3878]]],[[[107.8996,21.415],[107.9,21.4179],[107.9014,21.4164],[107.8996,21.415]]],[[[108.0676,21.5047],[108.068,21.5055],[108.0691,21.5042],[108.0676,21.5047]]]]},"properties":{"province_code":"22","province_name":"Tỉnh Quảng Ninh","n_stations":142,"n_ports":1113,"ports_per_10k_pop":7.43,"population":1497447,"in_store":true}},{"type":"Feature","geometry":{"type":"Polygon","coordinates":[[[106.0553,21.006],[106.0311,20.9943],[106.0003,21.0013],[106.0099,21.0105],[106.0035,21.0184],[106.019,21.0481],[105.9996,21.0731],[105.9695,21.0719],[105.9576,21.0914],[105.941,21.085],[105.9302,21.112],[105.9157,21.1189],[105.9125,21.1277],[105.9259,21.1383],[105.9172,21.1677],[105.9224,21.1834],[105.9069,21.1929],[105.9154,21.2157],[105.9037,21.2262],[105.9388,21.246],[105.9232,21.2698],[105.9257,21.2927],[105.8989,21.3059],[105.8985,21.3265],[105.8816,21.3362],[105.887,21.3456],[105.9009,21.3439],[105.9102,21.3747],[105.9408,21.3738],[105.9615,21.4354],[105.9856,21.4113],[106.0275,21.3977],[106.0355,21.4127],[106.0274,21.4368],[106.0448,21.4405],[106.0514,21.4509],[106.0409,21.4717],[106.0466,21.4795],[106.0434,21.518],[106.0563,21.5518],[106.0305,21.562],[106.0575,21.6012],[106.0862,21.6208],[106.1302,21.6168],[106.1588,21.6261],[106.1861,21.6052],[106.1695,21.5946],[106.1709,21.5112],[106.2373,21.4943],[106.2425,21.4863],[106.2865,21.4905],[106.2842,21.4516],[106.3017,21.4421],[106.3103,21.4518],[106.3291,21.4461],[106.3239,21.4115],[106.3395,21.3996],[106.3774,21.3944],[106.415,21.4073],[106.4053,21.4266],[106.4189,21.4374],[106.4671,21.4375],[106.4827,21.4497],[106.4944,21.482],[106.5182,21.4952],[106.5085,21.5254],[106.5221,21.5357],[106.528,21.5595],[106.556,21.593],[106.6182,21.6076],[106.6341,21.6015],[106.6697,21.6069],[106.6991,21.5951],[106.7,21.5722],[106.7437,21.5411],[106.7572,21.5435],[106.7612,21.5713],[106.784,21.5763],[106.8021,21.5608],[106.844,21.5582],[106.8654,21.5317],[106.8398,21.5121],[106.843,21.4948],[106.8866,21.4923],[106.9015,21.4707],[106.8915,21.4529],[106.9107,21.4314],[106.9275,21.4392],[106.9324,21.4299],[106.9435,21.4347],[106.9547,21.4234],[106.9843,21.4398],[107.0032,21.4227],[106.986,21.4008],[106.9886,21.3608],[107.0174,21.342],[107.0322,21.3128],[107.0201,21.3005],[106.974,21.2845],[106.985,21.2581],[106.9768,21.2271],[106.9377,21.1701],[106.915,21.184],[106.8833,21.1835],[106.8715,21.1743],[106.8606,21.1771],[106.8564,21.1883],[106.8268,21.1887],[106.8301,21.1544],[106.7906,21.1496],[106.6448,21.1759],[106.611,21.1713],[106.6048,21.1793],[106.5896,21.1787],[106.5812,21.1913],[106.5436,21.192],[106.525,21.2232],[106.5082,21.2225],[106.4883,21.2335],[106.4686,21.2271],[106.4262,21.2314],[106.4123,21.2112],[106.3764,21.1957],[106.3631,21.1734],[106.3448,21.1651],[106.3234,21.1922],[106.3115,21.1911],[106.3229,21.1499],[106.2951,21.11],[106.3094,21.0574],[106.2733,20.9921],[106.2306,20.9963],[106.1683,20.9691],[106.1673,20.988],[106.1509,20.9894],[106.137,21.0009],[106.1281,20.9831],[106.1247,20.9894],[106.1153,20.9842],[106.1154,20.9953],[106.0897,21.0068],[106.0799,20.9958],[106.0553,21.006]]]},"properties":{"province_code":"24","province_name":"Tỉnh Bắc Ninh","n_stations":238,"n_ports":1524,"ports_per_10k_pop":4.21,"population":3619433,"in_store":true}},{"type":"Feature","geometry":{"type":"Polygon","coordinates":[[[105.0541,20.5641],[105.0211,20.5603],[105.0037,20.5731],[104.9855,20.5721],[104.9602,20.5795],[104.9685,20.5953],[104.9578,20.6135],[104.959,20.6286],[104.8999,20.6688],[104.8545,20.662],[104.8464,20.6509],[104.8369,20.6605],[104.8354,20.6974],[104.8497,20.7029],[104.8392,20.717],[104.8456,20.7304],[104.8377,20.7344],[104.8374,20.7463],[104.8447,20.7532],[104.8596,20.7537],[104.8673,20.7625],[104.8869,20.76],[104.918,20.7432],[104.9382,20.7462],[104.9836,20.7239],[105.0023,20.7231],[105.017,20.7314],[105.0098,20.7444],[104.9908,20.7544],[105.0166,20.7781],[105.0306,20.7736],[105.033,20.7948],[104.9978,20.8145],[105.0063,20.8407],[104.9976,20.8463],[104.998,20.8697],[104.9744,20.9083],[104.9424,20.9317],[104.9241,20.9614],[104.9009,20.981],[104.8802,21.0234],[104.8667,21.0322],[104.8537,21.0766],[104.8678,21.0762],[104.8762,21.0977],[104.9125,21.1119],[104.8953,21.1297],[104.8537,21.1515],[104.859,21.1731],[104.8518,21.1827],[104.8644,21.2063],[104.8447,21.2257],[104.8556,21.2358],[104.8416,21.2657],[104.8432,21.3085],[104.82,21.3216],[104.814,21.3343],[104.8483,21.3389],[104.8455,21.3504],[104.854,21.352],[104.8586,21.3661],[104.8797,21.3442],[104.8997,21.3503],[104.8824,21.383],[104.9064,21.4136],[104.9119,21.4459],[104.8856,21.4986],[104.8838,21.5251],[104.868,21.5457],[104.8703,21.554],[104.9029,21.5706],[104.8891,21.6127],[104.9068,21.6095],[104.909,21.6335],[104.9331,21.6417],[104.9549,21.6612],[104.9728,21.6476],[104.986,21.6636],[104.9795,21.6728],[104.9986,21.6794],[105.0019,21.691],[105.0203,21.6883],[105.0347,21.6999],[105.0531,21.6886],[105.0983,21.6806],[105.0968,21.698],[105.0864,21.7033],[105.0916,21.7116],[105.0867,21.7172],[105.0933,21.7197],[105.1118,21.7062],[105.1493,21.6987],[105.1565,21.6826],[105.1726,21.6877],[105.2002,21.6647],[105.2348,21.6589],[105.2264,21.6259],[105.2486,21.6145],[105.25,21.5827],[105.2734,21.562],[105.2668,21.5464],[105.2941,21.5377],[105.301,21.5094],[105.3198,21.513],[105.337,21.5044],[105.3452,21.5175],[105.3711,21.5248],[105.4271,21.5024],[105.517,21.5339],[105.5428,21.5751],[105.6021,21.5256],[105.6454,21.4666],[105.6724,21.4589],[105.7115,21.4315],[105.7238,21.4321],[105.7267,21.4112],[105.7489,21.4156],[105.7617,21.4028],[105.7603,21.3801],[105.7848,21.3606],[105.7851,21.3429],[105.7247,21.2669],[105.7278,21.2452],[105.7375,21.2363],[105.6981,21.2169],[105.6893,21.2208],[105.6869,21.2349],[105.6757,21.2276],[105.6664,21.2392],[105.647,21.2367],[105.6457,21.2269],[105.659,21.221],[105.636,21.2174],[105.6392,21.2071],[105.6144,21.2059],[105.6313,21.1822],[105.6243,21.181],[105.6287,21.1697],[105.5216,21.1545],[105.4964,21.1585],[105.4697,21.1785],[105.4616,21.2257],[105.446,21.2437],[105.4433,21.2721],[105.4298,21.2879],[105.3917,21.3037],[105.3623,21.2829],[105.3457,21.2255],[105.302,21.1925],[105.2888,21.165],[105.3196,21.1098],[105.2943,21.0492],[105.3006,21.0286],[105.3187,21.0123],[105.3248,21.0187],[105.3554,21.0086],[105.3852,21.0228],[105.3953,21.0028],[105.4191,20.9967],[105.4463,20.9562],[105.4791,20.9471],[105.5135,20.9221],[105.5816,20.9261],[105.5783,20.916],[105.5569,20.9049],[105.5538,20.8896],[105.5869,20.8468],[105.578,20.8259],[105.5623,20.821],[105.5582,20.8099],[105.5826,20.8118],[105.5992,20.8411],[105.6189,20.8307],[105.6362,20.8379],[105.6415,20.8271],[105.6301,20.8165],[105.6332,20.7971],[105.6487,20.7927],[105.6509,20.7576],[105.667,20.735],[105.6614,20.7252],[105.6816,20.6956],[105.6692,20.6791],[105.6737,20.6652],[105.6794,20.6677],[105.6861,20.6384],[105.6657,20.6291],[105.6663,20.618],[105.6939,20.621],[105.7069,20.6001],[105.7316,20.6019],[105.7552,20.5869],[105.8045,20.5032],[105.8195,20.5031],[105.8252,20.4888],[105.8529,20.477],[105.8566,20.4272],[105.8232,20.4188],[105.8032,20.4338],[105.7922,20.4541],[105.7808,20.4362],[105.7558,20.4416],[105.7529,20.399],[105.7594,20.3819],[105.7538,20.3674],[105.7474,20.3679],[105.7444,20.3832],[105.7307,20.3863],[105.7235,20.4046],[105.6856,20.4098],[105.7072,20.3831],[105.7049,20.374],[105.7195,20.3474],[105.7337,20.3369],[105.6784,20.3063],[105.6356,20.343],[105.5853,20.3686],[105.5589,20.3591],[105.5304,20.3707],[105.5106,20.3598],[105.4295,20.3866],[105.4043,20.3747],[105.3517,20.3904],[105.2776,20.431],[105.2584,20.4342],[105.2624,20.464],[105.2427,20.475],[105.2448,20.4894],[105.2068,20.518],[105.1697,20.5168],[105.1555,20.5417],[105.1395,20.5452],[105.1052,20.5713],[105.08,20.577],[105.0541,20.5641]]]},"properties":{"province_code":"25","province_name":"Tỉnh Phú Thọ","n_stations":329,"n_ports":2449,"ports_per_10k_pop":6.09,"population":4022493,"in_store":true}},{"type":"Feature","geometry":{"type":"MultiPolygon","coordinates":[[[[106.4547,20.6399],[106.4023,20.69],[106.4212,20.7084],[106.4075,20.7284],[106.3578,20.701],[106.3338,20.7108],[106.3027,20.6902],[106.2846,20.7114],[106.2887,20.6949],[106.2764,20.6927],[106.2621,20.7038],[106.2491,20.6948],[106.2694,20.684],[106.2494,20.6867],[106.2122,20.7294],[106.2186,20.7329],[106.2154,20.7497],[106.1999,20.7544],[106.193,20.7655],[106.1801,20.764],[106.1666,20.7839],[106.1486,20.7847],[106.1314,20.8065],[106.1408,20.8169],[106.1287,20.8317],[106.147,20.8814],[106.1366,20.9031],[106.1556,20.9197],[106.1483,20.9287],[106.158,20.9503],[106.1352,20.9608],[106.1381,20.9753],[106.1281,20.9831],[106.137,21.0009],[106.1509,20.9894],[106.1673,20.988],[106.1683,20.9691],[106.2306,20.9963],[106.2733,20.9921],[106.3094,21.0574],[106.2951,21.11],[106.3229,21.1499],[106.309,21.1821],[106.3129,21.1929],[106.3234,21.1922],[106.3448,21.1651],[106.3631,21.1734],[106.3764,21.1957],[106.4123,21.2112],[106.4242,21.2308],[106.4686,21.2271],[106.4883,21.2335],[106.5014,21.2254],[106.4962,21.1851],[106.4799,21.1471],[106.4845,21.1301],[106.4695,21.1179],[106.4416,21.1163],[106.4391,21.1068],[106.4492,21.097],[106.4441,21.076],[106.4557,21.0654],[106.4795,21.0695],[106.5013,21.0572],[106.5177,21.0597],[106.5157,21.046],[106.5764,21.0567],[106.624,21.0119],[106.6533,21.0189],[106.6988,21.001],[106.7517,20.9939],[106.7658,20.9791],[106.77,20.9501],[106.7696,20.9097],[106.7532,20.8842],[106.7589,20.8588],[106.7849,20.836],[106.8234,20.8294],[106.8363,20.8127],[106.8165,20.805],[106.8144,20.7951],[106.778,20.7936],[106.7612,20.7758],[106.7735,20.7675],[106.7882,20.7278],[106.8009,20.7195],[106.7915,20.7011],[106.7987,20.694],[106.7958,20.6848],[106.8095,20.6735],[106.8013,20.6724],[106.7834,20.6995],[106.7797,20.6908],[106.7642,20.6924],[106.7695,20.7092],[106.7309,20.6783],[106.6972,20.6862],[106.7094,20.6532],[106.6725,20.6137],[106.6343,20.6279],[106.6138,20.626],[106.6017,20.6395],[106.5699,20.6198],[106.547,20.6268],[106.54,20.6082],[106.5292,20.6025],[106.4947,20.6161],[106.4831,20.6002],[106.472,20.5978],[106.4659,20.6139],[106.4502,20.6209],[106.4547,20.6399]]],[[[106.8147,20.6683],[106.8168,20.6656],[106.8135,20.6673],[106.8147,20.6683]]],[[[107.0117,20.7089],[107.0123,20.7103],[107.0129,20.7094],[107.0117,20.7089]]],[[[107.0175,20.7096],[107.0158,20.7101],[107.0176,20.7104],[107.0175,20.7096]]],[[[107.0169,20.7143],[107.025,20.7105],[107.0226,20.7087],[107.0169,20.7143]]],[[[107.0178,20.716],[107.0172,20.7183],[107.0183,20.7168],[107.0178,20.716]]],[[[107.0154,20.7186],[107.0106,20.7207],[107.0111,20.7226],[107.0154,20.7186]]],[[[107.0096,20.7253],[107.0073,20.7244],[107.0069,20.7252],[107.0096,20.7253]]],[[[107.0039,20.7323],[107.0052,20.7336],[107.0047,20.7322],[107.0039,20.7323]]],[[[106.9929,20.7351],[106.9935,20.7365],[106.994,20.7354],[106.9929,20.7351]]],[[[107.011,20.7417],[107.012,20.7435],[107.0118,20.7415],[107.011,20.7417]]],[[[106.8281,20.7625],[106.8237,20.7789],[106.8374,20.7834],[106.8281,20.7625]]],[[[106.9822,20.8569],[106.9821,20.8458],[106.996,20.8612],[107.0038,20.8555],[107.0008,20.8454],[107.0066,20.8516],[107.0142,20.8394],[107.0087,20.8595],[107.036,20.8613],[107.0479,20.8341],[107.0604,20.8327],[107.0604,20.8252],[107.0694,20.8178],[107.0786,20.8231],[107.1096,20.7991],[107.1096,20.7867],[107.0964,20.7914],[107.1008,20.7769],[107.0767,20.7805],[107.0654,20.7689],[107.0599,20.7753],[107.0492,20.7733],[107.0572,20.7669],[107.0458,20.758],[107.0729,20.7443],[107.0648,20.7364],[107.0663,20.7425],[107.0591,20.7474],[107.0558,20.7467],[107.0596,20.7216],[107.0489,20.7122],[107.0477,20.7249],[107.0309,20.7314],[107.0338,20.7203],[107.0262,20.7277],[107.0219,20.7231],[107.0146,20.731],[107.0396,20.7335],[107.0415,20.7389],[107.0127,20.7382],[107.0166,20.7469],[106.9983,20.7502],[106.9987,20.728],[106.995,20.736],[106.969,20.7559],[106.9752,20.7647],[106.9531,20.7928],[106.917,20.7997],[106.9088,20.8274],[106.924,20.8481],[106.9499,20.85],[106.9511,20.8582],[106.9504,20.8601],[106.9428,20.8636],[106.9501,20.8692],[106.951,20.8786],[106.9564,20.8555],[106.9822,20.8569]]],[[[106.9096,20.7956],[106.8608,20.7862],[106.8447,20.8092],[106.8845,20.8164],[106.9096,20.7956]]],[[[106.8445,20.8159],[106.862,20.8363],[106.8807,20.8212],[106.8445,20.8159]]],[[[106.9496,20.8514],[106.9472,20.8508],[106.9474,20.8522],[106.9496,20.8514]]],[[[106.9442,20.8505],[106.9449,20.8519],[106.9449,20.8505],[106.9442,20.8505]]],[[[106.9414,20.8515],[106.942,20.8526],[106.9423,20.8516],[106.9414,20.8515]]],[[[106.9473,20.853],[106.9473,20.8547],[106.9479,20.8545],[106.9473,20.853]]],[[[106.9486,20.8562],[106.95,20.857],[106.9499,20.8562],[106.9486,20.8562]]],[[[106.9478,20.8554],[106.9462,20.8575],[106.9467,20.858],[106.9478,20.8554]]],[[[106.9492,20.8582],[106.9498,20.8597],[106.9505,20.8593],[106.9492,20.8582]]],[[[106.9455,20.8587],[106.9457,20.8603],[106.9465,20.8594],[106.9455,20.8587]]],[[[107.0044,20.8599],[107.0026,20.8585],[107.0001,20.8619],[107.0044,20.8599]]],[[[106.9562,20.8649],[106.9596,20.8585],[106.9558,20.8588],[106.9562,20.8649]]],[[[106.9828,20.8672],[106.9837,20.8635],[106.982,20.8661],[106.9828,20.8672]]],[[[106.976,20.8685],[106.9636,20.8594],[106.9638,20.8714],[106.9592,20.8771],[106.976,20.8685]]],[[[106.9591,20.868],[106.958,20.8652],[106.9579,20.8717],[106.9591,20.868]]],[[[106.9799,20.8688],[106.9782,20.8701],[106.9785,20.8708],[106.9799,20.8688]]],[[[106.9432,20.8723],[106.9443,20.8669],[106.9401,20.8706],[106.9432,20.8723]]],[[[106.9385,20.8707],[106.9392,20.872],[106.9397,20.8711],[106.9385,20.8707]]],[[[106.9461,20.8702],[106.9469,20.8743],[106.9477,20.8706],[106.9461,20.8702]]],[[[106.9439,20.877],[106.9449,20.8781],[106.9449,20.8768],[106.9439,20.877]]],[[[106.9489,20.8763],[106.9483,20.8788],[106.9498,20.8766],[106.9489,20.8763]]],[[[106.9473,20.8794],[106.9478,20.8813],[106.9481,20.8797],[106.9473,20.8794]]],[[[107.0457,20.6904],[107.0474,20.6913],[107.0473,20.6904],[107.0457,20.6904]]],[[[107.0466,20.6948],[107.0435,20.6936],[107.0432,20.6946],[107.0466,20.6948]]],[[[107.0691,20.695],[107.0692,20.6965],[107.07,20.6951],[107.0691,20.695]]],[[[107.0673,20.6956],[107.0674,20.6984],[107.0681,20.6984],[107.0673,20.6956]]],[[[107.0456,20.6991],[107.0462,20.7011],[107.0466,20.699],[107.0456,20.6991]]],[[[107.0718,20.701],[107.0725,20.7019],[107.0726,20.701],[107.0718,20.701]]],[[[107.0459,20.7032],[107.0438,20.7036],[107.0438,20.7045],[107.0459,20.7032]]],[[[107.0271,20.7046],[107.0279,20.7057],[107.0281,20.7047],[107.0271,20.7046]]],[[[107.0473,20.7057],[107.0447,20.7069],[107.0473,20.707],[107.0473,20.7057]]],[[[107.0358,20.7101],[107.0429,20.7034],[107.0429,20.7028],[107.0363,20.7071],[107.0358,20.7101]]],[[[107.0227,20.7061],[107.0208,20.7069],[107.023,20.7081],[107.0227,20.7061]]],[[[107.0274,20.7064],[107.0276,20.7079],[107.0284,20.7068],[107.0274,20.7064]]],[[[107.0421,20.7065],[107.041,20.708],[107.0425,20.7074],[107.0421,20.7065]]],[[[107.063,20.7069],[107.0636,20.7083],[107.0643,20.7079],[107.063,20.7069]]],[[[107.0681,20.7075],[107.0675,20.7091],[107.0686,20.7085],[107.0681,20.7075]]],[[[107.0276,20.7086],[107.0265,20.7109],[107.0285,20.7089],[107.0276,20.7086]]],[[[107.0472,20.7091],[107.0456,20.7111],[107.0466,20.7115],[107.0472,20.7091]]],[[[107.0652,20.7159],[107.0674,20.7109],[107.0635,20.7133],[107.0652,20.7159]]],[[[107.0298,20.7208],[107.0273,20.7192],[107.0271,20.7198],[107.0298,20.7208]]],[[[107.0722,20.7185],[107.0718,20.7202],[107.0733,20.7202],[107.0722,20.7185]]],[[[107.0666,20.7211],[107.0653,20.7204],[107.063,20.72],[107.0633,20.7237],[107.0666,20.7211]]],[[[107.0277,20.7219],[107.0271,20.7235],[107.0287,20.7236],[107.0277,20.7219]]],[[[107.0648,20.7237],[107.0657,20.7247],[107.0658,20.7237],[107.0648,20.7237]]],[[[107.0632,20.7253],[107.0616,20.7247],[107.0619,20.7256],[107.0632,20.7253]]],[[[107.0688,20.7355],[107.0701,20.7266],[107.0684,20.7247],[107.0613,20.7286],[107.0688,20.7355]]],[[[107.0609,20.7328],[107.0608,20.7341],[107.0618,20.7332],[107.0609,20.7328]]],[[[107.0617,20.7347],[107.0624,20.7371],[107.0623,20.7346],[107.0617,20.7347]]],[[[107.0616,20.7385],[107.0615,20.74],[107.0626,20.7389],[107.0616,20.7385]]],[[[107.06,20.74],[107.0588,20.7418],[107.0604,20.7412],[107.06,20.74]]],[[[107.06,20.7445],[107.0632,20.7424],[107.0588,20.7425],[107.06,20.7445]]],[[[107.0857,20.7451],[107.0683,20.7563],[107.0557,20.756],[107.0561,20.7632],[107.0772,20.7569],[107.0857,20.7451]]],[[[107.0586,20.7538],[107.0592,20.7549],[107.0598,20.7543],[107.0586,20.7538]]],[[[107.0625,20.7536],[107.0628,20.7554],[107.0642,20.7546],[107.0625,20.7536]]],[[[107.0493,20.757],[107.0485,20.7586],[107.0498,20.7575],[107.0493,20.757]]],[[[107.0524,20.7598],[107.0495,20.7598],[107.0526,20.7605],[107.0524,20.7598]]],[[[107.0636,20.7647],[107.0653,20.7635],[107.0634,20.7641],[107.0636,20.7647]]],[[[107.0597,20.7666],[107.0587,20.7656],[107.058,20.7663],[107.0597,20.7666]]],[[[107.0644,20.7667],[107.0646,20.7682],[107.0654,20.767],[107.0644,20.7667]]],[[[107.0549,20.7691],[107.0535,20.7715],[107.0564,20.7693],[107.0549,20.7691]]],[[[107.0573,20.7705],[107.0576,20.7722],[107.0582,20.7712],[107.0573,20.7705]]],[[[107.0715,20.822],[107.0694,20.823],[107.071,20.8242],[107.0715,20.822]]],[[[107.0718,20.8279],[107.0667,20.8225],[107.0652,20.8253],[107.0718,20.8279]]],[[[107.0614,20.8266],[107.0624,20.8285],[107.0623,20.8267],[107.0614,20.8266]]],[[[107.0665,20.8288],[107.0637,20.831],[107.0648,20.8313],[107.0665,20.8288]]],[[[107.0677,20.8289],[107.0677,20.8301],[107.0685,20.8294],[107.0677,20.8289]]],[[[107.0688,20.8304],[107.0704,20.8305],[107.0692,20.8298],[107.0688,20.8304]]],[[[107.066,20.8305],[107.0659,20.8319],[107.0671,20.831],[107.066,20.8305]]],[[[107.0619,20.8321],[107.063,20.833],[107.0628,20.8317],[107.0619,20.8321]]],[[[107.0523,20.8396],[107.0492,20.8438],[107.0495,20.844],[107.0523,20.8396]]],[[[107.7313,20.1241],[107.7165,20.1296],[107.7406,20.146],[107.7406,20.1412],[107.7313,20.1241]]],[[[107.1622,20.611],[107.1627,20.614],[107.1633,20.6109],[107.1622,20.611]]],[[[107.1464,20.6136],[107.1501,20.6158],[107.1512,20.6129],[107.1464,20.6136]]],[[[107.171,20.6154],[107.1684,20.6129],[107.1678,20.6177],[107.171,20.6154]]],[[[107.2019,20.6153],[107.2089,20.6145],[107.2092,20.6133],[107.2019,20.6153]]],[[[107.2107,20.6149],[107.2105,20.6167],[107.2114,20.6156],[107.2107,20.6149]]],[[[107.2134,20.6151],[107.2126,20.6165],[107.2137,20.6161],[107.2134,20.6151]]],[[[107.1298,20.6151],[107.1303,20.6177],[107.1313,20.6177],[107.1313,20.6155],[107.1298,20.6151]]],[[[107.1377,20.6161],[107.1379,20.6178],[107.1387,20.6174],[107.1377,20.6161]]],[[[107.2061,20.6174],[107.2072,20.6186],[107.2072,20.6176],[107.2061,20.6174]]],[[[107.209,20.6175],[107.2103,20.6189],[107.2109,20.6182],[107.209,20.6175]]],[[[107.14,20.6206],[107.1412,20.6158],[107.1358,20.6202],[107.14,20.6206]]],[[[107.1332,20.621],[107.1326,20.6225],[107.1337,20.6219],[107.1332,20.621]]],[[[107.1378,20.6212],[107.1359,20.6226],[107.1378,20.6222],[107.1378,20.6212]]],[[[107.2027,20.6229],[107.2024,20.6247],[107.2033,20.6244],[107.2027,20.6229]]],[[[107.136,20.6247],[107.1341,20.6226],[107.134,20.6249],[107.136,20.6247]]],[[[107.1541,20.624],[107.1619,20.624],[107.1605,20.62],[107.1541,20.624]]],[[[107.1334,20.626],[107.1342,20.6277],[107.134,20.6255],[107.1334,20.626]]],[[[107.1602,20.6273],[107.1618,20.6275],[107.1611,20.6265],[107.1602,20.6273]]],[[[107.1316,20.6497],[107.1325,20.6517],[107.1333,20.6508],[107.1316,20.6497]]],[[[107.1316,20.6519],[107.1312,20.6535],[107.1322,20.6531],[107.1316,20.6519]]],[[[107.1365,20.6536],[107.1362,20.6551],[107.1372,20.6544],[107.1365,20.6536]]],[[[107.0735,20.6999],[107.0744,20.7016],[107.0749,20.701],[107.0735,20.6999]]],[[[107.0742,20.7044],[107.0736,20.7019],[107.0732,20.7021],[107.0742,20.7044]]],[[[107.0728,20.7037],[107.0725,20.7054],[107.0736,20.7044],[107.0728,20.7037]]],[[[107.0889,20.7242],[107.089,20.7257],[107.0896,20.7245],[107.0889,20.7242]]],[[[107.0815,20.7193],[107.0773,20.7288],[107.08,20.7318],[107.0819,20.7297],[107.0805,20.726],[107.0815,20.7193]]],[[[107.0825,20.7263],[107.0826,20.728],[107.0834,20.7276],[107.0825,20.7263]]],[[[107.0868,20.7292],[107.0857,20.7306],[107.0872,20.7298],[107.0868,20.7292]]],[[[107.0845,20.7314],[107.0801,20.7356],[107.0807,20.7369],[107.0845,20.7314]]],[[[107.0787,20.7359],[107.0774,20.7347],[107.078,20.7362],[107.0787,20.7359]]],[[[107.077,20.7415],[107.0778,20.7396],[107.0748,20.7431],[107.077,20.7415]]],[[[107.0791,20.7571],[107.079,20.7585],[107.0799,20.7582],[107.0791,20.7571]]],[[[107.0893,20.7571],[107.0888,20.7587],[107.0899,20.7584],[107.0893,20.7571]]],[[[107.0731,20.761],[107.074,20.7596],[107.0727,20.7605],[107.0731,20.761]]],[[[107.0815,20.7752],[107.0934,20.7739],[107.1009,20.774],[107.1015,20.7727],[107.0853,20.7574],[107.0724,20.7648],[107.0743,20.7688],[107.0724,20.7755],[107.0778,20.7683],[107.0815,20.7752]]],[[[107.0726,20.7668],[107.0726,20.7681],[107.0735,20.7672],[107.0726,20.7668]]],[[[107.106,20.7684],[107.1049,20.7725],[107.1052,20.7726],[107.106,20.7684]]],[[[107.0788,20.7729],[107.0767,20.7728],[107.0764,20.7737],[107.0788,20.7729]]],[[[107.0989,20.774],[107.0989,20.7757],[107.0999,20.775],[107.0989,20.774]]],[[[107.0757,20.776],[107.0766,20.7775],[107.0768,20.776],[107.0757,20.776]]],[[[107.079,20.7766],[107.0781,20.7778],[107.0793,20.777],[107.079,20.7766]]],[[[107.1019,20.7815],[107.0995,20.7832],[107.1009,20.784],[107.1019,20.7815]]],[[[107.1044,20.785],[107.1039,20.7868],[107.1048,20.7852],[107.1044,20.785]]],[[[107.0997,20.814],[107.1045,20.8087],[107.0995,20.8114],[107.0997,20.814]]],[[[107.0847,20.8257],[107.0848,20.8271],[107.0856,20.8262],[107.0847,20.8257]]]]},"properties":{"province_code":"31","province_name":"Thành phố Hải Phòng","n_stations":238,"n_ports":2150,"ports_per_10k_pop":4.61,"population":4664124,"in_store":true}},{"type":"Feature","geometry":{"type":"Polygon","coordinates":[[[106.0689,20.6037],[106.0341,20.636],[106.0364,20.6783],[106.0229,20.6954],[106.0065,20.7034],[105.9738,20.6996],[105.9641,20.7252],[105.9679,20.7731],[105.9251,20.7887],[105.9135,20.8118],[105.9119,20.834],[105.9361,20.862],[105.8955,20.895],[105.9124,20.9175],[105.905,20.9536],[105.914,20.9737],[105.9643,20.9634],[105.9622,20.9894],[105.9922,21.0011],[106.0311,20.9943],[106.0553,21.006],[106.0799,20.9958],[106.0897,21.0068],[106.1154,20.9953],[106.1153,20.9842],[106.1247,20.9894],[106.1381,20.9753],[106.1352,20.9608],[106.1579,20.9514],[106.1483,20.9287],[106.1556,20.9197],[106.1366,20.9031],[106.1472,20.8839],[106.1287,20.8317],[106.1408,20.8169],[106.1314,20.8065],[106.1536,20.7807],[106.1653,20.7846],[106.1801,20.764],[106.193,20.7655],[106.1999,20.7544],[106.2154,20.7497],[106.2186,20.7329],[106.2122,20.7294],[106.2494,20.6867],[106.2694,20.684],[106.2491,20.6948],[106.2621,20.7038],[106.2764,20.6927],[106.2887,20.6949],[106.2846,20.7114],[106.3027,20.6902],[106.3338,20.7108],[106.3578,20.701],[106.4075,20.7284],[106.4212,20.7084],[106.4023,20.69],[106.4547,20.6399],[106.4502,20.6209],[106.4659,20.6139],[106.472,20.5978],[106.4831,20.6002],[106.4947,20.6161],[106.5292,20.6025],[106.54,20.6082],[106.547,20.6268],[106.5699,20.6198],[106.6017,20.6395],[106.6138,20.626],[106.6343,20.6279],[106.6517,20.6172],[106.6538,20.6015],[106.6112,20.5804],[106.5852,20.5516],[106.5872,20.5206],[106.6056,20.4811],[106.6013,20.4528],[106.6191,20.4424],[106.605,20.4138],[106.589,20.4058],[106.5772,20.3677],[106.6043,20.3173],[106.5982,20.2965],[106.6086,20.2878],[106.5978,20.2514],[106.589,20.2433],[106.579,20.2651],[106.5284,20.3161],[106.4975,20.308],[106.4772,20.2912],[106.4412,20.2936],[106.4038,20.3352],[106.3591,20.3505],[106.3411,20.3767],[106.2817,20.3312],[106.2576,20.3303],[106.254,20.3545],[106.2856,20.3819],[106.2819,20.4001],[106.2313,20.4066],[106.212,20.4197],[106.2234,20.4704],[106.1826,20.4856],[106.1733,20.5472],[106.1617,20.5622],[106.133,20.5744],[106.1188,20.6123],[106.0975,20.6165],[106.0689,20.6037]]]},"properties":{"province_code":"33","province_name":"Tỉnh Hưng Yên","n_stations":231,"n_ports":1937,"ports_per_10k_pop":5.43,"population":3567943,"in_store":true}},{"type":"Feature","geometry":{"type":"MultiPolygon","coordinates":[[[[105.9158,20.1047],[105.794,20.1683],[105.7435,20.1851],[105.6933,20.2216],[105.6911,20.2327],[105.6493,20.2743],[105.6164,20.2851],[105.6001,20.3113],[105.5641,20.3168],[105.5638,20.3256],[105.5496,20.3319],[105.5436,20.3633],[105.5666,20.3589],[105.583,20.3691],[105.6004,20.3631],[105.6356,20.343],[105.6681,20.3107],[105.6854,20.3055],[105.7036,20.3249],[105.7337,20.3369],[105.7195,20.3474],[105.7049,20.374],[105.7072,20.3831],[105.6856,20.4098],[105.7235,20.4046],[105.7307,20.3863],[105.7444,20.3832],[105.7474,20.3679],[105.7538,20.3674],[105.7594,20.3819],[105.7529,20.399],[105.7558,20.4416],[105.7808,20.4362],[105.7922,20.4541],[105.8032,20.4338],[105.8232,20.4188],[105.8566,20.4272],[105.8529,20.477],[105.8252,20.4888],[105.8195,20.5031],[105.8045,20.5032],[105.7696,20.5638],[105.7973,20.5731],[105.8105,20.6049],[105.8112,20.6292],[105.8332,20.6467],[105.8208,20.6633],[105.8433,20.6582],[105.857,20.6451],[105.8804,20.6434],[105.8965,20.6525],[105.8963,20.6677],[105.9435,20.6817],[105.9447,20.6557],[105.9583,20.6506],[105.9584,20.6615],[105.9875,20.6812],[106.0014,20.7036],[106.0325,20.6855],[106.0373,20.6721],[106.0321,20.6423],[106.0545,20.6114],[106.074,20.6032],[106.0975,20.6165],[106.1166,20.6137],[106.133,20.5744],[106.1682,20.5555],[106.1826,20.4856],[106.218,20.4758],[106.2255,20.4652],[106.2097,20.4279],[106.2181,20.4126],[106.2819,20.4001],[106.2856,20.3819],[106.254,20.3545],[106.2576,20.3303],[106.2817,20.3312],[106.3411,20.3767],[106.3591,20.3505],[106.4038,20.3352],[106.428,20.3031],[106.4484,20.2907],[106.4772,20.2912],[106.4975,20.308],[106.5284,20.3161],[106.579,20.2651],[106.589,20.2433],[106.5815,20.2163],[106.5636,20.2051],[106.5412,20.2021],[106.5426,20.2249],[106.5115,20.225],[106.4082,20.2059],[106.3669,20.1811],[106.3536,20.1804],[106.3549,20.1717],[106.2024,20.0051],[106.1895,20.0066],[106.167,19.9585],[106.0714,19.9219],[106.0609,19.9228],[106.0523,19.9474],[106.0252,19.9648],[106.0243,19.9739],[106.0295,19.996],[106.052,20.0038],[106.0612,20.0179],[106.073,20.0629],[106.0203,20.0593],[106.0049,20.0674],[105.9622,20.0665],[105.9158,20.1047]]],[[[106.0642,19.866],[106.0588,19.8761],[106.0677,19.8681],[106.0754,19.8841],[106.0743,19.873],[106.0702,19.8686],[106.0642,19.866]]],[[[106.5364,20.1976],[106.5656,20.1978],[106.5926,20.221],[106.5898,20.2373],[106.5959,20.2348],[106.5973,20.2154],[106.5753,20.1976],[106.5564,20.19],[106.5364,20.1976]]]]},"properties":{"province_code":"37","province_name":"Tỉnh Ninh Bình","n_stations":220,"n_ports":1602,"ports_per_10k_pop":3.63,"population":4412264,"in_store":true}},{"type":"Feature","geometry":{"type":"MultiPolygon","coordinates":[[[[105.5084,19.4638],[105.4883,19.4502],[105.4654,19.4561],[105.4452,19.442],[105.4289,19.4564],[105.3948,19.4515],[105.3669,19.4991],[105.3697,19.5181],[105.3522,19.5383],[105.3343,19.5334],[105.3249,19.5096],[105.2934,19.4749],[105.2885,19.4915],[105.2771,19.4931],[105.2691,19.5299],[105.2727,19.5585],[105.2809,19.5645],[105.2803,19.6041],[105.2475,19.6563],[105.2357,19.6462],[105.2243,19.6495],[105.1672,19.6837],[105.1536,19.7088],[105.1621,19.7225],[105.1358,19.7404],[105.1305,19.8242],[105.1494,19.8515],[105.1877,19.8639],[105.1728,19.9138],[105.1038,19.9364],[105.0523,19.9333],[105.0178,19.9529],[105.0041,19.9519],[104.9773,19.9764],[104.9665,19.9759],[104.9612,19.9927],[104.928,19.9895],[104.914,19.9972],[104.9213,20.0194],[104.9712,20.0618],[104.9897,20.0948],[104.9667,20.1004],[104.9263,20.136],[104.9276,20.1584],[104.8975,20.1476],[104.8555,20.145],[104.7736,20.198],[104.7207,20.203],[104.6705,20.2201],[104.6639,20.2319],[104.6319,20.2287],[104.6137,20.2442],[104.6099,20.2724],[104.6234,20.2994],[104.6153,20.3039],[104.6161,20.3572],[104.6857,20.4019],[104.7109,20.3988],[104.7179,20.4047],[104.667,20.4508],[104.6633,20.4593],[104.6701,20.4688],[104.6444,20.4703],[104.6241,20.4577],[104.6143,20.4439],[104.6176,20.4313],[104.6051,20.4193],[104.5483,20.4087],[104.5284,20.4121],[104.5235,20.3922],[104.4706,20.3701],[104.4084,20.3846],[104.4073,20.4131],[104.4149,20.4264],[104.378,20.4449],[104.3757,20.4662],[104.3883,20.4889],[104.4164,20.4908],[104.442,20.5087],[104.4777,20.5198],[104.4963,20.5429],[104.5249,20.5515],[104.526,20.5711],[104.542,20.5986],[104.567,20.6078],[104.6026,20.6069],[104.6274,20.6292],[104.6363,20.6535],[104.6619,20.6253],[104.6831,20.6147],[104.6835,20.5979],[104.7156,20.6045],[104.7415,20.574],[104.7993,20.5856],[104.7989,20.6193],[104.8203,20.6384],[104.8545,20.662],[104.8999,20.6688],[104.959,20.6286],[104.9578,20.6135],[104.9685,20.5953],[104.9602,20.5795],[105.0476,20.5586],[105.0699,20.5752],[105.1052,20.5713],[105.1395,20.5452],[105.1555,20.5417],[105.1697,20.5168],[105.2068,20.518],[105.2448,20.4894],[105.2427,20.475],[105.2647,20.4581],[105.2584,20.4342],[105.3955,20.3757],[105.4295,20.3866],[105.4785,20.3747],[105.5029,20.3605],[105.5376,20.369],[105.5496,20.3319],[105.5638,20.3256],[105.5641,20.3168],[105.6001,20.3113],[105.6164,20.2851],[105.6493,20.2743],[105.6911,20.2327],[105.6933,20.2216],[105.7435,20.1851],[105.8289,20.1518],[105.8714,20.1236],[105.8944,20.1198],[105.9622,20.0665],[106.0049,20.0674],[106.0203,20.0593],[106.073,20.0629],[106.0538,20.0057],[106.0272,19.9924],[106.0252,19.9648],[105.9542,19.9205],[105.9489,19.8913],[105.9658,19.89],[105.9348,19.8358],[105.9344,19.781],[105.8975,19.7219],[105.8789,19.7306],[105.8625,19.7157],[105.8338,19.6534],[105.8193,19.5843],[105.8123,19.5798],[105.8065,19.5196],[105.8129,19.4284],[105.7976,19.4266],[105.7841,19.3989],[105.8026,19.3378],[105.8132,19.3304],[105.8254,19.3405],[105.8268,19.3028],[105.812,19.3215],[105.8116,19.3143],[105.803,19.3139],[105.8122,19.309],[105.8052,19.2878],[105.8001,19.3015],[105.7673,19.2928],[105.7553,19.3064],[105.7479,19.304],[105.7414,19.3213],[105.713,19.3041],[105.6864,19.3018],[105.677,19.3186],[105.6643,19.3143],[105.6679,19.3401],[105.6431,19.3531],[105.6267,19.3804],[105.6191,19.3816],[105.6095,19.3685],[105.5903,19.3705],[105.5349,19.4558],[105.5084,19.4638]]],[[[105.8999,19.3431],[105.9029,19.346],[105.9051,19.3414],[105.8999,19.3431]]],[[[105.936,19.3476],[105.9298,19.35],[105.9303,19.3561],[105.9361,19.3544],[105.936,19.3476]]],[[[105.8779,19.3514],[105.8774,19.3543],[105.8779,19.3544],[105.8779,19.3514]]],[[[105.8739,19.3563],[105.8734,19.3583],[105.8744,19.3577],[105.8739,19.3563]]],[[[105.9292,19.3581],[105.9303,19.359],[105.93,19.3576],[105.9292,19.3581]]],[[[105.9112,19.3663],[105.9123,19.367],[105.9119,19.3658],[105.9112,19.3663]]],[[[105.9094,19.3669],[105.9067,19.3707],[105.9072,19.3716],[105.9094,19.3669]]],[[[105.938,19.3747],[105.9273,19.3587],[105.9131,19.3717],[105.9147,19.3832],[105.9301,19.384],[105.938,19.3747]]],[[[105.9435,19.7856],[105.9437,19.7886],[105.9454,19.7875],[105.9435,19.7856]]],[[[106.0058,19.9121],[106.008,19.9139],[106.0122,19.9122],[106.0058,19.9121]]]]},"properties":{"province_code":"38","province_name":"Tỉnh Thanh Hóa","n_stations":188,"n_ports":1747,"ports_per_10k_pop":4.04,"population":4320947,"in_store":true}},{"type":"Feature","geometry":{"type":"MultiPolygon","coordinates":[[[[104.9129,18.7908],[104.8728,18.7866],[104.857,18.7743],[104.8412,18.7854],[104.795,18.784],[104.7847,18.802],[104.7585,18.795],[104.739,18.8006],[104.7369,18.8149],[104.721,18.8178],[104.715,18.8404],[104.6765,18.8375],[104.6561,18.8647],[104.6293,18.877],[104.6281,18.8878],[104.5888,18.9039],[104.5797,18.9011],[104.5616,18.9401],[104.5458,18.9542],[104.5438,18.9731],[104.5304,18.9852],[104.5129,18.9815],[104.5053,18.9977],[104.4847,19.0054],[104.4732,18.9878],[104.4486,18.9856],[104.4231,19.0062],[104.4262,19.0153],[104.4008,19.0389],[104.3987,19.058],[104.3103,19.0892],[104.3002,19.1134],[104.2813,19.1199],[104.2503,19.1101],[104.2142,19.1203],[104.2262,19.1531],[104.2009,19.1612],[104.1816,19.1979],[104.1312,19.2037],[104.1127,19.2235],[104.1033,19.212],[104.0709,19.2471],[104.0021,19.2294],[103.962,19.2511],[103.9241,19.2852],[103.916,19.3024],[103.9,19.3088],[103.8879,19.3001],[103.876,19.3057],[103.8842,19.3258],[103.9095,19.3303],[103.9527,19.3577],[103.9575,19.3838],[103.9763,19.3985],[103.9932,19.4054],[104.013,19.4022],[104.0235,19.416],[104.0499,19.4256],[104.0706,19.4157],[104.0758,19.4487],[104.0654,19.4526],[104.0862,19.467],[104.0925,19.4893],[104.1121,19.4895],[104.1232,19.502],[104.1039,19.5235],[104.1098,19.5327],[104.1082,19.569],[104.0875,19.5813],[104.0612,19.6195],[104.0692,19.6359],[104.0575,19.6519],[104.0701,19.6652],[104.0711,19.6802],[104.108,19.6606],[104.1351,19.6613],[104.1562,19.6696],[104.1632,19.6965],[104.176,19.6889],[104.238,19.7072],[104.2802,19.6949],[104.308,19.6959],[104.3225,19.6842],[104.3202,19.6673],[104.3501,19.6915],[104.3997,19.6974],[104.4158,19.7068],[104.4268,19.6731],[104.4465,19.6715],[104.4454,19.6577],[104.4609,19.6492],[104.491,19.6538],[104.5075,19.6223],[104.5286,19.6125],[104.5461,19.6188],[104.5613,19.6107],[104.5791,19.6264],[104.6091,19.6331],[104.6443,19.6228],[104.6522,19.6354],[104.6472,19.652],[104.6615,19.6601],[104.6604,19.6727],[104.671,19.6838],[104.6628,19.7013],[104.7238,19.7543],[104.7576,19.7509],[104.7686,19.7648],[104.7648,19.7754],[104.7978,19.7903],[104.8194,19.7848],[104.8347,19.7937],[104.8364,19.8236],[104.8489,19.841],[104.834,19.8535],[104.8493,19.8692],[104.8424,19.8871],[104.8474,19.9305],[104.8956,19.9588],[104.9206,19.9963],[104.928,19.9895],[104.9594,19.9932],[104.9665,19.9759],[104.9773,19.9764],[105.0041,19.9519],[105.0178,19.9529],[105.0523,19.9333],[105.1038,19.9364],[105.1722,19.9148],[105.1877,19.8639],[105.1494,19.8515],[105.1305,19.8242],[105.1358,19.7404],[105.1621,19.7225],[105.1536,19.7088],[105.1672,19.6837],[105.2243,19.6495],[105.2357,19.6462],[105.2451,19.6574],[105.2571,19.6444],[105.2814,19.5974],[105.2711,19.5084],[105.2799,19.5037],[105.2771,19.4931],[105.2898,19.4899],[105.2934,19.4749],[105.3249,19.5096],[105.3343,19.5334],[105.3522,19.5383],[105.3697,19.5181],[105.3669,19.4991],[105.3948,19.4515],[105.4289,19.4564],[105.4452,19.442],[105.4654,19.4561],[105.4835,19.4494],[105.5008,19.4618],[105.5248,19.4636],[105.5827,19.3901],[105.5903,19.3705],[105.6095,19.3685],[105.6191,19.3816],[105.6267,19.3804],[105.6431,19.3531],[105.6679,19.3401],[105.6643,19.3143],[105.6748,19.3198],[105.6892,19.3013],[105.713,19.3041],[105.7414,19.3213],[105.7479,19.304],[105.7553,19.3064],[105.7673,19.2928],[105.8011,19.301],[105.8041,19.2771],[105.7827,19.2743],[105.7664,19.2289],[105.7492,19.2298],[105.7363,19.2151],[105.7292,19.132],[105.7381,19.105],[105.718,19.0976],[105.7131,19.1032],[105.6923,19.0823],[105.6754,19.0983],[105.6589,19.0897],[105.6211,19.0222],[105.617,18.9825],[105.6366,18.8983],[105.6531,18.8854],[105.6612,18.8895],[105.667,18.8802],[105.6909,18.874],[105.7034,18.8542],[105.7176,18.8513],[105.7158,18.8286],[105.726,18.805],[105.768,18.7668],[105.7426,18.7421],[105.7688,18.6753],[105.7519,18.6674],[105.7281,18.673],[105.7161,18.6674],[105.7053,18.6366],[105.6908,18.6277],[105.6814,18.5801],[105.666,18.5843],[105.6257,18.5681],[105.6173,18.5789],[105.6005,18.5764],[105.5831,18.5589],[105.5446,18.5526],[105.5029,18.6108],[105.4769,18.6141],[105.4346,18.5894],[105.3762,18.58],[105.2811,18.6223],[105.251,18.6099],[105.227,18.5882],[105.1887,18.6024],[105.197,18.6453],[105.1828,18.6572],[105.1687,18.6572],[105.1522,18.6786],[105.1402,18.6801],[105.1342,18.6885],[105.1456,18.7017],[105.1335,18.7148],[105.1141,18.7133],[105.1054,18.7031],[105.0514,18.7063],[105.0592,18.7238],[105.0194,18.7309],[105.0224,18.7481],[104.998,18.7367],[104.9899,18.7445],[104.9429,18.7384],[104.9382,18.7736],[104.9129,18.7908]]],[[[105.9878,18.7903],[105.9895,18.791],[105.9894,18.7896],[105.9878,18.7903]]],[[[105.9659,18.7904],[105.9526,18.8046],[105.9525,18.8057],[105.9659,18.7904]]],[[[105.7819,18.8013],[105.7699,18.8007],[105.782,18.804],[105.7819,18.8013]]],[[[105.7219,18.8192],[105.7228,18.8211],[105.7233,18.8205],[105.7219,18.8192]]]]},"properties":{"province_code":"40","province_name":"Tỉnh Nghệ An","n_stations":118,"n_ports":1068,"ports_per_10k_pop":2.79,"population":3831694,"in_store":true}},{"type":"Feature","geometry":{"type":"MultiPolygon","coordinates":[[[[105.7217,18.0233],[105.7217,18.0071],[105.7053,17.9924],[105.6331,17.9919],[105.6128,18.012],[105.5956,18.0034],[105.5813,18.0143],[105.5857,18.0431],[105.5807,18.062],[105.5723,18.0647],[105.5713,18.0838],[105.5402,18.0823],[105.5356,18.1141],[105.5222,18.1258],[105.5113,18.1194],[105.5049,18.1263],[105.5043,18.1405],[105.5127,18.1502],[105.5005,18.1895],[105.4881,18.1777],[105.4915,18.2026],[105.4806,18.1959],[105.4431,18.204],[105.4463,18.1934],[105.4389,18.181],[105.4204,18.1833],[105.4097,18.1537],[105.3839,18.1703],[105.3763,18.1603],[105.3673,18.161],[105.3526,18.1834],[105.3361,18.1821],[105.338,18.1909],[105.32,18.2005],[105.3285,18.2646],[105.3105,18.2664],[105.3,18.2356],[105.2997,18.2547],[105.2564,18.2589],[105.2431,18.2962],[105.2177,18.303],[105.1844,18.3249],[105.1903,18.3464],[105.1785,18.3707],[105.1839,18.387],[105.1511,18.3884],[105.1473,18.4039],[105.1383,18.4083],[105.1404,18.4197],[105.1206,18.4192],[105.1186,18.4326],[105.1039,18.4473],[105.1139,18.4914],[105.111,18.5121],[105.1197,18.5222],[105.116,18.5395],[105.1401,18.5622],[105.1344,18.5695],[105.1397,18.5975],[105.1595,18.6133],[105.229,18.588],[105.251,18.6099],[105.2864,18.6222],[105.3597,18.5832],[105.3803,18.5801],[105.4346,18.5894],[105.4783,18.6143],[105.5045,18.6102],[105.5446,18.5526],[105.5831,18.5589],[105.6005,18.5764],[105.6173,18.5789],[105.6257,18.5681],[105.666,18.5843],[105.6799,18.5793],[105.6895,18.5961],[105.6908,18.6277],[105.7053,18.6366],[105.7161,18.6674],[105.7281,18.673],[105.7519,18.6674],[105.7688,18.6753],[105.7426,18.7421],[105.768,18.7668],[105.778,18.7552],[105.8002,18.6634],[105.827,18.5965],[105.8579,18.5361],[105.924,18.4508],[105.9424,18.4719],[105.9419,18.4569],[105.9848,18.3928],[106.0468,18.3221],[106.1006,18.2747],[106.123,18.266],[106.1644,18.265],[106.2357,18.2156],[106.2516,18.2146],[106.3567,18.1108],[106.3994,18.0985],[106.4072,18.101],[106.4166,18.1247],[106.4348,18.1219],[106.4215,18.0936],[106.4397,18.0485],[106.4527,18.0553],[106.4547,18.0197],[106.4935,17.9664],[106.5101,17.9599],[106.4487,17.9503],[106.444,17.9684],[106.4355,17.9721],[106.3386,17.991],[106.3238,17.963],[106.3078,17.9625],[106.2844,17.9395],[106.281,17.9175],[106.2618,17.9134],[106.2442,17.9269],[106.2247,17.9291],[106.1994,17.9164],[106.1896,17.9227],[106.1746,17.9156],[106.142,17.9196],[106.0459,17.9461],[106.0479,17.965],[106.0775,17.9886],[106.0464,18.0257],[106.0211,18.0251],[105.9873,18.0626],[105.9504,18.0584],[105.9317,18.0891],[105.9198,18.0816],[105.8958,18.0899],[105.8716,18.0669],[105.8274,18.0635],[105.813,18.053],[105.8331,18.0453],[105.829,18.032],[105.8177,18.0375],[105.8078,18.0319],[105.8102,18.0263],[105.777,18.0171],[105.7384,18.0365],[105.7217,18.0233]]],[[[106.4524,18.0997],[106.4606,18.1061],[106.4643,18.1021],[106.4524,18.0997]]],[[[106.4898,18.117],[106.4886,18.1175],[106.4897,18.1175],[106.4898,18.117]]],[[[106.1179,18.2797],[106.1172,18.2816],[106.1187,18.28],[106.1179,18.2797]]]]},"properties":{"province_code":"42","province_name":"Tỉnh Hà Tĩnh","n_stations":99,"n_ports":825,"ports_per_10k_pop":5.08,"population":1623061,"in_store":true}},{"type":"Feature","geometry":{"type":"MultiPolygon","coordinates":[[[[106.8308,16.5489],[106.8226,16.5295],[106.8285,16.5213],[106.803,16.4654],[106.7894,16.4737],[106.7706,16.4674],[106.7753,16.4435],[106.7633,16.4252],[106.7457,16.4239],[106.7391,16.4108],[106.7349,16.4393],[106.7245,16.4354],[106.726,16.4252],[106.6877,16.4389],[106.6931,16.4491],[106.6847,16.4576],[106.6756,16.4525],[106.674,16.4755],[106.6606,16.4734],[106.6653,16.5032],[106.6471,16.5223],[106.6477,16.541],[106.6724,16.5603],[106.6622,16.5732],[106.6672,16.5839],[106.6565,16.5815],[106.6456,16.5939],[106.6318,16.5911],[106.6284,16.5821],[106.6266,16.601],[106.6155,16.6061],[106.585,16.602],[106.59,16.6233],[106.5651,16.6416],[106.5667,16.6614],[106.552,16.6943],[106.551,16.8678],[106.5185,16.8897],[106.5161,16.91],[106.5243,16.9256],[106.5475,16.9258],[106.5499,17.0079],[106.5312,16.9783],[106.5148,16.9714],[106.4717,16.983],[106.4605,17.0008],[106.4381,16.996],[106.4275,17.0061],[106.4258,17.032],[106.4023,17.0522],[106.4175,17.0783],[106.3733,17.111],[106.3695,17.1252],[106.3475,17.1481],[106.3563,17.1587],[106.3269,17.1812],[106.3211,17.1919],[106.3266,17.1991],[106.3028,17.2091],[106.307,17.2182],[106.3253,17.216],[106.3347,17.2331],[106.308,17.2391],[106.3184,17.2493],[106.3053,17.2572],[106.3039,17.2953],[106.2753,17.2959],[106.2772,17.2637],[106.254,17.2531],[106.2501,17.2441],[106.1898,17.2795],[106.1455,17.3117],[106.1345,17.3351],[106.0921,17.3602],[105.8583,17.6237],[105.8534,17.62],[105.8551,17.6343],[105.8361,17.63],[105.8292,17.6543],[105.8168,17.6443],[105.7816,17.6763],[105.7508,17.6683],[105.7435,17.7226],[105.7301,17.7216],[105.73,17.7447],[105.7012,17.7617],[105.6754,17.7952],[105.6832,17.8344],[105.6618,17.8559],[105.6393,17.8583],[105.6089,17.8905],[105.6219,17.919],[105.6229,17.942],[105.6424,17.9628],[105.6436,17.9926],[105.7064,17.9929],[105.7217,18.0071],[105.7217,18.0233],[105.7384,18.0365],[105.777,18.0171],[105.8102,18.0263],[105.8078,18.0319],[105.8177,18.0375],[105.829,18.032],[105.8331,18.0453],[105.813,18.053],[105.8274,18.0635],[105.8716,18.0669],[105.8958,18.0899],[105.9198,18.0816],[105.9317,18.0891],[105.9504,18.0584],[105.9873,18.0626],[106.0211,18.0251],[106.0464,18.0257],[106.0775,17.9886],[106.0479,17.965],[106.0459,17.9461],[106.142,17.9196],[106.1746,17.9156],[106.1896,17.9227],[106.1994,17.9164],[106.2247,17.9291],[106.2442,17.9269],[106.2618,17.9134],[106.281,17.9175],[106.2844,17.9395],[106.3078,17.9625],[106.3238,17.963],[106.3386,17.991],[106.4355,17.9721],[106.444,17.9684],[106.4487,17.9503],[106.5101,17.9599],[106.5039,17.9552],[106.5132,17.9401],[106.5018,17.9241],[106.4827,17.921],[106.4513,17.8772],[106.4442,17.8411],[106.4482,17.8088],[106.4699,17.7453],[106.5256,17.6374],[106.5464,17.6193],[106.6277,17.4869],[106.7579,17.3412],[107.013,17.1482],[107.107,17.0908],[107.1146,17.0792],[107.1129,17.0101],[107.1475,16.9556],[107.2361,16.8643],[107.3878,16.7429],[107.3698,16.7339],[107.3548,16.7092],[107.3574,16.6986],[107.324,16.6702],[107.3305,16.6659],[107.3185,16.6622],[107.3285,16.6423],[107.3214,16.6529],[107.3065,16.6405],[107.3116,16.6355],[107.3153,16.6406],[107.3104,16.6252],[107.3344,16.599],[107.3246,16.5974],[107.3252,16.5857],[107.313,16.5793],[107.2994,16.5842],[107.2709,16.5655],[107.246,16.5866],[107.1718,16.5784],[107.1379,16.5703],[107.1211,16.5535],[107.0617,16.5436],[107.0555,16.5242],[107.0658,16.5117],[107.1242,16.4827],[107.1355,16.4577],[107.1312,16.4481],[107.1485,16.4357],[107.1411,16.4063],[107.1528,16.3908],[107.1119,16.3857],[107.0961,16.4027],[107.0783,16.4008],[107.0615,16.4108],[107.0598,16.3852],[107.0453,16.3799],[107.0344,16.3586],[107.0412,16.3494],[107.0615,16.348],[107.0635,16.3322],[107.0812,16.3206],[107.0717,16.3038],[107.0523,16.3067],[107.0459,16.2995],[107.0279,16.3114],[107.0151,16.3031],[107.0056,16.3134],[106.9692,16.3021],[106.9632,16.3586],[106.9225,16.3702],[106.8974,16.3925],[106.8915,16.41],[106.9002,16.4264],[106.8871,16.4213],[106.8718,16.4287],[106.8888,16.452],[106.8845,16.4676],[106.8763,16.4701],[106.8896,16.5021],[106.8868,16.5217],[106.863,16.5414],[106.8308,16.5489]]],[[[106.4981,17.909],[106.4927,17.9123],[106.4948,17.915],[106.4981,17.909]]],[[[106.6257,17.5212],[106.6266,17.5227],[106.6271,17.5219],[106.6257,17.5212]]],[[[106.6725,17.9117],[106.6715,17.9131],[106.6744,17.9132],[106.6725,17.9117]]],[[[106.5347,17.936],[106.5298,17.9313],[106.5254,17.9371],[106.5267,17.938],[106.5347,17.936]]],[[[106.5218,17.9439],[106.5188,17.9388],[106.5173,17.9415],[106.5218,17.9439]]],[[[107.3479,17.1574],[107.3364,17.1519],[107.3321,17.1628],[107.3419,17.166],[107.3479,17.1574]]]]},"properties":{"province_code":"44","province_name":"Tỉnh Quảng Trị","n_stations":153,"n_ports":1504,"ports_per_10k_pop":8.04,"population":1870844,"in_store":true}},{"type":"Feature","geometry":{"type":"Polygon","coordinates":[[[107.453,16.0882],[107.4275,16.0781],[107.4092,16.0841],[107.3989,16.0622],[107.3779,16.0741],[107.3661,16.0612],[107.3345,16.055],[107.2842,16.1188],[107.2724,16.1153],[107.2629,16.1369],[107.2546,16.1357],[107.2439,16.1478],[107.2244,16.1374],[107.1944,16.1444],[107.16,16.1679],[107.1492,16.1896],[107.1445,16.2142],[107.1553,16.2313],[107.1491,16.2372],[107.1569,16.2563],[107.1475,16.2697],[107.0814,16.3124],[107.0812,16.3206],[107.0635,16.3322],[107.0615,16.348],[107.0412,16.3494],[107.0344,16.3586],[107.0453,16.3799],[107.0598,16.3852],[107.0615,16.4108],[107.0783,16.4008],[107.0961,16.4027],[107.1119,16.3857],[107.1529,16.3895],[107.1411,16.4063],[107.1485,16.4357],[107.1312,16.4481],[107.1355,16.4577],[107.1256,16.4803],[107.0658,16.5117],[107.0555,16.5242],[107.0617,16.5436],[107.1211,16.5535],[107.1379,16.5703],[107.1718,16.5784],[107.246,16.5866],[107.2709,16.5655],[107.2994,16.5842],[107.313,16.5793],[107.3252,16.5857],[107.3246,16.5974],[107.3344,16.599],[107.3104,16.6252],[107.3153,16.6406],[107.3116,16.6355],[107.3065,16.6405],[107.3214,16.6529],[107.3285,16.6423],[107.3185,16.6622],[107.3305,16.6659],[107.324,16.6702],[107.3574,16.6986],[107.3548,16.7092],[107.3698,16.7339],[107.3878,16.7429],[107.5742,16.6012],[107.714,16.5216],[107.9335,16.3419],[107.955,16.3444],[107.9698,16.3221],[108.0037,16.3122],[108.0219,16.3202],[108.0167,16.3389],[108.0228,16.3436],[108.034,16.333],[108.0421,16.3159],[108.0376,16.3085],[108.0581,16.2746],[108.0875,16.2318],[108.1044,16.2197],[108.1189,16.2127],[108.1423,16.2134],[108.1464,16.2201],[108.1699,16.2086],[108.194,16.2101],[108.1587,16.2061],[108.122,16.1822],[108.1,16.1867],[108.0925,16.1804],[108.0614,16.1806],[108.0133,16.1949],[107.9894,16.2137],[107.9557,16.1892],[107.9293,16.198],[107.9092,16.215],[107.8767,16.1975],[107.8772,16.1891],[107.8674,16.1839],[107.8749,16.1609],[107.8591,16.1531],[107.8558,16.1135],[107.827,16.0885],[107.8157,16.0535],[107.7884,16.0667],[107.7753,16.0641],[107.7576,16.0434],[107.7266,16.0301],[107.724,16.0079],[107.7073,15.9963],[107.6775,15.999],[107.6644,16.0181],[107.6211,16.032],[107.6259,16.0496],[107.6194,16.0639],[107.5716,16.0552],[107.5531,16.0442],[107.5602,16.0223],[107.5488,16.0109],[107.512,16.0165],[107.4909,16.0408],[107.4658,16.0259],[107.4471,16.0385],[107.4491,16.0618],[107.4613,16.0731],[107.453,16.0882]]]},"properties":{"province_code":"46","province_name":"Thành phố Huế","n_stations":64,"n_ports":623,"ports_per_10k_pop":4.35,"population":1432986,"in_store":true}},{"type":"Feature","geometry":{"type":"MultiPolygon","coordinates":[[[[108.1475,15.0465],[108.1618,14.9742],[108.1498,14.9623],[108.0985,14.9523],[108.0634,14.9717],[108.0436,14.9936],[107.9903,14.9992],[107.9653,15.0215],[107.95,15.0532],[107.9761,15.0699],[108.0018,15.1188],[107.9991,15.156],[107.9504,15.1753],[107.9295,15.209],[107.9146,15.2121],[107.8897,15.194],[107.8713,15.2102],[107.8096,15.2115],[107.7802,15.2191],[107.7591,15.2374],[107.7365,15.2311],[107.7302,15.3082],[107.7079,15.303],[107.6928,15.3185],[107.6646,15.3524],[107.6605,15.3875],[107.6368,15.4158],[107.6037,15.4215],[107.5609,15.3945],[107.5185,15.4161],[107.5272,15.4423],[107.5138,15.473],[107.4781,15.4779],[107.4814,15.4908],[107.4703,15.499],[107.4381,15.5037],[107.4295,15.4901],[107.3818,15.4935],[107.3645,15.5477],[107.3647,15.5702],[107.3423,15.5761],[107.3535,15.5916],[107.3417,15.6033],[107.3432,15.6142],[107.3165,15.6264],[107.292,15.6232],[107.2768,15.6334],[107.2778,15.6521],[107.264,15.6584],[107.2762,15.6817],[107.2767,15.707],[107.2654,15.7113],[107.2665,15.7207],[107.2495,15.7253],[107.2544,15.7384],[107.2489,15.7446],[107.2134,15.7388],[107.2114,15.7568],[107.219,15.7769],[107.2298,15.7835],[107.2288,15.8047],[107.2107,15.8268],[107.2335,15.8436],[107.248,15.8385],[107.2756,15.8616],[107.3027,15.8659],[107.3288,15.8901],[107.3713,15.8981],[107.3851,15.8867],[107.3988,15.894],[107.4283,15.9307],[107.4472,15.9821],[107.4433,15.9905],[107.4529,15.9941],[107.4756,16.0348],[107.4888,16.0409],[107.512,16.0165],[107.5478,16.0107],[107.5602,16.0223],[107.5531,16.0442],[107.5716,16.0552],[107.6198,16.0639],[107.6259,16.0496],[107.6211,16.032],[107.6636,16.0185],[107.6775,15.999],[107.699,15.9951],[107.7204,16.0044],[107.7266,16.0301],[107.7576,16.0434],[107.7753,16.0641],[107.7884,16.0667],[107.8157,16.0535],[107.827,16.0885],[107.8558,16.1135],[107.8591,16.1531],[107.8749,16.1609],[107.8674,16.1839],[107.8772,16.1891],[107.8767,16.1975],[107.9107,16.2155],[107.9293,16.198],[107.9557,16.1892],[107.9894,16.2137],[108.0133,16.1949],[108.0614,16.1806],[108.0925,16.1804],[108.1,16.1867],[108.122,16.1822],[108.1587,16.2061],[108.194,16.2101],[108.1923,16.2004],[108.1561,16.1892],[108.1539,16.1625],[108.1397,16.1636],[108.1385,16.1449],[108.1259,16.1422],[108.1229,16.1339],[108.1476,16.0951],[108.187,16.074],[108.202,16.0743],[108.2157,16.0956],[108.224,16.0966],[108.2254,16.1089],[108.2373,16.093],[108.2417,16.1107],[108.2142,16.1224],[108.2481,16.155],[108.2715,16.1346],[108.2878,16.1364],[108.3056,16.1229],[108.3143,16.143],[108.3225,16.1411],[108.3374,16.1189],[108.3136,16.1124],[108.3081,16.0966],[108.2954,16.1054],[108.2742,16.097],[108.2592,16.1016],[108.2486,16.0857],[108.249,16.051],[108.2802,15.982],[108.3228,15.9267],[108.3828,15.8885],[108.3947,15.8704],[108.404,15.8708],[108.4104,15.824],[108.4241,15.7903],[108.5357,15.6135],[108.6228,15.511],[108.6627,15.4978],[108.6737,15.5037],[108.6734,15.5151],[108.6802,15.5097],[108.6737,15.4875],[108.6825,15.4776],[108.6906,15.483],[108.7002,15.4609],[108.6962,15.4408],[108.7388,15.3976],[108.7154,15.3712],[108.6442,15.3675],[108.5991,15.3452],[108.5464,15.335],[108.5258,15.3203],[108.5034,15.3253],[108.4843,15.3082],[108.4395,15.3117],[108.4324,15.3261],[108.3997,15.2999],[108.3172,15.2998],[108.3004,15.2848],[108.3027,15.2587],[108.2815,15.2438],[108.2912,15.2284],[108.3075,15.2238],[108.3047,15.2104],[108.2914,15.1996],[108.3027,15.1923],[108.3064,15.1741],[108.2579,15.1176],[108.2564,15.0895],[108.2357,15.0783],[108.2407,15.0337],[108.2129,15.0328],[108.1756,15.0605],[108.1618,15.061],[108.1475,15.0465]]],[[[108.1991,16.2129],[108.2023,16.2243],[108.2063,16.2251],[108.2082,16.2109],[108.1991,16.2129]]],[[[108.7044,15.4583],[108.7029,15.4592],[108.7038,15.4599],[108.7044,15.4583]]],[[[108.6863,15.5045],[108.6867,15.5061],[108.6871,15.5045],[108.6863,15.5045]]],[[[111.1968,15.7831],[111.2063,15.7885],[111.2134,15.7884],[111.2097,15.78],[111.1968,15.7831]]],[[[108.6923,15.818],[108.6981,15.8138],[108.6979,15.8118],[108.6916,15.8113],[108.6923,15.818]]],[[[108.5428,15.9036],[108.532,15.905],[108.5424,15.9141],[108.5428,15.9036]]],[[[108.474,15.9311],[108.4725,15.9339],[108.4765,15.9322],[108.474,15.9311]]],[[[108.4804,15.9388],[108.4801,15.9477],[108.4849,15.9483],[108.4804,15.9388]]],[[[108.5387,15.9558],[108.5355,15.9222],[108.5117,15.9402],[108.5068,15.9574],[108.4835,15.9658],[108.504,15.9796],[108.5127,15.9652],[108.5387,15.9558]]],[[[108.4175,15.9719],[108.4173,15.9732],[108.4183,15.9726],[108.4175,15.9719]]],[[[108.4226,15.9719],[108.4208,15.9738],[108.4235,15.9724],[108.4226,15.9719]]],[[[108.4428,15.9708],[108.4494,15.9795],[108.4512,15.9792],[108.4481,15.9679],[108.4428,15.9708]]],[[[111.5991,16.2368],[111.6055,16.2319],[111.5996,16.2254],[111.5957,16.2317],[111.5991,16.2368]]],[[[111.539,16.4389],[111.4927,16.4412],[111.4916,16.4431],[111.5102,16.4572],[111.5426,16.4591],[111.539,16.4389]]],[[[111.6281,16.4459],[111.5851,16.4456],[111.5722,16.4592],[111.5711,16.476],[111.5854,16.4978],[111.5819,16.5132],[111.5897,16.5243],[111.5965,16.5199],[111.5969,16.4903],[111.6302,16.4535],[111.6281,16.4459]]],[[[111.5634,17.0972],[111.4798,17.0666],[111.4533,17.0869],[111.4633,17.1023],[111.5258,17.1201],[111.5598,17.1077],[111.5634,17.0972]],[[111.5064,17.1026],[111.4653,17.0907],[111.4708,17.0774],[111.4896,17.0778],[111.5109,17.0913],[111.5064,17.1026]]],[[[112.5157,16.0165],[112.4588,16.0076],[112.4464,16.0148],[112.4412,16.0291],[112.4473,16.0418],[112.4756,16.0537],[112.5714,16.0797],[112.5969,16.0766],[112.5967,16.0683],[112.5525,16.0326],[112.5157,16.0165]],[[112.4796,16.0494],[112.4512,16.0335],[112.455,16.0166],[112.4968,16.0167],[112.533,16.0304],[112.5548,16.05],[112.5435,16.0557],[112.4796,16.0494]]],[[[111.7935,16.0427],[111.7646,16.0349],[111.7424,16.0609],[111.8121,16.0775],[111.8151,16.0597],[111.7935,16.0427]]],[[[112.0075,16.1701],[112.0183,16.1773],[112.0318,16.1687],[112.0134,16.1605],[112.0075,16.1701]]],[[[111.6501,16.2151],[111.5927,16.1803],[111.5575,16.1908],[111.5683,16.2223],[111.5746,16.2158],[111.5716,16.1966],[111.591,16.1907],[111.6175,16.1981],[111.648,16.2197],[111.6889,16.2265],[111.6501,16.2151]]],[[[111.6931,16.2276],[111.6989,16.2305],[111.708,16.2261],[111.6996,16.223],[111.6931,16.2276]]],[[[111.6214,16.2375],[111.6303,16.2392],[111.6313,16.2307],[111.6249,16.2285],[111.6214,16.2375]]],[[[111.6717,16.2481],[111.6786,16.2459],[111.6756,16.2361],[111.6678,16.2396],[111.6717,16.2481]]],[[[111.8021,16.28],[111.8083,16.2474],[111.7873,16.2267],[111.7398,16.2125],[111.7222,16.2223],[111.7568,16.2231],[111.7856,16.2414],[111.7883,16.2628],[111.7816,16.273],[111.7678,16.279],[111.6711,16.2834],[111.6176,16.2527],[111.5835,16.226],[111.57,16.2258],[111.6368,16.2748],[111.6738,16.2883],[111.7881,16.2908],[111.8021,16.28]]],[[[111.7123,16.2621],[111.7213,16.2693],[111.7213,16.2624],[111.7123,16.2621]]],[[[111.7372,16.2697],[111.7457,16.277],[111.7461,16.2692],[111.7372,16.2697]]],[[[112.6693,16.3277],[112.6982,16.3263],[112.7078,16.317],[112.6825,16.3157],[112.6693,16.3277]]],[[[112.354,16.2849],[112.3311,16.291],[112.3339,16.3062],[112.4122,16.3469],[112.447,16.3908],[112.4666,16.3896],[112.49,16.3636],[112.4948,16.3317],[112.4817,16.3127],[112.354,16.2849]]],[[[112.0831,16.3386],[112.0706,16.3299],[112.0252,16.3387],[111.9822,16.3237],[111.9462,16.3238],[111.9725,16.3535],[112.0072,16.3655],[112.0652,16.3583],[112.0824,16.3503],[112.0831,16.3386]],[[111.983,16.3299],[112.0285,16.3487],[111.9975,16.3549],[111.9684,16.3359],[111.983,16.3299]]],[[[112.5363,16.3769],[112.554,16.3816],[112.5624,16.3756],[112.5542,16.354],[112.5339,16.3359],[112.5248,16.3527],[112.5363,16.3769]]],[[[112.6144,16.4262],[112.6438,16.4254],[112.6514,16.413],[112.6232,16.4119],[112.6144,16.4262]]],[[[111.7064,16.4529],[111.7151,16.4464],[111.7058,16.446],[111.7064,16.4529]]],[[[111.6419,16.4661],[111.665,16.4605],[111.6549,16.4509],[111.6355,16.4523],[111.6419,16.4661]]],[[[112.4761,16.4655],[112.4787,16.4764],[112.4881,16.4769],[112.4868,16.4692],[112.4761,16.4655]]],[[[112.4799,16.4861],[112.4901,16.4976],[112.5001,16.4941],[112.4933,16.4815],[112.4799,16.4861]]],[[[111.6959,16.5686],[111.704,16.5719],[111.7214,16.5573],[111.7439,16.5543],[111.7721,16.5361],[111.7855,16.5132],[111.7846,16.4989],[111.7614,16.4631],[111.7392,16.4494],[111.7306,16.4506],[111.7206,16.473],[111.7208,16.5009],[111.6893,16.4917],[111.6898,16.5114],[111.6747,16.5255],[111.6817,16.5421],[111.6756,16.5489],[111.647,16.547],[111.6424,16.5246],[111.6261,16.5308],[111.6066,16.5255],[111.5944,16.5359],[111.5979,16.5461],[111.6089,16.5451],[111.6777,16.5808],[111.6895,16.5807],[111.6959,16.5686]]],[[[112.5418,16.5291],[112.5603,16.5229],[112.5253,16.5183],[112.5273,16.5234],[112.5418,16.5291]]],[[[112.5684,16.5465],[112.5927,16.5572],[112.5993,16.5551],[112.5852,16.5339],[112.572,16.5346],[112.5684,16.5465]]],[[[112.6971,16.4238],[112.691,16.4345],[112.7207,16.5006],[112.7354,16.5189],[112.7576,16.5297],[112.7639,16.543],[112.7631,16.5946],[112.7328,16.6266],[112.7257,16.6605],[112.7032,16.6768],[112.7139,16.6911],[112.7302,16.6945],[112.7604,16.6502],[112.7773,16.6016],[112.7787,16.5435],[112.7479,16.464],[112.7212,16.4341],[112.6971,16.4238]]],[[[112.6453,16.5805],[112.6428,16.5683],[112.6269,16.5677],[112.6315,16.5786],[112.6453,16.5805]]],[[[111.7291,16.5638],[111.6968,16.5915],[111.7192,16.5914],[111.7291,16.5638]]],[[[112.7406,16.6056],[112.7473,16.5894],[112.7355,16.5715],[112.724,16.5686],[112.7218,16.5835],[112.7406,16.6056]]],[[[112.6209,16.5847],[112.6295,16.5952],[112.6462,16.5931],[112.6209,16.5847]]],[[[112.3776,16.7502],[112.3721,16.7566],[112.3788,16.7608],[112.3843,16.754],[112.3776,16.7502]]],[[[112.3599,16.7559],[112.3576,16.7627],[112.3635,16.7671],[112.3667,16.7587],[112.3599,16.7559]]],[[[112.3408,16.7675],[112.3411,16.7778],[112.3563,16.7787],[112.3542,16.7709],[112.3408,16.7675]]],[[[112.2363,16.7592],[112.2089,16.7695],[112.2047,16.7991],[112.2402,16.7701],[112.2363,16.7592]]],[[[112.3236,16.8554],[112.3741,16.8466],[112.38,16.8354],[112.3791,16.7982],[112.3709,16.7856],[112.3458,16.8075],[112.346,16.817],[112.3221,16.8201],[112.313,16.8363],[112.3236,16.8554]]],[[[112.8884,16.834],[112.8963,16.8324],[112.8975,16.8256],[112.8852,16.825],[112.8884,16.834]]],[[[112.2811,16.9973],[112.3358,16.9547],[112.3615,16.9235],[112.3557,16.9152],[112.3466,16.9165],[112.3415,16.9023],[112.3223,16.9068],[112.3244,16.9347],[112.3076,16.9453],[112.3095,16.9543],[112.2873,16.9559],[112.268,16.9708],[112.2077,16.9599],[112.1879,16.9755],[112.1981,16.9926],[112.2462,17.0071],[112.2811,16.9973]]]]},"properties":{"province_code":"48","province_name":"Thành phố Đà Nẵng","n_stations":191,"n_ports":1840,"ports_per_10k_pop":5.89,"population":3122915,"in_store":true}},{"type":"Feature","geometry":{"type":"MultiPolygon","coordinates":[[[[107.9317,14.2428],[107.9007,14.2766],[107.8774,14.2824],[107.8478,14.2753],[107.8379,14.2615],[107.8355,14.2364],[107.8166,14.2144],[107.7814,14.2228],[107.7544,14.2045],[107.6874,14.2169],[107.6602,14.1655],[107.6636,14.1383],[107.647,14.0646],[107.6313,14.0542],[107.613,14.0638],[107.5926,14.0254],[107.5375,14.0237],[107.5253,14.0168],[107.5183,13.9886],[107.471,13.9539],[107.4691,13.937],[107.4579,13.9237],[107.4559,13.9795],[107.4437,13.9972],[107.3846,13.9892],[107.3569,14.0178],[107.3657,14.0351],[107.3649,14.0635],[107.3799,14.0652],[107.3826,14.0787],[107.3605,14.0839],[107.3322,14.1046],[107.3403,14.133],[107.3616,14.1599],[107.358,14.1698],[107.3773,14.1799],[107.4062,14.2337],[107.3993,14.2495],[107.4095,14.2645],[107.4072,14.2974],[107.389,14.3263],[107.4085,14.3466],[107.4084,14.3637],[107.4334,14.381],[107.4239,14.4005],[107.4278,14.4129],[107.4484,14.4261],[107.4601,14.4063],[107.4886,14.4065],[107.5124,14.4977],[107.5067,14.5088],[107.5237,14.5236],[107.532,14.5552],[107.5165,14.5859],[107.545,14.611],[107.5376,14.6344],[107.5514,14.6471],[107.5493,14.6776],[107.5601,14.6943],[107.5563,14.7213],[107.5239,14.7221],[107.5214,14.7281],[107.5421,14.7505],[107.5305,14.7716],[107.5055,14.7862],[107.5238,14.8049],[107.5226,14.8136],[107.5398,14.8187],[107.5414,14.8272],[107.5903,14.8653],[107.5855,14.8913],[107.5395,14.9085],[107.5299,14.9283],[107.5051,14.9288],[107.4995,14.9428],[107.4787,14.9572],[107.4819,14.9703],[107.4668,14.9852],[107.4778,14.9868],[107.4676,15.0076],[107.4725,15.0197],[107.5013,15.0217],[107.5396,15.0494],[107.5839,15.028],[107.594,15.0513],[107.6057,15.0456],[107.6215,15.051],[107.5978,15.0883],[107.6226,15.105],[107.6078,15.1327],[107.6222,15.1351],[107.6268,15.1496],[107.5829,15.2005],[107.5949,15.2112],[107.6023,15.2044],[107.6199,15.2119],[107.6206,15.2268],[107.6334,15.2304],[107.6251,15.2318],[107.6193,15.2458],[107.6154,15.2882],[107.635,15.3192],[107.627,15.3323],[107.6101,15.3349],[107.6093,15.3675],[107.5966,15.3833],[107.6138,15.3936],[107.6224,15.4121],[107.6368,15.4158],[107.6605,15.3875],[107.6646,15.3524],[107.6928,15.3185],[107.7079,15.303],[107.7302,15.3082],[107.7365,15.2311],[107.7591,15.2374],[107.7802,15.2191],[107.8096,15.2115],[107.8713,15.2102],[107.8897,15.194],[107.9146,15.2121],[107.9295,15.209],[107.9504,15.1753],[107.9991,15.156],[108.0018,15.1188],[107.9761,15.0699],[107.95,15.0532],[107.9571,15.0372],[107.9903,14.9992],[108.0436,14.9936],[108.0634,14.9717],[108.1028,14.9523],[108.1446,14.9597],[108.1618,14.9742],[108.1475,15.0452],[108.1602,15.0601],[108.1756,15.0605],[108.2129,15.0328],[108.2407,15.0337],[108.2357,15.0783],[108.2564,15.0895],[108.2579,15.1176],[108.3064,15.1741],[108.3027,15.1923],[108.2914,15.1996],[108.3047,15.2104],[108.3075,15.2238],[108.2912,15.2284],[108.2815,15.2438],[108.3027,15.2587],[108.3004,15.2848],[108.3172,15.2998],[108.3997,15.2999],[108.4324,15.3261],[108.4395,15.3117],[108.4843,15.3082],[108.5034,15.3253],[108.5258,15.3203],[108.5464,15.335],[108.5991,15.3452],[108.6442,15.3675],[108.7154,15.3712],[108.7388,15.3976],[108.7718,15.3866],[108.7994,15.4012],[108.8029,15.3966],[108.8081,15.4075],[108.7961,15.4156],[108.7983,15.425],[108.8119,15.4121],[108.8266,15.4184],[108.8217,15.4099],[108.8315,15.397],[108.8277,15.3765],[108.8502,15.3487],[108.8703,15.3508],[108.8654,15.3344],[108.8821,15.3275],[108.8695,15.3012],[108.8762,15.2866],[108.906,15.2501],[108.9406,15.2407],[108.9333,15.2146],[108.9156,15.2134],[108.9224,15.2039],[108.906,15.2049],[108.895,15.1902],[108.9032,15.0784],[108.9307,14.9805],[108.9641,14.8973],[109.0008,14.8187],[109.0768,14.7052],[109.0739,14.6918],[109.0834,14.6712],[109.0753,14.6655],[109.0684,14.6773],[109.0651,14.6545],[109.0826,14.5777],[109.0605,14.5911],[109.0559,14.6083],[109.0448,14.6104],[109.0442,14.6326],[109.0162,14.6661],[108.977,14.6718],[108.9279,14.7026],[108.8888,14.6831],[108.855,14.6919],[108.8473,14.6824],[108.8386,14.6943],[108.8125,14.671],[108.7674,14.677],[108.7597,14.6669],[108.7657,14.626],[108.7596,14.5956],[108.736,14.5893],[108.7043,14.6146],[108.6987,14.5984],[108.6794,14.5943],[108.675,14.5819],[108.6405,14.5658],[108.6422,14.5484],[108.6298,14.5521],[108.6144,14.534],[108.5966,14.5464],[108.5958,14.5625],[108.5611,14.5854],[108.5469,14.5894],[108.5326,14.5791],[108.5282,14.5567],[108.4916,14.5443],[108.4346,14.5599],[108.3987,14.6026],[108.3751,14.6006],[108.3573,14.5749],[108.3827,14.5158],[108.2983,14.4179],[108.2963,14.3928],[108.2735,14.3872],[108.2437,14.3957],[108.2133,14.3881],[108.1941,14.3721],[108.1609,14.3624],[108.1529,14.3488],[108.1427,14.3529],[108.1489,14.3604],[108.1321,14.356],[108.1154,14.3636],[108.1087,14.3412],[108.0781,14.3316],[108.0873,14.3168],[108.0772,14.3099],[108.0605,14.2671],[108.0382,14.2762],[108.0128,14.2405],[107.9827,14.2434],[107.9616,14.2285],[107.9479,14.2427],[107.9317,14.2428]]],[[[108.7716,15.3915],[108.7708,15.392],[108.7727,15.3925],[108.7716,15.3915]]],[[[108.9528,15.1924],[108.9525,15.1938],[108.9541,15.1933],[108.9528,15.1924]]],[[[108.9372,15.249],[108.9376,15.2497],[108.9378,15.249],[108.9372,15.249]]],[[[108.9355,15.2502],[108.9364,15.2499],[108.9356,15.2497],[108.9355,15.2502]]],[[[108.9317,15.2526],[108.9331,15.2535],[108.933,15.2526],[108.9317,15.2526]]],[[[109.1135,15.2627],[109.1301,15.3125],[109.1341,15.313],[109.1453,15.2937],[109.1313,15.2655],[109.1135,15.2627]]],[[[109.1444,15.3851],[109.1211,15.3693],[109.0945,15.3817],[109.1132,15.3917],[109.1444,15.3851]]],[[[109.0777,15.4274],[109.0815,15.4321],[109.0867,15.4313],[109.0841,15.4263],[109.0777,15.4274]]]]},"properties":{"province_code":"51","province_name":"Tỉnh Quảng Ngãi","n_stations":82,"n_ports":631,"ports_per_10k_pop":2.92,"population":2161735,"in_store":true}},{"type":"Feature","geometry":{"type":"MultiPolygon","coordinates":[[[[108.2053,13.3736],[108.1115,13.4167],[108.0754,13.4001],[108.068,13.41],[108.0521,13.4122],[108.0104,13.3817],[107.9829,13.3927],[107.9798,13.3835],[107.9334,13.3757],[107.908,13.3886],[107.8515,13.3895],[107.8389,13.4005],[107.8015,13.3933],[107.7601,13.3645],[107.6985,13.3736],[107.6583,13.3463],[107.6477,13.3247],[107.6072,13.3053],[107.631,13.3607],[107.6176,13.5285],[107.5718,13.6227],[107.5696,13.6641],[107.5507,13.692],[107.5326,13.7442],[107.4501,13.7939],[107.4615,13.8167],[107.4556,13.8285],[107.4734,13.8546],[107.4542,13.871],[107.4708,13.892],[107.4724,13.9201],[107.4579,13.9237],[107.4691,13.937],[107.4702,13.953],[107.5131,13.9819],[107.5317,14.0215],[107.5926,14.0254],[107.613,14.0638],[107.6313,14.0542],[107.647,14.0646],[107.6636,14.1383],[107.6602,14.1655],[107.6879,14.2172],[107.7544,14.2045],[107.7814,14.2228],[107.8166,14.2144],[107.8355,14.2364],[107.8379,14.2615],[107.8478,14.2753],[107.8774,14.2824],[107.8953,14.2805],[107.9316,14.2428],[107.9481,14.2426],[107.9596,14.2283],[107.9827,14.2434],[108.0128,14.2405],[108.0382,14.2762],[108.0605,14.2671],[108.0772,14.3099],[108.0873,14.3168],[108.0781,14.3316],[108.1087,14.3412],[108.1154,14.3636],[108.1321,14.356],[108.1489,14.3604],[108.1427,14.3529],[108.1529,14.3488],[108.1609,14.3624],[108.1941,14.3721],[108.2133,14.3881],[108.2437,14.3957],[108.2735,14.3872],[108.2963,14.3928],[108.2983,14.4179],[108.3827,14.5158],[108.3573,14.5749],[108.3751,14.6006],[108.3987,14.6026],[108.4346,14.5599],[108.4916,14.5443],[108.5282,14.5567],[108.5326,14.5791],[108.5469,14.5894],[108.5611,14.5854],[108.5958,14.5625],[108.5966,14.5464],[108.6139,14.5339],[108.6298,14.5521],[108.6422,14.5484],[108.6405,14.5658],[108.675,14.5819],[108.6794,14.5943],[108.6987,14.5984],[108.7043,14.6146],[108.736,14.5893],[108.7596,14.5956],[108.7657,14.626],[108.7597,14.6669],[108.7689,14.6776],[108.7868,14.6698],[108.8125,14.671],[108.8386,14.6943],[108.8473,14.6824],[108.855,14.6919],[108.8888,14.6831],[108.9279,14.7026],[108.977,14.6718],[109.0162,14.6661],[109.0442,14.6326],[109.0448,14.6104],[109.0559,14.6083],[109.0605,14.5911],[109.0826,14.5777],[109.0697,14.5762],[109.0675,14.5603],[109.0933,14.4846],[109.1233,14.4466],[109.1148,14.4221],[109.1279,14.3944],[109.1221,14.3736],[109.1865,14.2815],[109.1792,14.2706],[109.197,14.2336],[109.1829,14.2263],[109.1832,14.2037],[109.2044,14.1613],[109.2277,14.1377],[109.2215,14.1272],[109.2097,14.1284],[109.206,14.1058],[109.2533,14.0189],[109.2468,14.007],[109.257,13.9886],[109.2492,13.9795],[109.2598,13.9635],[109.2426,13.9552],[109.2432,13.943],[109.2673,13.9],[109.2834,13.8868],[109.2943,13.8947],[109.2977,13.8791],[109.2923,13.8513],[109.2981,13.8271],[109.2859,13.8046],[109.293,13.7794],[109.2888,13.7547],[109.2802,13.7625],[109.2536,13.7593],[109.2426,13.7713],[109.2268,13.7648],[109.2149,13.7468],[109.233,13.6712],[109.2083,13.6808],[109.2019,13.6945],[109.1572,13.6786],[109.1522,13.6335],[109.12,13.6416],[109.1268,13.6218],[109.1159,13.6151],[109.1177,13.5848],[109.1032,13.5835],[109.0843,13.5671],[109.0517,13.5676],[109.0253,13.5292],[108.9998,13.5227],[108.9438,13.527],[108.9169,13.5413],[108.8675,13.535],[108.8505,13.569],[108.8274,13.565],[108.813,13.577],[108.7865,13.5773],[108.7669,13.5613],[108.748,13.5662],[108.7304,13.5234],[108.7138,13.5161],[108.7045,13.48],[108.7158,13.4626],[108.7418,13.4573],[108.7937,13.4759],[108.791,13.4521],[108.8054,13.4347],[108.8087,13.3606],[108.8592,13.2883],[108.8721,13.2833],[108.8708,13.2501],[108.8655,13.2258],[108.8495,13.2172],[108.8546,13.194],[108.8406,13.1629],[108.7988,13.1512],[108.7957,13.1412],[108.7772,13.1471],[108.7767,13.1377],[108.7601,13.1303],[108.7574,13.1005],[108.7481,13.0901],[108.7553,13.0359],[108.7191,13.0191],[108.6929,13.0166],[108.6792,12.9974],[108.6385,13.0107],[108.6171,13.0098],[108.5917,13.0292],[108.5678,13.0195],[108.5143,13.0377],[108.5201,13.0657],[108.49,13.109],[108.4617,13.1197],[108.4618,13.1619],[108.4262,13.194],[108.4078,13.258],[108.389,13.2568],[108.3742,13.2678],[108.3711,13.3042],[108.3554,13.3171],[108.3466,13.3392],[108.2898,13.3526],[108.2635,13.3727],[108.2053,13.3736]]],[[[109.343,13.6347],[109.3629,13.6119],[109.3622,13.6065],[109.3428,13.6177],[109.3378,13.6325],[109.343,13.6347]]],[[[109.2556,13.6784],[109.2504,13.6806],[109.2522,13.6844],[109.2556,13.6784]]],[[[109.3475,13.8982],[109.3522,13.8985],[109.3475,13.8957],[109.3475,13.8982]]],[[[109.3185,13.901],[109.3171,13.902],[109.3179,13.9037],[109.3185,13.901]]],[[[109.2941,14.1365],[109.2934,14.1382],[109.2949,14.1376],[109.2941,14.1365]]],[[[109.2007,14.2335],[109.2005,14.2316],[109.1994,14.233],[109.2007,14.2335]]],[[[109.2096,14.2458],[109.2094,14.2472],[109.2107,14.2454],[109.2096,14.2458]]],[[[109.2101,14.2507],[109.2074,14.2513],[109.2098,14.2528],[109.2101,14.2507]]],[[[109.2152,14.2824],[109.2163,14.2824],[109.2159,14.2817],[109.2152,14.2824]]],[[[109.1864,14.3622],[109.1875,14.3628],[109.1874,14.3615],[109.1864,14.3622]]]]},"properties":{"province_code":"52","province_name":"Tỉnh Gia Lai","n_stations":169,"n_ports":1223,"ports_per_10k_pop":3.41,"population":3583691,"in_store":true}},{"type":"Feature","geometry":{"type":"MultiPolygon","coordinates":[[[[107.5684,7.1058],[107.5605,7.1164],[107.5654,7.1411],[107.5545,7.1674],[107.5669,7.1839],[107.6011,7.1718],[107.6316,7.1422],[107.6385,7.1254],[107.6232,7.1057],[107.5684,7.1058]]],[[[106.8884,7.2933],[106.8596,7.2831],[106.8198,7.283],[106.8031,7.3004],[106.8199,7.3188],[106.8854,7.3246],[106.9019,7.3121],[106.8884,7.2933]]],[[[109.086,9.9662],[109.086,9.9746],[109.0892,9.9744],[109.086,9.9662]]],[[[108.9218,11.3093],[108.8886,11.3361],[108.8662,11.3295],[108.8711,11.352],[108.8554,11.3572],[108.844,11.3769],[108.7981,11.3841],[108.7652,11.4048],[108.7578,11.4142],[108.7598,11.4659],[108.7373,11.4703],[108.7093,11.4643],[108.6797,11.4735],[108.6435,11.5503],[108.583,11.5552],[108.5512,11.6016],[108.5529,11.6329],[108.562,11.641],[108.6235,11.6506],[108.6597,11.6678],[108.6711,11.6646],[108.7014,11.7016],[108.69,11.7345],[108.6663,11.7507],[108.6633,11.7646],[108.6724,11.7841],[108.6187,11.8042],[108.6296,11.8284],[108.6444,11.8334],[108.653,11.8464],[108.6536,11.8936],[108.6641,11.9145],[108.6603,11.956],[108.6816,11.9853],[108.6863,12.0262],[108.7112,12.0568],[108.702,12.0933],[108.6734,12.1217],[108.6932,12.1315],[108.6957,12.148],[108.7284,12.1607],[108.7107,12.1913],[108.7206,12.2197],[108.7012,12.2418],[108.7058,12.3021],[108.6795,12.3174],[108.6854,12.3317],[108.6772,12.3487],[108.6892,12.3727],[108.6734,12.4011],[108.6798,12.4151],[108.6693,12.4253],[108.713,12.4834],[108.7382,12.475],[108.7482,12.4805],[108.7529,12.4996],[108.7684,12.5033],[108.7919,12.4997],[108.7992,12.4845],[108.869,12.4536],[108.8779,12.4787],[108.86,12.4963],[108.8723,12.5065],[108.8755,12.5351],[108.8918,12.5487],[108.8918,12.5786],[108.918,12.5999],[108.8979,12.6265],[108.9103,12.6394],[108.9334,12.6452],[108.9549,12.6863],[108.9789,12.6836],[108.9887,12.691],[108.986,12.7033],[109.0435,12.7462],[109.0599,12.7449],[109.0661,12.7537],[109.086,12.7445],[109.1152,12.7982],[109.1439,12.7809],[109.1649,12.8256],[109.2058,12.8311],[109.2268,12.8133],[109.2555,12.8378],[109.2828,12.8336],[109.314,12.8433],[109.3205,12.8357],[109.3297,12.8497],[109.3653,12.8681],[109.3889,12.8425],[109.3647,12.8363],[109.3567,12.821],[109.3762,12.7496],[109.4027,12.7032],[109.4167,12.7024],[109.4109,12.6919],[109.4247,12.6709],[109.4525,12.6673],[109.4613,12.6495],[109.4353,12.6422],[109.4379,12.613],[109.4293,12.5987],[109.4399,12.5682],[109.4329,12.5625],[109.416,12.5773],[109.4148,12.6027],[109.3998,12.606],[109.3902,12.6278],[109.4094,12.6339],[109.4135,12.6526],[109.3964,12.6848],[109.3928,12.6687],[109.3688,12.6728],[109.3643,12.6427],[109.3511,12.6622],[109.339,12.6527],[109.3323,12.661],[109.3439,12.6682],[109.3536,12.6922],[109.3663,12.6894],[109.3799,12.7114],[109.3537,12.7628],[109.3529,12.7942],[109.3381,12.7971],[109.3244,12.7641],[109.3051,12.7604],[109.2559,12.7027],[109.233,12.6968],[109.2103,12.6663],[109.2149,12.6488],[109.2032,12.6496],[109.1903,12.63],[109.2055,12.6156],[109.1986,12.5698],[109.2188,12.5767],[109.2226,12.5717],[109.2302,12.5742],[109.22,12.5796],[109.2315,12.593],[109.2441,12.5853],[109.232,12.5605],[109.2302,12.5339],[109.2396,12.5085],[109.2956,12.4772],[109.2853,12.4437],[109.2907,12.4261],[109.337,12.4081],[109.3411,12.3959],[109.3257,12.3846],[109.3279,12.3726],[109.3087,12.3888],[109.2997,12.3536],[109.2904,12.3461],[109.263,12.3609],[109.2645,12.3756],[109.2412,12.4043],[109.1792,12.4544],[109.1718,12.4443],[109.1596,12.4517],[109.1663,12.4379],[109.151,12.426],[109.1658,12.4037],[109.2,12.3976],[109.2016,12.3369],[109.2424,12.3054],[109.233,12.2943],[109.2064,12.2896],[109.1969,12.254],[109.2013,12.2244],[109.2171,12.2093],[109.2009,12.1635],[109.2204,12.1546],[109.2248,12.142],[109.2152,12.1383],[109.2066,12.1181],[109.1962,12.1174],[109.1947,12.0902],[109.2243,12.0174],[109.2505,11.983],[109.2703,11.9746],[109.2723,11.9704],[109.27,11.9574],[109.2711,11.9537],[109.283,11.952],[109.2629,11.934],[109.2592,11.9207],[109.2807,11.8773],[109.2707,11.8631],[109.249,11.858],[109.2317,11.8809],[109.2044,11.8829],[109.2119,11.9218],[109.207,11.9272],[109.2154,11.9398],[109.2071,11.9518],[109.2139,11.9565],[109.2142,11.9773],[109.2039,11.9822],[109.1875,11.9396],[109.1607,11.9144],[109.1661,11.9063],[109.1576,11.91],[109.1489,11.895],[109.1391,11.9104],[109.1314,11.9076],[109.1155,11.8687],[109.1212,11.8314],[109.1346,11.8214],[109.1485,11.8232],[109.1634,11.8529],[109.1702,11.8575],[109.1861,11.8746],[109.1896,11.8753],[109.1775,11.8439],[109.1822,11.8154],[109.1916,11.7886],[109.2109,11.7708],[109.2222,11.747],[109.2306,11.7458],[109.232,11.7254],[109.1986,11.7214],[109.201,11.7078],[109.1732,11.6562],[109.1668,11.627],[109.1524,11.6157],[109.1291,11.5626],[109.1234,11.5725],[109.087,11.5861],[109.0665,11.5805],[109.0455,11.5888],[109.0294,11.5805],[109.0259,11.5619],[109.0339,11.5468],[109.0132,11.5198],[109.0133,11.424],[109.0061,11.4092],[109.0078,11.3836],[109.0203,11.3622],[108.9942,11.3492],[108.9866,11.3343],[108.9614,11.316],[108.9218,11.3093]]],[[[109.1429,11.583],[109.1456,11.5808],[109.1474,11.5781],[109.1429,11.583]]],[[[109.1785,11.6506],[109.177,11.6481],[109.1752,11.6473],[109.1762,11.6496],[109.1785,11.6506]]],[[[109.1823,11.8529],[109.1824,11.851],[109.182,11.8528],[109.1823,11.8529]]],[[[109.171,11.8599],[109.1697,11.8594],[109.1697,11.8601],[109.171,11.8599]]],[[[109.8621,7.4105],[109.8726,7.4172],[109.8793,7.4086],[109.8662,7.404],[109.8621,7.4105]]],[[[109.6288,7.5111],[109.6258,7.5289],[109.6578,7.5647],[109.6991,7.5842],[109.712,7.582],[109.711,7.5655],[109.6431,7.5121],[109.6288,7.5111]]],[[[109.8718,7.5544],[109.8076,7.5534],[109.778,7.5647],[109.7417,7.5625],[109.7357,7.5712],[109.7424,7.5867],[109.7593,7.5979],[109.8218,7.6031],[109.8491,7.5871],[109.8718,7.5544]]],[[[109.8906,8.358],[109.902,8.3577],[109.9006,8.3444],[109.8885,8.3462],[109.8906,8.358]]],[[[109.2219,11.7149],[109.2207,11.7162],[109.2215,11.7164],[109.2219,11.7149]]],[[[109.224,11.7701],[109.2242,11.769],[109.2223,11.7704],[109.224,11.7701]]],[[[109.2225,11.7726],[109.2162,11.7749],[109.2134,11.7862],[109.2224,11.7811],[109.2225,11.7726]]],[[[109.2078,11.7897],[109.2085,11.791],[109.2085,11.7898],[109.2078,11.7897]]],[[[109.201,11.8163],[109.2019,11.8177],[109.2026,11.8157],[109.201,11.8163]]],[[[109.2548,11.831],[109.2567,11.8319],[109.2557,11.8304],[109.2548,11.831]]],[[[109.2504,11.8317],[109.2497,11.8327],[109.2506,11.8332],[109.2504,11.8317]]],[[[109.2377,11.8414],[109.2482,11.8495],[109.2513,11.8361],[109.237,11.829],[109.2206,11.8484],[109.2377,11.8414]]],[[[109.2714,11.8596],[109.2711,11.8616],[109.2721,11.8614],[109.2714,11.8596]]],[[[109.2724,11.9317],[109.2711,11.9316],[109.2714,11.9326],[109.2724,11.9317]]],[[[109.2804,11.935],[109.2804,11.9369],[109.2812,11.9365],[109.2804,11.935]]],[[[109.2723,11.9598],[109.271,11.9586],[109.271,11.9597],[109.2723,11.9598]]],[[[109.3216,12.0077],[109.3236,12.003],[109.3193,12.0049],[109.3216,12.0077]]],[[[109.3244,12.0305],[109.3259,12.0318],[109.3257,12.0299],[109.3244,12.0305]]],[[[109.3236,12.0347],[109.3282,12.046],[109.3269,12.0342],[109.3236,12.0347]]],[[[109.326,12.0475],[109.3275,12.0492],[109.3271,12.0474],[109.326,12.0475]]],[[[109.3172,12.1647],[109.3012,12.1635],[109.2967,12.1696],[109.3043,12.172],[109.3172,12.1647]]],[[[109.3125,12.1705],[109.3145,12.171],[109.3141,12.1699],[109.3125,12.1705]]],[[[109.2346,12.1772],[109.2474,12.1785],[109.2519,12.17],[109.2483,12.1699],[109.2346,12.1772]]],[[[109.2729,12.1738],[109.2757,12.1818],[109.2779,12.1764],[109.2729,12.1738]]],[[[109.2339,12.195],[109.2259,12.1847],[109.2189,12.1886],[109.223,12.1975],[109.2339,12.195]]],[[[109.2639,12.2346],[109.2974,12.2298],[109.3067,12.213],[109.3168,12.2276],[109.3298,12.2208],[109.328,12.2028],[109.3357,12.194],[109.3177,12.1856],[109.3238,12.1937],[109.2979,12.1935],[109.3012,12.2064],[109.2898,12.1937],[109.2955,12.1818],[109.2827,12.1811],[109.2304,12.2265],[109.2435,12.2318],[109.2456,12.2233],[109.2587,12.2185],[109.2639,12.2346]]],[[[109.3617,12.2665],[109.3605,12.2743],[109.3645,12.2707],[109.3617,12.2665]]],[[[109.3683,12.2798],[109.3707,12.2857],[109.371,12.2796],[109.3683,12.2798]]],[[[109.243,12.2883],[109.2447,12.2898],[109.2453,12.2884],[109.243,12.2883]]],[[[109.3157,12.3381],[109.318,12.3366],[109.3155,12.3369],[109.3157,12.3381]]],[[[109.2154,12.3576],[109.2153,12.3625],[109.2181,12.3604],[109.2154,12.3576]]],[[[109.3757,12.3576],[109.3725,12.3694],[109.3798,12.3567],[109.3757,12.3576]]],[[[109.2173,12.3877],[109.219,12.3846],[109.2186,12.3832],[109.2173,12.3877]]],[[[109.2229,12.3866],[109.2288,12.3987],[109.2401,12.3885],[109.2351,12.3813],[109.2229,12.3866]]],[[[109.2249,12.3988],[109.2209,12.3999],[109.2238,12.4017],[109.2249,12.3988]]],[[[109.2199,12.4013],[109.2162,12.4026],[109.218,12.4037],[109.2199,12.4013]]],[[[109.3734,12.4764],[109.3772,12.4769],[109.376,12.4752],[109.3734,12.4764]]],[[[109.3582,12.4844],[109.3524,12.4783],[109.3466,12.4892],[109.3582,12.4844]]],[[[109.2922,12.489],[109.2985,12.4961],[109.3136,12.4974],[109.3003,12.486],[109.2922,12.489]]],[[[109.392,12.5466],[109.393,12.5491],[109.3939,12.5485],[109.392,12.5466]]],[[[109.4617,12.5649],[109.4596,12.5651],[109.4617,12.5663],[109.4617,12.5649]]],[[[109.3618,12.6316],[109.3839,12.6231],[109.4001,12.5711],[109.4122,12.5577],[109.408,12.5505],[109.3986,12.5494],[109.3846,12.566],[109.3388,12.5907],[109.3323,12.6085],[109.317,12.6043],[109.3031,12.619],[109.3051,12.6304],[109.3178,12.6391],[109.3474,12.6263],[109.3618,12.6316]]],[[[109.3033,12.5985],[109.3059,12.5979],[109.3043,12.5972],[109.3033,12.5985]]],[[[109.2975,12.6334],[109.3027,12.6377],[109.3043,12.6352],[109.2975,12.6334]]],[[[109.3065,12.636],[109.3083,12.6387],[109.3089,12.6358],[109.3065,12.636]]],[[[109.2947,12.6364],[109.2955,12.6399],[109.2967,12.6391],[109.2947,12.6364]]],[[[109.3176,12.6454],[109.3162,12.6412],[109.3149,12.6452],[109.3176,12.6454]]],[[[109.3771,12.6448],[109.3738,12.6461],[109.3756,12.6469],[109.3771,12.6448]]],[[[109.3468,12.6421],[109.3407,12.6511],[109.35,12.6512],[109.3468,12.6421]]],[[[109.3921,12.6498],[109.4011,12.6524],[109.4028,12.6431],[109.3921,12.6498]]],[[[109.4674,12.6508],[109.4671,12.6574],[109.4689,12.6571],[109.4674,12.6508]]],[[[109.4042,12.6568],[109.4056,12.658],[109.4051,12.6568],[109.4042,12.6568]]],[[[109.2648,12.678],[109.2629,12.6767],[109.261,12.6778],[109.2648,12.678]]],[[[109.2816,12.6945],[109.2811,12.6959],[109.2874,12.7012],[109.2816,12.6945]]],[[[109.2882,12.7026],[109.291,12.7066],[109.2925,12.7073],[109.2882,12.7026]]],[[[109.2957,12.7127],[109.2978,12.7198],[109.3108,12.7226],[109.3021,12.713],[109.2957,12.7127]]],[[[109.3198,12.7286],[109.3215,12.731],[109.3198,12.7283],[109.3198,12.7286]]],[[[109.3361,12.7384],[109.3283,12.741],[109.3339,12.7434],[109.3361,12.7384]]],[[[109.3043,12.7495],[109.3059,12.7503],[109.3056,12.7489],[109.3043,12.7495]]],[[[113.5728,6.9526],[113.5796,6.957],[113.5883,6.9509],[113.5944,6.935],[113.5726,6.9349],[113.5728,6.9526]]],[[[110.4699,7.2241],[110.4672,7.233],[110.4779,7.2343],[110.479,7.2256],[110.4699,7.2241]]],[[[111.7027,7.3501],[111.7058,7.3369],[111.6911,7.3351],[111.691,7.348],[111.7027,7.3501]]],[[[113.8381,7.3852],[113.8543,7.377],[113.851,7.3735],[113.8349,7.3652],[113.8172,7.3645],[113.7862,7.3741],[113.8381,7.3852]],[[113.8228,7.3781],[113.8098,7.3699],[113.8349,7.3692],[113.8448,7.3776],[113.8228,7.3781]],[[113.8506,7.3743],[113.8395,7.3712],[113.8377,7.3692],[113.8506,7.3743]]],[[[109.9072,7.5392],[109.8945,7.55],[109.9169,7.5573],[109.936,7.5495],[109.9268,7.5384],[109.9072,7.5392]]],[[[111.551,7.6117],[111.6307,7.6055],[111.6158,7.5881],[111.5874,7.5901],[111.5633,7.5671],[111.5547,7.5354],[111.5338,7.537],[111.551,7.6117]]],[[[114.0262,7.5895],[114.0392,7.5864],[114.0389,7.5785],[114.0281,7.5815],[114.0262,7.5895]]],[[[114.0878,7.5892],[114.0562,7.5774],[114.0485,7.5781],[114.0848,7.595],[114.0878,7.5892]]],[[[114.0534,7.5917],[114.053,7.5923],[114.0538,7.5925],[114.0534,7.5917]]],[[[114.0236,7.5917],[114.0192,7.593],[114.0244,7.5945],[114.0236,7.5917]]],[[[114.0522,7.5925],[114.051,7.5926],[114.0513,7.593],[114.0522,7.5925]]],[[[114.0363,7.5963],[114.0359,7.5968],[114.0363,7.5968],[114.0363,7.5963]]],[[[113.9927,7.606],[114.0115,7.6037],[114.0131,7.6006],[113.9927,7.606]]],[[[114.0131,7.606],[114.0107,7.606],[114.0107,7.6065],[114.0131,7.606]]],[[[113.9799,7.6052],[113.977,7.6078],[113.9818,7.6083],[113.9799,7.6052]]],[[[113.9865,7.6056],[113.9859,7.608],[113.9874,7.61],[113.9865,7.6056]]],[[[113.9979,7.614],[113.9899,7.6125],[113.9889,7.6131],[113.9979,7.614]]],[[[114.0114,7.6168],[114.0139,7.6142],[114.0106,7.6156],[114.0114,7.6168]]],[[[113.83,7.6283],[113.817,7.6152],[113.7497,7.6087],[113.7811,7.6266],[113.8279,7.6371],[113.83,7.6283]],[[113.8187,7.6239],[113.8015,7.624],[113.7864,7.6176],[113.8187,7.6239]]],[[[111.7097,7.674],[111.6603,7.6327],[111.6522,7.6391],[111.6612,7.6411],[111.6624,7.6541],[111.6734,7.6606],[111.6826,7.6601],[111.6801,7.6496],[111.686,7.6544],[111.6886,7.6733],[111.7097,7.674]]],[[[114.1414,7.7387],[114.1702,7.6957],[114.1434,7.7006],[114.149,7.7157],[114.138,7.723],[114.1048,7.6946],[114.0753,7.6908],[114.0017,7.6181],[113.9729,7.6091],[113.9705,7.6055],[113.9237,7.6067],[113.9204,7.6354],[113.9816,7.6229],[113.9961,7.6515],[114.0197,7.6556],[114.0627,7.7022],[114.0819,7.709],[114.1157,7.7378],[114.1414,7.7387]]],[[[111.5502,7.6606],[111.5511,7.6861],[111.5651,7.6674],[111.5502,7.6606]]],[[[111.73,7.6819],[111.7105,7.6901],[111.706,7.701],[111.7261,7.6928],[111.73,7.6819]]],[[[111.7543,7.7363],[111.7463,7.7232],[111.7574,7.7244],[111.7601,7.712],[111.7429,7.6954],[111.7451,7.743],[111.7543,7.7363]]],[[[111.5436,7.73],[111.5499,7.7373],[111.5575,7.7352],[111.5552,7.7318],[111.5436,7.73]]],[[[111.7492,7.762],[111.7574,7.7641],[111.7579,7.7535],[111.7497,7.7533],[111.7492,7.762]]],[[[111.5701,7.774],[111.5756,7.7831],[111.5794,7.7775],[111.5701,7.774]]],[[[111.7532,7.7817],[111.745,7.7808],[111.7348,7.7979],[111.7397,7.81],[111.7505,7.8102],[111.7532,7.7817]]],[[[111.7285,7.8222],[111.7297,7.8267],[111.7341,7.8239],[111.7285,7.8222]]],[[[110.5141,7.8335],[110.4877,7.8078],[110.4446,7.8033],[110.4818,7.8517],[110.5189,7.854],[110.5141,7.8335]]],[[[111.5681,7.8341],[111.5765,7.8358],[111.5771,7.8257],[111.5702,7.826],[111.5681,7.8341]]],[[[111.7443,7.8296],[111.7336,7.8388],[111.749,7.8375],[111.7443,7.8296]]],[[[111.5886,7.8598],[111.5947,7.8622],[111.5995,7.8579],[111.5942,7.857],[111.5886,7.8598]]],[[[111.7351,7.874],[111.7376,7.8968],[111.7412,7.8985],[111.7475,7.8587],[111.7351,7.874]]],[[[111.6118,7.8797],[111.5994,7.8922],[111.6072,7.9],[111.6444,7.8869],[111.6118,7.8797]]],[[[112.9203,7.8883],[112.9224,7.8944],[112.9239,7.8913],[112.9203,7.8883]]],[[[110.0587,7.9007],[110.034,7.8762],[110.015,7.9024],[110.0498,7.9168],[110.0587,7.9007]]],[[[110.0129,7.944],[109.9849,7.9208],[109.975,7.9272],[109.9509,7.9151],[109.9667,7.9066],[109.9696,7.8959],[109.9514,7.8698],[109.9365,7.8672],[109.9269,7.8747],[109.9244,7.8904],[109.9452,7.9117],[109.9567,7.9499],[109.9728,7.9588],[109.9997,7.9562],[110.0129,7.944]]],[[[111.7264,7.9433],[111.7246,7.9372],[111.722,7.9405],[111.7264,7.9433]]],[[[111.6457,7.9399],[111.6713,7.9726],[111.671,7.9639],[111.6457,7.9399]]],[[[111.7366,7.945],[111.7031,7.9488],[111.7006,7.967],[111.7217,7.9688],[111.7363,7.9603],[111.7366,7.945]]],[[[113.9202,7.9589],[113.8767,7.9887],[113.8769,8.0098],[113.8943,8.0139],[113.9213,8.0065],[113.924,7.9765],[113.9511,7.9372],[113.9309,7.9312],[113.9202,7.9589]]],[[[110.5871,8.0447],[110.5941,8.0671],[110.612,8.079],[110.6257,8.0747],[110.6414,8.0527],[110.6294,8.0128],[110.6192,8.0024],[110.5952,8.0184],[110.5871,8.0447]]],[[[110.5309,8.0718],[110.5335,8.0815],[110.5425,8.082],[110.5408,8.0753],[110.5309,8.0718]]],[[[110.4687,8.0667],[110.4523,8.0764],[110.4559,8.0883],[110.4868,8.0939],[110.5077,8.0858],[110.5043,8.068],[110.4687,8.0667]]],[[[110.5457,8.106],[110.5349,8.1099],[110.5586,8.1222],[110.5457,8.106]]],[[[110.5796,8.1252],[110.5792,8.135],[110.5931,8.1395],[110.588,8.127],[110.5796,8.1252]]],[[[111.9202,8.1584],[111.9325,8.1753],[111.9816,8.1822],[112.0157,8.1718],[112.0208,8.1474],[112.0079,8.1242],[111.9601,8.1166],[111.9256,8.1269],[111.9202,8.1584]]],[[[110.5831,8.1687],[110.5298,8.176],[110.5053,8.167],[110.4857,8.1463],[110.4533,8.1368],[110.4335,8.1434],[110.5226,8.2056],[110.5462,8.2138],[110.5894,8.2059],[110.5953,8.1773],[110.5831,8.1687]]],[[[113.2233,8.0731],[113.2716,8.1296],[113.295,8.1807],[113.3424,8.2249],[113.3466,8.2605],[113.3619,8.2858],[113.3546,8.2279],[113.3255,8.1698],[113.2476,8.0864],[113.2233,8.0731]]],[[[110.1965,8.3075],[110.2094,8.3134],[110.2119,8.3026],[110.2012,8.2984],[110.1965,8.3075]]],[[[111.4603,8.5379],[111.4544,8.5444],[111.4672,8.5513],[111.4777,8.541],[111.4603,8.5379]]],[[[111.9175,8.6403],[111.9169,8.6467],[111.9252,8.6495],[111.9175,8.6403]]],[[[111.694,8.6663],[111.6485,8.658],[111.6433,8.6647],[111.6994,8.6811],[111.694,8.6663]]],[[[113.9464,8.8347],[113.9806,8.837],[114.03,8.8245],[114.0347,8.8071],[114.0552,8.7947],[114.0598,8.77],[113.9971,8.7746],[113.8942,8.8268],[113.9079,8.8441],[113.9464,8.8347]]],[[[112.5456,8.8455],[112.6361,8.8375],[112.6655,8.8231],[112.5815,8.8054],[112.5534,8.8109],[112.5456,8.8455]],[[112.5834,8.8349],[112.5857,8.8238],[112.5724,8.8311],[112.5618,8.829],[112.5596,8.8172],[112.5826,8.8103],[112.6048,8.8199],[112.5834,8.8349]]],[[[112.2687,8.8765],[112.2244,8.8316],[112.1775,8.8491],[112.1883,8.8704],[112.2124,8.8842],[112.258,8.8931],[112.2687,8.8765]],[[112.2184,8.8689],[112.199,8.8579],[112.2011,8.8477],[112.2204,8.8428],[112.2468,8.8617],[112.2428,8.8707],[112.2184,8.8689]]],[[[112.8635,8.8624],[112.8637,8.855],[112.8349,8.8532],[112.8093,8.8733],[112.8203,8.8762],[112.8635,8.8624]]],[[[112.3441,8.9265],[112.3409,8.9325],[112.357,8.9384],[112.3579,8.9317],[112.3441,8.9265]]],[[[112.9488,9.6099],[112.9413,9.612],[112.9324,9.6019],[112.9369,9.5893],[112.9309,9.5787],[112.9175,9.5906],[112.9152,9.5716],[112.9081,9.5771],[112.9013,9.5689],[112.9416,9.5621],[112.9436,9.5721],[112.9825,9.5929],[113.0009,9.6116],[113.001,9.6219],[113.0117,9.6182],[112.9446,9.5593],[112.905,9.5536],[112.8712,9.5343],[112.9494,9.6453],[112.9554,9.626],[112.9488,9.6099]]],[[[113.0621,9.6722],[113.0134,9.6209],[113.0015,9.6245],[113.007,9.6299],[112.9982,9.6372],[112.959,9.6374],[112.9537,9.6445],[112.9564,9.6515],[112.9655,9.6456],[112.9659,9.6545],[112.9982,9.6585],[113.0586,9.6879],[113.0621,9.6722]]],[[[114.0231,10.0182],[114.0213,10.0124],[114.0126,10.0129],[114.0147,10.0184],[114.0231,10.0182]]],[[[113.8426,10.0009],[113.8462,10.065],[113.8621,10.1255],[113.8702,10.1126],[113.8569,10.0405],[113.8595,10.0061],[113.8512,9.9946],[113.8426,10.0009]]],[[[113.6529,10.2419],[113.6404,10.2239],[113.6309,10.223],[113.6336,10.2327],[113.6529,10.2419]]],[[[114.1051,10.9315],[114.0832,10.9355],[114.0705,10.9168],[114.0881,10.9068],[114.0617,10.9078],[114.0792,10.9371],[114.0939,10.9439],[114.1051,10.9315]]],[[[114.1562,7.6036],[114.1348,7.579],[114.1243,7.5876],[114.1562,7.6036]]],[[[114.1005,7.5937],[114.1001,7.5946],[114.1007,7.5943],[114.1005,7.5937]]],[[[114.1147,7.5914],[114.1162,7.5983],[114.1188,7.5992],[114.1207,7.595],[114.1147,7.5914]]],[[[114.1088,7.5938],[114.1055,7.5965],[114.108,7.5982],[114.1088,7.5938]]],[[[114.175,7.6131],[114.1764,7.6047],[114.1643,7.6008],[114.1634,7.6084],[114.175,7.6131]]],[[[114.1839,7.6255],[114.1783,7.6251],[114.1792,7.6285],[114.1839,7.6255]]],[[[114.1843,7.6383],[114.1922,7.637],[114.1893,7.6323],[114.1843,7.6383]]],[[[114.1914,7.6539],[114.201,7.6523],[114.1985,7.6485],[114.1914,7.6539]]],[[[114.2164,7.6653],[114.2145,7.6589],[114.2058,7.6565],[114.205,7.6626],[114.2164,7.6653]]],[[[114.2317,7.6693],[114.2251,7.6684],[114.2252,7.6739],[114.2317,7.6693]]],[[[114.2763,7.6858],[114.258,7.6601],[114.2494,7.667],[114.2763,7.6858]]],[[[114.2583,7.6831],[114.2632,7.6814],[114.2622,7.6798],[114.2583,7.6831]]],[[[114.3722,7.6964],[114.345,7.6582],[114.3197,7.6948],[114.3302,7.6976],[114.3347,7.6916],[114.3248,7.6915],[114.3439,7.6761],[114.3627,7.7021],[114.3638,7.7247],[114.3722,7.6964]]],[[[114.3032,7.6884],[114.2846,7.6882],[114.2782,7.6929],[114.2998,7.6995],[114.3032,7.6884]]],[[[114.1919,7.7399],[114.2024,7.7263],[114.1862,7.7111],[114.1715,7.7108],[114.1667,7.7279],[114.1919,7.7399]]],[[[114.3588,7.7316],[114.3535,7.7456],[114.3538,7.7574],[114.3611,7.7522],[114.3588,7.7316]]],[[[114.1923,7.7541],[114.2075,7.7595],[114.2097,7.7441],[114.2014,7.7413],[114.1923,7.7541]]],[[[114.3614,7.7621],[114.3576,7.7746],[114.3583,7.7763],[114.3671,7.7685],[114.3614,7.7621]]],[[[114.2967,7.7781],[114.2946,7.7801],[114.297,7.779],[114.2967,7.7781]]],[[[114.3198,7.7789],[114.3153,7.7804],[114.3153,7.7812],[114.3198,7.7789]]],[[[114.3556,7.7845],[114.3522,7.7852],[114.3526,7.7867],[114.3556,7.7845]]],[[[114.2636,7.8184],[114.2495,7.8021],[114.2568,7.778],[114.2344,7.768],[114.2215,7.7778],[114.2288,7.7646],[114.2188,7.7528],[114.2138,7.777],[114.2392,7.7933],[114.2609,7.8474],[114.2636,7.8184]]],[[[114.4368,7.9528],[114.4572,7.9344],[114.4254,7.9335],[114.4168,7.9216],[114.4161,7.9002],[114.3704,7.8961],[114.3206,7.9049],[114.2984,7.8677],[114.2679,7.8568],[114.2975,7.8881],[114.2998,7.9028],[114.3292,7.9236],[114.3524,7.9203],[114.3658,7.9067],[114.3806,7.9091],[114.3984,7.9186],[114.397,7.9337],[114.413,7.9495],[114.4368,7.9528]]],[[[114.1466,8.1128],[114.1378,8.1],[114.1222,8.0969],[114.1256,8.114],[114.1466,8.1128]],[[114.1299,8.1083],[114.1348,8.1016],[114.1392,8.1073],[114.1299,8.1083]]],[[[114.1976,8.6828],[114.2141,8.6828],[114.2164,8.6741],[114.1978,8.6689],[114.1919,8.6753],[114.1976,8.6828]]],[[[114.1818,8.6737],[114.1712,8.721],[114.1566,8.7476],[114.1654,8.7575],[114.1959,8.7419],[114.1953,8.7173],[114.2084,8.6951],[114.1818,8.6737]]],[[[114.3589,9.6889],[114.3538,9.6907],[114.3577,9.6924],[114.3589,9.6889]]],[[[114.3164,9.7471],[114.3207,9.7384],[114.3104,9.7325],[114.3164,9.7471]]],[[[114.2808,9.7267],[114.293,9.7208],[114.2871,9.7048],[114.2772,9.6992],[114.2707,9.7036],[114.2759,9.7363],[114.25,9.77],[114.2525,9.7801],[114.2839,9.7426],[114.2808,9.7267]],[[114.2888,9.7164],[114.2825,9.7156],[114.2888,9.7146],[114.2888,9.7164]]],[[[114.3274,9.7595],[114.3346,9.7544],[114.3305,9.7491],[114.3271,9.7515],[114.3274,9.7595]]],[[[114.3403,9.757],[114.3387,9.7661],[114.3454,9.7593],[114.3403,9.757]]],[[[114.3515,9.7689],[114.3484,9.7627],[114.346,9.7717],[114.3515,9.7689]]],[[[114.3184,9.8005],[114.3223,9.8009],[114.3225,9.7991],[114.3184,9.8005]]],[[[114.2735,9.8073],[114.2563,9.791],[114.276,9.8294],[114.2735,9.8073]]],[[[114.3424,9.8216],[114.345,9.8214],[114.3449,9.8204],[114.3424,9.8216]]],[[[114.3122,9.8781],[114.292,9.8676],[114.2962,9.8541],[114.275,9.837],[114.2823,9.8695],[114.3036,9.884],[114.3122,9.8781]]],[[[114.3131,9.8683],[114.3163,9.8726],[114.319,9.868],[114.3131,9.8683]]],[[[114.3187,9.8836],[114.3227,9.8793],[114.3224,9.8775],[114.3193,9.8777],[114.3187,9.8836]]],[[[114.3238,9.8852],[114.3356,9.887],[114.3357,9.8822],[114.3238,9.8852]]],[[[114.3407,9.8978],[114.3511,9.9002],[114.3502,9.8908],[114.3417,9.8893],[114.3407,9.8978]]],[[[114.2483,10.1685],[114.2537,10.1702],[114.2691,10.1613],[114.2518,10.1561],[114.2483,10.1685]]],[[[114.3116,10.1739],[114.3114,10.1656],[114.3091,10.166],[114.3116,10.1739]]],[[[114.3241,10.1791],[114.326,10.1733],[114.3203,10.1706],[114.3189,10.1747],[114.3241,10.1791]]],[[[114.3752,10.1806],[114.3694,10.1749],[114.3439,10.1813],[114.361,10.1851],[114.3752,10.1806]]],[[[114.2192,10.2106],[114.2295,10.2134],[114.2271,10.198],[114.2216,10.2004],[114.2192,10.2106]]],[[[114.2641,10.2666],[114.2638,10.258],[114.2555,10.2571],[114.2568,10.2599],[114.2641,10.2666]]],[[[114.2806,10.2772],[114.3027,10.2914],[114.2809,10.2741],[114.2806,10.2772]]],[[[114.3432,10.3191],[114.3511,10.3175],[114.3537,10.3134],[114.3432,10.3191]]],[[[114.3525,10.3677],[114.3578,10.3638],[114.3561,10.3589],[114.3511,10.3611],[114.3525,10.3677]]],[[[114.3563,10.3781],[114.3727,10.3847],[114.3762,10.3815],[114.3657,10.3729],[114.3563,10.3781]]],[[[114.3203,10.6889],[114.3234,10.7],[114.3357,10.7122],[114.3389,10.6978],[114.3203,10.6889]]],[[[114.3616,10.7035],[114.369,10.7066],[114.3716,10.703],[114.3616,10.7035]]],[[[114.3515,10.709],[114.3535,10.7031],[114.3484,10.7055],[114.3515,10.709]]],[[[114.355,10.7283],[114.3605,10.7224],[114.343,10.7185],[114.3459,10.7244],[114.355,10.7283]]],[[[114.1886,11.0302],[114.1822,11.0251],[114.1692,11.0323],[114.1868,11.0427],[114.1808,11.0315],[114.1886,11.0302]]],[[[114.2712,11.0584],[114.2724,11.0475],[114.2596,11.0311],[114.2268,11.0358],[114.2026,11.0294],[114.1917,11.0354],[114.1973,11.0431],[114.2445,11.0537],[114.2575,11.0492],[114.2602,11.0583],[114.2712,11.0584]]],[[[114.1923,11.0434],[114.191,11.0481],[114.1951,11.0462],[114.1923,11.0434]]],[[[114.3426,11.0503],[114.3446,11.0558],[114.3475,11.0516],[114.3426,11.0503]]],[[[114.281,11.0578],[114.2911,11.061],[114.296,11.0501],[114.2803,11.0458],[114.281,11.0578]]],[[[114.2036,11.0505],[114.2107,11.057],[114.2071,11.0487],[114.2036,11.0505]]],[[[114.3392,11.0573],[114.3152,11.0529],[114.3122,11.0572],[114.3264,11.061],[114.3392,11.0573]]],[[[114.2337,11.0596],[114.2225,11.0532],[114.216,11.0611],[114.23,11.064],[114.2337,11.0596]]],[[[114.3199,11.0616],[114.3201,11.0659],[114.3218,11.0662],[114.3199,11.0616]]],[[[114.2545,11.0746],[114.2626,11.0756],[114.2587,11.0699],[114.2545,11.0746]]],[[[114.4029,11.4446],[114.3869,11.3983],[114.3626,11.3802],[114.3325,11.3779],[114.3562,11.3804],[114.3687,11.3995],[114.3862,11.4025],[114.3944,11.4411],[114.3856,11.457],[114.3766,11.4503],[114.3883,11.4367],[114.3729,11.4478],[114.3506,11.4462],[114.328,11.421],[114.3283,11.4084],[114.3095,11.39],[114.3125,11.3816],[114.3306,11.378],[114.2941,11.3771],[114.2965,11.3949],[114.3168,11.4061],[114.3252,11.4342],[114.3539,11.4621],[114.3973,11.4738],[114.4029,11.4446]]],[[[114.3871,7.7889],[114.3907,7.7839],[114.382,7.7766],[114.3657,7.7843],[114.3871,7.7889]]],[[[114.3948,7.7937],[114.4006,7.8178],[114.4431,7.8516],[114.4381,7.83],[114.3948,7.7937]]],[[[114.3938,7.8489],[114.3913,7.8487],[114.3918,7.8497],[114.3938,7.8489]]],[[[114.3778,7.8499],[114.3744,7.8504],[114.3756,7.8518],[114.3778,7.8499]]],[[[114.4937,7.8906],[114.4467,7.8582],[114.4729,7.8815],[114.4734,7.9026],[114.4937,7.8906]]],[[[114.4616,7.9091],[114.4592,7.9132],[114.4672,7.9146],[114.4616,7.9091]]],[[[114.4679,7.9209],[114.4604,7.9233],[114.4624,7.9277],[114.4679,7.9209]]],[[[114.3632,9.7745],[114.366,9.7827],[114.3793,9.7778],[114.3706,9.7752],[114.3632,9.7745]]],[[[114.3819,9.7795],[114.3859,9.7864],[114.3899,9.7837],[114.3819,9.7795]]],[[[114.3915,9.8014],[114.3997,9.8056],[114.4101,9.7959],[114.396,9.7887],[114.3915,9.8014]]],[[[114.4335,9.8092],[114.4333,9.8178],[114.4392,9.815],[114.4335,9.8092]]],[[[114.4549,9.8246],[114.4568,9.8417],[114.4714,9.8297],[114.4549,9.8246]]],[[[114.492,9.8475],[114.4902,9.8557],[114.4956,9.8503],[114.492,9.8475]]],[[[114.5127,9.8628],[114.5061,9.8725],[114.5163,9.8714],[114.5127,9.8628]]],[[[114.5307,9.8827],[114.5275,9.8927],[114.5307,9.8971],[114.5378,9.8869],[114.5307,9.8827]]],[[[114.419,9.8932],[114.4432,9.9029],[114.4473,9.8954],[114.4244,9.8774],[114.419,9.8932]]],[[[114.4021,9.8942],[114.398,9.8789],[114.3823,9.8968],[114.3556,9.9019],[114.3767,9.9061],[114.4021,9.8942]]],[[[114.4893,9.8971],[114.4858,9.8904],[114.4789,9.8915],[114.4816,9.9012],[114.4893,9.8971]]],[[[114.4539,9.9103],[114.465,9.9113],[114.4759,9.9004],[114.459,9.8942],[114.4539,9.9103]]],[[[114.4877,9.9133],[114.4935,9.9233],[114.5051,9.9191],[114.4972,9.9047],[114.4877,9.9133]]],[[[114.5254,9.9128],[114.5066,9.9106],[114.5175,9.9159],[114.5095,9.9221],[114.5254,9.9128]]],[[[114.5289,9.9231],[114.515,9.9332],[114.5178,9.9406],[114.5301,9.9354],[114.5289,9.9231]]],[[[114.5352,9.9375],[114.5379,9.9354],[114.5367,9.9345],[114.5352,9.9375]]],[[[114.5286,9.9486],[114.5345,9.9526],[114.5346,9.9492],[114.5286,9.9486]]],[[[114.3525,9.9989],[114.3666,10.0109],[114.3972,10.0117],[114.4109,10.0098],[114.4174,9.9989],[114.4089,9.9801],[114.3786,9.9709],[114.362,9.979],[114.3525,9.9989]]],[[[114.3762,10.1972],[114.3839,10.1964],[114.3817,10.1907],[114.3762,10.1972]]],[[[114.3862,10.2022],[114.3915,10.1993],[114.3862,10.1996],[114.3862,10.2022]]],[[[114.4001,10.2062],[114.4149,10.2052],[114.3999,10.2005],[114.4001,10.2062]]],[[[114.4194,10.2208],[114.4179,10.2139],[114.4155,10.2196],[114.4194,10.2208]]],[[[114.4253,10.2265],[114.43,10.2219],[114.4265,10.2206],[114.4253,10.2265]]],[[[114.4534,10.2373],[114.4529,10.2297],[114.4372,10.2226],[114.44,10.2297],[114.4534,10.2373]]],[[[114.5338,10.2393],[114.534,10.2357],[114.5318,10.2386],[114.5338,10.2393]]],[[[114.5203,10.2333],[114.5018,10.2326],[114.4648,10.2406],[114.4926,10.2448],[114.5203,10.2333]]],[[[114.4602,10.2443],[114.457,10.2428],[114.4591,10.2451],[114.4602,10.2443]]],[[[114.5338,10.2506],[114.5373,10.244],[114.5316,10.2482],[114.5338,10.2506]]],[[[114.3669,10.2516],[114.3685,10.248],[114.3661,10.2484],[114.3669,10.2516]]],[[[114.3856,10.2708],[114.3892,10.2678],[114.3853,10.2683],[114.3856,10.2708]]],[[[114.3742,10.2744],[114.3744,10.2697],[114.3721,10.2697],[114.3742,10.2744]]],[[[114.4036,10.2801],[114.4062,10.2781],[114.4017,10.2767],[114.4036,10.2801]]],[[[114.3933,10.289],[114.3942,10.2859],[114.3924,10.2875],[114.3933,10.289]]],[[[114.4649,10.2941],[114.4618,10.2903],[114.4624,10.2939],[114.4649,10.2941]]],[[[114.482,10.3103],[114.4783,10.3072],[114.4787,10.3112],[114.482,10.3103]]],[[[114.4415,10.3134],[114.447,10.3177],[114.4478,10.316],[114.4415,10.3134]]],[[[114.4251,10.3187],[114.4226,10.32],[114.4244,10.3203],[114.4251,10.3187]]],[[[114.4283,10.3296],[114.425,10.3316],[114.4287,10.3317],[114.4283,10.3296]]],[[[114.457,10.3474],[114.4542,10.3437],[114.454,10.3469],[114.457,10.3474]]],[[[114.4987,10.3595],[114.5026,10.3676],[114.5114,10.3666],[114.5327,10.3434],[114.5181,10.3399],[114.4987,10.3595]]],[[[114.4918,10.357],[114.4893,10.3511],[114.4846,10.3508],[114.4849,10.3538],[114.4918,10.357]]],[[[114.382,10.3705],[114.3804,10.3843],[114.3914,10.3847],[114.3917,10.3828],[114.382,10.3705]]],[[[114.4286,10.3915],[114.4811,10.3845],[114.4853,10.3708],[114.4546,10.3746],[114.4286,10.3915]]],[[[114.4187,10.3914],[114.4229,10.3838],[114.4036,10.3803],[114.4046,10.3905],[114.4187,10.3914]]],[[[114.4218,10.6731],[114.4282,10.6695],[114.4282,10.6621],[114.4201,10.6634],[114.4218,10.6731]]],[[[114.387,10.6762],[114.3935,10.6701],[114.3882,10.6701],[114.387,10.6762]]],[[[114.461,10.6747],[114.4612,10.6805],[114.4677,10.6742],[114.461,10.6747]]],[[[114.4869,10.6883],[114.5033,10.6942],[114.5067,10.6911],[114.4869,10.6883]]],[[[114.519,10.6946],[114.5275,10.7188],[114.5457,10.7267],[114.5356,10.7029],[114.519,10.6946]]],[[[114.407,10.742],[114.4018,10.7353],[114.394,10.7369],[114.3952,10.7404],[114.407,10.742]]],[[[114.4253,10.7528],[114.4194,10.7453],[114.4154,10.7473],[114.4202,10.7545],[114.4253,10.7528]]],[[[114.5762,10.8259],[114.5648,10.7439],[114.5256,10.7207],[114.5175,10.7015],[114.4906,10.6931],[114.4808,10.7012],[114.4649,10.7002],[114.4433,10.6754],[114.4273,10.6855],[114.4094,10.6729],[114.4069,10.6885],[114.3832,10.6949],[114.384,10.7018],[114.3965,10.7036],[114.4065,10.7331],[114.4357,10.7378],[114.4404,10.7589],[114.4664,10.7653],[114.4676,10.7775],[114.4793,10.7851],[114.4735,10.804],[114.4894,10.7996],[114.5027,10.8091],[114.5032,10.827],[114.5257,10.8337],[114.5559,10.8642],[114.5725,10.8664],[114.5699,10.8799],[114.5823,10.8903],[114.5889,10.8839],[114.5886,10.8446],[114.5762,10.8259]]],[[[114.4616,10.7966],[114.4634,10.7911],[114.4605,10.7912],[114.4616,10.7966]]],[[[114.4931,10.823],[114.4951,10.8113],[114.4868,10.8105],[114.4931,10.823]]],[[[114.5068,10.8369],[114.5136,10.8344],[114.5092,10.8305],[114.5068,10.8369]]],[[[114.5188,10.8411],[114.5238,10.835],[114.5168,10.8403],[114.5188,10.8411]]],[[[114.5169,10.8469],[114.5285,10.8594],[114.5298,10.8423],[114.5169,10.8469]]],[[[114.3753,11.0801],[114.3675,11.0955],[114.3853,11.0969],[114.3753,11.0801]]],[[[114.798,7.2006],[114.8253,7.1967],[114.8285,7.1753],[114.8173,7.1643],[114.7902,7.1774],[114.7899,7.193],[114.798,7.2006]]],[[[114.9971,7.5024],[115.0049,7.5037],[115.0063,7.4953],[114.9976,7.4944],[114.9971,7.5024]]],[[[115.3672,8.0477],[115.3792,8.0514],[115.3925,8.0423],[115.3963,8.0216],[115.385,8.0019],[115.3739,8.0016],[115.364,8.0144],[115.3672,8.0477]]],[[[114.7051,8.1855],[114.7611,8.1693],[114.7773,8.1447],[114.7999,8.1355],[114.8049,8.119],[114.746,8.0817],[114.6506,8.0817],[114.6458,8.0924],[114.6755,8.0863],[114.749,8.0891],[114.786,8.1166],[114.7859,8.1253],[114.7389,8.1511],[114.7191,8.1529],[114.7095,8.1636],[114.6666,8.1384],[114.6108,8.1291],[114.6469,8.1055],[114.6446,8.0953],[114.617,8.1192],[114.5115,8.1096],[114.5326,8.1328],[114.5616,8.1331],[114.5972,8.1479],[114.6677,8.1604],[114.7051,8.1855]]],[[[114.7602,8.2279],[114.7683,8.2175],[114.7491,8.2157],[114.7506,8.2254],[114.7602,8.2279]]],[[[115.4053,8.3455],[115.4132,8.3452],[115.4158,8.3349],[115.396,8.3192],[115.3921,8.328],[115.4053,8.3455]]],[[[115.2186,8.3699],[115.2649,8.3686],[115.2771,8.3573],[115.2599,8.3457],[115.2438,8.3546],[115.1923,8.354],[115.1665,8.384],[115.1937,8.3908],[115.2186,8.3699]]],[[[115.1534,8.458],[115.1691,8.4528],[115.1708,8.4417],[115.1537,8.4472],[115.1534,8.458]]],[[[115.4824,8.4976],[115.4976,8.4933],[115.4958,8.4814],[115.4788,8.4843],[115.4824,8.4976]]],[[[115.5284,8.5157],[115.5437,8.5126],[115.5439,8.5003],[115.5275,8.5015],[115.5284,8.5157]]],[[[115.2507,8.7856],[115.2752,8.7781],[115.2713,8.7515],[115.2511,8.7505],[115.2383,8.7629],[115.2403,8.7803],[115.2507,8.7856]]],[[[114.6406,8.833],[114.6386,8.8662],[114.6825,8.8775],[114.676,8.8596],[114.6406,8.833]]],[[[115.718,8.8873],[115.742,8.8654],[115.7411,8.8397],[115.73,8.8406],[115.7109,8.8671],[115.7108,8.8848],[115.718,8.8873]]],[[[115.4487,9.4176],[115.4628,9.3593],[115.4438,9.3486],[115.4322,9.3553],[115.4256,9.3764],[115.4487,9.4176]],[[115.4551,9.3559],[115.4524,9.3992],[115.4484,9.4067],[115.4298,9.3782],[115.4353,9.3567],[115.4451,9.351],[115.4551,9.3559]]],[[[114.667,9.7211],[114.673,9.7137],[114.6671,9.7091],[114.6614,9.7156],[114.667,9.7211]]],[[[114.5473,9.8572],[114.5498,9.8634],[114.5558,9.8615],[114.5547,9.8579],[114.5473,9.8572]]],[[[115.5178,9.8814],[115.5042,9.8851],[115.5008,9.894],[115.5178,9.8814]]],[[[114.5758,9.8989],[114.5735,9.903],[114.5747,9.9035],[114.5758,9.8989]]],[[[114.5671,9.9005],[114.5611,9.9047],[114.5636,9.9075],[114.5671,9.9005]]],[[[115.5121,9.9333],[115.5758,9.9167],[115.5803,9.9006],[115.5491,9.8725],[115.5189,9.8819],[115.5483,9.8776],[115.5605,9.8842],[115.5735,9.9054],[115.5639,9.9182],[115.5113,9.9259],[115.4984,9.8997],[115.5007,9.9199],[115.5121,9.9333]]],[[[114.5911,9.901],[114.5936,9.9152],[114.6066,9.9119],[114.5993,9.8982],[114.5911,9.901]]],[[[114.6059,9.9217],[114.6092,9.916],[114.6051,9.9209],[114.6059,9.9217]]],[[[114.6154,9.9233],[114.6235,9.9353],[114.6291,9.9338],[114.6285,9.9305],[114.6154,9.9233]]],[[[114.6444,9.9324],[114.6443,9.9433],[114.654,9.9528],[114.6444,9.9324]]],[[[114.5505,9.9434],[114.5462,9.9443],[114.5464,9.9468],[114.5505,9.9434]]],[[[114.5651,9.95],[114.5649,9.9472],[114.5624,9.9472],[114.5651,9.95]]],[[[114.5543,9.9543],[114.5461,9.9552],[114.5457,9.9581],[114.5543,9.9543]]],[[[114.5907,9.9629],[114.5929,9.9598],[114.5877,9.9649],[114.5907,9.9629]]],[[[114.5772,9.9609],[114.5489,9.9624],[114.5766,9.9679],[114.5772,9.9609]]],[[[114.6048,9.9759],[114.6018,9.9774],[114.6025,9.9823],[114.6048,9.9759]]],[[[114.6549,9.9546],[114.6397,9.9797],[114.6457,9.9879],[114.6087,9.9978],[114.6725,10.0061],[114.6549,9.9546]]],[[[114.5935,9.9714],[114.5834,9.9793],[114.6043,9.9912],[114.5935,9.9714]]],[[[114.6936,10.0546],[114.7109,10.0504],[114.6966,10.0455],[114.6936,10.0546]]],[[[114.7513,10.1202],[114.7636,10.1112],[114.7485,10.1014],[114.7413,10.1113],[114.7513,10.1202]]],[[[115.2989,10.1943],[115.3045,10.1911],[115.3124,10.1892],[115.2992,10.187],[115.2989,10.1943]]],[[[115.3324,10.2034],[115.3159,10.1795],[115.2884,10.1706],[115.283,10.2116],[115.3121,10.1973],[115.3324,10.2034]],[[115.2869,10.1943],[115.3003,10.1787],[115.3171,10.1885],[115.2946,10.1992],[115.2869,10.1943]]],[[[115.3806,10.255],[115.3718,10.2452],[115.3628,10.2437],[115.3669,10.2565],[115.3806,10.255]]],[[[114.5676,10.267],[114.5728,10.2611],[114.546,10.2413],[114.5461,10.2507],[114.5676,10.267]]],[[[114.5884,10.2755],[114.5944,10.2738],[114.6011,10.2637],[114.5828,10.2632],[114.5884,10.2755]]],[[[114.6109,10.271],[114.6075,10.266],[114.6084,10.2707],[114.6109,10.271]]],[[[114.6484,10.2903],[114.6215,10.2674],[114.6224,10.279],[114.6484,10.2903]]],[[[115.0676,10.3235],[115.0743,10.318],[115.0684,10.3116],[115.0628,10.3166],[115.0676,10.3235]]],[[[114.6055,10.3264],[114.619,10.3183],[114.6196,10.3174],[114.5919,10.3227],[114.6055,10.3264]]],[[[114.5857,10.3146],[114.5608,10.3266],[114.5682,10.3309],[114.5857,10.3146]]],[[[114.7068,10.3234],[114.6755,10.2926],[114.6571,10.2864],[114.6716,10.3032],[114.6594,10.3253],[114.6135,10.3317],[114.6728,10.3331],[114.6873,10.3431],[114.6941,10.3596],[114.7203,10.3767],[114.7019,10.3467],[114.7068,10.3234]]],[[[114.5743,10.3849],[114.5597,10.3367],[114.55,10.3218],[114.5456,10.3597],[114.5665,10.406],[114.5918,10.4173],[114.5927,10.4032],[114.5743,10.3849]]],[[[115.8043,10.5386],[115.7936,10.4561],[115.7866,10.4517],[115.7327,10.4565],[115.7124,10.4727],[115.7172,10.4784],[115.7251,10.4667],[115.7542,10.4553],[115.7869,10.4709],[115.7685,10.4746],[115.7782,10.5056],[115.7658,10.517],[115.7409,10.5088],[115.731,10.5203],[115.7357,10.504],[115.7238,10.5034],[115.7118,10.4763],[115.7012,10.4864],[115.7361,10.5378],[115.7672,10.5318],[115.8043,10.5386]]],[[[115.1456,10.5659],[115.1517,10.5616],[115.1478,10.5541],[115.1403,10.5582],[115.1456,10.5659]]],[[[114.5855,10.7396],[114.5568,10.7381],[114.577,10.7492],[114.5719,10.7908],[114.5809,10.7972],[114.5972,10.7672],[114.5855,10.7396]]],[[[114.5858,10.8156],[114.5822,10.8032],[114.5797,10.8005],[114.5798,10.8155],[114.5858,10.8156]]],[[[114.5488,10.8755],[114.5546,10.866],[114.5385,10.8562],[114.5325,10.8654],[114.5488,10.8755]]],[[[114.6062,10.9086],[114.5892,10.825],[114.5901,10.8877],[114.5788,10.8926],[114.5736,10.8832],[114.5658,10.8905],[114.5953,10.9132],[114.6062,10.9086]]],[[[114.5617,10.8842],[114.5712,10.8713],[114.5703,10.8684],[114.5616,10.8679],[114.5558,10.88],[114.5617,10.8842]]],[[[114.9253,10.8657],[114.871,10.8557],[114.9196,10.8839],[114.9369,10.9085],[114.9253,10.8657]],[[114.9194,10.8725],[114.9155,10.8726],[114.9153,10.8702],[114.9194,10.8725]]],[[[114.6035,10.9237],[114.6266,10.9343],[114.6248,10.9274],[114.6057,10.918],[114.6035,10.9237]]],[[[114.6722,10.9622],[114.6448,10.9491],[114.6627,10.9901],[114.6686,10.9862],[114.6651,10.964],[114.6722,10.9622]]],[[[114.7454,11.0163],[114.7411,11.0076],[114.7339,11.0086],[114.7376,11.0149],[114.7454,11.0163]]],[[[115.0163,11.0798],[115.0221,11.0852],[115.0285,11.0838],[115.0206,11.0713],[115.0163,11.0798]]],[[[114.8004,11.0867],[114.7867,11.0868],[114.7491,11.0339],[114.7034,11.0001],[114.6925,10.9985],[114.6816,11.0099],[114.6937,11.0253],[114.6901,11.0365],[114.6617,11.0252],[114.6413,11.0011],[114.6222,11.0194],[114.6337,11.0434],[114.681,11.0882],[114.7203,11.0951],[114.7307,11.1206],[114.7269,11.1479],[114.7512,11.1399],[114.7811,11.1605],[114.8097,11.156],[114.815,11.1355],[114.8004,11.0867]]],[[[114.6085,11.3687],[114.5746,11.3586],[114.5679,11.3457],[114.5801,11.3338],[114.6118,11.3475],[114.6047,11.328],[114.5604,11.3268],[114.554,11.3444],[114.565,11.37],[114.6053,11.3764],[114.6085,11.3687]]],[[[114.6546,11.4085],[114.6435,11.3917],[114.6309,11.389],[114.6386,11.4033],[114.6546,11.4085]]],[[[114.6682,11.444],[114.6751,11.4412],[114.6714,11.4328],[114.6626,11.4365],[114.6682,11.444]]],[[[114.6982,11.4454],[114.686,11.4358],[114.698,11.4504],[114.6982,11.4454]]],[[[114.6279,11.4971],[114.655,11.5078],[114.6683,11.4954],[114.6361,11.4819],[114.6268,11.4067],[114.6175,11.3973],[114.6156,11.453],[114.6279,11.4971]]],[[[114.6681,11.4844],[114.6871,11.4888],[114.7055,11.4688],[114.6962,11.4618],[114.6681,11.4844]]],[[[115.9294,8.4908],[115.9431,8.4888],[115.9391,8.4727],[115.9255,8.4792],[115.9294,8.4908]]],[[[116.3,8.9228],[116.2734,8.8816],[116.2543,8.8826],[116.2676,8.9243],[116.3,8.9228]],[[116.2909,8.9178],[116.2697,8.9183],[116.2633,8.8858],[116.2752,8.8868],[116.2909,8.9178]]],[[[116.4722,9.1795],[116.4714,9.1732],[116.4585,9.1682],[116.45,9.1769],[116.4536,9.1841],[116.4722,9.1795]],[[116.4608,9.1712],[116.4679,9.1748],[116.467,9.1785],[116.4554,9.1784],[116.4608,9.1712]]],[[[115.9246,9.3368],[115.961,9.3301],[115.9561,9.3254],[115.9409,9.3225],[115.8969,9.3252],[115.9246,9.3368]],[[115.9195,9.3272],[115.9413,9.3248],[115.9548,9.3287],[115.9277,9.3317],[115.9195,9.3272]]],[[[116.3563,9.5289],[116.3677,9.5195],[116.36,9.5113],[116.3497,9.5177],[116.3563,9.5289]]],[[[116.1617,9.5927],[116.1584,9.6043],[116.1714,9.6128],[116.1722,9.5975],[116.1617,9.5927]]],[[[116.5951,9.7103],[116.595,9.7135],[116.6036,9.7066],[116.5951,9.7103]]],[[[116.567,9.7156],[116.5723,9.7164],[116.5726,9.7139],[116.567,9.7156]]],[[[115.8932,9.7954],[115.8943,9.7886],[115.8636,9.6902],[115.8438,9.6556],[115.8466,9.7295],[115.8567,9.7235],[115.8552,9.6854],[115.8891,9.7894],[115.8697,9.8019],[115.8546,9.7849],[115.8463,9.767],[115.8538,9.7558],[115.8533,9.7304],[115.8436,9.7361],[115.8451,9.7523],[115.8355,9.7646],[115.8528,9.7983],[115.8655,9.8066],[115.8932,9.7954]]],[[[116.4345,9.7637],[116.4869,9.7143],[116.503,9.7232],[116.5148,9.7515],[116.5758,9.7489],[116.5975,9.7364],[116.6065,9.7178],[116.5634,9.7207],[116.5248,9.7382],[116.5118,9.7324],[116.4991,9.7118],[116.4881,9.71],[116.4345,9.7637]]],[[[116.5094,9.7558],[116.5044,9.7631],[116.5088,9.768],[116.5168,9.7588],[116.5094,9.7558]]],[[[116.5058,9.7687],[116.4985,9.7677],[116.5017,9.7713],[116.5058,9.7687]]],[[[116.4281,9.7717],[116.4306,9.7671],[116.4269,9.7703],[116.4281,9.7717]]],[[[116.4292,9.7737],[116.4281,9.7748],[116.4297,9.7747],[116.4292,9.7737]]],[[[116.4962,9.7748],[116.4895,9.7763],[116.4908,9.7782],[116.4962,9.7748]]],[[[116.4842,9.7809],[116.489,9.7838],[116.4902,9.7817],[116.4842,9.7809]]],[[[116.4822,9.7834],[116.4776,9.7892],[116.4792,9.7914],[116.4835,9.7886],[116.4822,9.7834]]],[[[116.4639,9.8132],[116.4731,9.8099],[116.4761,9.7932],[116.4587,9.8116],[116.435,9.7946],[116.4354,9.8017],[116.4225,9.8007],[116.4202,9.7908],[116.4321,9.7922],[116.421,9.7885],[116.4259,9.7731],[116.4165,9.7776],[116.415,9.8029],[116.4639,9.8132]]],[[[116.1429,10.1189],[116.1527,10.1167],[116.1514,10.1112],[116.1429,10.1189]]],[[[116.541,10.4412],[116.5453,10.4387],[116.542,10.4362],[116.541,10.4412]]],[[[116.5453,10.4513],[116.5579,10.4516],[116.558,10.4491],[116.5453,10.4513]]],[[[116.5505,10.4624],[116.5559,10.4643],[116.5572,10.4602],[116.5505,10.4624]]],[[[116.5642,10.5149],[116.5732,10.5016],[116.5685,10.4919],[116.5529,10.504],[116.5642,10.5149]]],[[[116.5818,10.529],[116.5743,10.5215],[116.5678,10.5239],[116.5765,10.5379],[116.5818,10.529]]],[[[116.5961,10.5408],[116.5887,10.5357],[116.5852,10.5425],[116.5929,10.5567],[116.5997,10.5505],[116.5889,10.5447],[116.5961,10.5408]]],[[[116.613,10.5744],[116.6211,10.5631],[116.6074,10.5662],[116.613,10.5744]]],[[[116.6295,10.5756],[116.6233,10.5805],[116.6283,10.5812],[116.6295,10.5756]]],[[[115.8338,10.6771],[115.8482,10.6353],[115.8589,10.644],[115.8267,10.5944],[115.8192,10.6156],[115.8242,10.6263],[115.8185,10.6783],[115.8338,10.6771]]],[[[115.8761,10.66],[115.8759,10.6518],[115.8608,10.6456],[115.8635,10.6513],[115.8761,10.66]]],[[[116.1762,10.693],[116.209,10.6429],[116.1863,10.6103],[116.1671,10.6029],[116.1587,10.6095],[116.1678,10.6851],[116.1632,10.7138],[116.1658,10.7269],[116.1772,10.7303],[116.1762,10.693]]],[[[116.2125,10.6704],[116.2083,10.674],[116.2137,10.6723],[116.2125,10.6704]]],[[[116.2222,10.7446],[116.2294,10.7344],[116.2203,10.7432],[116.2222,10.7446]]],[[[115.8721,10.7881],[115.9011,10.6971],[115.8801,10.6635],[115.8859,10.6792],[115.8747,10.6887],[115.8845,10.7121],[115.8805,10.725],[115.8721,10.7192],[115.8589,10.7443],[115.8592,10.7523],[115.872,10.7536],[115.869,10.785],[115.8613,10.7865],[115.8647,10.7813],[115.856,10.7649],[115.8529,10.7818],[115.8245,10.7928],[115.8261,10.7848],[115.8171,10.7811],[115.8302,10.7624],[115.8209,10.7642],[115.8219,10.7537],[115.8172,10.759],[115.8141,10.7251],[115.8319,10.7203],[115.8248,10.7091],[115.8316,10.7082],[115.8384,10.6865],[115.8181,10.6816],[115.8144,10.6884],[115.8012,10.7305],[115.8125,10.7586],[115.8068,10.786],[115.8346,10.8304],[115.8721,10.7881]]],[[[116.1782,10.7351],[116.194,10.7953],[116.209,10.8156],[116.1851,10.7302],[116.1782,10.7351]]],[[[116.2496,10.7844],[116.2599,10.7783],[116.2557,10.7753],[116.2496,10.7844]]],[[[116.2751,10.7943],[116.2564,10.8003],[116.255,10.808],[116.2717,10.8121],[116.2751,10.7943]]],[[[116.0892,10.811],[116.0956,10.8107],[116.0949,10.7983],[116.0906,10.8001],[116.0892,10.811]]],[[[116.3503,10.8274],[116.3418,10.8179],[116.3115,10.8183],[116.2886,10.8051],[116.2823,10.8165],[116.2945,10.8354],[116.3503,10.8274]]],[[[116.2299,10.8415],[116.2249,10.817],[116.2177,10.8185],[116.2193,10.8326],[116.2299,10.8415]]],[[[116.3576,10.8423],[116.3593,10.8338],[116.3536,10.8413],[116.3576,10.8423]]],[[[116.2351,10.8598],[116.2432,10.862],[116.25,10.8467],[116.2358,10.8525],[116.2351,10.8598]]],[[[116.374,10.8682],[116.3702,10.8924],[116.3807,10.9027],[116.3976,10.8924],[116.3988,10.8736],[116.3921,10.8588],[116.374,10.8682]]],[[[116.2488,10.892],[116.2542,10.879],[116.2455,10.8741],[116.2411,10.884],[116.2488,10.892]]],[[[115.9167,10.8818],[115.9125,10.8887],[115.9197,10.8928],[115.9238,10.8858],[115.9167,10.8818]]],[[[116.4621,10.9027],[116.4604,10.8922],[116.4345,10.8758],[116.4063,10.9093],[116.4621,10.9027]]],[[[116.4766,10.9073],[116.471,10.8989],[116.4667,10.9089],[116.4688,10.9104],[116.4766,10.9073]]],[[[116.4788,10.9372],[116.4988,10.9262],[116.4857,10.906],[116.471,10.9315],[116.4788,10.9372]]],[[[116.6393,10.9472],[116.6316,10.9413],[116.6252,10.944],[116.633,10.9484],[116.6393,10.9472]]],[[[116.4886,10.9517],[116.5091,10.9511],[116.506,10.945],[116.4886,10.9517]]],[[[116.4177,10.9656],[116.4281,10.9668],[116.4287,10.9595],[116.4191,10.9585],[116.4177,10.9656]]],[[[116.6237,10.9521],[116.6081,10.9506],[116.5874,10.9738],[116.6233,10.9682],[116.6237,10.9521]]],[[[116.5386,10.9715],[116.5317,10.9634],[116.5224,10.9676],[116.5255,10.9778],[116.5386,10.9715]]],[[[116.6001,10.9937],[116.5959,10.9853],[116.593,10.9907],[116.6001,10.9937]]],[[[116.2684,10.974],[116.2638,10.9821],[116.2773,11.0014],[116.2886,11.0123],[116.3061,11.0136],[116.308,10.9952],[116.2881,10.9986],[116.2684,10.974]]],[[[116.0675,11.107],[116.0557,11.1781],[116.0349,11.2201],[116.0699,11.1912],[116.0848,11.1602],[116.1056,11.085],[116.1034,11.0674],[116.0911,11.0693],[116.0675,11.107]]],[[[116.328,11.1445],[116.3173,11.1213],[116.3249,11.1632],[116.3366,11.1691],[116.3533,11.1648],[116.3551,11.1457],[116.328,11.1445]]],[[[116.2169,11.3278],[116.2183,11.3885],[116.2339,11.4073],[116.2392,11.3886],[116.2189,11.284],[116.1935,11.2568],[116.1849,11.2648],[116.1877,11.274],[116.2054,11.2925],[116.2169,11.3278]]],[[[116.0421,11.3142],[116.0505,11.3426],[116.0762,11.3725],[116.0564,11.3349],[116.0582,11.3187],[116.0421,11.3142]]],[[[116.0781,11.403],[116.0972,11.4267],[116.0864,11.3959],[116.092,11.3819],[116.0807,11.3777],[116.0781,11.403]]],[[[116.141,11.2713],[116.1961,11.5221],[116.1654,11.4716],[116.1543,11.473],[116.1557,11.483],[116.195,11.5424],[116.2058,11.5441],[116.1863,11.4226],[116.1528,11.286],[116.1482,11.2711],[116.141,11.2713]]],[[[116.3269,11.4012],[116.3552,11.466],[116.3712,11.4702],[116.3723,11.4571],[116.3406,11.3927],[116.3327,11.3905],[116.3269,11.4012]]],[[[116.3891,11.5224],[116.4021,11.558],[116.402,11.5744],[116.4131,11.5428],[116.4001,11.508],[116.3803,11.4908],[116.3714,11.4977],[116.3891,11.5224]]],[[[116.2196,11.5966],[116.2289,11.5947],[116.2172,11.5709],[116.2216,11.555],[116.1978,11.5556],[116.2196,11.5966]]],[[[116.2843,11.6495],[116.2619,11.618],[116.2633,11.5799],[116.237,11.5881],[116.2343,11.6022],[116.2697,11.6497],[116.2907,11.7269],[116.3018,11.7311],[116.3114,11.7228],[116.3257,11.6637],[116.3145,11.6213],[116.3063,11.6522],[116.2843,11.6495]]],[[[116.6449,11.6888],[116.5922,11.7122],[116.5945,11.7224],[116.6576,11.6969],[116.6449,11.6888]]],[[[116.6585,9.0611],[116.679,9.0445],[116.6803,9.0359],[116.674,9.0297],[116.651,9.038],[116.6477,9.0565],[116.6585,9.0611]],[[116.6728,9.0332],[116.6761,9.0445],[116.6625,9.0574],[116.6529,9.0567],[116.6536,9.0419],[116.6728,9.0332]]],[[[116.9354,9.4627],[116.9317,9.4518],[116.9212,9.4486],[116.9176,9.4576],[116.9233,9.4641],[116.9306,9.4682],[116.9354,9.4627]],[[116.926,9.4505],[116.9322,9.4561],[116.9302,9.464],[116.9213,9.4565],[116.926,9.4505]]],[[[117.28,10.3445],[117.2882,10.3316],[117.2753,10.3235],[117.2671,10.3364],[117.28,10.3445]]],[[[116.661,10.4212],[116.6045,10.3947],[116.5882,10.3949],[116.589,10.4047],[116.6242,10.4309],[116.6337,10.508],[116.6545,10.5403],[116.6787,10.5585],[116.7281,10.5591],[116.7433,10.5345],[116.7428,10.5076],[116.7047,10.4289],[116.6917,10.4159],[116.661,10.4212]]],[[[116.8235,10.6242],[116.8718,10.5665],[116.906,10.5543],[116.9467,10.5627],[116.9546,10.5479],[116.9424,10.5259],[116.8934,10.5],[116.8655,10.4723],[116.8469,10.4667],[116.8096,10.3929],[116.7745,10.3577],[116.6968,10.3291],[116.6556,10.3362],[116.614,10.3281],[116.5492,10.2939],[116.5265,10.2956],[116.5046,10.2831],[116.4867,10.2835],[116.4709,10.2943],[116.4635,10.3185],[116.4797,10.3495],[116.4777,10.3768],[116.5227,10.428],[116.5438,10.4268],[116.5276,10.3922],[116.5293,10.3757],[116.507,10.3399],[116.5277,10.3129],[116.5424,10.3125],[116.5581,10.3254],[116.5883,10.3337],[116.6048,10.3487],[116.6246,10.3428],[116.6993,10.3465],[116.7489,10.3602],[116.7578,10.3748],[116.7832,10.3858],[116.8104,10.4213],[116.8333,10.4786],[116.8912,10.5129],[116.8889,10.5299],[116.869,10.5571],[116.8126,10.6074],[116.7949,10.6394],[116.7799,10.6414],[116.7097,10.6136],[116.7109,10.6237],[116.7656,10.6496],[116.8207,10.6924],[116.8243,10.6818],[116.8426,10.6713],[116.8286,10.6569],[116.8235,10.6242]]],[[[116.9976,10.5873],[117.0005,10.5833],[116.9966,10.5841],[116.9976,10.5873]]],[[[116.638,10.5865],[116.6472,10.5904],[116.6486,10.5872],[116.638,10.5865]]],[[[116.6563,10.5936],[116.6576,10.5894],[116.6547,10.5929],[116.6563,10.5936]]],[[[116.6697,10.5973],[116.6723,10.5939],[116.6679,10.5924],[116.6697,10.5973]]],[[[116.6871,10.6116],[116.6864,10.607],[116.6826,10.6095],[116.6871,10.6116]]],[[[117.3657,10.7297],[117.3846,10.7193],[117.395,10.6949],[117.3926,10.616],[117.3779,10.5981],[117.3547,10.5932],[117.3411,10.5998],[117.3276,10.6626],[117.3113,10.6777],[117.2829,10.6783],[117.2106,10.657],[117.1994,10.636],[117.2054,10.6082],[117.1977,10.5852],[117.1854,10.5809],[117.1443,10.6084],[117.1336,10.6532],[117.1363,10.7279],[117.1437,10.7437],[117.1777,10.7607],[117.1886,10.7597],[117.2103,10.7324],[117.3657,10.7297]]],[[[116.684,10.7903],[116.7005,10.7902],[116.6826,10.779],[116.684,10.7903]]],[[[117.777,10.8495],[117.7918,10.8553],[117.8089,10.8494],[117.8333,10.8131],[117.8353,10.7943],[117.763,10.7237],[117.7448,10.7239],[117.729,10.7425],[117.777,10.8495]]],[[[116.6232,10.8219],[116.6309,10.823],[116.6353,10.8075],[116.6628,10.7919],[116.6735,10.7742],[116.6343,10.777],[116.62,10.794],[116.6232,10.8219]]],[[[116.8564,10.8128],[116.8664,10.8106],[116.8572,10.8005],[116.8511,10.8045],[116.8564,10.8128]]],[[[116.6991,10.8151],[116.7043,10.812],[116.7043,10.8098],[116.6991,10.8151]]],[[[117.3865,10.7999],[117.3844,10.8179],[117.4055,10.8331],[117.4234,10.8287],[117.4267,10.8121],[117.4187,10.8045],[117.3993,10.7946],[117.3865,10.7999]]],[[[116.8163,10.8185],[116.7878,10.8134],[116.7837,10.8156],[116.7947,10.8268],[116.8163,10.8185]]],[[[116.7135,10.8222],[116.7219,10.8187],[116.717,10.8154],[116.7135,10.8222]]],[[[116.7621,10.8267],[116.772,10.8244],[116.7628,10.8144],[116.7568,10.8184],[116.7621,10.8267]]],[[[116.8288,10.8381],[116.8355,10.8353],[116.8326,10.8285],[116.8291,10.8309],[116.8288,10.8381]]],[[[116.6293,10.8317],[116.6394,10.8351],[116.6402,10.8316],[116.6293,10.8317]]],[[[116.6396,10.8489],[116.6465,10.8439],[116.6437,10.8366],[116.6341,10.8406],[116.6396,10.8489]]],[[[116.861,10.8521],[116.8711,10.8556],[116.8723,10.8472],[116.8646,10.8455],[116.861,10.8521]]],[[[116.7276,10.8534],[116.7368,10.8537],[116.7284,10.8478],[116.7276,10.8534]]],[[[116.8447,10.8589],[116.8519,10.8537],[116.853,10.8455],[116.8447,10.8515],[116.8447,10.8589]]],[[[116.6524,10.8498],[116.6446,10.867],[116.6526,10.8644],[116.6524,10.8498]]],[[[116.7468,10.8646],[116.755,10.8615],[116.7472,10.8585],[116.7468,10.8646]]],[[[116.8735,10.8824],[116.8807,10.8791],[116.8753,10.8682],[116.8685,10.8743],[116.8735,10.8824]]],[[[116.6434,10.8708],[116.6406,10.8846],[116.6497,10.8917],[116.6577,10.8716],[116.6434,10.8708]]],[[[116.7459,10.8874],[116.7527,10.8842],[116.7483,10.8817],[116.7459,10.8874]]],[[[117.4053,10.913],[117.4195,10.8959],[117.4087,10.8683],[117.3916,10.8591],[117.3734,10.8649],[117.3728,10.9005],[117.4053,10.913]]],[[[116.653,10.8929],[116.6659,10.9023],[116.6693,10.895],[116.653,10.8929]]],[[[116.8974,10.9056],[116.9049,10.9041],[116.9032,10.9006],[116.8974,10.9056]]],[[[116.6783,10.9065],[116.6842,10.904],[116.6788,10.9029],[116.6783,10.9065]]],[[[116.7972,10.9104],[116.8031,10.9076],[116.7993,10.9053],[116.7972,10.9104]]],[[[116.9238,10.9051],[116.9115,10.9192],[116.9254,10.9169],[116.9238,10.9051]]],[[[116.651,10.9339],[116.6516,10.9258],[116.6374,10.915],[116.637,10.9263],[116.651,10.9339]]],[[[116.9113,10.9411],[116.9165,10.932],[116.9109,10.9264],[116.8912,10.9308],[116.9113,10.9411]]],[[[116.9316,10.9452],[116.9404,10.9366],[116.9331,10.9209],[116.9244,10.9414],[116.9316,10.9452]]],[[[116.8275,10.9376],[116.8199,10.9371],[116.8197,10.944],[116.8264,10.9442],[116.8275,10.9376]]],[[[116.9428,10.9468],[116.9312,10.9551],[116.9307,10.9632],[116.9535,10.9591],[116.9428,10.9468]]],[[[116.8558,10.9852],[116.8614,10.9717],[116.8389,10.9658],[116.8364,10.9793],[116.8558,10.9852]]],[[[116.976,10.9912],[116.9796,10.9769],[116.9599,10.9726],[116.9619,10.9873],[116.976,10.9912]]],[[[116.9209,10.9908],[116.9157,10.9749],[116.902,10.9769],[116.9024,10.9869],[116.9209,10.9908]]],[[[117.2982,11.1423],[117.3128,11.123],[117.3216,11.0809],[117.3133,11.0363],[117.2884,11.0005],[117.2681,10.9913],[117.2523,10.9964],[117.2244,11.0977],[117.2659,11.137],[117.2982,11.1423]]],[[[117.4928,11.103],[117.4895,11.0725],[117.4621,11.0579],[117.444,11.0534],[117.4221,11.0726],[117.419,11.1005],[117.4403,11.1206],[117.4656,11.1238],[117.4838,11.1173],[117.4928,11.103]]],[[[116.996,11.1174],[117.0154,11.1149],[117.0223,11.0907],[117.0174,11.0769],[117.0023,11.0814],[116.996,11.1174]]],[[[117.1035,11.4819],[117.1211,11.4872],[117.1283,11.4965],[117.1218,11.4729],[117.1035,11.4819]]],[[[117.1497,11.5073],[117.1784,11.5363],[117.1891,11.5317],[117.1794,11.5129],[117.1516,11.4966],[117.1497,11.5073]]],[[[117.2097,11.5705],[117.2288,11.5717],[117.2184,11.5496],[117.2007,11.5421],[117.1985,11.5558],[117.2097,11.5705]]],[[[117.3452,11.7048],[117.3306,11.7655],[117.3461,11.7712],[117.3637,11.7209],[117.359,11.6978],[117.3452,11.7048]]],[[[117.3048,11.7642],[117.3125,11.78],[117.3257,11.7669],[117.3012,11.7406],[117.291,11.7407],[117.2885,11.7592],[117.3048,11.7642]]],[[[116.8057,11.9127],[116.8157,11.9073],[116.812,11.8966],[116.7643,11.876],[116.7521,11.8804],[116.7639,11.899],[116.8057,11.9127]]],[[[116.8494,11.9306],[116.8523,11.9383],[116.8716,11.9355],[116.883,11.9454],[116.8934,11.9401],[116.8679,11.9204],[116.8494,11.9306]]],[[[116.9239,11.9776],[116.9393,11.979],[116.9494,11.9711],[116.9261,11.954],[116.9103,11.965],[116.9239,11.9776]]],[[[117.0097,11.9885],[117.0171,11.9809],[117.0034,11.9643],[116.9946,11.9784],[117.0097,11.9885]]],[[[117.1586,11.9737],[117.107,11.9739],[117.0973,11.9863],[117.1026,11.9931],[117.1389,11.9949],[117.1616,11.9825],[117.1586,11.9737]]]]},"properties":{"province_code":"56","province_name":"Tỉnh Khánh Hòa","n_stations":111,"n_ports":1250,"ports_per_10k_pop":5.57,"population":2243553,"in_store":true}},{"type":"Feature","geometry":{"type":"MultiPolygon","coordinates":[[[[108.0448,12.2728],[108.0407,12.2882],[108.0201,12.2905],[108.016,12.3024],[107.9766,12.2968],[107.971,12.3111],[107.9446,12.3264],[107.9313,12.3529],[107.9335,12.3734],[107.9128,12.399],[107.9263,12.4118],[107.9259,12.4308],[107.9852,12.4467],[108.001,12.4771],[107.9498,12.5241],[107.9244,12.5305],[107.91,12.5258],[107.8881,12.5419],[107.8949,12.5644],[107.9318,12.5836],[107.935,12.5928],[107.9192,12.6466],[107.9047,12.6496],[107.9145,12.6584],[107.9055,12.6772],[107.9122,12.6935],[107.8962,12.7154],[107.91,12.7384],[107.8569,12.7606],[107.8538,12.7792],[107.8631,12.7984],[107.8557,12.8079],[107.8474,12.8124],[107.8244,12.8017],[107.804,12.7789],[107.6383,12.7991],[107.5619,12.7934],[107.5477,12.8288],[107.5269,12.8406],[107.5215,12.8537],[107.5116,12.8568],[107.5117,12.8686],[107.4971,12.8793],[107.4908,12.8985],[107.4997,12.9159],[107.4843,12.9498],[107.4871,12.9695],[107.5043,12.9762],[107.4911,13.0015],[107.4914,13.0202],[107.6068,13.3045],[107.6477,13.3247],[107.6592,13.3472],[107.7044,13.3754],[107.72,13.3672],[107.7601,13.3645],[107.8015,13.3933],[107.8389,13.4005],[107.8515,13.3895],[107.908,13.3886],[107.9334,13.3757],[107.9798,13.3835],[107.9829,13.3927],[108.008,13.3813],[108.0521,13.4122],[108.068,13.41],[108.0754,13.4001],[108.1137,13.4164],[108.2139,13.3689],[108.2635,13.3727],[108.2898,13.3526],[108.3466,13.3392],[108.3554,13.3171],[108.3711,13.3042],[108.3742,13.2678],[108.389,13.2568],[108.4078,13.258],[108.4262,13.194],[108.4618,13.1619],[108.4617,13.1197],[108.49,13.109],[108.5201,13.0657],[108.513,13.0389],[108.5678,13.0195],[108.5917,13.0292],[108.6171,13.0098],[108.6385,13.0107],[108.675,12.9962],[108.6929,13.0166],[108.7191,13.0191],[108.7553,13.0359],[108.7481,13.0901],[108.7574,13.1005],[108.7601,13.1303],[108.7767,13.1377],[108.7772,13.1471],[108.7957,13.1412],[108.7988,13.1512],[108.8406,13.1629],[108.8546,13.194],[108.8495,13.2172],[108.8655,13.2258],[108.8708,13.2501],[108.8721,13.2833],[108.8592,13.2883],[108.8087,13.3606],[108.8054,13.4347],[108.791,13.4521],[108.7937,13.4759],[108.7418,13.4573],[108.7158,13.4626],[108.7045,13.48],[108.7138,13.5161],[108.7304,13.5234],[108.748,13.5662],[108.7669,13.5613],[108.7865,13.5773],[108.813,13.577],[108.8274,13.565],[108.8505,13.569],[108.8675,13.535],[108.9169,13.5413],[108.9438,13.527],[109.0072,13.5234],[109.028,13.5304],[109.0517,13.5676],[109.0843,13.5671],[109.1032,13.5835],[109.1177,13.5848],[109.1159,13.6151],[109.1268,13.6218],[109.12,13.6416],[109.1522,13.6335],[109.1572,13.6786],[109.2019,13.6945],[109.2083,13.6808],[109.231,13.6754],[109.2287,13.6373],[109.2402,13.6116],[109.2721,13.5768],[109.2985,13.569],[109.2789,13.5549],[109.2789,13.5343],[109.3019,13.5182],[109.2874,13.5026],[109.2907,13.4856],[109.3059,13.4655],[109.3244,13.4743],[109.3304,13.4646],[109.3159,13.4584],[109.3196,13.4439],[109.3107,13.4382],[109.3111,13.4138],[109.3026,13.4153],[109.2969,13.4052],[109.2913,13.4169],[109.2679,13.4136],[109.2593,13.4285],[109.2909,13.4466],[109.2922,13.4562],[109.2412,13.4942],[109.2207,13.4494],[109.2273,13.4322],[109.2382,13.4291],[109.2194,13.4178],[109.2304,13.4125],[109.2203,13.3932],[109.2434,13.3892],[109.2523,13.3663],[109.2674,13.3547],[109.273,13.3653],[109.2935,13.364],[109.2905,13.3493],[109.2995,13.3364],[109.2843,13.333],[109.283,13.3162],[109.3152,13.256],[109.3027,13.2483],[109.3039,13.2283],[109.293,13.2169],[109.3033,13.1885],[109.2932,13.1674],[109.2946,13.1416],[109.3692,13.0175],[109.4223,12.9536],[109.4173,12.9453],[109.4298,12.9469],[109.4375,12.9254],[109.4557,12.9129],[109.4492,12.8944],[109.4583,12.8965],[109.4523,12.8593],[109.4201,12.848],[109.4375,12.8692],[109.4378,12.8803],[109.4293,12.881],[109.4008,12.8661],[109.4031,12.8587],[109.3889,12.8425],[109.3653,12.8681],[109.3297,12.8497],[109.3205,12.8357],[109.314,12.8433],[109.2828,12.8336],[109.2555,12.8378],[109.2268,12.8133],[109.2094,12.8303],[109.1682,12.827],[109.1439,12.7809],[109.1152,12.7982],[109.086,12.7445],[109.066,12.7537],[109.0599,12.7449],[109.0435,12.7462],[109.0227,12.7347],[109.0135,12.7194],[108.986,12.7033],[108.9883,12.6904],[108.9759,12.6828],[108.9549,12.6863],[108.9334,12.6452],[108.9103,12.6394],[108.8979,12.6265],[108.918,12.5999],[108.8918,12.5786],[108.8918,12.5487],[108.8755,12.5351],[108.8723,12.5065],[108.86,12.4963],[108.8779,12.4787],[108.869,12.4536],[108.7992,12.4845],[108.7932,12.4987],[108.7777,12.5042],[108.7529,12.4996],[108.7482,12.4805],[108.7382,12.475],[108.7153,12.4837],[108.7013,12.4732],[108.669,12.4238],[108.6798,12.4151],[108.6734,12.4011],[108.6863,12.3877],[108.6824,12.3798],[108.6891,12.3701],[108.6772,12.3487],[108.6847,12.3251],[108.6622,12.2976],[108.5954,12.2776],[108.5878,12.2886],[108.5423,12.2976],[108.5356,12.2816],[108.5097,12.2774],[108.4829,12.3094],[108.4754,12.2967],[108.4653,12.2969],[108.4595,12.2756],[108.4429,12.2776],[108.4393,12.2504],[108.4297,12.2591],[108.411,12.2439],[108.3858,12.2425],[108.3568,12.2549],[108.3362,12.2482],[108.3402,12.2279],[108.3308,12.2304],[108.2961,12.2019],[108.277,12.2138],[108.2599,12.2002],[108.2487,12.1787],[108.2541,12.1722],[108.241,12.1608],[108.2275,12.1826],[108.1997,12.1704],[108.1627,12.1908],[108.1197,12.1755],[108.0808,12.2411],[108.0448,12.2728]]],[[[109.3931,12.8268],[109.3933,12.8342],[109.3975,12.8324],[109.3931,12.8268]]],[[[109.3228,13.167],[109.3216,13.1688],[109.3235,13.1681],[109.3228,13.167]]],[[[109.3131,13.1741],[109.3093,13.1778],[109.3129,13.1799],[109.3131,13.1741]]],[[[109.3349,13.2758],[109.3304,13.2885],[109.3425,13.2815],[109.3349,13.2758]]],[[[109.2414,13.3942],[109.2461,13.3974],[109.2467,13.3972],[109.2414,13.3942]]],[[[109.2282,13.4179],[109.2293,13.42],[109.229,13.4175],[109.2282,13.4179]]],[[[109.2722,13.4553],[109.2738,13.4601],[109.2737,13.455],[109.2722,13.4553]]]]},"properties":{"province_code":"66","province_name":"Tỉnh Đắk Lắk","n_stations":234,"n_ports":1317,"ports_per_10k_pop":3.94,"population":3346853,"in_store":true}},{"type":"Feature","geometry":{"type":"MultiPolygon","coordinates":[[[[107.7051,10.6327],[107.5706,10.5693],[107.5677,10.6174],[107.539,10.6774],[107.5441,10.7045],[107.5061,10.7462],[107.5054,10.7716],[107.5233,10.7741],[107.5672,10.8041],[107.5776,10.8335],[107.5596,10.868],[107.56,10.9371],[107.5434,10.9764],[107.5055,11.0134],[107.4736,11.0083],[107.4415,11.0308],[107.3942,11.0495],[107.4167,11.0519],[107.4255,11.0632],[107.4244,11.0804],[107.4458,11.0914],[107.4525,11.1129],[107.4352,11.137],[107.4602,11.1663],[107.4733,11.201],[107.4837,11.2055],[107.4866,11.2231],[107.5254,11.2513],[107.5185,11.3122],[107.5345,11.3247],[107.545,11.3674],[107.535,11.3551],[107.5132,11.3846],[107.4985,11.3853],[107.4868,11.402],[107.487,11.4262],[107.4748,11.4348],[107.43,11.4247],[107.4298,11.4392],[107.4637,11.4645],[107.4702,11.4799],[107.4413,11.5165],[107.4179,11.5126],[107.4014,11.5292],[107.3691,11.517],[107.3779,11.5422],[107.3607,11.5552],[107.3614,11.5814],[107.3452,11.5431],[107.3295,11.5539],[107.3106,11.5547],[107.2975,11.5838],[107.3027,11.617],[107.2677,11.6437],[107.2657,11.66],[107.2847,11.6871],[107.2872,11.7255],[107.3114,11.7436],[107.3528,11.7525],[107.3735,11.7709],[107.3936,11.7689],[107.3935,11.7948],[107.4086,11.8052],[107.4044,11.816],[107.4267,11.8465],[107.4262,11.8589],[107.4074,11.8673],[107.3841,11.9193],[107.3532,11.9391],[107.3447,11.9799],[107.3222,12.0062],[107.2957,12.0098],[107.2934,12.0215],[107.2779,12.0128],[107.2558,12.0193],[107.2427,12.0391],[107.2336,12.0274],[107.2319,12.0656],[107.2411,12.1104],[107.2242,12.12],[107.2279,12.1532],[107.2053,12.299],[107.2395,12.3007],[107.2702,12.3246],[107.3092,12.3318],[107.3212,12.3224],[107.3456,12.3343],[107.383,12.296],[107.3986,12.2557],[107.4366,12.2453],[107.4442,12.2918],[107.5443,12.352],[107.554,12.3791],[107.5436,12.4123],[107.5798,12.4903],[107.5621,12.5183],[107.5897,12.5577],[107.5802,12.5769],[107.5831,12.6123],[107.5712,12.6359],[107.5703,12.6592],[107.5812,12.6806],[107.5596,12.7123],[107.5671,12.7304],[107.5604,12.7477],[107.5619,12.7934],[107.6383,12.7991],[107.804,12.7789],[107.8244,12.8017],[107.8474,12.8124],[107.8631,12.7984],[107.8538,12.7792],[107.8569,12.7606],[107.91,12.7384],[107.8962,12.7154],[107.9122,12.6935],[107.9055,12.6772],[107.9145,12.6584],[107.9047,12.6496],[107.9192,12.6466],[107.935,12.5928],[107.9318,12.5836],[107.8949,12.5644],[107.8881,12.5419],[107.91,12.5258],[107.9244,12.5305],[107.9498,12.5241],[108.001,12.4771],[107.9852,12.4467],[107.9232,12.4281],[107.9263,12.4118],[107.9128,12.399],[107.9335,12.3734],[107.9337,12.344],[107.95,12.3215],[107.971,12.3111],[107.9766,12.2968],[108.016,12.3024],[108.0201,12.2905],[108.0407,12.2882],[108.0448,12.2728],[108.0808,12.2411],[108.1106,12.1993],[108.1197,12.1755],[108.1627,12.1908],[108.1997,12.1704],[108.2275,12.1826],[108.2415,12.161],[108.2541,12.1722],[108.2487,12.1787],[108.2598,12.2],[108.277,12.2138],[108.2961,12.2019],[108.3308,12.2304],[108.3402,12.2279],[108.3362,12.2482],[108.3568,12.2549],[108.3858,12.2425],[108.411,12.2439],[108.4297,12.2591],[108.4393,12.2504],[108.4429,12.2776],[108.4595,12.2756],[108.4653,12.2969],[108.4754,12.2967],[108.4838,12.3097],[108.5111,12.2773],[108.5356,12.2816],[108.5423,12.2976],[108.5878,12.2886],[108.5954,12.2776],[108.6622,12.2976],[108.68,12.3162],[108.7047,12.3042],[108.7012,12.2418],[108.7206,12.2197],[108.7107,12.1913],[108.7284,12.1607],[108.6957,12.148],[108.6932,12.1315],[108.6732,12.1205],[108.702,12.0933],[108.7112,12.0568],[108.6863,12.0262],[108.6816,11.9853],[108.6603,11.956],[108.6641,11.9145],[108.6536,11.8936],[108.653,11.8464],[108.6444,11.8334],[108.6296,11.8284],[108.6187,11.8062],[108.6724,11.7841],[108.6633,11.7646],[108.6663,11.7507],[108.69,11.7345],[108.7014,11.7016],[108.6711,11.6646],[108.6597,11.6678],[108.6235,11.6506],[108.562,11.641],[108.5529,11.6329],[108.5512,11.6016],[108.583,11.5552],[108.6435,11.5503],[108.6797,11.4735],[108.7093,11.4643],[108.7373,11.4703],[108.7598,11.4659],[108.7619,11.4081],[108.7981,11.3841],[108.844,11.3769],[108.8477,11.3645],[108.8706,11.3528],[108.8719,11.3443],[108.8662,11.3295],[108.7879,11.3132],[108.7769,11.2877],[108.757,11.2828],[108.7295,11.1853],[108.719,11.1777],[108.7062,11.1723],[108.6842,11.1869],[108.6536,11.1922],[108.6179,11.1772],[108.5844,11.1811],[108.5648,11.1647],[108.521,11.1508],[108.4928,11.1055],[108.4733,11.0495],[108.4587,11.0402],[108.4348,11.0467],[108.4149,11.0276],[108.3724,11.0308],[108.3531,11.0025],[108.3381,10.9528],[108.308,10.9502],[108.2942,10.9247],[108.2851,10.9246],[108.2702,10.9419],[108.2317,10.9529],[108.1822,10.9344],[108.1326,10.9324],[108.0887,10.9162],[108.0751,10.9042],[108.0318,10.8172],[108.0169,10.7427],[107.9935,10.7001],[107.9253,10.7186],[107.8819,10.72],[107.8228,10.702],[107.7798,10.6559],[107.7557,10.6415],[107.7051,10.6327]]],[[[107.8016,10.6494],[107.8038,10.6532],[107.8049,10.6507],[107.8016,10.6494]]],[[[107.9905,10.6931],[107.9943,10.6973],[107.9951,10.694],[107.9905,10.6931]]],[[[108.3004,10.9093],[108.3005,10.9112],[108.3018,10.9098],[108.3004,10.9093]]],[[[108.0978,10.9104],[108.0982,10.9121],[108.0989,10.912],[108.0978,10.9104]]],[[[108.9702,10.48],[108.9698,10.4815],[108.9707,10.4811],[108.9702,10.48]]],[[[108.9683,10.4819],[108.9683,10.4842],[108.9694,10.482],[108.9683,10.4819]]],[[[108.9646,10.4858],[108.9639,10.4956],[108.9676,10.4947],[108.9646,10.4858]]],[[[108.9624,10.4975],[108.963,10.5017],[108.9642,10.5002],[108.9624,10.4975]]],[[[108.9541,10.546],[108.9666,10.5097],[108.9527,10.5033],[108.9336,10.5136],[108.9234,10.5452],[108.9315,10.5525],[108.9541,10.546]]],[[[108.9564,10.5531],[108.9581,10.5562],[108.9591,10.5553],[108.9564,10.5531]]],[[[108.9545,10.5553],[108.9566,10.5559],[108.9548,10.5548],[108.9545,10.5553]]],[[[108.9521,10.5557],[108.9545,10.5576],[108.9547,10.5572],[108.9521,10.5557]]],[[[108.8762,10.6175],[108.875,10.6188],[108.8756,10.6191],[108.8762,10.6175]]],[[[108.37,11.0248],[108.3709,11.0259],[108.3708,11.0248],[108.37,11.0248]]],[[[108.8321,11.2329],[108.8234,11.224],[108.8204,11.2263],[108.8321,11.2329]]]]},"properties":{"province_code":"68","province_name":"Tỉnh Lâm Đồng","n_stations":237,"n_ports":2358,"ports_per_10k_pop":6.09,"population":3872999,"in_store":true}},{"type":"Feature","geometry":{"type":"Polygon","coordinates":[[[106.8252,10.7774],[106.8255,10.7604],[106.8454,10.7749],[106.8696,10.7664],[106.8655,10.7879],[106.882,10.811],[106.8487,10.8583],[106.8508,10.8754],[106.8383,10.9024],[106.8163,10.9027],[106.8114,10.918],[106.7922,10.923],[106.7912,10.9313],[106.7712,10.9428],[106.762,10.9636],[106.7754,10.9592],[106.7962,10.9718],[106.7751,11.004],[106.7925,11.0225],[106.8122,11.0303],[106.8014,11.0593],[106.8279,11.0643],[106.8392,11.0408],[106.8735,11.0199],[106.8925,11.0273],[106.9078,11.0221],[106.9128,11.0412],[106.9314,11.0641],[106.9474,11.0588],[106.9477,11.0893],[106.9659,11.11],[106.954,11.1405],[106.966,11.1477],[106.9416,11.1674],[106.9458,11.1766],[106.9339,11.1885],[106.9064,11.1927],[106.9013,11.2088],[106.9179,11.2204],[106.9113,11.2421],[106.9317,11.2453],[106.9252,11.2541],[106.9273,11.2726],[106.9415,11.2934],[106.9379,11.3099],[106.9523,11.3236],[106.9511,11.3375],[106.9395,11.3517],[106.9117,11.355],[106.8726,11.3271],[106.875,11.3074],[106.8568,11.3179],[106.8632,11.3405],[106.8545,11.3768],[106.8406,11.375],[106.8256,11.3845],[106.8123,11.3758],[106.7884,11.3829],[106.789,11.401],[106.77,11.4039],[106.7707,11.4265],[106.7881,11.4317],[106.8056,11.4512],[106.7971,11.4911],[106.7533,11.476],[106.7554,11.4488],[106.7388,11.4325],[106.7275,11.4327],[106.7099,11.4],[106.6748,11.3973],[106.678,11.3693],[106.6743,11.355],[106.6667,11.354],[106.6162,11.3632],[106.6134,11.3875],[106.5614,11.3705],[106.539,11.3876],[106.5484,11.407],[106.5422,11.4283],[106.5732,11.4558],[106.5567,11.484],[106.5421,11.4679],[106.4932,11.4973],[106.4351,11.5017],[106.4235,11.495],[106.4303,11.5346],[106.4434,11.5473],[106.4797,11.5465],[106.4896,11.5761],[106.4843,11.6044],[106.4663,11.6218],[106.4497,11.6632],[106.4527,11.6915],[106.4341,11.7132],[106.4143,11.7668],[106.4479,11.8232],[106.439,11.8385],[106.4402,11.8574],[106.4672,11.8704],[106.4136,11.9747],[106.4554,11.9876],[106.4839,11.9712],[106.5182,11.9812],[106.53,11.9765],[106.5304,11.9682],[106.6269,11.9746],[106.6342,11.96],[106.6404,11.9752],[106.659,11.9641],[106.6506,11.9774],[106.6549,11.9892],[106.6856,11.9647],[106.7137,11.9699],[106.7447,11.984],[106.739,11.999],[106.7469,12.0213],[106.7822,12.064],[106.7813,12.0743],[106.7957,12.0837],[106.8257,12.0824],[106.8556,12.069],[106.8843,12.0738],[106.9206,12.0624],[106.9945,12.0912],[107.0113,12.106],[107.0133,12.1123],[107.0043,12.1152],[107.0475,12.1333],[107.0591,12.1542],[107.0786,12.1629],[107.0705,12.1767],[107.0756,12.1882],[107.0926,12.1812],[107.1088,12.2135],[107.1394,12.2315],[107.1358,12.2402],[107.1536,12.2777],[107.1801,12.2827],[107.2053,12.299],[107.2279,12.1532],[107.2242,12.12],[107.2411,12.1104],[107.2319,12.0656],[107.2336,12.0274],[107.2427,12.0391],[107.2558,12.0193],[107.2779,12.0128],[107.2934,12.0215],[107.2957,12.0098],[107.3222,12.0062],[107.3447,11.9799],[107.3532,11.9391],[107.3841,11.9193],[107.4074,11.8673],[107.4262,11.8589],[107.4267,11.8465],[107.4044,11.816],[107.4086,11.8052],[107.3935,11.7948],[107.3936,11.7689],[107.3735,11.7709],[107.3528,11.7525],[107.3114,11.7436],[107.2872,11.7255],[107.2847,11.6871],[107.2657,11.66],[107.2677,11.6437],[107.3027,11.617],[107.2975,11.5838],[107.3106,11.5547],[107.3295,11.5539],[107.3452,11.5431],[107.3614,11.5814],[107.3607,11.5552],[107.3779,11.5422],[107.3691,11.517],[107.4014,11.5292],[107.4179,11.5126],[107.4413,11.5165],[107.4702,11.4799],[107.4637,11.4645],[107.4298,11.4392],[107.43,11.4247],[107.4748,11.4348],[107.487,11.4262],[107.4868,11.402],[107.4985,11.3853],[107.5132,11.3846],[107.535,11.3551],[107.545,11.3674],[107.5345,11.3247],[107.5185,11.3122],[107.5254,11.2513],[107.4866,11.2231],[107.4837,11.2055],[107.4733,11.201],[107.4602,11.1663],[107.4352,11.137],[107.4525,11.1129],[107.4458,11.0914],[107.4244,11.0804],[107.4255,11.0632],[107.4167,11.0519],[107.3942,11.0495],[107.4415,11.0308],[107.4736,11.0083],[107.5055,11.0134],[107.5313,10.9915],[107.56,10.9371],[107.5596,10.868],[107.5776,10.8335],[107.5672,10.8041],[107.52,10.7732],[107.4854,10.7689],[107.4722,10.7938],[107.4584,10.7916],[107.453,10.8045],[107.4409,10.8008],[107.3605,10.7259],[107.3506,10.7053],[107.3502,10.6785],[107.3194,10.6692],[107.2993,10.6864],[107.3078,10.6934],[107.3014,10.7021],[107.3005,10.755],[107.2441,10.7562],[107.2344,10.7643],[107.2069,10.7586],[107.2067,10.7747],[107.1884,10.7715],[107.1598,10.7482],[107.1383,10.7444],[107.137,10.7005],[107.0954,10.653],[107.045,10.6575],[107.0136,10.6436],[107.0145,10.6348],[106.9989,10.6347],[106.9974,10.6234],[107.0084,10.6128],[106.9906,10.6035],[106.9835,10.5787],[106.9202,10.61],[106.9113,10.6079],[106.882,10.648],[106.8266,10.6278],[106.8073,10.6566],[106.7559,10.6958],[106.7532,10.7137],[106.7665,10.7392],[106.7994,10.7593],[106.8145,10.7787],[106.8252,10.7774]]]},"properties":{"province_code":"75","province_name":"Tỉnh Đồng Nai","n_stations":318,"n_ports":1906,"ports_per_10k_pop":4.24,"population":4491408,"in_store":true}},{"type":"Feature","geometry":{"type":"MultiPolygon","coordinates":[[[[106.0877,8.5774],[106.0882,8.5817],[106.0901,8.5786],[106.0877,8.5774]]],[[[106.1394,8.6145],[106.1453,8.6107],[106.1457,8.6061],[106.1417,8.6098],[106.1394,8.6145]]],[[[106.5587,8.6293],[106.5562,8.629],[106.558,8.6303],[106.5587,8.6293]]],[[[106.6194,8.6347],[106.6178,8.6387],[106.6204,8.638],[106.6194,8.6347]]],[[[106.5568,8.6835],[106.5579,8.689],[106.5598,8.6839],[106.5568,8.6835]]],[[[106.667,8.7483],[106.6551,8.7536],[106.6528,8.7454],[106.6649,8.7398],[106.6633,8.7334],[106.6454,8.7308],[106.6392,8.7167],[106.6596,8.6929],[106.6352,8.6993],[106.6244,8.6782],[106.6123,8.6741],[106.6141,8.6846],[106.5993,8.6713],[106.6135,8.6403],[106.5768,8.6456],[106.5581,8.6309],[106.5419,8.6473],[106.5408,8.661],[106.5508,8.6649],[106.5726,8.6496],[106.5572,8.6759],[106.5792,8.7065],[106.5901,8.7064],[106.5938,8.7246],[106.6133,8.7346],[106.6202,8.7305],[106.6234,8.7434],[106.6572,8.7603],[106.6689,8.7555],[106.667,8.7483]]],[[[106.5454,8.7035],[106.5387,8.7099],[106.5492,8.708],[106.5454,8.7035]]],[[[106.5501,8.7099],[106.5513,8.7103],[106.5503,8.7095],[106.5501,8.7099]]],[[[106.5875,8.735],[106.5879,8.7378],[106.5894,8.7364],[106.5875,8.735]]],[[[106.6171,10.6523],[106.5809,10.6563],[106.5731,10.6491],[106.5633,10.658],[106.5558,10.6513],[106.5507,10.6851],[106.5344,10.6873],[106.5294,10.7177],[106.5202,10.7237],[106.5093,10.7171],[106.4872,10.7298],[106.4636,10.7565],[106.5047,10.7891],[106.5319,10.9023],[106.4539,10.9422],[106.4121,10.9748],[106.3739,10.9704],[106.3573,10.9908],[106.4132,11.0076],[106.4086,11.0208],[106.4222,11.0415],[106.4202,11.0633],[106.4277,11.0654],[106.4282,11.0914],[106.4479,11.1359],[106.4302,11.1485],[106.4369,11.1571],[106.4316,11.1733],[106.4122,11.1736],[106.4081,11.1841],[106.3846,11.1911],[106.3892,11.2127],[106.3711,11.2443],[106.3609,11.2386],[106.3528,11.2491],[106.356,11.2862],[106.3408,11.2863],[106.3371,11.3013],[106.3448,11.3245],[106.3297,11.35],[106.3615,11.4142],[106.3674,11.4458],[106.406,11.4702],[106.4351,11.5017],[106.4932,11.4973],[106.54,11.4681],[106.5567,11.484],[106.5732,11.4558],[106.5422,11.4283],[106.5484,11.407],[106.539,11.3876],[106.5614,11.3705],[106.6134,11.3875],[106.6162,11.3632],[106.6667,11.354],[106.6743,11.355],[106.678,11.3693],[106.6748,11.3973],[106.7099,11.4],[106.7275,11.4327],[106.7388,11.4325],[106.7554,11.4488],[106.7533,11.476],[106.7971,11.4911],[106.8056,11.4512],[106.7881,11.4317],[106.7707,11.4265],[106.77,11.4039],[106.789,11.401],[106.7884,11.3829],[106.8123,11.3758],[106.8256,11.3845],[106.8406,11.375],[106.8545,11.3768],[106.8632,11.3405],[106.8568,11.3179],[106.875,11.3074],[106.8726,11.3271],[106.9117,11.355],[106.9395,11.3517],[106.9506,11.3387],[106.9523,11.3236],[106.9385,11.311],[106.9415,11.2934],[106.9273,11.2726],[106.9252,11.2541],[106.9317,11.2453],[106.9113,11.2421],[106.9179,11.2204],[106.9013,11.2088],[106.9064,11.1927],[106.9339,11.1885],[106.9458,11.1766],[106.9416,11.1674],[106.966,11.1477],[106.954,11.1405],[106.9659,11.11],[106.9477,11.0893],[106.9474,11.0588],[106.9314,11.0641],[106.9128,11.0412],[106.9078,11.0221],[106.8925,11.0273],[106.8735,11.0199],[106.8392,11.0408],[106.8279,11.0643],[106.8014,11.0593],[106.8122,11.0303],[106.7925,11.0225],[106.7751,11.004],[106.7962,10.9718],[106.7754,10.9592],[106.762,10.9636],[106.7712,10.9428],[106.7912,10.9313],[106.7922,10.923],[106.8114,10.918],[106.8163,10.9027],[106.8383,10.9024],[106.8508,10.8754],[106.8487,10.8583],[106.882,10.811],[106.8655,10.7879],[106.8696,10.7664],[106.8454,10.7749],[106.8255,10.7604],[106.8252,10.7774],[106.8169,10.7799],[106.7994,10.7593],[106.7752,10.7479],[106.7551,10.7205],[106.7559,10.6958],[106.8073,10.6566],[106.8233,10.6299],[106.8349,10.627],[106.8434,10.6384],[106.8599,10.6364],[106.882,10.648],[106.9113,10.6079],[106.9202,10.61],[106.9835,10.5787],[106.9906,10.6035],[107.0084,10.6128],[106.9974,10.6234],[106.9997,10.6354],[107.0145,10.6348],[107.0136,10.6436],[107.045,10.6575],[107.0954,10.653],[107.137,10.7005],[107.1383,10.7444],[107.156,10.7462],[107.1884,10.7715],[107.2044,10.7747],[107.2069,10.7586],[107.2344,10.7643],[107.2441,10.7562],[107.3005,10.755],[107.3014,10.7021],[107.3078,10.6934],[107.3001,10.6847],[107.3173,10.669],[107.344,10.6752],[107.3519,10.6818],[107.3506,10.7053],[107.3605,10.7259],[107.395,10.7631],[107.453,10.8045],[107.4584,10.7916],[107.4722,10.7938],[107.4839,10.7699],[107.5054,10.7716],[107.5061,10.7462],[107.5436,10.7059],[107.539,10.6774],[107.5677,10.6174],[107.5706,10.5693],[107.5117,10.5017],[107.4707,10.4981],[107.4447,10.4691],[107.3689,10.4675],[107.3312,10.4518],[107.2938,10.4234],[107.2553,10.3797],[107.2383,10.3814],[107.2113,10.4054],[107.1645,10.3981],[107.1112,10.3613],[107.0838,10.3203],[107.0609,10.3559],[107.0555,10.3792],[107.062,10.387],[107.0732,10.3736],[107.0819,10.3741],[107.0731,10.3863],[107.0769,10.3931],[107.0926,10.3879],[107.1172,10.4114],[107.1219,10.4252],[107.1136,10.4359],[107.0842,10.4351],[107.0711,10.4439],[107.0592,10.4443],[107.0336,10.4783],[107.0257,10.4685],[107.0199,10.4729],[107.018,10.4943],[107.0075,10.493],[106.9994,10.5057],[106.9871,10.4937],[106.9735,10.4581],[106.972,10.4076],[106.8975,10.3775],[106.8759,10.3778],[106.8344,10.3951],[106.814,10.3877],[106.7346,10.497],[106.7475,10.534],[106.7442,10.575],[106.7372,10.5862],[106.7287,10.5804],[106.7197,10.6042],[106.7316,10.6121],[106.7316,10.6355],[106.6862,10.6562],[106.6733,10.6406],[106.6564,10.6434],[106.6396,10.6233],[106.6292,10.6258],[106.6297,10.6398],[106.6171,10.6523]]],[[[106.6368,8.6366],[106.6299,8.6325],[106.6272,8.6362],[106.6299,8.6391],[106.6368,8.6366]]],[[[106.6293,8.6816],[106.6347,8.6889],[106.638,8.6905],[106.6346,8.6825],[106.6293,8.6816]]],[[[106.6758,8.6496],[106.6749,8.6518],[106.676,8.6514],[106.6758,8.6496]]],[[[106.665,8.6817],[106.7005,8.6782],[106.7109,8.6672],[106.6952,8.6607],[106.6836,8.6653],[106.6778,8.6559],[106.6585,8.676],[106.665,8.6817]]],[[[106.7399,8.683],[106.7335,8.6881],[106.7408,8.6988],[106.7434,8.6889],[106.7399,8.683]]],[[[106.7222,8.7788],[106.7198,8.7799],[106.7205,8.7814],[106.7222,8.7788]]],[[[107.0884,10.3233],[107.09,10.3246],[107.09,10.3236],[107.0884,10.3233]]],[[[107.0978,10.3963],[107.0963,10.4017],[107.0975,10.4022],[107.0978,10.3963]]],[[[107.1023,10.408],[107.1002,10.4108],[107.1045,10.4133],[107.1023,10.408]]],[[[107.0657,10.4401],[107.0714,10.4419],[107.0793,10.4329],[107.0739,10.433],[107.0657,10.4401]]],[[[107.0257,10.462],[107.0259,10.4641],[107.0267,10.4638],[107.0257,10.462]]],[[[107.0057,10.489],[107.0145,10.4921],[107.0173,10.483],[107.0117,10.4841],[107.0057,10.489]]]]},"properties":{"province_code":"79","province_name":"Thành phố Hồ Chí Minh","n_stations":926,"n_ports":10064,"ports_per_10k_pop":6.86,"population":14668098,"in_store":true}},{"type":"Feature","geometry":{"type":"Polygon","coordinates":[[[105.9106,10.5387],[105.8353,10.6373],[105.8071,10.6552],[105.7799,10.6594],[105.5989,10.828],[105.6114,10.8326],[105.5821,10.8925],[105.5163,10.9219],[105.5015,10.9498],[105.5385,10.9525],[105.6636,10.9863],[105.7202,11.0218],[105.779,11.032],[105.8088,10.9724],[105.8636,10.9013],[105.8498,10.8626],[105.9355,10.8385],[105.9303,10.8625],[105.9564,10.8844],[105.9452,10.9175],[106.011,10.8539],[106.071,10.8117],[106.1645,10.8117],[106.1901,10.79],[106.1883,10.838],[106.1619,10.888],[106.1382,10.9147],[106.1516,10.9414],[106.1465,10.9795],[106.2057,10.976],[106.1877,11.0505],[106.154,11.1017],[106.1029,11.0718],[106.0897,11.0988],[106.0762,11.0978],[106.0205,11.1461],[106.0141,11.1906],[105.9665,11.1954],[105.9423,11.2056],[105.9111,11.2403],[105.9085,11.2843],[105.8638,11.2851],[105.8828,11.3589],[105.8819,11.3714],[105.8739,11.3759],[105.8748,11.4053],[105.8988,11.427],[105.9033,11.4422],[105.8755,11.4609],[105.8854,11.5209],[105.8774,11.5492],[105.8599,11.5642],[105.8186,11.5686],[105.8112,11.606],[105.8321,11.6236],[105.8528,11.6618],[105.8825,11.6771],[105.9542,11.6399],[105.9809,11.6671],[105.9806,11.6872],[106.0013,11.7013],[106.0152,11.7263],[106.0101,11.751],[106.0161,11.7678],[106.0606,11.7829],[106.0787,11.7756],[106.1114,11.7435],[106.1338,11.7448],[106.1543,11.7357],[106.1708,11.749],[106.187,11.7502],[106.2157,11.7279],[106.2548,11.7259],[106.3001,11.6799],[106.3432,11.6822],[106.383,11.6976],[106.4156,11.6771],[106.4525,11.6711],[106.4663,11.6218],[106.4843,11.6044],[106.4887,11.5681],[106.4797,11.5465],[106.4434,11.5473],[106.4303,11.5346],[106.4235,11.495],[106.406,11.4702],[106.3674,11.4458],[106.3615,11.4142],[106.3297,11.35],[106.3448,11.3245],[106.3371,11.3013],[106.3408,11.2863],[106.356,11.2862],[106.3528,11.2491],[106.3609,11.2386],[106.3711,11.2443],[106.3892,11.2127],[106.3846,11.1911],[106.4081,11.1841],[106.4122,11.1736],[106.4316,11.1733],[106.4369,11.1571],[106.4302,11.1485],[106.4479,11.1359],[106.4282,11.0914],[106.4277,11.0654],[106.4202,11.0633],[106.4222,11.0415],[106.4086,11.0208],[106.4132,11.0076],[106.3573,10.9908],[106.3739,10.9704],[106.4121,10.9748],[106.4539,10.9422],[106.5319,10.9023],[106.5047,10.7891],[106.4636,10.7565],[106.4872,10.7298],[106.5093,10.7171],[106.5202,10.7237],[106.5294,10.7177],[106.5344,10.6873],[106.5507,10.6851],[106.5558,10.6513],[106.5633,10.658],[106.5731,10.6491],[106.5809,10.6563],[106.6001,10.6511],[106.6069,10.6577],[106.6297,10.6398],[106.6292,10.6258],[106.6396,10.6233],[106.6564,10.6434],[106.6733,10.6406],[106.6862,10.6562],[106.7316,10.6355],[106.7316,10.6121],[106.7197,10.6042],[106.7287,10.5804],[106.7372,10.5862],[106.7442,10.575],[106.7434,10.5124],[106.6821,10.4401],[106.6636,10.4421],[106.6595,10.4765],[106.6473,10.4838],[106.6273,10.4521],[106.5864,10.4365],[106.5851,10.4172],[106.5594,10.4129],[106.5585,10.4241],[106.5452,10.4289],[106.5388,10.4221],[106.5275,10.4325],[106.5097,10.4277],[106.4857,10.4035],[106.4562,10.395],[106.4469,10.4023],[106.4557,10.4025],[106.4541,10.4112],[106.4284,10.4118],[106.4177,10.4269],[106.4535,10.4506],[106.4129,10.4896],[106.4036,10.4933],[106.3896,10.4766],[106.3734,10.4863],[106.3686,10.5187],[106.3519,10.5241],[106.3481,10.5426],[106.3203,10.5698],[106.3104,10.5654],[106.2865,10.5866],[106.104,10.576],[106.1034,10.5264],[106.0969,10.5227],[105.9106,10.5387]]]},"properties":{"province_code":"80","province_name":"Tỉnh Tây Ninh","n_stations":177,"n_ports":1707,"ports_per_10k_pop":5.25,"population":3254170,"in_store":true}},{"type":"Feature","geometry":{"type":"Polygon","coordinates":[[[105.5905,10.2485],[105.4896,10.3325],[105.491,10.3456],[105.5188,10.3638],[105.5252,10.3772],[105.522,10.4031],[105.5438,10.4161],[105.5545,10.4343],[105.5742,10.4289],[105.5729,10.4697],[105.5562,10.5124],[105.521,10.5446],[105.4923,10.5496],[105.4701,10.5396],[105.4455,10.5543],[105.4165,10.5501],[105.3943,10.5683],[105.3715,10.573],[105.34,10.6461],[105.338,10.6721],[105.3511,10.7139],[105.3387,10.7229],[105.3016,10.7161],[105.2777,10.7238],[105.2775,10.7325],[105.3012,10.748],[105.3038,10.7587],[105.2625,10.7703],[105.2612,10.8],[105.2345,10.8071],[105.2128,10.8364],[105.192,10.8501],[105.1882,10.9115],[105.239,10.8923],[105.265,10.8964],[105.3372,10.8602],[105.4047,10.9311],[105.4264,10.9719],[105.4502,10.9568],[105.4756,10.9636],[105.4888,10.9512],[105.5015,10.9516],[105.5163,10.9219],[105.5821,10.8925],[105.6114,10.8326],[105.5989,10.828],[105.7799,10.6594],[105.8071,10.6552],[105.8353,10.6373],[105.9092,10.5391],[106.0969,10.5227],[106.1034,10.5264],[106.104,10.576],[106.2865,10.5866],[106.3104,10.5654],[106.3203,10.5698],[106.3481,10.5426],[106.3519,10.5241],[106.3686,10.5187],[106.3734,10.4863],[106.3896,10.4766],[106.4036,10.4933],[106.4129,10.4896],[106.4535,10.4506],[106.4177,10.4269],[106.4284,10.4118],[106.4541,10.4112],[106.4557,10.4025],[106.4469,10.4023],[106.4542,10.3955],[106.4857,10.4035],[106.5097,10.4277],[106.5275,10.4325],[106.5388,10.4221],[106.5452,10.4289],[106.5585,10.4241],[106.5594,10.4129],[106.5851,10.4172],[106.5864,10.4365],[106.6273,10.4521],[106.6473,10.4838],[106.6595,10.4765],[106.6636,10.4421],[106.6781,10.4385],[106.7346,10.497],[106.814,10.3877],[106.7823,10.3761],[106.7814,10.2912],[106.7898,10.2293],[106.8006,10.2092],[106.7888,10.1914],[106.7484,10.1928],[106.6746,10.236],[106.5382,10.2666],[106.4716,10.3068],[106.4429,10.3089],[106.3899,10.3402],[106.3035,10.3198],[106.2775,10.3262],[106.203,10.3148],[106.145,10.2848],[106.0868,10.2766],[105.9825,10.3302],[105.9266,10.2834],[105.8926,10.2772],[105.8767,10.265],[105.8901,10.2451],[105.9019,10.242],[105.9192,10.2109],[105.9129,10.1924],[105.8759,10.1896],[105.8701,10.1548],[105.8516,10.1602],[105.8491,10.1504],[105.8014,10.1554],[105.7754,10.1884],[105.7645,10.1783],[105.7278,10.2052],[105.6827,10.1342],[105.6249,10.1864],[105.6145,10.2177],[105.5905,10.2485]]]},"properties":{"province_code":"82","province_name":"Tỉnh Đồng Tháp","n_stations":149,"n_ports":1009,"ports_per_10k_pop":2.31,"population":4370046,"in_store":true}},{"type":"Feature","geometry":{"type":"MultiPolygon","coordinates":[[[[106.1133,9.7509],[106.0019,9.8417],[105.9842,9.8819],[105.9266,9.9264],[105.9024,9.9335],[105.8448,9.9816],[105.7871,10.0651],[105.6827,10.1342],[105.7278,10.2052],[105.7645,10.1783],[105.7754,10.1884],[105.8014,10.1554],[105.8491,10.1504],[105.8516,10.1602],[105.8681,10.1532],[105.8759,10.1896],[105.9129,10.1924],[105.9192,10.2113],[105.9019,10.242],[105.8901,10.2451],[105.8767,10.265],[105.8926,10.2772],[105.9266,10.2834],[105.9825,10.3302],[106.0868,10.2766],[106.145,10.2848],[106.203,10.3148],[106.2775,10.3262],[106.3035,10.3198],[106.3796,10.3404],[106.4429,10.3089],[106.4716,10.3068],[106.5382,10.2666],[106.6746,10.236],[106.7484,10.1928],[106.7888,10.1914],[106.788,10.1363],[106.7723,10.1317],[106.7859,10.127],[106.7922,10.1141],[106.7789,10.0901],[106.7379,10.0444],[106.7236,10.037],[106.7236,10.045],[106.7057,10.0404],[106.6811,10.007],[106.6353,9.9715],[106.6238,9.95],[106.6622,9.9268],[106.688,9.8772],[106.6535,9.8257],[106.6152,9.7939],[106.5678,9.7382],[106.5696,9.6963],[106.5791,9.6883],[106.5728,9.6482],[106.5349,9.5855],[106.4986,9.5565],[106.4139,9.5284],[106.404,9.5366],[106.3783,9.5297],[106.3814,9.5401],[106.3431,9.5785],[106.3279,9.5897],[106.3035,9.5805],[106.2491,9.6169],[106.1133,9.7509]]],[[[106.6179,9.6751],[106.599,9.7184],[106.6015,9.7207],[106.6261,9.6948],[106.6179,9.6751]]],[[[106.7304,9.8808],[106.7379,9.888],[106.7458,9.8838],[106.7382,9.8755],[106.7304,9.8808]]],[[[106.72,9.9323],[106.7183,9.9517],[106.7218,9.9536],[106.72,9.9323]]],[[[106.7035,9.9605],[106.6861,9.9625],[106.6838,9.9653],[106.6925,9.97],[106.689,9.9633],[106.7035,9.9605]]],[[[106.6932,9.9736],[106.6856,9.9706],[106.685,9.9766],[106.6876,9.9791],[106.6932,9.9736]]],[[[106.8112,10.1681],[106.8099,10.1763],[106.8264,10.1751],[106.8498,10.1552],[106.8439,10.1492],[106.8112,10.1681]]]]},"properties":{"province_code":"86","province_name":"Tỉnh Vĩnh Long","n_stations":146,"n_ports":899,"ports_per_10k_pop":2.11,"population":4257581,"in_store":true}},{"type":"Feature","geometry":{"type":"MultiPolygon","coordinates":[[[[103.4675,9.2532],[103.4691,9.2578],[103.4703,9.2562],[103.4675,9.2532]]],[[[103.5066,9.3192],[103.5049,9.2976],[103.4941,9.2983],[103.4834,9.2858],[103.4727,9.2888],[103.4754,9.3028],[103.4578,9.3038],[103.4808,9.3207],[103.5066,9.3192]]],[[[103.5239,9.3234],[103.5334,9.3237],[103.5337,9.3154],[103.5239,9.3234]]],[[[103.543,9.3245],[103.5353,9.3301],[103.542,9.3358],[103.543,9.3245]]],[[[103.6465,9.3797],[103.6474,9.3801],[103.6473,9.3795],[103.6465,9.3797]]],[[[103.6392,9.3846],[103.6413,9.3848],[103.641,9.3835],[103.6392,9.3846]]],[[[104.0462,9.8213],[104.0419,9.82],[104.0442,9.8234],[104.0462,9.8213]]],[[[104.0976,9.8465],[104.0929,9.8495],[104.0975,9.8518],[104.0976,9.8465]]],[[[103.9943,9.9023],[103.9922,9.9034],[103.9933,9.9043],[103.9943,9.9023]]],[[[104.0222,9.9056],[104.0212,9.9081],[104.023,9.9095],[104.0222,9.9056]]],[[[103.9894,9.9067],[103.9884,9.9083],[103.9899,9.9078],[103.9894,9.9067]]],[[[103.9898,9.9143],[103.9906,9.9089],[103.9857,9.9116],[103.9898,9.9143]]],[[[104.0179,9.9145],[104.0152,9.9095],[104.0103,9.9117],[104.0179,9.9145]]],[[[104.0259,9.917],[104.0217,9.917],[104.0215,9.9205],[104.0259,9.917]]],[[[104.002,9.9225],[104.0024,9.9152],[103.9958,9.9207],[104.002,9.9225]]],[[[103.9821,9.9189],[103.9786,9.9188],[103.9817,9.9222],[103.9821,9.9189]]],[[[104.0176,9.9333],[104.019,9.9277],[104.0163,9.9293],[104.0176,9.9333]]],[[[104.0254,9.9439],[104.0127,9.947],[104.0124,9.9691],[104.0231,9.9575],[104.0254,9.9439]]],[[[104.0143,9.981],[104.0201,9.9829],[104.0265,9.9689],[104.0192,9.9737],[104.0143,9.981]]],[[[104.0401,9.993],[104.0392,9.9923],[104.0364,9.9975],[104.0401,9.993]]],[[[104.0108,9.9908],[104.0108,9.9985],[104.0144,9.993],[104.0108,9.9908]]],[[[104.0346,10.002],[104.0304,10.0031],[104.029,10.0059],[104.0346,10.002]]],[[[104.2369,10.2084],[104.2387,10.2118],[104.2396,10.2117],[104.2369,10.2084]]],[[[104.0395,10.416],[104.071,10.3825],[104.0809,10.357],[104.0726,10.3384],[104.0808,10.245],[104.0316,10.1403],[104.0364,10.119],[104.018,10.0839],[104.0242,10.0738],[104.0282,10.0788],[104.0433,10.069],[104.0303,10.0313],[104.0509,10.0059],[104.0235,10.0183],[104.0093,10.0106],[104.0007,10.044],[103.9908,10.0491],[103.9672,10.181],[103.9476,10.2445],[103.9157,10.2878],[103.8922,10.2904],[103.8715,10.3076],[103.8606,10.3024],[103.8427,10.3559],[103.8325,10.3637],[103.8387,10.3779],[103.9277,10.3618],[103.947,10.4013],[103.9671,10.4096],[103.9738,10.4403],[103.9842,10.4491],[104.0059,10.4468],[104.0272,10.4165],[104.0395,10.416]]],[[[104.1959,10.2769],[104.1999,10.276],[104.198,10.2743],[104.1959,10.2769]]],[[[104.3135,10.2787],[104.3166,10.2808],[104.3172,10.2805],[104.3135,10.2787]]],[[[104.3341,10.2872],[104.3275,10.284],[104.3243,10.2837],[104.3341,10.2872]]],[[[104.3169,10.2913],[104.3121,10.2909],[104.3171,10.2927],[104.3169,10.2913]]],[[[104.3211,10.3037],[104.3174,10.3043],[104.3205,10.3061],[104.3211,10.3037]]],[[[104.3225,10.3113],[104.3223,10.3145],[104.3231,10.3141],[104.3225,10.3113]]],[[[103.84,10.3205],[103.8406,10.324],[103.842,10.3225],[103.84,10.3205]]],[[[104.3205,10.3531],[104.3191,10.3581],[104.3206,10.3611],[104.3205,10.3531]]],[[[103.81,10.3588],[103.8078,10.3591],[103.8097,10.3597],[103.81,10.3588]]],[[[104.3095,10.3641],[104.3081,10.3621],[104.306,10.363],[104.3095,10.3641]]],[[[103.8133,10.3712],[103.8115,10.3736],[103.814,10.3723],[103.8133,10.3712]]],[[[103.8346,10.3873],[103.8362,10.3886],[103.8362,10.387],[103.8346,10.3873]]],[[[104.0605,10.4028],[104.0589,10.4053],[104.0608,10.4046],[104.0605,10.4028]]],[[[104.3217,10.444],[104.3316,10.4318],[104.3154,10.4325],[104.3217,10.444]]],[[[104.2176,10.4669],[104.2152,10.4667],[104.2152,10.4679],[104.2176,10.4669]]],[[[104.1938,10.471],[104.1929,10.4732],[104.1943,10.4729],[104.1938,10.471]]],[[[104.4015,9.6311],[104.3951,9.6373],[104.406,9.6408],[104.4015,9.6311]]],[[[104.3651,9.6412],[104.3665,9.645],[104.3663,9.6401],[104.3651,9.6412]]],[[[104.3626,9.6473],[104.3596,9.6488],[104.362,9.6498],[104.3626,9.6473]]],[[[104.3993,9.6485],[104.399,9.6502],[104.4001,9.6502],[104.3993,9.6485]]],[[[104.3893,9.6455],[104.3896,9.6545],[104.392,9.6564],[104.3893,9.6455]]],[[[104.3657,9.6544],[104.3629,9.6516],[104.3616,9.6548],[104.3657,9.6544]]],[[[104.3906,9.6621],[104.3916,9.6648],[104.3912,9.6619],[104.3906,9.6621]]],[[[104.3967,9.6601],[104.401,9.6762],[104.4023,9.6664],[104.3967,9.6601]]],[[[104.3854,9.6781],[104.3872,9.6787],[104.3858,9.677],[104.3854,9.6781]]],[[[104.4019,9.6798],[104.4032,9.6822],[104.4043,9.6822],[104.4019,9.6798]]],[[[104.404,9.6843],[104.4056,9.685],[104.4045,9.6836],[104.404,9.6843]]],[[[104.3543,9.7119],[104.3623,9.6615],[104.3607,9.6592],[104.3486,9.6674],[104.3459,9.6797],[104.3553,9.6939],[104.3543,9.7119]]],[[[104.3877,9.6804],[104.394,9.6922],[104.3962,9.6914],[104.3877,9.6804]]],[[[104.3849,9.7092],[104.388,9.7025],[104.3845,9.6972],[104.383,9.7026],[104.3849,9.7092]]],[[[104.344,9.7133],[104.3446,9.7014],[104.3434,9.7148],[104.344,9.7133]]],[[[104.3654,9.712],[104.3663,9.7096],[104.3644,9.7099],[104.3654,9.712]]],[[[104.3543,9.7191],[104.352,9.7247],[104.3535,9.729],[104.3543,9.7191]]],[[[104.3415,9.7305],[104.3431,9.7322],[104.3422,9.7298],[104.3415,9.7305]]],[[[104.3622,9.7429],[104.3656,9.7389],[104.3609,9.7364],[104.3622,9.7429]]],[[[104.4979,9.972],[104.4997,9.9733],[104.4992,9.9714],[104.4979,9.972]]],[[[104.4684,10.0718],[104.471,10.0732],[104.4684,10.0714],[104.4684,10.0718]]],[[[104.5082,10.0876],[104.5043,10.0831],[104.503,10.0841],[104.5082,10.0876]]],[[[104.51,10.0893],[104.5119,10.0888],[104.5094,10.0884],[104.51,10.0893]]],[[[104.512,10.1043],[104.517,10.1036],[104.5131,10.0944],[104.512,10.1043]]],[[[104.4992,10.1117],[104.5011,10.1061],[104.4962,10.1015],[104.4992,10.1117]]],[[[104.4982,10.1268],[104.4939,10.1264],[104.4953,10.1292],[104.4982,10.1268]]],[[[104.4962,10.1342],[104.4949,10.1375],[104.4968,10.1356],[104.4962,10.1342]]],[[[104.4981,10.1372],[104.4969,10.1387],[104.4988,10.1411],[104.4981,10.1372]]],[[[104.493,10.1378],[104.4935,10.1421],[104.4953,10.1431],[104.493,10.1378]]],[[[104.5234,10.1381],[104.5195,10.1429],[104.5202,10.1437],[104.5234,10.1381]]],[[[104.3963,10.1459],[104.3981,10.1472],[104.398,10.1452],[104.3963,10.1459]]],[[[104.5053,10.1506],[104.5048,10.1527],[104.5065,10.1515],[104.5053,10.1506]]],[[[104.3409,10.2909],[104.3406,10.2974],[104.3428,10.2972],[104.3409,10.2909]]],[[[104.3523,10.2977],[104.3458,10.2969],[104.3492,10.3012],[104.3523,10.2977]]],[[[104.3282,10.3128],[104.3238,10.3217],[104.3377,10.3215],[104.3344,10.3155],[104.3282,10.3128]]],[[[104.3346,10.4016],[104.33,10.3933],[104.3268,10.3941],[104.3264,10.3974],[104.3346,10.4016]]],[[[104.4845,10.3755],[104.4429,10.3646],[104.4525,10.3999],[104.4388,10.4231],[104.4783,10.4315],[104.498,10.4046],[104.5183,10.4403],[104.5519,10.4566],[104.5599,10.4928],[104.5848,10.5061],[104.5879,10.5279],[104.5973,10.534],[104.6302,10.5293],[104.6568,10.5397],[104.6907,10.538],[104.7528,10.5191],[104.8683,10.5217],[104.9005,10.552],[104.9575,10.6391],[105.098,10.7215],[105.0925,10.7561],[105.0761,10.7784],[105.0647,10.7807],[105.0565,10.8246],[105.0288,10.8909],[105.0454,10.9013],[105.0415,10.911],[105.053,10.9168],[105.0531,10.9296],[105.0782,10.9374],[105.0811,10.9547],[105.1134,10.9624],[105.118,10.9452],[105.1005,10.9221],[105.1558,10.9239],[105.1882,10.9115],[105.192,10.8501],[105.2128,10.8364],[105.2345,10.8071],[105.2612,10.8],[105.2625,10.7703],[105.3035,10.7593],[105.3012,10.748],[105.2775,10.7325],[105.2777,10.7238],[105.3016,10.7161],[105.3387,10.7229],[105.3511,10.7139],[105.338,10.6721],[105.34,10.6461],[105.3715,10.573],[105.3943,10.5683],[105.4165,10.5501],[105.4455,10.5543],[105.4701,10.5396],[105.4923,10.5496],[105.5101,10.5481],[105.5471,10.5253],[105.5716,10.4755],[105.5742,10.4289],[105.5545,10.4343],[105.5438,10.4161],[105.522,10.4031],[105.5252,10.3772],[105.5188,10.3638],[105.4904,10.3445],[105.4969,10.325],[105.4774,10.3119],[105.4265,10.3031],[105.4412,10.2696],[105.3363,10.2344],[105.3117,10.2733],[105.3065,10.269],[105.3009,10.2767],[105.2671,10.2389],[105.2609,10.2459],[105.2565,10.2417],[105.2258,10.201],[105.3007,10.1359],[105.3116,10.147],[105.3526,10.1005],[105.3645,10.0733],[105.54,9.912],[105.5205,9.8591],[105.4769,9.8324],[105.4308,9.8157],[105.4343,9.7914],[105.4055,9.7707],[105.4147,9.7589],[105.4117,9.7499],[105.3283,9.7004],[105.3392,9.6761],[105.3566,9.6687],[105.3727,9.6723],[105.3706,9.659],[105.4053,9.6519],[105.3994,9.622],[105.3893,9.628],[105.3758,9.6126],[105.3738,9.5963],[105.3626,9.5925],[105.3492,9.5981],[105.3422,9.6124],[105.3308,9.6047],[105.3104,9.6084],[105.2953,9.6366],[105.2881,9.629],[105.2914,9.5925],[105.3103,9.573],[105.3091,9.5558],[105.324,9.5587],[105.329,9.5297],[105.3198,9.5125],[105.2994,9.5063],[105.2905,9.4562],[105.3193,9.3832],[105.2594,9.4001],[105.0041,9.558],[104.9914,9.5396],[104.9628,9.5554],[104.9458,9.5324],[104.9163,9.5613],[104.8812,9.4941],[104.8355,9.5326],[104.8583,9.7218],[104.8936,9.8427],[104.9024,9.8511],[104.9296,9.8474],[104.9547,9.8536],[105.0409,9.9388],[105.1007,9.9572],[105.0747,10.0107],[104.9923,10.0984],[104.8846,10.0898],[104.8096,10.1904],[104.7705,10.217],[104.7434,10.2258],[104.7238,10.2233],[104.6857,10.1982],[104.6446,10.1376],[104.621,10.1467],[104.6008,10.1438],[104.61,10.1612],[104.5898,10.1859],[104.5966,10.1936],[104.5855,10.2067],[104.5921,10.2174],[104.5791,10.2586],[104.552,10.2892],[104.5304,10.2791],[104.5268,10.3237],[104.4845,10.3755]],[[105.0191,10.3187],[105.09,10.2737],[105.0955,10.2707],[105.0191,10.3187]],[[105.0549,10.4368],[105.0448,10.387],[105.0304,10.3906],[105.0247,10.392],[105.0074,10.3904],[105.0039,10.3893],[105.0031,10.389],[105.0024,10.3885],[105.0009,10.3868],[104.9969,10.3783],[104.9924,10.3775],[104.9952,10.3671],[104.9971,10.3625],[104.9981,10.3517],[104.9992,10.3455],[105.0014,10.3385],[104.9973,10.3238],[105.0014,10.3385],[104.9971,10.3625],[104.9924,10.3775],[104.9969,10.3783],[105.0024,10.3885],[105.0448,10.387],[105.0457,10.3878],[105.055,10.4355],[105.0549,10.4368],[105.1136,10.435],[105.0567,10.4374],[105.0549,10.4368]],[[105.1225,10.3033],[105.1187,10.3061],[105.1225,10.3033],[105.1225,10.3033]]],[[[104.3448,10.4231],[104.3425,10.4259],[104.3446,10.4273],[104.3448,10.4231]]],[[[104.3332,10.4504],[104.3327,10.4535],[104.3345,10.4528],[104.3332,10.4504]]],[[[104.3396,10.4558],[104.3402,10.4577],[104.3411,10.4574],[104.3396,10.4558]]],[[[104.6581,9.8176],[104.6493,9.7956],[104.6147,9.7974],[104.6323,9.8211],[104.6581,9.8176]]],[[[104.8536,9.974],[104.8411,9.9524],[104.8312,9.952],[104.8296,9.9688],[104.8536,9.974]]],[[[104.5497,10.0089],[104.55,10.0105],[104.5511,10.0094],[104.5497,10.0089]]],[[[104.5449,10.0273],[104.5545,10.0399],[104.5602,10.0173],[104.5511,10.0143],[104.5449,10.0273]]],[[[104.6903,10.0777],[104.6922,10.0796],[104.6926,10.0791],[104.6903,10.0777]]],[[[104.5383,10.1155],[104.5369,10.1169],[104.5384,10.117],[104.5383,10.1155]]],[[[104.5271,10.1238],[104.5252,10.1259],[104.5259,10.1273],[104.5271,10.1238]]],[[[104.5431,10.1225],[104.5425,10.1333],[104.5465,10.1372],[104.5431,10.1225]]],[[[104.5536,10.1331],[104.5544,10.1348],[104.5555,10.134],[104.5536,10.1331]]],[[[104.5326,10.1394],[104.5319,10.1425],[104.5329,10.1393],[104.5326,10.1394]]],[[[104.5509,10.1398],[104.5491,10.1455],[104.5526,10.1458],[104.5509,10.1398]]],[[[104.5315,10.1463],[104.5306,10.1447],[104.5306,10.1464],[104.5315,10.1463]]],[[[104.5554,10.1486],[104.5493,10.1518],[104.5501,10.1536],[104.5554,10.1486]]],[[[104.5873,10.1545],[104.5892,10.152],[104.5857,10.1528],[104.5873,10.1545]]],[[[104.5247,10.1602],[104.5212,10.1479],[104.5205,10.1476],[104.5247,10.1602]]],[[[104.5809,10.153],[104.5747,10.153],[104.5715,10.1556],[104.5776,10.1569],[104.5809,10.153]]],[[[104.5313,10.1615],[104.529,10.1636],[104.5295,10.1646],[104.5313,10.1615]]],[[[104.5791,10.1718],[104.5774,10.1735],[104.5788,10.1743],[104.5791,10.1718]]],[[[104.591,10.1791],[104.5927,10.1759],[104.5917,10.1759],[104.591,10.1791]]],[[[104.5309,10.1733],[104.5238,10.1849],[104.5269,10.1885],[104.5336,10.1815],[104.5309,10.1733]]],[[[104.5233,10.242],[104.522,10.2453],[104.5228,10.2464],[104.5233,10.242]]],[[[104.5273,10.2728],[104.529,10.2736],[104.5286,10.2719],[104.5273,10.2728]]]]},"properties":{"province_code":"91","province_name":"Tỉnh An Giang","n_stations":187,"n_ports":1496,"ports_per_10k_pop":2.99,"population":4995214,"in_store":true}},{"type":"Feature","geometry":{"type":"Polygon","coordinates":[[[105.4711,9.593],[105.4491,9.5868],[105.4472,9.5963],[105.4302,9.6007],[105.4179,9.5927],[105.4152,9.6015],[105.3782,9.5863],[105.3758,9.6126],[105.3893,9.628],[105.3994,9.622],[105.4064,9.6507],[105.3706,9.659],[105.3727,9.6723],[105.3566,9.6687],[105.3392,9.6761],[105.3283,9.7004],[105.4117,9.7499],[105.4147,9.7589],[105.4055,9.7707],[105.4343,9.7914],[105.4308,9.8157],[105.4769,9.8324],[105.5205,9.8591],[105.54,9.912],[105.3645,10.0733],[105.3526,10.1005],[105.3116,10.147],[105.3007,10.1359],[105.2258,10.201],[105.2565,10.2417],[105.2609,10.2459],[105.2671,10.2389],[105.3009,10.2767],[105.3065,10.269],[105.3117,10.2733],[105.3363,10.2344],[105.4412,10.2696],[105.4265,10.3031],[105.4774,10.3119],[105.4969,10.325],[105.5965,10.2421],[105.6249,10.1864],[105.6619,10.1482],[105.7871,10.0651],[105.8633,9.9636],[105.9842,9.8819],[106.0019,9.8417],[106.1133,9.7509],[106.2248,9.6363],[106.3035,9.5805],[106.2932,9.5751],[106.2868,9.5443],[106.2626,9.505],[106.2399,9.4919],[106.2116,9.4997],[106.2029,9.4556],[106.168,9.4245],[106.1683,9.4176],[106.1906,9.4121],[106.1911,9.3781],[106.1595,9.3443],[106.1398,9.3327],[106.1397,9.3406],[106.1264,9.3328],[106.1241,9.3394],[106.102,9.3407],[105.8276,9.2455],[105.8121,9.3394],[105.8599,9.3617],[105.8569,9.3843],[105.8431,9.4036],[105.8312,9.401],[105.8307,9.3908],[105.8209,9.3938],[105.8151,9.3702],[105.7855,9.3827],[105.7777,9.3931],[105.7842,9.4029],[105.7717,9.4113],[105.7508,9.411],[105.7226,9.3908],[105.7101,9.3968],[105.7019,9.3775],[105.6854,9.3783],[105.6731,9.3908],[105.6498,9.3875],[105.6367,9.3963],[105.6421,9.402],[105.6281,9.4192],[105.6161,9.4067],[105.5876,9.4233],[105.5814,9.412],[105.5439,9.4536],[105.5554,9.5533],[105.5462,9.5864],[105.5332,9.595],[105.512,9.584],[105.5029,9.5915],[105.486,9.5855],[105.4711,9.593]]]},"properties":{"province_code":"92","province_name":"Thành phố Cần Thơ","n_stations":126,"n_ports":999,"ports_per_10k_pop":2.38,"population":4199788,"in_store":true}},{"type":"Feature","geometry":{"type":"MultiPolygon","coordinates":[[[[103.7063,8.0546],[103.7269,8.061],[103.79,8.0478],[103.7043,8.0447],[103.6899,8.0349],[103.6788,8.0432],[103.6557,8.0434],[103.6556,8.0542],[103.6732,8.06],[103.7063,8.0546]]],[[[104.8789,8.3805],[104.8785,8.3817],[104.8801,8.3818],[104.8789,8.3805]]],[[[104.8532,8.4138],[104.8516,8.4213],[104.8572,8.4188],[104.8532,8.4138]]],[[[104.8617,8.4202],[104.8615,8.4215],[104.8628,8.4215],[104.8617,8.4202]]],[[[104.8452,8.4425],[104.8386,8.4262],[104.8192,8.4265],[104.8417,8.4521],[104.8452,8.4425]]],[[[104.8431,8.4532],[104.8435,8.4548],[104.8446,8.4549],[104.8431,8.4532]]],[[[104.705,8.6447],[104.7025,8.623],[104.7076,8.5975],[104.6899,8.6251],[104.6982,8.6451],[104.705,8.6447]]],[[[104.9543,8.5885],[104.8243,8.5639],[104.804,8.5785],[104.7247,8.602],[104.7124,8.6344],[104.7169,8.6486],[104.7298,8.6553],[104.7557,8.6458],[104.7789,8.6469],[104.7963,8.6577],[104.7883,8.661],[104.794,8.6729],[104.7822,8.6947],[104.798,8.7245],[104.8203,8.7295],[104.8119,8.7719],[104.7879,8.7951],[104.7809,8.8186],[104.8045,8.9409],[104.8089,9.1777],[104.8235,9.2689],[104.8355,9.5326],[104.8812,9.4941],[104.9163,9.5613],[104.9458,9.5324],[104.9628,9.5554],[104.9914,9.5396],[105.0041,9.558],[105.2594,9.4001],[105.3193,9.3832],[105.2905,9.4562],[105.2994,9.5063],[105.3198,9.5125],[105.3293,9.5265],[105.324,9.5587],[105.3078,9.5572],[105.3107,9.5721],[105.2897,9.5967],[105.2871,9.6262],[105.2953,9.6366],[105.3104,9.6084],[105.3308,9.6047],[105.3422,9.6124],[105.353,9.595],[105.3724,9.5972],[105.3796,9.5856],[105.4152,9.6015],[105.4179,9.5927],[105.4302,9.6007],[105.4472,9.5963],[105.4491,9.5868],[105.4743,9.5933],[105.486,9.5855],[105.5034,9.5913],[105.512,9.584],[105.5296,9.5951],[105.5462,9.5864],[105.5554,9.5533],[105.5439,9.4536],[105.5814,9.412],[105.5876,9.4233],[105.6161,9.4067],[105.6281,9.4192],[105.6421,9.402],[105.6367,9.3963],[105.6498,9.3875],[105.6731,9.3908],[105.6854,9.3783],[105.7019,9.3775],[105.7101,9.3968],[105.7226,9.3908],[105.7508,9.411],[105.7717,9.4113],[105.7842,9.4029],[105.7777,9.3931],[105.7855,9.3827],[105.8151,9.3702],[105.8209,9.3938],[105.8307,9.3908],[105.8312,9.401],[105.8431,9.4036],[105.8569,9.3843],[105.8599,9.3617],[105.8121,9.3394],[105.8276,9.2455],[105.7447,9.2037],[105.5416,9.1219],[105.4775,9.0823],[105.4231,9.0205],[105.4164,9.0282],[105.3932,8.9953],[105.3798,8.9416],[105.3264,8.8369],[105.3058,8.8234],[105.2669,8.7759],[105.1785,8.7419],[105.1361,8.6946],[105.1232,8.6734],[105.1269,8.6614],[105.1064,8.6404],[105.0036,8.6022],[104.9828,8.6046],[104.9543,8.5885]]],[[[104.5599,8.8831],[104.5607,8.8812],[104.5589,8.8821],[104.5599,8.8831]]],[[[104.5668,8.882],[104.5693,8.8832],[104.57,8.8825],[104.5668,8.882]]],[[[104.5297,8.9439],[104.5223,8.9491],[104.5255,8.9555],[104.5297,8.9439]]],[[[104.8026,9.1794],[104.7997,9.1787],[104.7991,9.1799],[104.8026,9.1794]]]]},"properties":{"province_code":"96","province_name":"Tỉnh Cà Mau","n_stations":76,"n_ports":496,"ports_per_10k_pop":2.49,"population":1988464,"in_store":true}}]}